solid ASCII
  facet normal 6.704341e-16 -1.000000e+00 -2.321100e-15
    outer loop
      vertex   -1.935970e-02 -7.500000e-02 3.442147e-02
      vertex   1.276940e-02 -7.500000e-02 3.772278e-02
      vertex   -1.310158e-03 -7.500000e-02 3.963496e-02
    endloop
  endfacet
  facet normal 3.703617e-16 -1.000000e+00 5.992772e-16
    outer loop
      vertex   -1.935970e-02 -7.500000e-02 3.442147e-02
      vertex   2.713350e-02 -7.500000e-02 2.884556e-02
      vertex   1.276940e-02 -7.500000e-02 3.772278e-02
    endloop
  endfacet
  facet normal 2.628391e-16 -1.000000e+00 -2.972710e-16
    outer loop
      vertex   -3.296488e-02 -7.500000e-02 2.239214e-02
      vertex   2.713350e-02 -7.500000e-02 2.884556e-02
      vertex   -1.935970e-02 -7.500000e-02 3.442147e-02
    endloop
  endfacet
  facet normal 2.152793e-16 -1.000000e+00 1.456360e-16
    outer loop
      vertex   -3.296488e-02 -7.500000e-02 2.239214e-02
      vertex   3.707268e-02 -7.500000e-02 1.415345e-02
      vertex   2.713350e-02 -7.500000e-02 2.884556e-02
    endloop
  endfacet
  facet normal 1.871937e-16 -1.000000e+00 -9.312176e-17
    outer loop
      vertex   -3.783931e-02 -7.500000e-02 1.259355e-02
      vertex   3.707268e-02 -7.500000e-02 1.415345e-02
      vertex   -3.296488e-02 -7.500000e-02 2.239214e-02
    endloop
  endfacet
  facet normal 1.858369e-16 -1.000000e+00 -2.796537e-17
    outer loop
      vertex   -3.973417e-02 -7.500000e-02 1.692110e-06
      vertex   3.707268e-02 -7.500000e-02 1.415345e-02
      vertex   -3.783931e-02 -7.500000e-02 1.259355e-02
    endloop
  endfacet
  facet normal 1.750154e-16 -1.000000e+00 3.076690e-17
    outer loop
      vertex   -3.973417e-02 -7.500000e-02 1.692110e-06
      vertex   3.973842e-02 -7.500000e-02 -1.010395e-03
      vertex   3.707268e-02 -7.500000e-02 1.415345e-02
    endloop
  endfacet
  facet normal 1.768325e-16 -1.000000e+00 1.405873e-15
    outer loop
      vertex   2.282314e-02 -7.500000e-02 -3.232835e-02
      vertex   -1.276941e-02 -7.500000e-02 -3.772277e-02
      vertex   1.810751e-03 -7.500000e-02 -3.955669e-02
    endloop
  endfacet
  facet normal 3.088268e-16 -1.000000e+00 5.349702e-16
    outer loop
      vertex   2.282314e-02 -7.500000e-02 -3.232835e-02
      vertex   -2.586750e-02 -7.500000e-02 -3.016153e-02
      vertex   -1.276941e-02 -7.500000e-02 -3.772277e-02
    endloop
  endfacet
  facet normal 2.744928e-16 -1.000000e+00 -2.365478e-16
    outer loop
      vertex   3.541183e-02 -7.500000e-02 -1.772031e-02
      vertex   -2.586750e-02 -7.500000e-02 -3.016153e-02
      vertex   2.282314e-02 -7.500000e-02 -3.232835e-02
    endloop
  endfacet
  facet normal 1.967528e-16 -1.000000e+00 1.463609e-16
    outer loop
      vertex   3.541183e-02 -7.500000e-02 -1.772031e-02
      vertex   -3.611869e-02 -7.500000e-02 -1.638087e-02
      vertex   -2.586750e-02 -7.500000e-02 -3.016153e-02
    endloop
  endfacet
  facet normal 1.948172e-16 -1.000000e+00 4.299441e-17
    outer loop
      vertex   3.541183e-02 -7.500000e-02 -1.772031e-02
      vertex   -3.973417e-02 -7.500000e-02 1.692110e-06
      vertex   -3.611869e-02 -7.500000e-02 -1.638087e-02
    endloop
  endfacet
  facet normal 1.740497e-16 -1.000000e+00 -4.506558e-17
    outer loop
      vertex   3.973842e-02 -7.500000e-02 -1.010395e-03
      vertex   -3.973417e-02 -7.500000e-02 1.692110e-06
      vertex   3.541183e-02 -7.500000e-02 -1.772031e-02
    endloop
  endfacet
  facet normal -0.000000e+00 1.000000e+00 0.000000e+00
    outer loop
      vertex   -1.207261e-02 -6.500000e-02 -3.787542e-02
      vertex   2.069784e-02 -6.500000e-02 -3.408827e-02
      vertex   4.575081e-03 -6.500000e-02 -3.932295e-02
    endloop
  endfacet
  facet normal 0.000000e+00 1.000000e+00 0.000000e+00
    outer loop
      vertex   -2.777246e-02 -6.500000e-02 -2.819057e-02
      vertex   2.069784e-02 -6.500000e-02 -3.408827e-02
      vertex   -1.207261e-02 -6.500000e-02 -3.787542e-02
    endloop
  endfacet
  facet normal -0.000000e+00 1.000000e+00 0.000000e+00
    outer loop
      vertex   -2.777246e-02 -6.500000e-02 -2.819057e-02
      vertex   3.017231e-02 -6.500000e-02 -2.588038e-02
      vertex   2.069784e-02 -6.500000e-02 -3.408827e-02
    endloop
  endfacet
  facet normal 0.000000e+00 1.000000e+00 0.000000e+00
    outer loop
      vertex   -3.705996e-02 -6.500000e-02 -1.457922e-02
      vertex   3.017231e-02 -6.500000e-02 -2.588038e-02
      vertex   -2.777246e-02 -6.500000e-02 -2.819057e-02
    endloop
  endfacet
  facet normal -0.000000e+00 1.000000e+00 0.000000e+00
    outer loop
      vertex   -3.705996e-02 -6.500000e-02 -1.457922e-02
      vertex   3.724068e-02 -6.500000e-02 -1.432333e-02
      vertex   3.017231e-02 -6.500000e-02 -2.588038e-02
    endloop
  endfacet
  facet normal 0.000000e+00 1.000000e+00 0.000000e+00
    outer loop
      vertex   -3.705996e-02 -6.500000e-02 -1.457922e-02
      vertex   3.960389e-02 -6.500000e-02 -3.749572e-03
      vertex   3.724068e-02 -6.500000e-02 -1.432333e-02
    endloop
  endfacet
  facet normal -0.000000e+00 1.000000e+00 0.000000e+00
    outer loop
      vertex   -3.965136e-02 -6.500000e-02 -4.467765e-03
      vertex   3.960389e-02 -6.500000e-02 -3.749572e-03
      vertex   -3.705996e-02 -6.500000e-02 -1.457922e-02
    endloop
  endfacet
  facet normal 0.000000e+00 1.000000e+00 0.000000e+00
    outer loop
      vertex   1.429744e-02 -6.500000e-02 3.717053e-02
      vertex   -1.580168e-02 -6.500000e-02 3.655643e-02
      vertex   -9.086990e-04 -6.500000e-02 3.961409e-02
    endloop
  endfacet
  facet normal 0.000000e+00 1.000000e+00 0.000000e+00
    outer loop
      vertex   2.713203e-02 -6.500000e-02 2.884695e-02
      vertex   -1.580168e-02 -6.500000e-02 3.655643e-02
      vertex   1.429744e-02 -6.500000e-02 3.717053e-02
    endloop
  endfacet
  facet normal 0.000000e+00 1.000000e+00 0.000000e+00
    outer loop
      vertex   2.713203e-02 -6.500000e-02 2.884695e-02
      vertex   -2.707957e-02 -6.500000e-02 2.908959e-02
      vertex   -1.580168e-02 -6.500000e-02 3.655643e-02
    endloop
  endfacet
  facet normal 0.000000e+00 1.000000e+00 0.000000e+00
    outer loop
      vertex   2.713203e-02 -6.500000e-02 2.884695e-02
      vertex   -3.487349e-02 -6.500000e-02 1.950674e-02
      vertex   -2.707957e-02 -6.500000e-02 2.908959e-02
    endloop
  endfacet
  facet normal 0.000000e+00 1.000000e+00 0.000000e+00
    outer loop
      vertex   3.781003e-02 -6.500000e-02 1.183273e-02
      vertex   -3.487349e-02 -6.500000e-02 1.950674e-02
      vertex   2.713203e-02 -6.500000e-02 2.884695e-02
    endloop
  endfacet
  facet normal 0.000000e+00 1.000000e+00 0.000000e+00
    outer loop
      vertex   3.781003e-02 -6.500000e-02 1.183273e-02
      vertex   -3.901748e-02 -6.500000e-02 7.654445e-03
      vertex   -3.487349e-02 -6.500000e-02 1.950674e-02
    endloop
  endfacet
  facet normal 0.000000e+00 1.000000e+00 0.000000e+00
    outer loop
      vertex   3.960389e-02 -6.500000e-02 -3.749572e-03
      vertex   -3.901748e-02 -6.500000e-02 7.654445e-03
      vertex   3.781003e-02 -6.500000e-02 1.183273e-02
    endloop
  endfacet
  facet normal 0.000000e+00 1.000000e+00 0.000000e+00
    outer loop
      vertex   3.960389e-02 -6.500000e-02 -3.749572e-03
      vertex   -3.965136e-02 -6.500000e-02 -4.467765e-03
      vertex   -3.901748e-02 -6.500000e-02 7.654445e-03
    endloop
  endfacet
  facet normal 9.924480e-01 4.464666e-02 1.142523e-01
    outer loop
      vertex   3.781003e-02 -6.500000e-02 1.183273e-02
      vertex   3.973842e-02 -7.500000e-02 -1.010395e-03
      vertex   3.960389e-02 -6.500000e-02 -3.749572e-03
    endloop
  endfacet
  facet normal 9.843793e-01 -3.242309e-02 1.730494e-01
    outer loop
      vertex   3.781003e-02 -6.500000e-02 1.183273e-02
      vertex   3.707268e-02 -7.500000e-02 1.415345e-02
      vertex   3.973842e-02 -7.500000e-02 -1.010395e-03
    endloop
  endfacet
  facet normal 8.454429e-01 6.079739e-02 5.305939e-01
    outer loop
      vertex   2.713203e-02 -6.500000e-02 2.884695e-02
      vertex   3.707268e-02 -7.500000e-02 1.415345e-02
      vertex   3.781003e-02 -6.500000e-02 1.183273e-02
    endloop
  endfacet
  facet normal 8.282730e-01 4.428951e-05 5.603248e-01
    outer loop
      vertex   2.713203e-02 -6.500000e-02 2.884695e-02
      vertex   2.713350e-02 -7.500000e-02 2.884556e-02
      vertex   3.707268e-02 -7.500000e-02 1.415345e-02
    endloop
  endfacet
  facet normal 5.441195e-01 -3.624837e-05 8.390078e-01
    outer loop
      vertex   1.429744e-02 -6.500000e-02 3.717053e-02
      vertex   2.713350e-02 -7.500000e-02 2.884556e-02
      vertex   2.713203e-02 -6.500000e-02 2.884695e-02
    endloop
  endfacet
  facet normal 5.254266e-01 -3.333598e-02 8.501856e-01
    outer loop
      vertex   1.429744e-02 -6.500000e-02 3.717053e-02
      vertex   1.276940e-02 -7.500000e-02 3.772278e-02
      vertex   2.713350e-02 -7.500000e-02 2.884556e-02
    endloop
  endfacet
  facet normal 1.585870e-01 3.026730e-02 9.868810e-01
    outer loop
      vertex   -9.086990e-04 -6.500000e-02 3.961409e-02
      vertex   1.276940e-02 -7.500000e-02 3.772278e-02
      vertex   1.429744e-02 -6.500000e-02 3.717053e-02
    endloop
  endfacet
  facet normal 1.345765e-01 -3.334101e-03 9.908976e-01
    outer loop
      vertex   -9.086990e-04 -6.500000e-02 3.961409e-02
      vertex   -1.310158e-03 -7.500000e-02 3.963496e-02
      vertex   1.276940e-02 -7.500000e-02 3.772278e-02
    endloop
  endfacet
  facet normal -2.011034e-01 1.011831e-02 9.795178e-01
    outer loop
      vertex   -1.580168e-02 -6.500000e-02 3.655643e-02
      vertex   -1.310158e-03 -7.500000e-02 3.963496e-02
      vertex   -9.086990e-04 -6.500000e-02 3.961409e-02
    endloop
  endfacet
  facet normal -2.759423e-01 -1.057791e-01 9.553359e-01
    outer loop
      vertex   -1.580168e-02 -6.500000e-02 3.655643e-02
      vertex   -1.935970e-02 -7.500000e-02 3.442147e-02
      vertex   -1.310158e-03 -7.500000e-02 3.963496e-02
    endloop
  endfacet
  facet normal -5.519546e-01 1.840161e-02 8.336711e-01
    outer loop
      vertex   -2.707957e-02 -6.500000e-02 2.908959e-02
      vertex   -1.935970e-02 -7.500000e-02 3.442147e-02
      vertex   -1.580168e-02 -6.500000e-02 3.655643e-02
    endloop
  endfacet
  facet normal -6.582787e-01 -1.112172e-01 7.445132e-01
    outer loop
      vertex   -2.707957e-02 -6.500000e-02 2.908959e-02
      vertex   -3.296488e-02 -7.500000e-02 2.239214e-02
      vertex   -1.935970e-02 -7.500000e-02 3.442147e-02
    endloop
  endfacet
  facet normal -7.753553e-01 3.397150e-02 6.306109e-01
    outer loop
      vertex   -3.487349e-02 -6.500000e-02 1.950674e-02
      vertex   -3.296488e-02 -7.500000e-02 2.239214e-02
      vertex   -2.707957e-02 -6.500000e-02 2.908959e-02
    endloop
  endfacet
  facet normal -8.945316e-01 -4.233198e-02 4.449957e-01
    outer loop
      vertex   -3.487349e-02 -6.500000e-02 1.950674e-02
      vertex   -3.783931e-02 -7.500000e-02 1.259355e-02
      vertex   -3.296488e-02 -7.500000e-02 2.239214e-02
    endloop
  endfacet
  facet normal -9.427016e-01 5.172784e-02 3.296026e-01
    outer loop
      vertex   -3.901748e-02 -6.500000e-02 7.654445e-03
      vertex   -3.783931e-02 -7.500000e-02 1.259355e-02
      vertex   -3.487349e-02 -6.500000e-02 1.950674e-02
    endloop
  endfacet
  facet normal -9.879529e-01 -4.296770e-02 1.486705e-01
    outer loop
      vertex   -3.901748e-02 -6.500000e-02 7.654445e-03
      vertex   -3.973417e-02 -7.500000e-02 1.692110e-06
      vertex   -3.783931e-02 -7.500000e-02 1.259355e-02
    endloop
  endfacet
  facet normal -9.981371e-01 3.159384e-02 5.219328e-02
    outer loop
      vertex   -3.965136e-02 -6.500000e-02 -4.467765e-03
      vertex   -3.973417e-02 -7.500000e-02 1.692110e-06
      vertex   -3.901748e-02 -6.500000e-02 7.654445e-03
    endloop
  endfacet
  facet normal -9.727237e-01 -8.789063e-02 -2.146714e-01
    outer loop
      vertex   -3.965136e-02 -6.500000e-02 -4.467765e-03
      vertex   -3.611869e-02 -7.500000e-02 -1.638087e-02
      vertex   -3.973417e-02 -7.500000e-02 1.692110e-06
    endloop
  endfacet
  facet normal -9.676499e-01 -4.640199e-02 -2.479929e-01
    outer loop
      vertex   -3.705996e-02 -6.500000e-02 -1.457922e-02
      vertex   -3.611869e-02 -7.500000e-02 -1.638087e-02
      vertex   -3.965136e-02 -6.500000e-02 -4.467765e-03
    endloop
  endfacet
  facet normal -8.257952e-01 2.378802e-02 -5.634682e-01
    outer loop
      vertex   -2.777246e-02 -6.500000e-02 -2.819057e-02
      vertex   -3.611869e-02 -7.500000e-02 -1.638087e-02
      vertex   -3.705996e-02 -6.500000e-02 -1.457922e-02
    endloop
  endfacet
  facet normal -8.018531e-01 -3.518572e-02 -5.964843e-01
    outer loop
      vertex   -2.777246e-02 -6.500000e-02 -2.819057e-02
      vertex   -2.586750e-02 -7.500000e-02 -3.016153e-02
      vertex   -3.611869e-02 -7.500000e-02 -1.638087e-02
    endloop
  endfacet
  facet normal -4.985362e-01 7.524188e-02 -8.635973e-01
    outer loop
      vertex   -2.777246e-02 -6.500000e-02 -2.819057e-02
      vertex   -1.276941e-02 -7.500000e-02 -3.772277e-02
      vertex   -2.586750e-02 -7.500000e-02 -3.016153e-02
    endloop
  endfacet
  facet normal -5.248709e-01 2.358558e-02 -8.508550e-01
    outer loop
      vertex   -1.207261e-02 -6.500000e-02 -3.787542e-02
      vertex   -1.276941e-02 -7.500000e-02 -3.772277e-02
      vertex   -2.777246e-02 -6.500000e-02 -2.819057e-02
    endloop
  endfacet
  facet normal -1.247954e-01 -6.448678e-03 -9.921615e-01
    outer loop
      vertex   -1.207261e-02 -6.500000e-02 -3.787542e-02
      vertex   1.810751e-03 -7.500000e-02 -3.955669e-02
      vertex   -1.276941e-02 -7.500000e-02 -3.772277e-02
    endloop
  endfacet
  facet normal -8.652758e-02 4.717925e-02 -9.951317e-01
    outer loop
      vertex   4.575081e-03 -6.500000e-02 -3.932295e-02
      vertex   1.810751e-03 -7.500000e-02 -3.955669e-02
      vertex   -1.207261e-02 -6.500000e-02 -3.787542e-02
    endloop
  endfacet
  facet normal 3.245485e-01 -6.766383e-02 -9.434458e-01
    outer loop
      vertex   4.575081e-03 -6.500000e-02 -3.932295e-02
      vertex   2.282314e-02 -7.500000e-02 -3.232835e-02
      vertex   1.810751e-03 -7.500000e-02 -3.955669e-02
    endloop
  endfacet
  facet normal 3.072212e-01 -1.012358e-01 -9.462380e-01
    outer loop
      vertex   2.069784e-02 -6.500000e-02 -3.408827e-02
      vertex   2.282314e-02 -7.500000e-02 -3.232835e-02
      vertex   4.575081e-03 -6.500000e-02 -3.932295e-02
    endloop
  endfacet
  facet normal 6.547669e-01 6.142720e-03 -7.558059e-01
    outer loop
      vertex   3.017231e-02 -6.500000e-02 -2.588038e-02
      vertex   2.282314e-02 -7.500000e-02 -3.232835e-02
      vertex   2.069784e-02 -6.500000e-02 -3.408827e-02
    endloop
  endfacet
  facet normal 7.506357e-01 -1.345542e-01 -6.468704e-01
    outer loop
      vertex   3.017231e-02 -6.500000e-02 -2.588038e-02
      vertex   3.541183e-02 -7.500000e-02 -1.772031e-02
      vertex   2.282314e-02 -7.500000e-02 -3.232835e-02
    endloop
  endfacet
  facet normal 8.529017e-01 2.121694e-02 -5.216403e-01
    outer loop
      vertex   3.724068e-02 -6.500000e-02 -1.432333e-02
      vertex   3.541183e-02 -7.500000e-02 -1.772031e-02
      vertex   3.017231e-02 -6.500000e-02 -2.588038e-02
    endloop
  endfacet
  facet normal 9.706485e-01 -1.038238e-01 -2.169381e-01
    outer loop
      vertex   3.960389e-02 -6.500000e-02 -3.749572e-03
      vertex   3.541183e-02 -7.500000e-02 -1.772031e-02
      vertex   3.724068e-02 -6.500000e-02 -1.432333e-02
    endloop
  endfacet
  facet normal 9.665809e-01 -5.555061e-02 -2.502707e-01
    outer loop
      vertex   3.960389e-02 -6.500000e-02 -3.749572e-03
      vertex   3.973842e-02 -7.500000e-02 -1.010395e-03
      vertex   3.541183e-02 -7.500000e-02 -1.772031e-02
    endloop
  endfacet
  facet normal -0.000000e+00 1.000000e+00 0.000000e+00
    outer loop
      vertex   -1.026329e-02 7.499999e-02 -3.838298e-02
      vertex   1.929020e-02 7.499999e-02 -3.490413e-02
      vertex   6.746559e-03 7.499999e-02 -3.907852e-02
    endloop
  endfacet
  facet normal 0.000000e+00 1.000000e+00 0.000000e+00
    outer loop
      vertex   -2.443628e-02 7.499999e-02 -3.145933e-02
      vertex   1.929020e-02 7.499999e-02 -3.490413e-02
      vertex   -1.026329e-02 7.499999e-02 -3.838298e-02
    endloop
  endfacet
  facet normal -0.000000e+00 1.000000e+00 0.000000e+00
    outer loop
      vertex   -2.443628e-02 7.499999e-02 -3.145933e-02
      vertex   3.055470e-02 7.499999e-02 -2.540108e-02
      vertex   1.929020e-02 7.499999e-02 -3.490413e-02
    endloop
  endfacet
  facet normal 0.000000e+00 1.000000e+00 0.000000e+00
    outer loop
      vertex   -3.503929e-02 7.499999e-02 -1.855595e-02
      vertex   3.055470e-02 7.499999e-02 -2.540108e-02
      vertex   -2.443628e-02 7.499999e-02 -3.145933e-02
    endloop
  endfacet
  facet normal -0.000000e+00 1.000000e+00 0.000000e+00
    outer loop
      vertex   -3.503929e-02 7.499999e-02 -1.855595e-02
      vertex   3.755056e-02 7.499999e-02 -1.324581e-02
      vertex   3.055470e-02 7.499999e-02 -2.540108e-02
    endloop
  endfacet
  facet normal 0.000000e+00 1.000000e+00 0.000000e+00
    outer loop
      vertex   -3.972818e-02 7.499999e-02 -2.535227e-03
      vertex   3.755056e-02 7.499999e-02 -1.324581e-02
      vertex   -3.503929e-02 7.499999e-02 -1.855595e-02
    endloop
  endfacet
  facet normal -0.000000e+00 1.000000e+00 0.000000e+00
    outer loop
      vertex   -3.972818e-02 7.499999e-02 -2.535227e-03
      vertex   3.978808e-02 7.499999e-02 1.017000e-03
      vertex   3.755056e-02 7.499999e-02 -1.324581e-02
    endloop
  endfacet
  facet normal 0.000000e+00 1.000000e+00 0.000000e+00
    outer loop
      vertex   2.286130e-02 7.499999e-02 3.205426e-02
      vertex   -1.500489e-02 7.499999e-02 3.676528e-02
      vertex   2.320461e-03 7.499999e-02 3.951104e-02
    endloop
  endfacet
  facet normal 0.000000e+00 1.000000e+00 0.000000e+00
    outer loop
      vertex   2.286130e-02 7.499999e-02 3.205426e-02
      vertex   -2.787213e-02 7.499999e-02 2.844661e-02
      vertex   -1.500489e-02 7.499999e-02 3.676528e-02
    endloop
  endfacet
  facet normal 0.000000e+00 1.000000e+00 0.000000e+00
    outer loop
      vertex   2.286130e-02 7.499999e-02 3.205426e-02
      vertex   -3.698702e-02 7.499999e-02 1.390362e-02
      vertex   -2.787213e-02 7.499999e-02 2.844661e-02
    endloop
  endfacet
  facet normal 0.000000e+00 1.000000e+00 0.000000e+00
    outer loop
      vertex   3.603255e-02 7.499999e-02 1.656950e-02
      vertex   -3.698702e-02 7.499999e-02 1.390362e-02
      vertex   2.286130e-02 7.499999e-02 3.205426e-02
    endloop
  endfacet
  facet normal 0.000000e+00 1.000000e+00 0.000000e+00
    outer loop
      vertex   3.978808e-02 7.499999e-02 1.017000e-03
      vertex   -3.698702e-02 7.499999e-02 1.390362e-02
      vertex   3.603255e-02 7.499999e-02 1.656950e-02
    endloop
  endfacet
  facet normal 0.000000e+00 1.000000e+00 0.000000e+00
    outer loop
      vertex   3.978808e-02 7.499999e-02 1.017000e-03
      vertex   -3.972818e-02 7.499999e-02 -2.535227e-03
      vertex   -3.698702e-02 7.499999e-02 1.390362e-02
    endloop
  endfacet
  facet normal 0.000000e+00 -1.000000e+00 0.000000e+00
    outer loop
      vertex   -8.068132e-03 6.499999e-02 3.899962e-02
      vertex   1.961004e-02 6.499999e-02 3.434924e-02
      vertex   4.862461e-03 6.499999e-02 3.952748e-02
    endloop
  endfacet
  facet normal 0.000000e+00 -1.000000e+00 0.000000e+00
    outer loop
      vertex   -2.046036e-02 6.499999e-02 3.409293e-02
      vertex   1.961004e-02 6.499999e-02 3.434924e-02
      vertex   -8.068132e-03 6.499999e-02 3.899962e-02
    endloop
  endfacet
  facet normal 0.000000e+00 -1.000000e+00 0.000000e+00
    outer loop
      vertex   -3.155582e-02 6.499999e-02 2.438525e-02
      vertex   1.961004e-02 6.499999e-02 3.434924e-02
      vertex   -2.046036e-02 6.499999e-02 3.409293e-02
    endloop
  endfacet
  facet normal 0.000000e+00 -1.000000e+00 0.000000e+00
    outer loop
      vertex   -3.155582e-02 6.499999e-02 2.438525e-02
      vertex   3.503401e-02 6.499999e-02 1.832856e-02
      vertex   1.961004e-02 6.499999e-02 3.434924e-02
    endloop
  endfacet
  facet normal 0.000000e+00 -1.000000e+00 0.000000e+00
    outer loop
      vertex   -3.756381e-02 6.499999e-02 1.303839e-02
      vertex   3.503401e-02 6.499999e-02 1.832856e-02
      vertex   -3.155582e-02 6.499999e-02 2.438525e-02
    endloop
  endfacet
  facet normal 0.000000e+00 -1.000000e+00 0.000000e+00
    outer loop
      vertex   -3.756381e-02 6.499999e-02 1.303839e-02
      vertex   3.977152e-02 6.499999e-02 6.079333e-04
      vertex   3.503401e-02 6.499999e-02 1.832856e-02
    endloop
  endfacet
  facet normal 0.000000e+00 -1.000000e+00 0.000000e+00
    outer loop
      vertex   -3.990019e-02 6.499999e-02 4.068654e-04
      vertex   3.977152e-02 6.499999e-02 6.079333e-04
      vertex   -3.756381e-02 6.499999e-02 1.303839e-02
    endloop
  endfacet
  facet normal 0.000000e+00 -1.000000e+00 0.000000e+00
    outer loop
      vertex   1.993685e-02 6.499999e-02 -3.439018e-02
      vertex   -6.958570e-03 6.499999e-02 -3.914866e-02
      vertex   6.470680e-03 6.499999e-02 -3.929626e-02
    endloop
  endfacet
  facet normal 0.000000e+00 -1.000000e+00 0.000000e+00
    outer loop
      vertex   1.993685e-02 6.499999e-02 -3.439018e-02
      vertex   -1.891917e-02 6.499999e-02 -3.507358e-02
      vertex   -6.958570e-03 6.499999e-02 -3.914866e-02
    endloop
  endfacet
  facet normal -0.000000e+00 -1.000000e+00 0.000000e+00
    outer loop
      vertex   1.993685e-02 6.499999e-02 -3.439018e-02
      vertex   -2.960118e-02 6.499999e-02 -2.645717e-02
      vertex   -1.891917e-02 6.499999e-02 -3.507358e-02
    endloop
  endfacet
  facet normal 0.000000e+00 -1.000000e+00 0.000000e+00
    outer loop
      vertex   3.200436e-02 6.499999e-02 -2.338390e-02
      vertex   -2.960118e-02 6.499999e-02 -2.645717e-02
      vertex   1.993685e-02 6.499999e-02 -3.439018e-02
    endloop
  endfacet
  facet normal -0.000000e+00 -1.000000e+00 0.000000e+00
    outer loop
      vertex   3.200436e-02 6.499999e-02 -2.338390e-02
      vertex   -3.826374e-02 6.499999e-02 -1.080926e-02
      vertex   -2.960118e-02 6.499999e-02 -2.645717e-02
    endloop
  endfacet
  facet normal -0.000000e+00 -1.000000e+00 0.000000e+00
    outer loop
      vertex   3.832149e-02 6.499999e-02 -1.103965e-02
      vertex   -3.826374e-02 6.499999e-02 -1.080926e-02
      vertex   3.200436e-02 6.499999e-02 -2.338390e-02
    endloop
  endfacet
  facet normal 0.000000e+00 -1.000000e+00 0.000000e+00
    outer loop
      vertex   3.977152e-02 6.499999e-02 6.079333e-04
      vertex   -3.826374e-02 6.499999e-02 -1.080926e-02
      vertex   3.832149e-02 6.499999e-02 -1.103965e-02
    endloop
  endfacet
  facet normal 0.000000e+00 -1.000000e+00 0.000000e+00
    outer loop
      vertex   3.977152e-02 6.499999e-02 6.079333e-04
      vertex   -3.990019e-02 6.499999e-02 4.068654e-04
      vertex   -3.826374e-02 6.499999e-02 -1.080926e-02
    endloop
  endfacet
  facet normal 9.923340e-01 3.410650e-03 -1.235382e-01
    outer loop
      vertex   3.832149e-02 6.499999e-02 -1.103965e-02
      vertex   3.978808e-02 7.499999e-02 1.017000e-03
      vertex   3.977152e-02 6.499999e-02 6.079333e-04
    endloop
  endfacet
  facet normal 9.870484e-01 4.193226e-02 -1.548458e-01
    outer loop
      vertex   3.832149e-02 6.499999e-02 -1.103965e-02
      vertex   3.755056e-02 7.499999e-02 -1.324581e-02
      vertex   3.978808e-02 7.499999e-02 1.017000e-03
    endloop
  endfacet
  facet normal 8.897535e-01 -3.185958e-02 -4.553281e-01
    outer loop
      vertex   3.200436e-02 6.499999e-02 -2.338390e-02
      vertex   3.755056e-02 7.499999e-02 -1.324581e-02
      vertex   3.832149e-02 6.499999e-02 -1.103965e-02
    endloop
  endfacet
  facet normal 8.664321e-01 2.501313e-02 -4.986679e-01
    outer loop
      vertex   3.200436e-02 6.499999e-02 -2.338390e-02
      vertex   3.055470e-02 7.499999e-02 -2.540108e-02
      vertex   3.755056e-02 7.499999e-02 -1.324581e-02
    endloop
  endfacet
  facet normal 6.729858e-01 -5.128274e-02 -7.378755e-01
    outer loop
      vertex   1.993685e-02 6.499999e-02 -3.439018e-02
      vertex   3.055470e-02 7.499999e-02 -2.540108e-02
      vertex   3.200436e-02 6.499999e-02 -2.338390e-02
    endloop
  endfacet
  facet normal 6.448148e-01 2.413486e-03 -7.643350e-01
    outer loop
      vertex   1.993685e-02 6.499999e-02 -3.439018e-02
      vertex   1.929020e-02 7.499999e-02 -3.490413e-02
      vertex   3.055470e-02 7.499999e-02 -2.540108e-02
    endloop
  endfacet
  facet normal 3.156361e-01 -2.833585e-02 -9.484571e-01
    outer loop
      vertex   1.993685e-02 6.499999e-02 -3.439018e-02
      vertex   6.746559e-03 7.499999e-02 -3.907852e-02
      vertex   1.929020e-02 7.499999e-02 -3.490413e-02
    endloop
  endfacet
  facet normal 3.422946e-01 1.101370e-02 -9.395281e-01
    outer loop
      vertex   6.470680e-03 6.499999e-02 -3.929626e-02
      vertex   6.746559e-03 7.499999e-02 -3.907852e-02
      vertex   1.993685e-02 6.499999e-02 -3.439018e-02
    endloop
  endfacet
  facet normal -1.098707e-02 2.207007e-02 -9.996961e-01
    outer loop
      vertex   -6.958570e-03 6.499999e-02 -3.914866e-02
      vertex   6.746559e-03 7.499999e-02 -3.907852e-02
      vertex   6.470680e-03 6.499999e-02 -3.929626e-02
    endloop
  endfacet
  facet normal -4.077570e-02 6.287818e-02 -9.971879e-01
    outer loop
      vertex   -6.958570e-03 6.499999e-02 -3.914866e-02
      vertex   -1.026329e-02 7.499999e-02 -3.838298e-02
      vertex   6.746559e-03 7.499999e-02 -3.907852e-02
    endloop
  endfacet
  facet normal -3.223170e-01 -3.408134e-02 -9.460181e-01
    outer loop
      vertex   -1.891917e-02 6.499999e-02 -3.507358e-02
      vertex   -1.026329e-02 7.499999e-02 -3.838298e-02
      vertex   -6.958570e-03 6.499999e-02 -3.914866e-02
    endloop
  endfacet
  facet normal -4.374461e-01 8.230129e-02 -8.954705e-01
    outer loop
      vertex   -1.891917e-02 6.499999e-02 -3.507358e-02
      vertex   -2.443628e-02 7.499999e-02 -3.145933e-02
      vertex   -1.026329e-02 7.499999e-02 -3.838298e-02
    endloop
  endfacet
  facet normal -6.265104e-01 -6.493287e-02 -7.767036e-01
    outer loop
      vertex   -2.960118e-02 6.499999e-02 -2.645717e-02
      vertex   -2.443628e-02 7.499999e-02 -3.145933e-02
      vertex   -1.891917e-02 6.499999e-02 -3.507358e-02
    endloop
  endfacet
  facet normal -7.700629e-01 8.120401e-02 -6.327788e-01
    outer loop
      vertex   -2.960118e-02 6.499999e-02 -2.645717e-02
      vertex   -3.503929e-02 7.499999e-02 -1.855595e-02
      vertex   -2.443628e-02 7.499999e-02 -3.145933e-02
    endloop
  endfacet
  facet normal -8.711191e-01 -9.269188e-02 -4.822445e-01
    outer loop
      vertex   -3.826374e-02 6.499999e-02 -1.080926e-02
      vertex   -3.503929e-02 7.499999e-02 -1.855595e-02
      vertex   -2.960118e-02 6.499999e-02 -2.645717e-02
    endloop
  endfacet
  facet normal -9.557149e-01 9.147855e-02 -2.797155e-01
    outer loop
      vertex   -3.826374e-02 6.499999e-02 -1.080926e-02
      vertex   -3.972818e-02 7.499999e-02 -2.535227e-03
      vertex   -3.503929e-02 7.499999e-02 -1.855595e-02
    endloop
  endfacet
  facet normal -9.892029e-01 -2.544729e-02 -1.443260e-01
    outer loop
      vertex   -3.990019e-02 6.499999e-02 4.068654e-04
      vertex   -3.972818e-02 7.499999e-02 -2.535227e-03
      vertex   -3.826374e-02 6.499999e-02 -1.080926e-02
    endloop
  endfacet
  facet normal -9.842807e-01 6.521809e-02 1.641281e-01
    outer loop
      vertex   -3.990019e-02 6.499999e-02 4.068654e-04
      vertex   -3.698702e-02 7.499999e-02 1.390362e-02
      vertex   -3.972818e-02 7.499999e-02 -2.535227e-03
    endloop
  endfacet
  facet normal -9.824963e-01 4.094604e-02 1.817265e-01
    outer loop
      vertex   -3.756381e-02 6.499999e-02 1.303839e-02
      vertex   -3.698702e-02 7.499999e-02 1.390362e-02
      vertex   -3.990019e-02 6.499999e-02 4.068654e-04
    endloop
  endfacet
  facet normal -8.837128e-01 1.048663e-02 4.679122e-01
    outer loop
      vertex   -3.155582e-02 6.499999e-02 2.438525e-02
      vertex   -3.698702e-02 7.499999e-02 1.390362e-02
      vertex   -3.756381e-02 6.499999e-02 1.303839e-02
    endloop
  endfacet
  facet normal -8.434160e-01 9.599886e-02 5.286148e-01
    outer loop
      vertex   -3.155582e-02 6.499999e-02 2.438525e-02
      vertex   -2.787213e-02 7.499999e-02 2.844661e-02
      vertex   -3.698702e-02 7.499999e-02 1.390362e-02
    endloop
  endfacet
  facet normal -6.571650e-01 -6.297412e-02 7.511114e-01
    outer loop
      vertex   -2.046036e-02 6.499999e-02 3.409293e-02
      vertex   -2.787213e-02 7.499999e-02 2.844661e-02
      vertex   -3.155582e-02 6.499999e-02 2.438525e-02
    endloop
  endfacet
  facet normal -5.415279e-01 7.158449e-02 8.376295e-01
    outer loop
      vertex   -2.046036e-02 6.499999e-02 3.409293e-02
      vertex   -1.500489e-02 7.499999e-02 3.676528e-02
      vertex   -2.787213e-02 7.499999e-02 2.844661e-02
    endloop
  endfacet
  facet normal -3.677248e-01 -4.757494e-02 9.287169e-01
    outer loop
      vertex   -8.068132e-03 6.499999e-02 3.899962e-02
      vertex   -1.500489e-02 7.499999e-02 3.676528e-02
      vertex   -2.046036e-02 6.499999e-02 3.409293e-02
    endloop
  endfacet
  facet normal -1.555539e-01 1.114022e-01 9.815256e-01
    outer loop
      vertex   -8.068132e-03 6.499999e-02 3.899962e-02
      vertex   2.320461e-03 7.499999e-02 3.951104e-02
      vertex   -1.500489e-02 7.499999e-02 3.676528e-02
    endloop
  endfacet
  facet normal -4.078694e-02 -8.724860e-03 9.991298e-01
    outer loop
      vertex   4.862461e-03 6.499999e-02 3.952748e-02
      vertex   2.320461e-03 7.499999e-02 3.951104e-02
      vertex   -8.068132e-03 6.499999e-02 3.899962e-02
    endloop
  endfacet
  facet normal 3.300843e-01 8.545347e-02 9.400756e-01
    outer loop
      vertex   1.961004e-02 6.499999e-02 3.434924e-02
      vertex   2.320461e-03 7.499999e-02 3.951104e-02
      vertex   4.862461e-03 6.499999e-02 3.952748e-02
    endloop
  endfacet
  facet normal 3.393752e-01 1.042089e-01 9.348609e-01
    outer loop
      vertex   1.961004e-02 6.499999e-02 3.434924e-02
      vertex   2.286130e-02 7.499999e-02 3.205426e-02
      vertex   2.320461e-03 7.499999e-02 3.951104e-02
    endloop
  endfacet
  facet normal 7.183752e-01 -7.483754e-02 6.916187e-01
    outer loop
      vertex   3.503401e-02 6.499999e-02 1.832856e-02
      vertex   2.286130e-02 7.499999e-02 3.205426e-02
      vertex   1.961004e-02 6.499999e-02 3.434924e-02
    endloop
  endfacet
  facet normal 7.611690e-01 3.788401e-02 6.474461e-01
    outer loop
      vertex   3.503401e-02 6.499999e-02 1.832856e-02
      vertex   3.603255e-02 7.499999e-02 1.656950e-02
      vertex   2.286130e-02 7.499999e-02 3.205426e-02
    endloop
  endfacet
  facet normal 9.648161e-01 -5.096777e-02 2.579384e-01
    outer loop
      vertex   3.977152e-02 6.499999e-02 6.079333e-04
      vertex   3.603255e-02 7.499999e-02 1.656950e-02
      vertex   3.503401e-02 6.499999e-02 1.832856e-02
    endloop
  endfacet
  facet normal 9.720000e-01 -1.121056e-02 2.347132e-01
    outer loop
      vertex   3.977152e-02 6.499999e-02 6.079333e-04
      vertex   3.978808e-02 7.499999e-02 1.017000e-03
      vertex   3.603255e-02 7.499999e-02 1.656950e-02
    endloop
  endfacet
  facet normal -1.000000e+00 0.000000e+00 0.000000e+00
    outer loop
      vertex   -3.400000e-02 6.499999e-02 -2.000000e-02
      vertex   -3.400000e-02 7.499999e-02 -6.000000e-02
      vertex   -3.400000e-02 6.499999e-02 -6.000000e-02
    endloop
  endfacet
  facet normal -1.000000e+00 -0.000000e+00 -0.000000e+00
    outer loop
      vertex   -3.400000e-02 7.499999e-02 -2.000000e-02
      vertex   -3.400000e-02 7.499999e-02 -6.000000e-02
      vertex   -3.400000e-02 6.499999e-02 -2.000000e-02
    endloop
  endfacet
  facet normal 0.000000e+00 -1.000000e+00 -0.000000e+00
    outer loop
      vertex   3.400000e-02 6.499999e-02 -2.000000e-02
      vertex   -3.400000e-02 6.499999e-02 -6.000000e-02
      vertex   3.400000e-02 6.499999e-02 -6.000000e-02
    endloop
  endfacet
  facet normal 0.000000e+00 -1.000000e+00 0.000000e+00
    outer loop
      vertex   -3.400000e-02 6.499999e-02 -2.000000e-02
      vertex   -3.400000e-02 6.499999e-02 -6.000000e-02
      vertex   3.400000e-02 6.499999e-02 -2.000000e-02
    endloop
  endfacet
  facet normal 1.000000e+00 0.000000e+00 0.000000e+00
    outer loop
      vertex   3.400000e-02 7.499999e-02 -2.000000e-02
      vertex   3.400000e-02 6.499999e-02 -6.000000e-02
      vertex   3.400000e-02 7.499999e-02 -6.000000e-02
    endloop
  endfacet
  facet normal 1.000000e+00 -0.000000e+00 0.000000e+00
    outer loop
      vertex   3.400000e-02 6.499999e-02 -2.000000e-02
      vertex   3.400000e-02 6.499999e-02 -6.000000e-02
      vertex   3.400000e-02 7.499999e-02 -2.000000e-02
    endloop
  endfacet
  facet normal 0.000000e+00 1.000000e+00 0.000000e+00
    outer loop
      vertex   -3.400000e-02 7.499999e-02 -2.000000e-02
      vertex   3.400000e-02 7.499999e-02 -6.000000e-02
      vertex   -3.400000e-02 7.499999e-02 -6.000000e-02
    endloop
  endfacet
  facet normal 0.000000e+00 1.000000e+00 0.000000e+00
    outer loop
      vertex   3.400000e-02 7.499999e-02 -2.000000e-02
      vertex   3.400000e-02 7.499999e-02 -6.000000e-02
      vertex   -3.400000e-02 7.499999e-02 -2.000000e-02
    endloop
  endfacet
  facet normal 0.000000e+00 0.000000e+00 -1.000000e+00
    outer loop
      vertex   -3.400000e-02 6.499999e-02 -6.000000e-02
      vertex   3.400000e-02 7.499999e-02 -6.000000e-02
      vertex   3.400000e-02 6.499999e-02 -6.000000e-02
    endloop
  endfacet
  facet normal 0.000000e+00 0.000000e+00 -1.000000e+00
    outer loop
      vertex   -3.400000e-02 7.499999e-02 -6.000000e-02
      vertex   3.400000e-02 7.499999e-02 -6.000000e-02
      vertex   -3.400000e-02 6.499999e-02 -6.000000e-02
    endloop
  endfacet
  facet normal -0.000000e+00 0.000000e+00 1.000000e+00
    outer loop
      vertex   -3.400000e-02 7.499999e-02 -2.000000e-02
      vertex   3.400000e-02 6.499999e-02 -2.000000e-02
      vertex   3.400000e-02 7.499999e-02 -2.000000e-02
    endloop
  endfacet
  facet normal 0.000000e+00 0.000000e+00 1.000000e+00
    outer loop
      vertex   -3.400000e-02 6.499999e-02 -2.000000e-02
      vertex   3.400000e-02 6.499999e-02 -2.000000e-02
      vertex   -3.400000e-02 7.499999e-02 -2.000000e-02
    endloop
  endfacet
  facet normal -1.000000e+00 0.000000e+00 0.000000e+00
    outer loop
      vertex   -3.400000e-02 -7.500000e-02 -2.000000e-02
      vertex   -3.400000e-02 -6.500000e-02 -6.000000e-02
      vertex   -3.400000e-02 -7.500000e-02 -6.000000e-02
    endloop
  endfacet
  facet normal -1.000000e+00 -0.000000e+00 -0.000000e+00
    outer loop
      vertex   -3.400000e-02 -6.500000e-02 -2.000000e-02
      vertex   -3.400000e-02 -6.500000e-02 -6.000000e-02
      vertex   -3.400000e-02 -7.500000e-02 -2.000000e-02
    endloop
  endfacet
  facet normal 2.040851e-16 -1.000000e+00 0.000000e+00
    outer loop
      vertex   3.400000e-02 -7.500000e-02 -2.000000e-02
      vertex   -3.400000e-02 -7.500000e-02 -6.000000e-02
      vertex   3.400000e-02 -7.500000e-02 -6.000000e-02
    endloop
  endfacet
  facet normal 2.040851e-16 -1.000000e+00 0.000000e+00
    outer loop
      vertex   -3.400000e-02 -7.500000e-02 -2.000000e-02
      vertex   -3.400000e-02 -7.500000e-02 -6.000000e-02
      vertex   3.400000e-02 -7.500000e-02 -2.000000e-02
    endloop
  endfacet
  facet normal 1.000000e+00 0.000000e+00 0.000000e+00
    outer loop
      vertex   3.400000e-02 -6.500000e-02 -2.000000e-02
      vertex   3.400000e-02 -7.500000e-02 -6.000000e-02
      vertex   3.400000e-02 -6.500000e-02 -6.000000e-02
    endloop
  endfacet
  facet normal 1.000000e+00 -0.000000e+00 0.000000e+00
    outer loop
      vertex   3.400000e-02 -7.500000e-02 -2.000000e-02
      vertex   3.400000e-02 -7.500000e-02 -6.000000e-02
      vertex   3.400000e-02 -6.500000e-02 -2.000000e-02
    endloop
  endfacet
  facet normal 0.000000e+00 1.000000e+00 0.000000e+00
    outer loop
      vertex   -3.400000e-02 -6.500000e-02 -2.000000e-02
      vertex   3.400000e-02 -6.500000e-02 -6.000000e-02
      vertex   -3.400000e-02 -6.500000e-02 -6.000000e-02
    endloop
  endfacet
  facet normal 0.000000e+00 1.000000e+00 0.000000e+00
    outer loop
      vertex   3.400000e-02 -6.500000e-02 -2.000000e-02
      vertex   3.400000e-02 -6.500000e-02 -6.000000e-02
      vertex   -3.400000e-02 -6.500000e-02 -2.000000e-02
    endloop
  endfacet
  facet normal 0.000000e+00 0.000000e+00 -1.000000e+00
    outer loop
      vertex   -3.400000e-02 -7.500000e-02 -6.000000e-02
      vertex   3.400000e-02 -6.500000e-02 -6.000000e-02
      vertex   3.400000e-02 -7.500000e-02 -6.000000e-02
    endloop
  endfacet
  facet normal 0.000000e+00 0.000000e+00 -1.000000e+00
    outer loop
      vertex   -3.400000e-02 -6.500000e-02 -6.000000e-02
      vertex   3.400000e-02 -6.500000e-02 -6.000000e-02
      vertex   -3.400000e-02 -7.500000e-02 -6.000000e-02
    endloop
  endfacet
  facet normal -0.000000e+00 0.000000e+00 1.000000e+00
    outer loop
      vertex   -3.400000e-02 -6.500000e-02 -2.000000e-02
      vertex   3.400000e-02 -7.500000e-02 -2.000000e-02
      vertex   3.400000e-02 -6.500000e-02 -2.000000e-02
    endloop
  endfacet
  facet normal 0.000000e+00 0.000000e+00 1.000000e+00
    outer loop
      vertex   -3.400000e-02 -7.500000e-02 -2.000000e-02
      vertex   3.400000e-02 -7.500000e-02 -2.000000e-02
      vertex   -3.400000e-02 -6.500000e-02 -2.000000e-02
    endloop
  endfacet
  facet normal 0.000000e+00 0.000000e+00 1.000000e+00
    outer loop
      vertex   5.000000e-02 -6.480740e-02 -4.000000e-02
      vertex   -5.000000e-02 -6.480740e-02 -4.000000e-02
      vertex   -5.000000e-02 -1.385130e-01 -4.000000e-02
    endloop
  endfacet
  facet normal 0.000000e+00 -0.000000e+00 1.000000e+00
    outer loop
      vertex   -4.327104e-02 -1.538002e-01 -4.000000e-02
      vertex   5.000000e-02 -6.480740e-02 -4.000000e-02
      vertex   -5.000000e-02 -1.385130e-01 -4.000000e-02
    endloop
  endfacet
  facet normal 0.000000e+00 -0.000000e+00 1.000000e+00
    outer loop
      vertex   -2.500000e-02 -1.635130e-01 -4.000000e-02
      vertex   5.000000e-02 -6.480740e-02 -4.000000e-02
      vertex   -4.327104e-02 -1.538002e-01 -4.000000e-02
    endloop
  endfacet
  facet normal 0.000000e+00 -0.000000e+00 1.000000e+00
    outer loop
      vertex   2.500000e-02 -1.635130e-01 -4.000000e-02
      vertex   5.000000e-02 -6.480740e-02 -4.000000e-02
      vertex   -2.500000e-02 -1.635130e-01 -4.000000e-02
    endloop
  endfacet
  facet normal 0.000000e+00 -0.000000e+00 1.000000e+00
    outer loop
      vertex   3.807178e-02 -1.594943e-01 -4.000000e-02
      vertex   5.000000e-02 -6.480740e-02 -4.000000e-02
      vertex   2.500000e-02 -1.635130e-01 -4.000000e-02
    endloop
  endfacet
  facet normal 0.000000e+00 -0.000000e+00 1.000000e+00
    outer loop
      vertex   4.635267e-02 -1.510872e-01 -4.000000e-02
      vertex   5.000000e-02 -6.480740e-02 -4.000000e-02
      vertex   3.807178e-02 -1.594943e-01 -4.000000e-02
    endloop
  endfacet
  facet normal 0.000000e+00 -0.000000e+00 1.000000e+00
    outer loop
      vertex   5.000000e-02 -1.385130e-01 -4.000000e-02
      vertex   5.000000e-02 -6.480740e-02 -4.000000e-02
      vertex   4.635267e-02 -1.510872e-01 -4.000000e-02
    endloop
  endfacet
  facet normal -9.974209e-01 -7.177366e-02 0.000000e+00
    outer loop
      vertex   -7.500000e-02 -1.385130e-01 -8.500000e-02
      vertex   -7.450890e-02 -1.453378e-01 -6.500000e-02
      vertex   -7.500000e-02 -1.385130e-01 -6.500000e-02
    endloop
  endfacet
  facet normal -9.978707e-01 -6.518458e-02 2.259487e-03
    outer loop
      vertex   -7.458361e-02 -1.448873e-01 -8.500000e-02
      vertex   -7.450890e-02 -1.453378e-01 -6.500000e-02
      vertex   -7.500000e-02 -1.385130e-01 -8.500000e-02
    endloop
  endfacet
  facet normal -9.851584e-01 -1.716475e-01 -1.857801e-04
    outer loop
      vertex   -7.387863e-02 -1.489335e-01 -8.500000e-02
      vertex   -7.450890e-02 -1.453378e-01 -6.500000e-02
      vertex   -7.458361e-02 -1.448873e-01 -8.500000e-02
    endloop
  endfacet
  facet normal -9.830601e-01 -1.832731e-01 1.970467e-03
    outer loop
      vertex   -7.387863e-02 -1.489335e-01 -8.500000e-02
      vertex   -7.358898e-02 -1.502721e-01 -6.500000e-02
      vertex   -7.450890e-02 -1.453378e-01 -6.500000e-02
    endloop
  endfacet
  facet normal -9.580654e-01 -2.865005e-01 -5.300656e-03
    outer loop
      vertex   -7.387863e-02 -1.489335e-01 -8.500000e-02
      vertex   -7.215092e-02 -1.550810e-01 -6.500000e-02
      vertex   -7.358898e-02 -1.502721e-01 -6.500000e-02
    endloop
  endfacet
  facet normal -9.651303e-01 -2.617535e-01 2.916321e-03
    outer loop
      vertex   -7.244572e-02 -1.542169e-01 -8.500000e-02
      vertex   -7.215092e-02 -1.550810e-01 -6.500000e-02
      vertex   -7.387863e-02 -1.489335e-01 -8.500000e-02
    endloop
  endfacet
  facet normal -9.303389e-01 -3.666947e-01 -2.130739e-03
    outer loop
      vertex   -7.244572e-02 -1.542169e-01 -8.500000e-02
      vertex   -7.064486e-02 -1.589020e-01 -6.500000e-02
      vertex   -7.215092e-02 -1.550810e-01 -6.500000e-02
    endloop
  endfacet
  facet normal -9.245618e-01 -3.809848e-01 -5.998522e-03
    outer loop
      vertex   -6.983982e-02 -1.605408e-01 -8.500000e-02
      vertex   -7.064486e-02 -1.589020e-01 -6.500000e-02
      vertex   -7.244572e-02 -1.542169e-01 -8.500000e-02
    endloop
  endfacet
  facet normal -8.842803e-01 -4.669488e-01 2.666490e-03
    outer loop
      vertex   -6.983982e-02 -1.605408e-01 -8.500000e-02
      vertex   -6.798285e-02 -1.639432e-01 -6.500000e-02
      vertex   -7.064486e-02 -1.589020e-01 -6.500000e-02
    endloop
  endfacet
  facet normal -8.750101e-01 -4.841035e-01 -1.112599e-03
    outer loop
      vertex   -6.718977e-02 -1.653307e-01 -8.500000e-02
      vertex   -6.798285e-02 -1.639432e-01 -6.500000e-02
      vertex   -6.983982e-02 -1.605408e-01 -8.500000e-02
    endloop
  endfacet
  facet normal -8.191321e-01 -5.735583e-01 7.309237e-03
    outer loop
      vertex   -6.483404e-02 -1.686951e-01 -8.500000e-02
      vertex   -6.798285e-02 -1.639432e-01 -6.500000e-02
      vertex   -6.718977e-02 -1.653307e-01 -8.500000e-02
    endloop
  endfacet
  facet normal -8.264344e-01 -5.630212e-01 3.656014e-03
    outer loop
      vertex   -6.483404e-02 -1.686951e-01 -8.500000e-02
      vertex   -6.400359e-02 -1.697842e-01 -6.500000e-02
      vertex   -6.798285e-02 -1.639432e-01 -6.500000e-02
    endloop
  endfacet
  facet normal -7.406867e-01 -6.718253e-01 -5.829429e-03
    outer loop
      vertex   -6.483404e-02 -1.686951e-01 -8.500000e-02
      vertex   -6.032586e-02 -1.738389e-01 -6.500000e-02
      vertex   -6.400359e-02 -1.697842e-01 -6.500000e-02
    endloop
  endfacet
  facet normal -7.675584e-01 -6.409269e-01 8.174444e-03
    outer loop
      vertex   -6.161690e-02 -1.725478e-01 -8.500000e-02
      vertex   -6.032586e-02 -1.738389e-01 -6.500000e-02
      vertex   -6.483404e-02 -1.686951e-01 -8.500000e-02
    endloop
  endfacet
  facet normal -7.156621e-01 -6.984458e-01 1.111516e-03
    outer loop
      vertex   -5.970371e-02 -1.745082e-01 -8.500000e-02
      vertex   -6.032586e-02 -1.738389e-01 -6.500000e-02
      vertex   -6.161690e-02 -1.725478e-01 -8.500000e-02
    endloop
  endfacet
  facet normal -6.653694e-01 -7.465020e-01 4.284225e-03
    outer loop
      vertex   -5.731855e-02 -1.766341e-01 -8.500000e-02
      vertex   -6.032586e-02 -1.738389e-01 -6.500000e-02
      vertex   -5.970371e-02 -1.745082e-01 -8.500000e-02
    endloop
  endfacet
  facet normal -6.591013e-01 -7.520303e-01 5.999377e-03
    outer loop
      vertex   -5.731855e-02 -1.766341e-01 -8.500000e-02
      vertex   -5.518206e-02 -1.783470e-01 -6.500000e-02
      vertex   -6.032586e-02 -1.738389e-01 -6.500000e-02
    endloop
  endfacet
  facet normal -6.098548e-01 -7.925084e-01 -2.728198e-03
    outer loop
      vertex   -5.334066e-02 -1.796952e-01 -8.500000e-02
      vertex   -5.518206e-02 -1.783470e-01 -6.500000e-02
      vertex   -5.731855e-02 -1.766341e-01 -8.500000e-02
    endloop
  endfacet
  facet normal -5.735727e-01 -8.191511e-01 2.408195e-03
    outer loop
      vertex   -5.334066e-02 -1.796952e-01 -8.500000e-02
      vertex   -5.181770e-02 -1.807028e-01 -6.500000e-02
      vertex   -5.518206e-02 -1.783470e-01 -6.500000e-02
    endloop
  endfacet
  facet normal -5.364443e-01 -8.439341e-01 -1.667614e-03
    outer loop
      vertex   -5.025896e-02 -1.816541e-01 -8.500000e-02
      vertex   -5.181770e-02 -1.807028e-01 -6.500000e-02
      vertex   -5.334066e-02 -1.796952e-01 -8.500000e-02
    endloop
  endfacet
  facet normal -4.908632e-01 -8.712308e-01 3.183198e-03
    outer loop
      vertex   -5.025896e-02 -1.816541e-01 -8.500000e-02
      vertex   -4.744467e-02 -1.831666e-01 -6.500000e-02
      vertex   -5.181770e-02 -1.807028e-01 -6.500000e-02
    endloop
  endfacet
  facet normal -4.734093e-01 -8.808426e-01 2.680321e-07
    outer loop
      vertex   -4.704248e-02 -1.833828e-01 -8.500000e-02
      vertex   -4.744467e-02 -1.831666e-01 -6.500000e-02
      vertex   -5.025896e-02 -1.816541e-01 -8.500000e-02
    endloop
  endfacet
  facet normal -3.994907e-01 -9.167353e-01 1.874637e-03
    outer loop
      vertex   -4.704248e-02 -1.833828e-01 -8.500000e-02
      vertex   -4.242620e-02 -1.853535e-01 -6.500000e-02
      vertex   -4.744467e-02 -1.831666e-01 -6.500000e-02
    endloop
  endfacet
  facet normal -4.078440e-01 -9.130421e-01 4.166611e-03
    outer loop
      vertex   -4.370839e-02 -1.848721e-01 -8.500000e-02
      vertex   -4.242620e-02 -1.853535e-01 -6.500000e-02
      vertex   -4.704248e-02 -1.833828e-01 -8.500000e-02
    endloop
  endfacet
  facet normal -3.244517e-01 -9.459002e-01 -1.970620e-03
    outer loop
      vertex   -3.896057e-02 -1.865006e-01 -8.500000e-02
      vertex   -4.242620e-02 -1.853535e-01 -6.500000e-02
      vertex   -4.370839e-02 -1.848721e-01 -8.500000e-02
    endloop
  endfacet
  facet normal -2.968283e-01 -9.549250e-01 3.333608e-03
    outer loop
      vertex   -3.896057e-02 -1.865006e-01 -8.500000e-02
      vertex   -3.719866e-02 -1.869784e-01 -6.500000e-02
      vertex   -4.242620e-02 -1.853535e-01 -6.500000e-02
    endloop
  endfacet
  facet normal -2.431001e-01 -9.699996e-01 -1.759784e-03
    outer loop
      vertex   -3.497667e-02 -1.874990e-01 -8.500000e-02
      vertex   -3.719866e-02 -1.869784e-01 -6.500000e-02
      vertex   -3.896057e-02 -1.865006e-01 -8.500000e-02
    endloop
  endfacet
  facet normal -1.906060e-01 -9.816569e-01 4.375705e-03
    outer loop
      vertex   -3.497667e-02 -1.874990e-01 -8.500000e-02
      vertex   -3.182475e-02 -1.880219e-01 -6.500000e-02
      vertex   -3.719866e-02 -1.869784e-01 -6.500000e-02
    endloop
  endfacet
  facet normal -1.636468e-01 -9.865190e-01 -7.250357e-08
    outer loop
      vertex   -3.137430e-02 -1.880966e-01 -8.500000e-02
      vertex   -3.182475e-02 -1.880219e-01 -6.500000e-02
      vertex   -3.497667e-02 -1.874990e-01 -8.500000e-02
    endloop
  endfacet
  facet normal -7.177422e-02 -9.974187e-01 2.109844e-03
    outer loop
      vertex   -3.137430e-02 -1.880966e-01 -8.500000e-02
      vertex   -2.500000e-02 -1.885130e-01 -6.500000e-02
      vertex   -3.182475e-02 -1.880219e-01 -6.500000e-02
    endloop
  endfacet
  facet normal -6.518407e-02 -9.978733e-01 0.000000e+00
    outer loop
      vertex   -2.500000e-02 -1.885130e-01 -8.500000e-02
      vertex   -2.500000e-02 -1.885130e-01 -6.500000e-02
      vertex   -3.137430e-02 -1.880966e-01 -8.500000e-02
    endloop
  endfacet
  facet normal 1.000000e+00 0.000000e+00 0.000000e+00
    outer loop
      vertex   7.500000e-02 -3.635134e-02 -7.799838e-02
      vertex   7.500000e-02 -5.635427e-02 -6.760870e-02
      vertex   7.500000e-02 -1.385130e-01 -8.500000e-02
    endloop
  endfacet
  facet normal 1.000000e+00 0.000000e+00 0.000000e+00
    outer loop
      vertex   7.500000e-02 -1.385130e-01 -8.500000e-02
      vertex   7.500000e-02 -1.427644e-02 -8.385982e-02
      vertex   7.500000e-02 -3.635134e-02 -7.799838e-02
    endloop
  endfacet
  facet normal 1.000000e+00 0.000000e+00 0.000000e+00
    outer loop
      vertex   7.500000e-02 -1.385130e-01 -8.500000e-02
      vertex   7.500000e-02 8.178205e-10 -8.500000e-02
      vertex   7.500000e-02 -1.427644e-02 -8.385982e-02
    endloop
  endfacet
  facet normal 1.000000e+00 0.000000e+00 0.000000e+00
    outer loop
      vertex   7.500000e-02 -1.385130e-01 -8.500000e-02
      vertex   7.500000e-02 -5.635427e-02 -6.760870e-02
      vertex   7.500000e-02 -1.385130e-01 -6.500000e-02
    endloop
  endfacet
  facet normal 1.000000e+00 -0.000000e+00 0.000000e+00
    outer loop
      vertex   7.500000e-02 -1.385130e-01 -6.500000e-02
      vertex   7.500000e-02 -5.635427e-02 -6.760870e-02
      vertex   7.500000e-02 -6.480740e-02 -6.500000e-02
    endloop
  endfacet
  facet normal 8.714507e-02 -9.961956e-01 0.000000e+00
    outer loop
      vertex   2.500000e-02 -1.885130e-01 -8.500000e-02
      vertex   3.317549e-02 -1.877978e-01 -6.500000e-02
      vertex   2.500000e-02 -1.885130e-01 -6.500000e-02
    endloop
  endfacet
  facet normal 6.518131e-02 -9.978325e-01 9.036761e-03
    outer loop
      vertex   3.137431e-02 -1.880966e-01 -8.500000e-02
      vertex   3.317549e-02 -1.877978e-01 -6.500000e-02
      vertex   2.500000e-02 -1.885130e-01 -8.500000e-02
    endloop
  endfacet
  facet normal 1.876164e-01 -9.822399e-01 -2.222566e-03
    outer loop
      vertex   3.675124e-02 -1.870696e-01 -8.500000e-02
      vertex   3.317549e-02 -1.877978e-01 -6.500000e-02
      vertex   3.137431e-02 -1.880966e-01 -8.500000e-02
    endloop
  endfacet
  facet normal 2.188013e-01 -9.757628e-01 3.588755e-03
    outer loop
      vertex   3.675124e-02 -1.870696e-01 -8.500000e-02
      vertex   3.896058e-02 -1.865006e-01 -6.500000e-02
      vertex   3.317549e-02 -1.877978e-01 -6.500000e-02
    endloop
  endfacet
  facet normal 2.822652e-01 -9.593285e-01 -3.889442e-03
    outer loop
      vertex   4.200278e-02 -1.855244e-01 -8.500000e-02
      vertex   3.896058e-02 -1.865006e-01 -6.500000e-02
      vertex   3.675124e-02 -1.870696e-01 -8.500000e-02
    endloop
  endfacet
  facet normal 3.401071e-01 -9.403686e-01 5.834328e-03
    outer loop
      vertex   4.200278e-02 -1.855244e-01 -8.500000e-02
      vertex   4.496561e-02 -1.843287e-01 -6.500000e-02
      vertex   3.896058e-02 -1.865006e-01 -6.500000e-02
    endloop
  endfacet
  facet normal 3.817425e-01 -9.242678e-01 -1.296164e-03
    outer loop
      vertex   4.579885e-02 -1.839565e-01 -8.500000e-02
      vertex   4.496561e-02 -1.843287e-01 -6.500000e-02
      vertex   4.200278e-02 -1.855244e-01 -8.500000e-02
    endloop
  endfacet
  facet normal 4.559891e-01 -8.899820e-01 2.435163e-03
    outer loop
      vertex   4.579885e-02 -1.839565e-01 -8.500000e-02
      vertex   5.024210e-02 -1.816253e-01 -6.500000e-02
      vertex   4.496561e-02 -1.843287e-01 -6.500000e-02
    endloop
  endfacet
  facet normal 4.734080e-01 -8.808397e-01 -2.500307e-03
    outer loop
      vertex   5.142367e-02 -1.809335e-01 -8.500000e-02
      vertex   5.024210e-02 -1.816253e-01 -6.500000e-02
      vertex   4.579885e-02 -1.839565e-01 -8.500000e-02
    endloop
  endfacet
  facet normal 5.669010e-01 -8.237708e-01 4.997137e-03
    outer loop
      vertex   5.142367e-02 -1.809335e-01 -8.500000e-02
      vertex   5.625031e-02 -1.774906e-01 -6.500000e-02
      vertex   5.024210e-02 -1.816253e-01 -6.500000e-02
    endloop
  endfacet
  facet normal 5.601887e-01 -8.283320e-01 7.402227e-03
    outer loop
      vertex   5.482582e-02 -1.786327e-01 -8.500000e-02
      vertex   5.625031e-02 -1.774906e-01 -6.500000e-02
      vertex   5.142367e-02 -1.809335e-01 -8.500000e-02
    endloop
  endfacet
  facet normal 6.443358e-01 -7.647395e-01 -2.222514e-03
    outer loop
      vertex   5.901212e-02 -1.751055e-01 -8.500000e-02
      vertex   5.625031e-02 -1.774906e-01 -6.500000e-02
      vertex   5.482582e-02 -1.786327e-01 -8.500000e-02
    endloop
  endfacet
  facet normal 6.627743e-01 -7.488159e-01 2.222633e-03
    outer loop
      vertex   5.901212e-02 -1.751055e-01 -8.500000e-02
      vertex   6.034944e-02 -1.738624e-01 -6.500000e-02
      vertex   5.625031e-02 -1.774906e-01 -6.500000e-02
    endloop
  endfacet
  facet normal 7.487883e-01 -6.627498e-01 -8.877905e-03
    outer loop
      vertex   5.901212e-02 -1.751055e-01 -8.500000e-02
      vertex   6.397757e-02 -1.697633e-01 -6.500000e-02
      vertex   6.034944e-02 -1.738624e-01 -6.500000e-02
    endloop
  endfacet
  facet normal 7.156397e-01 -6.984132e-01 8.877958e-03
    outer loop
      vertex   6.283548e-02 -1.711878e-01 -8.500000e-02
      vertex   6.397757e-02 -1.697633e-01 -6.500000e-02
      vertex   5.901212e-02 -1.751055e-01 -8.500000e-02
    endloop
  endfacet
  facet normal 7.951980e-01 -6.063457e-01 -2.222626e-03
    outer loop
      vertex   6.615471e-02 -1.668348e-01 -8.500000e-02
      vertex   6.397757e-02 -1.697633e-01 -6.500000e-02
      vertex   6.283548e-02 -1.711878e-01 -8.500000e-02
    endloop
  endfacet
  facet normal 8.237628e-01 -5.668955e-01 6.663439e-03
    outer loop
      vertex   6.615471e-02 -1.668348e-01 -8.500000e-02
      vertex   6.811228e-02 -1.637551e-01 -6.500000e-02
      vertex   6.397757e-02 -1.697633e-01 -6.500000e-02
    endloop
  endfacet
  facet normal 8.543191e-01 -5.197365e-01 -3.589039e-03
    outer loop
      vertex   6.923612e-02 -1.617697e-01 -8.500000e-02
      vertex   6.811228e-02 -1.637551e-01 -6.500000e-02
      vertex   6.615471e-02 -1.668348e-01 -8.500000e-02
    endloop
  endfacet
  facet normal 8.942866e-01 -4.474567e-01 5.832079e-03
    outer loop
      vertex   6.923612e-02 -1.617697e-01 -8.500000e-02
      vertex   7.117283e-02 -1.576383e-01 -6.500000e-02
      vertex   6.811228e-02 -1.637551e-01 -6.500000e-02
    endloop
  endfacet
  facet normal 9.092839e-01 -4.161712e-01 -2.082843e-03
    outer loop
      vertex   7.151435e-02 -1.567920e-01 -8.500000e-02
      vertex   7.117283e-02 -1.576383e-01 -6.500000e-02
      vertex   6.923612e-02 -1.617697e-01 -8.500000e-02
    endloop
  endfacet
  facet normal 9.459819e-01 -3.242103e-01 2.435025e-03
    outer loop
      vertex   7.151435e-02 -1.567920e-01 -8.500000e-02
      vertex   7.309500e-02 -1.520298e-01 -6.500000e-02
      vertex   7.117283e-02 -1.576383e-01 -6.500000e-02
    endloop
  endfacet
  facet normal 9.493484e-01 -3.142254e-01 -2.085520e-04
    outer loop
      vertex   7.323451e-02 -1.515950e-01 -8.500000e-02
      vertex   7.309500e-02 -1.520298e-01 -6.500000e-02
      vertex   7.151435e-02 -1.567920e-01 -8.500000e-02
    endloop
  endfacet
  facet normal 9.798812e-01 -1.995662e-01 2.496940e-03
    outer loop
      vertex   7.323451e-02 -1.515950e-01 -8.500000e-02
      vertex   7.455053e-02 -1.448831e-01 -6.500000e-02
      vertex   7.309500e-02 -1.520298e-01 -6.500000e-02
    endloop
  endfacet
  facet normal 9.764031e-01 -2.158010e-01 8.174180e-03
    outer loop
      vertex   7.431773e-02 -1.466939e-01 -8.500000e-02
      vertex   7.455053e-02 -1.448831e-01 -6.500000e-02
      vertex   7.323451e-02 -1.515950e-01 -8.500000e-02
    endloop
  endfacet
  facet normal 9.965322e-01 -8.310870e-02 -4.074713e-03
    outer loop
      vertex   7.500000e-02 -1.385130e-01 -8.500000e-02
      vertex   7.455053e-02 -1.448831e-01 -6.500000e-02
      vertex   7.431773e-02 -1.466939e-01 -8.500000e-02
    endloop
  endfacet
  facet normal 9.975199e-01 -7.038506e-02 0.000000e+00
    outer loop
      vertex   7.500000e-02 -1.385130e-01 -8.500000e-02
      vertex   7.500000e-02 -1.385130e-01 -6.500000e-02
      vertex   7.455053e-02 -1.448831e-01 -6.500000e-02
    endloop
  endfacet
  facet normal 0.000000e+00 -1.000000e+00 -0.000000e+00
    outer loop
      vertex   2.500000e-02 -1.885130e-01 -6.500000e-02
      vertex   -2.500000e-02 -1.885130e-01 -8.500000e-02
      vertex   2.500000e-02 -1.885130e-01 -8.500000e-02
    endloop
  endfacet
  facet normal 0.000000e+00 -1.000000e+00 0.000000e+00
    outer loop
      vertex   -2.500000e-02 -1.885130e-01 -6.500000e-02
      vertex   -2.500000e-02 -1.885130e-01 -8.500000e-02
      vertex   2.500000e-02 -1.885130e-01 -6.500000e-02
    endloop
  endfacet
  facet normal -6.449513e-02 -9.873265e-01 -1.450061e-01
    outer loop
      vertex   -2.500000e-02 -1.885130e-01 -8.500000e-02
      vertex   -3.137430e-02 -1.880966e-01 -8.500000e-02
      vertex   -2.500000e-02 -1.883100e-01 -8.638200e-02
    endloop
  endfacet
  facet normal -2.366948e-01 -9.444413e-01 -2.280486e-01
    outer loop
      vertex   -3.896057e-02 -1.865006e-01 -8.500000e-02
      vertex   -3.684704e-02 -1.864954e-01 -8.721505e-02
      vertex   -3.497667e-02 -1.874990e-01 -8.500000e-02
    endloop
  endfacet
  facet normal -6.021196e-01 -7.824564e-01 -1.587889e-01
    outer loop
      vertex   -5.731855e-02 -1.766341e-01 -8.500000e-02
      vertex   -5.660565e-02 -1.768486e-01 -8.664620e-02
      vertex   -5.334066e-02 -1.796952e-01 -8.500000e-02
    endloop
  endfacet
  facet normal -1.563616e-01 -9.426017e-01 -2.950475e-01
    outer loop
      vertex   -3.497667e-02 -1.874990e-01 -8.500000e-02
      vertex   -3.684704e-02 -1.864954e-01 -8.721505e-02
      vertex   -3.137430e-02 -1.880966e-01 -8.500000e-02
    endloop
  endfacet
  facet normal -2.879034e-01 -9.167704e-01 -2.768458e-01
    outer loop
      vertex   -3.896057e-02 -1.865006e-01 -8.500000e-02
      vertex   -4.171982e-02 -1.849094e-01 -8.739961e-02
      vertex   -3.684704e-02 -1.864954e-01 -8.721505e-02
    endloop
  endfacet
  facet normal -3.144566e-01 -9.167607e-01 -2.463066e-01
    outer loop
      vertex   -4.370839e-02 -1.848721e-01 -8.500000e-02
      vertex   -4.171982e-02 -1.849094e-01 -8.739961e-02
      vertex   -3.896057e-02 -1.865006e-01 -8.500000e-02
    endloop
  endfacet
  facet normal -3.343981e-01 -9.049865e-01 -2.630158e-01
    outer loop
      vertex   -4.370839e-02 -1.848721e-01 -8.500000e-02
      vertex   -4.563751e-02 -1.836040e-01 -8.691041e-02
      vertex   -4.171982e-02 -1.849094e-01 -8.739961e-02
    endloop
  endfacet
  facet normal -4.003678e-01 -8.963051e-01 -1.906376e-01
    outer loop
      vertex   -4.704248e-02 -1.833828e-01 -8.500000e-02
      vertex   -4.563751e-02 -1.836040e-01 -8.691041e-02
      vertex   -4.370839e-02 -1.848721e-01 -8.500000e-02
    endloop
  endfacet
  facet normal -4.596884e-01 -8.553130e-01 -2.390111e-01
    outer loop
      vertex   -5.025896e-02 -1.816541e-01 -8.500000e-02
      vertex   -4.563751e-02 -1.836040e-01 -8.691041e-02
      vertex   -4.704248e-02 -1.833828e-01 -8.500000e-02
    endloop
  endfacet
  facet normal -4.696854e-01 -8.364227e-01 -2.824760e-01
    outer loop
      vertex   -5.025896e-02 -1.816541e-01 -8.500000e-02
      vertex   -5.191171e-02 -1.800066e-01 -8.713022e-02
      vertex   -4.563751e-02 -1.836040e-01 -8.691041e-02
    endloop
  endfacet
  facet normal -5.220452e-01 -8.212815e-01 -2.301421e-01
    outer loop
      vertex   -5.334066e-02 -1.796952e-01 -8.500000e-02
      vertex   -5.191171e-02 -1.800066e-01 -8.713022e-02
      vertex   -5.025896e-02 -1.816541e-01 -8.500000e-02
    endloop
  endfacet
  facet normal -5.574278e-01 -7.889212e-01 -2.586069e-01
    outer loop
      vertex   -5.334066e-02 -1.796952e-01 -8.500000e-02
      vertex   -5.660565e-02 -1.768486e-01 -8.664620e-02
      vertex   -5.191171e-02 -1.800066e-01 -8.713022e-02
    endloop
  endfacet
  facet normal -6.535771e-01 -7.332717e-01 -1.874823e-01
    outer loop
      vertex   -5.731855e-02 -1.766341e-01 -8.500000e-02
      vertex   -5.970371e-02 -1.745082e-01 -8.500000e-02
      vertex   -5.660565e-02 -1.768486e-01 -8.664620e-02
    endloop
  endfacet
  facet normal -8.969070e-02 -9.599447e-01 -2.654462e-01
    outer loop
      vertex   -3.137430e-02 -1.880966e-01 -8.500000e-02
      vertex   -3.083941e-02 -1.874534e-01 -8.750681e-02
      vertex   -2.500000e-02 -1.883100e-01 -8.638200e-02
    endloop
  endfacet
  facet normal -1.644127e-01 -9.464289e-01 -2.779223e-01
    outer loop
      vertex   -3.137430e-02 -1.880966e-01 -8.500000e-02
      vertex   -3.684704e-02 -1.864954e-01 -8.721505e-02
      vertex   -3.083941e-02 -1.874534e-01 -8.750681e-02
    endloop
  endfacet
  facet normal -6.717336e-01 -6.758830e-01 -3.032429e-01
    outer loop
      vertex   -5.970371e-02 -1.745082e-01 -8.500000e-02
      vertex   -6.078952e-02 -1.722421e-01 -8.764555e-02
      vertex   -5.660565e-02 -1.768486e-01 -8.664620e-02
    endloop
  endfacet
  facet normal -4.414079e-02 -8.918917e-01 -4.500898e-01
    outer loop
      vertex   -2.500000e-02 -1.883100e-01 -8.638200e-02
      vertex   -3.083941e-02 -1.874534e-01 -8.750681e-02
      vertex   -2.500000e-02 -1.875588e-01 -8.787064e-02
    endloop
  endfacet
  facet normal -3.247239e-01 -7.672730e-01 -5.530340e-01
    outer loop
      vertex   -4.563751e-02 -1.836040e-01 -8.691041e-02
      vertex   -4.721107e-02 -1.821952e-01 -8.794107e-02
      vertex   -4.171982e-02 -1.849094e-01 -8.739961e-02
    endloop
  endfacet
  facet normal -4.419700e-01 -7.960858e-01 -4.134125e-01
    outer loop
      vertex   -5.191171e-02 -1.800066e-01 -8.713022e-02
      vertex   -4.721107e-02 -1.821952e-01 -8.794107e-02
      vertex   -4.563751e-02 -1.836040e-01 -8.691041e-02
    endloop
  endfacet
  facet normal -4.967362e-01 -6.877681e-01 -5.293659e-01
    outer loop
      vertex   -5.191171e-02 -1.800066e-01 -8.713022e-02
      vertex   -5.590815e-02 -1.763496e-01 -8.813133e-02
      vertex   -5.123825e-02 -1.797809e-01 -8.805539e-02
    endloop
  endfacet
  facet normal -5.227946e-01 -7.032304e-01 -4.818223e-01
    outer loop
      vertex   -5.660565e-02 -1.768486e-01 -8.664620e-02
      vertex   -5.590815e-02 -1.763496e-01 -8.813133e-02
      vertex   -5.191171e-02 -1.800066e-01 -8.713022e-02
    endloop
  endfacet
  facet normal -5.886833e-01 -6.414006e-01 -4.919931e-01
    outer loop
      vertex   -5.660565e-02 -1.768486e-01 -8.664620e-02
      vertex   -6.078952e-02 -1.722421e-01 -8.764555e-02
      vertex   -5.590815e-02 -1.763496e-01 -8.813133e-02
    endloop
  endfacet
  facet normal -5.451136e-02 -7.518256e-01 -6.571049e-01
    outer loop
      vertex   -3.083941e-02 -1.874534e-01 -8.750681e-02
      vertex   -3.274785e-02 -1.865758e-01 -8.835262e-02
      vertex   -2.500000e-02 -1.875588e-01 -8.787064e-02
    endloop
  endfacet
  facet normal -1.593315e-01 -8.424677e-01 -5.146472e-01
    outer loop
      vertex   -3.083941e-02 -1.874534e-01 -8.750681e-02
      vertex   -3.684704e-02 -1.864954e-01 -8.721505e-02
      vertex   -3.274785e-02 -1.865758e-01 -8.835262e-02
    endloop
  endfacet
  facet normal -2.326807e-01 -7.821498e-01 -5.780151e-01
    outer loop
      vertex   -4.171982e-02 -1.849094e-01 -8.739961e-02
      vertex   -3.839203e-02 -1.849509e-01 -8.868315e-02
      vertex   -3.684704e-02 -1.864954e-01 -8.721505e-02
    endloop
  endfacet
  facet normal -4.349945e-01 -7.492406e-01 -4.994180e-01
    outer loop
      vertex   -5.191171e-02 -1.800066e-01 -8.713022e-02
      vertex   -5.123825e-02 -1.797809e-01 -8.805539e-02
      vertex   -4.721107e-02 -1.821952e-01 -8.794107e-02
    endloop
  endfacet
  facet normal -5.405965e-01 -5.691736e-01 -6.195134e-01
    outer loop
      vertex   -6.078952e-02 -1.722421e-01 -8.764555e-02
      vertex   -5.846016e-02 -1.732226e-01 -8.877733e-02
      vertex   -5.590815e-02 -1.763496e-01 -8.813133e-02
    endloop
  endfacet
  facet normal -1.851930e-01 -7.679943e-01 -6.130973e-01
    outer loop
      vertex   -3.684704e-02 -1.864954e-01 -8.721505e-02
      vertex   -3.839203e-02 -1.849509e-01 -8.868315e-02
      vertex   -3.274785e-02 -1.865758e-01 -8.835262e-02
    endloop
  endfacet
  facet normal -2.568857e-01 -7.217481e-01 -6.427204e-01
    outer loop
      vertex   -4.171982e-02 -1.849094e-01 -8.739961e-02
      vertex   -4.364805e-02 -1.829621e-01 -8.881575e-02
      vertex   -3.839203e-02 -1.849509e-01 -8.868315e-02
    endloop
  endfacet
  facet normal -3.063304e-01 -7.393506e-01 -5.996018e-01
    outer loop
      vertex   -4.171982e-02 -1.849094e-01 -8.739961e-02
      vertex   -4.721107e-02 -1.821952e-01 -8.794107e-02
      vertex   -4.364805e-02 -1.829621e-01 -8.881575e-02
    endloop
  endfacet
  facet normal -3.280690e-01 -5.824518e-01 -7.437208e-01
    outer loop
      vertex   -4.721107e-02 -1.821952e-01 -8.794107e-02
      vertex   -5.123825e-02 -1.797809e-01 -8.805539e-02
      vertex   -4.601297e-02 -1.812664e-01 -8.919696e-02
    endloop
  endfacet
  facet normal -4.256573e-01 -5.944145e-01 -6.822663e-01
    outer loop
      vertex   -5.123825e-02 -1.797809e-01 -8.805539e-02
      vertex   -5.590815e-02 -1.763496e-01 -8.813133e-02
      vertex   -5.102614e-02 -1.790473e-01 -8.882681e-02
    endloop
  endfacet
  facet normal -5.450726e-02 -7.029678e-01 -7.091299e-01
    outer loop
      vertex   -2.500000e-02 -1.875588e-01 -8.787064e-02
      vertex   -3.229040e-02 -1.857822e-01 -8.907139e-02
      vertex   -2.500000e-02 -1.862791e-01 -8.913920e-02
    endloop
  endfacet
  facet normal -3.689605e-02 -6.590987e-01 -7.511508e-01
    outer loop
      vertex   -3.274785e-02 -1.865758e-01 -8.835262e-02
      vertex   -3.229040e-02 -1.857822e-01 -8.907139e-02
      vertex   -2.500000e-02 -1.875588e-01 -8.787064e-02
    endloop
  endfacet
  facet normal -1.338202e-01 -6.218004e-01 -7.716583e-01
    outer loop
      vertex   -3.839203e-02 -1.849509e-01 -8.868315e-02
      vertex   -3.229040e-02 -1.857822e-01 -8.907139e-02
      vertex   -3.274785e-02 -1.865758e-01 -8.835262e-02
    endloop
  endfacet
  facet normal -3.101510e-01 -5.985997e-01 -7.385694e-01
    outer loop
      vertex   -4.721107e-02 -1.821952e-01 -8.794107e-02
      vertex   -4.601297e-02 -1.812664e-01 -8.919696e-02
      vertex   -4.364805e-02 -1.829621e-01 -8.881575e-02
    endloop
  endfacet
  facet normal -3.329029e-01 -6.359370e-01 -6.962469e-01
    outer loop
      vertex   -5.123825e-02 -1.797809e-01 -8.805539e-02
      vertex   -5.102614e-02 -1.790473e-01 -8.882681e-02
      vertex   -4.601297e-02 -1.812664e-01 -8.919696e-02
    endloop
  endfacet
  facet normal -4.124114e-01 -5.613635e-01 -7.174872e-01
    outer loop
      vertex   -5.590815e-02 -1.763496e-01 -8.813133e-02
      vertex   -5.439334e-02 -1.762177e-01 -8.910529e-02
      vertex   -5.102614e-02 -1.790473e-01 -8.882681e-02
    endloop
  endfacet
  facet normal -4.341011e-01 -5.079757e-01 -7.439872e-01
    outer loop
      vertex   -5.590815e-02 -1.763496e-01 -8.813133e-02
      vertex   -5.846016e-02 -1.732226e-01 -8.877733e-02
      vertex   -5.439334e-02 -1.762177e-01 -8.910529e-02
    endloop
  endfacet
  facet normal -1.258623e-01 -5.330259e-01 -8.366852e-01
    outer loop
      vertex   -3.839203e-02 -1.849509e-01 -8.868315e-02
      vertex   -3.969233e-02 -1.835935e-01 -8.935228e-02
      vertex   -3.229040e-02 -1.857822e-01 -8.907139e-02
    endloop
  endfacet
  facet normal -1.997304e-01 -5.804786e-01 -7.894000e-01
    outer loop
      vertex   -4.364805e-02 -1.829621e-01 -8.881575e-02
      vertex   -3.969233e-02 -1.835935e-01 -8.935228e-02
      vertex   -3.839203e-02 -1.849509e-01 -8.868315e-02
    endloop
  endfacet
  facet normal -1.911570e-01 -4.613721e-01 -8.663687e-01
    outer loop
      vertex   -4.364805e-02 -1.829621e-01 -8.881575e-02
      vertex   -4.601297e-02 -1.812664e-01 -8.919696e-02
      vertex   -3.969233e-02 -1.835935e-01 -8.935228e-02
    endloop
  endfacet
  facet normal -3.644477e-02 -4.103799e-01 -9.111861e-01
    outer loop
      vertex   -3.229040e-02 -1.857822e-01 -8.907139e-02
      vertex   -3.394361e-02 -1.843470e-01 -8.965165e-02
      vertex   -2.500000e-02 -1.862791e-01 -8.913920e-02
    endloop
  endfacet
  facet normal -1.079461e-01 -4.769999e-01 -8.722492e-01
    outer loop
      vertex   -3.229040e-02 -1.857822e-01 -8.907139e-02
      vertex   -3.969233e-02 -1.835935e-01 -8.935228e-02
      vertex   -3.394361e-02 -1.843470e-01 -8.965165e-02
    endloop
  endfacet
  facet normal -2.581129e-01 -4.396116e-01 -8.603019e-01
    outer loop
      vertex   -5.102614e-02 -1.790473e-01 -8.882681e-02
      vertex   -4.964539e-02 -1.782832e-01 -8.963153e-02
      vertex   -4.601297e-02 -1.812664e-01 -8.919696e-02
    endloop
  endfacet
  facet normal -2.762853e-01 -4.141203e-01 -8.672778e-01
    outer loop
      vertex   -5.439334e-02 -1.762177e-01 -8.910529e-02
      vertex   -4.964539e-02 -1.782832e-01 -8.963153e-02
      vertex   -5.102614e-02 -1.790473e-01 -8.882681e-02
    endloop
  endfacet
  facet normal -3.076402e-01 -3.195911e-01 -8.962249e-01
    outer loop
      vertex   -5.846016e-02 -1.732226e-01 -8.877733e-02
      vertex   -5.459024e-02 -1.741306e-01 -8.978195e-02
      vertex   -5.439334e-02 -1.762177e-01 -8.910529e-02
    endloop
  endfacet
  facet normal -3.104610e-01 -3.418165e-01 -8.870037e-01
    outer loop
      vertex   -5.846016e-02 -1.732226e-01 -8.877733e-02
      vertex   -6.035602e-02 -1.698954e-01 -8.939594e-02
      vertex   -5.459024e-02 -1.741306e-01 -8.978195e-02
    endloop
  endfacet
  facet normal -3.592681e-02 -4.082423e-01 -9.121664e-01
    outer loop
      vertex   -2.500000e-02 -1.862791e-01 -8.913920e-02
      vertex   -3.394361e-02 -1.843470e-01 -8.965165e-02
      vertex   -2.500000e-02 -1.847568e-01 -8.982051e-02
    endloop
  endfacet
  facet normal -8.901439e-02 -3.020170e-01 -9.491376e-01
    outer loop
      vertex   -3.969233e-02 -1.835935e-01 -8.935228e-02
      vertex   -4.302608e-02 -1.812132e-01 -8.979703e-02
      vertex   -3.394361e-02 -1.843470e-01 -8.965165e-02
    endloop
  endfacet
  facet normal -1.727075e-01 -4.092902e-01 -8.959094e-01
    outer loop
      vertex   -4.601297e-02 -1.812664e-01 -8.919696e-02
      vertex   -4.302608e-02 -1.812132e-01 -8.979703e-02
      vertex   -3.969233e-02 -1.835935e-01 -8.935228e-02
    endloop
  endfacet
  facet normal -1.784144e-01 -3.511432e-01 -9.191663e-01
    outer loop
      vertex   -4.601297e-02 -1.812664e-01 -8.919696e-02
      vertex   -4.964539e-02 -1.782832e-01 -8.963153e-02
      vertex   -4.302608e-02 -1.812132e-01 -8.979703e-02
    endloop
  endfacet
  facet normal -2.407026e-01 -3.198154e-01 -9.163953e-01
    outer loop
      vertex   -5.439334e-02 -1.762177e-01 -8.910529e-02
      vertex   -5.459024e-02 -1.741306e-01 -8.978195e-02
      vertex   -4.964539e-02 -1.782832e-01 -8.963153e-02
    endloop
  endfacet
  facet normal -4.869086e-02 -1.866377e-01 -9.812215e-01
    outer loop
      vertex   -4.302608e-02 -1.812132e-01 -8.979703e-02
      vertex   -3.750576e-02 -1.815863e-01 -9.000000e-02
      vertex   -3.394361e-02 -1.843470e-01 -8.965165e-02
    endloop
  endfacet
  facet normal -9.391180e-02 -1.566256e-01 -9.831831e-01
    outer loop
      vertex   -4.964539e-02 -1.782832e-01 -8.963153e-02
      vertex   -4.484909e-02 -1.788461e-01 -9.000000e-02
      vertex   -4.302608e-02 -1.812132e-01 -8.979703e-02
    endloop
  endfacet
  facet normal -2.587334e-02 -1.579392e-01 -9.871098e-01
    outer loop
      vertex   -3.394361e-02 -1.843470e-01 -8.965165e-02
      vertex   -3.750576e-02 -1.815863e-01 -9.000000e-02
      vertex   -2.500000e-02 -1.847568e-01 -8.982051e-02
    endloop
  endfacet
  facet normal -4.453377e-02 -1.193420e-01 -9.918539e-01
    outer loop
      vertex   -4.302608e-02 -1.812132e-01 -8.979703e-02
      vertex   -4.484909e-02 -1.788461e-01 -9.000000e-02
      vertex   -3.750576e-02 -1.815863e-01 -9.000000e-02
    endloop
  endfacet
  facet normal -9.257864e-02 -1.439121e-01 -9.852505e-01
    outer loop
      vertex   -4.964539e-02 -1.782832e-01 -8.963153e-02
      vertex   -5.343105e-02 -1.733253e-01 -9.000000e-02
      vertex   -4.484909e-02 -1.788461e-01 -9.000000e-02
    endloop
  endfacet
  facet normal -8.794419e-02 -1.404421e-01 -9.861754e-01
    outer loop
      vertex   -4.964539e-02 -1.782832e-01 -8.963153e-02
      vertex   -5.459024e-02 -1.741306e-01 -8.978195e-02
      vertex   -5.343105e-02 -1.733253e-01 -9.000000e-02
    endloop
  endfacet
  facet normal -1.107146e-01 -1.081449e-01 -9.879509e-01
    outer loop
      vertex   -5.459024e-02 -1.741306e-01 -8.978195e-02
      vertex   -6.003211e-02 -1.665674e-01 -9.000000e-02
      vertex   -5.343105e-02 -1.733253e-01 -9.000000e-02
    endloop
  endfacet
  facet normal -1.404797e-01 -8.910668e-02 -9.860657e-01
    outer loop
      vertex   -6.612457e-02 -1.606086e-01 -8.967051e-02
      vertex   -6.566519e-02 -1.576867e-01 -9.000000e-02
      vertex   -6.003211e-02 -1.665674e-01 -9.000000e-02
    endloop
  endfacet
  facet normal -1.814060e-01 -1.585071e-01 -9.705500e-01
    outer loop
      vertex   -6.035602e-02 -1.698954e-01 -8.939594e-02
      vertex   -6.003211e-02 -1.665674e-01 -9.000000e-02
      vertex   -5.459024e-02 -1.741306e-01 -8.978195e-02
    endloop
  endfacet
  facet normal -1.787274e-01 -1.588479e-01 -9.709912e-01
    outer loop
      vertex   -6.327602e-02 -1.660308e-01 -8.949068e-02
      vertex   -6.003211e-02 -1.665674e-01 -9.000000e-02
      vertex   -6.035602e-02 -1.698954e-01 -8.939594e-02
    endloop
  endfacet
  facet normal -1.738580e-01 -1.237372e-01 -9.769660e-01
    outer loop
      vertex   -6.327602e-02 -1.660308e-01 -8.949068e-02
      vertex   -6.612457e-02 -1.606086e-01 -8.967051e-02
      vertex   -6.003211e-02 -1.665674e-01 -9.000000e-02
    endloop
  endfacet
  facet normal -1.918776e-01 -8.013257e-02 -9.781420e-01
    outer loop
      vertex   -6.898298e-02 -1.548757e-01 -8.957945e-02
      vertex   -6.566519e-02 -1.576867e-01 -9.000000e-02
      vertex   -6.612457e-02 -1.606086e-01 -8.967051e-02
    endloop
  endfacet
  facet normal -1.854580e-01 -7.227894e-02 -9.799904e-01
    outer loop
      vertex   -6.898298e-02 -1.548757e-01 -8.957945e-02
      vertex   -6.800924e-02 -1.516721e-01 -9.000000e-02
      vertex   -6.566519e-02 -1.576867e-01 -9.000000e-02
    endloop
  endfacet
  facet normal -2.217047e-01 -6.037568e-02 -9.732429e-01
    outer loop
      vertex   -7.100927e-02 -1.486497e-01 -8.950409e-02
      vertex   -6.800924e-02 -1.516721e-01 -9.000000e-02
      vertex   -6.898298e-02 -1.548757e-01 -8.957945e-02
    endloop
  endfacet
  facet normal -1.648539e-01 -1.800508e-03 -9.863164e-01
    outer loop
      vertex   -7.190155e-02 -1.448567e-01 -8.936188e-02
      vertex   -6.800924e-02 -1.516721e-01 -9.000000e-02
      vertex   -7.100927e-02 -1.486497e-01 -8.950409e-02
    endloop
  endfacet
  facet normal -2.175566e-01 -3.291269e-02 -9.754926e-01
    outer loop
      vertex   -7.190155e-02 -1.448567e-01 -8.936188e-02
      vertex   -7.000000e-02 -1.385130e-01 -9.000000e-02
      vertex   -6.800924e-02 -1.516721e-01 -9.000000e-02
    endloop
  endfacet
  facet normal -1.425974e-01 -5.665595e-02 -9.881579e-01
    outer loop
      vertex   -7.190155e-02 -1.448567e-01 -8.936188e-02
      vertex   -7.124382e-02 -1.385130e-01 -8.982051e-02
      vertex   -7.000000e-02 -1.385130e-01 -9.000000e-02
    endloop
  endfacet
  facet normal -3.594469e-01 -3.016154e-02 -9.326780e-01
    outer loop
      vertex   -7.241478e-02 -1.385130e-01 -8.936923e-02
      vertex   -7.124382e-02 -1.385130e-01 -8.982051e-02
      vertex   -7.190155e-02 -1.448567e-01 -8.936188e-02
    endloop
  endfacet
  facet normal -4.242285e-01 -2.517177e-01 -8.698669e-01
    outer loop
      vertex   -6.616235e-02 -1.635029e-01 -8.881456e-02
      vertex   -6.612457e-02 -1.606086e-01 -8.967051e-02
      vertex   -6.327602e-02 -1.660308e-01 -8.949068e-02
    endloop
  endfacet
  facet normal -4.359177e-01 -2.034199e-01 -8.766961e-01
    outer loop
      vertex   -6.838254e-02 -1.595809e-01 -8.878625e-02
      vertex   -6.898298e-02 -1.548757e-01 -8.957945e-02
      vertex   -6.612457e-02 -1.606086e-01 -8.967051e-02
    endloop
  endfacet
  facet normal -4.661935e-01 -1.411560e-01 -8.733491e-01
    outer loop
      vertex   -7.098799e-02 -1.526405e-01 -8.887044e-02
      vertex   -7.100927e-02 -1.486497e-01 -8.950409e-02
      vertex   -6.898298e-02 -1.548757e-01 -8.957945e-02
    endloop
  endfacet
  facet normal -5.326041e-01 -9.375358e-02 -8.411558e-01
    outer loop
      vertex   -7.233847e-02 -1.479306e-01 -8.874262e-02
      vertex   -7.190155e-02 -1.448567e-01 -8.936188e-02
      vertex   -7.100927e-02 -1.486497e-01 -8.950409e-02
    endloop
  endfacet
  facet normal -4.536150e-01 -3.627026e-01 -8.140517e-01
    outer loop
      vertex   -6.361974e-02 -1.680566e-01 -8.839655e-02
      vertex   -6.327602e-02 -1.660308e-01 -8.949068e-02
      vertex   -6.035602e-02 -1.698954e-01 -8.939594e-02
    endloop
  endfacet
  facet normal -4.916100e-01 -3.477781e-01 -7.983545e-01
    outer loop
      vertex   -6.361974e-02 -1.680566e-01 -8.839655e-02
      vertex   -6.616235e-02 -1.635029e-01 -8.881456e-02
      vertex   -6.327602e-02 -1.660308e-01 -8.949068e-02
    endloop
  endfacet
  facet normal -4.490461e-01 -2.480029e-01 -8.584010e-01
    outer loop
      vertex   -6.838254e-02 -1.595809e-01 -8.878625e-02
      vertex   -6.612457e-02 -1.606086e-01 -8.967051e-02
      vertex   -6.616235e-02 -1.635029e-01 -8.881456e-02
    endloop
  endfacet
  facet normal -5.224001e-01 -2.061470e-01 -8.274065e-01
    outer loop
      vertex   -7.098799e-02 -1.526405e-01 -8.887044e-02
      vertex   -6.898298e-02 -1.548757e-01 -8.957945e-02
      vertex   -6.838254e-02 -1.595809e-01 -8.878625e-02
    endloop
  endfacet
  facet normal -5.462575e-01 -1.341918e-01 -8.267982e-01
    outer loop
      vertex   -7.233847e-02 -1.479306e-01 -8.874262e-02
      vertex   -7.100927e-02 -1.486497e-01 -8.950409e-02
      vertex   -7.098799e-02 -1.526405e-01 -8.887044e-02
    endloop
  endfacet
  facet normal -6.370119e-01 -5.242788e-02 -7.690691e-01
    outer loop
      vertex   -7.369894e-02 -1.385130e-01 -8.830557e-02
      vertex   -7.241478e-02 -1.385130e-01 -8.936923e-02
      vertex   -7.190155e-02 -1.448567e-01 -8.936188e-02
    endloop
  endfacet
  facet normal -5.354004e-01 -4.392016e-01 -7.214210e-01
    outer loop
      vertex   -6.078952e-02 -1.722421e-01 -8.764555e-02
      vertex   -6.035602e-02 -1.698954e-01 -8.939594e-02
      vertex   -5.846016e-02 -1.732226e-01 -8.877733e-02
    endloop
  endfacet
  facet normal -4.873496e-01 -4.624534e-01 -7.406937e-01
    outer loop
      vertex   -6.361974e-02 -1.680566e-01 -8.839655e-02
      vertex   -6.035602e-02 -1.698954e-01 -8.939594e-02
      vertex   -6.078952e-02 -1.722421e-01 -8.764555e-02
    endloop
  endfacet
  facet normal -6.617874e-01 -2.569797e-01 -7.042718e-01
    outer loop
      vertex   -7.093143e-02 -1.559578e-01 -8.771312e-02
      vertex   -7.098799e-02 -1.526405e-01 -8.887044e-02
      vertex   -6.838254e-02 -1.595809e-01 -8.878625e-02
    endloop
  endfacet
  facet normal -6.456336e-01 -6.157209e-02 -7.611610e-01
    outer loop
      vertex   -7.335594e-02 -1.460803e-01 -8.802926e-02
      vertex   -7.190155e-02 -1.448567e-01 -8.936188e-02
      vertex   -7.233847e-02 -1.479306e-01 -8.874262e-02
    endloop
  endfacet
  facet normal -6.479258e-01 -5.710354e-02 -7.595600e-01
    outer loop
      vertex   -7.335594e-02 -1.460803e-01 -8.802926e-02
      vertex   -7.369894e-02 -1.385130e-01 -8.830557e-02
      vertex   -7.190155e-02 -1.448567e-01 -8.936188e-02
    endloop
  endfacet
  facet normal -6.507075e-01 -3.635448e-01 -6.666445e-01
    outer loop
      vertex   -6.883517e-02 -1.606676e-01 -8.775183e-02
      vertex   -6.838254e-02 -1.595809e-01 -8.878625e-02
      vertex   -6.616235e-02 -1.635029e-01 -8.881456e-02
    endloop
  endfacet
  facet normal -7.076508e-01 -3.097497e-01 -6.350477e-01
    outer loop
      vertex   -7.093143e-02 -1.559578e-01 -8.771312e-02
      vertex   -6.838254e-02 -1.595809e-01 -8.878625e-02
      vertex   -6.883517e-02 -1.606676e-01 -8.775183e-02
    endloop
  endfacet
  facet normal -7.281256e-01 -2.368167e-01 -6.432347e-01
    outer loop
      vertex   -7.255936e-02 -1.506003e-01 -8.784280e-02
      vertex   -7.098799e-02 -1.526405e-01 -8.887044e-02
      vertex   -7.093143e-02 -1.559578e-01 -8.771312e-02
    endloop
  endfacet
  facet normal -6.906520e-01 -1.790172e-01 -7.006801e-01
    outer loop
      vertex   -7.255936e-02 -1.506003e-01 -8.784280e-02
      vertex   -7.233847e-02 -1.479306e-01 -8.874262e-02
      vertex   -7.098799e-02 -1.526405e-01 -8.887044e-02
    endloop
  endfacet
  facet normal -7.429634e-01 -1.577669e-01 -6.504728e-01
    outer loop
      vertex   -7.335594e-02 -1.460803e-01 -8.802926e-02
      vertex   -7.233847e-02 -1.479306e-01 -8.874262e-02
      vertex   -7.255936e-02 -1.506003e-01 -8.784280e-02
    endloop
  endfacet
  facet normal -6.565857e-01 -5.387116e-01 -5.279063e-01
    outer loop
      vertex   -6.428085e-02 -1.688425e-01 -8.677230e-02
      vertex   -6.361974e-02 -1.680566e-01 -8.839655e-02
      vertex   -6.078952e-02 -1.722421e-01 -8.764555e-02
    endloop
  endfacet
  facet normal -6.859541e-01 -5.052234e-01 -5.236567e-01
    outer loop
      vertex   -6.639940e-02 -1.656287e-01 -8.709785e-02
      vertex   -6.361974e-02 -1.680566e-01 -8.839655e-02
      vertex   -6.428085e-02 -1.688425e-01 -8.677230e-02
    endloop
  endfacet
  facet normal -6.606806e-01 -4.256528e-01 -6.183210e-01
    outer loop
      vertex   -6.639940e-02 -1.656287e-01 -8.709785e-02
      vertex   -6.616235e-02 -1.635029e-01 -8.881456e-02
      vertex   -6.361974e-02 -1.680566e-01 -8.839655e-02
    endloop
  endfacet
  facet normal -6.795920e-01 -4.135333e-01 -6.059248e-01
    outer loop
      vertex   -6.639940e-02 -1.656287e-01 -8.709785e-02
      vertex   -6.883517e-02 -1.606676e-01 -8.775183e-02
      vertex   -6.616235e-02 -1.635029e-01 -8.881456e-02
    endloop
  endfacet
  facet normal -8.602756e-01 -1.714151e-01 -4.801487e-01
    outer loop
      vertex   -7.399025e-02 -1.464129e-01 -8.677401e-02
      vertex   -7.335594e-02 -1.460803e-01 -8.802926e-02
      vertex   -7.255936e-02 -1.506003e-01 -8.784280e-02
    endloop
  endfacet
  facet normal -8.142668e-01 -5.799847e-02 -5.775861e-01
    outer loop
      vertex   -7.450485e-02 -1.385130e-01 -8.716942e-02
      vertex   -7.369894e-02 -1.385130e-01 -8.830557e-02
      vertex   -7.335594e-02 -1.460803e-01 -8.802926e-02
    endloop
  endfacet
  facet normal -8.058525e-01 -4.468599e-01 -3.884817e-01
    outer loop
      vertex   -7.006706e-02 -1.596388e-01 -8.637982e-02
      vertex   -6.883517e-02 -1.606676e-01 -8.775183e-02
      vertex   -6.639940e-02 -1.656287e-01 -8.709785e-02
    endloop
  endfacet
  facet normal -8.722384e-01 -1.822099e-01 -4.538719e-01
    outer loop
      vertex   -7.336555e-02 -1.502185e-01 -8.644675e-02
      vertex   -7.399025e-02 -1.464129e-01 -8.677401e-02
      vertex   -7.255936e-02 -1.506003e-01 -8.784280e-02
    endloop
  endfacet
  facet normal -8.808298e-01 -8.072679e-02 -4.664998e-01
    outer loop
      vertex   -7.399025e-02 -1.464129e-01 -8.677401e-02
      vertex   -7.450485e-02 -1.385130e-01 -8.716942e-02
      vertex   -7.335594e-02 -1.460803e-01 -8.802926e-02
    endloop
  endfacet
  facet normal -8.121296e-01 -3.576829e-01 -4.609864e-01
    outer loop
      vertex   -7.006706e-02 -1.596388e-01 -8.637982e-02
      vertex   -7.093143e-02 -1.559578e-01 -8.771312e-02
      vertex   -6.883517e-02 -1.606676e-01 -8.775183e-02
    endloop
  endfacet
  facet normal -8.998339e-01 -3.190577e-01 -2.974915e-01
    outer loop
      vertex   -7.244572e-02 -1.542169e-01 -8.500000e-02
      vertex   -7.093143e-02 -1.559578e-01 -8.771312e-02
      vertex   -7.006706e-02 -1.596388e-01 -8.637982e-02
    endloop
  endfacet
  facet normal -9.033087e-01 -2.822966e-01 -3.230201e-01
    outer loop
      vertex   -7.244572e-02 -1.542169e-01 -8.500000e-02
      vertex   -7.255936e-02 -1.506003e-01 -8.784280e-02
      vertex   -7.093143e-02 -1.559578e-01 -8.771312e-02
    endloop
  endfacet
  facet normal -8.516201e-01 -3.402036e-01 -3.987540e-01
    outer loop
      vertex   -7.336555e-02 -1.502185e-01 -8.644675e-02
      vertex   -7.255936e-02 -1.506003e-01 -8.784280e-02
      vertex   -7.244572e-02 -1.542169e-01 -8.500000e-02
    endloop
  endfacet
  facet normal -9.633969e-01 -7.562872e-02 -2.571900e-01
    outer loop
      vertex   -7.458361e-02 -1.448873e-01 -8.500000e-02
      vertex   -7.450485e-02 -1.385130e-01 -8.716942e-02
      vertex   -7.399025e-02 -1.464129e-01 -8.677401e-02
    endloop
  endfacet
  facet normal -6.846190e-01 -6.681494e-01 -2.913300e-01
    outer loop
      vertex   -6.161690e-02 -1.725478e-01 -8.500000e-02
      vertex   -6.078952e-02 -1.722421e-01 -8.764555e-02
      vertex   -5.970371e-02 -1.745082e-01 -8.500000e-02
    endloop
  endfacet
  facet normal -7.034564e-01 -6.467406e-01 -2.947470e-01
    outer loop
      vertex   -6.161690e-02 -1.725478e-01 -8.500000e-02
      vertex   -6.428085e-02 -1.688425e-01 -8.677230e-02
      vertex   -6.078952e-02 -1.722421e-01 -8.764555e-02
    endloop
  endfacet
  facet normal -8.030884e-01 -5.520980e-01 -2.241357e-01
    outer loop
      vertex   -6.718977e-02 -1.653307e-01 -8.500000e-02
      vertex   -6.639940e-02 -1.656287e-01 -8.709785e-02
      vertex   -6.428085e-02 -1.688425e-01 -8.677230e-02
    endloop
  endfacet
  facet normal -8.466708e-01 -4.684246e-01 -2.524418e-01
    outer loop
      vertex   -6.983982e-02 -1.605408e-01 -8.500000e-02
      vertex   -6.639940e-02 -1.656287e-01 -8.709785e-02
      vertex   -6.718977e-02 -1.653307e-01 -8.500000e-02
    endloop
  endfacet
  facet normal -8.478058e-01 -4.969154e-01 -1.852040e-01
    outer loop
      vertex   -6.983982e-02 -1.605408e-01 -8.500000e-02
      vertex   -7.006706e-02 -1.596388e-01 -8.637982e-02
      vertex   -6.639940e-02 -1.656287e-01 -8.709785e-02
    endloop
  endfacet
  facet normal -9.729576e-01 -6.355716e-02 -2.220677e-01
    outer loop
      vertex   -7.500000e-02 -1.385130e-01 -8.500000e-02
      vertex   -7.450485e-02 -1.385130e-01 -8.716942e-02
      vertex   -7.458361e-02 -1.448873e-01 -8.500000e-02
    endloop
  endfacet
  facet normal -7.546077e-01 -6.301129e-01 -1.830981e-01
    outer loop
      vertex   -6.483404e-02 -1.686951e-01 -8.500000e-02
      vertex   -6.428085e-02 -1.688425e-01 -8.677230e-02
      vertex   -6.161690e-02 -1.725478e-01 -8.500000e-02
    endloop
  endfacet
  facet normal -8.019971e-01 -5.615603e-01 -2.035947e-01
    outer loop
      vertex   -6.483404e-02 -1.686951e-01 -8.500000e-02
      vertex   -6.718977e-02 -1.653307e-01 -8.500000e-02
      vertex   -6.428085e-02 -1.688425e-01 -8.677230e-02
    endloop
  endfacet
  facet normal -9.593712e-01 -2.601916e-01 -1.091199e-01
    outer loop
      vertex   -7.387863e-02 -1.489335e-01 -8.500000e-02
      vertex   -7.336555e-02 -1.502185e-01 -8.644675e-02
      vertex   -7.244572e-02 -1.542169e-01 -8.500000e-02
    endloop
  endfacet
  facet normal -9.665813e-01 -1.747930e-01 -1.875310e-01
    outer loop
      vertex   -7.387863e-02 -1.489335e-01 -8.500000e-02
      vertex   -7.399025e-02 -1.464129e-01 -8.677401e-02
      vertex   -7.336555e-02 -1.502185e-01 -8.644675e-02
    endloop
  endfacet
  facet normal -9.692550e-01 -1.688766e-01 -1.789567e-01
    outer loop
      vertex   -7.387863e-02 -1.489335e-01 -8.500000e-02
      vertex   -7.458361e-02 -1.448873e-01 -8.500000e-02
      vertex   -7.399025e-02 -1.464129e-01 -8.677401e-02
    endloop
  endfacet
  facet normal -2.199925e-02 -1.427938e-01 -9.895079e-01
    outer loop
      vertex   -2.500000e-02 -1.835130e-01 -9.000000e-02
      vertex   -2.500000e-02 -1.847568e-01 -8.982051e-02
      vertex   -3.750576e-02 -1.815863e-01 -9.000000e-02
    endloop
  endfacet
  facet normal -9.202785e-01 -3.792198e-01 -9.633227e-02
    outer loop
      vertex   -6.983982e-02 -1.605408e-01 -8.500000e-02
      vertex   -7.244572e-02 -1.542169e-01 -8.500000e-02
      vertex   -7.006706e-02 -1.596388e-01 -8.637982e-02
    endloop
  endfacet
  facet normal -4.459316e-04 -5.252933e-01 -8.509211e-01
    outer loop
      vertex   2.500000e-02 -1.866304e-01 -8.890916e-02
      vertex   -1.000000e-02 -1.866206e-01 -8.889687e-02
      vertex   2.500000e-02 -1.857983e-01 -8.942288e-02
    endloop
  endfacet
  facet normal -4.448832e-04 -7.250191e-01 -6.887286e-01
    outer loop
      vertex   2.500000e-02 -1.866304e-01 -8.890916e-02
      vertex   -6.661338e-15 -1.875844e-01 -8.788880e-02
      vertex   -1.000000e-02 -1.866206e-01 -8.889687e-02
    endloop
  endfacet
  facet normal -9.352622e-04 -4.342043e-01 -9.008140e-01
    outer loop
      vertex   2.500000e-02 -1.857983e-01 -8.942288e-02
      vertex   -2.500000e-02 -1.862791e-01 -8.913920e-02
      vertex   3.750000e-03 -1.850970e-01 -8.973882e-02
    endloop
  endfacet
  facet normal 6.702639e-04 -5.589192e-01 -8.292219e-01
    outer loop
      vertex   2.500000e-02 -1.857983e-01 -8.942288e-02
      vertex   -1.000000e-02 -1.866206e-01 -8.889687e-02
      vertex   -2.500000e-02 -1.862791e-01 -8.913920e-02
    endloop
  endfacet
  facet normal 0.000000e+00 -9.850187e-01 -1.724478e-01
    outer loop
      vertex   5.156250e-03 -1.882518e-01 -8.649206e-02
      vertex   2.500000e-02 -1.885130e-01 -8.500000e-02
      vertex   -2.500000e-02 -1.885130e-01 -8.500000e-02
    endloop
  endfacet
  facet normal 2.059995e-03 -9.800040e-01 -1.989669e-01
    outer loop
      vertex   2.500000e-02 -1.881251e-01 -8.691041e-02
      vertex   2.500000e-02 -1.885130e-01 -8.500000e-02
      vertex   5.156250e-03 -1.882518e-01 -8.649206e-02
    endloop
  endfacet
  facet normal -0.000000e+00 -1.428284e-01 -9.897475e-01
    outer loop
      vertex   2.500000e-02 -1.835130e-01 -9.000000e-02
      vertex   -2.500000e-02 -1.847568e-01 -8.982051e-02
      vertex   -2.500000e-02 -1.835130e-01 -9.000000e-02
    endloop
  endfacet
  facet normal 7.566594e-04 -1.725602e-01 -9.849987e-01
    outer loop
      vertex   3.750000e-03 -1.850970e-01 -8.973882e-02
      vertex   -2.500000e-02 -1.847568e-01 -8.982051e-02
      vertex   2.500000e-02 -1.835130e-01 -9.000000e-02
    endloop
  endfacet
  facet normal 1.380617e-03 -9.893854e-01 -1.453085e-01
    outer loop
      vertex   -2.500000e-02 -1.883100e-01 -8.638200e-02
      vertex   5.156250e-03 -1.882518e-01 -8.649206e-02
      vertex   -2.500000e-02 -1.885130e-01 -8.500000e-02
    endloop
  endfacet
  facet normal 8.000644e-05 -8.927619e-01 -4.505289e-01
    outer loop
      vertex   -2.500000e-02 -1.875588e-01 -8.787064e-02
      vertex   5.156250e-03 -1.882518e-01 -8.649206e-02
      vertex   -2.500000e-02 -1.883100e-01 -8.638200e-02
    endloop
  endfacet
  facet normal -1.236322e-03 -9.040562e-01 -4.274118e-01
    outer loop
      vertex   -2.500000e-02 -1.875588e-01 -8.787064e-02
      vertex   -6.661338e-15 -1.875844e-01 -8.788880e-02
      vertex   5.156250e-03 -1.882518e-01 -8.649206e-02
    endloop
  endfacet
  facet normal -1.243829e-03 -7.289524e-01 -6.845633e-01
    outer loop
      vertex   -2.500000e-02 -1.875588e-01 -8.787064e-02
      vertex   -1.000000e-02 -1.866206e-01 -8.889687e-02
      vertex   -6.661338e-15 -1.875844e-01 -8.788880e-02
    endloop
  endfacet
  facet normal -4.556417e-03 -7.040071e-01 -7.101783e-01
    outer loop
      vertex   -2.500000e-02 -1.862791e-01 -8.913920e-02
      vertex   -1.000000e-02 -1.866206e-01 -8.889687e-02
      vertex   -2.500000e-02 -1.875588e-01 -8.787064e-02
    endloop
  endfacet
  facet normal -2.240914e-03 -4.085050e-01 -9.127534e-01
    outer loop
      vertex   -2.500000e-02 -1.847568e-01 -8.982051e-02
      vertex   3.750000e-03 -1.850970e-01 -8.973882e-02
      vertex   -2.500000e-02 -1.862791e-01 -8.913920e-02
    endloop
  endfacet
  facet normal 6.335210e-03 -2.448477e-01 -9.695409e-01
    outer loop
      vertex   2.500000e-02 -1.857983e-01 -8.942288e-02
      vertex   3.750000e-03 -1.850970e-01 -8.973882e-02
      vertex   2.500000e-02 -1.835130e-01 -9.000000e-02
    endloop
  endfacet
  facet normal -1.400367e-04 -7.287662e-01 -6.847626e-01
    outer loop
      vertex   2.500000e-02 -1.874910e-01 -8.799333e-02
      vertex   -6.661338e-15 -1.875844e-01 -8.788880e-02
      vertex   2.500000e-02 -1.866304e-01 -8.890916e-02
    endloop
  endfacet
  facet normal 1.541051e-03 -9.000631e-01 -4.357569e-01
    outer loop
      vertex   2.500000e-02 -1.874910e-01 -8.799333e-02
      vertex   5.156250e-03 -1.882518e-01 -8.649206e-02
      vertex   -6.661338e-15 -1.875844e-01 -8.788880e-02
    endloop
  endfacet
  facet normal -5.145856e-03 -8.629168e-01 -5.053199e-01
    outer loop
      vertex   2.500000e-02 -1.881251e-01 -8.691041e-02
      vertex   5.156250e-03 -1.882518e-01 -8.649206e-02
      vertex   2.500000e-02 -1.874910e-01 -8.799333e-02
    endloop
  endfacet
  facet normal 9.843666e-01 -5.561758e-02 -1.671199e-01
    outer loop
      vertex   7.500000e-02 -1.385130e-01 -8.500000e-02
      vertex   7.444707e-02 -1.439520e-01 -8.644675e-02
      vertex   7.474339e-02 -1.385130e-01 -8.651151e-02
    endloop
  endfacet
  facet normal 9.942162e-01 -8.291555e-02 -6.825833e-02
    outer loop
      vertex   7.431773e-02 -1.466939e-01 -8.500000e-02
      vertex   7.444707e-02 -1.439520e-01 -8.644675e-02
      vertex   7.500000e-02 -1.385130e-01 -8.500000e-02
    endloop
  endfacet
  facet normal 9.523773e-01 -1.762251e-01 -2.488416e-01
    outer loop
      vertex   7.431773e-02 -1.466939e-01 -8.500000e-02
      vertex   7.315935e-02 -1.503992e-01 -8.680939e-02
      vertex   7.444707e-02 -1.439520e-01 -8.644675e-02
    endloop
  endfacet
  facet normal 9.604537e-01 -2.122760e-01 -1.801878e-01
    outer loop
      vertex   7.323451e-02 -1.515950e-01 -8.500000e-02
      vertex   7.315935e-02 -1.503992e-01 -8.680939e-02
      vertex   7.431773e-02 -1.466939e-01 -8.500000e-02
    endloop
  endfacet
  facet normal 9.031724e-01 -4.133740e-01 -1.157649e-01
    outer loop
      vertex   6.923612e-02 -1.617697e-01 -8.500000e-02
      vertex   6.947233e-02 -1.608666e-01 -8.638200e-02
      vertex   7.151435e-02 -1.567920e-01 -8.500000e-02
    endloop
  endfacet
  facet normal 8.586459e-01 -4.837738e-01 -1.693815e-01
    outer loop
      vertex   6.923612e-02 -1.617697e-01 -8.500000e-02
      vertex   6.701850e-02 -1.652218e-01 -8.638200e-02
      vertex   6.947233e-02 -1.608666e-01 -8.638200e-02
    endloop
  endfacet
  facet normal 8.520816e-01 -5.183753e-01 -7.241561e-02
    outer loop
      vertex   6.615471e-02 -1.668348e-01 -8.500000e-02
      vertex   6.701850e-02 -1.652218e-01 -8.638200e-02
      vertex   6.923612e-02 -1.617697e-01 -8.500000e-02
    endloop
  endfacet
  facet normal 8.039616e-01 -5.714838e-01 -1.644747e-01
    outer loop
      vertex   6.615471e-02 -1.668348e-01 -8.500000e-02
      vertex   6.449930e-02 -1.687278e-01 -8.651410e-02
      vertex   6.701850e-02 -1.652218e-01 -8.638200e-02
    endloop
  endfacet
  facet normal 7.903195e-01 -6.026257e-01 -1.106226e-01
    outer loop
      vertex   6.283548e-02 -1.711878e-01 -8.500000e-02
      vertex   6.449930e-02 -1.687278e-01 -8.651410e-02
      vertex   6.615471e-02 -1.668348e-01 -8.500000e-02
    endloop
  endfacet
  facet normal 7.130054e-01 -6.958424e-01 -8.617802e-02
    outer loop
      vertex   5.901212e-02 -1.751055e-01 -8.500000e-02
      vertex   6.083611e-02 -1.730653e-01 -8.638200e-02
      vertex   6.283548e-02 -1.711878e-01 -8.500000e-02
    endloop
  endfacet
  facet normal 9.216275e-01 -3.050501e-01 -2.398901e-01
    outer loop
      vertex   7.323451e-02 -1.515950e-01 -8.500000e-02
      vertex   7.151435e-02 -1.567920e-01 -8.500000e-02
      vertex   7.315935e-02 -1.503992e-01 -8.680939e-02
    endloop
  endfacet
  facet normal 8.985807e-01 -3.706920e-01 -2.348196e-01
    outer loop
      vertex   7.151435e-02 -1.567920e-01 -8.500000e-02
      vertex   6.947233e-02 -1.608666e-01 -8.638200e-02
      vertex   7.128576e-02 -1.559762e-01 -8.716260e-02
    endloop
  endfacet
  facet normal 7.431398e-01 -6.341173e-01 -2.136317e-01
    outer loop
      vertex   6.283548e-02 -1.711878e-01 -8.500000e-02
      vertex   6.083611e-02 -1.730653e-01 -8.638200e-02
      vertex   6.449930e-02 -1.687278e-01 -8.651410e-02
    endloop
  endfacet
  facet normal 9.063920e-01 -5.436742e-02 -4.189244e-01
    outer loop
      vertex   7.444707e-02 -1.439520e-01 -8.644675e-02
      vertex   7.388035e-02 -1.441148e-01 -8.765180e-02
      vertex   7.474339e-02 -1.385130e-01 -8.651151e-02
    endloop
  endfacet
  facet normal 9.305077e-01 -2.992246e-01 -2.112346e-01
    outer loop
      vertex   7.151435e-02 -1.567920e-01 -8.500000e-02
      vertex   7.128576e-02 -1.559762e-01 -8.716260e-02
      vertex   7.315935e-02 -1.503992e-01 -8.680939e-02
    endloop
  endfacet
  facet normal 8.005071e-01 -3.718651e-01 -4.700051e-01
    outer loop
      vertex   6.947233e-02 -1.608666e-01 -8.638200e-02
      vertex   6.958306e-02 -1.584326e-01 -8.811914e-02
      vertex   7.128576e-02 -1.559762e-01 -8.716260e-02
    endloop
  endfacet
  facet normal 7.919139e-01 -3.781929e-01 -4.794190e-01
    outer loop
      vertex   6.947233e-02 -1.608666e-01 -8.638200e-02
      vertex   6.783215e-02 -1.630695e-01 -8.735345e-02
      vertex   6.958306e-02 -1.584326e-01 -8.811914e-02
    endloop
  endfacet
  facet normal 8.202996e-01 -4.621689e-01 -3.369103e-01
    outer loop
      vertex   6.701850e-02 -1.652218e-01 -8.638200e-02
      vertex   6.783215e-02 -1.630695e-01 -8.735345e-02
      vertex   6.947233e-02 -1.608666e-01 -8.638200e-02
    endloop
  endfacet
  facet normal 7.135396e-01 -4.939889e-01 -4.968261e-01
    outer loop
      vertex   6.701850e-02 -1.652218e-01 -8.638200e-02
      vertex   6.449930e-02 -1.687278e-01 -8.651410e-02
      vertex   6.783215e-02 -1.630695e-01 -8.735345e-02
    endloop
  endfacet
  facet normal 6.895809e-01 -5.715641e-01 -4.447388e-01
    outer loop
      vertex   6.449930e-02 -1.687278e-01 -8.651410e-02
      vertex   6.110730e-02 -1.720716e-01 -8.747613e-02
      vertex   6.481327e-02 -1.675527e-01 -8.753748e-02
    endloop
  endfacet
  facet normal 7.025479e-01 -6.047535e-01 -3.750995e-01
    outer loop
      vertex   6.083611e-02 -1.730653e-01 -8.638200e-02
      vertex   6.110730e-02 -1.720716e-01 -8.747613e-02
      vertex   6.449930e-02 -1.687278e-01 -8.651410e-02
    endloop
  endfacet
  facet normal 8.976455e-01 -4.914304e-02 -4.379697e-01
    outer loop
      vertex   7.474339e-02 -1.385130e-01 -8.651151e-02
      vertex   7.388035e-02 -1.441148e-01 -8.765180e-02
      vertex   7.407139e-02 -1.385130e-01 -8.788880e-02
    endloop
  endfacet
  facet normal 8.983480e-01 -1.877829e-01 -3.971253e-01
    outer loop
      vertex   7.444707e-02 -1.439520e-01 -8.644675e-02
      vertex   7.277296e-02 -1.481286e-01 -8.825887e-02
      vertex   7.388035e-02 -1.441148e-01 -8.765180e-02
    endloop
  endfacet
  facet normal 8.729009e-01 -1.482015e-01 -4.648444e-01
    outer loop
      vertex   7.315935e-02 -1.503992e-01 -8.680939e-02
      vertex   7.277296e-02 -1.481286e-01 -8.825887e-02
      vertex   7.444707e-02 -1.439520e-01 -8.644675e-02
    endloop
  endfacet
  facet normal 8.235529e-01 -1.989608e-01 -5.312017e-01
    outer loop
      vertex   7.315935e-02 -1.503992e-01 -8.680939e-02
      vertex   7.174074e-02 -1.528050e-01 -8.810765e-02
      vertex   7.277296e-02 -1.481286e-01 -8.825887e-02
    endloop
  endfacet
  facet normal 8.527822e-01 -2.577219e-01 -4.542487e-01
    outer loop
      vertex   7.315935e-02 -1.503992e-01 -8.680939e-02
      vertex   7.128576e-02 -1.559762e-01 -8.716260e-02
      vertex   7.174074e-02 -1.528050e-01 -8.810765e-02
    endloop
  endfacet
  facet normal 7.838514e-01 -5.134963e-01 -3.491396e-01
    outer loop
      vertex   6.449930e-02 -1.687278e-01 -8.651410e-02
      vertex   6.481327e-02 -1.675527e-01 -8.753748e-02
      vertex   6.783215e-02 -1.630695e-01 -8.735345e-02
    endloop
  endfacet
  facet normal 7.484379e-01 -2.857381e-01 -5.984935e-01
    outer loop
      vertex   7.128576e-02 -1.559762e-01 -8.716260e-02
      vertex   6.958306e-02 -1.584326e-01 -8.811914e-02
      vertex   7.174074e-02 -1.528050e-01 -8.810765e-02
    endloop
  endfacet
  facet normal 7.158118e-01 -3.682606e-01 -5.932939e-01
    outer loop
      vertex   6.783215e-02 -1.630695e-01 -8.735345e-02
      vertex   6.745512e-02 -1.618406e-01 -8.857112e-02
      vertex   6.958306e-02 -1.584326e-01 -8.811914e-02
    endloop
  endfacet
  facet normal 6.745859e-01 -4.047424e-01 -6.173471e-01
    outer loop
      vertex   6.783215e-02 -1.630695e-01 -8.735345e-02
      vertex   6.549120e-02 -1.650427e-01 -8.861783e-02
      vertex   6.745512e-02 -1.618406e-01 -8.857112e-02
    endloop
  endfacet
  facet normal 6.837271e-01 -4.363985e-01 -5.848706e-01
    outer loop
      vertex   6.481327e-02 -1.675527e-01 -8.753748e-02
      vertex   6.549120e-02 -1.650427e-01 -8.861783e-02
      vertex   6.783215e-02 -1.630695e-01 -8.735345e-02
    endloop
  endfacet
  facet normal 6.226347e-01 -4.451562e-01 -6.435542e-01
    outer loop
      vertex   6.481327e-02 -1.675527e-01 -8.753748e-02
      vertex   6.298475e-02 -1.686835e-01 -8.852442e-02
      vertex   6.549120e-02 -1.650427e-01 -8.861783e-02
    endloop
  endfacet
  facet normal 6.323029e-01 -5.262709e-01 -5.685349e-01
    outer loop
      vertex   6.110730e-02 -1.720716e-01 -8.747613e-02
      vertex   6.298475e-02 -1.686835e-01 -8.852442e-02
      vertex   6.481327e-02 -1.675527e-01 -8.753748e-02
    endloop
  endfacet
  facet normal 6.176872e-01 -5.237690e-01 -5.866247e-01
    outer loop
      vertex   6.110730e-02 -1.720716e-01 -8.747613e-02
      vertex   6.036660e-02 -1.719927e-01 -8.832649e-02
      vertex   6.298475e-02 -1.686835e-01 -8.852442e-02
    endloop
  endfacet
  facet normal 7.096911e-01 -5.392302e-02 -7.024464e-01
    outer loop
      vertex   7.388035e-02 -1.441148e-01 -8.765180e-02
      vertex   7.299333e-02 -1.385130e-01 -8.897799e-02
      vertex   7.407139e-02 -1.385130e-01 -8.788880e-02
    endloop
  endfacet
  facet normal 6.646053e-01 -7.085895e-02 -7.438271e-01
    outer loop
      vertex   7.388035e-02 -1.441148e-01 -8.765180e-02
      vertex   7.277296e-02 -1.481286e-01 -8.825887e-02
      vertex   7.299333e-02 -1.385130e-01 -8.897799e-02
    endloop
  endfacet
  facet normal 7.312789e-01 -6.751850e-02 -6.787285e-01
    outer loop
      vertex   7.277296e-02 -1.481286e-01 -8.825887e-02
      vertex   7.213776e-02 -1.453435e-01 -8.922031e-02
      vertex   7.299333e-02 -1.385130e-01 -8.897799e-02
    endloop
  endfacet
  facet normal 6.279390e-01 -1.632127e-01 -7.609561e-01
    outer loop
      vertex   7.174074e-02 -1.528050e-01 -8.810765e-02
      vertex   7.049403e-02 -1.524294e-01 -8.921699e-02
      vertex   7.277296e-02 -1.481286e-01 -8.825887e-02
    endloop
  endfacet
  facet normal 6.069526e-01 -2.311606e-01 -7.603771e-01
    outer loop
      vertex   6.958306e-02 -1.584326e-01 -8.811914e-02
      vertex   7.049403e-02 -1.524294e-01 -8.921699e-02
      vertex   7.174074e-02 -1.528050e-01 -8.810765e-02
    endloop
  endfacet
  facet normal 5.270228e-01 -3.822955e-01 -7.590106e-01
    outer loop
      vertex   6.298475e-02 -1.686835e-01 -8.852442e-02
      vertex   6.364273e-02 -1.664284e-01 -8.920336e-02
      vertex   6.549120e-02 -1.650427e-01 -8.861783e-02
    endloop
  endfacet
  facet normal 4.709943e-01 -4.190539e-01 -7.762462e-01
    outer loop
      vertex   6.036660e-02 -1.719927e-01 -8.832649e-02
      vertex   6.065711e-02 -1.698915e-01 -8.928457e-02
      vertex   6.298475e-02 -1.686835e-01 -8.852442e-02
    endloop
  endfacet
  facet normal 5.939231e-01 -1.381448e-01 -7.925726e-01
    outer loop
      vertex   7.277296e-02 -1.481286e-01 -8.825887e-02
      vertex   7.049403e-02 -1.524294e-01 -8.921699e-02
      vertex   7.213776e-02 -1.453435e-01 -8.922031e-02
    endloop
  endfacet
  facet normal 5.668797e-01 -2.306527e-01 -7.908519e-01
    outer loop
      vertex   6.958306e-02 -1.584326e-01 -8.811914e-02
      vertex   6.716970e-02 -1.601939e-01 -8.933533e-02
      vertex   7.049403e-02 -1.524294e-01 -8.921699e-02
    endloop
  endfacet
  facet normal 5.785958e-01 -2.586844e-01 -7.735046e-01
    outer loop
      vertex   6.745512e-02 -1.618406e-01 -8.857112e-02
      vertex   6.716970e-02 -1.601939e-01 -8.933533e-02
      vertex   6.958306e-02 -1.584326e-01 -8.811914e-02
    endloop
  endfacet
  facet normal 4.970128e-01 -2.929211e-01 -8.168081e-01
    outer loop
      vertex   6.549120e-02 -1.650427e-01 -8.861783e-02
      vertex   6.716970e-02 -1.601939e-01 -8.933533e-02
      vertex   6.745512e-02 -1.618406e-01 -8.857112e-02
    endloop
  endfacet
  facet normal 4.788949e-01 -2.884714e-01 -8.291224e-01
    outer loop
      vertex   6.549120e-02 -1.650427e-01 -8.861783e-02
      vertex   6.364273e-02 -1.664284e-01 -8.920336e-02
      vertex   6.716970e-02 -1.601939e-01 -8.933533e-02
    endloop
  endfacet
  facet normal 4.582265e-01 -3.761628e-01 -8.053137e-01
    outer loop
      vertex   6.298475e-02 -1.686835e-01 -8.852442e-02
      vertex   6.065711e-02 -1.698915e-01 -8.928457e-02
      vertex   6.364273e-02 -1.664284e-01 -8.920336e-02
    endloop
  endfacet
  facet normal 5.050533e-01 -3.266371e-02 -8.624699e-01
    outer loop
      vertex   7.299333e-02 -1.385130e-01 -8.897799e-02
      vertex   7.213776e-02 -1.453435e-01 -8.922031e-02
      vertex   7.191041e-02 -1.385130e-01 -8.961213e-02
    endloop
  endfacet
  facet normal 3.940213e-01 -3.955909e-02 -9.182496e-01
    outer loop
      vertex   7.213776e-02 -1.453435e-01 -8.922031e-02
      vertex   7.071737e-02 -1.461042e-01 -8.979703e-02
      vertex   7.191041e-02 -1.385130e-01 -8.961213e-02
    endloop
  endfacet
  facet normal 4.188237e-01 -9.757848e-02 -9.028096e-01
    outer loop
      vertex   7.049403e-02 -1.524294e-01 -8.921699e-02
      vertex   7.071737e-02 -1.461042e-01 -8.979703e-02
      vertex   7.213776e-02 -1.453435e-01 -8.922031e-02
    endloop
  endfacet
  facet normal 4.232972e-01 -9.754522e-02 -9.007244e-01
    outer loop
      vertex   7.049403e-02 -1.524294e-01 -8.921699e-02
      vertex   6.944232e-02 -1.524909e-01 -8.970458e-02
      vertex   7.071737e-02 -1.461042e-01 -8.979703e-02
    endloop
  endfacet
  facet normal 4.227194e-01 -1.674100e-01 -8.906639e-01
    outer loop
      vertex   6.716970e-02 -1.601939e-01 -8.933533e-02
      vertex   6.944232e-02 -1.524909e-01 -8.970458e-02
      vertex   7.049403e-02 -1.524294e-01 -8.921699e-02
    endloop
  endfacet
  facet normal 3.564953e-01 -1.493874e-01 -9.222768e-01
    outer loop
      vertex   6.716970e-02 -1.601939e-01 -8.933533e-02
      vertex   6.637401e-02 -1.591427e-01 -8.981317e-02
      vertex   6.944232e-02 -1.524909e-01 -8.970458e-02
    endloop
  endfacet
  facet normal 3.030467e-01 -1.946646e-01 -9.328818e-01
    outer loop
      vertex   6.716970e-02 -1.601939e-01 -8.933533e-02
      vertex   6.122290e-02 -1.672180e-01 -8.980143e-02
      vertex   6.637401e-02 -1.591427e-01 -8.981317e-02
    endloop
  endfacet
  facet normal 2.923256e-01 -1.852344e-01 -9.382078e-01
    outer loop
      vertex   6.364273e-02 -1.664284e-01 -8.920336e-02
      vertex   6.122290e-02 -1.672180e-01 -8.980143e-02
      vertex   6.716970e-02 -1.601939e-01 -8.933533e-02
    endloop
  endfacet
  facet normal 3.066953e-01 -2.428271e-01 -9.203114e-01
    outer loop
      vertex   6.364273e-02 -1.664284e-01 -8.920336e-02
      vertex   6.065711e-02 -1.698915e-01 -8.928457e-02
      vertex   6.122290e-02 -1.672180e-01 -8.980143e-02
    endloop
  endfacet
  facet normal 1.989645e-01 -7.400188e-03 -9.799788e-01
    outer loop
      vertex   7.191041e-02 -1.385130e-01 -8.961213e-02
      vertex   7.071737e-02 -1.461042e-01 -8.979703e-02
      vertex   7.000000e-02 -1.385130e-01 -9.000000e-02
    endloop
  endfacet
  facet normal 9.774899e-02 -1.736827e-02 -9.950595e-01
    outer loop
      vertex   7.071737e-02 -1.461042e-01 -8.979703e-02
      vertex   6.756531e-02 -1.522155e-01 -9.000000e-02
      vertex   7.000000e-02 -1.385130e-01 -9.000000e-02
    endloop
  endfacet
  facet normal 1.490127e-01 -4.404824e-02 -9.878537e-01
    outer loop
      vertex   6.944232e-02 -1.524909e-01 -8.970458e-02
      vertex   6.756531e-02 -1.522155e-01 -9.000000e-02
      vertex   7.071737e-02 -1.461042e-01 -8.979703e-02
    endloop
  endfacet
  facet normal 1.478046e-01 -5.205620e-02 -9.876457e-01
    outer loop
      vertex   6.637401e-02 -1.591427e-01 -8.981317e-02
      vertex   6.756531e-02 -1.522155e-01 -9.000000e-02
      vertex   6.944232e-02 -1.524909e-01 -8.970458e-02
    endloop
  endfacet
  facet normal 1.273184e-01 -8.265083e-02 -9.884123e-01
    outer loop
      vertex   6.122290e-02 -1.672180e-01 -8.980143e-02
      vertex   6.028434e-02 -1.662891e-01 -9.000000e-02
      vertex   6.637401e-02 -1.591427e-01 -8.981317e-02
    endloop
  endfacet
  facet normal 1.042755e-02 -5.656853e-02 -9.983443e-01
    outer loop
      vertex   3.577061e-02 -1.830149e-01 -8.991573e-02
      vertex   2.500000e-02 -1.835130e-01 -9.000000e-02
      vertex   3.994582e-02 -1.807580e-01 -9.000000e-02
    endloop
  endfacet
  facet normal 6.387279e-02 -1.228147e-01 -9.903721e-01
    outer loop
      vertex   4.624485e-02 -1.800805e-01 -8.967776e-02
      vertex   3.994582e-02 -1.807580e-01 -9.000000e-02
      vertex   5.162479e-02 -1.746840e-01 -9.000000e-02
    endloop
  endfacet
  facet normal 6.515854e-02 -1.356046e-01 -9.886181e-01
    outer loop
      vertex   4.132636e-02 -1.821069e-01 -8.972398e-02
      vertex   3.994582e-02 -1.807580e-01 -9.000000e-02
      vertex   4.624485e-02 -1.800805e-01 -8.967776e-02
    endloop
  endfacet
  facet normal 5.751800e-02 -1.432990e-01 -9.880066e-01
    outer loop
      vertex   4.132636e-02 -1.821069e-01 -8.972398e-02
      vertex   3.577061e-02 -1.830149e-01 -8.991573e-02
      vertex   3.994582e-02 -1.807580e-01 -9.000000e-02
    endloop
  endfacet
  facet normal 1.762609e-02 -2.159506e-01 -9.762452e-01
    outer loop
      vertex   3.079154e-02 -1.851275e-01 -8.953830e-02
      vertex   2.500000e-02 -1.835130e-01 -9.000000e-02
      vertex   3.577061e-02 -1.830149e-01 -8.991573e-02
    endloop
  endfacet
  facet normal 1.286857e-01 -1.804101e-01 -9.751370e-01
    outer loop
      vertex   5.144032e-02 -1.774961e-01 -8.950409e-02
      vertex   5.162479e-02 -1.746840e-01 -9.000000e-02
      vertex   5.581467e-02 -1.738644e-01 -8.959872e-02
    endloop
  endfacet
  facet normal 1.222366e-01 -1.801420e-01 -9.760159e-01
    outer loop
      vertex   5.144032e-02 -1.774961e-01 -8.950409e-02
      vertex   4.624485e-02 -1.800805e-01 -8.967776e-02
      vertex   5.162479e-02 -1.746840e-01 -9.000000e-02
    endloop
  endfacet
  facet normal 7.782783e-02 -2.737755e-01 -9.586396e-01
    outer loop
      vertex   3.563485e-02 -1.842698e-01 -8.956836e-02
      vertex   3.577061e-02 -1.830149e-01 -8.991573e-02
      vertex   4.132636e-02 -1.821069e-01 -8.972398e-02
    endloop
  endfacet
  facet normal 4.197916e-02 -2.707537e-01 -9.617329e-01
    outer loop
      vertex   3.079154e-02 -1.851275e-01 -8.953830e-02
      vertex   3.577061e-02 -1.830149e-01 -8.991573e-02
      vertex   3.563485e-02 -1.842698e-01 -8.956836e-02
    endloop
  endfacet
  facet normal 9.035919e-03 -2.448426e-01 -9.695207e-01
    outer loop
      vertex   2.500000e-02 -1.857983e-01 -8.942288e-02
      vertex   2.500000e-02 -1.835130e-01 -9.000000e-02
      vertex   3.079154e-02 -1.851275e-01 -8.953830e-02
    endloop
  endfacet
  facet normal 2.248881e-01 -3.921444e-01 -8.919911e-01
    outer loop
      vertex   4.710339e-02 -1.807981e-01 -8.914585e-02
      vertex   4.624485e-02 -1.800805e-01 -8.967776e-02
      vertex   5.144032e-02 -1.774961e-01 -8.950409e-02
    endloop
  endfacet
  facet normal 3.007120e-01 -3.849416e-01 -8.725779e-01
    outer loop
      vertex   5.144032e-02 -1.774961e-01 -8.950409e-02
      vertex   5.581467e-02 -1.738644e-01 -8.959872e-02
      vertex   5.613288e-02 -1.749031e-01 -8.903083e-02
    endloop
  endfacet
  facet normal 1.861142e-01 -4.316126e-01 -8.826506e-01
    outer loop
      vertex   4.710339e-02 -1.807981e-01 -8.914585e-02
      vertex   4.132636e-02 -1.821069e-01 -8.972398e-02
      vertex   4.624485e-02 -1.800805e-01 -8.967776e-02
    endloop
  endfacet
  facet normal 1.918594e-01 -4.651181e-01 -8.642078e-01
    outer loop
      vertex   4.010172e-02 -1.841546e-01 -8.889380e-02
      vertex   4.132636e-02 -1.821069e-01 -8.972398e-02
      vertex   4.710339e-02 -1.807981e-01 -8.914585e-02
    endloop
  endfacet
  facet normal 1.449341e-01 -4.449721e-01 -8.837386e-01
    outer loop
      vertex   4.010172e-02 -1.841546e-01 -8.889380e-02
      vertex   3.563485e-02 -1.842698e-01 -8.956836e-02
      vertex   4.132636e-02 -1.821069e-01 -8.972398e-02
    endloop
  endfacet
  facet normal 8.310366e-02 -4.994969e-01 -8.623205e-01
    outer loop
      vertex   3.079154e-02 -1.851275e-01 -8.953830e-02
      vertex   3.563485e-02 -1.842698e-01 -8.956836e-02
      vertex   3.503898e-02 -1.856088e-01 -8.885017e-02
    endloop
  endfacet
  facet normal 4.384069e-02 -5.247883e-01 -8.501031e-01
    outer loop
      vertex   2.500000e-02 -1.866304e-01 -8.890916e-02
      vertex   2.500000e-02 -1.857983e-01 -8.942288e-02
      vertex   3.079154e-02 -1.851275e-01 -8.953830e-02
    endloop
  endfacet
  facet normal 3.456658e-01 -4.781965e-01 -8.073681e-01
    outer loop
      vertex   5.141858e-02 -1.792541e-01 -8.847216e-02
      vertex   5.144032e-02 -1.774961e-01 -8.950409e-02
      vertex   5.613288e-02 -1.749031e-01 -8.903083e-02
    endloop
  endfacet
  facet normal 3.017879e-01 -4.853960e-01 -8.205576e-01
    outer loop
      vertex   5.141858e-02 -1.792541e-01 -8.847216e-02
      vertex   4.710339e-02 -1.807981e-01 -8.914585e-02
      vertex   5.144032e-02 -1.774961e-01 -8.950409e-02
    endloop
  endfacet
  facet normal 1.409094e-01 -5.159155e-01 -8.449709e-01
    outer loop
      vertex   4.010172e-02 -1.841546e-01 -8.889380e-02
      vertex   3.503898e-02 -1.856088e-01 -8.885017e-02
      vertex   3.563485e-02 -1.842698e-01 -8.956836e-02
    endloop
  endfacet
  facet normal 6.992541e-02 -5.616226e-01 -8.244334e-01
    outer loop
      vertex   3.097571e-02 -1.867463e-01 -8.841990e-02
      vertex   3.079154e-02 -1.851275e-01 -8.953830e-02
      vertex   3.503898e-02 -1.856088e-01 -8.885017e-02
    endloop
  endfacet
  facet normal 5.658159e-02 -5.631352e-01 -8.244254e-01
    outer loop
      vertex   3.097571e-02 -1.867463e-01 -8.841990e-02
      vertex   2.500000e-02 -1.866304e-01 -8.890916e-02
      vertex   3.079154e-02 -1.851275e-01 -8.953830e-02
    endloop
  endfacet
  facet normal 4.836817e-01 -5.362100e-01 -6.917592e-01
    outer loop
      vertex   5.598977e-02 -1.764498e-01 -8.793199e-02
      vertex   5.613288e-02 -1.749031e-01 -8.903083e-02
      vertex   6.036660e-02 -1.719927e-01 -8.832649e-02
    endloop
  endfacet
  facet normal 4.227933e-01 -5.505254e-01 -7.198386e-01
    outer loop
      vertex   5.141858e-02 -1.792541e-01 -8.847216e-02
      vertex   5.613288e-02 -1.749031e-01 -8.903083e-02
      vertex   5.598977e-02 -1.764498e-01 -8.793199e-02
    endloop
  endfacet
  facet normal 3.252483e-01 -5.847258e-01 -7.431752e-01
    outer loop
      vertex   4.825825e-02 -1.815541e-01 -8.804559e-02
      vertex   4.710339e-02 -1.807981e-01 -8.914585e-02
      vertex   5.141858e-02 -1.792541e-01 -8.847216e-02
    endloop
  endfacet
  facet normal 2.978793e-01 -6.116225e-01 -7.329296e-01
    outer loop
      vertex   4.410647e-02 -1.834705e-01 -8.813378e-02
      vertex   4.710339e-02 -1.807981e-01 -8.914585e-02
      vertex   4.825825e-02 -1.815541e-01 -8.804559e-02
    endloop
  endfacet
  facet normal 2.462087e-01 -5.723320e-01 -7.821875e-01
    outer loop
      vertex   4.410647e-02 -1.834705e-01 -8.813378e-02
      vertex   4.010172e-02 -1.841546e-01 -8.889380e-02
      vertex   4.710339e-02 -1.807981e-01 -8.914585e-02
    endloop
  endfacet
  facet normal 4.189844e-02 -7.281262e-01 -6.841613e-01
    outer loop
      vertex   2.500000e-02 -1.874910e-01 -8.799333e-02
      vertex   2.500000e-02 -1.866304e-01 -8.890916e-02
      vertex   3.097571e-02 -1.867463e-01 -8.841990e-02
    endloop
  endfacet
  facet normal 2.458830e-01 -7.263506e-01 -6.418382e-01
    outer loop
      vertex   3.782843e-02 -1.858122e-01 -8.788880e-02
      vertex   4.010172e-02 -1.841546e-01 -8.889380e-02
      vertex   4.410647e-02 -1.834705e-01 -8.813378e-02
    endloop
  endfacet
  facet normal 1.913804e-01 -6.872979e-01 -7.007105e-01
    outer loop
      vertex   3.782843e-02 -1.858122e-01 -8.788880e-02
      vertex   3.503898e-02 -1.856088e-01 -8.885017e-02
      vertex   4.010172e-02 -1.841546e-01 -8.889380e-02
    endloop
  endfacet
  facet normal 1.532715e-01 -7.779712e-01 -6.093182e-01
    outer loop
      vertex   3.782843e-02 -1.858122e-01 -8.788880e-02
      vertex   3.097571e-02 -1.867463e-01 -8.841990e-02
      vertex   3.503898e-02 -1.856088e-01 -8.885017e-02
    endloop
  endfacet
  facet normal 5.696654e-01 -6.083330e-01 -5.526411e-01
    outer loop
      vertex   6.110730e-02 -1.720716e-01 -8.747613e-02
      vertex   5.598977e-02 -1.764498e-01 -8.793199e-02
      vertex   6.036660e-02 -1.719927e-01 -8.832649e-02
    endloop
  endfacet
  facet normal 4.704480e-01 -6.524128e-01 -5.941685e-01
    outer loop
      vertex   5.235518e-02 -1.796565e-01 -8.728870e-02
      vertex   5.141858e-02 -1.792541e-01 -8.847216e-02
      vertex   5.598977e-02 -1.764498e-01 -8.793199e-02
    endloop
  endfacet
  facet normal 4.287760e-01 -6.959704e-01 -5.760003e-01
    outer loop
      vertex   5.235518e-02 -1.796565e-01 -8.728870e-02
      vertex   4.825825e-02 -1.815541e-01 -8.804559e-02
      vertex   5.141858e-02 -1.792541e-01 -8.847216e-02
    endloop
  endfacet
  facet normal 2.779321e-01 -8.006532e-01 -5.307619e-01
    outer loop
      vertex   4.294564e-02 -1.847963e-01 -8.674163e-02
      vertex   3.782843e-02 -1.858122e-01 -8.788880e-02
      vertex   4.410647e-02 -1.834705e-01 -8.813378e-02
    endloop
  endfacet
  facet normal 1.541809e-01 -8.067829e-01 -5.703767e-01
    outer loop
      vertex   3.356505e-02 -1.873705e-01 -8.683705e-02
      vertex   3.097571e-02 -1.867463e-01 -8.841990e-02
      vertex   3.782843e-02 -1.858122e-01 -8.788880e-02
    endloop
  endfacet
  facet normal 1.106258e-01 -8.494456e-01 -5.159497e-01
    outer loop
      vertex   2.952257e-02 -1.879006e-01 -8.683105e-02
      vertex   3.097571e-02 -1.867463e-01 -8.841990e-02
      vertex   3.356505e-02 -1.873705e-01 -8.683705e-02
    endloop
  endfacet
  facet normal 6.496617e-02 -8.346391e-01 -5.469525e-01
    outer loop
      vertex   2.952257e-02 -1.879006e-01 -8.683105e-02
      vertex   2.500000e-02 -1.874910e-01 -8.799333e-02
      vertex   3.097571e-02 -1.867463e-01 -8.841990e-02
    endloop
  endfacet
  facet normal 5.833225e-01 -6.282326e-01 -5.148386e-01
    outer loop
      vertex   5.816943e-02 -1.755348e-01 -8.657886e-02
      vertex   5.598977e-02 -1.764498e-01 -8.793199e-02
      vertex   6.110730e-02 -1.720716e-01 -8.747613e-02
    endloop
  endfacet
  facet normal 4.409121e-01 -7.640773e-01 -4.709378e-01
    outer loop
      vertex   4.810840e-02 -1.824632e-01 -8.671096e-02
      vertex   4.825825e-02 -1.815541e-01 -8.804559e-02
      vertex   5.235518e-02 -1.796565e-01 -8.728870e-02
    endloop
  endfacet
  facet normal 3.731615e-01 -7.857480e-01 -4.933058e-01
    outer loop
      vertex   4.810840e-02 -1.824632e-01 -8.671096e-02
      vertex   4.410647e-02 -1.834705e-01 -8.813378e-02
      vertex   4.825825e-02 -1.815541e-01 -8.804559e-02
    endloop
  endfacet
  facet normal 3.674661e-01 -8.070551e-01 -4.622020e-01
    outer loop
      vertex   4.294564e-02 -1.847963e-01 -8.674163e-02
      vertex   4.410647e-02 -1.834705e-01 -8.813378e-02
      vertex   4.810840e-02 -1.824632e-01 -8.671096e-02
    endloop
  endfacet
  facet normal 2.712931e-01 -8.439030e-01 -4.628476e-01
    outer loop
      vertex   3.779026e-02 -1.865429e-01 -8.657886e-02
      vertex   3.782843e-02 -1.858122e-01 -8.788880e-02
      vertex   4.294564e-02 -1.847963e-01 -8.674163e-02
    endloop
  endfacet
  facet normal 1.970952e-01 -8.586151e-01 -4.732162e-01
    outer loop
      vertex   3.356505e-02 -1.873705e-01 -8.683705e-02
      vertex   3.782843e-02 -1.858122e-01 -8.788880e-02
      vertex   3.779026e-02 -1.865429e-01 -8.657886e-02
    endloop
  endfacet
  facet normal 5.163719e-02 -8.617770e-01 -5.046524e-01
    outer loop
      vertex   2.500000e-02 -1.881251e-01 -8.691041e-02
      vertex   2.500000e-02 -1.874910e-01 -8.799333e-02
      vertex   2.952257e-02 -1.879006e-01 -8.683105e-02
    endloop
  endfacet
  facet normal 5.402134e-01 -7.634696e-01 -3.539543e-01
    outer loop
      vertex   5.482582e-02 -1.786327e-01 -8.500000e-02
      vertex   5.598977e-02 -1.764498e-01 -8.793199e-02
      vertex   5.816943e-02 -1.755348e-01 -8.657886e-02
    endloop
  endfacet
  facet normal 5.964848e-01 -7.389315e-01 -3.133465e-01
    outer loop
      vertex   5.482582e-02 -1.786327e-01 -8.500000e-02
      vertex   5.235518e-02 -1.796565e-01 -8.728870e-02
      vertex   5.598977e-02 -1.764498e-01 -8.793199e-02
    endloop
  endfacet
  facet normal 5.454475e-01 -8.065348e-01 -2.280102e-01
    outer loop
      vertex   5.142367e-02 -1.809335e-01 -8.500000e-02
      vertex   5.235518e-02 -1.796565e-01 -8.728870e-02
      vertex   5.482582e-02 -1.786327e-01 -8.500000e-02
    endloop
  endfacet
  facet normal 5.095502e-01 -8.228041e-01 -2.516982e-01
    outer loop
      vertex   5.142367e-02 -1.809335e-01 -8.500000e-02
      vertex   4.810840e-02 -1.824632e-01 -8.671096e-02
      vertex   5.235518e-02 -1.796565e-01 -8.728870e-02
    endloop
  endfacet
  facet normal 4.018155e-01 -8.861027e-01 -2.310115e-01
    outer loop
      vertex   4.579885e-02 -1.839565e-01 -8.500000e-02
      vertex   4.294564e-02 -1.847963e-01 -8.674163e-02
      vertex   4.810840e-02 -1.824632e-01 -8.671096e-02
    endloop
  endfacet
  facet normal 3.066752e-01 -9.258009e-01 -2.210046e-01
    outer loop
      vertex   4.200278e-02 -1.855244e-01 -8.500000e-02
      vertex   3.779026e-02 -1.865429e-01 -8.657886e-02
      vertex   4.294564e-02 -1.847963e-01 -8.674163e-02
    endloop
  endfacet
  facet normal 1.261727e-01 -9.647703e-01 -2.308651e-01
    outer loop
      vertex   3.137431e-02 -1.880966e-01 -8.500000e-02
      vertex   2.952257e-02 -1.879006e-01 -8.683105e-02
      vertex   3.356505e-02 -1.873705e-01 -8.683705e-02
    endloop
  endfacet
  facet normal 5.207136e-02 -9.786766e-01 -1.986974e-01
    outer loop
      vertex   2.500000e-02 -1.885130e-01 -8.500000e-02
      vertex   2.500000e-02 -1.881251e-01 -8.691041e-02
      vertex   2.952257e-02 -1.879006e-01 -8.683105e-02
    endloop
  endfacet
  facet normal 6.765978e-01 -7.173890e-01 -1.660373e-01
    outer loop
      vertex   5.901212e-02 -1.751055e-01 -8.500000e-02
      vertex   5.816943e-02 -1.755348e-01 -8.657886e-02
      vertex   6.083611e-02 -1.730653e-01 -8.638200e-02
    endloop
  endfacet
  facet normal 6.384649e-01 -7.577715e-01 -1.347028e-01
    outer loop
      vertex   5.901212e-02 -1.751055e-01 -8.500000e-02
      vertex   5.482582e-02 -1.786327e-01 -8.500000e-02
      vertex   5.816943e-02 -1.755348e-01 -8.657886e-02
    endloop
  endfacet
  facet normal 4.694724e-01 -8.735171e-01 -1.286997e-01
    outer loop
      vertex   5.142367e-02 -1.809335e-01 -8.500000e-02
      vertex   4.579885e-02 -1.839565e-01 -8.500000e-02
      vertex   4.810840e-02 -1.824632e-01 -8.671096e-02
    endloop
  endfacet
  facet normal 3.757230e-01 -9.096933e-01 -1.768907e-01
    outer loop
      vertex   4.200278e-02 -1.855244e-01 -8.500000e-02
      vertex   4.294564e-02 -1.847963e-01 -8.674163e-02
      vertex   4.579885e-02 -1.839565e-01 -8.500000e-02
    endloop
  endfacet
  facet normal 2.797576e-01 -9.508059e-01 -1.330555e-01
    outer loop
      vertex   3.675124e-02 -1.870696e-01 -8.500000e-02
      vertex   3.779026e-02 -1.865429e-01 -8.657886e-02
      vertex   4.200278e-02 -1.855244e-01 -8.500000e-02
    endloop
  endfacet
  facet normal 1.998675e-01 -9.613903e-01 -1.891604e-01
    outer loop
      vertex   3.675124e-02 -1.870696e-01 -8.500000e-02
      vertex   3.356505e-02 -1.873705e-01 -8.683705e-02
      vertex   3.779026e-02 -1.865429e-01 -8.657886e-02
    endloop
  endfacet
  facet normal 1.851288e-01 -9.692167e-01 -1.623156e-01
    outer loop
      vertex   3.675124e-02 -1.870696e-01 -8.500000e-02
      vertex   3.137431e-02 -1.880966e-01 -8.500000e-02
      vertex   3.356505e-02 -1.873705e-01 -8.683705e-02
    endloop
  endfacet
  facet normal 6.423280e-02 -9.833122e-01 -1.702097e-01
    outer loop
      vertex   2.500000e-02 -1.885130e-01 -8.500000e-02
      vertex   2.952257e-02 -1.879006e-01 -8.683105e-02
      vertex   3.137431e-02 -1.880966e-01 -8.500000e-02
    endloop
  endfacet
  facet normal 6.301408e-01 -6.461306e-01 -4.306250e-01
    outer loop
      vertex   5.816943e-02 -1.755348e-01 -8.657886e-02
      vertex   6.110730e-02 -1.720716e-01 -8.747613e-02
      vertex   6.083611e-02 -1.730653e-01 -8.638200e-02
    endloop
  endfacet
  facet normal 4.243222e-01 -4.235826e-01 -8.003302e-01
    outer loop
      vertex   5.613288e-02 -1.749031e-01 -8.903083e-02
      vertex   6.065711e-02 -1.698915e-01 -8.928457e-02
      vertex   6.036660e-02 -1.719927e-01 -8.832649e-02
    endloop
  endfacet
  facet normal 3.537055e-01 -3.629584e-01 -8.620636e-01
    outer loop
      vertex   5.581467e-02 -1.738644e-01 -8.959872e-02
      vertex   6.065711e-02 -1.698915e-01 -8.928457e-02
      vertex   5.613288e-02 -1.749031e-01 -8.903083e-02
    endloop
  endfacet
  facet normal 2.537449e-01 -2.350925e-01 -9.382670e-01
    outer loop
      vertex   5.581467e-02 -1.738644e-01 -8.959872e-02
      vertex   6.122290e-02 -1.672180e-01 -8.980143e-02
      vertex   6.065711e-02 -1.698915e-01 -8.928457e-02
    endloop
  endfacet
  facet normal 1.191529e-01 -1.269898e-01 -9.847214e-01
    outer loop
      vertex   5.162479e-02 -1.746840e-01 -9.000000e-02
      vertex   6.122290e-02 -1.672180e-01 -8.980143e-02
      vertex   5.581467e-02 -1.738644e-01 -8.959872e-02
    endloop
  endfacet
  facet normal 1.035264e-01 -1.067901e-01 -9.888772e-01
    outer loop
      vertex   5.162479e-02 -1.746840e-01 -9.000000e-02
      vertex   6.028434e-02 -1.662891e-01 -9.000000e-02
      vertex   6.122290e-02 -1.672180e-01 -8.980143e-02
    endloop
  endfacet
  facet normal 7.779186e-02 -4.024539e-02 -9.961570e-01
    outer loop
      vertex   6.756531e-02 -1.522155e-01 -9.000000e-02
      vertex   6.637401e-02 -1.591427e-01 -8.981317e-02
      vertex   6.028434e-02 -1.662891e-01 -9.000000e-02
    endloop
  endfacet
  facet normal 1.183144e-01 -7.636939e-18 -9.929762e-01
    outer loop
      vertex   7.000000e-02 7.648700e-02 -9.000000e-02
      vertex   7.105860e-02 -3.087303e-02 -8.987387e-02
      vertex   7.000000e-02 -1.385130e-01 -9.000000e-02
    endloop
  endfacet
  facet normal 9.767282e-01 -1.772174e-16 -2.144807e-01
    outer loop
      vertex   7.500000e-02 8.178205e-10 -8.500000e-02
      vertex   7.458313e-02 7.648700e-02 -8.689839e-02
      vertex   7.500000e-02 7.648700e-02 -8.500000e-02
    endloop
  endfacet
  facet normal 9.790993e-01 2.883763e-04 -2.033826e-01
    outer loop
      vertex   7.461213e-02 -3.045311e-02 -8.691041e-02
      vertex   7.458313e-02 7.648700e-02 -8.689839e-02
      vertex   7.500000e-02 8.178205e-10 -8.500000e-02
    endloop
  endfacet
  facet normal 8.730237e-01 2.915543e-04 -4.876777e-01
    outer loop
      vertex   7.407139e-02 -4.780988e-02 -8.788880e-02
      vertex   7.458313e-02 7.648700e-02 -8.689839e-02
      vertex   7.461213e-02 -3.045311e-02 -8.691041e-02
    endloop
  endfacet
  facet normal 8.564526e-01 5.872492e-04 -5.162253e-01
    outer loop
      vertex   7.407139e-02 -4.780988e-02 -8.788880e-02
      vertex   7.372235e-02 7.648700e-02 -8.832649e-02
      vertex   7.458313e-02 7.648700e-02 -8.689839e-02
    endloop
  endfacet
  facet normal 7.334426e-01 -3.340075e-04 -6.797513e-01
    outer loop
      vertex   7.323851e-02 -3.371917e-02 -8.879440e-02
      vertex   7.372235e-02 7.648700e-02 -8.832649e-02
      vertex   7.407139e-02 -4.780988e-02 -8.788880e-02
    endloop
  endfacet
  facet normal 6.663456e-01 2.403290e-04 -7.456430e-01
    outer loop
      vertex   7.323851e-02 -3.371917e-02 -8.879440e-02
      vertex   7.288880e-02 7.648700e-02 -8.907139e-02
      vertex   7.372235e-02 7.648700e-02 -8.832649e-02
    endloop
  endfacet
  facet normal 5.637338e-01 -2.871315e-04 -8.259565e-01
    outer loop
      vertex   7.231702e-02 -3.390580e-02 -8.942327e-02
      vertex   7.288880e-02 7.648700e-02 -8.907139e-02
      vertex   7.323851e-02 -3.371917e-02 -8.879440e-02
    endloop
  endfacet
  facet normal 4.837202e-01 2.843367e-04 -8.752227e-01
    outer loop
      vertex   7.231702e-02 -3.390580e-02 -8.942327e-02
      vertex   7.191041e-02 7.648700e-02 -8.961213e-02
      vertex   7.288880e-02 7.648700e-02 -8.907139e-02
    endloop
  endfacet
  facet normal 3.363122e-01 -3.724382e-04 -9.417505e-01
    outer loop
      vertex   7.105860e-02 -3.087303e-02 -8.987387e-02
      vertex   7.191041e-02 7.648700e-02 -8.961213e-02
      vertex   7.231702e-02 -3.390580e-02 -8.942327e-02
    endloop
  endfacet
  facet normal 1.989699e-01 8.105212e-04 -9.800053e-01
    outer loop
      vertex   7.105860e-02 -3.087303e-02 -8.987387e-02
      vertex   7.000000e-02 7.648700e-02 -9.000000e-02
      vertex   7.191041e-02 7.648700e-02 -8.961213e-02
    endloop
  endfacet
  facet normal 9.858926e-01 0.000000e+00 -1.673790e-01
    outer loop
      vertex   7.474339e-02 -1.385130e-01 -8.651151e-02
      vertex   7.500000e-02 8.178205e-10 -8.500000e-02
      vertex   7.500000e-02 -1.385130e-01 -8.500000e-02
    endloop
  endfacet
  facet normal 9.786471e-01 4.299297e-04 -2.055472e-01
    outer loop
      vertex   7.474339e-02 -1.385130e-01 -8.651151e-02
      vertex   7.461213e-02 -3.045311e-02 -8.691041e-02
      vertex   7.500000e-02 8.178205e-10 -8.500000e-02
    endloop
  endfacet
  facet normal 8.802960e-01 -6.820916e-04 -4.744244e-01
    outer loop
      vertex   7.474339e-02 -1.385130e-01 -8.651151e-02
      vertex   7.407139e-02 -4.780988e-02 -8.788880e-02
      vertex   7.461213e-02 -3.045311e-02 -8.691041e-02
    endloop
  endfacet
  facet normal 8.987314e-01 -1.375080e-16 -4.384995e-01
    outer loop
      vertex   7.407139e-02 -1.385130e-01 -8.788880e-02
      vertex   7.407139e-02 -4.780988e-02 -8.788880e-02
      vertex   7.474339e-02 -1.385130e-01 -8.651151e-02
    endloop
  endfacet
  facet normal 7.360375e-01 -1.126154e-16 -6.769408e-01
    outer loop
      vertex   7.407139e-02 -1.385130e-01 -8.788880e-02
      vertex   7.323851e-02 -3.371917e-02 -8.879440e-02
      vertex   7.407139e-02 -4.780988e-02 -8.788880e-02
    endloop
  endfacet
  facet normal 7.107250e-01 -4.304342e-04 -7.034698e-01
    outer loop
      vertex   7.299333e-02 -1.385130e-01 -8.897799e-02
      vertex   7.323851e-02 -3.371917e-02 -8.879440e-02
      vertex   7.407139e-02 -1.385130e-01 -8.788880e-02
    endloop
  endfacet
  facet normal 5.053229e-01 -4.062276e-04 -8.629303e-01
    outer loop
      vertex   7.191041e-02 -1.385130e-01 -8.961213e-02
      vertex   7.231702e-02 -3.390580e-02 -8.942327e-02
      vertex   7.299333e-02 -1.385130e-01 -8.897799e-02
    endloop
  endfacet
  facet normal 3.379316e-01 3.856951e-04 -9.411706e-01
    outer loop
      vertex   7.191041e-02 -1.385130e-01 -8.961213e-02
      vertex   7.105860e-02 -3.087303e-02 -8.987387e-02
      vertex   7.231702e-02 -3.390580e-02 -8.942327e-02
    endloop
  endfacet
  facet normal 1.989699e-01 -8.084133e-04 -9.800053e-01
    outer loop
      vertex   7.000000e-02 -1.385130e-01 -9.000000e-02
      vertex   7.105860e-02 -3.087303e-02 -8.987387e-02
      vertex   7.191041e-02 -1.385130e-01 -8.961213e-02
    endloop
  endfacet
  facet normal 5.636764e-01 1.282570e-04 -8.259957e-01
    outer loop
      vertex   7.231702e-02 -3.390580e-02 -8.942327e-02
      vertex   7.323851e-02 -3.371917e-02 -8.879440e-02
      vertex   7.299333e-02 -1.385130e-01 -8.897799e-02
    endloop
  endfacet
  facet normal -3.824403e-01 -5.597114e-04 -9.239801e-01
    outer loop
      vertex   -7.260454e-02 -2.793357e-02 -8.922772e-02
      vertex   -7.151150e-02 7.648700e-02 -8.974339e-02
      vertex   -7.100502e-02 -5.228904e-02 -8.987501e-02
    endloop
  endfacet
  facet normal -9.530177e-01 -2.614527e-04 -3.029146e-01
    outer loop
      vertex   -7.457809e-02 -4.752993e-02 -8.695032e-02
      vertex   -7.487034e-02 -3.194616e-02 -8.604433e-02
      vertex   -7.467775e-02 3.841408e-02 -8.671096e-02
    endloop
  endfacet
  facet normal -8.280899e-01 6.010769e-04 -5.605950e-01
    outer loop
      vertex   -7.467775e-02 3.841408e-02 -8.671096e-02
      vertex   -7.353962e-02 -7.550139e-02 -8.851431e-02
      vertex   -7.457809e-02 -4.752993e-02 -8.695032e-02
    endloop
  endfacet
  facet normal -9.799820e-01 -6.463967e-04 -1.990852e-01
    outer loop
      vertex   -7.500000e-02 8.178205e-10 -8.500000e-02
      vertex   -7.474339e-02 7.648700e-02 -8.651151e-02
      vertex   -7.467775e-02 3.841408e-02 -8.671096e-02
    endloop
  endfacet
  facet normal -3.694205e-01 4.357320e-04 -9.292622e-01
    outer loop
      vertex   -7.260454e-02 -2.793357e-02 -8.922772e-02
      vertex   -7.100502e-02 -5.228904e-02 -8.987501e-02
      vertex   -7.124382e-02 -1.385130e-01 -8.982051e-02
    endloop
  endfacet
  facet normal -9.923804e-01 -0.000000e+00 -1.232121e-01
    outer loop
      vertex   -7.500000e-02 8.178205e-10 -8.500000e-02
      vertex   -7.487034e-02 -3.194616e-02 -8.604433e-02
      vertex   -7.500000e-02 -1.385130e-01 -8.500000e-02
    endloop
  endfacet
  facet normal -1.234135e-01 1.593215e-17 -9.923553e-01
    outer loop
      vertex   -7.000000e-02 -1.385130e-01 -9.000000e-02
      vertex   -7.100502e-02 -5.228904e-02 -8.987501e-02
      vertex   -7.000000e-02 7.648700e-02 -9.000000e-02
    endloop
  endfacet
  facet normal -1.673800e-01 3.494052e-04 -9.858924e-01
    outer loop
      vertex   -7.100502e-02 -5.228904e-02 -8.987501e-02
      vertex   -7.151150e-02 7.648700e-02 -8.974339e-02
      vertex   -7.000000e-02 7.648700e-02 -9.000000e-02
    endloop
  endfacet
  facet normal -4.716860e-01 5.829552e-04 -8.817664e-01
    outer loop
      vertex   -7.260454e-02 -2.793357e-02 -8.922772e-02
      vertex   -7.304003e-02 7.648700e-02 -8.892572e-02
      vertex   -7.151150e-02 7.648700e-02 -8.974339e-02
    endloop
  endfacet
  facet normal -6.003974e-01 -1.911711e-04 -7.997018e-01
    outer loop
      vertex   -7.353962e-02 -7.550139e-02 -8.851431e-02
      vertex   -7.304003e-02 7.648700e-02 -8.892572e-02
      vertex   -7.260454e-02 -2.793357e-02 -8.922772e-02
    endloop
  endfacet
  facet normal -7.274878e-01 5.340321e-04 -6.861204e-01
    outer loop
      vertex   -7.353962e-02 -7.550139e-02 -8.851431e-02
      vertex   -7.423363e-02 7.648700e-02 -8.766016e-02
      vertex   -7.304003e-02 7.648700e-02 -8.892572e-02
    endloop
  endfacet
  facet normal -9.140326e-01 -1.894039e-03 -4.056363e-01
    outer loop
      vertex   -7.353962e-02 -7.550139e-02 -8.851431e-02
      vertex   -7.474339e-02 7.648700e-02 -8.651151e-02
      vertex   -7.423363e-02 7.648700e-02 -8.766016e-02
    endloop
  endfacet
  facet normal -7.883029e-01 1.864359e-03 -6.152846e-01
    outer loop
      vertex   -7.467775e-02 3.841408e-02 -8.671096e-02
      vertex   -7.474339e-02 7.648700e-02 -8.651151e-02
      vertex   -7.353962e-02 -7.550139e-02 -8.851431e-02
    endloop
  endfacet
  facet normal -1.428268e-01 -2.300598e-04 -9.897477e-01
    outer loop
      vertex   -7.124382e-02 -1.385130e-01 -8.982051e-02
      vertex   -7.100502e-02 -5.228904e-02 -8.987501e-02
      vertex   -7.000000e-02 -1.385130e-01 -9.000000e-02
    endloop
  endfacet
  facet normal -3.596104e-01 5.770353e-04 -9.331024e-01
    outer loop
      vertex   -7.241478e-02 -1.385130e-01 -8.936923e-02
      vertex   -7.260454e-02 -2.793357e-02 -8.922772e-02
      vertex   -7.124382e-02 -1.385130e-01 -8.982051e-02
    endloop
  endfacet
  facet normal -6.058685e-01 -2.157670e-05 -7.955648e-01
    outer loop
      vertex   -7.241478e-02 -1.385130e-01 -8.936923e-02
      vertex   -7.353962e-02 -7.550139e-02 -8.851431e-02
      vertex   -7.260454e-02 -2.793357e-02 -8.922772e-02
    endloop
  endfacet
  facet normal -6.378889e-01 -9.383035e-04 -7.701279e-01
    outer loop
      vertex   -7.369894e-02 -1.385130e-01 -8.830557e-02
      vertex   -7.353962e-02 -7.550139e-02 -8.851431e-02
      vertex   -7.241478e-02 -1.385130e-01 -8.936923e-02
    endloop
  endfacet
  facet normal -8.309450e-01 2.579827e-04 -5.563546e-01
    outer loop
      vertex   -7.369894e-02 -1.385130e-01 -8.830557e-02
      vertex   -7.457809e-02 -4.752993e-02 -8.695032e-02
      vertex   -7.353962e-02 -7.550139e-02 -8.851431e-02
    endloop
  endfacet
  facet normal -8.156396e-01 7.366379e-04 -5.785599e-01
    outer loop
      vertex   -7.450485e-02 -1.385130e-01 -8.716942e-02
      vertex   -7.457809e-02 -4.752993e-02 -8.695032e-02
      vertex   -7.369894e-02 -1.385130e-01 -8.830557e-02
    endloop
  endfacet
  facet normal -9.749286e-01 -2.489798e-04 -2.225176e-01
    outer loop
      vertex   -7.500000e-02 -1.385130e-01 -8.500000e-02
      vertex   -7.457809e-02 -4.752993e-02 -8.695032e-02
      vertex   -7.450485e-02 -1.385130e-01 -8.716942e-02
    endloop
  endfacet
  facet normal -9.594086e-01 -1.596343e-03 -2.820151e-01
    outer loop
      vertex   -7.500000e-02 -1.385130e-01 -8.500000e-02
      vertex   -7.487034e-02 -3.194616e-02 -8.604433e-02
      vertex   -7.457809e-02 -4.752993e-02 -8.695032e-02
    endloop
  endfacet
  facet normal -9.872584e-01 1.194652e-03 -1.591208e-01
    outer loop
      vertex   -7.487034e-02 -3.194616e-02 -8.604433e-02
      vertex   -7.500000e-02 8.178205e-10 -8.500000e-02
      vertex   -7.467775e-02 3.841408e-02 -8.671096e-02
    endloop
  endfacet
  facet normal -9.858926e-01 -0.000000e+00 -1.673790e-01
    outer loop
      vertex   -7.500000e-02 7.648700e-02 -8.500000e-02
      vertex   -7.474339e-02 7.648700e-02 -8.651151e-02
      vertex   -7.500000e-02 8.178205e-10 -8.500000e-02
    endloop
  endfacet
  facet normal -1.672808e-01 3.443002e-02 -9.853079e-01
    outer loop
      vertex   -6.975286e-02 8.481311e-02 -8.975102e-02
      vertex   -7.000000e-02 7.648700e-02 -9.000000e-02
      vertex   -7.151150e-02 7.648700e-02 -8.974339e-02
    endloop
  endfacet
  facet normal -1.337802e-01 3.358917e-02 -9.904416e-01
    outer loop
      vertex   -6.975286e-02 8.481311e-02 -8.975102e-02
      vertex   -6.774865e-02 8.545375e-02 -9.000000e-02
      vertex   -7.000000e-02 7.648700e-02 -9.000000e-02
    endloop
  endfacet
  facet normal -1.496624e-01 8.537382e-02 -9.850444e-01
    outer loop
      vertex   -6.684383e-02 8.969127e-02 -8.977021e-02
      vertex   -6.774865e-02 8.545375e-02 -9.000000e-02
      vertex   -6.975286e-02 8.481311e-02 -8.975102e-02
    endloop
  endfacet
  facet normal -8.758635e-02 7.257804e-02 -9.935095e-01
    outer loop
      vertex   -6.684383e-02 8.969127e-02 -8.977021e-02
      vertex   -6.198381e-02 9.241069e-02 -9.000000e-02
      vertex   -6.774865e-02 8.545375e-02 -9.000000e-02
    endloop
  endfacet
  facet normal -1.075437e-01 1.086899e-01 -9.882413e-01
    outer loop
      vertex   -6.322001e-02 9.335860e-02 -8.976122e-02
      vertex   -6.198381e-02 9.241069e-02 -9.000000e-02
      vertex   -6.684383e-02 8.969127e-02 -8.977021e-02
    endloop
  endfacet
  facet normal -7.056403e-02 1.234426e-01 -9.898397e-01
    outer loop
      vertex   -5.931323e-02 9.577991e-02 -8.977021e-02
      vertex   -5.750542e-02 9.497069e-02 -9.000000e-02
      vertex   -6.198381e-02 9.241069e-02 -9.000000e-02
    endloop
  endfacet
  facet normal -8.646699e-02 1.358508e-01 -9.869488e-01
    outer loop
      vertex   -6.322001e-02 9.335860e-02 -8.976122e-02
      vertex   -5.931323e-02 9.577991e-02 -8.977021e-02
      vertex   -6.198381e-02 9.241069e-02 -9.000000e-02
    endloop
  endfacet
  facet normal -2.025039e-03 2.689807e-01 -9.631434e-01
    outer loop
      vertex   -5.777344e-02 9.765182e-02 -8.925067e-02
      vertex   -5.750542e-02 9.497069e-02 -9.000000e-02
      vertex   -5.931323e-02 9.577991e-02 -8.977021e-02
    endloop
  endfacet
  facet normal -6.988897e-02 2.620244e-01 -9.625273e-01
    outer loop
      vertex   -5.000000e-02 9.839740e-02 -8.961213e-02
      vertex   -5.750542e-02 9.497069e-02 -9.000000e-02
      vertex   -5.777344e-02 9.765182e-02 -8.925067e-02
    endloop
  endfacet
  facet normal -4.016520e-02 1.988101e-01 -9.792146e-01
    outer loop
      vertex   -5.000000e-02 9.839740e-02 -8.961213e-02
      vertex   -5.000000e-02 9.648700e-02 -9.000000e-02
      vertex   -5.750542e-02 9.497069e-02 -9.000000e-02
    endloop
  endfacet
  facet normal -2.762153e-01 5.746282e-02 -9.593764e-01
    outer loop
      vertex   -7.186024e-02 8.134042e-02 -8.935228e-02
      vertex   -6.975286e-02 8.481311e-02 -8.975102e-02
      vertex   -7.151150e-02 7.648700e-02 -8.974339e-02
    endloop
  endfacet
  facet normal -3.724190e-01 2.185389e-01 -9.019672e-01
    outer loop
      vertex   -6.887838e-02 8.957992e-02 -8.895713e-02
      vertex   -6.684383e-02 8.969127e-02 -8.977021e-02
      vertex   -6.975286e-02 8.481311e-02 -8.975102e-02
    endloop
  endfacet
  facet normal -2.590519e-01 2.582598e-01 -9.306954e-01
    outer loop
      vertex   -6.607019e-02 9.226569e-02 -8.927116e-02
      vertex   -6.322001e-02 9.335860e-02 -8.976122e-02
      vertex   -6.684383e-02 8.969127e-02 -8.977021e-02
    endloop
  endfacet
  facet normal -1.858508e-01 2.963928e-01 -9.368088e-01
    outer loop
      vertex   -6.161945e-02 9.566527e-02 -8.934895e-02
      vertex   -5.931323e-02 9.577991e-02 -8.977021e-02
      vertex   -6.322001e-02 9.335860e-02 -8.976122e-02
    endloop
  endfacet
  facet normal -4.713607e-01 3.713766e-02 -8.811583e-01
    outer loop
      vertex   -7.304003e-02 7.648700e-02 -8.892572e-02
      vertex   -7.186024e-02 8.134042e-02 -8.935228e-02
      vertex   -7.151150e-02 7.648700e-02 -8.974339e-02
    endloop
  endfacet
  facet normal -4.204329e-01 1.524376e-01 -8.944266e-01
    outer loop
      vertex   -7.160366e-02 8.448222e-02 -8.893743e-02
      vertex   -6.975286e-02 8.481311e-02 -8.975102e-02
      vertex   -7.186024e-02 8.134042e-02 -8.935228e-02
    endloop
  endfacet
  facet normal -4.270827e-01 2.579830e-01 -8.666286e-01
    outer loop
      vertex   -7.110149e-02 8.700358e-02 -8.843432e-02
      vertex   -6.975286e-02 8.481311e-02 -8.975102e-02
      vertex   -7.160366e-02 8.448222e-02 -8.893743e-02
    endloop
  endfacet
  facet normal -4.651595e-01 2.277992e-01 -8.554146e-01
    outer loop
      vertex   -6.887838e-02 8.957992e-02 -8.895713e-02
      vertex   -6.975286e-02 8.481311e-02 -8.975102e-02
      vertex   -7.110149e-02 8.700358e-02 -8.843432e-02
    endloop
  endfacet
  facet normal -3.692701e-01 2.825848e-01 -8.853166e-01
    outer loop
      vertex   -6.887838e-02 8.957992e-02 -8.895713e-02
      vertex   -6.607019e-02 9.226569e-02 -8.927116e-02
      vertex   -6.684383e-02 8.969127e-02 -8.977021e-02
    endloop
  endfacet
  facet normal -4.414121e-01 3.657234e-01 -8.193911e-01
    outer loop
      vertex   -6.694167e-02 9.249896e-02 -8.869758e-02
      vertex   -6.607019e-02 9.226569e-02 -8.927116e-02
      vertex   -6.887838e-02 8.957992e-02 -8.895713e-02
    endloop
  endfacet
  facet normal -2.898845e-01 3.579991e-01 -8.875830e-01
    outer loop
      vertex   -6.434225e-02 9.454257e-02 -8.891715e-02
      vertex   -6.322001e-02 9.335860e-02 -8.976122e-02
      vertex   -6.607019e-02 9.226569e-02 -8.927116e-02
    endloop
  endfacet
  facet normal -2.887829e-01 3.590085e-01 -8.875344e-01
    outer loop
      vertex   -6.434225e-02 9.454257e-02 -8.891715e-02
      vertex   -6.161945e-02 9.566527e-02 -8.934895e-02
      vertex   -6.322001e-02 9.335860e-02 -8.976122e-02
    endloop
  endfacet
  facet normal -1.838771e-01 4.004048e-01 -8.977000e-01
    outer loop
      vertex   -5.777344e-02 9.765182e-02 -8.925067e-02
      vertex   -5.931323e-02 9.577991e-02 -8.977021e-02
      vertex   -6.161945e-02 9.566527e-02 -8.934895e-02
    endloop
  endfacet
  facet normal -8.676475e-02 4.818973e-01 -8.719213e-01
    outer loop
      vertex   -5.000000e-02 9.937579e-02 -8.907139e-02
      vertex   -5.000000e-02 9.839740e-02 -8.961213e-02
      vertex   -5.777344e-02 9.765182e-02 -8.925067e-02
    endloop
  endfacet
  facet normal -5.670666e-01 6.568513e-02 -8.210487e-01
    outer loop
      vertex   -7.290268e-02 8.119483e-02 -8.864395e-02
      vertex   -7.186024e-02 8.134042e-02 -8.935228e-02
      vertex   -7.304003e-02 7.648700e-02 -8.892572e-02
    endloop
  endfacet
  facet normal -5.699342e-01 1.531413e-01 -8.072935e-01
    outer loop
      vertex   -7.160366e-02 8.448222e-02 -8.893743e-02
      vertex   -7.186024e-02 8.134042e-02 -8.935228e-02
      vertex   -7.290268e-02 8.119483e-02 -8.864395e-02
    endloop
  endfacet
  facet normal -2.594381e-01 5.418326e-01 -7.994431e-01
    outer loop
      vertex   -6.216051e-02 9.654565e-02 -8.857668e-02
      vertex   -5.777344e-02 9.765182e-02 -8.925067e-02
      vertex   -6.161945e-02 9.566527e-02 -8.934895e-02
    endloop
  endfacet
  facet normal -1.064239e-01 5.649570e-01 -8.182283e-01
    outer loop
      vertex   -5.657835e-02 9.921367e-02 -8.832771e-02
      vertex   -5.000000e-02 9.937579e-02 -8.907139e-02
      vertex   -5.777344e-02 9.765182e-02 -8.925067e-02
    endloop
  endfacet
  facet normal -4.104311e-01 4.360057e-01 -8.009028e-01
    outer loop
      vertex   -6.694167e-02 9.249896e-02 -8.869758e-02
      vertex   -6.434225e-02 9.454257e-02 -8.891715e-02
      vertex   -6.607019e-02 9.226569e-02 -8.927116e-02
    endloop
  endfacet
  facet normal -3.324185e-01 4.981862e-01 -8.008174e-01
    outer loop
      vertex   -6.216051e-02 9.654565e-02 -8.857668e-02
      vertex   -6.161945e-02 9.566527e-02 -8.934895e-02
      vertex   -6.434225e-02 9.454257e-02 -8.891715e-02
    endloop
  endfacet
  facet normal -2.702747e-01 6.264508e-01 -7.311025e-01
    outer loop
      vertex   -6.122451e-02 9.762742e-02 -8.799578e-02
      vertex   -5.777344e-02 9.765182e-02 -8.925067e-02
      vertex   -6.216051e-02 9.654565e-02 -8.857668e-02
    endloop
  endfacet
  facet normal -2.682498e-01 6.339191e-01 -7.253886e-01
    outer loop
      vertex   -5.657835e-02 9.921367e-02 -8.832771e-02
      vertex   -5.777344e-02 9.765182e-02 -8.925067e-02
      vertex   -6.122451e-02 9.762742e-02 -8.799578e-02
    endloop
  endfacet
  facet normal -1.002102e-01 6.629877e-01 -7.418930e-01
    outer loop
      vertex   -5.000000e-02 1.002093e-01 -8.832649e-02
      vertex   -5.000000e-02 9.937579e-02 -8.907139e-02
      vertex   -5.657835e-02 9.921367e-02 -8.832771e-02
    endloop
  endfacet
  facet normal -7.260807e-01 6.216913e-02 -6.847933e-01
    outer loop
      vertex   -7.423363e-02 7.648700e-02 -8.766016e-02
      vertex   -7.290268e-02 8.119483e-02 -8.864395e-02
      vertex   -7.304003e-02 7.648700e-02 -8.892572e-02
    endloop
  endfacet
  facet normal -6.893577e-01 2.105210e-01 -6.931572e-01
    outer loop
      vertex   -7.278027e-02 8.427028e-02 -8.783164e-02
      vertex   -7.160366e-02 8.448222e-02 -8.893743e-02
      vertex   -7.290268e-02 8.119483e-02 -8.864395e-02
    endloop
  endfacet
  facet normal -6.846461e-01 2.713405e-01 -6.764866e-01
    outer loop
      vertex   -7.278027e-02 8.427028e-02 -8.783164e-02
      vertex   -7.110149e-02 8.700358e-02 -8.843432e-02
      vertex   -7.160366e-02 8.448222e-02 -8.893743e-02
    endloop
  endfacet
  facet normal -6.272285e-01 4.064120e-01 -6.643897e-01
    outer loop
      vertex   -7.093121e-02 8.880471e-02 -8.749332e-02
      vertex   -6.887838e-02 8.957992e-02 -8.895713e-02
      vertex   -7.110149e-02 8.700358e-02 -8.843432e-02
    endloop
  endfacet
  facet normal -6.087629e-01 4.612910e-01 -6.454598e-01
    outer loop
      vertex   -6.912416e-02 9.168603e-02 -8.722014e-02
      vertex   -6.694167e-02 9.249896e-02 -8.869758e-02
      vertex   -6.887838e-02 8.957992e-02 -8.895713e-02
    endloop
  endfacet
  facet normal -4.729461e-01 5.255957e-01 -7.071571e-01
    outer loop
      vertex   -6.599099e-02 9.440692e-02 -8.791530e-02
      vertex   -6.434225e-02 9.454257e-02 -8.891715e-02
      vertex   -6.694167e-02 9.249896e-02 -8.869758e-02
    endloop
  endfacet
  facet normal -4.501329e-01 6.023327e-01 -6.592235e-01
    outer loop
      vertex   -6.599099e-02 9.440692e-02 -8.791530e-02
      vertex   -6.216051e-02 9.654565e-02 -8.857668e-02
      vertex   -6.434225e-02 9.454257e-02 -8.891715e-02
    endloop
  endfacet
  facet normal -1.162861e-01 7.690614e-01 -6.285078e-01
    outer loop
      vertex   -5.507709e-02 1.004004e-01 -8.715330e-02
      vertex   -5.000000e-02 1.002093e-01 -8.832649e-02
      vertex   -5.657835e-02 9.921367e-02 -8.832771e-02
    endloop
  endfacet
  facet normal -8.288954e-01 1.201673e-01 -5.463444e-01
    outer loop
      vertex   -7.403353e-02 8.190394e-02 -8.677230e-02
      vertex   -7.290268e-02 8.119483e-02 -8.864395e-02
      vertex   -7.423363e-02 7.648700e-02 -8.766016e-02
    endloop
  endfacet
  facet normal -8.104073e-01 1.795543e-01 -5.576740e-01
    outer loop
      vertex   -7.278027e-02 8.427028e-02 -8.783164e-02
      vertex   -7.290268e-02 8.119483e-02 -8.864395e-02
      vertex   -7.403353e-02 8.190394e-02 -8.677230e-02
    endloop
  endfacet
  facet normal -7.561619e-01 3.413206e-01 -5.583184e-01
    outer loop
      vertex   -7.234459e-02 8.675222e-02 -8.690440e-02
      vertex   -7.110149e-02 8.700358e-02 -8.843432e-02
      vertex   -7.278027e-02 8.427028e-02 -8.783164e-02
    endloop
  endfacet
  facet normal -7.522350e-01 3.595795e-01 -5.521277e-01
    outer loop
      vertex   -7.093121e-02 8.880471e-02 -8.749332e-02
      vertex   -7.110149e-02 8.700358e-02 -8.843432e-02
      vertex   -7.234459e-02 8.675222e-02 -8.690440e-02
    endloop
  endfacet
  facet normal -6.247076e-01 4.521500e-01 -6.366324e-01
    outer loop
      vertex   -6.912416e-02 9.168603e-02 -8.722014e-02
      vertex   -6.887838e-02 8.957992e-02 -8.895713e-02
      vertex   -7.093121e-02 8.880471e-02 -8.749332e-02
    endloop
  endfacet
  facet normal -6.003135e-01 5.407248e-01 -5.892711e-01
    outer loop
      vertex   -6.599099e-02 9.440692e-02 -8.791530e-02
      vertex   -6.694167e-02 9.249896e-02 -8.869758e-02
      vertex   -6.912416e-02 9.168603e-02 -8.722014e-02
    endloop
  endfacet
  facet normal -4.756205e-01 6.788425e-01 -5.594264e-01
    outer loop
      vertex   -6.404616e-02 9.667392e-02 -8.681786e-02
      vertex   -6.216051e-02 9.654565e-02 -8.857668e-02
      vertex   -6.599099e-02 9.440692e-02 -8.791530e-02
    endloop
  endfacet
  facet normal -4.639886e-01 6.958422e-01 -5.481955e-01
    outer loop
      vertex   -6.404616e-02 9.667392e-02 -8.681786e-02
      vertex   -6.122451e-02 9.762742e-02 -8.799578e-02
      vertex   -6.216051e-02 9.654565e-02 -8.857668e-02
    endloop
  endfacet
  facet normal -2.932922e-01 7.298453e-01 -6.174994e-01
    outer loop
      vertex   -5.877501e-02 9.928374e-02 -8.720154e-02
      vertex   -5.657835e-02 9.921367e-02 -8.832771e-02
      vertex   -6.122451e-02 9.762742e-02 -8.799578e-02
    endloop
  endfacet
  facet normal -9.387505e-02 8.349532e-01 -5.422552e-01
    outer loop
      vertex   -5.000000e-02 1.009293e-01 -8.721793e-02
      vertex   -5.000000e-02 1.002093e-01 -8.832649e-02
      vertex   -5.507709e-02 1.004004e-01 -8.715330e-02
    endloop
  endfacet
  facet normal -8.648723e-01 2.680466e-01 -4.244371e-01
    outer loop
      vertex   -7.344141e-02 8.449750e-02 -8.634093e-02
      vertex   -7.278027e-02 8.427028e-02 -8.783164e-02
      vertex   -7.403353e-02 8.190394e-02 -8.677230e-02
    endloop
  endfacet
  facet normal -8.513825e-01 3.080617e-01 -4.245536e-01
    outer loop
      vertex   -7.234459e-02 8.675222e-02 -8.690440e-02
      vertex   -7.278027e-02 8.427028e-02 -8.783164e-02
      vertex   -7.344141e-02 8.449750e-02 -8.634093e-02
    endloop
  endfacet
  facet normal -6.280412e-01 5.950990e-01 -5.014193e-01
    outer loop
      vertex   -6.721972e-02 9.415221e-02 -8.667858e-02
      vertex   -6.599099e-02 9.440692e-02 -8.791530e-02
      vertex   -6.912416e-02 9.168603e-02 -8.722014e-02
    endloop
  endfacet
  facet normal -5.741088e-01 6.989590e-01 -4.264450e-01
    outer loop
      vertex   -6.721972e-02 9.415221e-02 -8.667858e-02
      vertex   -6.404616e-02 9.667392e-02 -8.681786e-02
      vertex   -6.599099e-02 9.440692e-02 -8.791530e-02
    endloop
  endfacet
  facet normal -4.616684e-01 7.110916e-01 -5.302933e-01
    outer loop
      vertex   -6.136805e-02 9.824706e-02 -8.703991e-02
      vertex   -6.122451e-02 9.762742e-02 -8.799578e-02
      vertex   -6.404616e-02 9.667392e-02 -8.681786e-02
    endloop
  endfacet
  facet normal -3.399446e-01 7.650207e-01 -5.469743e-01
    outer loop
      vertex   -6.136805e-02 9.824706e-02 -8.703991e-02
      vertex   -5.877501e-02 9.928374e-02 -8.720154e-02
      vertex   -6.122451e-02 9.762742e-02 -8.799578e-02
    endloop
  endfacet
  facet normal -2.406359e-01 8.193418e-01 -5.203590e-01
    outer loop
      vertex   -5.877501e-02 9.928374e-02 -8.720154e-02
      vertex   -5.507709e-02 1.004004e-01 -8.715330e-02
      vertex   -5.657835e-02 9.921367e-02 -8.832771e-02
    endloop
  endfacet
  facet normal -8.033977e-01 5.296522e-01 -2.720673e-01
    outer loop
      vertex   -7.014423e-02 9.127917e-02 -8.500000e-02
      vertex   -6.912416e-02 9.168603e-02 -8.722014e-02
      vertex   -7.093121e-02 8.880471e-02 -8.749332e-02
    endloop
  endfacet
  facet normal -8.997773e-01 1.759327e-01 -3.993100e-01
    outer loop
      vertex   -7.473585e-02 7.995616e-02 -8.500000e-02
      vertex   -7.423363e-02 7.648700e-02 -8.766016e-02
      vertex   -7.474339e-02 7.648700e-02 -8.651151e-02
    endloop
  endfacet
  facet normal -9.542042e-01 8.238492e-02 -2.875883e-01
    outer loop
      vertex   -7.473585e-02 7.995616e-02 -8.500000e-02
      vertex   -7.403353e-02 8.190394e-02 -8.677230e-02
      vertex   -7.423363e-02 7.648700e-02 -8.766016e-02
    endloop
  endfacet
  facet normal -9.450369e-01 2.506706e-01 -2.099274e-01
    outer loop
      vertex   -7.420193e-02 8.275331e-02 -8.500000e-02
      vertex   -7.344141e-02 8.449750e-02 -8.634093e-02
      vertex   -7.403353e-02 8.190394e-02 -8.677230e-02
    endloop
  endfacet
  facet normal -8.272219e-01 4.915326e-01 -2.722126e-01
    outer loop
      vertex   -7.153740e-02 8.916534e-02 -8.500000e-02
      vertex   -7.093121e-02 8.880471e-02 -8.749332e-02
      vertex   -7.234459e-02 8.675222e-02 -8.690440e-02
    endloop
  endfacet
  facet normal -8.034989e-01 5.295614e-01 -2.719452e-01
    outer loop
      vertex   -7.153740e-02 8.916534e-02 -8.500000e-02
      vertex   -7.014423e-02 9.127917e-02 -8.500000e-02
      vertex   -7.093121e-02 8.880471e-02 -8.749332e-02
    endloop
  endfacet
  facet normal -7.535692e-01 6.144502e-01 -2.336333e-01
    outer loop
      vertex   -6.854439e-02 9.324124e-02 -8.500000e-02
      vertex   -6.912416e-02 9.168603e-02 -8.722014e-02
      vertex   -7.014423e-02 9.127917e-02 -8.500000e-02
    endloop
  endfacet
  facet normal -7.406203e-01 6.257046e-01 -2.448985e-01
    outer loop
      vertex   -6.854439e-02 9.324124e-02 -8.500000e-02
      vertex   -6.721972e-02 9.415221e-02 -8.667858e-02
      vertex   -6.912416e-02 9.168603e-02 -8.722014e-02
    endloop
  endfacet
  facet normal -5.086847e-01 8.382771e-01 -1.962939e-01
    outer loop
      vertex   -6.155635e-02 9.861047e-02 -8.500000e-02
      vertex   -6.136805e-02 9.824706e-02 -8.703991e-02
      vertex   -6.404616e-02 9.667392e-02 -8.681786e-02
    endloop
  endfacet
  facet normal -3.745341e-01 9.062560e-01 -1.960209e-01
    outer loop
      vertex   -6.155635e-02 9.861047e-02 -8.500000e-02
      vertex   -5.877501e-02 9.928374e-02 -8.720154e-02
      vertex   -6.136805e-02 9.824706e-02 -8.703991e-02
    endloop
  endfacet
  facet normal -2.816174e-01 9.407351e-01 -1.889684e-01
    outer loop
      vertex   -5.409496e-02 1.011270e-01 -8.500000e-02
      vertex   -5.507709e-02 1.004004e-01 -8.715330e-02
      vertex   -5.877501e-02 9.928374e-02 -8.720154e-02
    endloop
  endfacet
  facet normal -1.030634e-01 9.557664e-01 -2.754787e-01
    outer loop
      vertex   -5.409496e-02 1.011270e-01 -8.500000e-02
      vertex   -5.000000e-02 1.009293e-01 -8.721793e-02
      vertex   -5.507709e-02 1.004004e-01 -8.715330e-02
    endloop
  endfacet
  facet normal -9.831265e-01 7.485715e-02 -1.669094e-01
    outer loop
      vertex   -7.473585e-02 7.995616e-02 -8.500000e-02
      vertex   -7.474339e-02 7.648700e-02 -8.651151e-02
      vertex   -7.500000e-02 7.648700e-02 -8.500000e-02
    endloop
  endfacet
  facet normal -9.661873e-01 1.844275e-01 -1.801905e-01
    outer loop
      vertex   -7.473585e-02 7.995616e-02 -8.500000e-02
      vertex   -7.420193e-02 8.275331e-02 -8.500000e-02
      vertex   -7.403353e-02 8.190394e-02 -8.677230e-02
    endloop
  endfacet
  facet normal -9.008745e-01 3.912515e-01 -1.880089e-01
    outer loop
      vertex   -7.317909e-02 8.574586e-02 -8.500000e-02
      vertex   -7.234459e-02 8.675222e-02 -8.690440e-02
      vertex   -7.344141e-02 8.449750e-02 -8.634093e-02
    endloop
  endfacet
  facet normal -8.892719e-01 4.269402e-01 -1.640655e-01
    outer loop
      vertex   -7.317909e-02 8.574586e-02 -8.500000e-02
      vertex   -7.153740e-02 8.916534e-02 -8.500000e-02
      vertex   -7.234459e-02 8.675222e-02 -8.690440e-02
    endloop
  endfacet
  facet normal -6.760124e-01 7.232831e-01 -1.409565e-01
    outer loop
      vertex   -6.577321e-02 9.583131e-02 -8.500000e-02
      vertex   -6.721972e-02 9.415221e-02 -8.667858e-02
      vertex   -6.854439e-02 9.324124e-02 -8.500000e-02
    endloop
  endfacet
  facet normal -6.115829e-01 7.569609e-01 -2.301662e-01
    outer loop
      vertex   -6.577321e-02 9.583131e-02 -8.500000e-02
      vertex   -6.404616e-02 9.667392e-02 -8.681786e-02
      vertex   -6.721972e-02 9.415221e-02 -8.667858e-02
    endloop
  endfacet
  facet normal -5.452910e-01 8.273784e-01 -1.345462e-01
    outer loop
      vertex   -6.155635e-02 9.861047e-02 -8.500000e-02
      vertex   -6.404616e-02 9.667392e-02 -8.681786e-02
      vertex   -6.577321e-02 9.583131e-02 -8.500000e-02
    endloop
  endfacet
  facet normal -3.731096e-01 9.072988e-01 -1.939023e-01
    outer loop
      vertex   -5.717484e-02 1.004123e-01 -8.500000e-02
      vertex   -5.877501e-02 9.928374e-02 -8.720154e-02
      vertex   -6.155635e-02 9.861047e-02 -8.500000e-02
    endloop
  endfacet
  facet normal -2.143391e-01 9.236526e-01 -3.176863e-01
    outer loop
      vertex   -5.717484e-02 1.004123e-01 -8.500000e-02
      vertex   -5.409496e-02 1.011270e-01 -8.500000e-02
      vertex   -5.877501e-02 9.928374e-02 -8.720154e-02
    endloop
  endfacet
  facet normal -8.495339e-02 9.663038e-01 -2.429814e-01
    outer loop
      vertex   -5.000000e-02 1.014870e-01 -8.500000e-02
      vertex   -5.000000e-02 1.009293e-01 -8.721793e-02
      vertex   -5.409496e-02 1.011270e-01 -8.500000e-02
    endloop
  endfacet
  facet normal -9.399530e-01 3.212696e-01 -1.152137e-01
    outer loop
      vertex   -7.344141e-02 8.449750e-02 -8.634093e-02
      vertex   -7.420193e-02 8.275331e-02 -8.500000e-02
      vertex   -7.317909e-02 8.574586e-02 -8.500000e-02
    endloop
  endfacet
  facet normal 0.000000e+00 0.000000e+00 -1.000000e+00
    outer loop
      vertex   -7.000000e-02 7.648700e-02 -9.000000e-02
      vertex   -5.750542e-02 9.497069e-02 -9.000000e-02
      vertex   -5.000000e-02 9.648700e-02 -9.000000e-02
    endloop
  endfacet
  facet normal 0.000000e+00 -0.000000e+00 -1.000000e+00
    outer loop
      vertex   -6.198381e-02 9.241069e-02 -9.000000e-02
      vertex   -5.750542e-02 9.497069e-02 -9.000000e-02
      vertex   -7.000000e-02 7.648700e-02 -9.000000e-02
    endloop
  endfacet
  facet normal 0.000000e+00 -0.000000e+00 -1.000000e+00
    outer loop
      vertex   -6.774865e-02 8.545375e-02 -9.000000e-02
      vertex   -6.198381e-02 9.241069e-02 -9.000000e-02
      vertex   -7.000000e-02 7.648700e-02 -9.000000e-02
    endloop
  endfacet
  facet normal 0.000000e+00 0.000000e+00 -1.000000e+00
    outer loop
      vertex   -7.000000e-02 -1.385130e-01 -9.000000e-02
      vertex   -6.566519e-02 -1.576867e-01 -9.000000e-02
      vertex   -6.800924e-02 -1.516721e-01 -9.000000e-02
    endloop
  endfacet
  facet normal 0.000000e+00 0.000000e+00 -1.000000e+00
    outer loop
      vertex   -6.003211e-02 -1.665674e-01 -9.000000e-02
      vertex   -6.566519e-02 -1.576867e-01 -9.000000e-02
      vertex   -7.000000e-02 -1.385130e-01 -9.000000e-02
    endloop
  endfacet
  facet normal 0.000000e+00 0.000000e+00 -1.000000e+00
    outer loop
      vertex   -7.000000e-02 -1.385130e-01 -9.000000e-02
      vertex   -5.343105e-02 -1.733253e-01 -9.000000e-02
      vertex   -6.003211e-02 -1.665674e-01 -9.000000e-02
    endloop
  endfacet
  facet normal 0.000000e+00 0.000000e+00 -1.000000e+00
    outer loop
      vertex   -4.484909e-02 -1.788461e-01 -9.000000e-02
      vertex   -5.343105e-02 -1.733253e-01 -9.000000e-02
      vertex   -7.000000e-02 -1.385130e-01 -9.000000e-02
    endloop
  endfacet
  facet normal 0.000000e+00 0.000000e+00 -1.000000e+00
    outer loop
      vertex   -7.000000e-02 -1.385130e-01 -9.000000e-02
      vertex   -3.750576e-02 -1.815863e-01 -9.000000e-02
      vertex   -4.484909e-02 -1.788461e-01 -9.000000e-02
    endloop
  endfacet
  facet normal 0.000000e+00 0.000000e+00 -1.000000e+00
    outer loop
      vertex   -2.500000e-02 -1.835130e-01 -9.000000e-02
      vertex   -3.750576e-02 -1.815863e-01 -9.000000e-02
      vertex   -7.000000e-02 -1.385130e-01 -9.000000e-02
    endloop
  endfacet
  facet normal 0.000000e+00 0.000000e+00 -1.000000e+00
    outer loop
      vertex   -5.000000e-02 9.648700e-02 -9.000000e-02
      vertex   -7.000000e-02 -1.385130e-01 -9.000000e-02
      vertex   -7.000000e-02 7.648700e-02 -9.000000e-02
    endloop
  endfacet
  facet normal 0.000000e+00 -0.000000e+00 -1.000000e+00
    outer loop
      vertex   -5.000000e-02 9.648700e-02 -9.000000e-02
      vertex   -2.500000e-02 -1.835130e-01 -9.000000e-02
      vertex   -7.000000e-02 -1.385130e-01 -9.000000e-02
    endloop
  endfacet
  facet normal -0.000000e+00 0.000000e+00 -1.000000e+00
    outer loop
      vertex   5.000000e-02 9.648700e-02 -9.000000e-02
      vertex   -2.500000e-02 -1.835130e-01 -9.000000e-02
      vertex   -5.000000e-02 9.648700e-02 -9.000000e-02
    endloop
  endfacet
  facet normal 0.000000e+00 0.000000e+00 -1.000000e+00
    outer loop
      vertex   2.500000e-02 -1.835130e-01 -9.000000e-02
      vertex   -2.500000e-02 -1.835130e-01 -9.000000e-02
      vertex   5.000000e-02 9.648700e-02 -9.000000e-02
    endloop
  endfacet
  facet normal 0.000000e+00 0.000000e+00 -1.000000e+00
    outer loop
      vertex   6.756531e-02 -1.522155e-01 -9.000000e-02
      vertex   7.000000e-02 7.648700e-02 -9.000000e-02
      vertex   7.000000e-02 -1.385130e-01 -9.000000e-02
    endloop
  endfacet
  facet normal 0.000000e+00 0.000000e+00 -1.000000e+00
    outer loop
      vertex   6.756531e-02 -1.522155e-01 -9.000000e-02
      vertex   6.691353e-02 8.666263e-02 -9.000000e-02
      vertex   7.000000e-02 7.648700e-02 -9.000000e-02
    endloop
  endfacet
  facet normal 0.000000e+00 0.000000e+00 -1.000000e+00
    outer loop
      vertex   6.691353e-02 8.666263e-02 -9.000000e-02
      vertex   5.738563e-02 9.505008e-02 -9.000000e-02
      vertex   6.050275e-02 9.346633e-02 -9.000000e-02
    endloop
  endfacet
  facet normal 0.000000e+00 0.000000e+00 -1.000000e+00
    outer loop
      vertex   6.691353e-02 8.666263e-02 -9.000000e-02
      vertex   5.000000e-02 9.648700e-02 -9.000000e-02
      vertex   5.738563e-02 9.505008e-02 -9.000000e-02
    endloop
  endfacet
  facet normal 0.000000e+00 0.000000e+00 -1.000000e+00
    outer loop
      vertex   5.162479e-02 -1.746840e-01 -9.000000e-02
      vertex   6.756531e-02 -1.522155e-01 -9.000000e-02
      vertex   6.028434e-02 -1.662891e-01 -9.000000e-02
    endloop
  endfacet
  facet normal 0.000000e+00 0.000000e+00 -1.000000e+00
    outer loop
      vertex   3.994582e-02 -1.807580e-01 -9.000000e-02
      vertex   6.756531e-02 -1.522155e-01 -9.000000e-02
      vertex   5.162479e-02 -1.746840e-01 -9.000000e-02
    endloop
  endfacet
  facet normal 0.000000e+00 0.000000e+00 -1.000000e+00
    outer loop
      vertex   2.500000e-02 -1.835130e-01 -9.000000e-02
      vertex   6.756531e-02 -1.522155e-01 -9.000000e-02
      vertex   3.994582e-02 -1.807580e-01 -9.000000e-02
    endloop
  endfacet
  facet normal 0.000000e+00 -0.000000e+00 -1.000000e+00
    outer loop
      vertex   5.000000e-02 9.648700e-02 -9.000000e-02
      vertex   6.756531e-02 -1.522155e-01 -9.000000e-02
      vertex   2.500000e-02 -1.835130e-01 -9.000000e-02
    endloop
  endfacet
  facet normal 0.000000e+00 0.000000e+00 -1.000000e+00
    outer loop
      vertex   5.000000e-02 9.648700e-02 -9.000000e-02
      vertex   6.691353e-02 8.666263e-02 -9.000000e-02
      vertex   6.756531e-02 -1.522155e-01 -9.000000e-02
    endloop
  endfacet
  facet normal 1.397399e-03 5.259411e-01 -8.505198e-01
    outer loop
      vertex   -5.000000e-02 9.937579e-02 -8.907139e-02
      vertex   1.254340e-02 9.985667e-02 -8.867127e-02
      vertex   -1.736111e-02 9.849113e-02 -8.956482e-02
    endloop
  endfacet
  facet normal -2.216447e-03 7.940453e-01 -6.078546e-01
    outer loop
      vertex   2.239583e-02 1.007882e-01 -8.749033e-02
      vertex   1.254340e-02 9.985667e-02 -8.867127e-02
      vertex   -5.000000e-02 9.937579e-02 -8.907139e-02
    endloop
  endfacet
  facet normal -1.984938e-03 9.698078e-01 -2.438625e-01
    outer loop
      vertex   -5.000000e-02 1.009293e-01 -8.721793e-02
      vertex   -5.000000e-02 1.014870e-01 -8.500000e-02
      vertex   9.798183e-03 1.012959e-01 -8.624662e-02
    endloop
  endfacet
  facet normal 0.000000e+00 9.884562e-01 -1.515071e-01
    outer loop
      vertex   9.798183e-03 1.012959e-01 -8.624662e-02
      vertex   -5.000000e-02 1.014870e-01 -8.500000e-02
      vertex   5.000000e-02 1.014870e-01 -8.500000e-02
    endloop
  endfacet
  facet normal -4.149217e-04 8.386566e-01 -5.446604e-01
    outer loop
      vertex   2.239583e-02 1.007882e-01 -8.749033e-02
      vertex   -5.000000e-02 1.002093e-01 -8.832649e-02
      vertex   -5.000000e-02 1.009293e-01 -8.721793e-02
    endloop
  endfacet
  facet normal 2.573507e-03 2.645395e-01 -9.643714e-01
    outer loop
      vertex   5.000000e-02 9.888660e-02 -8.934176e-02
      vertex   5.000000e-02 9.648700e-02 -9.000000e-02
      vertex   -5.902777e-03 9.730594e-02 -8.992454e-02
    endloop
  endfacet
  facet normal 0.000000e+00 9.176002e-02 -9.957812e-01
    outer loop
      vertex   -5.902777e-03 9.730594e-02 -8.992454e-02
      vertex   5.000000e-02 9.648700e-02 -9.000000e-02
      vertex   -5.000000e-02 9.648700e-02 -9.000000e-02
    endloop
  endfacet
  facet normal 1.379510e-03 3.026159e-01 -9.531116e-01
    outer loop
      vertex   -1.736111e-02 9.849113e-02 -8.956482e-02
      vertex   5.000000e-02 9.888660e-02 -8.934176e-02
      vertex   -5.902777e-03 9.730594e-02 -8.992454e-02
    endloop
  endfacet
  facet normal -5.060536e-04 5.552845e-01 -8.316603e-01
    outer loop
      vertex   1.254340e-02 9.985667e-02 -8.867127e-02
      vertex   5.000000e-02 9.888660e-02 -8.934176e-02
      vertex   -1.736111e-02 9.849113e-02 -8.956482e-02
    endloop
  endfacet
  facet normal 2.289253e-03 6.268909e-01 -7.791037e-01
    outer loop
      vertex   5.000000e-02 1.002905e-01 -8.821217e-02
      vertex   5.000000e-02 9.888660e-02 -8.934176e-02
      vertex   1.254340e-02 9.985667e-02 -8.867127e-02
    endloop
  endfacet
  facet normal 5.043576e-04 9.858925e-01 -1.673790e-01
    outer loop
      vertex   5.000000e-02 1.012304e-01 -8.651151e-02
      vertex   9.798183e-03 1.012959e-01 -8.624662e-02
      vertex   5.000000e-02 1.014870e-01 -8.500000e-02
    endloop
  endfacet
  facet normal -1.046872e-03 9.220701e-01 -3.870214e-01
    outer loop
      vertex   5.000000e-02 1.012304e-01 -8.651151e-02
      vertex   2.239583e-02 1.007882e-01 -8.749033e-02
      vertex   9.798183e-03 1.012959e-01 -8.624662e-02
    endloop
  endfacet
  facet normal 3.132358e-03 8.752188e-01 -4.837171e-01
    outer loop
      vertex   5.000000e-02 1.002905e-01 -8.821217e-02
      vertex   2.239583e-02 1.007882e-01 -8.749033e-02
      vertex   5.000000e-02 1.012304e-01 -8.651151e-02
    endloop
  endfacet
  facet normal -1.687411e-03 7.919347e-01 -6.106034e-01
    outer loop
      vertex   5.000000e-02 1.002905e-01 -8.821217e-02
      vertex   1.254340e-02 9.985667e-02 -8.867127e-02
      vertex   2.239583e-02 1.007882e-01 -8.749033e-02
    endloop
  endfacet
  facet normal -3.211608e-03 2.618673e-01 -9.650985e-01
    outer loop
      vertex   -5.000000e-02 9.648700e-02 -9.000000e-02
      vertex   -1.736111e-02 9.849113e-02 -8.956482e-02
      vertex   -5.902777e-03 9.730594e-02 -8.992454e-02
    endloop
  endfacet
  facet normal 8.491970e-04 1.989706e-01 -9.800051e-01
    outer loop
      vertex   -5.000000e-02 9.839740e-02 -8.961213e-02
      vertex   -1.736111e-02 9.849113e-02 -8.956482e-02
      vertex   -5.000000e-02 9.648700e-02 -9.000000e-02
    endloop
  endfacet
  facet normal -1.203935e-04 4.837215e-01 -8.752219e-01
    outer loop
      vertex   -5.000000e-02 9.839740e-02 -8.961213e-02
      vertex   -5.000000e-02 9.937579e-02 -8.907139e-02
      vertex   -1.736111e-02 9.849113e-02 -8.956482e-02
    endloop
  endfacet
  facet normal 3.284227e-03 6.663383e-01 -7.456423e-01
    outer loop
      vertex   2.239583e-02 1.007882e-01 -8.749033e-02
      vertex   -5.000000e-02 9.937579e-02 -8.907139e-02
      vertex   -5.000000e-02 1.002093e-01 -8.832649e-02
    endloop
  endfacet
  facet normal 3.979560e-04 9.272297e-01 -3.744928e-01
    outer loop
      vertex   9.798183e-03 1.012959e-01 -8.624662e-02
      vertex   2.239583e-02 1.007882e-01 -8.749033e-02
      vertex   -5.000000e-02 1.009293e-01 -8.721793e-02
    endloop
  endfacet
  facet normal 5.813556e-02 5.477809e-02 -9.968047e-01
    outer loop
      vertex   6.594561e-02 9.024995e-02 -8.985931e-02
      vertex   6.691353e-02 8.666263e-02 -9.000000e-02
      vertex   6.050275e-02 9.346633e-02 -9.000000e-02
    endloop
  endfacet
  facet normal 3.863173e-02 1.171778e-02 -9.991848e-01
    outer loop
      vertex   6.979012e-02 8.236272e-02 -8.993921e-02
      vertex   7.000000e-02 7.648700e-02 -9.000000e-02
      vertex   6.691353e-02 8.666263e-02 -9.000000e-02
    endloop
  endfacet
  facet normal 3.557208e-02 1.828369e-01 -9.824995e-01
    outer loop
      vertex   5.408360e-02 9.806296e-02 -8.955887e-02
      vertex   5.738563e-02 9.505008e-02 -9.000000e-02
      vertex   5.000000e-02 9.648700e-02 -9.000000e-02
    endloop
  endfacet
  facet normal 1.507227e-01 2.128308e-01 -9.653941e-01
    outer loop
      vertex   6.536725e-02 9.238059e-02 -8.947989e-02
      vertex   6.594561e-02 9.024995e-02 -8.985931e-02
      vertex   6.050275e-02 9.346633e-02 -9.000000e-02
    endloop
  endfacet
  facet normal 1.794537e-01 8.684953e-02 -9.799253e-01
    outer loop
      vertex   6.846764e-02 8.833392e-02 -8.956727e-02
      vertex   6.691353e-02 8.666263e-02 -9.000000e-02
      vertex   6.594561e-02 9.024995e-02 -8.985931e-02
    endloop
  endfacet
  facet normal 1.684729e-01 9.884102e-02 -9.807382e-01
    outer loop
      vertex   7.032120e-02 8.401490e-02 -8.968147e-02
      vertex   6.979012e-02 8.236272e-02 -8.993921e-02
      vertex   6.691353e-02 8.666263e-02 -9.000000e-02
    endloop
  endfacet
  facet normal 1.989404e-01 1.724404e-02 -9.798599e-01
    outer loop
      vertex   7.000000e-02 7.648700e-02 -9.000000e-02
      vertex   6.979012e-02 8.236272e-02 -8.993921e-02
      vertex   7.191041e-02 7.648700e-02 -8.961213e-02
    endloop
  endfacet
  facet normal 2.082706e-03 2.645398e-01 -9.643725e-01
    outer loop
      vertex   5.408360e-02 9.806296e-02 -8.955887e-02
      vertex   5.000000e-02 9.648700e-02 -9.000000e-02
      vertex   5.000000e-02 9.888660e-02 -8.934176e-02
    endloop
  endfacet
  facet normal 6.924037e-02 2.184038e-01 -9.733990e-01
    outer loop
      vertex   5.731048e-02 9.741942e-02 -8.947373e-02
      vertex   5.738563e-02 9.505008e-02 -9.000000e-02
      vertex   5.408360e-02 9.806296e-02 -8.955887e-02
    endloop
  endfacet
  facet normal 1.195941e-01 2.353847e-01 -9.645161e-01
    outer loop
      vertex   6.115289e-02 9.597787e-02 -8.930646e-02
      vertex   6.050275e-02 9.346633e-02 -9.000000e-02
      vertex   5.738563e-02 9.505008e-02 -9.000000e-02
    endloop
  endfacet
  facet normal 1.677997e-01 9.794990e-02 -9.809430e-01
    outer loop
      vertex   6.846764e-02 8.833392e-02 -8.956727e-02
      vertex   7.032120e-02 8.401490e-02 -8.968147e-02
      vertex   6.691353e-02 8.666263e-02 -9.000000e-02
    endloop
  endfacet
  facet normal 2.958684e-01 5.367623e-02 -9.537194e-01
    outer loop
      vertex   7.032120e-02 8.401490e-02 -8.968147e-02
      vertex   7.191041e-02 7.648700e-02 -8.961213e-02
      vertex   6.979012e-02 8.236272e-02 -8.993921e-02
    endloop
  endfacet
  facet normal 1.242575e-01 2.189055e-01 -9.678019e-01
    outer loop
      vertex   6.115289e-02 9.597787e-02 -8.930646e-02
      vertex   5.738563e-02 9.505008e-02 -9.000000e-02
      vertex   5.731048e-02 9.741942e-02 -8.947373e-02
    endloop
  endfacet
  facet normal 1.532914e-01 2.259665e-01 -9.619984e-01
    outer loop
      vertex   6.115289e-02 9.597787e-02 -8.930646e-02
      vertex   6.536725e-02 9.238059e-02 -8.947989e-02
      vertex   6.050275e-02 9.346633e-02 -9.000000e-02
    endloop
  endfacet
  facet normal 2.924728e-01 2.440458e-01 -9.246087e-01
    outer loop
      vertex   6.846764e-02 8.833392e-02 -8.956727e-02
      vertex   6.594561e-02 9.024995e-02 -8.985931e-02
      vertex   6.536725e-02 9.238059e-02 -8.947989e-02
    endloop
  endfacet
  facet normal 3.861703e-01 1.895981e-01 -9.027320e-01
    outer loop
      vertex   7.088075e-02 8.489366e-02 -8.925754e-02
      vertex   7.032120e-02 8.401490e-02 -8.968147e-02
      vertex   6.846764e-02 8.833392e-02 -8.956727e-02
    endloop
  endfacet
  facet normal 4.992283e-01 9.746166e-02 -8.609717e-01
    outer loop
      vertex   7.088075e-02 8.489366e-02 -8.925754e-02
      vertex   7.191041e-02 7.648700e-02 -8.961213e-02
      vertex   7.032120e-02 8.401490e-02 -8.968147e-02
    endloop
  endfacet
  facet normal 2.885834e-01 3.804469e-01 -8.786238e-01
    outer loop
      vertex   6.454027e-02 9.449485e-02 -8.883603e-02
      vertex   6.536725e-02 9.238059e-02 -8.947989e-02
      vertex   6.115289e-02 9.597787e-02 -8.930646e-02
    endloop
  endfacet
  facet normal 3.941692e-01 3.205945e-01 -8.613071e-01
    outer loop
      vertex   6.802730e-02 9.127830e-02 -8.867284e-02
      vertex   6.846764e-02 8.833392e-02 -8.956727e-02
      vertex   6.536725e-02 9.238059e-02 -8.947989e-02
    endloop
  endfacet
  facet normal 4.814990e-01 9.572174e-02 -8.712038e-01
    outer loop
      vertex   7.288880e-02 7.648700e-02 -8.907139e-02
      vertex   7.191041e-02 7.648700e-02 -8.961213e-02
      vertex   7.088075e-02 8.489366e-02 -8.925754e-02
    endloop
  endfacet
  facet normal 6.132876e-02 5.274429e-01 -8.473740e-01
    outer loop
      vertex   5.367929e-02 9.952975e-02 -8.867514e-02
      vertex   5.408360e-02 9.806296e-02 -8.955887e-02
      vertex   5.000000e-02 9.888660e-02 -8.934176e-02
    endloop
  endfacet
  facet normal 1.368296e-01 5.386117e-01 -8.313694e-01
    outer loop
      vertex   5.664964e-02 9.906144e-02 -8.848967e-02
      vertex   5.408360e-02 9.806296e-02 -8.955887e-02
      vertex   5.367929e-02 9.952975e-02 -8.867514e-02
    endloop
  endfacet
  facet normal 1.310680e-01 5.478980e-01 -8.262137e-01
    outer loop
      vertex   5.664964e-02 9.906144e-02 -8.848967e-02
      vertex   5.731048e-02 9.741942e-02 -8.947373e-02
      vertex   5.408360e-02 9.806296e-02 -8.955887e-02
    endloop
  endfacet
  facet normal 2.477592e-01 5.694449e-01 -7.838034e-01
    outer loop
      vertex   5.664964e-02 9.906144e-02 -8.848967e-02
      vertex   6.115289e-02 9.597787e-02 -8.930646e-02
      vertex   5.731048e-02 9.741942e-02 -8.947373e-02
    endloop
  endfacet
  facet normal 2.197805e-01 5.367466e-01 -8.146162e-01
    outer loop
      vertex   6.080417e-02 9.750163e-02 -8.839655e-02
      vertex   6.115289e-02 9.597787e-02 -8.930646e-02
      vertex   5.664964e-02 9.906144e-02 -8.848967e-02
    endloop
  endfacet
  facet normal 4.161295e-01 4.099418e-01 -8.116551e-01
    outer loop
      vertex   6.802730e-02 9.127830e-02 -8.867284e-02
      vertex   6.536725e-02 9.238059e-02 -8.947989e-02
      vertex   6.454027e-02 9.449485e-02 -8.883603e-02
    endloop
  endfacet
  facet normal 4.708351e-01 3.201450e-01 -8.220836e-01
    outer loop
      vertex   7.049741e-02 8.752553e-02 -8.871957e-02
      vertex   6.846764e-02 8.833392e-02 -8.956727e-02
      vertex   6.802730e-02 9.127830e-02 -8.867284e-02
    endloop
  endfacet
  facet normal 4.542887e-01 2.414498e-01 -8.575102e-01
    outer loop
      vertex   7.049741e-02 8.752553e-02 -8.871957e-02
      vertex   7.088075e-02 8.489366e-02 -8.925754e-02
      vertex   6.846764e-02 8.833392e-02 -8.956727e-02
    endloop
  endfacet
  facet normal 4.824295e-01 9.595598e-02 -8.706631e-01
    outer loop
      vertex   7.312100e-02 8.123096e-02 -8.841990e-02
      vertex   7.288880e-02 7.648700e-02 -8.907139e-02
      vertex   7.088075e-02 8.489366e-02 -8.925754e-02
    endloop
  endfacet
  facet normal 3.155976e-02 6.265803e-01 -7.787176e-01
    outer loop
      vertex   5.000000e-02 1.002905e-01 -8.821217e-02
      vertex   5.367929e-02 9.952975e-02 -8.867514e-02
      vertex   5.000000e-02 9.888660e-02 -8.934176e-02
    endloop
  endfacet
  facet normal 3.425801e-01 5.382271e-01 -7.700328e-01
    outer loop
      vertex   6.080417e-02 9.750163e-02 -8.839655e-02
      vertex   6.454027e-02 9.449485e-02 -8.883603e-02
      vertex   6.115289e-02 9.597787e-02 -8.930646e-02
    endloop
  endfacet
  facet normal 6.140709e-01 2.429374e-01 -7.509317e-01
    outer loop
      vertex   7.273318e-02 8.385400e-02 -8.807907e-02
      vertex   7.088075e-02 8.489366e-02 -8.925754e-02
      vertex   7.049741e-02 8.752553e-02 -8.871957e-02
    endloop
  endfacet
  facet normal 6.006048e-01 1.897234e-01 -7.767103e-01
    outer loop
      vertex   7.273318e-02 8.385400e-02 -8.807907e-02
      vertex   7.312100e-02 8.123096e-02 -8.841990e-02
      vertex   7.088075e-02 8.489366e-02 -8.925754e-02
    endloop
  endfacet
  facet normal 2.763743e-01 6.965887e-01 -6.621038e-01
    outer loop
      vertex   5.927389e-02 9.887496e-02 -8.759046e-02
      vertex   6.080417e-02 9.750163e-02 -8.839655e-02
      vertex   5.664964e-02 9.906144e-02 -8.848967e-02
    endloop
  endfacet
  facet normal 4.157413e-01 6.145736e-01 -6.704167e-01
    outer loop
      vertex   6.240605e-02 9.726989e-02 -8.761562e-02
      vertex   6.454027e-02 9.449485e-02 -8.883603e-02
      vertex   6.080417e-02 9.750163e-02 -8.839655e-02
    endloop
  endfacet
  facet normal 4.654416e-01 6.309374e-01 -6.207110e-01
    outer loop
      vertex   6.589440e-02 9.487720e-02 -8.743198e-02
      vertex   6.454027e-02 9.449485e-02 -8.883603e-02
      vertex   6.240605e-02 9.726989e-02 -8.761562e-02
    endloop
  endfacet
  facet normal 5.280482e-01 5.391637e-01 -6.561003e-01
    outer loop
      vertex   6.589440e-02 9.487720e-02 -8.743198e-02
      vertex   6.802730e-02 9.127830e-02 -8.867284e-02
      vertex   6.454027e-02 9.449485e-02 -8.883603e-02
    endloop
  endfacet
  facet normal 5.173788e-01 5.364958e-01 -6.667020e-01
    outer loop
      vertex   6.851221e-02 9.197036e-02 -8.773963e-02
      vertex   6.802730e-02 9.127830e-02 -8.867284e-02
      vertex   6.589440e-02 9.487720e-02 -8.743198e-02
    endloop
  endfacet
  facet normal 6.316871e-01 4.238651e-01 -6.490838e-01
    outer loop
      vertex   7.133716e-02 8.763377e-02 -8.783164e-02
      vertex   7.049741e-02 8.752553e-02 -8.871957e-02
      vertex   6.802730e-02 9.127830e-02 -8.867284e-02
    endloop
  endfacet
  facet normal 6.762851e-01 2.939940e-01 -6.754302e-01
    outer loop
      vertex   7.133716e-02 8.763377e-02 -8.783164e-02
      vertex   7.273318e-02 8.385400e-02 -8.807907e-02
      vertex   7.049741e-02 8.752553e-02 -8.871957e-02
    endloop
  endfacet
  facet normal 6.647290e-01 6.961551e-02 -7.438340e-01
    outer loop
      vertex   7.312100e-02 8.123096e-02 -8.841990e-02
      vertex   7.372235e-02 7.648700e-02 -8.832649e-02
      vertex   7.288880e-02 7.648700e-02 -8.907139e-02
    endloop
  endfacet
  facet normal 1.602395e-01 7.734902e-01 -6.132179e-01
    outer loop
      vertex   5.648405e-02 9.997222e-02 -8.738412e-02
      vertex   5.664964e-02 9.906144e-02 -8.848967e-02
      vertex   5.367929e-02 9.952975e-02 -8.867514e-02
    endloop
  endfacet
  facet normal 2.569286e-01 7.644428e-01 -5.912824e-01
    outer loop
      vertex   5.648405e-02 9.997222e-02 -8.738412e-02
      vertex   5.927389e-02 9.887496e-02 -8.759046e-02
      vertex   5.664964e-02 9.906144e-02 -8.848967e-02
    endloop
  endfacet
  facet normal 3.767428e-01 7.438373e-01 -5.520607e-01
    outer loop
      vertex   5.927389e-02 9.887496e-02 -8.759046e-02
      vertex   6.240605e-02 9.726989e-02 -8.761562e-02
      vertex   6.080417e-02 9.750163e-02 -8.839655e-02
    endloop
  endfacet
  facet normal 6.336217e-01 4.264504e-01 -6.454949e-01
    outer loop
      vertex   6.851221e-02 9.197036e-02 -8.773963e-02
      vertex   7.133716e-02 8.763377e-02 -8.783164e-02
      vertex   6.802730e-02 9.127830e-02 -8.867284e-02
    endloop
  endfacet
  facet normal 8.435460e-01 1.899904e-01 -5.023284e-01
    outer loop
      vertex   7.432786e-02 7.989537e-02 -8.689839e-02
      vertex   7.312100e-02 8.123096e-02 -8.841990e-02
      vertex   7.273318e-02 8.385400e-02 -8.807907e-02
    endloop
  endfacet
  facet normal 8.180458e-01 9.251848e-02 -5.676630e-01
    outer loop
      vertex   7.432786e-02 7.989537e-02 -8.689839e-02
      vertex   7.372235e-02 7.648700e-02 -8.832649e-02
      vertex   7.312100e-02 8.123096e-02 -8.841990e-02
    endloop
  endfacet
  facet normal 8.546963e-01 6.401153e-02 -5.151667e-01
    outer loop
      vertex   7.458313e-02 7.648700e-02 -8.689839e-02
      vertex   7.372235e-02 7.648700e-02 -8.832649e-02
      vertex   7.432786e-02 7.989537e-02 -8.689839e-02
    endloop
  endfacet
  facet normal 7.091762e-02 8.730195e-01 -4.825015e-01
    outer loop
      vertex   5.389544e-02 1.008678e-01 -8.659504e-02
      vertex   5.000000e-02 1.002905e-01 -8.821217e-02
      vertex   5.000000e-02 1.012304e-01 -8.651151e-02
    endloop
  endfacet
  facet normal 1.032765e-01 8.316132e-01 -5.456679e-01
    outer loop
      vertex   5.389544e-02 1.008678e-01 -8.659504e-02
      vertex   5.367929e-02 9.952975e-02 -8.867514e-02
      vertex   5.000000e-02 1.002905e-01 -8.821217e-02
    endloop
  endfacet
  facet normal 1.204601e-01 8.291613e-01 -5.458763e-01
    outer loop
      vertex   5.389544e-02 1.008678e-01 -8.659504e-02
      vertex   5.648405e-02 9.997222e-02 -8.738412e-02
      vertex   5.367929e-02 9.952975e-02 -8.867514e-02
    endloop
  endfacet
  facet normal 4.980025e-01 6.852615e-01 -5.314228e-01
    outer loop
      vertex   6.368309e-02 9.696605e-02 -8.681068e-02
      vertex   6.589440e-02 9.487720e-02 -8.743198e-02
      vertex   6.240605e-02 9.726989e-02 -8.761562e-02
    endloop
  endfacet
  facet normal 7.156668e-01 4.770251e-01 -5.101648e-01
    outer loop
      vertex   6.979173e-02 9.122012e-02 -8.664620e-02
      vertex   7.133716e-02 8.763377e-02 -8.783164e-02
      vertex   6.851221e-02 9.197036e-02 -8.773963e-02
    endloop
  endfacet
  facet normal 7.966956e-01 4.692235e-01 -3.809270e-01
    outer loop
      vertex   7.246302e-02 8.655101e-02 -8.681068e-02
      vertex   7.133716e-02 8.763377e-02 -8.783164e-02
      vertex   6.979173e-02 9.122012e-02 -8.664620e-02
    endloop
  endfacet
  facet normal 7.874900e-01 3.251274e-01 -5.235950e-01
    outer loop
      vertex   7.246302e-02 8.655101e-02 -8.681068e-02
      vertex   7.273318e-02 8.385400e-02 -8.807907e-02
      vertex   7.133716e-02 8.763377e-02 -8.783164e-02
    endloop
  endfacet
  facet normal 8.487024e-01 2.923002e-01 -4.407549e-01
    outer loop
      vertex   7.393656e-02 8.252053e-02 -8.664620e-02
      vertex   7.273318e-02 8.385400e-02 -8.807907e-02
      vertex   7.246302e-02 8.655101e-02 -8.681068e-02
    endloop
  endfacet
  facet normal 8.279804e-01 1.746081e-01 -5.328794e-01
    outer loop
      vertex   7.393656e-02 8.252053e-02 -8.664620e-02
      vertex   7.432786e-02 7.989537e-02 -8.689839e-02
      vertex   7.273318e-02 8.385400e-02 -8.807907e-02
    endloop
  endfacet
  facet normal 2.559796e-01 9.397093e-01 -2.267618e-01
    outer loop
      vertex   5.917182e-02 9.945001e-02 -8.651410e-02
      vertex   5.648405e-02 9.997222e-02 -8.738412e-02
      vertex   5.389544e-02 1.008678e-01 -8.659504e-02
    endloop
  endfacet
  facet normal 3.035800e-01 8.520555e-01 -4.264277e-01
    outer loop
      vertex   5.917182e-02 9.945001e-02 -8.651410e-02
      vertex   5.927389e-02 9.887496e-02 -8.759046e-02
      vertex   5.648405e-02 9.997222e-02 -8.738412e-02
    endloop
  endfacet
  facet normal 4.159396e-01 8.179035e-01 -3.975276e-01
    outer loop
      vertex   5.917182e-02 9.945001e-02 -8.651410e-02
      vertex   6.240605e-02 9.726989e-02 -8.761562e-02
      vertex   5.927389e-02 9.887496e-02 -8.759046e-02
    endloop
  endfacet
  facet normal 6.777118e-01 6.472572e-01 -3.489482e-01
    outer loop
      vertex   6.979173e-02 9.122012e-02 -8.664620e-02
      vertex   6.851221e-02 9.197036e-02 -8.773963e-02
      vertex   6.589440e-02 9.487720e-02 -8.743198e-02
    endloop
  endfacet
  facet normal 8.305236e-01 4.848172e-01 -2.741949e-01
    outer loop
      vertex   7.121611e-02 8.971110e-02 -8.500000e-02
      vertex   7.246302e-02 8.655101e-02 -8.681068e-02
      vertex   6.979173e-02 9.122012e-02 -8.664620e-02
    endloop
  endfacet
  facet normal 4.663920e-01 8.367981e-01 -2.867882e-01
    outer loop
      vertex   6.239765e-02 9.817100e-02 -8.500000e-02
      vertex   6.240605e-02 9.726989e-02 -8.761562e-02
      vertex   5.917182e-02 9.945001e-02 -8.651410e-02
    endloop
  endfacet
  facet normal 3.947016e-01 8.690920e-01 -2.981439e-01
    outer loop
      vertex   6.239765e-02 9.817100e-02 -8.500000e-02
      vertex   6.368309e-02 9.696605e-02 -8.681068e-02
      vertex   6.240605e-02 9.726989e-02 -8.761562e-02
    endloop
  endfacet
  facet normal 6.275393e-01 7.380637e-01 -2.479041e-01
    outer loop
      vertex   6.479218e-02 9.663123e-02 -8.500000e-02
      vertex   6.589440e-02 9.487720e-02 -8.743198e-02
      vertex   6.368309e-02 9.696605e-02 -8.681068e-02
    endloop
  endfacet
  facet normal 6.194802e-01 7.425201e-01 -2.547708e-01
    outer loop
      vertex   6.697815e-02 9.480748e-02 -8.500000e-02
      vertex   6.589440e-02 9.487720e-02 -8.743198e-02
      vertex   6.479218e-02 9.663123e-02 -8.500000e-02
    endloop
  endfacet
  facet normal 6.856844e-01 6.691984e-01 -2.863747e-01
    outer loop
      vertex   6.697815e-02 9.480748e-02 -8.500000e-02
      vertex   6.979173e-02 9.122012e-02 -8.664620e-02
      vertex   6.589440e-02 9.487720e-02 -8.743198e-02
    endloop
  endfacet
  facet normal 9.164123e-01 3.255400e-01 -2.328353e-01
    outer loop
      vertex   7.331129e-02 8.545812e-02 -8.500000e-02
      vertex   7.393656e-02 8.252053e-02 -8.664620e-02
      vertex   7.246302e-02 8.655101e-02 -8.681068e-02
    endloop
  endfacet
  facet normal 8.784128e-02 9.820816e-01 -1.667320e-01
    outer loop
      vertex   5.000000e-02 1.014870e-01 -8.500000e-02
      vertex   5.389544e-02 1.008678e-01 -8.659504e-02
      vertex   5.000000e-02 1.012304e-01 -8.651151e-02
    endloop
  endfacet
  facet normal 1.232457e-01 9.889062e-01 -8.291610e-02
    outer loop
      vertex   5.595383e-02 1.007450e-01 -8.500000e-02
      vertex   5.389544e-02 1.008678e-01 -8.659504e-02
      vertex   5.000000e-02 1.014870e-01 -8.500000e-02
    endloop
  endfacet
  facet normal 2.544764e-01 9.324105e-01 -2.566174e-01
    outer loop
      vertex   5.595383e-02 1.007450e-01 -8.500000e-02
      vertex   5.917182e-02 9.945001e-02 -8.651410e-02
      vertex   5.389544e-02 1.008678e-01 -8.659504e-02
    endloop
  endfacet
  facet normal 2.970707e-01 9.392478e-01 -1.719374e-01
    outer loop
      vertex   5.927076e-02 9.969588e-02 -8.500000e-02
      vertex   5.917182e-02 9.945001e-02 -8.651410e-02
      vertex   5.595383e-02 1.007450e-01 -8.500000e-02
    endloop
  endfacet
  facet normal 4.317927e-01 8.854214e-01 -1.719999e-01
    outer loop
      vertex   5.927076e-02 9.969588e-02 -8.500000e-02
      vertex   6.239765e-02 9.817100e-02 -8.500000e-02
      vertex   5.917182e-02 9.945001e-02 -8.651410e-02
    endloop
  endfacet
  facet normal 5.326986e-01 8.284121e-01 -1.731058e-01
    outer loop
      vertex   6.239765e-02 9.817100e-02 -8.500000e-02
      vertex   6.479218e-02 9.663123e-02 -8.500000e-02
      vertex   6.368309e-02 9.696605e-02 -8.681068e-02
    endloop
  endfacet
  facet normal 7.286094e-01 6.582765e-01 -1.892097e-01
    outer loop
      vertex   6.994413e-02 9.152461e-02 -8.500000e-02
      vertex   6.979173e-02 9.122012e-02 -8.664620e-02
      vertex   6.697815e-02 9.480748e-02 -8.500000e-02
    endloop
  endfacet
  facet normal 8.054647e-01 5.649456e-01 -1.790618e-01
    outer loop
      vertex   6.994413e-02 9.152461e-02 -8.500000e-02
      vertex   7.121611e-02 8.971110e-02 -8.500000e-02
      vertex   6.979173e-02 9.122012e-02 -8.664620e-02
    endloop
  endfacet
  facet normal 8.421007e-01 4.767499e-01 -2.521429e-01
    outer loop
      vertex   7.215189e-02 8.805820e-02 -8.500000e-02
      vertex   7.246302e-02 8.655101e-02 -8.681068e-02
      vertex   7.121611e-02 8.971110e-02 -8.500000e-02
    endloop
  endfacet
  facet normal 8.985435e-01 4.006703e-01 -1.791169e-01
    outer loop
      vertex   7.331129e-02 8.545812e-02 -8.500000e-02
      vertex   7.246302e-02 8.655101e-02 -8.681068e-02
      vertex   7.215189e-02 8.805820e-02 -8.500000e-02
    endloop
  endfacet
  facet normal 9.586491e-01 2.638370e-01 -1.066861e-01
    outer loop
      vertex   7.456840e-02 8.089042e-02 -8.500000e-02
      vertex   7.393656e-02 8.252053e-02 -8.664620e-02
      vertex   7.331129e-02 8.545812e-02 -8.500000e-02
    endloop
  endfacet
  facet normal 9.643288e-01 1.637220e-01 -2.080026e-01
    outer loop
      vertex   7.456840e-02 8.089042e-02 -8.500000e-02
      vertex   7.432786e-02 7.989537e-02 -8.689839e-02
      vertex   7.393656e-02 8.252053e-02 -8.664620e-02
    endloop
  endfacet
  facet normal 9.838247e-01 7.368245e-02 -1.632786e-01
    outer loop
      vertex   7.456840e-02 8.089042e-02 -8.500000e-02
      vertex   7.458313e-02 7.648700e-02 -8.689839e-02
      vertex   7.432786e-02 7.989537e-02 -8.689839e-02
    endloop
  endfacet
  facet normal 9.722830e-01 9.529719e-02 -2.135046e-01
    outer loop
      vertex   7.500000e-02 7.648700e-02 -8.500000e-02
      vertex   7.458313e-02 7.648700e-02 -8.689839e-02
      vertex   7.456840e-02 8.089042e-02 -8.500000e-02
    endloop
  endfacet
  facet normal 9.952310e-01 9.754641e-02 0.000000e+00
    outer loop
      vertex   7.456840e-02 8.089042e-02 -8.500000e-02
      vertex   7.500000e-02 7.648700e-02 -6.500000e-02
      vertex   7.500000e-02 7.648700e-02 -8.500000e-02
    endloop
  endfacet
  facet normal 9.971014e-01 7.593209e-02 -4.799209e-03
    outer loop
      vertex   7.456840e-02 8.089042e-02 -8.500000e-02
      vertex   7.471171e-02 8.027270e-02 -6.500000e-02
      vertex   7.500000e-02 7.648700e-02 -6.500000e-02
    endloop
  endfacet
  facet normal 9.766004e-01 2.150618e-01 -3.551984e-04
    outer loop
      vertex   7.456840e-02 8.089042e-02 -8.500000e-02
      vertex   7.409928e-02 8.305373e-02 -6.500000e-02
      vertex   7.471171e-02 8.027270e-02 -6.500000e-02
    endloop
  endfacet
  facet normal 9.641339e-01 2.653465e-01 -6.086700e-03
    outer loop
      vertex   7.331129e-02 8.545812e-02 -8.500000e-02
      vertex   7.409928e-02 8.305373e-02 -6.500000e-02
      vertex   7.456840e-02 8.089042e-02 -8.500000e-02
    endloop
  endfacet
  facet normal 9.498291e-01 3.127693e-01 1.780317e-04
    outer loop
      vertex   7.331129e-02 8.545812e-02 -8.500000e-02
      vertex   7.320887e-02 8.575776e-02 -6.500000e-02
      vertex   7.409928e-02 8.305373e-02 -6.500000e-02
    endloop
  endfacet
  facet normal 9.086714e-01 4.175089e-01 -1.601966e-03
    outer loop
      vertex   7.331129e-02 8.545812e-02 -8.500000e-02
      vertex   7.215189e-02 8.805820e-02 -6.500000e-02
      vertex   7.320887e-02 8.575776e-02 -6.500000e-02
    endloop
  endfacet
  facet normal 9.133138e-01 4.072566e-01 -0.000000e+00
    outer loop
      vertex   7.215189e-02 8.805820e-02 -8.500000e-02
      vertex   7.215189e-02 8.805820e-02 -6.500000e-02
      vertex   7.331129e-02 8.545812e-02 -8.500000e-02
    endloop
  endfacet
  facet normal 8.617719e-01 5.072960e-01 -0.000000e+00
    outer loop
      vertex   7.215189e-02 8.805820e-02 -8.500000e-02
      vertex   7.086760e-02 9.023990e-02 -6.500000e-02
      vertex   7.215189e-02 8.805820e-02 -6.500000e-02
    endloop
  endfacet
  facet normal 8.702154e-01 4.926668e-01 2.138024e-03
    outer loop
      vertex   7.121611e-02 8.971110e-02 -8.500000e-02
      vertex   7.086760e-02 9.023990e-02 -6.500000e-02
      vertex   7.215189e-02 8.805820e-02 -8.500000e-02
    endloop
  endfacet
  facet normal 8.186962e-01 5.742261e-01 -9.161255e-04
    outer loop
      vertex   6.994413e-02 9.152461e-02 -8.500000e-02
      vertex   7.086760e-02 9.023990e-02 -6.500000e-02
      vertex   7.121611e-02 8.971110e-02 -8.500000e-02
    endloop
  endfacet
  facet normal 8.060306e-01 5.918734e-01 8.022740e-04
    outer loop
      vertex   6.994413e-02 9.152461e-02 -8.500000e-02
      vertex   6.936917e-02 9.228049e-02 -6.500000e-02
      vertex   7.086760e-02 9.023990e-02 -6.500000e-02
    endloop
  endfacet
  facet normal 7.344150e-01 6.786855e-01 -4.537503e-03
    outer loop
      vertex   6.994413e-02 9.152461e-02 -8.500000e-02
      vertex   6.743703e-02 9.437129e-02 -6.500000e-02
      vertex   6.936917e-02 9.228049e-02 -6.500000e-02
    endloop
  endfacet
  facet normal 7.420105e-01 6.703840e-01 -2.403788e-03
    outer loop
      vertex   6.697815e-02 9.480748e-02 -8.500000e-02
      vertex   6.743703e-02 9.437129e-02 -6.500000e-02
      vertex   6.994413e-02 9.152461e-02 -8.500000e-02
    endloop
  endfacet
  facet normal 6.619825e-01 7.495184e-01 1.158252e-03
    outer loop
      vertex   6.697815e-02 9.480748e-02 -8.500000e-02
      vertex   6.530265e-02 9.625640e-02 -6.500000e-02
      vertex   6.743703e-02 9.437129e-02 -6.500000e-02
    endloop
  endfacet
  facet normal 6.406185e-01 7.678568e-01 -1.960059e-03
    outer loop
      vertex   6.479218e-02 9.663123e-02 -8.500000e-02
      vertex   6.530265e-02 9.625640e-02 -6.500000e-02
      vertex   6.697815e-02 9.480748e-02 -8.500000e-02
    endloop
  endfacet
  facet normal 5.596642e-01 8.287185e-01 1.246837e-03
    outer loop
      vertex   6.479218e-02 9.663123e-02 -8.500000e-02
      vertex   6.294273e-02 9.785014e-02 -6.500000e-02
      vertex   6.530265e-02 9.625640e-02 -6.500000e-02
    endloop
  endfacet
  facet normal 5.408635e-01 8.411095e-01 -1.246882e-03
    outer loop
      vertex   6.239765e-02 9.817100e-02 -8.500000e-02
      vertex   6.294273e-02 9.785014e-02 -6.500000e-02
      vertex   6.479218e-02 9.663123e-02 -8.500000e-02
    endloop
  endfacet
  facet normal 4.629933e-01 8.863604e-01 1.601320e-03
    outer loop
      vertex   6.239765e-02 9.817100e-02 -8.500000e-02
      vertex   6.014031e-02 9.931399e-02 -6.500000e-02
      vertex   6.294273e-02 9.785014e-02 -6.500000e-02
    endloop
  endfacet
  facet normal 4.383243e-01 8.988149e-01 -1.894766e-03
    outer loop
      vertex   5.927076e-02 9.969588e-02 -8.500000e-02
      vertex   6.014031e-02 9.931399e-02 -6.500000e-02
      vertex   6.239765e-02 9.817100e-02 -8.500000e-02
    endloop
  endfacet
  facet normal 3.451413e-01 9.385462e-01 2.915228e-03
    outer loop
      vertex   5.927076e-02 9.969588e-02 -8.500000e-02
      vertex   5.687520e-02 1.005147e-01 -6.500000e-02
      vertex   6.014031e-02 9.931399e-02 -6.500000e-02
    endloop
  endfacet
  facet normal 3.015603e-01 9.534426e-01 -2.914712e-03
    outer loop
      vertex   5.595383e-02 1.007450e-01 -8.500000e-02
      vertex   5.687520e-02 1.005147e-01 -6.500000e-02
      vertex   5.927076e-02 9.969588e-02 -8.500000e-02
    endloop
  endfacet
  facet normal 2.260508e-01 9.741152e-01 8.019010e-04
    outer loop
      vertex   5.595383e-02 1.007450e-01 -8.500000e-02
      vertex   5.440908e-02 1.010870e-01 -6.500000e-02
      vertex   5.687520e-02 1.005147e-01 -6.500000e-02
    endloop
  endfacet
  facet normal 1.236682e-01 9.922959e-01 -7.416772e-03
    outer loop
      vertex   5.000000e-02 1.014870e-01 -8.500000e-02
      vertex   5.440908e-02 1.010870e-01 -6.500000e-02
      vertex   5.595383e-02 1.007450e-01 -8.500000e-02
    endloop
  endfacet
  facet normal 9.035288e-02 9.959098e-01 -0.000000e+00
    outer loop
      vertex   5.000000e-02 1.014870e-01 -8.500000e-02
      vertex   5.000000e-02 1.014870e-01 -6.500000e-02
      vertex   5.440908e-02 1.010870e-01 -6.500000e-02
    endloop
  endfacet
  facet normal 1.000000e+00 0.000000e+00 -5.319820e-15
    outer loop
      vertex   7.500000e-02 5.635427e-02 -6.760870e-02
      vertex   7.500000e-02 7.648700e-02 -6.500000e-02
      vertex   7.500000e-02 6.480741e-02 -6.500000e-02
    endloop
  endfacet
  facet normal 1.000000e+00 -1.814398e-16 2.491495e-15
    outer loop
      vertex   7.500000e-02 1.273527e-02 -8.407257e-02
      vertex   7.500000e-02 8.178205e-10 -8.500000e-02
      vertex   7.500000e-02 7.648700e-02 -8.500000e-02
    endloop
  endfacet
  facet normal 1.000000e+00 -2.096063e-16 5.553258e-16
    outer loop
      vertex   7.500000e-02 7.648700e-02 -8.500000e-02
      vertex   7.500000e-02 5.635427e-02 -6.760870e-02
      vertex   7.500000e-02 1.273527e-02 -8.407257e-02
    endloop
  endfacet
  facet normal 1.000000e+00 -6.893147e-16 0.000000e+00
    outer loop
      vertex   7.500000e-02 7.648700e-02 -6.500000e-02
      vertex   7.500000e-02 5.635427e-02 -6.760870e-02
      vertex   7.500000e-02 7.648700e-02 -8.500000e-02
    endloop
  endfacet
  facet normal 0.000000e+00 1.000000e+00 0.000000e+00
    outer loop
      vertex   -5.000000e-02 1.014870e-01 -6.500000e-02
      vertex   5.000000e-02 1.014870e-01 -8.500000e-02
      vertex   -5.000000e-02 1.014870e-01 -8.500000e-02
    endloop
  endfacet
  facet normal 0.000000e+00 1.000000e+00 0.000000e+00
    outer loop
      vertex   5.000000e-02 1.014870e-01 -6.500000e-02
      vertex   5.000000e-02 1.014870e-01 -8.500000e-02
      vertex   -5.000000e-02 1.014870e-01 -6.500000e-02
    endloop
  endfacet
  facet normal -8.757802e-02 9.961577e-01 0.000000e+00
    outer loop
      vertex   -5.409496e-02 1.011270e-01 -8.500000e-02
      vertex   -5.000000e-02 1.014870e-01 -6.500000e-02
      vertex   -5.000000e-02 1.014870e-01 -8.500000e-02
    endloop
  endfacet
  facet normal -1.207194e-01 9.926630e-01 6.848537e-03
    outer loop
      vertex   -5.409496e-02 1.011270e-01 -8.500000e-02
      vertex   -5.564214e-02 1.008008e-01 -6.500000e-02
      vertex   -5.000000e-02 1.014870e-01 -6.500000e-02
    endloop
  endfacet
  facet normal -2.260491e-01 9.741146e-01 -1.602101e-03
    outer loop
      vertex   -5.717484e-02 1.004123e-01 -8.500000e-02
      vertex   -5.564214e-02 1.008008e-01 -6.500000e-02
      vertex   -5.409496e-02 1.011270e-01 -8.500000e-02
    endloop
  endfacet
  facet normal -3.073918e-01 9.515695e-01 5.069597e-03
    outer loop
      vertex   -5.717484e-02 1.004123e-01 -8.500000e-02
      vertex   -5.969884e-02 9.949039e-02 -6.500000e-02
      vertex   -5.564214e-02 1.008008e-01 -6.500000e-02
    endloop
  endfacet
  facet normal -3.803224e-01 9.248384e-01 -5.366433e-03
    outer loop
      vertex   -6.155635e-02 9.861047e-02 -8.500000e-02
      vertex   -5.969884e-02 9.949039e-02 -6.500000e-02
      vertex   -5.717484e-02 1.004123e-01 -8.500000e-02
    endloop
  endfacet
  facet normal -4.859300e-01 8.739722e-01 6.679826e-03
    outer loop
      vertex   -6.155635e-02 9.861047e-02 -8.500000e-02
      vertex   -6.452778e-02 9.680549e-02 -6.500000e-02
      vertex   -5.969884e-02 9.949039e-02 -6.500000e-02
    endloop
  endfacet
  facet normal -5.502834e-01 8.349534e-01 -6.402654e-03
    outer loop
      vertex   -6.577321e-02 9.583131e-02 -8.500000e-02
      vertex   -6.452778e-02 9.680549e-02 -6.500000e-02
      vertex   -6.155635e-02 9.861047e-02 -8.500000e-02
    endloop
  endfacet
  facet normal -6.417077e-01 7.669449e-01 2.603111e-03
    outer loop
      vertex   -6.577321e-02 9.583131e-02 -8.500000e-02
      vertex   -6.743704e-02 9.437129e-02 -6.500000e-02
      vertex   -6.452778e-02 9.680549e-02 -6.500000e-02
    endloop
  endfacet
  facet normal -6.828258e-01 7.305729e-01 -3.472744e-03
    outer loop
      vertex   -6.854439e-02 9.324124e-02 -8.500000e-02
      vertex   -6.743704e-02 9.437129e-02 -6.500000e-02
      vertex   -6.577321e-02 9.583131e-02 -8.500000e-02
    endloop
  endfacet
  facet normal -7.344218e-01 6.786893e-01 2.315543e-03
    outer loop
      vertex   -6.854439e-02 9.324124e-02 -8.500000e-02
      vertex   -6.936917e-02 9.228049e-02 -6.500000e-02
      vertex   -6.743704e-02 9.437129e-02 -6.500000e-02
    endloop
  endfacet
  facet normal -7.750170e-01 6.319384e-01 -1.604367e-03
    outer loop
      vertex   -7.014423e-02 9.127917e-02 -8.500000e-02
      vertex   -6.936917e-02 9.228049e-02 -6.500000e-02
      vertex   -6.854439e-02 9.324124e-02 -8.500000e-02
    endloop
  endfacet
  facet normal -8.060298e-01 5.918728e-01 1.603399e-03
    outer loop
      vertex   -7.014423e-02 9.127917e-02 -8.500000e-02
      vertex   -7.086760e-02 9.023990e-02 -6.500000e-02
      vertex   -6.936917e-02 9.228049e-02 -6.500000e-02
    endloop
  endfacet
  facet normal -8.349655e-01 5.503000e-01 -1.603431e-03
    outer loop
      vertex   -7.153740e-02 8.916534e-02 -8.500000e-02
      vertex   -7.086760e-02 9.023990e-02 -6.500000e-02
      vertex   -7.014423e-02 9.127917e-02 -8.500000e-02
    endloop
  endfacet
  facet normal -8.530793e-01 5.217809e-01 5.354814e-04
    outer loop
      vertex   -7.153740e-02 8.916534e-02 -8.500000e-02
      vertex   -7.185867e-02 8.861955e-02 -6.500000e-02
      vertex   -7.086760e-02 9.023990e-02 -6.500000e-02
    endloop
  endfacet
  facet normal -8.993880e-01 4.371440e-01 -2.518096e-03
    outer loop
      vertex   -7.153740e-02 8.916534e-02 -8.500000e-02
      vertex   -7.282700e-02 8.662730e-02 -6.500000e-02
      vertex   -7.185867e-02 8.861955e-02 -6.500000e-02
    endloop
  endfacet
  facet normal -9.014830e-01 4.328027e-01 -3.204095e-03
    outer loop
      vertex   -7.317909e-02 8.574586e-02 -8.500000e-02
      vertex   -7.282700e-02 8.662730e-02 -6.500000e-02
      vertex   -7.153740e-02 8.916534e-02 -8.500000e-02
    endloop
  endfacet
  facet normal -9.385494e-01 3.451425e-01 1.311829e-03
    outer loop
      vertex   -7.317909e-02 8.574586e-02 -8.500000e-02
      vertex   -7.402771e-02 8.336219e-02 -6.500000e-02
      vertex   -7.282700e-02 8.662730e-02 -6.500000e-02
    endloop
  endfacet
  facet normal -9.462531e-01 3.234230e-01 -1.603656e-03
    outer loop
      vertex   -7.420193e-02 8.275331e-02 -8.500000e-02
      vertex   -7.402771e-02 8.336219e-02 -6.500000e-02
      vertex   -7.317909e-02 8.574586e-02 -8.500000e-02
    endloop
  endfacet
  facet normal -9.765977e-01 2.150654e-01 1.959526e-03
    outer loop
      vertex   -7.420193e-02 8.275331e-02 -8.500000e-02
      vertex   -7.463997e-02 8.058196e-02 -6.500000e-02
      vertex   -7.402771e-02 8.336219e-02 -6.500000e-02
    endloop
  endfacet
  facet normal -9.822646e-01 1.874964e-01 -1.157677e-03
    outer loop
      vertex   -7.473585e-02 7.995616e-02 -8.500000e-02
      vertex   -7.463997e-02 8.058196e-02 -6.500000e-02
      vertex   -7.420193e-02 8.275331e-02 -8.500000e-02
    endloop
  endfacet
  facet normal -9.961552e-01 8.758245e-02 2.035229e-03
    outer loop
      vertex   -7.473585e-02 7.995616e-02 -8.500000e-02
      vertex   -7.500000e-02 7.648700e-02 -6.500000e-02
      vertex   -7.463997e-02 8.058196e-02 -6.500000e-02
    endloop
  endfacet
  facet normal -9.971137e-01 7.592217e-02 0.000000e+00
    outer loop
      vertex   -7.500000e-02 7.648700e-02 -8.500000e-02
      vertex   -7.500000e-02 7.648700e-02 -6.500000e-02
      vertex   -7.473585e-02 7.995616e-02 -8.500000e-02
    endloop
  endfacet
  facet normal -1.000000e+00 0.000000e+00 0.000000e+00
    outer loop
      vertex   -7.500000e-02 -1.385130e-01 -8.500000e-02
      vertex   -7.500000e-02 -3.440359e-02 -7.856926e-02
      vertex   -7.500000e-02 8.178205e-10 -8.500000e-02
    endloop
  endfacet
  facet normal -1.000000e+00 0.000000e+00 0.000000e+00
    outer loop
      vertex   -7.500000e-02 -1.385130e-01 -6.500000e-02
      vertex   -7.500000e-02 -3.440359e-02 -7.856926e-02
      vertex   -7.500000e-02 -1.385130e-01 -8.500000e-02
    endloop
  endfacet
  facet normal -1.000000e+00 0.000000e+00 0.000000e+00
    outer loop
      vertex   -7.500000e-02 -1.385130e-01 -6.500000e-02
      vertex   -7.500000e-02 -5.635427e-02 -6.760870e-02
      vertex   -7.500000e-02 -3.440359e-02 -7.856926e-02
    endloop
  endfacet
  facet normal -1.000000e+00 -0.000000e+00 -0.000000e+00
    outer loop
      vertex   -7.500000e-02 -6.480740e-02 -6.500000e-02
      vertex   -7.500000e-02 -5.635427e-02 -6.760870e-02
      vertex   -7.500000e-02 -1.385130e-01 -6.500000e-02
    endloop
  endfacet
  facet normal -1.000000e+00 -0.000000e+00 0.000000e+00
    outer loop
      vertex   -7.500000e-02 7.648700e-02 -6.500000e-02
      vertex   -7.500000e-02 5.635427e-02 -6.760870e-02
      vertex   -7.500000e-02 6.480741e-02 -6.500000e-02
    endloop
  endfacet
  facet normal -1.000000e+00 0.000000e+00 0.000000e+00
    outer loop
      vertex   -7.500000e-02 7.648700e-02 -8.500000e-02
      vertex   -7.500000e-02 5.635427e-02 -6.760870e-02
      vertex   -7.500000e-02 7.648700e-02 -6.500000e-02
    endloop
  endfacet
  facet normal -1.000000e+00 0.000000e+00 0.000000e+00
    outer loop
      vertex   -7.500000e-02 7.648700e-02 -8.500000e-02
      vertex   -7.500000e-02 2.899494e-02 -8.029615e-02
      vertex   -7.500000e-02 5.635427e-02 -6.760870e-02
    endloop
  endfacet
  facet normal -1.000000e+00 0.000000e+00 0.000000e+00
    outer loop
      vertex   -7.500000e-02 7.648700e-02 -8.500000e-02
      vertex   -7.500000e-02 8.178205e-10 -8.500000e-02
      vertex   -7.500000e-02 2.899494e-02 -8.029615e-02
    endloop
  endfacet
  facet normal 0.000000e+00 0.000000e+00 1.000000e+00
    outer loop
      vertex   -5.000000e-02 6.480741e-02 -4.000000e-02
      vertex   5.000000e-02 7.648700e-02 -4.000000e-02
      vertex   -5.000000e-02 7.648700e-02 -4.000000e-02
    endloop
  endfacet
  facet normal 0.000000e+00 -0.000000e+00 1.000000e+00
    outer loop
      vertex   5.000000e-02 6.480741e-02 -4.000000e-02
      vertex   5.000000e-02 7.648700e-02 -4.000000e-02
      vertex   -5.000000e-02 6.480741e-02 -4.000000e-02
    endloop
  endfacet
  facet normal 4.114806e-04 -5.199439e-01 8.542003e-01
    outer loop
      vertex   5.000000e-02 4.567317e-02 -4.488243e-02
      vertex   -4.166670e-03 4.498019e-02 -4.527814e-02
      vertex   5.000000e-02 4.226570e-02 -4.695652e-02
    endloop
  endfacet
  facet normal -8.504971e-04 -4.449238e-01 8.955680e-01
    outer loop
      vertex   5.000000e-02 4.567317e-02 -4.488243e-02
      vertex   4.166660e-03 4.872615e-02 -4.340921e-02
      vertex   -4.166670e-03 4.498019e-02 -4.527814e-02
    endloop
  endfacet
  facet normal 6.472183e-04 -4.266981e-01 9.043939e-01
    outer loop
      vertex   5.000000e-02 4.964032e-02 -4.301070e-02
      vertex   4.166660e-03 4.872615e-02 -4.340921e-02
      vertex   5.000000e-02 4.567317e-02 -4.488243e-02
    endloop
  endfacet
  facet normal -1.658039e-03 -3.285913e-01 9.444708e-01
    outer loop
      vertex   5.000000e-02 4.964032e-02 -4.301070e-02
      vertex   4.166660e-03 5.465205e-02 -4.134753e-02
      vertex   4.166660e-03 4.872615e-02 -4.340921e-02
    endloop
  endfacet
  facet normal -3.189808e-03 -3.411207e-01 9.400141e-01
    outer loop
      vertex   5.000000e-02 5.301440e-02 -4.178629e-02
      vertex   4.166660e-03 5.465205e-02 -4.134753e-02
      vertex   5.000000e-02 4.964032e-02 -4.301070e-02
    endloop
  endfacet
  facet normal 8.684533e-05 -2.565224e-01 9.665383e-01
    outer loop
      vertex   5.000000e-02 5.609902e-02 -4.096762e-02
      vertex   4.166660e-03 5.465205e-02 -4.134753e-02
      vertex   5.000000e-02 5.301440e-02 -4.178629e-02
    endloop
  endfacet
  facet normal -2.523333e-03 -1.784162e-01 9.839519e-01
    outer loop
      vertex   5.000000e-02 5.609902e-02 -4.096762e-02
      vertex   -6.633583e-15 6.082687e-02 -4.023856e-02
      vertex   4.166660e-03 5.465205e-02 -4.134753e-02
    endloop
  endfacet
  facet normal -2.544690e-03 -1.786359e-01 9.839120e-01
    outer loop
      vertex   5.000000e-02 5.923911e-02 -4.039751e-02
      vertex   -6.633583e-15 6.082687e-02 -4.023856e-02
      vertex   5.000000e-02 5.609902e-02 -4.096762e-02
    endloop
  endfacet
  facet normal 9.097764e-04 -7.120759e-02 9.974611e-01
    outer loop
      vertex   5.000000e-02 6.480741e-02 -4.000000e-02
      vertex   -6.633583e-15 6.082687e-02 -4.023856e-02
      vertex   5.000000e-02 5.923911e-02 -4.039751e-02
    endloop
  endfacet
  facet normal 0.000000e+00 -5.982461e-02 9.982089e-01
    outer loop
      vertex   -5.000000e-02 6.480741e-02 -4.000000e-02
      vertex   -6.633583e-15 6.082687e-02 -4.023856e-02
      vertex   5.000000e-02 6.480741e-02 -4.000000e-02
    endloop
  endfacet
  facet normal -1.363825e-03 -7.688564e-02 9.970390e-01
    outer loop
      vertex   -5.000000e-02 5.924354e-02 -4.042905e-02
      vertex   -6.633583e-15 6.082687e-02 -4.023856e-02
      vertex   -5.000000e-02 6.480741e-02 -4.000000e-02
    endloop
  endfacet
  facet normal 1.809532e-03 -1.755842e-01 9.844628e-01
    outer loop
      vertex   -5.000000e-02 5.924354e-02 -4.042905e-02
      vertex   4.166660e-03 5.465205e-02 -4.134753e-02
      vertex   -6.633583e-15 6.082687e-02 -4.023856e-02
    endloop
  endfacet
  facet normal 1.540959e-03 -1.786426e-01 9.839128e-01
    outer loop
      vertex   -5.000000e-02 5.532001e-02 -4.114142e-02
      vertex   4.166660e-03 5.465205e-02 -4.134753e-02
      vertex   -5.000000e-02 5.924354e-02 -4.042905e-02
    endloop
  endfacet
  facet normal -3.653317e-07 -2.948775e-01 9.555351e-01
    outer loop
      vertex   -5.000000e-02 5.150964e-02 -4.231730e-02
      vertex   4.166660e-03 5.465205e-02 -4.134753e-02
      vertex   -5.000000e-02 5.532001e-02 -4.114142e-02
    endloop
  endfacet
  facet normal 2.153590e-03 -3.285910e-01 9.444699e-01
    outer loop
      vertex   -5.000000e-02 5.150964e-02 -4.231730e-02
      vertex   4.166660e-03 4.872615e-02 -4.340921e-02
      vertex   4.166660e-03 5.465205e-02 -4.134753e-02
    endloop
  endfacet
  facet normal -1.479926e-03 -3.900165e-01 9.208067e-01
    outer loop
      vertex   -5.000000e-02 4.673919e-02 -4.433787e-02
      vertex   4.166660e-03 4.872615e-02 -4.340921e-02
      vertex   -5.000000e-02 5.150964e-02 -4.231730e-02
    endloop
  endfacet
  facet normal 1.126178e-03 -4.484441e-01 8.938101e-01
    outer loop
      vertex   -5.000000e-02 4.673919e-02 -4.433787e-02
      vertex   -4.166670e-03 4.498019e-02 -4.527814e-02
      vertex   4.166660e-03 4.872615e-02 -4.340921e-02
    endloop
  endfacet
  facet normal -1.683180e-03 -5.051825e-01 8.630109e-01
    outer loop
      vertex   -5.000000e-02 4.226570e-02 -4.695652e-02
      vertex   -4.166670e-03 4.498019e-02 -4.527814e-02
      vertex   -5.000000e-02 4.673919e-02 -4.433787e-02
    endloop
  endfacet
  facet normal 0.000000e+00 -5.258968e-01 8.505484e-01
    outer loop
      vertex   5.000000e-02 4.226570e-02 -4.695652e-02
      vertex   -4.166670e-03 4.498019e-02 -4.527814e-02
      vertex   -5.000000e-02 4.226570e-02 -4.695652e-02
    endloop
  endfacet
  facet normal -2.452132e-04 5.161507e-01 8.564977e-01
    outer loop
      vertex   -5.000000e-02 -3.570441e-02 -5.091055e-02
      vertex   -5.000000e-02 -4.226570e-02 -4.695652e-02
      vertex   -6.661338e-15 -3.625526e-02 -5.056427e-02
    endloop
  endfacet
  facet normal -2.959771e-03 -5.045901e-01 8.633540e-01
    outer loop
      vertex   5.000000e-02 3.376466e-02 -5.192499e-02
      vertex   5.000000e-02 4.226570e-02 -4.695652e-02
      vertex   -6.661338e-15 3.895179e-02 -4.906476e-02
    endloop
  endfacet
  facet normal 1.896203e-03 -4.687860e-01 8.833097e-01
    outer loop
      vertex   -6.661338e-15 3.152242e-02 -5.300764e-02
      vertex   5.000000e-02 3.376466e-02 -5.192499e-02
      vertex   -6.661338e-15 3.895179e-02 -4.906476e-02
    endloop
  endfacet
  facet normal -2.040361e-03 -3.975504e-01 9.175781e-01
    outer loop
      vertex   5.000000e-02 2.573460e-02 -5.540409e-02
      vertex   5.000000e-02 3.376466e-02 -5.192499e-02
      vertex   -6.661338e-15 3.152242e-02 -5.300764e-02
    endloop
  endfacet
  facet normal 2.304209e-03 -3.654969e-01 9.308097e-01
    outer loop
      vertex   -6.661338e-15 2.317338e-02 -5.628602e-02
      vertex   5.000000e-02 2.573460e-02 -5.540409e-02
      vertex   -6.661338e-15 3.152242e-02 -5.300764e-02
    endloop
  endfacet
  facet normal -1.090126e-03 -3.064862e-01 9.518745e-01
    outer loop
      vertex   5.000000e-02 1.948400e-02 -5.741667e-02
      vertex   5.000000e-02 2.573460e-02 -5.540409e-02
      vertex   -6.661338e-15 2.317338e-02 -5.628602e-02
    endloop
  endfacet
  facet normal 4.037595e-03 -2.425854e-01 9.701217e-01
    outer loop
      vertex   -6.661338e-15 1.365954e-02 -5.866502e-02
      vertex   5.000000e-02 1.948400e-02 -5.741667e-02
      vertex   -6.661338e-15 2.317338e-02 -5.628602e-02
    endloop
  endfacet
  facet normal 2.679419e-03 -2.315065e-01 9.728297e-01
    outer loop
      vertex   5.000000e-02 1.522356e-02 -5.843054e-02
      vertex   5.000000e-02 1.948400e-02 -5.741667e-02
      vertex   -6.661338e-15 1.365954e-02 -5.866502e-02
    endloop
  endfacet
  facet normal 6.299615e-04 -1.679317e-01 9.857984e-01
    outer loop
      vertex   5.000000e-02 1.036739e-02 -5.925779e-02
      vertex   5.000000e-02 1.522356e-02 -5.843054e-02
      vertex   -6.661338e-15 1.365954e-02 -5.866502e-02
    endloop
  endfacet
  facet normal 3.649060e-03 -1.232616e-01 9.923675e-01
    outer loop
      vertex   -6.661338e-15 3.925658e-03 -5.987406e-02
      vertex   5.000000e-02 1.036739e-02 -5.925779e-02
      vertex   -6.661338e-15 1.365954e-02 -5.866502e-02
    endloop
  endfacet
  facet normal 7.126298e-04 -1.007131e-01 9.949153e-01
    outer loop
      vertex   5.000000e-02 4.377547e-03 -5.986413e-02
      vertex   5.000000e-02 1.036739e-02 -5.925779e-02
      vertex   -6.661338e-15 3.925658e-03 -5.987406e-02
    endloop
  endfacet
  facet normal 6.537394e-05 -2.919875e-02 9.995736e-01
    outer loop
      vertex   5.000000e-02 8.178205e-10 -5.999200e-02
      vertex   5.000000e-02 4.377547e-03 -5.986413e-02
      vertex   -6.661338e-15 3.925658e-03 -5.987406e-02
    endloop
  endfacet
  facet normal 1.771336e-03 -7.482318e-03 9.999704e-01
    outer loop
      vertex   -6.661338e-15 -2.804832e-03 -5.992442e-02
      vertex   5.000000e-02 8.178205e-10 -5.999200e-02
      vertex   -6.661338e-15 3.925658e-03 -5.987406e-02
    endloop
  endfacet
  facet normal -1.379082e-03 4.865037e-02 9.988149e-01
    outer loop
      vertex   5.000000e-02 -6.558847e-03 -5.967254e-02
      vertex   5.000000e-02 8.178205e-10 -5.999200e-02
      vertex   -6.661338e-15 -2.804832e-03 -5.992442e-02
    endloop
  endfacet
  facet normal 1.923912e-03 9.243532e-02 9.957168e-01
    outer loop
      vertex   -6.661338e-15 -1.034168e-02 -5.922475e-02
      vertex   5.000000e-02 -6.558847e-03 -5.967254e-02
      vertex   -6.661338e-15 -2.804832e-03 -5.992442e-02
    endloop
  endfacet
  facet normal -6.648526e-04 1.262130e-01 9.920029e-01
    outer loop
      vertex   5.000000e-02 -1.307296e-02 -5.884374e-02
      vertex   5.000000e-02 -6.558847e-03 -5.967254e-02
      vertex   -6.661338e-15 -1.034168e-02 -5.922475e-02
    endloop
  endfacet
  facet normal 3.984502e-03 2.093495e-01 9.778328e-01
    outer loop
      vertex   5.000000e-02 -1.788992e-02 -5.781245e-02
      vertex   5.000000e-02 -1.307296e-02 -5.884374e-02
      vertex   -6.661338e-15 -1.034168e-02 -5.922475e-02
    endloop
  endfacet
  facet normal 3.832028e-03 2.083784e-01 9.780408e-01
    outer loop
      vertex   -6.661338e-15 -2.102949e-02 -5.694764e-02
      vertex   5.000000e-02 -1.788992e-02 -5.781245e-02
      vertex   -6.661338e-15 -1.034168e-02 -5.922475e-02
    endloop
  endfacet
  facet normal -6.493359e-04 2.751629e-01 9.613974e-01
    outer loop
      vertex   5.000000e-02 -2.367798e-02 -5.615584e-02
      vertex   5.000000e-02 -1.788992e-02 -5.781245e-02
      vertex   -6.661338e-15 -2.102949e-02 -5.694764e-02
    endloop
  endfacet
  facet normal 2.206175e-03 3.244393e-01 9.459040e-01
    outer loop
      vertex   -6.661338e-15 -2.792529e-02 -5.458242e-02
      vertex   5.000000e-02 -2.367798e-02 -5.615584e-02
      vertex   -6.661338e-15 -2.102949e-02 -5.694764e-02
    endloop
  endfacet
  facet normal -8.096244e-04 3.557474e-01 9.345818e-01
    outer loop
      vertex   5.000000e-02 -2.930460e-02 -5.401408e-02
      vertex   5.000000e-02 -2.367798e-02 -5.615584e-02
      vertex   -6.661338e-15 -2.792529e-02 -5.458242e-02
    endloop
  endfacet
  facet normal 1.747222e-03 4.344665e-01 9.006863e-01
    outer loop
      vertex   -6.661338e-15 -3.625526e-02 -5.056427e-02
      vertex   5.000000e-02 -2.930460e-02 -5.401408e-02
      vertex   -6.661338e-15 -2.792529e-02 -5.458242e-02
    endloop
  endfacet
  facet normal 2.382666e-03 4.307741e-01 9.024567e-01
    outer loop
      vertex   5.000000e-02 -3.523080e-02 -5.118530e-02
      vertex   5.000000e-02 -2.930460e-02 -5.401408e-02
      vertex   -6.661338e-15 -3.625526e-02 -5.056427e-02
    endloop
  endfacet
  facet normal 8.919007e-05 5.151973e-01 8.570716e-01
    outer loop
      vertex   5.000000e-02 -4.226570e-02 -4.695652e-02
      vertex   5.000000e-02 -3.523080e-02 -5.118530e-02
      vertex   -6.661338e-15 -3.625526e-02 -5.056427e-02
    endloop
  endfacet
  facet normal 0.000000e+00 -5.367640e-01 8.437324e-01
    outer loop
      vertex   -5.000000e-02 4.226570e-02 -4.695652e-02
      vertex   -6.661338e-15 3.895179e-02 -4.906476e-02
      vertex   5.000000e-02 4.226570e-02 -4.695652e-02
    endloop
  endfacet
  facet normal 1.577005e-03 -5.197168e-01 8.543371e-01
    outer loop
      vertex   -5.000000e-02 3.571965e-02 -5.093866e-02
      vertex   -6.661338e-15 3.895179e-02 -4.906476e-02
      vertex   -5.000000e-02 4.226570e-02 -4.695652e-02
    endloop
  endfacet
  facet normal -2.801136e-03 -4.687850e-01 8.833079e-01
    outer loop
      vertex   -5.000000e-02 3.571965e-02 -5.093866e-02
      vertex   -6.661338e-15 3.152242e-02 -5.300764e-02
      vertex   -6.661338e-15 3.895179e-02 -4.906476e-02
    endloop
  endfacet
  facet normal 9.542027e-04 -4.329710e-01 9.014073e-01
    outer loop
      vertex   -5.000000e-02 2.980044e-02 -5.378182e-02
      vertex   -6.661338e-15 3.152242e-02 -5.300764e-02
      vertex   -5.000000e-02 3.571965e-02 -5.093866e-02
    endloop
  endfacet
  facet normal -1.824828e-03 -3.654973e-01 9.308106e-01
    outer loop
      vertex   -5.000000e-02 2.980044e-02 -5.378182e-02
      vertex   -6.661338e-15 2.317338e-02 -5.628602e-02
      vertex   -6.661338e-15 3.152242e-02 -5.300764e-02
    endloop
  endfacet
  facet normal -1.221100e-03 -3.615279e-01 9.323605e-01
    outer loop
      vertex   -5.000000e-02 2.367798e-02 -5.615584e-02
      vertex   -6.661338e-15 2.317338e-02 -5.628602e-02
      vertex   -5.000000e-02 2.980044e-02 -5.378182e-02
    endloop
  endfacet
  facet normal -2.093828e-04 -2.692040e-01 9.630831e-01
    outer loop
      vertex   -5.000000e-02 1.735377e-02 -5.792361e-02
      vertex   -6.661338e-15 2.317338e-02 -5.628602e-02
      vertex   -5.000000e-02 2.367798e-02 -5.615584e-02
    endloop
  endfacet
  facet normal -3.538115e-03 -2.425858e-01 9.701235e-01
    outer loop
      vertex   -5.000000e-02 1.735377e-02 -5.792361e-02
      vertex   -6.661338e-15 1.365954e-02 -5.866502e-02
      vertex   -6.661338e-15 2.317338e-02 -5.628602e-02
    endloop
  endfacet
  facet normal 1.721288e-03 -1.743245e-01 9.846867e-01
    outer loop
      vertex   -5.000000e-02 8.736430e-03 -5.944918e-02
      vertex   -6.661338e-15 1.365954e-02 -5.866502e-02
      vertex   -5.000000e-02 1.735377e-02 -5.792361e-02
    endloop
  endfacet
  facet normal -3.426954e-03 -1.232617e-01 9.923683e-01
    outer loop
      vertex   -5.000000e-02 8.736430e-03 -5.944918e-02
      vertex   -6.661338e-15 3.925658e-03 -5.987406e-02
      vertex   -6.661338e-15 1.365954e-02 -5.866502e-02
    endloop
  endfacet
  facet normal 3.511126e-03 -5.170715e-02 9.986561e-01
    outer loop
      vertex   -5.000000e-02 -8.210842e-04 -5.994404e-02
      vertex   -6.661338e-15 3.925658e-03 -5.987406e-02
      vertex   -5.000000e-02 8.736430e-03 -5.944918e-02
    endloop
  endfacet
  facet normal -6.891915e-04 -7.482328e-03 9.999718e-01
    outer loop
      vertex   -5.000000e-02 -8.210842e-04 -5.994404e-02
      vertex   -6.661338e-15 -2.804832e-03 -5.992442e-02
      vertex   -6.661338e-15 3.925658e-03 -5.987406e-02
    endloop
  endfacet
  facet normal 1.838733e-03 5.621818e-02 9.984168e-01
    outer loop
      vertex   -5.000000e-02 -8.194713e-03 -5.952885e-02
      vertex   -6.661338e-15 -2.804832e-03 -5.992442e-02
      vertex   -5.000000e-02 -8.210842e-04 -5.994404e-02
    endloop
  endfacet
  facet normal -2.086749e-03 9.243529e-02 9.957165e-01
    outer loop
      vertex   -5.000000e-02 -8.194713e-03 -5.952885e-02
      vertex   -6.661338e-15 -1.034168e-02 -5.922475e-02
      vertex   -6.661338e-15 -2.804832e-03 -5.992442e-02
    endloop
  endfacet
  facet normal 2.304266e-04 1.454986e-01 9.893584e-01
    outer loop
      vertex   -5.000000e-02 -1.360909e-02 -5.873259e-02
      vertex   -6.661338e-15 -1.034168e-02 -5.922475e-02
      vertex   -5.000000e-02 -8.194713e-03 -5.952885e-02
    endloop
  endfacet
  facet normal -3.990055e-03 2.083783e-01 9.780402e-01
    outer loop
      vertex   -5.000000e-02 -1.360909e-02 -5.873259e-02
      vertex   -6.661338e-15 -2.102949e-02 -5.694764e-02
      vertex   -6.661338e-15 -1.034168e-02 -5.922475e-02
    endloop
  endfacet
  facet normal 5.194381e-04 2.371824e-01 9.714650e-01
    outer loop
      vertex   -5.000000e-02 -2.158099e-02 -5.678626e-02
      vertex   -6.661338e-15 -2.102949e-02 -5.694764e-02
      vertex   -5.000000e-02 -1.360909e-02 -5.873259e-02
    endloop
  endfacet
  facet normal -5.255094e-04 3.244400e-01 9.459061e-01
    outer loop
      vertex   -5.000000e-02 -2.158099e-02 -5.678626e-02
      vertex   -6.661338e-15 -2.792529e-02 -5.458242e-02
      vertex   -6.661338e-15 -2.102949e-02 -5.694764e-02
    endloop
  endfacet
  facet normal 3.533517e-04 3.306220e-01 9.437632e-01
    outer loop
      vertex   -5.000000e-02 -2.829363e-02 -5.443467e-02
      vertex   -6.661338e-15 -2.792529e-02 -5.458242e-02
      vertex   -5.000000e-02 -2.158099e-02 -5.678626e-02
    endloop
  endfacet
  facet normal -5.389443e-04 4.344671e-01 9.006875e-01
    outer loop
      vertex   -5.000000e-02 -2.829363e-02 -5.443467e-02
      vertex   -6.661338e-15 -3.625526e-02 -5.056427e-02
      vertex   -6.661338e-15 -2.792529e-02 -5.458242e-02
    endloop
  endfacet
  facet normal -1.523014e-03 4.294537e-01 9.030876e-01
    outer loop
      vertex   -5.000000e-02 -3.570441e-02 -5.091055e-02
      vertex   -6.661338e-15 -3.625526e-02 -5.056427e-02
      vertex   -5.000000e-02 -2.829363e-02 -5.443467e-02
    endloop
  endfacet
  facet normal -7.142230e-17 5.146519e-01 8.573992e-01
    outer loop
      vertex   5.000000e-02 -4.226570e-02 -4.695652e-02
      vertex   -6.661338e-15 -3.625526e-02 -5.056427e-02
      vertex   -5.000000e-02 -4.226570e-02 -4.695652e-02
    endloop
  endfacet
  facet normal 6.252772e-08 5.982554e-02 9.982088e-01
    outer loop
      vertex   5.000000e-02 -6.042850e-02 -4.026244e-02
      vertex   -6.661338e-15 -6.082687e-02 -4.023856e-02
      vertex   5.000000e-02 -6.480740e-02 -4.000000e-02
    endloop
  endfacet
  facet normal -9.533863e-04 1.786364e-01 9.839147e-01
    outer loop
      vertex   5.000000e-02 -6.042850e-02 -4.026244e-02
      vertex   -6.661338e-15 -5.455671e-02 -4.137695e-02
      vertex   -6.661338e-15 -6.082687e-02 -4.023856e-02
    endloop
  endfacet
  facet normal -3.121347e-03 1.607591e-01 9.869887e-01
    outer loop
      vertex   5.000000e-02 -5.609902e-02 -4.096762e-02
      vertex   -6.661338e-15 -5.455671e-02 -4.137695e-02
      vertex   5.000000e-02 -6.042850e-02 -4.026244e-02
    endloop
  endfacet
  facet normal 5.789046e-04 2.740123e-01 9.617260e-01
    outer loop
      vertex   5.000000e-02 -5.188038e-02 -4.216958e-02
      vertex   -6.661338e-15 -5.455671e-02 -4.137695e-02
      vertex   5.000000e-02 -5.609902e-02 -4.096762e-02
    endloop
  endfacet
  facet normal -1.835956e-03 3.153506e-01 9.489735e-01
    outer loop
      vertex   5.000000e-02 -5.188038e-02 -4.216958e-02
      vertex   -6.661338e-15 -4.964032e-02 -4.301070e-02
      vertex   -6.661338e-15 -5.455671e-02 -4.137695e-02
    endloop
  endfacet
  facet normal 1.835952e-03 3.871828e-01 9.220011e-01
    outer loop
      vertex   5.000000e-02 -4.710373e-02 -4.417548e-02
      vertex   -6.661338e-15 -4.964032e-02 -4.301070e-02
      vertex   5.000000e-02 -5.188038e-02 -4.216958e-02
    endloop
  endfacet
  facet normal -1.034355e-03 4.340631e-01 9.008819e-01
    outer loop
      vertex   5.000000e-02 -4.710373e-02 -4.417548e-02
      vertex   -6.661338e-15 -4.533063e-02 -4.508720e-02
      vertex   -6.661338e-15 -4.964032e-02 -4.301070e-02
    endloop
  endfacet
  facet normal 1.864126e-03 4.983597e-01 8.669683e-01
    outer loop
      vertex   5.000000e-02 -4.226570e-02 -4.695652e-02
      vertex   -6.661338e-15 -4.533063e-02 -4.508720e-02
      vertex   5.000000e-02 -4.710373e-02 -4.417548e-02
    endloop
  endfacet
  facet normal -7.226185e-17 5.207015e-01 8.537388e-01
    outer loop
      vertex   -5.000000e-02 -4.226570e-02 -4.695652e-02
      vertex   -6.661338e-15 -4.533063e-02 -4.508720e-02
      vertex   5.000000e-02 -4.226570e-02 -4.695652e-02
    endloop
  endfacet
  facet normal -1.455454e-03 5.032879e-01 8.641175e-01
    outer loop
      vertex   -5.000000e-02 -4.708962e-02 -4.414692e-02
      vertex   -6.661338e-15 -4.533063e-02 -4.508720e-02
      vertex   -5.000000e-02 -4.226570e-02 -4.695652e-02
    endloop
  endfacet
  facet normal 1.671238e-03 4.340628e-01 9.008811e-01
    outer loop
      vertex   -5.000000e-02 -4.708962e-02 -4.414692e-02
      vertex   -6.661338e-15 -4.964032e-02 -4.301070e-02
      vertex   -6.661338e-15 -4.533063e-02 -4.508720e-02
    endloop
  endfacet
  facet normal -1.485419e-03 3.824684e-01 9.239674e-01
    outer loop
      vertex   -5.000000e-02 -5.150964e-02 -4.231730e-02
      vertex   -6.661338e-15 -4.964032e-02 -4.301070e-02
      vertex   -5.000000e-02 -4.708962e-02 -4.414692e-02
    endloop
  endfacet
  facet normal 1.370657e-03 3.153508e-01 9.489742e-01
    outer loop
      vertex   -5.000000e-02 -5.150964e-02 -4.231730e-02
      vertex   -6.661338e-15 -5.455671e-02 -4.137695e-02
      vertex   -6.661338e-15 -4.964032e-02 -4.301070e-02
    endloop
  endfacet
  facet normal -2.544742e-03 2.565217e-01 9.665351e-01
    outer loop
      vertex   -5.000000e-02 -5.766906e-02 -4.068257e-02
      vertex   -6.661338e-15 -5.455671e-02 -4.137695e-02
      vertex   -5.000000e-02 -5.150964e-02 -4.231730e-02
    endloop
  endfacet
  facet normal 2.544742e-03 1.786359e-01 9.839120e-01
    outer loop
      vertex   -5.000000e-02 -5.766906e-02 -4.068257e-02
      vertex   -6.661338e-15 -6.082687e-02 -4.023856e-02
      vertex   -6.661338e-15 -5.455671e-02 -4.137695e-02
    endloop
  endfacet
  facet normal -2.828201e-03 9.518516e-02 9.954556e-01
    outer loop
      vertex   -5.000000e-02 -6.480740e-02 -4.000000e-02
      vertex   -6.661338e-15 -6.082687e-02 -4.023856e-02
      vertex   -5.000000e-02 -5.766906e-02 -4.068257e-02
    endloop
  endfacet
  facet normal -8.302353e-18 5.982476e-02 9.982089e-01
    outer loop
      vertex   5.000000e-02 -6.480740e-02 -4.000000e-02
      vertex   -6.661338e-15 -6.082687e-02 -4.023856e-02
      vertex   -5.000000e-02 -6.480740e-02 -4.000000e-02
    endloop
  endfacet
  facet normal 0.000000e+00 0.000000e+00 1.000000e+00
    outer loop
      vertex   -7.185867e-02 8.861955e-02 -6.500000e-02
      vertex   -7.282700e-02 8.662730e-02 -6.500000e-02
      vertex   -7.402771e-02 8.336219e-02 -6.500000e-02
    endloop
  endfacet
  facet normal -8.117197e-01 1.180436e-01 5.719937e-01
    outer loop
      vertex   -6.852907e-02 8.047931e-02 -4.875238e-02
      vertex   -6.995819e-02 8.232593e-02 -5.116155e-02
      vertex   -7.086760e-02 7.648700e-02 -5.124710e-02
    endloop
  endfacet
  facet normal -7.483647e-01 2.316770e-01 6.215111e-01
    outer loop
      vertex   -6.763588e-02 8.354453e-02 -4.881949e-02
      vertex   -6.995819e-02 8.232593e-02 -5.116155e-02
      vertex   -6.852907e-02 8.047931e-02 -4.875238e-02
    endloop
  endfacet
  facet normal -7.834719e-01 7.331948e-02 6.170867e-01
    outer loop
      vertex   -6.852058e-02 7.648700e-02 -4.826726e-02
      vertex   -6.852907e-02 8.047931e-02 -4.875238e-02
      vertex   -7.086760e-02 7.648700e-02 -5.124710e-02
    endloop
  endfacet
  facet normal -5.488645e-01 7.198045e-02 8.328064e-01
    outer loop
      vertex   -6.184408e-02 7.648700e-02 -4.300875e-02
      vertex   -6.374582e-02 8.083558e-02 -4.463795e-02
      vertex   -6.553824e-02 7.648700e-02 -4.544340e-02
    endloop
  endfacet
  facet normal -5.340085e-01 8.174133e-02 8.415184e-01
    outer loop
      vertex   -6.116789e-02 7.956679e-02 -4.287881e-02
      vertex   -6.374582e-02 8.083558e-02 -4.463795e-02
      vertex   -6.184408e-02 7.648700e-02 -4.300875e-02
    endloop
  endfacet
  facet normal -4.999513e-01 1.633928e-01 8.505007e-01
    outer loop
      vertex   -6.116789e-02 7.956679e-02 -4.287881e-02
      vertex   -6.224966e-02 8.239963e-02 -4.405894e-02
      vertex   -6.374582e-02 8.083558e-02 -4.463795e-02
    endloop
  endfacet
  facet normal -6.574677e-01 3.200326e-01 6.821403e-01
    outer loop
      vertex   -6.763588e-02 8.354453e-02 -4.881949e-02
      vertex   -6.559758e-02 8.327485e-02 -4.672840e-02
      vertex   -6.563257e-02 8.617213e-02 -4.812141e-02
    endloop
  endfacet
  facet normal -6.967977e-01 3.676169e-01 6.158984e-01
    outer loop
      vertex   -6.763588e-02 8.354453e-02 -4.881949e-02
      vertex   -6.563257e-02 8.617213e-02 -4.812141e-02
      vertex   -6.754694e-02 8.737531e-02 -5.100538e-02
    endloop
  endfacet
  facet normal -4.246147e-01 2.052056e-01 8.818124e-01
    outer loop
      vertex   -6.116789e-02 7.956679e-02 -4.287881e-02
      vertex   -5.897707e-02 8.218139e-02 -4.243232e-02
      vertex   -6.224966e-02 8.239963e-02 -4.405894e-02
    endloop
  endfacet
  facet normal -6.344099e-01 4.670301e-01 6.159602e-01
    outer loop
      vertex   -6.754694e-02 8.737531e-02 -5.100538e-02
      vertex   -6.563257e-02 8.617213e-02 -4.812141e-02
      vertex   -6.577248e-02 8.991736e-02 -5.110519e-02
    endloop
  endfacet
  facet normal -4.270454e-01 5.568328e-02 9.025140e-01
    outer loop
      vertex   -5.927076e-02 7.648700e-02 -4.179113e-02
      vertex   -6.116789e-02 7.956679e-02 -4.287881e-02
      vertex   -6.184408e-02 7.648700e-02 -4.300875e-02
    endloop
  endfacet
  facet normal -3.364707e-01 1.224882e-01 9.336938e-01
    outer loop
      vertex   -5.927076e-02 7.648700e-02 -4.179113e-02
      vertex   -5.897707e-02 8.218139e-02 -4.243232e-02
      vertex   -6.116789e-02 7.956679e-02 -4.287881e-02
    endloop
  endfacet
  facet normal -3.131557e-01 1.221993e-01 9.418072e-01
    outer loop
      vertex   -5.927076e-02 7.648700e-02 -4.179113e-02
      vertex   -5.489931e-02 8.015319e-02 -4.081328e-02
      vertex   -5.897707e-02 8.218139e-02 -4.243232e-02
    endloop
  endfacet
  facet normal -5.856415e-01 9.223311e-02 8.053056e-01
    outer loop
      vertex   -6.374582e-02 8.083558e-02 -4.463795e-02
      vertex   -6.633520e-02 7.951953e-02 -4.637029e-02
      vertex   -6.553824e-02 7.648700e-02 -4.544340e-02
    endloop
  endfacet
  facet normal -5.850637e-01 2.775721e-01 7.620067e-01
    outer loop
      vertex   -6.224966e-02 8.239963e-02 -4.405894e-02
      vertex   -6.314760e-02 8.618209e-02 -4.612619e-02
      vertex   -6.374582e-02 8.083558e-02 -4.463795e-02
    endloop
  endfacet
  facet normal -5.139672e-01 3.142235e-01 7.981862e-01
    outer loop
      vertex   -6.114569e-02 8.563399e-02 -4.462135e-02
      vertex   -6.314760e-02 8.618209e-02 -4.612619e-02
      vertex   -6.224966e-02 8.239963e-02 -4.405894e-02
    endloop
  endfacet
  facet normal -8.560433e-01 1.151115e-01 5.039238e-01
    outer loop
      vertex   -7.086760e-02 7.648700e-02 -5.124710e-02
      vertex   -7.161724e-02 8.201034e-02 -5.378226e-02
      vertex   -7.215189e-02 7.648700e-02 -5.342880e-02
    endloop
  endfacet
  facet normal -8.450856e-01 1.240013e-01 5.200518e-01
    outer loop
      vertex   -6.995819e-02 8.232593e-02 -5.116155e-02
      vertex   -7.161724e-02 8.201034e-02 -5.378226e-02
      vertex   -7.086760e-02 7.648700e-02 -5.124710e-02
    endloop
  endfacet
  facet normal -7.507456e-01 3.198403e-01 5.779993e-01
    outer loop
      vertex   -6.763588e-02 8.354453e-02 -4.881949e-02
      vertex   -7.005856e-02 8.472938e-02 -5.262188e-02
      vertex   -6.995819e-02 8.232593e-02 -5.116155e-02
    endloop
  endfacet
  facet normal -7.381050e-01 3.472234e-01 5.784781e-01
    outer loop
      vertex   -6.763588e-02 8.354453e-02 -4.881949e-02
      vertex   -6.754694e-02 8.737531e-02 -5.100538e-02
      vertex   -7.005856e-02 8.472938e-02 -5.262188e-02
    endloop
  endfacet
  facet normal -8.955955e-01 1.142068e-01 4.299599e-01
    outer loop
      vertex   -7.215189e-02 7.648700e-02 -5.342880e-02
      vertex   -7.161724e-02 8.201034e-02 -5.378226e-02
      vertex   -7.297394e-02 7.648700e-02 -5.514110e-02
    endloop
  endfacet
  facet normal -8.288539e-01 2.648230e-01 4.928184e-01
    outer loop
      vertex   -6.995819e-02 8.232593e-02 -5.116155e-02
      vertex   -7.005856e-02 8.472938e-02 -5.262188e-02
      vertex   -7.161724e-02 8.201034e-02 -5.378226e-02
    endloop
  endfacet
  facet normal -9.722454e-01 6.196411e-02 2.256089e-01
    outer loop
      vertex   -7.392529e-02 7.648700e-02 -5.782517e-02
      vertex   -7.397631e-02 8.004560e-02 -5.902242e-02
      vertex   -7.463997e-02 7.648700e-02 -6.090504e-02
    endloop
  endfacet
  facet normal -9.379706e-01 9.840352e-02 3.324573e-01
    outer loop
      vertex   -7.297394e-02 7.648700e-02 -5.514110e-02
      vertex   -7.397631e-02 8.004560e-02 -5.902242e-02
      vertex   -7.392529e-02 7.648700e-02 -5.782517e-02
    endloop
  endfacet
  facet normal -9.308066e-01 1.159009e-01 3.466497e-01
    outer loop
      vertex   -7.297394e-02 7.648700e-02 -5.514110e-02
      vertex   -7.296879e-02 8.208331e-02 -5.699838e-02
      vertex   -7.397631e-02 8.004560e-02 -5.902242e-02
    endloop
  endfacet
  facet normal -9.131298e-01 1.291649e-01 3.866657e-01
    outer loop
      vertex   -7.161724e-02 8.201034e-02 -5.378226e-02
      vertex   -7.296879e-02 8.208331e-02 -5.699838e-02
      vertex   -7.297394e-02 7.648700e-02 -5.514110e-02
    endloop
  endfacet
  facet normal -8.475002e-01 2.985259e-01 4.388915e-01
    outer loop
      vertex   -7.005856e-02 8.472938e-02 -5.262188e-02
      vertex   -7.133354e-02 8.503490e-02 -5.529168e-02
      vertex   -7.161724e-02 8.201034e-02 -5.378226e-02
    endloop
  endfacet
  facet normal -7.547795e-01 3.978047e-01 5.215930e-01
    outer loop
      vertex   -6.754694e-02 8.737531e-02 -5.100538e-02
      vertex   -6.883552e-02 8.783870e-02 -5.322345e-02
      vertex   -7.005856e-02 8.472938e-02 -5.262188e-02
    endloop
  endfacet
  facet normal -8.850062e-01 2.716960e-01 3.780811e-01
    outer loop
      vertex   -7.161724e-02 8.201034e-02 -5.378226e-02
      vertex   -7.133354e-02 8.503490e-02 -5.529168e-02
      vertex   -7.296879e-02 8.208331e-02 -5.699838e-02
    endloop
  endfacet
  facet normal -8.078359e-01 4.012839e-01 4.317087e-01
    outer loop
      vertex   -7.005856e-02 8.472938e-02 -5.262188e-02
      vertex   -6.883552e-02 8.783870e-02 -5.322345e-02
      vertex   -7.133354e-02 8.503490e-02 -5.529168e-02
    endloop
  endfacet
  facet normal -8.110827e-01 4.305938e-01 3.958961e-01
    outer loop
      vertex   -6.883552e-02 8.783870e-02 -5.322345e-02
      vertex   -7.014624e-02 8.890424e-02 -5.706769e-02
      vertex   -7.133354e-02 8.503490e-02 -5.529168e-02
    endloop
  endfacet
  facet normal -7.784183e-01 4.841338e-01 3.995991e-01
    outer loop
      vertex   -6.839792e-02 9.008536e-02 -5.509296e-02
      vertex   -7.014624e-02 8.890424e-02 -5.706769e-02
      vertex   -6.883552e-02 8.783870e-02 -5.322345e-02
    endloop
  endfacet
  facet normal -8.983263e-01 3.299914e-01 2.900269e-01
    outer loop
      vertex   -7.133354e-02 8.503490e-02 -5.529168e-02
      vertex   -7.281723e-02 8.523944e-02 -6.011998e-02
      vertex   -7.296879e-02 8.208331e-02 -5.699838e-02
    endloop
  endfacet
  facet normal -9.432202e-01 2.553784e-01 2.124088e-01
    outer loop
      vertex   -7.296879e-02 8.208331e-02 -5.699838e-02
      vertex   -7.281723e-02 8.523944e-02 -6.011998e-02
      vertex   -7.397631e-02 8.004560e-02 -5.902242e-02
    endloop
  endfacet
  facet normal -8.719293e-01 3.982759e-01 2.848081e-01
    outer loop
      vertex   -7.133354e-02 8.503490e-02 -5.529168e-02
      vertex   -7.014624e-02 8.890424e-02 -5.706769e-02
      vertex   -7.281723e-02 8.523944e-02 -6.011998e-02
    endloop
  endfacet
  facet normal -7.521299e-01 5.750097e-01 3.219698e-01
    outer loop
      vertex   -6.839792e-02 9.008536e-02 -5.509296e-02
      vertex   -6.768772e-02 9.280446e-02 -5.828998e-02
      vertex   -7.014624e-02 8.890424e-02 -5.706769e-02
    endloop
  endfacet
  facet normal -8.690953e-01 4.304415e-01 2.437078e-01
    outer loop
      vertex   -7.014624e-02 8.890424e-02 -5.706769e-02
      vertex   -7.098043e-02 8.931136e-02 -6.076162e-02
      vertex   -7.281723e-02 8.523944e-02 -6.011998e-02
    endloop
  endfacet
  facet normal -7.894559e-01 5.647198e-01 2.405223e-01
    outer loop
      vertex   -7.014624e-02 8.890424e-02 -5.706769e-02
      vertex   -6.889763e-02 9.215554e-02 -6.060314e-02
      vertex   -7.098043e-02 8.931136e-02 -6.076162e-02
    endloop
  endfacet
  facet normal -7.822284e-01 5.710945e-01 2.489371e-01
    outer loop
      vertex   -6.768772e-02 9.280446e-02 -5.828998e-02
      vertex   -6.889763e-02 9.215554e-02 -6.060314e-02
      vertex   -7.014624e-02 8.890424e-02 -5.706769e-02
    endloop
  endfacet
  facet normal -8.982525e-01 4.236247e-01 1.169811e-01
    outer loop
      vertex   -7.098043e-02 8.931136e-02 -6.076162e-02
      vertex   -7.185867e-02 8.861955e-02 -6.500000e-02
      vertex   -7.281723e-02 8.523944e-02 -6.011998e-02
    endloop
  endfacet
  facet normal -8.243157e-01 5.605474e-01 7.931119e-02
    outer loop
      vertex   -7.098043e-02 8.931136e-02 -6.076162e-02
      vertex   -6.936917e-02 9.228049e-02 -6.500000e-02
      vertex   -7.185867e-02 8.861955e-02 -6.500000e-02
    endloop
  endfacet
  facet normal -8.052394e-01 5.839436e-01 1.029530e-01
    outer loop
      vertex   -6.889763e-02 9.215554e-02 -6.060314e-02
      vertex   -6.936917e-02 9.228049e-02 -6.500000e-02
      vertex   -7.098043e-02 8.931136e-02 -6.076162e-02
    endloop
  endfacet
  facet normal 0.000000e+00 0.000000e+00 1.000000e+00
    outer loop
      vertex   -6.936917e-02 9.228049e-02 -6.500000e-02
      vertex   -7.086760e-02 9.023990e-02 -6.500000e-02
      vertex   -7.185867e-02 8.861955e-02 -6.500000e-02
    endloop
  endfacet
  facet normal -1.172415e-01 7.307551e-01 6.724964e-01
    outer loop
      vertex   -5.317299e-02 9.650523e-02 -5.043495e-02
      vertex   -5.509029e-02 9.331168e-02 -4.729900e-02
      vertex   -5.000000e-02 9.437129e-02 -4.756297e-02
    endloop
  endfacet
  facet normal -1.005573e-01 6.669864e-01 7.382529e-01
    outer loop
      vertex   -5.000000e-02 9.437129e-02 -4.756297e-02
      vertex   -5.509029e-02 9.331168e-02 -4.729900e-02
      vertex   -5.000000e-02 9.202525e-02 -4.544340e-02
    endloop
  endfacet
  facet normal -1.187355e-01 6.332854e-01 7.647558e-01
    outer loop
      vertex   -5.509029e-02 9.331168e-02 -4.729900e-02
      vertex   -5.501438e-02 9.072688e-02 -4.514677e-02
      vertex   -5.000000e-02 9.202525e-02 -4.544340e-02
    endloop
  endfacet
  facet normal -9.831748e-02 5.666161e-01 8.180953e-01
    outer loop
      vertex   -5.000000e-02 9.202525e-02 -4.544340e-02
      vertex   -5.501438e-02 9.072688e-02 -4.514677e-02
      vertex   -5.000000e-02 8.916534e-02 -4.346261e-02
    endloop
  endfacet
  facet normal -1.100906e-01 5.437805e-01 8.319752e-01
    outer loop
      vertex   -5.501438e-02 9.072688e-02 -4.514677e-02
      vertex   -5.469843e-02 8.826242e-02 -4.349418e-02
      vertex   -5.000000e-02 8.916534e-02 -4.346261e-02
    endloop
  endfacet
  facet normal -9.388536e-02 8.595191e-01 5.024067e-01
    outer loop
      vertex   -5.317299e-02 9.650523e-02 -5.043495e-02
      vertex   -5.000000e-02 9.861047e-02 -5.344365e-02
      vertex   -5.451845e-02 9.847257e-02 -5.405210e-02
    endloop
  endfacet
  facet normal -1.088645e-01 4.251294e-01 8.985619e-01
    outer loop
      vertex   -5.469843e-02 8.826242e-02 -4.349418e-02
      vertex   -5.459532e-02 8.544437e-02 -4.214841e-02
      vertex   -5.000000e-02 8.692138e-02 -4.229047e-02
    endloop
  endfacet
  facet normal -8.876179e-02 3.590525e-01 9.290870e-01
    outer loop
      vertex   -5.000000e-02 8.692138e-02 -4.229047e-02
      vertex   -5.244939e-02 8.305974e-02 -4.103212e-02
      vertex   -5.000000e-02 8.426591e-02 -4.126425e-02
    endloop
  endfacet
  facet normal -8.911433e-02 8.825149e-01 4.617642e-01
    outer loop
      vertex   -5.451845e-02 9.847257e-02 -5.405210e-02
      vertex   -5.000000e-02 9.861047e-02 -5.344365e-02
      vertex   -5.165322e-02 9.947620e-02 -5.541726e-02
    endloop
  endfacet
  facet normal -1.766768e-01 7.415801e-01 6.471818e-01
    outer loop
      vertex   -5.509029e-02 9.331168e-02 -4.729900e-02
      vertex   -5.317299e-02 9.650523e-02 -5.043495e-02
      vertex   -5.653589e-02 9.545327e-02 -5.014760e-02
    endloop
  endfacet
  facet normal -2.584330e-01 5.149474e-01 8.173381e-01
    outer loop
      vertex   -5.817480e-02 8.779063e-02 -4.429613e-02
      vertex   -5.469843e-02 8.826242e-02 -4.349418e-02
      vertex   -5.501438e-02 9.072688e-02 -4.514677e-02
    endloop
  endfacet
  facet normal -2.576578e-01 4.168026e-01 8.717156e-01
    outer loop
      vertex   -5.817480e-02 8.779063e-02 -4.429613e-02
      vertex   -5.719254e-02 8.508401e-02 -4.271165e-02
      vertex   -5.469843e-02 8.826242e-02 -4.349418e-02
    endloop
  endfacet
  facet normal -2.472837e-01 4.101709e-01 8.778443e-01
    outer loop
      vertex   -5.719254e-02 8.508401e-02 -4.271165e-02
      vertex   -5.459532e-02 8.544437e-02 -4.214841e-02
      vertex   -5.469843e-02 8.826242e-02 -4.349418e-02
    endloop
  endfacet
  facet normal -1.683107e-01 2.896118e-01 9.422296e-01
    outer loop
      vertex   -5.459532e-02 8.544437e-02 -4.214841e-02
      vertex   -5.501743e-02 8.202361e-02 -4.117238e-02
      vertex   -5.244939e-02 8.305974e-02 -4.103212e-02
    endloop
  endfacet
  facet normal -1.076569e-01 1.645646e-01 9.804736e-01
    outer loop
      vertex   -5.244939e-02 8.305974e-02 -4.103212e-02
      vertex   -5.489931e-02 8.015319e-02 -4.081328e-02
      vertex   -5.000000e-02 8.089608e-02 -4.040002e-02
    endloop
  endfacet
  facet normal -2.124648e-01 8.230754e-01 5.266931e-01
    outer loop
      vertex   -5.653589e-02 9.545327e-02 -5.014760e-02
      vertex   -5.317299e-02 9.650523e-02 -5.043495e-02
      vertex   -5.451845e-02 9.847257e-02 -5.405210e-02
    endloop
  endfacet
  facet normal -2.583806e-01 7.046271e-01 6.608631e-01
    outer loop
      vertex   -5.821453e-02 9.302287e-02 -4.821256e-02
      vertex   -5.509029e-02 9.331168e-02 -4.729900e-02
      vertex   -5.653589e-02 9.545327e-02 -5.014760e-02
    endloop
  endfacet
  facet normal -2.593169e-01 5.156832e-01 8.165939e-01
    outer loop
      vertex   -5.838403e-02 9.024398e-02 -4.591187e-02
      vertex   -5.817480e-02 8.779063e-02 -4.429613e-02
      vertex   -5.501438e-02 9.072688e-02 -4.514677e-02
    endloop
  endfacet
  facet normal -4.203959e-02 9.027584e-02 9.950291e-01
    outer loop
      vertex   -5.000000e-02 8.089608e-02 -4.040002e-02
      vertex   -5.189772e-02 7.648700e-02 -4.008018e-02
      vertex   -5.000000e-02 7.648700e-02 -4.000000e-02
    endloop
  endfacet
  facet normal -1.008071e-01 1.150767e-01 9.882284e-01
    outer loop
      vertex   -5.189772e-02 7.648700e-02 -4.008018e-02
      vertex   -5.000000e-02 8.089608e-02 -4.040002e-02
      vertex   -5.489931e-02 8.015319e-02 -4.081328e-02
    endloop
  endfacet
  facet normal -2.933128e-01 1.623520e-01 9.421303e-01
    outer loop
      vertex   -5.501743e-02 8.202361e-02 -4.117238e-02
      vertex   -5.897707e-02 8.218139e-02 -4.243232e-02
      vertex   -5.489931e-02 8.015319e-02 -4.081328e-02
    endloop
  endfacet
  facet normal -2.830358e-01 2.627793e-01 9.224087e-01
    outer loop
      vertex   -5.719254e-02 8.508401e-02 -4.271165e-02
      vertex   -5.897707e-02 8.218139e-02 -4.243232e-02
      vertex   -5.501743e-02 8.202361e-02 -4.117238e-02
    endloop
  endfacet
  facet normal -2.413345e-01 2.936882e-01 9.249351e-01
    outer loop
      vertex   -5.719254e-02 8.508401e-02 -4.271165e-02
      vertex   -5.501743e-02 8.202361e-02 -4.117238e-02
      vertex   -5.459532e-02 8.544437e-02 -4.214841e-02
    endloop
  endfacet
  facet normal -3.426874e-01 3.400079e-01 8.757625e-01
    outer loop
      vertex   -5.817480e-02 8.779063e-02 -4.429613e-02
      vertex   -6.114569e-02 8.563399e-02 -4.462135e-02
      vertex   -5.897707e-02 8.218139e-02 -4.243232e-02
    endloop
  endfacet
  facet normal -4.268851e-01 4.717130e-01 7.715283e-01
    outer loop
      vertex   -6.114569e-02 8.563399e-02 -4.462135e-02
      vertex   -5.817480e-02 8.779063e-02 -4.429613e-02
      vertex   -5.838403e-02 9.024398e-02 -4.591187e-02
    endloop
  endfacet
  facet normal -4.046708e-01 4.631557e-01 7.884975e-01
    outer loop
      vertex   -6.076674e-02 9.010844e-02 -4.705511e-02
      vertex   -6.114569e-02 8.563399e-02 -4.462135e-02
      vertex   -5.838403e-02 9.024398e-02 -4.591187e-02
    endloop
  endfacet
  facet normal -4.518776e-01 4.554802e-01 7.670361e-01
    outer loop
      vertex   -6.314760e-02 8.618209e-02 -4.612619e-02
      vertex   -6.114569e-02 8.563399e-02 -4.462135e-02
      vertex   -6.076674e-02 9.010844e-02 -4.705511e-02
    endloop
  endfacet
  facet normal -3.720673e-01 6.052927e-01 7.036950e-01
    outer loop
      vertex   -6.076674e-02 9.010844e-02 -4.705511e-02
      vertex   -5.838403e-02 9.024398e-02 -4.591187e-02
      vertex   -5.821453e-02 9.302287e-02 -4.821256e-02
    endloop
  endfacet
  facet normal -4.661984e-01 4.612920e-01 7.548965e-01
    outer loop
      vertex   -6.323217e-02 8.883334e-02 -4.779851e-02
      vertex   -6.314760e-02 8.618209e-02 -4.612619e-02
      vertex   -6.076674e-02 9.010844e-02 -4.705511e-02
    endloop
  endfacet
  facet normal -4.120277e-01 6.243717e-01 6.636212e-01
    outer loop
      vertex   -6.234558e-02 9.127883e-02 -4.913654e-02
      vertex   -6.076674e-02 9.010844e-02 -4.705511e-02
      vertex   -5.821453e-02 9.302287e-02 -4.821256e-02
    endloop
  endfacet
  facet normal -4.883213e-01 5.484355e-01 6.787936e-01
    outer loop
      vertex   -6.234558e-02 9.127883e-02 -4.913654e-02
      vertex   -6.323217e-02 8.883334e-02 -4.779851e-02
      vertex   -6.076674e-02 9.010844e-02 -4.705511e-02
    endloop
  endfacet
  facet normal -3.398778e-01 7.181882e-01 6.071975e-01
    outer loop
      vertex   -6.063899e-02 9.378989e-02 -5.047687e-02
      vertex   -5.821453e-02 9.302287e-02 -4.821256e-02
      vertex   -5.653589e-02 9.545327e-02 -5.014760e-02
    endloop
  endfacet
  facet normal -4.132839e-01 6.312092e-01 6.563317e-01
    outer loop
      vertex   -6.063899e-02 9.378989e-02 -5.047687e-02
      vertex   -6.234558e-02 9.127883e-02 -4.913654e-02
      vertex   -5.821453e-02 9.302287e-02 -4.821256e-02
    endloop
  endfacet
  facet normal -5.699308e-01 5.437105e-01 6.160826e-01
    outer loop
      vertex   -6.577248e-02 8.991736e-02 -5.110519e-02
      vertex   -6.323217e-02 8.883334e-02 -4.779851e-02
      vertex   -6.234558e-02 9.127883e-02 -4.913654e-02
    endloop
  endfacet
  facet normal -3.496011e-01 7.516595e-01 5.592737e-01
    outer loop
      vertex   -5.737419e-02 9.662274e-02 -5.224338e-02
      vertex   -6.063899e-02 9.378989e-02 -5.047687e-02
      vertex   -5.653589e-02 9.545327e-02 -5.014760e-02
    endloop
  endfacet
  facet normal -4.759397e-01 6.434694e-01 5.995236e-01
    outer loop
      vertex   -6.359754e-02 9.209601e-02 -5.100751e-02
      vertex   -6.234558e-02 9.127883e-02 -4.913654e-02
      vertex   -6.063899e-02 9.378989e-02 -5.047687e-02
    endloop
  endfacet
  facet normal -5.700925e-01 5.414152e-01 6.179515e-01
    outer loop
      vertex   -6.359754e-02 9.209601e-02 -5.100751e-02
      vertex   -6.577248e-02 8.991736e-02 -5.110519e-02
      vertex   -6.234558e-02 9.127883e-02 -4.913654e-02
    endloop
  endfacet
  facet normal -3.767721e-01 7.623431e-01 5.261898e-01
    outer loop
      vertex   -6.108835e-02 9.554317e-02 -5.333877e-02
      vertex   -6.063899e-02 9.378989e-02 -5.047687e-02
      vertex   -5.737419e-02 9.662274e-02 -5.224338e-02
    endloop
  endfacet
  facet normal -4.945958e-01 7.043600e-01 5.091679e-01
    outer loop
      vertex   -6.108835e-02 9.554317e-02 -5.333877e-02
      vertex   -6.359754e-02 9.209601e-02 -5.100751e-02
      vertex   -6.063899e-02 9.378989e-02 -5.047687e-02
    endloop
  endfacet
  facet normal -6.738833e-01 5.719098e-01 4.677611e-01
    outer loop
      vertex   -6.839792e-02 9.008536e-02 -5.509296e-02
      vertex   -6.577248e-02 8.991736e-02 -5.110519e-02
      vertex   -6.507282e-02 9.289050e-02 -5.373235e-02
    endloop
  endfacet
  facet normal -2.744620e-01 8.546498e-01 4.407316e-01
    outer loop
      vertex   -5.742059e-02 9.857146e-02 -5.605115e-02
      vertex   -5.737419e-02 9.662274e-02 -5.224338e-02
      vertex   -5.451845e-02 9.847257e-02 -5.405210e-02
    endloop
  endfacet
  facet normal -2.968656e-01 8.485930e-01 4.379049e-01
    outer loop
      vertex   -5.919777e-02 9.767503e-02 -5.551879e-02
      vertex   -5.737419e-02 9.662274e-02 -5.224338e-02
      vertex   -5.742059e-02 9.857146e-02 -5.605115e-02
    endloop
  endfacet
  facet normal -3.707811e-01 8.040685e-01 4.647529e-01
    outer loop
      vertex   -6.108835e-02 9.554317e-02 -5.333877e-02
      vertex   -5.737419e-02 9.662274e-02 -5.224338e-02
      vertex   -5.919777e-02 9.767503e-02 -5.551879e-02
    endloop
  endfacet
  facet normal -5.171947e-01 7.048216e-01 4.855268e-01
    outer loop
      vertex   -6.507282e-02 9.289050e-02 -5.373235e-02
      vertex   -6.359754e-02 9.209601e-02 -5.100751e-02
      vertex   -6.108835e-02 9.554317e-02 -5.333877e-02
    endloop
  endfacet
  facet normal -6.202128e-01 5.963053e-01 5.096627e-01
    outer loop
      vertex   -6.507282e-02 9.289050e-02 -5.373235e-02
      vertex   -6.577248e-02 8.991736e-02 -5.110519e-02
      vertex   -6.359754e-02 9.209601e-02 -5.100751e-02
    endloop
  endfacet
  facet normal -1.485732e-01 9.194294e-01 3.641093e-01
    outer loop
      vertex   -5.438804e-02 9.998271e-02 -5.781222e-02
      vertex   -5.451845e-02 9.847257e-02 -5.405210e-02
      vertex   -5.165322e-02 9.947620e-02 -5.541726e-02
    endloop
  endfacet
  facet normal -2.152922e-01 9.087557e-01 3.575084e-01
    outer loop
      vertex   -5.438804e-02 9.998271e-02 -5.781222e-02
      vertex   -5.742059e-02 9.857146e-02 -5.605115e-02
      vertex   -5.451845e-02 9.847257e-02 -5.405210e-02
    endloop
  endfacet
  facet normal -5.268389e-01 7.256903e-01 4.425091e-01
    outer loop
      vertex   -6.329962e-02 9.571067e-02 -5.624614e-02
      vertex   -6.507282e-02 9.289050e-02 -5.373235e-02
      vertex   -6.108835e-02 9.554317e-02 -5.333877e-02
    endloop
  endfacet
  facet normal -6.800690e-01 6.059277e-01 4.127443e-01
    outer loop
      vertex   -6.637971e-02 9.329478e-02 -5.647918e-02
      vertex   -6.839792e-02 9.008536e-02 -5.509296e-02
      vertex   -6.507282e-02 9.289050e-02 -5.373235e-02
    endloop
  endfacet
  facet normal -2.426190e-01 9.168809e-01 3.169628e-01
    outer loop
      vertex   -5.750774e-02 9.931672e-02 -5.827368e-02
      vertex   -5.742059e-02 9.857146e-02 -5.605115e-02
      vertex   -5.438804e-02 9.998271e-02 -5.781222e-02
    endloop
  endfacet
  facet normal -5.875812e-01 7.120505e-01 3.843598e-01
    outer loop
      vertex   -6.637971e-02 9.329478e-02 -5.647918e-02
      vertex   -6.507282e-02 9.289050e-02 -5.373235e-02
      vertex   -6.329962e-02 9.571067e-02 -5.624614e-02
    endloop
  endfacet
  facet normal -7.154193e-01 6.026122e-01 3.536011e-01
    outer loop
      vertex   -6.768772e-02 9.280446e-02 -5.828998e-02
      vertex   -6.839792e-02 9.008536e-02 -5.509296e-02
      vertex   -6.637971e-02 9.329478e-02 -5.647918e-02
    endloop
  endfacet
  facet normal -3.614588e-01 8.870876e-01 2.870944e-01
    outer loop
      vertex   -6.070839e-02 9.803121e-02 -5.852125e-02
      vertex   -5.919777e-02 9.767503e-02 -5.551879e-02
      vertex   -5.742059e-02 9.857146e-02 -5.605115e-02
    endloop
  endfacet
  facet normal -4.985927e-01 7.951439e-01 3.451832e-01
    outer loop
      vertex   -6.070839e-02 9.803121e-02 -5.852125e-02
      vertex   -6.108835e-02 9.554317e-02 -5.333877e-02
      vertex   -5.919777e-02 9.767503e-02 -5.551879e-02
    endloop
  endfacet
  facet normal -4.203173e-01 8.296335e-01 3.674801e-01
    outer loop
      vertex   -6.329962e-02 9.571067e-02 -5.624614e-02
      vertex   -6.108835e-02 9.554317e-02 -5.333877e-02
      vertex   -6.070839e-02 9.803121e-02 -5.852125e-02
    endloop
  endfacet
  facet normal -1.233750e-01 9.735926e-01 1.920836e-01
    outer loop
      vertex   -5.590148e-02 1.003319e-01 -6.055404e-02
      vertex   -5.438804e-02 9.998271e-02 -5.781222e-02
      vertex   -5.000000e-02 1.010870e-01 -6.059092e-02
    endloop
  endfacet
  facet normal -2.374207e-01 9.385339e-01 2.505704e-01
    outer loop
      vertex   -5.590148e-02 1.003319e-01 -6.055404e-02
      vertex   -5.750774e-02 9.931672e-02 -5.827368e-02
      vertex   -5.438804e-02 9.998271e-02 -5.781222e-02
    endloop
  endfacet
  facet normal -3.750090e-01 8.743921e-01 3.079071e-01
    outer loop
      vertex   -6.070839e-02 9.803121e-02 -5.852125e-02
      vertex   -5.742059e-02 9.857146e-02 -5.605115e-02
      vertex   -5.750774e-02 9.931672e-02 -5.827368e-02
    endloop
  endfacet
  facet normal -3.092014e-01 9.304895e-01 1.964277e-01
    outer loop
      vertex   -5.905841e-02 9.946696e-02 -6.142633e-02
      vertex   -5.750774e-02 9.931672e-02 -5.827368e-02
      vertex   -5.590148e-02 1.003319e-01 -6.055404e-02
    endloop
  endfacet
  facet normal -3.780075e-01 8.971152e-01 2.286803e-01
    outer loop
      vertex   -6.070839e-02 9.803121e-02 -5.852125e-02
      vertex   -5.750774e-02 9.931672e-02 -5.827368e-02
      vertex   -5.905841e-02 9.946696e-02 -6.142633e-02
    endloop
  endfacet
  facet normal -4.933977e-01 8.240094e-01 2.785090e-01
    outer loop
      vertex   -6.286924e-02 9.726640e-02 -6.008655e-02
      vertex   -6.329962e-02 9.571067e-02 -5.624614e-02
      vertex   -6.070839e-02 9.803121e-02 -5.852125e-02
    endloop
  endfacet
  facet normal -6.105503e-01 7.554890e-01 2.376231e-01
    outer loop
      vertex   -6.286924e-02 9.726640e-02 -6.008655e-02
      vertex   -6.637971e-02 9.329478e-02 -5.647918e-02
      vertex   -6.329962e-02 9.571067e-02 -5.624614e-02
    endloop
  endfacet
  facet normal -5.642627e-01 7.697814e-01 2.984028e-01
    outer loop
      vertex   -6.567716e-02 9.528716e-02 -6.029037e-02
      vertex   -6.637971e-02 9.329478e-02 -5.647918e-02
      vertex   -6.286924e-02 9.726640e-02 -6.008655e-02
    endloop
  endfacet
  facet normal -6.355151e-01 7.261164e-01 2.624415e-01
    outer loop
      vertex   -6.567716e-02 9.528716e-02 -6.029037e-02
      vertex   -6.768772e-02 9.280446e-02 -5.828998e-02
      vertex   -6.637971e-02 9.329478e-02 -5.647918e-02
    endloop
  endfacet
  facet normal -1.258575e-01 9.879907e-01 8.963443e-02
    outer loop
      vertex   -5.590148e-02 1.003319e-01 -6.055404e-02
      vertex   -5.000000e-02 1.010870e-01 -6.059092e-02
      vertex   -5.000000e-02 1.014870e-01 -6.500000e-02
    endloop
  endfacet
  facet normal -4.428140e-01 8.778723e-01 1.823622e-01
    outer loop
      vertex   -6.286924e-02 9.726640e-02 -6.008655e-02
      vertex   -6.070839e-02 9.803121e-02 -5.852125e-02
      vertex   -5.905841e-02 9.946696e-02 -6.142633e-02
    endloop
  endfacet
  facet normal -6.955863e-01 6.985574e-01 1.678609e-01
    outer loop
      vertex   -6.889763e-02 9.215554e-02 -6.060314e-02
      vertex   -6.768772e-02 9.280446e-02 -5.828998e-02
      vertex   -6.567716e-02 9.528716e-02 -6.029037e-02
    endloop
  endfacet
  facet normal -1.201505e-01 9.879850e-01 9.720830e-02
    outer loop
      vertex   -5.564214e-02 1.008008e-01 -6.500000e-02
      vertex   -5.590148e-02 1.003319e-01 -6.055404e-02
      vertex   -5.000000e-02 1.014870e-01 -6.500000e-02
    endloop
  endfacet
  facet normal -2.848479e-01 9.548756e-01 8.410863e-02
    outer loop
      vertex   -5.564214e-02 1.008008e-01 -6.500000e-02
      vertex   -5.905841e-02 9.946696e-02 -6.142633e-02
      vertex   -5.590148e-02 1.003319e-01 -6.055404e-02
    endloop
  endfacet
  facet normal -7.309187e-01 6.754520e-01 9.758293e-02
    outer loop
      vertex   -6.936917e-02 9.228049e-02 -6.500000e-02
      vertex   -6.889763e-02 9.215554e-02 -6.060314e-02
      vertex   -6.743704e-02 9.437129e-02 -6.500000e-02
    endloop
  endfacet
  facet normal -2.900767e-01 9.180462e-02 9.525899e-01
    outer loop
      vertex   -5.927076e-02 7.648700e-02 -4.179113e-02
      vertex   -5.564214e-02 7.648700e-02 -4.068616e-02
      vertex   -5.489931e-02 8.015319e-02 -4.081328e-02
    endloop
  endfacet
  facet normal -6.869656e-01 4.121848e-02 7.255200e-01
    outer loop
      vertex   -6.633520e-02 7.951953e-02 -4.637029e-02
      vertex   -6.852058e-02 7.648700e-02 -4.826726e-02
      vertex   -6.553824e-02 7.648700e-02 -4.544340e-02
    endloop
  endfacet
  facet normal -5.309065e-01 2.818606e-01 7.991826e-01
    outer loop
      vertex   -6.559758e-02 8.327485e-02 -4.672840e-02
      vertex   -6.374582e-02 8.083558e-02 -4.463795e-02
      vertex   -6.314760e-02 8.618209e-02 -4.612619e-02
    endloop
  endfacet
  facet normal -6.115363e-01 1.932811e-01 7.672456e-01
    outer loop
      vertex   -6.559758e-02 8.327485e-02 -4.672840e-02
      vertex   -6.633520e-02 7.951953e-02 -4.637029e-02
      vertex   -6.374582e-02 8.083558e-02 -4.463795e-02
    endloop
  endfacet
  facet normal -5.885892e-01 3.445225e-01 7.313460e-01
    outer loop
      vertex   -6.563257e-02 8.617213e-02 -4.812141e-02
      vertex   -6.559758e-02 8.327485e-02 -4.672840e-02
      vertex   -6.314760e-02 8.618209e-02 -4.612619e-02
    endloop
  endfacet
  facet normal -6.882557e-01 2.016406e-01 6.968824e-01
    outer loop
      vertex   -6.763588e-02 8.354453e-02 -4.881949e-02
      vertex   -6.633520e-02 7.951953e-02 -4.637029e-02
      vertex   -6.559758e-02 8.327485e-02 -4.672840e-02
    endloop
  endfacet
  facet normal -6.747611e-01 2.120987e-01 7.069028e-01
    outer loop
      vertex   -6.852907e-02 8.047931e-02 -4.875238e-02
      vertex   -6.633520e-02 7.951953e-02 -4.637029e-02
      vertex   -6.763588e-02 8.354453e-02 -4.881949e-02
    endloop
  endfacet
  facet normal -7.162291e-01 8.268095e-02 6.929500e-01
    outer loop
      vertex   -6.852907e-02 8.047931e-02 -4.875238e-02
      vertex   -6.852058e-02 7.648700e-02 -4.826726e-02
      vertex   -6.633520e-02 7.951953e-02 -4.637029e-02
    endloop
  endfacet
  facet normal -9.950914e-01 8.748892e-02 4.624703e-02
    outer loop
      vertex   -7.500000e-02 7.648700e-02 -6.500000e-02
      vertex   -7.460190e-02 7.945388e-02 -6.204676e-02
      vertex   -7.463997e-02 8.058196e-02 -6.500000e-02
    endloop
  endfacet
  facet normal -9.950827e-01 4.643616e-02 8.748825e-02
    outer loop
      vertex   -7.460190e-02 7.945388e-02 -6.204676e-02
      vertex   -7.500000e-02 7.648700e-02 -6.500000e-02
      vertex   -7.463997e-02 7.648700e-02 -6.090504e-02
    endloop
  endfacet
  facet normal -9.722460e-01 2.141070e-01 9.431829e-02
    outer loop
      vertex   -7.402771e-02 8.336219e-02 -6.500000e-02
      vertex   -7.463997e-02 8.058196e-02 -6.500000e-02
      vertex   -7.460190e-02 7.945388e-02 -6.204676e-02
    endloop
  endfacet
  facet normal -9.561349e-01 2.525767e-01 1.483613e-01
    outer loop
      vertex   -7.397631e-02 8.004560e-02 -5.902242e-02
      vertex   -7.402771e-02 8.336219e-02 -6.500000e-02
      vertex   -7.460190e-02 7.945388e-02 -6.204676e-02
    endloop
  endfacet
  facet normal -9.589455e-01 2.443996e-01 1.438486e-01
    outer loop
      vertex   -7.281723e-02 8.523944e-02 -6.011998e-02
      vertex   -7.402771e-02 8.336219e-02 -6.500000e-02
      vertex   -7.397631e-02 8.004560e-02 -5.902242e-02
    endloop
  endfacet
  facet normal -9.212788e-01 3.800935e-01 8.230666e-02
    outer loop
      vertex   -7.281723e-02 8.523944e-02 -6.011998e-02
      vertex   -7.185867e-02 8.861955e-02 -6.500000e-02
      vertex   -7.402771e-02 8.336219e-02 -6.500000e-02
    endloop
  endfacet
  facet normal -9.789339e-01 8.415002e-02 1.860302e-01
    outer loop
      vertex   -7.397631e-02 8.004560e-02 -5.902242e-02
      vertex   -7.460190e-02 7.945388e-02 -6.204676e-02
      vertex   -7.463997e-02 7.648700e-02 -6.090504e-02
    endloop
  endfacet
  facet normal -6.390897e-01 7.638159e-01 9.027589e-02
    outer loop
      vertex   -6.452778e-02 9.680549e-02 -6.500000e-02
      vertex   -6.743704e-02 9.437129e-02 -6.500000e-02
      vertex   -6.567716e-02 9.528716e-02 -6.029037e-02
    endloop
  endfacet
  facet normal -6.979445e-01 7.054002e-01 1.236286e-01
    outer loop
      vertex   -6.567716e-02 9.528716e-02 -6.029037e-02
      vertex   -6.743704e-02 9.437129e-02 -6.500000e-02
      vertex   -6.889763e-02 9.215554e-02 -6.060314e-02
    endloop
  endfacet
  facet normal -5.777916e-01 8.074194e-01 1.192928e-01
    outer loop
      vertex   -6.286924e-02 9.726640e-02 -6.008655e-02
      vertex   -6.452778e-02 9.680549e-02 -6.500000e-02
      vertex   -6.567716e-02 9.528716e-02 -6.029037e-02
    endloop
  endfacet
  facet normal -4.843136e-01 8.710650e-01 8.176899e-02
    outer loop
      vertex   -6.286924e-02 9.726640e-02 -6.008655e-02
      vertex   -5.969884e-02 9.949039e-02 -6.500000e-02
      vertex   -6.452778e-02 9.680549e-02 -6.500000e-02
    endloop
  endfacet
  facet normal -4.739083e-01 8.758939e-01 9.066876e-02
    outer loop
      vertex   -5.905841e-02 9.946696e-02 -6.142633e-02
      vertex   -5.969884e-02 9.949039e-02 -6.500000e-02
      vertex   -6.286924e-02 9.726640e-02 -6.008655e-02
    endloop
  endfacet
  facet normal -3.068193e-01 9.497975e-01 6.120949e-02
    outer loop
      vertex   -5.564214e-02 1.008008e-01 -6.500000e-02
      vertex   -5.969884e-02 9.949039e-02 -6.500000e-02
      vertex   -5.905841e-02 9.946696e-02 -6.142633e-02
    endloop
  endfacet
  facet normal -4.208404e-01 3.396804e-01 8.411365e-01
    outer loop
      vertex   -5.719254e-02 8.508401e-02 -4.271165e-02
      vertex   -5.817480e-02 8.779063e-02 -4.429613e-02
      vertex   -5.897707e-02 8.218139e-02 -4.243232e-02
    endloop
  endfacet
  facet normal -2.569139e-01 6.255614e-01 7.366602e-01
    outer loop
      vertex   -5.501438e-02 9.072688e-02 -4.514677e-02
      vertex   -5.821453e-02 9.302287e-02 -4.821256e-02
      vertex   -5.838403e-02 9.024398e-02 -4.591187e-02
    endloop
  endfacet
  facet normal -2.737325e-01 6.106738e-01 7.430666e-01
    outer loop
      vertex   -5.509029e-02 9.331168e-02 -4.729900e-02
      vertex   -5.821453e-02 9.302287e-02 -4.821256e-02
      vertex   -5.501438e-02 9.072688e-02 -4.514677e-02
    endloop
  endfacet
  facet normal -1.930238e-01 8.219441e-01 5.358634e-01
    outer loop
      vertex   -5.451845e-02 9.847257e-02 -5.405210e-02
      vertex   -5.737419e-02 9.662274e-02 -5.224338e-02
      vertex   -5.653589e-02 9.545327e-02 -5.014760e-02
    endloop
  endfacet
  facet normal -9.188405e-02 9.477892e-01 3.053734e-01
    outer loop
      vertex   -5.000000e-02 1.004123e-01 -5.782517e-02
      vertex   -5.438804e-02 9.998271e-02 -5.781222e-02
      vertex   -5.165322e-02 9.947620e-02 -5.541726e-02
    endloop
  endfacet
  facet normal -9.399003e-02 9.672090e-01 2.359504e-01
    outer loop
      vertex   -5.000000e-02 1.004123e-01 -5.782517e-02
      vertex   -5.000000e-02 1.010870e-01 -6.059092e-02
      vertex   -5.438804e-02 9.998271e-02 -5.781222e-02
    endloop
  endfacet
  facet normal 3.026019e-02 9.244282e-01 3.801537e-01
    outer loop
      vertex   -5.165322e-02 9.947620e-02 -5.541726e-02
      vertex   -5.000000e-02 9.861047e-02 -5.344365e-02
      vertex   -5.000000e-02 1.004123e-01 -5.782517e-02
    endloop
  endfacet
  facet normal -1.594041e-01 6.645128e-02 9.849744e-01
    outer loop
      vertex   -5.489931e-02 8.015319e-02 -4.081328e-02
      vertex   -5.564214e-02 7.648700e-02 -4.068616e-02
      vertex   -5.189772e-02 7.648700e-02 -4.008018e-02
    endloop
  endfacet
  facet normal -7.646603e-02 7.580346e-01 6.477164e-01
    outer loop
      vertex   -5.000000e-02 9.663123e-02 -5.020782e-02
      vertex   -5.317299e-02 9.650523e-02 -5.043495e-02
      vertex   -5.000000e-02 9.437129e-02 -4.756297e-02
    endloop
  endfacet
  facet normal -7.104619e-02 8.509168e-01 5.204739e-01
    outer loop
      vertex   -5.000000e-02 9.663123e-02 -5.020782e-02
      vertex   -5.000000e-02 9.861047e-02 -5.344365e-02
      vertex   -5.317299e-02 9.650523e-02 -5.043495e-02
    endloop
  endfacet
  facet normal -1.256677e-01 1.793878e-01 9.757191e-01
    outer loop
      vertex   -5.244939e-02 8.305974e-02 -4.103212e-02
      vertex   -5.501743e-02 8.202361e-02 -4.117238e-02
      vertex   -5.489931e-02 8.015319e-02 -4.081328e-02
    endloop
  endfacet
  facet normal -8.622104e-02 3.576900e-01 9.298515e-01
    outer loop
      vertex   -5.000000e-02 8.692138e-02 -4.229047e-02
      vertex   -5.459532e-02 8.544437e-02 -4.214841e-02
      vertex   -5.244939e-02 8.305974e-02 -4.103212e-02
    endloop
  endfacet
  facet normal -9.450614e-02 4.609227e-01 8.823938e-01
    outer loop
      vertex   -5.000000e-02 8.916534e-02 -4.346261e-02
      vertex   -5.469843e-02 8.826242e-02 -4.349418e-02
      vertex   -5.000000e-02 8.692138e-02 -4.229047e-02
    endloop
  endfacet
  facet normal -3.051856e-02 2.483045e-01 9.682012e-01
    outer loop
      vertex   -5.244939e-02 8.305974e-02 -4.103212e-02
      vertex   -5.000000e-02 8.089608e-02 -4.040002e-02
      vertex   -5.000000e-02 8.426591e-02 -4.126425e-02
    endloop
  endfacet
  facet normal -6.951332e-01 5.349786e-01 4.801956e-01
    outer loop
      vertex   -6.883552e-02 8.783870e-02 -5.322345e-02
      vertex   -6.577248e-02 8.991736e-02 -5.110519e-02
      vertex   -6.839792e-02 9.008536e-02 -5.509296e-02
    endloop
  endfacet
  facet normal -6.958489e-01 5.057532e-01 5.099097e-01
    outer loop
      vertex   -6.754694e-02 8.737531e-02 -5.100538e-02
      vertex   -6.577248e-02 8.991736e-02 -5.110519e-02
      vertex   -6.883552e-02 8.783870e-02 -5.322345e-02
    endloop
  endfacet
  facet normal -6.140592e-01 4.776404e-01 6.283239e-01
    outer loop
      vertex   -6.563257e-02 8.617213e-02 -4.812141e-02
      vertex   -6.323217e-02 8.883334e-02 -4.779851e-02
      vertex   -6.577248e-02 8.991736e-02 -5.110519e-02
    endloop
  endfacet
  facet normal -5.673812e-01 4.262912e-01 7.045242e-01
    outer loop
      vertex   -6.563257e-02 8.617213e-02 -4.812141e-02
      vertex   -6.314760e-02 8.618209e-02 -4.612619e-02
      vertex   -6.323217e-02 8.883334e-02 -4.779851e-02
    endloop
  endfacet
  facet normal -4.103191e-01 2.903729e-01 8.644778e-01
    outer loop
      vertex   -5.897707e-02 8.218139e-02 -4.243232e-02
      vertex   -6.114569e-02 8.563399e-02 -4.462135e-02
      vertex   -6.224966e-02 8.239963e-02 -4.405894e-02
    endloop
  endfacet
  facet normal 3.436193e-01 9.344074e-01 9.385426e-02
    outer loop
      vertex   6.014031e-02 9.931399e-02 -6.500000e-02
      vertex   5.687520e-02 1.005147e-01 -6.500000e-02
      vertex   6.028780e-02 9.885039e-02 -6.092441e-02
    endloop
  endfacet
  facet normal 3.341663e-01 9.368929e-01 1.027845e-01
    outer loop
      vertex   5.687520e-02 1.005147e-01 -6.500000e-02
      vertex   5.740932e-02 9.977096e-02 -5.995713e-02
      vertex   6.028780e-02 9.885039e-02 -6.092441e-02
    endloop
  endfacet
  facet normal 4.891820e-01 8.684050e-01 8.107882e-02
    outer loop
      vertex   6.323001e-02 9.713389e-02 -6.029123e-02
      vertex   6.014031e-02 9.931399e-02 -6.500000e-02
      vertex   6.028780e-02 9.885039e-02 -6.092441e-02
    endloop
  endfacet
  facet normal 4.603866e-01 8.813701e-01 1.059759e-01
    outer loop
      vertex   6.323001e-02 9.713389e-02 -6.029123e-02
      vertex   6.294273e-02 9.785014e-02 -6.500000e-02
      vertex   6.014031e-02 9.931399e-02 -6.500000e-02
    endloop
  endfacet
  facet normal 5.573156e-01 8.252409e-01 9.152441e-02
    outer loop
      vertex   6.530265e-02 9.625640e-02 -6.500000e-02
      vertex   6.294273e-02 9.785014e-02 -6.500000e-02
      vertex   6.323001e-02 9.713389e-02 -6.029123e-02
    endloop
  endfacet
  facet normal 4.509944e-01 8.604762e-01 2.370332e-01
    outer loop
      vertex   6.323001e-02 9.713389e-02 -6.029123e-02
      vertex   6.028780e-02 9.885039e-02 -6.092441e-02
      vertex   6.063689e-02 9.760284e-02 -5.705974e-02
    endloop
  endfacet
  facet normal 6.464737e-01 7.490365e-01 1.449696e-01
    outer loop
      vertex   6.601192e-02 9.430526e-02 -5.808167e-02
      vertex   6.530265e-02 9.625640e-02 -6.500000e-02
      vertex   6.323001e-02 9.713389e-02 -6.029123e-02
    endloop
  endfacet
  facet normal 4.780022e-01 8.569646e-01 1.926800e-01
    outer loop
      vertex   6.674854e-02 9.456918e-02 -6.108288e-02
      vertex   6.530265e-02 9.625640e-02 -6.500000e-02
      vertex   6.601192e-02 9.430526e-02 -5.808167e-02
    endloop
  endfacet
  facet normal 5.002538e-01 8.184429e-01 2.826612e-01
    outer loop
      vertex   6.404186e-02 9.551936e-02 -5.705317e-02
      vertex   6.323001e-02 9.713389e-02 -6.029123e-02
      vertex   6.063689e-02 9.760284e-02 -5.705974e-02
    endloop
  endfacet
  facet normal 5.956509e-01 7.684582e-01 2.338204e-01
    outer loop
      vertex   6.601192e-02 9.430526e-02 -5.808167e-02
      vertex   6.323001e-02 9.713389e-02 -6.029123e-02
      vertex   6.404186e-02 9.551936e-02 -5.705317e-02
    endloop
  endfacet
  facet normal 4.895427e-01 8.011323e-01 3.442892e-01
    outer loop
      vertex   6.266934e-02 9.526387e-02 -5.450709e-02
      vertex   6.404186e-02 9.551936e-02 -5.705317e-02
      vertex   6.063689e-02 9.760284e-02 -5.705974e-02
    endloop
  endfacet
  facet normal 6.985813e-01 6.772132e-01 2.310117e-01
    outer loop
      vertex   6.898000e-02 9.207526e-02 -6.051991e-02
      vertex   6.674854e-02 9.456918e-02 -6.108288e-02
      vertex   6.601192e-02 9.430526e-02 -5.808167e-02
    endloop
  endfacet
  facet normal 1.010208e-01 8.560511e-01 5.069233e-01
    outer loop
      vertex   5.000000e-02 9.863891e-02 -5.342880e-02
      vertex   5.465928e-02 9.685010e-02 -5.133652e-02
      vertex   5.395592e-02 9.857478e-02 -5.410885e-02
    endloop
  endfacet
  facet normal 4.248217e-01 8.101076e-01 4.040447e-01
    outer loop
      vertex   6.266934e-02 9.526387e-02 -5.450709e-02
      vertex   6.063689e-02 9.760284e-02 -5.705974e-02
      vertex   6.045772e-02 9.546743e-02 -5.258987e-02
    endloop
  endfacet
  facet normal 7.128237e-01 6.433027e-01 2.793635e-01
    outer loop
      vertex   6.915464e-02 9.045590e-02 -5.723655e-02
      vertex   6.898000e-02 9.207526e-02 -6.051991e-02
      vertex   6.601192e-02 9.430526e-02 -5.808167e-02
    endloop
  endfacet
  facet normal 7.896246e-01 5.659236e-01 2.371148e-01
    outer loop
      vertex   7.086787e-02 8.902169e-02 -5.951878e-02
      vertex   6.898000e-02 9.207526e-02 -6.051991e-02
      vertex   6.915464e-02 9.045590e-02 -5.723655e-02
    endloop
  endfacet
  facet normal 5.950483e-01 7.020425e-01 3.912210e-01
    outer loop
      vertex   6.582782e-02 9.222804e-02 -5.386337e-02
      vertex   6.404186e-02 9.551936e-02 -5.705317e-02
      vertex   6.266934e-02 9.526387e-02 -5.450709e-02
    endloop
  endfacet
  facet normal 6.195101e-01 6.931821e-01 3.683826e-01
    outer loop
      vertex   6.582782e-02 9.222804e-02 -5.386337e-02
      vertex   6.601192e-02 9.430526e-02 -5.808167e-02
      vertex   6.404186e-02 9.551936e-02 -5.705317e-02
    endloop
  endfacet
  facet normal 6.888477e-01 6.379670e-01 3.442193e-01
    outer loop
      vertex   6.915464e-02 9.045590e-02 -5.723655e-02
      vertex   6.601192e-02 9.430526e-02 -5.808167e-02
      vertex   6.582782e-02 9.222804e-02 -5.386337e-02
    endloop
  endfacet
  facet normal 5.009471e-01 7.042316e-01 5.031003e-01
    outer loop
      vertex   6.284193e-02 9.252872e-02 -5.085032e-02
      vertex   6.266934e-02 9.526387e-02 -5.450709e-02
      vertex   6.045772e-02 9.546743e-02 -5.258987e-02
    endloop
  endfacet
  facet normal 5.543204e-01 6.788290e-01 4.815808e-01
    outer loop
      vertex   6.582782e-02 9.222804e-02 -5.386337e-02
      vertex   6.266934e-02 9.526387e-02 -5.450709e-02
      vertex   6.284193e-02 9.252872e-02 -5.085032e-02
    endloop
  endfacet
  facet normal 7.043658e-01 5.998390e-01 3.795551e-01
    outer loop
      vertex   6.821520e-02 8.956969e-02 -5.409262e-02
      vertex   6.915464e-02 9.045590e-02 -5.723655e-02
      vertex   6.582782e-02 9.222804e-02 -5.386337e-02
    endloop
  endfacet
  facet normal 9.756321e-01 2.148485e-01 4.452203e-02
    outer loop
      vertex   7.409928e-02 8.305373e-02 -6.500000e-02
      vertex   7.429353e-02 8.159656e-02 -6.222475e-02
      vertex   7.471171e-02 8.027270e-02 -6.500000e-02
    endloop
  endfacet
  facet normal 8.002360e-01 4.705507e-01 3.717585e-01
    outer loop
      vertex   7.124193e-02 8.570905e-02 -5.572128e-02
      vertex   6.915464e-02 9.045590e-02 -5.723655e-02
      vertex   6.821520e-02 8.956969e-02 -5.409262e-02
    endloop
  endfacet
  facet normal 8.230321e-01 4.657040e-01 3.251737e-01
    outer loop
      vertex   7.124193e-02 8.570905e-02 -5.572128e-02
      vertex   7.086787e-02 8.902169e-02 -5.951878e-02
      vertex   6.915464e-02 9.045590e-02 -5.723655e-02
    endloop
  endfacet
  facet normal 8.405861e-01 4.464947e-01 3.066879e-01
    outer loop
      vertex   7.124193e-02 8.570905e-02 -5.572128e-02
      vertex   7.234207e-02 8.594148e-02 -5.907500e-02
      vertex   7.086787e-02 8.902169e-02 -5.951878e-02
    endloop
  endfacet
  facet normal 8.587402e-01 5.055114e-01 8.380668e-02
    outer loop
      vertex   7.221372e-02 8.742843e-02 -6.183488e-02
      vertex   7.215189e-02 8.805820e-02 -6.500000e-02
      vertex   7.086760e-02 9.023990e-02 -6.500000e-02
    endloop
  endfacet
  facet normal 9.473138e-01 3.119410e-01 7.272800e-02
    outer loop
      vertex   7.354766e-02 8.382129e-02 -6.110701e-02
      vertex   7.409928e-02 8.305373e-02 -6.500000e-02
      vertex   7.320887e-02 8.575776e-02 -6.500000e-02
    endloop
  endfacet
  facet normal 9.565319e-01 2.803661e-01 8.025959e-02
    outer loop
      vertex   7.429353e-02 8.159656e-02 -6.222475e-02
      vertex   7.409928e-02 8.305373e-02 -6.500000e-02
      vertex   7.354766e-02 8.382129e-02 -6.110701e-02
    endloop
  endfacet
  facet normal 5.984548e-01 5.977708e-01 5.334059e-01
    outer loop
      vertex   6.613054e-02 8.921517e-02 -5.082660e-02
      vertex   6.582782e-02 9.222804e-02 -5.386337e-02
      vertex   6.284193e-02 9.252872e-02 -5.085032e-02
    endloop
  endfacet
  facet normal 6.698090e-01 5.594310e-01 4.882549e-01
    outer loop
      vertex   6.821520e-02 8.956969e-02 -5.409262e-02
      vertex   6.582782e-02 9.222804e-02 -5.386337e-02
      vertex   6.613054e-02 8.921517e-02 -5.082660e-02
    endloop
  endfacet
  facet normal 7.980296e-01 4.628606e-01 3.858872e-01
    outer loop
      vertex   7.124193e-02 8.570905e-02 -5.572128e-02
      vertex   6.821520e-02 8.956969e-02 -5.409262e-02
      vertex   6.922899e-02 8.689258e-02 -5.297806e-02
    endloop
  endfacet
  facet normal 8.920883e-01 3.238826e-01 3.150849e-01
    outer loop
      vertex   7.304826e-02 8.275342e-02 -5.779732e-02
      vertex   7.234207e-02 8.594148e-02 -5.907500e-02
      vertex   7.124193e-02 8.570905e-02 -5.572128e-02
    endloop
  endfacet
  facet normal 4.584136e-01 6.208385e-01 6.359375e-01
    outer loop
      vertex   6.268068e-02 9.028165e-02 -4.854037e-02
      vertex   6.284193e-02 9.252872e-02 -5.085032e-02
      vertex   5.967892e-02 9.343787e-02 -4.945784e-02
    endloop
  endfacet
  facet normal 5.691808e-01 5.691465e-01 5.933848e-01
    outer loop
      vertex   6.613054e-02 8.921517e-02 -5.082660e-02
      vertex   6.284193e-02 9.252872e-02 -5.085032e-02
      vertex   6.268068e-02 9.028165e-02 -4.854037e-02
    endloop
  endfacet
  facet normal 6.957871e-02 6.390818e-01 7.659851e-01
    outer loop
      vertex   5.000000e-02 9.371118e-02 -4.688018e-02
      vertex   5.000000e-02 9.152461e-02 -4.505587e-02
      vertex   5.371079e-02 9.222232e-02 -4.597506e-02
    endloop
  endfacet
  facet normal 7.139532e-01 4.818658e-01 5.080120e-01
    outer loop
      vertex   6.922899e-02 8.689258e-02 -5.297806e-02
      vertex   6.821520e-02 8.956969e-02 -5.409262e-02
      vertex   6.613054e-02 8.921517e-02 -5.082660e-02
    endloop
  endfacet
  facet normal 8.022553e-01 5.891012e-01 9.667560e-02
    outer loop
      vertex   6.898000e-02 9.207526e-02 -6.051991e-02
      vertex   7.086760e-02 9.023990e-02 -6.500000e-02
      vertex   6.936917e-02 9.228049e-02 -6.500000e-02
    endloop
  endfacet
  facet normal 8.257418e-01 5.506220e-01 1.223350e-01
    outer loop
      vertex   7.086787e-02 8.902169e-02 -5.951878e-02
      vertex   7.086760e-02 9.023990e-02 -6.500000e-02
      vertex   6.898000e-02 9.207526e-02 -6.051991e-02
    endloop
  endfacet
  facet normal 8.368850e-01 5.343497e-01 1.187179e-01
    outer loop
      vertex   7.221372e-02 8.742843e-02 -6.183488e-02
      vertex   7.086760e-02 9.023990e-02 -6.500000e-02
      vertex   7.086787e-02 8.902169e-02 -5.951878e-02
    endloop
  endfacet
  facet normal 9.852608e-01 1.024822e-01 1.369618e-01
    outer loop
      vertex   7.408007e-02 7.970494e-02 -5.927377e-02
      vertex   7.481576e-02 7.648700e-02 -6.215829e-02
      vertex   7.429353e-02 8.159656e-02 -6.222475e-02
    endloop
  endfacet
  facet normal 5.813173e-01 4.933369e-01 6.470618e-01
    outer loop
      vertex   6.537227e-02 8.646215e-02 -4.804639e-02
      vertex   6.613054e-02 8.921517e-02 -5.082660e-02
      vertex   6.268068e-02 9.028165e-02 -4.854037e-02
    endloop
  endfacet
  facet normal 6.796203e-01 4.201040e-01 6.013559e-01
    outer loop
      vertex   6.829400e-02 8.506000e-02 -5.036883e-02
      vertex   6.613054e-02 8.921517e-02 -5.082660e-02
      vertex   6.537227e-02 8.646215e-02 -4.804639e-02
    endloop
  endfacet
  facet normal 7.098763e-01 4.309789e-01 5.570752e-01
    outer loop
      vertex   6.829400e-02 8.506000e-02 -5.036883e-02
      vertex   6.922899e-02 8.689258e-02 -5.297806e-02
      vertex   6.613054e-02 8.921517e-02 -5.082660e-02
    endloop
  endfacet
  facet normal 8.214469e-01 3.455244e-01 4.536937e-01
    outer loop
      vertex   7.136742e-02 8.295896e-02 -5.385407e-02
      vertex   7.124193e-02 8.570905e-02 -5.572128e-02
      vertex   6.922899e-02 8.689258e-02 -5.297806e-02
    endloop
  endfacet
  facet normal 8.865496e-01 2.868803e-01 3.629456e-01
    outer loop
      vertex   7.136742e-02 8.295896e-02 -5.385407e-02
      vertex   7.304826e-02 8.275342e-02 -5.779732e-02
      vertex   7.124193e-02 8.570905e-02 -5.572128e-02
    endloop
  endfacet
  facet normal 4.808140e-01 4.957303e-01 7.232353e-01
    outer loop
      vertex   6.116535e-02 8.726436e-02 -4.546480e-02
      vertex   6.268068e-02 9.028165e-02 -4.854037e-02
      vertex   5.967588e-02 8.981704e-02 -4.622428e-02
    endloop
  endfacet
  facet normal 4.691816e-01 5.037255e-01 7.253477e-01
    outer loop
      vertex   6.341087e-02 8.712810e-02 -4.682266e-02
      vertex   6.268068e-02 9.028165e-02 -4.854037e-02
      vertex   6.116535e-02 8.726436e-02 -4.546480e-02
    endloop
  endfacet
  facet normal 5.750945e-01 4.899930e-01 6.551132e-01
    outer loop
      vertex   6.537227e-02 8.646215e-02 -4.804639e-02
      vertex   6.268068e-02 9.028165e-02 -4.854037e-02
      vertex   6.341087e-02 8.712810e-02 -4.682266e-02
    endloop
  endfacet
  facet normal 7.979514e-01 3.200506e-01 5.107261e-01
    outer loop
      vertex   7.136742e-02 8.295896e-02 -5.385407e-02
      vertex   6.922899e-02 8.689258e-02 -5.297806e-02
      vertex   6.829400e-02 8.506000e-02 -5.036883e-02
    endloop
  endfacet
  facet normal 8.982648e-01 2.361993e-01 3.705809e-01
    outer loop
      vertex   7.282407e-02 7.998778e-02 -5.549115e-02
      vertex   7.304826e-02 8.275342e-02 -5.779732e-02
      vertex   7.136742e-02 8.295896e-02 -5.385407e-02
    endloop
  endfacet
  facet normal 9.385363e-01 1.729963e-01 2.987005e-01
    outer loop
      vertex   7.408007e-02 7.970494e-02 -5.927377e-02
      vertex   7.304826e-02 8.275342e-02 -5.779732e-02
      vertex   7.282407e-02 7.998778e-02 -5.549115e-02
    endloop
  endfacet
  facet normal 8.949010e-01 3.702421e-02 4.447263e-01
    outer loop
      vertex   7.282407e-02 7.998778e-02 -5.549115e-02
      vertex   7.144081e-02 7.983680e-02 -5.269511e-02
      vertex   7.353118e-02 7.648700e-02 -5.662258e-02
    endloop
  endfacet
  facet normal 7.525578e-01 1.023817e-01 6.505188e-01
    outer loop
      vertex   6.981923e-02 8.073047e-02 -5.043747e-02
      vertex   6.739069e-02 8.069861e-02 -4.762297e-02
      vertex   6.852058e-02 7.648700e-02 -4.826726e-02
    endloop
  endfacet
  facet normal 1.330599e-01 3.956301e-01 9.087199e-01
    outer loop
      vertex   5.000000e-02 8.692138e-02 -4.229047e-02
      vertex   5.511856e-02 8.410167e-02 -4.181234e-02
      vertex   5.417981e-02 8.881633e-02 -4.372751e-02
    endloop
  endfacet
  facet normal 1.450144e-01 4.155058e-01 8.979564e-01
    outer loop
      vertex   5.511856e-02 8.410167e-02 -4.181234e-02
      vertex   5.000000e-02 8.692138e-02 -4.229047e-02
      vertex   5.285868e-02 8.372972e-02 -4.127527e-02
    endloop
  endfacet
  facet normal 8.239625e-01 7.681507e-02 5.614136e-01
    outer loop
      vertex   6.981923e-02 8.073047e-02 -5.043747e-02
      vertex   7.150974e-02 7.648700e-02 -5.233795e-02
      vertex   7.144081e-02 7.983680e-02 -5.269511e-02
    endloop
  endfacet
  facet normal 8.047662e-01 5.593939e-02 5.909503e-01
    outer loop
      vertex   6.852058e-02 7.648700e-02 -4.826726e-02
      vertex   7.150974e-02 7.648700e-02 -5.233795e-02
      vertex   6.981923e-02 8.073047e-02 -5.043747e-02
    endloop
  endfacet
  facet normal 1.112299e-01 9.909267e-01 7.544605e-02
    outer loop
      vertex   5.000000e-02 1.012229e-01 -6.153086e-02
      vertex   5.428224e-02 1.006549e-01 -6.038429e-02
      vertex   5.000000e-02 1.014870e-01 -6.500000e-02
    endloop
  endfacet
  facet normal 7.514100e-02 9.762947e-01 2.029837e-01
    outer loop
      vertex   5.000000e-02 1.005147e-01 -5.812481e-02
      vertex   5.428224e-02 1.006549e-01 -6.038429e-02
      vertex   5.000000e-02 1.012229e-01 -6.153086e-02
    endloop
  endfacet
  facet normal 1.319974e-01 9.419852e-01 3.086108e-01
    outer loop
      vertex   5.000000e-02 1.005147e-01 -5.812481e-02
      vertex   5.617758e-02 9.913211e-02 -5.654688e-02
      vertex   5.428224e-02 1.006549e-01 -6.038429e-02
    endloop
  endfacet
  facet normal 1.256153e-01 9.361264e-01 3.284632e-01
    outer loop
      vertex   5.395592e-02 9.857478e-02 -5.410885e-02
      vertex   5.617758e-02 9.913211e-02 -5.654688e-02
      vertex   5.000000e-02 1.005147e-01 -5.812481e-02
    endloop
  endfacet
  facet normal 1.856064e-01 7.680791e-01 6.128660e-01
    outer loop
      vertex   5.438878e-02 9.436503e-02 -4.814017e-02
      vertex   5.664683e-02 9.505691e-02 -4.969111e-02
      vertex   5.465928e-02 9.685010e-02 -5.133652e-02
    endloop
  endfacet
  facet normal 2.526517e-01 6.917972e-01 6.764494e-01
    outer loop
      vertex   5.438878e-02 9.436503e-02 -4.814017e-02
      vertex   5.760684e-02 9.248000e-02 -4.741430e-02
      vertex   5.664683e-02 9.505691e-02 -4.969111e-02
    endloop
  endfacet
  facet normal 2.225460e-01 6.572111e-01 7.201020e-01
    outer loop
      vertex   5.371079e-02 9.222232e-02 -4.597506e-02
      vertex   5.760684e-02 9.248000e-02 -4.741430e-02
      vertex   5.438878e-02 9.436503e-02 -4.814017e-02
    endloop
  endfacet
  facet normal 2.333392e-01 6.263559e-01 7.437951e-01
    outer loop
      vertex   5.371079e-02 9.222232e-02 -4.597506e-02
      vertex   5.665779e-02 9.031568e-02 -4.529397e-02
      vertex   5.760684e-02 9.248000e-02 -4.741430e-02
    endloop
  endfacet
  facet normal 1.742717e-01 5.589510e-01 8.106807e-01
    outer loop
      vertex   5.417981e-02 8.881633e-02 -4.372751e-02
      vertex   5.665779e-02 9.031568e-02 -4.529397e-02
      vertex   5.371079e-02 9.222232e-02 -4.597506e-02
    endloop
  endfacet
  facet normal 8.994184e-02 9.913792e-01 9.527767e-02
    outer loop
      vertex   5.000000e-02 1.014870e-01 -6.500000e-02
      vertex   5.428224e-02 1.006549e-01 -6.038429e-02
      vertex   5.440908e-02 1.010870e-01 -6.500000e-02
    endloop
  endfacet
  facet normal 2.421226e-01 4.804908e-01 8.429147e-01
    outer loop
      vertex   5.417981e-02 8.881633e-02 -4.372751e-02
      vertex   5.815840e-02 8.794784e-02 -4.437527e-02
      vertex   5.665779e-02 9.031568e-02 -4.529397e-02
    endloop
  endfacet
  facet normal 2.341022e-01 4.176221e-01 8.779453e-01
    outer loop
      vertex   5.417981e-02 8.881633e-02 -4.372751e-02
      vertex   5.758134e-02 8.473395e-02 -4.269261e-02
      vertex   5.815840e-02 8.794784e-02 -4.437527e-02
    endloop
  endfacet
  facet normal 2.141842e-01 4.039214e-01 8.893664e-01
    outer loop
      vertex   5.511856e-02 8.410167e-02 -4.181234e-02
      vertex   5.758134e-02 8.473395e-02 -4.269261e-02
      vertex   5.417981e-02 8.881633e-02 -4.372751e-02
    endloop
  endfacet
  facet normal 1.864239e-01 2.421715e-01 9.521550e-01
    outer loop
      vertex   5.285868e-02 8.372972e-02 -4.127527e-02
      vertex   5.349380e-02 8.079776e-02 -4.065391e-02
      vertex   5.511856e-02 8.410167e-02 -4.181234e-02
    endloop
  endfacet
  facet normal 6.368927e-02 2.200872e-01 9.733988e-01
    outer loop
      vertex   5.000000e-02 8.335336e-02 -4.100313e-02
      vertex   5.349380e-02 8.079776e-02 -4.065391e-02
      vertex   5.285868e-02 8.372972e-02 -4.127527e-02
    endloop
  endfacet
  facet normal 2.249862e-01 9.695273e-01 9.694318e-02
    outer loop
      vertex   5.428224e-02 1.006549e-01 -6.038429e-02
      vertex   5.687520e-02 1.005147e-01 -6.500000e-02
      vertex   5.440908e-02 1.010870e-01 -6.500000e-02
    endloop
  endfacet
  facet normal 2.557116e-01 9.599492e-01 1.144947e-01
    outer loop
      vertex   5.428224e-02 1.006549e-01 -6.038429e-02
      vertex   5.740932e-02 9.977096e-02 -5.995713e-02
      vertex   5.687520e-02 1.005147e-01 -6.500000e-02
    endloop
  endfacet
  facet normal 2.298529e-01 9.381919e-01 2.587734e-01
    outer loop
      vertex   5.617758e-02 9.913211e-02 -5.654688e-02
      vertex   5.740932e-02 9.977096e-02 -5.995713e-02
      vertex   5.428224e-02 1.006549e-01 -6.038429e-02
    endloop
  endfacet
  facet normal 2.576330e-01 8.641381e-01 4.323084e-01
    outer loop
      vertex   5.395592e-02 9.857478e-02 -5.410885e-02
      vertex   5.852381e-02 9.675716e-02 -5.319783e-02
      vertex   5.617758e-02 9.913211e-02 -5.654688e-02
    endloop
  endfacet
  facet normal 2.451324e-01 8.498674e-01 4.665142e-01
    outer loop
      vertex   5.465928e-02 9.685010e-02 -5.133652e-02
      vertex   5.852381e-02 9.675716e-02 -5.319783e-02
      vertex   5.395592e-02 9.857478e-02 -5.410885e-02
    endloop
  endfacet
  facet normal 2.769577e-01 7.980466e-01 5.351786e-01
    outer loop
      vertex   5.664683e-02 9.505691e-02 -4.969111e-02
      vertex   5.852381e-02 9.675716e-02 -5.319783e-02
      vertex   5.465928e-02 9.685010e-02 -5.133652e-02
    endloop
  endfacet
  facet normal 3.580034e-01 7.504987e-01 5.555046e-01
    outer loop
      vertex   5.664683e-02 9.505691e-02 -4.969111e-02
      vertex   5.967892e-02 9.343787e-02 -4.945784e-02
      vertex   5.852381e-02 9.675716e-02 -5.319783e-02
    endloop
  endfacet
  facet normal 3.193778e-01 6.914823e-01 6.479583e-01
    outer loop
      vertex   5.664683e-02 9.505691e-02 -4.969111e-02
      vertex   5.760684e-02 9.248000e-02 -4.741430e-02
      vertex   5.967892e-02 9.343787e-02 -4.945784e-02
    endloop
  endfacet
  facet normal 3.256179e-01 5.849518e-01 7.428353e-01
    outer loop
      vertex   5.665779e-02 9.031568e-02 -4.529397e-02
      vertex   5.967588e-02 8.981704e-02 -4.622428e-02
      vertex   5.760684e-02 9.248000e-02 -4.741430e-02
    endloop
  endfacet
  facet normal 3.290489e-01 5.155099e-01 7.911867e-01
    outer loop
      vertex   5.665779e-02 9.031568e-02 -4.529397e-02
      vertex   5.815840e-02 8.794784e-02 -4.437527e-02
      vertex   5.967588e-02 8.981704e-02 -4.622428e-02
    endloop
  endfacet
  facet normal 5.775186e-01 3.240105e-01 7.493260e-01
    outer loop
      vertex   6.341087e-02 8.712810e-02 -4.682266e-02
      vertex   6.460988e-02 8.205897e-02 -4.555486e-02
      vertex   6.537227e-02 8.646215e-02 -4.804639e-02
    endloop
  endfacet
  facet normal 5.524671e-01 3.228710e-01 7.684624e-01
    outer loop
      vertex   6.196685e-02 8.368846e-02 -4.433935e-02
      vertex   6.460988e-02 8.205897e-02 -4.555486e-02
      vertex   6.341087e-02 8.712810e-02 -4.682266e-02
    endloop
  endfacet
  facet normal 5.131874e-01 2.120012e-01 8.316816e-01
    outer loop
      vertex   6.243459e-02 7.961820e-02 -4.359042e-02
      vertex   6.460988e-02 8.205897e-02 -4.555486e-02
      vertex   6.196685e-02 8.368846e-02 -4.433935e-02
    endloop
  endfacet
  facet normal 4.081841e-01 1.152218e-01 9.055990e-01
    outer loop
      vertex   5.793622e-02 8.022222e-02 -4.163971e-02
      vertex   6.043437e-02 7.648700e-02 -4.229047e-02
      vertex   6.243459e-02 7.961820e-02 -4.359042e-02
    endloop
  endfacet
  facet normal 3.593683e-01 7.833927e-02 9.299018e-01
    outer loop
      vertex   5.777891e-02 7.648700e-02 -4.126425e-02
      vertex   6.043437e-02 7.648700e-02 -4.229047e-02
      vertex   5.793622e-02 8.022222e-02 -4.163971e-02
    endloop
  endfacet
  facet normal 6.169569e-01 3.039459e-01 7.259346e-01
    outer loop
      vertex   6.537227e-02 8.646215e-02 -4.804639e-02
      vertex   6.460988e-02 8.205897e-02 -4.555486e-02
      vertex   6.732632e-02 8.348922e-02 -4.846234e-02
    endloop
  endfacet
  facet normal 4.986615e-01 3.599459e-01 7.885275e-01
    outer loop
      vertex   6.116535e-02 8.726436e-02 -4.546480e-02
      vertex   6.196685e-02 8.368846e-02 -4.433935e-02
      vertex   6.341087e-02 8.712810e-02 -4.682266e-02
    endloop
  endfacet
  facet normal 4.595422e-01 2.115254e-01 8.625995e-01
    outer loop
      vertex   5.921185e-02 8.209910e-02 -4.248190e-02
      vertex   6.243459e-02 7.961820e-02 -4.359042e-02
      vertex   6.196685e-02 8.368846e-02 -4.433935e-02
    endloop
  endfacet
  facet normal 4.089659e-01 1.275072e-01 9.035977e-01
    outer loop
      vertex   5.921185e-02 8.209910e-02 -4.248190e-02
      vertex   5.793622e-02 8.022222e-02 -4.163971e-02
      vertex   6.243459e-02 7.961820e-02 -4.359042e-02
    endloop
  endfacet
  facet normal 2.474868e-01 8.658083e-02 9.650150e-01
    outer loop
      vertex   5.440908e-02 7.648700e-02 -4.040002e-02
      vertex   5.777891e-02 7.648700e-02 -4.126425e-02
      vertex   5.793622e-02 8.022222e-02 -4.163971e-02
    endloop
  endfacet
  facet normal 5.545814e-02 2.092297e-01 9.762926e-01
    outer loop
      vertex   5.349380e-02 8.079776e-02 -4.065391e-02
      vertex   5.000000e-02 8.335336e-02 -4.100313e-02
      vertex   5.000000e-02 7.964446e-02 -4.020828e-02
    endloop
  endfacet
  facet normal 4.482038e-02 3.390433e-01 9.397025e-01
    outer loop
      vertex   5.285868e-02 8.372972e-02 -4.127527e-02
      vertex   5.000000e-02 8.692138e-02 -4.229047e-02
      vertex   5.000000e-02 8.335336e-02 -4.100313e-02
    endloop
  endfacet
  facet normal 9.440892e-02 4.609269e-01 8.824020e-01
    outer loop
      vertex   5.417981e-02 8.881633e-02 -4.372751e-02
      vertex   5.000000e-02 8.916534e-02 -4.346261e-02
      vertex   5.000000e-02 8.692138e-02 -4.229047e-02
    endloop
  endfacet
  facet normal 9.876544e-02 5.569166e-01 8.246753e-01
    outer loop
      vertex   5.417981e-02 8.881633e-02 -4.372751e-02
      vertex   5.000000e-02 9.152461e-02 -4.505587e-02
      vertex   5.000000e-02 8.916534e-02 -4.346261e-02
    endloop
  endfacet
  facet normal 9.932648e-02 5.575420e-01 8.241851e-01
    outer loop
      vertex   5.417981e-02 8.881633e-02 -4.372751e-02
      vertex   5.371079e-02 9.222232e-02 -4.597506e-02
      vertex   5.000000e-02 9.152461e-02 -4.505587e-02
    endloop
  endfacet
  facet normal 1.025730e-01 6.907788e-01 7.157538e-01
    outer loop
      vertex   5.438878e-02 9.436503e-02 -4.814017e-02
      vertex   5.000000e-02 9.371118e-02 -4.688018e-02
      vertex   5.371079e-02 9.222232e-02 -4.597506e-02
    endloop
  endfacet
  facet normal 8.512406e-02 7.317495e-01 6.762371e-01
    outer loop
      vertex   5.438878e-02 9.436503e-02 -4.814017e-02
      vertex   5.000000e-02 9.564389e-02 -4.897155e-02
      vertex   5.000000e-02 9.371118e-02 -4.688018e-02
    endloop
  endfacet
  facet normal 1.106438e-01 7.800637e-01 6.158397e-01
    outer loop
      vertex   5.465928e-02 9.685010e-02 -5.133652e-02
      vertex   5.000000e-02 9.564389e-02 -4.897155e-02
      vertex   5.438878e-02 9.436503e-02 -4.814017e-02
    endloop
  endfacet
  facet normal 9.761216e-02 7.955006e-01 5.980390e-01
    outer loop
      vertex   5.465928e-02 9.685010e-02 -5.133652e-02
      vertex   5.000000e-02 9.735459e-02 -5.124710e-02
      vertex   5.000000e-02 9.564389e-02 -4.897155e-02
    endloop
  endfacet
  facet normal 1.025033e-01 8.572294e-01 5.046295e-01
    outer loop
      vertex   5.465928e-02 9.685010e-02 -5.133652e-02
      vertex   5.000000e-02 9.863891e-02 -5.342880e-02
      vertex   5.000000e-02 9.735459e-02 -5.124710e-02
    endloop
  endfacet
  facet normal 8.618046e-02 9.052935e-01 4.159527e-01
    outer loop
      vertex   5.395592e-02 9.857478e-02 -5.410885e-02
      vertex   5.000000e-02 9.969588e-02 -5.572924e-02
      vertex   5.000000e-02 9.863891e-02 -5.342880e-02
    endloop
  endfacet
  facet normal 1.344512e-01 9.376583e-01 3.204993e-01
    outer loop
      vertex   5.000000e-02 1.005147e-01 -5.812481e-02
      vertex   5.000000e-02 9.969588e-02 -5.572924e-02
      vertex   5.395592e-02 9.857478e-02 -5.410885e-02
    endloop
  endfacet
  facet normal 1.001950e-01 7.968520e-02 9.917718e-01
    outer loop
      vertex   5.440908e-02 7.648700e-02 -4.040002e-02
      vertex   5.349380e-02 8.079776e-02 -4.065391e-02
      vertex   5.000000e-02 7.964446e-02 -4.020828e-02
    endloop
  endfacet
  facet normal 2.380385e-01 2.150349e-01 9.471524e-01
    outer loop
      vertex   5.793622e-02 8.022222e-02 -4.163971e-02
      vertex   5.511856e-02 8.410167e-02 -4.181234e-02
      vertex   5.349380e-02 8.079776e-02 -4.065391e-02
    endloop
  endfacet
  facet normal 2.684709e-01 2.365437e-01 9.337936e-01
    outer loop
      vertex   5.921185e-02 8.209910e-02 -4.248190e-02
      vertex   5.511856e-02 8.410167e-02 -4.181234e-02
      vertex   5.793622e-02 8.022222e-02 -4.163971e-02
    endloop
  endfacet
  facet normal 2.708494e-01 2.421132e-01 9.316769e-01
    outer loop
      vertex   5.921185e-02 8.209910e-02 -4.248190e-02
      vertex   5.758134e-02 8.473395e-02 -4.269261e-02
      vertex   5.511856e-02 8.410167e-02 -4.181234e-02
    endloop
  endfacet
  facet normal 3.897547e-01 3.712574e-01 8.427688e-01
    outer loop
      vertex   6.116535e-02 8.726436e-02 -4.546480e-02
      vertex   5.815840e-02 8.794784e-02 -4.437527e-02
      vertex   5.758134e-02 8.473395e-02 -4.269261e-02
    endloop
  endfacet
  facet normal 3.934329e-01 6.121906e-01 6.858813e-01
    outer loop
      vertex   5.967892e-02 9.343787e-02 -4.945784e-02
      vertex   5.760684e-02 9.248000e-02 -4.741430e-02
      vertex   5.967588e-02 8.981704e-02 -4.622428e-02
    endloop
  endfacet
  facet normal 3.243526e-01 7.549971e-01 5.698902e-01
    outer loop
      vertex   6.045772e-02 9.546743e-02 -5.258987e-02
      vertex   5.852381e-02 9.675716e-02 -5.319783e-02
      vertex   5.967892e-02 9.343787e-02 -4.945784e-02
    endloop
  endfacet
  facet normal 3.390346e-01 8.630246e-01 3.744917e-01
    outer loop
      vertex   6.063689e-02 9.760284e-02 -5.705974e-02
      vertex   5.617758e-02 9.913211e-02 -5.654688e-02
      vertex   5.852381e-02 9.675716e-02 -5.319783e-02
    endloop
  endfacet
  facet normal 3.401288e-01 8.944152e-01 2.904029e-01
    outer loop
      vertex   6.063689e-02 9.760284e-02 -5.705974e-02
      vertex   5.740932e-02 9.977096e-02 -5.995713e-02
      vertex   5.617758e-02 9.913211e-02 -5.654688e-02
    endloop
  endfacet
  facet normal 9.541875e-01 2.157449e-01 2.073169e-01
    outer loop
      vertex   7.429353e-02 8.159656e-02 -6.222475e-02
      vertex   7.354766e-02 8.382129e-02 -6.110701e-02
      vertex   7.408007e-02 7.970494e-02 -5.927377e-02
    endloop
  endfacet
  facet normal 9.155865e-01 3.702487e-01 1.568989e-01
    outer loop
      vertex   7.221372e-02 8.742843e-02 -6.183488e-02
      vertex   7.234207e-02 8.594148e-02 -5.907500e-02
      vertex   7.354766e-02 8.382129e-02 -6.110701e-02
    endloop
  endfacet
  facet normal 8.722877e-01 4.462781e-01 1.998750e-01
    outer loop
      vertex   7.221372e-02 8.742843e-02 -6.183488e-02
      vertex   7.086787e-02 8.902169e-02 -5.951878e-02
      vertex   7.234207e-02 8.594148e-02 -5.907500e-02
    endloop
  endfacet
  facet normal 7.312077e-01 6.755824e-01 9.446559e-02
    outer loop
      vertex   6.936917e-02 9.228049e-02 -6.500000e-02
      vertex   6.674854e-02 9.456918e-02 -6.108288e-02
      vertex   6.898000e-02 9.207526e-02 -6.051991e-02
    endloop
  endfacet
  facet normal 7.311445e-01 6.756632e-01 9.437614e-02
    outer loop
      vertex   6.743703e-02 9.437129e-02 -6.500000e-02
      vertex   6.674854e-02 9.456918e-02 -6.108288e-02
      vertex   6.936917e-02 9.228049e-02 -6.500000e-02
    endloop
  endfacet
  facet normal 6.599532e-01 7.472208e-01 7.824820e-02
    outer loop
      vertex   6.530265e-02 9.625640e-02 -6.500000e-02
      vertex   6.674854e-02 9.456918e-02 -6.108288e-02
      vertex   6.743703e-02 9.437129e-02 -6.500000e-02
    endloop
  endfacet
  facet normal 9.896729e-01 1.024557e-01 1.002514e-01
    outer loop
      vertex   7.471171e-02 8.027270e-02 -6.500000e-02
      vertex   7.429353e-02 8.159656e-02 -6.222475e-02
      vertex   7.481576e-02 7.648700e-02 -6.215829e-02
    endloop
  endfacet
  facet normal 9.265155e-01 3.627732e-01 9.982321e-02
    outer loop
      vertex   7.320887e-02 8.575776e-02 -6.500000e-02
      vertex   7.221372e-02 8.742843e-02 -6.183488e-02
      vertex   7.354766e-02 8.382129e-02 -6.110701e-02
    endloop
  endfacet
  facet normal 9.067402e-01 4.166216e-01 6.518244e-02
    outer loop
      vertex   7.320887e-02 8.575776e-02 -6.500000e-02
      vertex   7.215189e-02 8.805820e-02 -6.500000e-02
      vertex   7.221372e-02 8.742843e-02 -6.183488e-02
    endloop
  endfacet
  facet normal 9.950359e-01 7.577480e-02 6.451090e-02
    outer loop
      vertex   7.481576e-02 7.648700e-02 -6.215829e-02
      vertex   7.500000e-02 7.648700e-02 -6.500000e-02
      vertex   7.471171e-02 8.027270e-02 -6.500000e-02
    endloop
  endfacet
  facet normal 9.025479e-01 6.397395e-02 4.258105e-01
    outer loop
      vertex   7.144081e-02 7.983680e-02 -5.269511e-02
      vertex   7.150974e-02 7.648700e-02 -5.233795e-02
      vertex   7.353118e-02 7.648700e-02 -5.662258e-02
    endloop
  endfacet
  facet normal 7.590414e-01 2.579234e-01 5.977723e-01
    outer loop
      vertex   6.732632e-02 8.348922e-02 -4.846234e-02
      vertex   6.981923e-02 8.073047e-02 -5.043747e-02
      vertex   6.829400e-02 8.506000e-02 -5.036883e-02
    endloop
  endfacet
  facet normal 7.391192e-01 2.095904e-01 6.401364e-01
    outer loop
      vertex   6.732632e-02 8.348922e-02 -4.846234e-02
      vertex   6.739069e-02 8.069861e-02 -4.762297e-02
      vertex   6.981923e-02 8.073047e-02 -5.043747e-02
    endloop
  endfacet
  facet normal 6.930299e-01 7.626217e-02 7.168638e-01
    outer loop
      vertex   6.579348e-02 7.648700e-02 -4.563083e-02
      vertex   6.852058e-02 7.648700e-02 -4.826726e-02
      vertex   6.739069e-02 8.069861e-02 -4.762297e-02
    endloop
  endfacet
  facet normal 6.510626e-01 2.323580e-01 7.225838e-01
    outer loop
      vertex   6.460988e-02 8.205897e-02 -4.555486e-02
      vertex   6.739069e-02 8.069861e-02 -4.762297e-02
      vertex   6.732632e-02 8.348922e-02 -4.846234e-02
    endloop
  endfacet
  facet normal 6.303800e-01 1.234560e-01 7.664070e-01
    outer loop
      vertex   6.460988e-02 8.205897e-02 -4.555486e-02
      vertex   6.579348e-02 7.648700e-02 -4.563083e-02
      vertex   6.739069e-02 8.069861e-02 -4.762297e-02
    endloop
  endfacet
  facet normal 5.917362e-01 1.148177e-01 7.979130e-01
    outer loop
      vertex   6.243459e-02 7.961820e-02 -4.359042e-02
      vertex   6.579348e-02 7.648700e-02 -4.563083e-02
      vertex   6.460988e-02 8.205897e-02 -4.555486e-02
    endloop
  endfacet
  facet normal 5.801242e-01 9.516979e-02 8.089491e-01
    outer loop
      vertex   6.243459e-02 7.961820e-02 -4.359042e-02
      vertex   6.348001e-02 7.648700e-02 -4.397176e-02
      vertex   6.579348e-02 7.648700e-02 -4.563083e-02
    endloop
  endfacet
  facet normal 4.825619e-01 5.465495e-02 8.741549e-01
    outer loop
      vertex   6.043437e-02 7.648700e-02 -4.229047e-02
      vertex   6.348001e-02 7.648700e-02 -4.397176e-02
      vertex   6.243459e-02 7.961820e-02 -4.359042e-02
    endloop
  endfacet
  facet normal 6.802260e-01 3.575730e-01 6.398704e-01
    outer loop
      vertex   6.732632e-02 8.348922e-02 -4.846234e-02
      vertex   6.829400e-02 8.506000e-02 -5.036883e-02
      vertex   6.537227e-02 8.646215e-02 -4.804639e-02
    endloop
  endfacet
  facet normal 7.971865e-01 2.722958e-01 5.388401e-01
    outer loop
      vertex   6.981923e-02 8.073047e-02 -5.043747e-02
      vertex   7.136742e-02 8.295896e-02 -5.385407e-02
      vertex   6.829400e-02 8.506000e-02 -5.036883e-02
    endloop
  endfacet
  facet normal 8.315819e-01 2.103558e-01 5.140253e-01
    outer loop
      vertex   7.144081e-02 7.983680e-02 -5.269511e-02
      vertex   7.136742e-02 8.295896e-02 -5.385407e-02
      vertex   6.981923e-02 8.073047e-02 -5.043747e-02
    endloop
  endfacet
  facet normal 8.767686e-01 1.853370e-01 4.437647e-01
    outer loop
      vertex   7.282407e-02 7.998778e-02 -5.549115e-02
      vertex   7.136742e-02 8.295896e-02 -5.385407e-02
      vertex   7.144081e-02 7.983680e-02 -5.269511e-02
    endloop
  endfacet
  facet normal 9.470696e-01 9.187999e-02 3.075993e-01
    outer loop
      vertex   7.353118e-02 7.648700e-02 -5.662258e-02
      vertex   7.408007e-02 7.970494e-02 -5.927377e-02
      vertex   7.282407e-02 7.998778e-02 -5.549115e-02
    endloop
  endfacet
  facet normal 9.557796e-01 7.190536e-02 2.851579e-01
    outer loop
      vertex   7.434509e-02 7.648700e-02 -5.935061e-02
      vertex   7.408007e-02 7.970494e-02 -5.927377e-02
      vertex   7.353118e-02 7.648700e-02 -5.662258e-02
    endloop
  endfacet
  facet normal 9.833065e-01 7.704549e-02 1.648402e-01
    outer loop
      vertex   7.408007e-02 7.970494e-02 -5.927377e-02
      vertex   7.434509e-02 7.648700e-02 -5.935061e-02
      vertex   7.481576e-02 7.648700e-02 -6.215829e-02
    endloop
  endfacet
  facet normal 9.520441e-01 2.185143e-01 2.141578e-01
    outer loop
      vertex   7.354766e-02 8.382129e-02 -6.110701e-02
      vertex   7.304826e-02 8.275342e-02 -5.779732e-02
      vertex   7.408007e-02 7.970494e-02 -5.927377e-02
    endloop
  endfacet
  facet normal 9.244586e-01 2.993946e-01 2.360913e-01
    outer loop
      vertex   7.354766e-02 8.382129e-02 -6.110701e-02
      vertex   7.234207e-02 8.594148e-02 -5.907500e-02
      vertex   7.304826e-02 8.275342e-02 -5.779732e-02
    endloop
  endfacet
  facet normal 3.711689e-01 8.929440e-01 2.547248e-01
    outer loop
      vertex   5.740932e-02 9.977096e-02 -5.995713e-02
      vertex   6.063689e-02 9.760284e-02 -5.705974e-02
      vertex   6.028780e-02 9.885039e-02 -6.092441e-02
    endloop
  endfacet
  facet normal 4.154597e-01 8.141704e-01 4.056104e-01
    outer loop
      vertex   5.852381e-02 9.675716e-02 -5.319783e-02
      vertex   6.045772e-02 9.546743e-02 -5.258987e-02
      vertex   6.063689e-02 9.760284e-02 -5.705974e-02
    endloop
  endfacet
  facet normal 4.473895e-01 6.956684e-01 5.620393e-01
    outer loop
      vertex   5.967892e-02 9.343787e-02 -4.945784e-02
      vertex   6.284193e-02 9.252872e-02 -5.085032e-02
      vertex   6.045772e-02 9.546743e-02 -5.258987e-02
    endloop
  endfacet
  facet normal 4.269189e-01 6.021413e-01 6.746599e-01
    outer loop
      vertex   5.967588e-02 8.981704e-02 -4.622428e-02
      vertex   6.268068e-02 9.028165e-02 -4.854037e-02
      vertex   5.967892e-02 9.343787e-02 -4.945784e-02
    endloop
  endfacet
  facet normal 3.931213e-01 4.653326e-01 7.930456e-01
    outer loop
      vertex   5.815840e-02 8.794784e-02 -4.437527e-02
      vertex   6.116535e-02 8.726436e-02 -4.546480e-02
      vertex   5.967588e-02 8.981704e-02 -4.622428e-02
    endloop
  endfacet
  facet normal 4.016671e-01 3.556365e-01 8.439113e-01
    outer loop
      vertex   5.758134e-02 8.473395e-02 -4.269261e-02
      vertex   6.196685e-02 8.368846e-02 -4.433935e-02
      vertex   6.116535e-02 8.726436e-02 -4.546480e-02
    endloop
  endfacet
  facet normal 3.985769e-01 3.155146e-01 8.611545e-01
    outer loop
      vertex   5.758134e-02 8.473395e-02 -4.269261e-02
      vertex   5.921185e-02 8.209910e-02 -4.248190e-02
      vertex   6.196685e-02 8.368846e-02 -4.433935e-02
    endloop
  endfacet
  facet normal 2.284355e-01 1.055036e-01 9.678255e-01
    outer loop
      vertex   5.349380e-02 8.079776e-02 -4.065391e-02
      vertex   5.440908e-02 7.648700e-02 -4.040002e-02
      vertex   5.793622e-02 8.022222e-02 -4.163971e-02
    endloop
  endfacet
  facet normal 9.016147e-02 6.555325e-02 9.937674e-01
    outer loop
      vertex   5.000000e-02 7.964446e-02 -4.020828e-02
      vertex   5.000000e-02 7.648700e-02 -4.000000e-02
      vertex   5.440908e-02 7.648700e-02 -4.040002e-02
    endloop
  endfacet
  facet normal 9.985945e-01 -1.562874e-02 5.064291e-02
    outer loop
      vertex   7.487173e-02 5.492894e-02 -6.551935e-02
      vertex   7.500000e-02 5.635427e-02 -6.760870e-02
      vertex   7.500000e-02 6.480741e-02 -6.500000e-02
    endloop
  endfacet
  facet normal 9.976970e-01 -1.641462e-02 6.581266e-02
    outer loop
      vertex   7.479172e-02 6.480741e-02 -6.184255e-02
      vertex   7.487173e-02 5.492894e-02 -6.551935e-02
      vertex   7.500000e-02 6.480741e-02 -6.500000e-02
    endloop
  endfacet
  facet normal 9.887938e-01 -4.497491e-02 1.423518e-01
    outer loop
      vertex   7.459998e-02 5.386956e-02 -6.396641e-02
      vertex   7.487173e-02 5.492894e-02 -6.551935e-02
      vertex   7.479172e-02 6.480741e-02 -6.184255e-02
    endloop
  endfacet
  facet normal 9.828213e-01 -5.507020e-02 1.761519e-01
    outer loop
      vertex   7.383817e-02 5.812003e-02 -5.861301e-02
      vertex   7.479172e-02 6.480741e-02 -6.184255e-02
      vertex   7.434509e-02 6.480741e-02 -5.935061e-02
    endloop
  endfacet
  facet normal 9.820154e-01 -5.243328e-02 1.813742e-01
    outer loop
      vertex   7.383817e-02 5.812003e-02 -5.861301e-02
      vertex   7.459998e-02 5.386956e-02 -6.396641e-02
      vertex   7.479172e-02 6.480741e-02 -6.184255e-02
    endloop
  endfacet
  facet normal 9.605482e-01 -4.249590e-02 2.748477e-01
    outer loop
      vertex   7.364864e-02 6.480741e-02 -5.691665e-02
      vertex   7.383817e-02 5.812003e-02 -5.861301e-02
      vertex   7.434509e-02 6.480741e-02 -5.935061e-02
    endloop
  endfacet
  facet normal 9.731965e-01 -9.137909e-02 2.110412e-01
    outer loop
      vertex   7.402771e-02 5.247979e-02 -6.192919e-02
      vertex   7.459998e-02 5.386956e-02 -6.396641e-02
      vertex   7.383817e-02 5.812003e-02 -5.861301e-02
    endloop
  endfacet
  facet normal 9.416294e-01 -5.745662e-02 3.317119e-01
    outer loop
      vertex   7.289310e-02 5.827218e-02 -5.590386e-02
      vertex   7.383817e-02 5.812003e-02 -5.861301e-02
      vertex   7.364864e-02 6.480741e-02 -5.691665e-02
    endloop
  endfacet
  facet normal 9.451049e-01 -1.414352e-01 2.945722e-01
    outer loop
      vertex   7.320887e-02 5.112979e-02 -5.995024e-02
      vertex   7.402771e-02 5.247979e-02 -6.192919e-02
      vertex   7.383817e-02 5.812003e-02 -5.861301e-02
    endloop
  endfacet
  facet normal 9.275001e-01 -4.981369e-02 3.704892e-01
    outer loop
      vertex   7.270953e-02 6.480741e-02 -5.456563e-02
      vertex   7.289310e-02 5.827218e-02 -5.590386e-02
      vertex   7.364864e-02 6.480741e-02 -5.691665e-02
    endloop
  endfacet
  facet normal 9.312532e-01 -1.475687e-01 3.331530e-01
    outer loop
      vertex   7.320887e-02 5.112979e-02 -5.995024e-02
      vertex   7.383817e-02 5.812003e-02 -5.861301e-02
      vertex   7.289310e-02 5.827218e-02 -5.590386e-02
    endloop
  endfacet
  facet normal 8.805830e-01 -3.404829e-02 4.726672e-01
    outer loop
      vertex   7.153739e-02 6.028142e-02 -5.270794e-02
      vertex   7.270953e-02 6.480741e-02 -5.456563e-02
      vertex   7.136313e-02 6.480741e-02 -5.205727e-02
    endloop
  endfacet
  facet normal 9.045137e-01 -6.101897e-02 4.220566e-01
    outer loop
      vertex   7.153739e-02 6.028142e-02 -5.270794e-02
      vertex   7.289310e-02 5.827218e-02 -5.590386e-02
      vertex   7.270953e-02 6.480741e-02 -5.456563e-02
    endloop
  endfacet
  facet normal 8.881790e-01 -1.102464e-01 4.460761e-01
    outer loop
      vertex   7.153739e-02 5.646407e-02 -5.365139e-02
      vertex   7.289310e-02 5.827218e-02 -5.590386e-02
      vertex   7.153739e-02 6.028142e-02 -5.270794e-02
    endloop
  endfacet
  facet normal 9.003653e-01 -1.836723e-01 3.944703e-01
    outer loop
      vertex   7.153739e-02 5.646407e-02 -5.365139e-02
      vertex   7.320887e-02 5.112979e-02 -5.995024e-02
      vertex   7.289310e-02 5.827218e-02 -5.590386e-02
    endloop
  endfacet
  facet normal 8.879736e-01 -2.068057e-01 4.107728e-01
    outer loop
      vertex   7.067337e-02 5.261237e-02 -5.372278e-02
      vertex   7.320887e-02 5.112979e-02 -5.995024e-02
      vertex   7.153739e-02 5.646407e-02 -5.365139e-02
    endloop
  endfacet
  facet normal 8.998801e-01 -1.619697e-01 4.049464e-01
    outer loop
      vertex   7.067337e-02 5.261237e-02 -5.372278e-02
      vertex   7.199125e-02 4.967961e-02 -5.782445e-02
      vertex   7.320887e-02 5.112979e-02 -5.995024e-02
    endloop
  endfacet
  facet normal 8.549866e-01 -2.507546e-01 4.540045e-01
    outer loop
      vertex   7.051909e-02 4.830592e-02 -5.581076e-02
      vertex   7.199125e-02 4.967961e-02 -5.782445e-02
      vertex   7.067337e-02 5.261237e-02 -5.372278e-02
    endloop
  endfacet
  facet normal 8.325919e-01 -4.728167e-02 5.518652e-01
    outer loop
      vertex   6.994413e-02 6.048223e-02 -5.028701e-02
      vertex   7.153739e-02 6.028142e-02 -5.270794e-02
      vertex   7.136313e-02 6.480741e-02 -5.205727e-02
    endloop
  endfacet
  facet normal 8.222693e-01 -1.365427e-01 5.524755e-01
    outer loop
      vertex   6.994413e-02 6.048223e-02 -5.028701e-02
      vertex   7.153739e-02 5.646407e-02 -5.365139e-02
      vertex   7.153739e-02 6.028142e-02 -5.270794e-02
    endloop
  endfacet
  facet normal 8.328691e-01 -1.218099e-01 5.398995e-01
    outer loop
      vertex   6.975671e-02 5.684405e-02 -5.081872e-02
      vertex   7.153739e-02 5.646407e-02 -5.365139e-02
      vertex   6.994413e-02 6.048223e-02 -5.028701e-02
    endloop
  endfacet
  facet normal 8.186745e-01 -1.936670e-01 5.406156e-01
    outer loop
      vertex   7.067337e-02 5.261237e-02 -5.372278e-02
      vertex   7.153739e-02 5.646407e-02 -5.365139e-02
      vertex   6.975671e-02 5.684405e-02 -5.081872e-02
    endloop
  endfacet
  facet normal 8.189636e-01 -3.423245e-02 5.728235e-01
    outer loop
      vertex   6.936917e-02 6.480741e-02 -4.920652e-02
      vertex   6.994413e-02 6.048223e-02 -5.028701e-02
      vertex   7.136313e-02 6.480741e-02 -5.205727e-02
    endloop
  endfacet
  facet normal 7.672220e-01 -2.375737e-01 5.957593e-01
    outer loop
      vertex   6.759334e-02 5.119601e-02 -5.028501e-02
      vertex   6.975671e-02 5.684405e-02 -5.081872e-02
      vertex   6.783412e-02 5.539069e-02 -4.892235e-02
    endloop
  endfacet
  facet normal 7.700847e-01 -2.390775e-01 5.914486e-01
    outer loop
      vertex   6.759334e-02 5.119601e-02 -5.028501e-02
      vertex   7.067337e-02 5.261237e-02 -5.372278e-02
      vertex   6.975671e-02 5.684405e-02 -5.081872e-02
    endloop
  endfacet
  facet normal 7.689910e-01 -2.920801e-01 5.686317e-01
    outer loop
      vertex   6.874450e-02 4.705085e-02 -5.397097e-02
      vertex   7.067337e-02 5.261237e-02 -5.372278e-02
      vertex   6.759334e-02 5.119601e-02 -5.028501e-02
    endloop
  endfacet
  facet normal 7.803395e-01 -2.952414e-01 5.512737e-01
    outer loop
      vertex   6.874450e-02 4.705085e-02 -5.397097e-02
      vertex   7.051909e-02 4.830592e-02 -5.581076e-02
      vertex   7.067337e-02 5.261237e-02 -5.372278e-02
    endloop
  endfacet
  facet normal 7.402620e-01 -6.867127e-02 6.688023e-01
    outer loop
      vertex   6.767200e-02 6.480741e-02 -4.732800e-02
      vertex   6.994413e-02 6.048223e-02 -5.028701e-02
      vertex   6.936917e-02 6.480741e-02 -4.920652e-02
    endloop
  endfacet
  facet normal 7.421687e-01 -6.638030e-02 6.669177e-01
    outer loop
      vertex   6.743703e-02 5.893424e-02 -4.765110e-02
      vertex   6.994413e-02 6.048223e-02 -5.028701e-02
      vertex   6.767200e-02 6.480741e-02 -4.732800e-02
    endloop
  endfacet
  facet normal 7.559197e-01 -1.326342e-01 6.410879e-01
    outer loop
      vertex   6.743703e-02 5.893424e-02 -4.765110e-02
      vertex   6.975671e-02 5.684405e-02 -5.081872e-02
      vertex   6.994413e-02 6.048223e-02 -5.028701e-02
    endloop
  endfacet
  facet normal 7.489080e-01 -1.478234e-01 6.459760e-01
    outer loop
      vertex   6.783412e-02 5.539069e-02 -4.892235e-02
      vertex   6.975671e-02 5.684405e-02 -5.081872e-02
      vertex   6.743703e-02 5.893424e-02 -4.765110e-02
    endloop
  endfacet
  facet normal 7.009160e-01 -3.552891e-01 6.184549e-01
    outer loop
      vertex   6.638121e-02 4.573814e-02 -5.204670e-02
      vertex   6.874450e-02 4.705085e-02 -5.397097e-02
      vertex   6.759334e-02 5.119601e-02 -5.028501e-02
    endloop
  endfacet
  facet normal 6.688567e-01 -6.748550e-02 7.403218e-01
    outer loop
      vertex   6.579348e-02 6.480741e-02 -4.563083e-02
      vertex   6.743703e-02 5.893424e-02 -4.765110e-02
      vertex   6.767200e-02 6.480741e-02 -4.732800e-02
    endloop
  endfacet
  facet normal 6.696800e-01 -1.831539e-01 7.197106e-01
    outer loop
      vertex   6.560451e-02 5.479915e-02 -4.699827e-02
      vertex   6.783412e-02 5.539069e-02 -4.892235e-02
      vertex   6.743703e-02 5.893424e-02 -4.765110e-02
    endloop
  endfacet
  facet normal 6.693434e-01 -2.640184e-01 6.944593e-01
    outer loop
      vertex   6.560451e-02 5.479915e-02 -4.699827e-02
      vertex   6.759334e-02 5.119601e-02 -5.028501e-02
      vertex   6.783412e-02 5.539069e-02 -4.892235e-02
    endloop
  endfacet
  facet normal 6.818302e-01 -3.574358e-01 6.382376e-01
    outer loop
      vertex   6.516521e-02 4.768487e-02 -4.965740e-02
      vertex   6.638121e-02 4.573814e-02 -5.204670e-02
      vertex   6.759334e-02 5.119601e-02 -5.028501e-02
    endloop
  endfacet
  facet normal 6.346367e-01 -8.656434e-02 7.679472e-01
    outer loop
      vertex   6.400389e-02 5.978013e-02 -4.471858e-02
      vertex   6.743703e-02 5.893424e-02 -4.765110e-02
      vertex   6.579348e-02 6.480741e-02 -4.563083e-02
    endloop
  endfacet
  facet normal 6.197472e-01 -1.531308e-01 7.697171e-01
    outer loop
      vertex   6.400389e-02 5.978013e-02 -4.471858e-02
      vertex   6.560451e-02 5.479915e-02 -4.699827e-02
      vertex   6.743703e-02 5.893424e-02 -4.765110e-02
    endloop
  endfacet
  facet normal 6.521139e-01 -2.819832e-01 7.037278e-01
    outer loop
      vertex   6.440016e-02 5.105836e-02 -4.738119e-02
      vertex   6.759334e-02 5.119601e-02 -5.028501e-02
      vertex   6.560451e-02 5.479915e-02 -4.699827e-02
    endloop
  endfacet
  facet normal 6.445636e-01 -3.217793e-01 6.935387e-01
    outer loop
      vertex   6.516521e-02 4.768487e-02 -4.965740e-02
      vertex   6.759334e-02 5.119601e-02 -5.028501e-02
      vertex   6.440016e-02 5.105836e-02 -4.738119e-02
    endloop
  endfacet
  facet normal 5.906523e-01 -6.429953e-02 8.043602e-01
    outer loop
      vertex   6.400389e-02 5.978013e-02 -4.471858e-02
      vertex   6.579348e-02 6.480741e-02 -4.563083e-02
      vertex   6.375290e-02 6.480741e-02 -4.413240e-02
    endloop
  endfacet
  facet normal 5.975700e-01 -1.669097e-01 7.842521e-01
    outer loop
      vertex   6.321561e-02 5.579452e-02 -4.496619e-02
      vertex   6.560451e-02 5.479915e-02 -4.699827e-02
      vertex   6.400389e-02 5.978013e-02 -4.471858e-02
    endloop
  endfacet
  facet normal 5.890508e-01 -4.532039e-01 6.690481e-01
    outer loop
      vertex   6.267833e-02 4.421702e-02 -4.981694e-02
      vertex   6.638121e-02 4.573814e-02 -5.204670e-02
      vertex   6.516521e-02 4.768487e-02 -4.965740e-02
    endloop
  endfacet
  facet normal 5.601480e-01 -2.608229e-01 7.862605e-01
    outer loop
      vertex   6.321561e-02 5.579452e-02 -4.496619e-02
      vertex   6.440016e-02 5.105836e-02 -4.738119e-02
      vertex   6.560451e-02 5.479915e-02 -4.699827e-02
    endloop
  endfacet
  facet normal 5.423887e-01 -3.819049e-01 7.483068e-01
    outer loop
      vertex   6.170022e-02 4.839187e-02 -4.678508e-02
      vertex   6.516521e-02 4.768487e-02 -4.965740e-02
      vertex   6.440016e-02 5.105836e-02 -4.738119e-02
    endloop
  endfacet
  facet normal 5.294757e-01 -4.137716e-01 7.405731e-01
    outer loop
      vertex   6.267833e-02 4.421702e-02 -4.981694e-02
      vertex   6.516521e-02 4.768487e-02 -4.965740e-02
      vertex   6.170022e-02 4.839187e-02 -4.678508e-02
    endloop
  endfacet
  facet normal 4.764440e-01 -7.832077e-02 8.757094e-01
    outer loop
      vertex   6.042098e-02 6.480741e-02 -4.231962e-02
      vertex   6.400389e-02 5.978013e-02 -4.471858e-02
      vertex   6.375290e-02 6.480741e-02 -4.413240e-02
    endloop
  endfacet
  facet normal 5.073559e-01 -1.530298e-01 8.480400e-01
    outer loop
      vertex   6.100279e-02 5.978263e-02 -4.292266e-02
      vertex   6.321561e-02 5.579452e-02 -4.496619e-02
      vertex   6.400389e-02 5.978013e-02 -4.471858e-02
    endloop
  endfacet
  facet normal 5.405269e-01 -2.709525e-01 7.965020e-01
    outer loop
      vertex   6.171154e-02 5.160770e-02 -4.536975e-02
      vertex   6.440016e-02 5.105836e-02 -4.738119e-02
      vertex   6.321561e-02 5.579452e-02 -4.496619e-02
    endloop
  endfacet
  facet normal 5.154366e-01 -3.467125e-01 7.836553e-01
    outer loop
      vertex   6.171154e-02 5.160770e-02 -4.536975e-02
      vertex   6.170022e-02 4.839187e-02 -4.678508e-02
      vertex   6.440016e-02 5.105836e-02 -4.738119e-02
    endloop
  endfacet
  facet normal 4.768977e-01 -4.405996e-01 7.605528e-01
    outer loop
      vertex   6.100985e-02 4.370549e-02 -4.906708e-02
      vertex   6.267833e-02 4.421702e-02 -4.981694e-02
      vertex   6.170022e-02 4.839187e-02 -4.678508e-02
    endloop
  endfacet
  facet normal 5.129854e-01 -4.349065e-02 8.572949e-01
    outer loop
      vertex   6.100279e-02 5.978263e-02 -4.292266e-02
      vertex   6.400389e-02 5.978013e-02 -4.471858e-02
      vertex   6.042098e-02 6.480741e-02 -4.231962e-02
    endloop
  endfacet
  facet normal 4.633140e-01 -1.868129e-01 8.662800e-01
    outer loop
      vertex   5.999644e-02 5.526931e-02 -4.335773e-02
      vertex   6.321561e-02 5.579452e-02 -4.496619e-02
      vertex   6.100279e-02 5.978263e-02 -4.292266e-02
    endloop
  endfacet
  facet normal 4.650876e-01 -2.489635e-01 8.495356e-01
    outer loop
      vertex   5.999644e-02 5.526931e-02 -4.335773e-02
      vertex   6.171154e-02 5.160770e-02 -4.536975e-02
      vertex   6.321561e-02 5.579452e-02 -4.496619e-02
    endloop
  endfacet
  facet normal 4.091443e-01 -6.188377e-02 9.103688e-01
    outer loop
      vertex   5.837742e-02 6.115848e-02 -4.164923e-02
      vertex   6.100279e-02 5.978263e-02 -4.292266e-02
      vertex   6.042098e-02 6.480741e-02 -4.231962e-02
    endloop
  endfacet
  facet normal 4.088107e-01 -2.849216e-01 8.670026e-01
    outer loop
      vertex   5.927076e-02 5.067330e-02 -4.452594e-02
      vertex   6.171154e-02 5.160770e-02 -4.536975e-02
      vertex   5.999644e-02 5.526931e-02 -4.335773e-02
    endloop
  endfacet
  facet normal 4.260697e-01 -3.656892e-01 8.274878e-01
    outer loop
      vertex   5.927076e-02 5.067330e-02 -4.452594e-02
      vertex   6.170022e-02 4.839187e-02 -4.678508e-02
      vertex   6.171154e-02 5.160770e-02 -4.536975e-02
    endloop
  endfacet
  facet normal 3.730880e-01 -1.373533e-01 9.175725e-01
    outer loop
      vertex   5.808095e-02 5.753360e-02 -4.207130e-02
      vertex   6.100279e-02 5.978263e-02 -4.292266e-02
      vertex   5.837742e-02 6.115848e-02 -4.164923e-02
    endloop
  endfacet
  facet normal 3.974904e-01 -1.754517e-01 9.006765e-01
    outer loop
      vertex   5.808095e-02 5.753360e-02 -4.207130e-02
      vertex   5.999644e-02 5.526931e-02 -4.335773e-02
      vertex   6.100279e-02 5.978263e-02 -4.292266e-02
    endloop
  endfacet
  facet normal 3.698923e-01 -4.244733e-01 8.264394e-01
    outer loop
      vertex   5.717282e-02 4.863608e-02 -4.463331e-02
      vertex   6.170022e-02 4.839187e-02 -4.678508e-02
      vertex   5.927076e-02 5.067330e-02 -4.452594e-02
    endloop
  endfacet
  facet normal 3.632697e-01 -4.506025e-01 8.154707e-01
    outer loop
      vertex   5.717282e-02 4.863608e-02 -4.463331e-02
      vertex   6.100985e-02 4.370549e-02 -4.906708e-02
      vertex   6.170022e-02 4.839187e-02 -4.678508e-02
    endloop
  endfacet
  facet normal 3.996236e-01 -4.211674e-01 8.141984e-01
    outer loop
      vertex   5.927076e-02 4.327508e-02 -4.843615e-02
      vertex   6.100985e-02 4.370549e-02 -4.906708e-02
      vertex   5.717282e-02 4.863608e-02 -4.463331e-02
    endloop
  endfacet
  facet normal 3.453964e-01 -2.106516e-02 9.382204e-01
    outer loop
      vertex   5.656673e-02 6.480741e-02 -4.090072e-02
      vertex   5.837742e-02 6.115848e-02 -4.164923e-02
      vertex   6.042098e-02 6.480741e-02 -4.231962e-02
    endloop
  endfacet
  facet normal 3.130312e-01 -2.549689e-01 9.148783e-01
    outer loop
      vertex   5.564214e-02 5.369113e-02 -4.230771e-02
      vertex   5.999644e-02 5.526931e-02 -4.335773e-02
      vertex   5.808095e-02 5.753360e-02 -4.207130e-02
    endloop
  endfacet
  facet normal 3.199061e-01 -2.805334e-01 9.049647e-01
    outer loop
      vertex   5.564214e-02 5.369113e-02 -4.230771e-02
      vertex   5.927076e-02 5.067330e-02 -4.452594e-02
      vertex   5.999644e-02 5.526931e-02 -4.335773e-02
    endloop
  endfacet
  facet normal 2.757913e-01 -3.315616e-01 9.022229e-01
    outer loop
      vertex   5.717282e-02 4.863608e-02 -4.463331e-02
      vertex   5.927076e-02 5.067330e-02 -4.452594e-02
      vertex   5.564214e-02 5.369113e-02 -4.230771e-02
    endloop
  endfacet
  facet normal 2.513887e-01 -7.323035e-02 9.651119e-01
    outer loop
      vertex   5.440342e-02 6.086669e-02 -4.063623e-02
      vertex   5.837742e-02 6.115848e-02 -4.164923e-02
      vertex   5.656673e-02 6.480741e-02 -4.090072e-02
    endloop
  endfacet
  facet normal 2.539466e-01 -1.323307e-01 9.581230e-01
    outer loop
      vertex   5.440342e-02 6.086669e-02 -4.063623e-02
      vertex   5.808095e-02 5.753360e-02 -4.207130e-02
      vertex   5.837742e-02 6.115848e-02 -4.164923e-02
    endloop
  endfacet
  facet normal 2.658246e-01 -2.263720e-01 9.370662e-01
    outer loop
      vertex   5.502923e-02 5.718204e-02 -4.129052e-02
      vertex   5.564214e-02 5.369113e-02 -4.230771e-02
      vertex   5.808095e-02 5.753360e-02 -4.207130e-02
    endloop
  endfacet
  facet normal 2.752440e-01 -4.822395e-01 8.316765e-01
    outer loop
      vertex   5.401542e-02 4.601701e-02 -4.510701e-02
      vertex   5.927076e-02 4.327508e-02 -4.843615e-02
      vertex   5.717282e-02 4.863608e-02 -4.463331e-02
    endloop
  endfacet
  facet normal 3.205247e-01 -4.178296e-01 8.501073e-01
    outer loop
      vertex   5.687520e-02 4.281364e-02 -4.775972e-02
      vertex   5.927076e-02 4.327508e-02 -4.843615e-02
      vertex   5.401542e-02 4.601701e-02 -4.510701e-02
    endloop
  endfacet
  facet normal 2.594838e-01 -1.259525e-01 9.574989e-01
    outer loop
      vertex   5.502923e-02 5.718204e-02 -4.129052e-02
      vertex   5.808095e-02 5.753360e-02 -4.207130e-02
      vertex   5.440342e-02 6.086669e-02 -4.063623e-02
    endloop
  endfacet
  facet normal 2.487388e-01 -3.416373e-01 9.063183e-01
    outer loop
      vertex   5.362620e-02 5.047744e-02 -4.296584e-02
      vertex   5.717282e-02 4.863608e-02 -4.463331e-02
      vertex   5.564214e-02 5.369113e-02 -4.230771e-02
    endloop
  endfacet
  facet normal 1.988512e-01 -4.345258e-02 9.790659e-01
    outer loop
      vertex   5.315745e-02 6.480741e-02 -4.020828e-02
      vertex   5.440342e-02 6.086669e-02 -4.063623e-02
      vertex   5.656673e-02 6.480741e-02 -4.090072e-02
    endloop
  endfacet
  facet normal 1.207881e-01 -2.713193e-01 9.548801e-01
    outer loop
      vertex   5.000000e-02 5.301440e-02 -4.178629e-02
      vertex   5.362620e-02 5.047744e-02 -4.296584e-02
      vertex   5.564214e-02 5.369113e-02 -4.230771e-02
    endloop
  endfacet
  facet normal 2.057507e-01 -4.088493e-01 8.891057e-01
    outer loop
      vertex   5.362620e-02 5.047744e-02 -4.296584e-02
      vertex   5.401542e-02 4.601701e-02 -4.510701e-02
      vertex   5.717282e-02 4.863608e-02 -4.463331e-02
    endloop
  endfacet
  facet normal 2.033115e-01 -5.104145e-01 8.355486e-01
    outer loop
      vertex   5.346914e-02 4.241455e-02 -4.717473e-02
      vertex   5.687520e-02 4.281364e-02 -4.775972e-02
      vertex   5.401542e-02 4.601701e-02 -4.510701e-02
    endloop
  endfacet
  facet normal 1.106935e-01 -1.555057e-01 9.816134e-01
    outer loop
      vertex   5.000000e-02 5.923911e-02 -4.039751e-02
      vertex   5.502923e-02 5.718204e-02 -4.129052e-02
      vertex   5.440342e-02 6.086669e-02 -4.063623e-02
    endloop
  endfacet
  facet normal 1.011202e-01 -1.777208e-01 9.788718e-01
    outer loop
      vertex   5.000000e-02 5.609902e-02 -4.096762e-02
      vertex   5.502923e-02 5.718204e-02 -4.129052e-02
      vertex   5.000000e-02 5.923911e-02 -4.039751e-02
    endloop
  endfacet
  facet normal 1.172864e-01 -2.587806e-01 9.587891e-01
    outer loop
      vertex   5.000000e-02 5.609902e-02 -4.096762e-02
      vertex   5.564214e-02 5.369113e-02 -4.230771e-02
      vertex   5.502923e-02 5.718204e-02 -4.129052e-02
    endloop
  endfacet
  facet normal 1.192340e-01 -2.546924e-01 9.596432e-01
    outer loop
      vertex   5.000000e-02 5.301440e-02 -4.178629e-02
      vertex   5.564214e-02 5.369113e-02 -4.230771e-02
      vertex   5.000000e-02 5.609902e-02 -4.096762e-02
    endloop
  endfacet
  facet normal 8.678352e-02 -4.249603e-01 9.010424e-01
    outer loop
      vertex   5.000000e-02 4.567317e-02 -4.488243e-02
      vertex   5.401542e-02 4.601701e-02 -4.510701e-02
      vertex   5.362620e-02 5.047744e-02 -4.296584e-02
    endloop
  endfacet
  facet normal 6.557075e-02 -8.721790e-02 9.940289e-01
    outer loop
      vertex   5.000000e-02 6.480741e-02 -4.000000e-02
      vertex   5.440342e-02 6.086669e-02 -4.063623e-02
      vertex   5.315745e-02 6.480741e-02 -4.020828e-02
    endloop
  endfacet
  facet normal 8.013610e-02 -7.097862e-02 9.942536e-01
    outer loop
      vertex   5.000000e-02 5.923911e-02 -4.039751e-02
      vertex   5.440342e-02 6.086669e-02 -4.063623e-02
      vertex   5.000000e-02 6.480741e-02 -4.000000e-02
    endloop
  endfacet
  facet normal 6.696763e-02 -3.403567e-01 9.379087e-01
    outer loop
      vertex   5.000000e-02 4.964032e-02 -4.301070e-02
      vertex   5.362620e-02 5.047744e-02 -4.296584e-02
      vertex   5.000000e-02 5.301440e-02 -4.178629e-02
    endloop
  endfacet
  facet normal 8.698345e-02 -4.250809e-01 9.009662e-01
    outer loop
      vertex   5.000000e-02 4.567317e-02 -4.488243e-02
      vertex   5.362620e-02 5.047744e-02 -4.296584e-02
      vertex   5.000000e-02 4.964032e-02 -4.301070e-02
    endloop
  endfacet
  facet normal 9.130347e-02 -5.061022e-01 8.576271e-01
    outer loop
      vertex   5.000000e-02 4.567317e-02 -4.488243e-02
      vertex   5.346914e-02 4.241455e-02 -4.717473e-02
      vertex   5.401542e-02 4.601701e-02 -4.510701e-02
    endloop
  endfacet
  facet normal 7.581853e-02 -5.184474e-01 8.517417e-01
    outer loop
      vertex   5.000000e-02 4.226570e-02 -4.695652e-02
      vertex   5.346914e-02 4.241455e-02 -4.717473e-02
      vertex   5.000000e-02 4.567317e-02 -4.488243e-02
    endloop
  endfacet
  facet normal 9.979050e-01 0.000000e+00 6.469690e-02
    outer loop
      vertex   7.481576e-02 7.648700e-02 -6.215829e-02
      vertex   7.500000e-02 6.480741e-02 -6.500000e-02
      vertex   7.500000e-02 7.648700e-02 -6.500000e-02
    endloop
  endfacet
  facet normal 9.978314e-01 -2.747873e-04 6.582152e-02
    outer loop
      vertex   7.481576e-02 7.648700e-02 -6.215829e-02
      vertex   7.479172e-02 6.480741e-02 -6.184255e-02
      vertex   7.500000e-02 6.480741e-02 -6.500000e-02
    endloop
  endfacet
  facet normal 9.843113e-01 2.742948e-03 1.764190e-01
    outer loop
      vertex   7.481576e-02 7.648700e-02 -6.215829e-02
      vertex   7.434509e-02 6.480741e-02 -5.935061e-02
      vertex   7.479172e-02 6.480741e-02 -6.184255e-02
    endloop
  endfacet
  facet normal 9.862380e-01 0.000000e+00 1.653316e-01
    outer loop
      vertex   7.434509e-02 7.648700e-02 -5.935061e-02
      vertex   7.434509e-02 6.480741e-02 -5.935061e-02
      vertex   7.481576e-02 7.648700e-02 -6.215829e-02
    endloop
  endfacet
  facet normal 9.614167e-01 0.000000e+00 2.750962e-01
    outer loop
      vertex   7.434509e-02 7.648700e-02 -5.935061e-02
      vertex   7.364864e-02 6.480741e-02 -5.691665e-02
      vertex   7.434509e-02 6.480741e-02 -5.935061e-02
    endloop
  endfacet
  facet normal 9.582572e-01 2.439252e-03 2.858971e-01
    outer loop
      vertex   7.353118e-02 7.648700e-02 -5.662258e-02
      vertex   7.364864e-02 6.480741e-02 -5.691665e-02
      vertex   7.434509e-02 7.648700e-02 -5.935061e-02
    endloop
  endfacet
  facet normal 9.286530e-01 8.169284e-08 3.709497e-01
    outer loop
      vertex   7.353118e-02 7.648700e-02 -5.662258e-02
      vertex   7.270953e-02 6.480741e-02 -5.456563e-02
      vertex   7.364864e-02 6.480741e-02 -5.691665e-02
    endloop
  endfacet
  facet normal 9.043405e-01 1.152120e-02 4.266562e-01
    outer loop
      vertex   7.150974e-02 7.648700e-02 -5.233795e-02
      vertex   7.270953e-02 6.480741e-02 -5.456563e-02
      vertex   7.353118e-02 7.648700e-02 -5.662258e-02
    endloop
  endfacet
  facet normal 8.810938e-01 3.050845e-04 4.729414e-01
    outer loop
      vertex   7.150974e-02 7.648700e-02 -5.233795e-02
      vertex   7.136313e-02 6.480741e-02 -5.205727e-02
      vertex   7.270953e-02 6.480741e-02 -5.456563e-02
    endloop
  endfacet
  facet normal 8.194389e-01 3.487292e-03 5.731559e-01
    outer loop
      vertex   7.150974e-02 7.648700e-02 -5.233795e-02
      vertex   6.936917e-02 6.480741e-02 -4.920652e-02
      vertex   7.136313e-02 6.480741e-02 -5.205727e-02
    endloop
  endfacet
  facet normal 8.059798e-01 1.096381e-02 5.918415e-01
    outer loop
      vertex   6.852058e-02 7.648700e-02 -4.826726e-02
      vertex   6.936917e-02 6.480741e-02 -4.920652e-02
      vertex   7.150974e-02 7.648700e-02 -5.233795e-02
    endloop
  endfacet
  facet normal 7.420136e-01 -6.842371e-08 6.703848e-01
    outer loop
      vertex   6.852058e-02 7.648700e-02 -4.826726e-02
      vertex   6.767200e-02 6.480741e-02 -4.732800e-02
      vertex   6.936917e-02 6.480741e-02 -4.920652e-02
    endloop
  endfacet
  facet normal 6.703447e-01 1.096377e-02 7.419688e-01
    outer loop
      vertex   6.852058e-02 7.648700e-02 -4.826726e-02
      vertex   6.579348e-02 6.480741e-02 -4.563083e-02
      vertex   6.767200e-02 6.480741e-02 -4.732800e-02
    endloop
  endfacet
  facet normal 6.950540e-01 0.000000e+00 7.189575e-01
    outer loop
      vertex   6.579348e-02 7.648700e-02 -4.563083e-02
      vertex   6.579348e-02 6.480741e-02 -4.563083e-02
      vertex   6.852058e-02 7.648700e-02 -4.826726e-02
    endloop
  endfacet
  facet normal 5.918772e-01 0.000000e+00 8.060282e-01
    outer loop
      vertex   6.579348e-02 7.648700e-02 -4.563083e-02
      vertex   6.375290e-02 6.480741e-02 -4.413240e-02
      vertex   6.579348e-02 6.480741e-02 -4.563083e-02
    endloop
  endfacet
  facet normal 5.827676e-01 2.439198e-03 8.126352e-01
    outer loop
      vertex   6.348001e-02 7.648700e-02 -4.397176e-02
      vertex   6.375290e-02 6.480741e-02 -4.413240e-02
      vertex   6.579348e-02 7.648700e-02 -4.563083e-02
    endloop
  endfacet
  facet normal 4.779118e-01 -9.153433e-04 8.784073e-01
    outer loop
      vertex   6.348001e-02 7.648700e-02 -4.397176e-02
      vertex   6.042098e-02 6.480741e-02 -4.231962e-02
      vertex   6.375290e-02 6.480741e-02 -4.413240e-02
    endloop
  endfacet
  facet normal 4.832824e-01 -2.738868e-03 8.754602e-01
    outer loop
      vertex   6.043437e-02 7.648700e-02 -4.229047e-02
      vertex   6.042098e-02 6.480741e-02 -4.231962e-02
      vertex   6.348001e-02 7.648700e-02 -4.397176e-02
    endloop
  endfacet
  facet normal 3.604748e-01 -2.741060e-03 9.327649e-01
    outer loop
      vertex   5.777891e-02 7.648700e-02 -4.126425e-02
      vertex   6.042098e-02 6.480741e-02 -4.231962e-02
      vertex   6.043437e-02 7.648700e-02 -4.229047e-02
    endloop
  endfacet
  facet normal 3.454655e-01 -6.646269e-03 9.384079e-01
    outer loop
      vertex   5.777891e-02 7.648700e-02 -4.126425e-02
      vertex   5.656673e-02 6.480741e-02 -4.090072e-02
      vertex   6.042098e-02 6.480741e-02 -4.231962e-02
    endloop
  endfacet
  facet normal 2.484173e-01 4.367067e-03 9.686433e-01
    outer loop
      vertex   5.440908e-02 7.648700e-02 -4.040002e-02
      vertex   5.656673e-02 6.480741e-02 -4.090072e-02
      vertex   5.777891e-02 7.648700e-02 -4.126425e-02
    endloop
  endfacet
  facet normal 1.990364e-01 -5.241325e-03 9.799781e-01
    outer loop
      vertex   5.440908e-02 7.648700e-02 -4.040002e-02
      vertex   5.315745e-02 6.480741e-02 -4.020828e-02
      vertex   5.656673e-02 6.480741e-02 -4.090072e-02
    endloop
  endfacet
  facet normal 9.035381e-02 6.666691e-03 9.958874e-01
    outer loop
      vertex   5.000000e-02 7.648700e-02 -4.000000e-02
      vertex   5.315745e-02 6.480741e-02 -4.020828e-02
      vertex   5.440908e-02 7.648700e-02 -4.040002e-02
    endloop
  endfacet
  facet normal 6.582158e-02 0.000000e+00 9.978314e-01
    outer loop
      vertex   5.000000e-02 7.648700e-02 -4.000000e-02
      vertex   5.000000e-02 6.480741e-02 -4.000000e-02
      vertex   5.315745e-02 6.480741e-02 -4.020828e-02
    endloop
  endfacet
  facet normal 9.970723e-01 3.524541e-02 6.785691e-02
    outer loop
      vertex   7.500000e-02 -5.635427e-02 -6.760870e-02
      vertex   7.500000e-02 -3.635134e-02 -7.799838e-02
      vertex   7.473586e-02 -5.439926e-02 -6.474288e-02
    endloop
  endfacet
  facet normal 9.856566e-01 9.029208e-02 1.425778e-01
    outer loop
      vertex   7.500000e-02 -3.635134e-02 -7.799838e-02
      vertex   7.407307e-02 -4.034037e-02 -6.906419e-02
      vertex   7.473586e-02 -5.439926e-02 -6.474288e-02
    endloop
  endfacet
  facet normal 9.931527e-01 2.487080e-02 1.141456e-01
    outer loop
      vertex   7.460419e-02 -2.737237e-02 -7.651096e-02
      vertex   7.407307e-02 -4.034037e-02 -6.906419e-02
      vertex   7.500000e-02 -3.635134e-02 -7.799838e-02
    endloop
  endfacet
  facet normal 9.694611e-01 9.105709e-02 2.277142e-01
    outer loop
      vertex   7.460419e-02 -2.737237e-02 -7.651096e-02
      vertex   7.365524e-02 -2.457084e-02 -7.359120e-02
      vertex   7.407307e-02 -4.034037e-02 -6.906419e-02
    endloop
  endfacet
  facet normal 9.200040e-01 1.304656e-01 3.695557e-01
    outer loop
      vertex   7.407307e-02 -4.034037e-02 -6.906419e-02
      vertex   7.365524e-02 -2.457084e-02 -7.359120e-02
      vertex   7.263311e-02 -2.764140e-02 -6.996261e-02
    endloop
  endfacet
  facet normal 9.227589e-01 1.939770e-01 3.329999e-01
    outer loop
      vertex   7.407307e-02 -4.034037e-02 -6.906419e-02
      vertex   7.213767e-02 -4.147982e-02 -6.303738e-02
      vertex   7.392529e-02 -5.231094e-02 -6.168166e-02
    endloop
  endfacet
  facet normal 9.332064e-01 1.920368e-01 3.037230e-01
    outer loop
      vertex   7.392529e-02 -5.231094e-02 -6.168166e-02
      vertex   7.213767e-02 -4.147982e-02 -6.303738e-02
      vertex   7.256292e-02 -5.031588e-02 -5.875713e-02
    endloop
  endfacet
  facet normal 9.316776e-01 1.550991e-01 3.285136e-01
    outer loop
      vertex   7.407307e-02 -4.034037e-02 -6.906419e-02
      vertex   7.176081e-02 -2.982265e-02 -6.747221e-02
      vertex   7.213767e-02 -4.147982e-02 -6.303738e-02
    endloop
  endfacet
  facet normal 8.939247e-01 1.316744e-01 4.284396e-01
    outer loop
      vertex   7.263311e-02 -2.764140e-02 -6.996261e-02
      vertex   7.176081e-02 -2.982265e-02 -6.747221e-02
      vertex   7.407307e-02 -4.034037e-02 -6.906419e-02
    endloop
  endfacet
  facet normal 8.728667e-01 2.508427e-01 4.185471e-01
    outer loop
      vertex   7.256292e-02 -5.031588e-02 -5.875713e-02
      vertex   7.030264e-02 -3.741288e-02 -6.177640e-02
      vertex   7.086760e-02 -4.860392e-02 -5.624760e-02
    endloop
  endfacet
  facet normal 8.626484e-01 2.535290e-01 4.376766e-01
    outer loop
      vertex   7.213767e-02 -4.147982e-02 -6.303738e-02
      vertex   7.030264e-02 -3.741288e-02 -6.177640e-02
      vertex   7.256292e-02 -5.031588e-02 -5.875713e-02
    endloop
  endfacet
  facet normal 8.341339e-01 2.194742e-01 5.060156e-01
    outer loop
      vertex   7.176081e-02 -2.982265e-02 -6.747221e-02
      vertex   7.030264e-02 -3.741288e-02 -6.177640e-02
      vertex   7.213767e-02 -4.147982e-02 -6.303738e-02
    endloop
  endfacet
  facet normal 8.357907e-01 2.176823e-01 5.040518e-01
    outer loop
      vertex   7.176081e-02 -2.982265e-02 -6.747221e-02
      vertex   6.960054e-02 -2.772626e-02 -6.479552e-02
      vertex   7.030264e-02 -3.741288e-02 -6.177640e-02
    endloop
  endfacet
  facet normal 7.990337e-01 3.165219e-01 5.112329e-01
    outer loop
      vertex   7.086760e-02 -4.860392e-02 -5.624760e-02
      vertex   6.852058e-02 -3.924275e-02 -5.837515e-02
      vertex   6.915689e-02 -4.732155e-02 -5.436781e-02
    endloop
  endfacet
  facet normal 7.578987e-01 3.193114e-01 5.688847e-01
    outer loop
      vertex   7.030264e-02 -3.741288e-02 -6.177640e-02
      vertex   6.852058e-02 -3.924275e-02 -5.837515e-02
      vertex   7.086760e-02 -4.860392e-02 -5.624760e-02
    endloop
  endfacet
  facet normal 7.224862e-01 3.520614e-01 5.950348e-01
    outer loop
      vertex   6.852058e-02 -3.924275e-02 -5.837515e-02
      vertex   6.675424e-02 -4.590371e-02 -5.228942e-02
      vertex   6.915689e-02 -4.732155e-02 -5.436781e-02
    endloop
  endfacet
  facet normal 7.597717e-01 3.161375e-01 5.681585e-01
    outer loop
      vertex   7.030264e-02 -3.741288e-02 -6.177640e-02
      vertex   6.507507e-02 -2.816770e-02 -5.993006e-02
      vertex   6.852058e-02 -3.924275e-02 -5.837515e-02
    endloop
  endfacet
  facet normal 6.953357e-01 2.593097e-01 6.702737e-01
    outer loop
      vertex   6.960054e-02 -2.772626e-02 -6.479552e-02
      vertex   6.507507e-02 -2.816770e-02 -5.993006e-02
      vertex   7.030264e-02 -3.741288e-02 -6.177640e-02
    endloop
  endfacet
  facet normal 7.132675e-01 1.732432e-01 6.791438e-01
    outer loop
      vertex   6.960054e-02 -2.772626e-02 -6.479552e-02
      vertex   6.686097e-02 -2.504977e-02 -6.260105e-02
      vertex   6.507507e-02 -2.816770e-02 -5.993006e-02
    endloop
  endfacet
  facet normal 6.222909e-01 3.959795e-01 6.752438e-01
    outer loop
      vertex   6.675424e-02 -4.590371e-02 -5.228942e-02
      vertex   6.490310e-02 -3.599773e-02 -5.639255e-02
      vertex   6.452778e-02 -4.490393e-02 -5.082385e-02
    endloop
  endfacet
  facet normal 6.844109e-01 3.844884e-01 6.194758e-01
    outer loop
      vertex   6.852058e-02 -3.924275e-02 -5.837515e-02
      vertex   6.490310e-02 -3.599773e-02 -5.639255e-02
      vertex   6.675424e-02 -4.590371e-02 -5.228942e-02
    endloop
  endfacet
  facet normal 6.513775e-01 3.004660e-01 6.967263e-01
    outer loop
      vertex   6.852058e-02 -3.924275e-02 -5.837515e-02
      vertex   6.507507e-02 -2.816770e-02 -5.993006e-02
      vertex   6.490310e-02 -3.599773e-02 -5.639255e-02
    endloop
  endfacet
  facet normal 4.958658e-01 4.452700e-01 7.455547e-01
    outer loop
      vertex   6.490310e-02 -3.599773e-02 -5.639255e-02
      vertex   6.170022e-02 -3.917516e-02 -5.236466e-02
      vertex   6.452778e-02 -4.490393e-02 -5.082385e-02
    endloop
  endfacet
  facet normal 5.416267e-01 3.361907e-01 7.704650e-01
    outer loop
      vertex   6.507507e-02 -2.816770e-02 -5.993006e-02
      vertex   6.267833e-02 -2.908820e-02 -5.784352e-02
      vertex   6.490310e-02 -3.599773e-02 -5.639255e-02
    endloop
  endfacet
  facet normal 5.267573e-01 4.533778e-01 7.190100e-01
    outer loop
      vertex   6.452778e-02 -4.490393e-02 -5.082385e-02
      vertex   6.170022e-02 -3.917516e-02 -5.236466e-02
      vertex   6.157120e-02 -4.387073e-02 -4.930931e-02
    endloop
  endfacet
  facet normal 5.110277e-01 4.290580e-01 7.448221e-01
    outer loop
      vertex   6.490310e-02 -3.599773e-02 -5.639255e-02
      vertex   5.983755e-02 -3.324899e-02 -5.450047e-02
      vertex   6.170022e-02 -3.917516e-02 -5.236466e-02
    endloop
  endfacet
  facet normal 4.808359e-01 3.257687e-01 8.140464e-01
    outer loop
      vertex   6.490310e-02 -3.599773e-02 -5.639255e-02
      vertex   6.267833e-02 -2.908820e-02 -5.784352e-02
      vertex   5.983755e-02 -3.324899e-02 -5.450047e-02
    endloop
  endfacet
  facet normal 5.529651e-01 3.117239e-01 7.726952e-01
    outer loop
      vertex   6.507507e-02 -2.816770e-02 -5.993006e-02
      vertex   6.005731e-02 -2.105603e-02 -5.920821e-02
      vertex   6.267833e-02 -2.908820e-02 -5.784352e-02
    endloop
  endfacet
  facet normal 4.674863e-01 3.373396e-01 8.171037e-01
    outer loop
      vertex   6.267833e-02 -2.908820e-02 -5.784352e-02
      vertex   5.925887e-02 -2.475654e-02 -5.767548e-02
      vertex   5.983755e-02 -3.324899e-02 -5.450047e-02
    endloop
  endfacet
  facet normal 3.947128e-01 2.776121e-01 8.758615e-01
    outer loop
      vertex   6.267833e-02 -2.908820e-02 -5.784352e-02
      vertex   6.005731e-02 -2.105603e-02 -5.920821e-02
      vertex   5.925887e-02 -2.475654e-02 -5.767548e-02
    endloop
  endfacet
  facet normal 4.173283e-01 4.875461e-01 7.669002e-01
    outer loop
      vertex   6.170022e-02 -3.917516e-02 -5.236466e-02
      vertex   5.927076e-02 -4.327508e-02 -4.843615e-02
      vertex   6.157120e-02 -4.387073e-02 -4.930931e-02
    endloop
  endfacet
  facet normal 4.973440e-01 4.282420e-01 7.544917e-01
    outer loop
      vertex   6.170022e-02 -3.917516e-02 -5.236466e-02
      vertex   5.983755e-02 -3.324899e-02 -5.450047e-02
      vertex   5.927076e-02 -4.327508e-02 -4.843615e-02
    endloop
  endfacet
  facet normal 2.903174e-01 3.524005e-01 8.896795e-01
    outer loop
      vertex   5.925887e-02 -2.475654e-02 -5.767548e-02
      vertex   5.579678e-02 -2.567242e-02 -5.618297e-02
      vertex   5.983755e-02 -3.324899e-02 -5.450047e-02
    endloop
  endfacet
  facet normal 2.769809e-01 4.857854e-01 8.290320e-01
    outer loop
      vertex   5.983755e-02 -3.324899e-02 -5.450047e-02
      vertex   5.494425e-02 -3.395348e-02 -5.245280e-02
      vertex   5.927076e-02 -4.327508e-02 -4.843615e-02
    endloop
  endfacet
  facet normal 3.148279e-01 3.626841e-01 8.771224e-01
    outer loop
      vertex   5.983755e-02 -3.324899e-02 -5.450047e-02
      vertex   5.579678e-02 -2.567242e-02 -5.618297e-02
      vertex   5.494425e-02 -3.395348e-02 -5.245280e-02
    endloop
  endfacet
  facet normal 1.400271e-01 3.946358e-01 9.081051e-01
    outer loop
      vertex   5.579678e-02 -2.567242e-02 -5.618297e-02
      vertex   5.000000e-02 -2.367798e-02 -5.615584e-02
      vertex   5.494425e-02 -3.395348e-02 -5.245280e-02
    endloop
  endfacet
  facet normal 9.868660e-02 2.738198e-01 9.567046e-01
    outer loop
      vertex   5.579678e-02 -2.567242e-02 -5.618297e-02
      vertex   5.000000e-02 -1.788992e-02 -5.781245e-02
      vertex   5.000000e-02 -2.367798e-02 -5.615584e-02
    endloop
  endfacet
  facet normal 3.934598e-02 3.554721e-01 9.338584e-01
    outer loop
      vertex   5.000000e-02 -2.367798e-02 -5.615584e-02
      vertex   5.000000e-02 -2.930460e-02 -5.401408e-02
      vertex   5.494425e-02 -3.395348e-02 -5.245280e-02
    endloop
  endfacet
  facet normal 3.571271e-01 2.906224e-01 8.876930e-01
    outer loop
      vertex   6.005731e-02 -2.105603e-02 -5.920821e-02
      vertex   5.471632e-02 -1.605571e-02 -5.869654e-02
      vertex   5.925887e-02 -2.475654e-02 -5.767548e-02
    endloop
  endfacet
  facet normal 2.550921e-01 1.751664e-01 9.509178e-01
    outer loop
      vertex   5.701921e-02 -1.274332e-02 -5.992448e-02
      vertex   5.471632e-02 -1.605571e-02 -5.869654e-02
      vertex   6.005731e-02 -2.105603e-02 -5.920821e-02
    endloop
  endfacet
  facet normal 6.040038e-02 1.442474e-01 9.876965e-01
    outer loop
      vertex   5.331330e-02 -7.994889e-03 -5.978798e-02
      vertex   5.000000e-02 -1.307296e-02 -5.884374e-02
      vertex   5.471632e-02 -1.605571e-02 -5.869654e-02
    endloop
  endfacet
  facet normal 8.891431e-02 1.257131e-01 9.880741e-01
    outer loop
      vertex   5.000000e-02 -6.558847e-03 -5.967254e-02
      vertex   5.000000e-02 -1.307296e-02 -5.884374e-02
      vertex   5.331330e-02 -7.994889e-03 -5.978798e-02
    endloop
  endfacet
  facet normal 2.573260e-01 1.735033e-01 9.506208e-01
    outer loop
      vertex   5.331330e-02 -7.994889e-03 -5.978798e-02
      vertex   5.471632e-02 -1.605571e-02 -5.869654e-02
      vertex   5.701921e-02 -1.274332e-02 -5.992448e-02
    endloop
  endfacet
  facet normal 6.364614e-01 2.030706e-01 7.440963e-01
    outer loop
      vertex   6.724410e-02 -1.706302e-02 -6.510842e-02
      vertex   6.452287e-02 -1.733504e-02 -6.270658e-02
      vertex   6.686097e-02 -2.504977e-02 -6.260105e-02
    endloop
  endfacet
  facet normal 4.824348e-01 1.296986e-01 8.662765e-01
    outer loop
      vertex   6.267019e-02 -8.675975e-03 -6.297124e-02
      vertex   6.071188e-02 -1.440373e-02 -6.102309e-02
      vertex   6.452287e-02 -1.733504e-02 -6.270658e-02
    endloop
  endfacet
  facet normal 5.101370e-01 1.154756e-01 8.523061e-01
    outer loop
      vertex   5.919130e-02 -2.876796e-03 -6.167471e-02
      vertex   6.071188e-02 -1.440373e-02 -6.102309e-02
      vertex   6.267019e-02 -8.675975e-03 -6.297124e-02
    endloop
  endfacet
  facet normal 4.134236e-01 2.015696e-01 8.879474e-01
    outer loop
      vertex   6.071188e-02 -1.440373e-02 -6.102309e-02
      vertex   6.005731e-02 -2.105603e-02 -5.920821e-02
      vertex   6.507507e-02 -2.816770e-02 -5.993006e-02
    endloop
  endfacet
  facet normal 3.648519e-01 2.114737e-01 9.067315e-01
    outer loop
      vertex   5.701921e-02 -1.274332e-02 -5.992448e-02
      vertex   6.005731e-02 -2.105603e-02 -5.920821e-02
      vertex   6.071188e-02 -1.440373e-02 -6.102309e-02
    endloop
  endfacet
  facet normal 1.414967e-01 8.252349e-03 9.899043e-01
    outer loop
      vertex   5.641451e-02 3.271571e-03 -6.077180e-02
      vertex   5.000000e-02 4.377547e-03 -5.986413e-02
      vertex   5.618518e-02 -3.489732e-03 -6.068265e-02
    endloop
  endfacet
  facet normal 3.130359e-01 1.904325e-03 9.497394e-01
    outer loop
      vertex   5.641451e-02 3.271571e-03 -6.077180e-02
      vertex   5.618518e-02 -3.489732e-03 -6.068265e-02
      vertex   5.919130e-02 -2.876796e-03 -6.167471e-02
    endloop
  endfacet
  facet normal 1.224889e-01 -9.995472e-02 9.874237e-01
    outer loop
      vertex   5.000000e-02 1.036739e-02 -5.925779e-02
      vertex   5.000000e-02 4.377547e-03 -5.986413e-02
      vertex   5.641451e-02 3.271571e-03 -6.077180e-02
    endloop
  endfacet
  facet normal 9.975441e-01 5.516526e-04 7.003861e-02
    outer loop
      vertex   7.500000e-02 -1.427644e-02 -8.385982e-02
      vertex   7.500000e-02 1.273527e-02 -8.407257e-02
      vertex   7.473586e-02 1.431321e-02 -8.032286e-02
    endloop
  endfacet
  facet normal 7.161034e-01 1.780535e-01 6.749022e-01
    outer loop
      vertex   6.929124e-02 -1.609591e-02 -6.753568e-02
      vertex   6.724410e-02 -1.706302e-02 -6.510842e-02
      vertex   6.960054e-02 -2.772626e-02 -6.479552e-02
    endloop
  endfacet
  facet normal 6.440654e-01 1.606629e-01 7.479085e-01
    outer loop
      vertex   6.267019e-02 -8.675975e-03 -6.297124e-02
      vertex   6.452287e-02 -1.733504e-02 -6.270658e-02
      vertex   6.724410e-02 -1.706302e-02 -6.510842e-02
    endloop
  endfacet
  facet normal 3.567063e-01 5.123766e-03 9.342025e-01
    outer loop
      vertex   6.005554e-02 3.083211e-03 -6.203739e-02
      vertex   5.919130e-02 -2.876796e-03 -6.167471e-02
      vertex   6.267019e-02 -8.675975e-03 -6.297124e-02
    endloop
  endfacet
  facet normal 9.928325e-01 -5.596503e-03 1.193830e-01
    outer loop
      vertex   7.500000e-02 -1.427644e-02 -8.385982e-02
      vertex   7.473586e-02 1.431321e-02 -8.032286e-02
      vertex   7.466792e-02 -5.689496e-03 -8.069554e-02
    endloop
  endfacet
  facet normal 8.613056e-01 1.199728e-01 4.937198e-01
    outer loop
      vertex   7.250401e-02 -1.481315e-02 -7.285463e-02
      vertex   7.075369e-02 -1.445020e-02 -6.988934e-02
      vertex   7.263311e-02 -2.764140e-02 -6.996261e-02
    endloop
  endfacet
  facet normal 7.617939e-01 7.834288e-02 6.430648e-01
    outer loop
      vertex   7.102165e-02 -5.911054e-03 -7.124708e-02
      vertex   6.730284e-02 -7.417020e-03 -6.665819e-02
      vertex   7.075369e-02 -1.445020e-02 -6.988934e-02
    endloop
  endfacet
  facet normal 8.375335e-01 2.306049e-01 4.953373e-01
    outer loop
      vertex   7.263311e-02 -2.764140e-02 -6.996261e-02
      vertex   6.960054e-02 -2.772626e-02 -6.479552e-02
      vertex   7.176081e-02 -2.982265e-02 -6.747221e-02
    endloop
  endfacet
  facet normal 8.527887e-01 1.411456e-01 5.028214e-01
    outer loop
      vertex   6.929124e-02 -1.609591e-02 -6.753568e-02
      vertex   6.960054e-02 -2.772626e-02 -6.479552e-02
      vertex   7.263311e-02 -2.764140e-02 -6.996261e-02
    endloop
  endfacet
  facet normal 7.399501e-01 1.023102e-01 6.648357e-01
    outer loop
      vertex   6.730284e-02 -7.417020e-03 -6.665819e-02
      vertex   6.724410e-02 -1.706302e-02 -6.510842e-02
      vertex   6.929124e-02 -1.609591e-02 -6.753568e-02
    endloop
  endfacet
  facet normal 5.971392e-01 1.236979e-01 7.925425e-01
    outer loop
      vertex   6.730284e-02 -7.417020e-03 -6.665819e-02
      vertex   6.267019e-02 -8.675975e-03 -6.297124e-02
      vertex   6.724410e-02 -1.706302e-02 -6.510842e-02
    endloop
  endfacet
  facet normal 1.021448e-01 -1.184039e-01 9.876978e-01
    outer loop
      vertex   5.495131e-02 9.420539e-03 -5.988335e-02
      vertex   5.000000e-02 1.036739e-02 -5.925779e-02
      vertex   5.641451e-02 3.271571e-03 -6.077180e-02
    endloop
  endfacet
  facet normal 9.820020e-01 -3.150111e-02 1.862251e-01
    outer loop
      vertex   7.473586e-02 1.431321e-02 -8.032286e-02
      vertex   7.393294e-02 2.489878e-02 -7.429831e-02
      vertex   7.397650e-02 6.418792e-03 -7.765399e-02
    endloop
  endfacet
  facet normal 9.607865e-01 -7.848426e-02 2.659503e-01
    outer loop
      vertex   7.431384e-02 3.215999e-02 -7.353153e-02
      vertex   7.393294e-02 2.489878e-02 -7.429831e-02
      vertex   7.473586e-02 1.431321e-02 -8.032286e-02
    endloop
  endfacet
  facet normal 9.378735e-01 8.526306e-02 3.363383e-01
    outer loop
      vertex   7.250401e-02 -1.481315e-02 -7.285463e-02
      vertex   7.263311e-02 -2.764140e-02 -6.996261e-02
      vertex   7.365524e-02 -2.457084e-02 -7.359120e-02
    endloop
  endfacet
  facet normal 8.627818e-01 5.287206e-02 5.028042e-01
    outer loop
      vertex   7.102165e-02 -5.911054e-03 -7.124708e-02
      vertex   7.075369e-02 -1.445020e-02 -6.988934e-02
      vertex   7.250401e-02 -1.481315e-02 -7.285463e-02
    endloop
  endfacet
  facet normal 5.863898e-01 -1.276660e-03 8.100280e-01
    outer loop
      vertex   6.607951e-02 3.337413e-03 -6.575566e-02
      vertex   6.474849e-02 -1.382894e-03 -6.479956e-02
      vertex   6.730284e-02 -7.417020e-03 -6.665819e-02
    endloop
  endfacet
  facet normal 4.399058e-02 -3.061897e-01 9.509536e-01
    outer loop
      vertex   5.000000e-02 2.573460e-02 -5.540409e-02
      vertex   5.000000e-02 1.948400e-02 -5.741667e-02
      vertex   5.746708e-02 1.172518e-02 -6.026029e-02
    endloop
  endfacet
  facet normal 9.116764e-01 -7.133307e-02 4.046699e-01
    outer loop
      vertex   7.397650e-02 6.418792e-03 -7.765399e-02
      vertex   7.393294e-02 2.489878e-02 -7.429831e-02
      vertex   7.326008e-02 1.538941e-02 -7.445870e-02
    endloop
  endfacet
  facet normal 7.773823e-01 -2.942446e-03 6.290216e-01
    outer loop
      vertex   6.916298e-02 -4.816715e-04 -6.892462e-02
      vertex   6.730284e-02 -7.417020e-03 -6.665819e-02
      vertex   7.102165e-02 -5.911054e-03 -7.124708e-02
    endloop
  endfacet
  facet normal 7.320244e-01 2.613637e-02 6.807769e-01
    outer loop
      vertex   6.607951e-02 3.337413e-03 -6.575566e-02
      vertex   6.730284e-02 -7.417020e-03 -6.665819e-02
      vertex   6.916298e-02 -4.816715e-04 -6.892462e-02
    endloop
  endfacet
  facet normal 6.023145e-01 -8.159380e-03 7.982172e-01
    outer loop
      vertex   6.607951e-02 3.337413e-03 -6.575566e-02
      vertex   6.245756e-02 7.247525e-03 -6.298266e-02
      vertex   6.474849e-02 -1.382894e-03 -6.479956e-02
    endloop
  endfacet
  facet normal 3.360600e-01 -1.867153e-01 9.231474e-01
    outer loop
      vertex   5.803891e-02 1.654964e-02 -5.949267e-02
      vertex   5.746708e-02 1.172518e-02 -6.026029e-02
      vertex   6.245756e-02 7.247525e-03 -6.298266e-02
    endloop
  endfacet
  facet normal 2.719474e-01 -1.825669e-01 9.448354e-01
    outer loop
      vertex   5.803891e-02 1.654964e-02 -5.949267e-02
      vertex   5.000000e-02 2.573460e-02 -5.540409e-02
      vertex   5.746708e-02 1.172518e-02 -6.026029e-02
    endloop
  endfacet
  facet normal 9.974091e-01 -3.752561e-03 7.184038e-02
    outer loop
      vertex   7.500000e-02 1.273527e-02 -8.407257e-02
      vertex   7.431384e-02 3.215999e-02 -7.353153e-02
      vertex   7.473586e-02 1.431321e-02 -8.032286e-02
    endloop
  endfacet
  facet normal 9.038456e-01 7.483774e-02 4.212630e-01
    outer loop
      vertex   7.350863e-02 -8.537320e-03 -7.612500e-02
      vertex   7.250401e-02 -1.481315e-02 -7.285463e-02
      vertex   7.365524e-02 -2.457084e-02 -7.359120e-02
    endloop
  endfacet
  facet normal 9.571185e-01 -7.962132e-02 2.785402e-01
    outer loop
      vertex   7.288581e-02 3.534696e-02 -6.771353e-02
      vertex   7.393294e-02 2.489878e-02 -7.429831e-02
      vertex   7.431384e-02 3.215999e-02 -7.353153e-02
    endloop
  endfacet
  facet normal 9.942455e-01 2.663938e-02 1.037601e-01
    outer loop
      vertex   7.456840e-02 -1.613067e-02 -7.905421e-02
      vertex   7.460419e-02 -2.737237e-02 -7.651096e-02
      vertex   7.500000e-02 -3.635134e-02 -7.799838e-02
    endloop
  endfacet
  facet normal 9.630693e-01 5.059898e-02 2.644567e-01
    outer loop
      vertex   7.350863e-02 -8.537320e-03 -7.612500e-02
      vertex   7.365524e-02 -2.457084e-02 -7.359120e-02
      vertex   7.460419e-02 -2.737237e-02 -7.651096e-02
    endloop
  endfacet
  facet normal 6.894546e-01 -4.329720e-02 7.230337e-01
    outer loop
      vertex   6.813037e-02 7.444812e-03 -6.746531e-02
      vertex   6.607951e-02 3.337413e-03 -6.575566e-02
      vertex   6.916298e-02 -4.816715e-04 -6.892462e-02
    endloop
  endfacet
  facet normal 3.547065e-01 -1.760237e-01 9.182586e-01
    outer loop
      vertex   6.069019e-02 1.823777e-02 -6.019321e-02
      vertex   5.803891e-02 1.654964e-02 -5.949267e-02
      vertex   6.245756e-02 7.247525e-03 -6.298266e-02
    endloop
  endfacet
  facet normal 1.168872e-01 -3.167036e-01 9.412950e-01
    outer loop
      vertex   5.525595e-02 2.589912e-02 -5.600141e-02
      vertex   5.000000e-02 2.573460e-02 -5.540409e-02
      vertex   5.803891e-02 1.654964e-02 -5.949267e-02
    endloop
  endfacet
  facet normal 9.355965e-01 -7.203006e-02 3.456455e-01
    outer loop
      vertex   7.393294e-02 2.489878e-02 -7.429831e-02
      vertex   7.223106e-02 2.780584e-02 -6.908583e-02
      vertex   7.326008e-02 1.538941e-02 -7.445870e-02
    endloop
  endfacet
  facet normal 9.126401e-01 -1.485392e-01 3.808203e-01
    outer loop
      vertex   7.288581e-02 3.534696e-02 -6.771353e-02
      vertex   7.223106e-02 2.780584e-02 -6.908583e-02
      vertex   7.393294e-02 2.489878e-02 -7.429831e-02
    endloop
  endfacet
  facet normal 8.939434e-01 -1.135261e-01 4.335632e-01
    outer loop
      vertex   7.326008e-02 1.538941e-02 -7.445870e-02
      vertex   7.223106e-02 2.780584e-02 -6.908583e-02
      vertex   7.173222e-02 1.669074e-02 -7.096772e-02
    endloop
  endfacet
  facet normal 9.349320e-01 -1.596017e-01 3.169060e-01
    outer loop
      vertex   7.322335e-02 4.399165e-02 -6.435564e-02
      vertex   7.288581e-02 3.534696e-02 -6.771353e-02
      vertex   7.431384e-02 3.215999e-02 -7.353153e-02
    endloop
  endfacet
  facet normal 8.734968e-01 -2.055286e-01 4.413178e-01
    outer loop
      vertex   7.322335e-02 4.399165e-02 -6.435564e-02
      vertex   7.063926e-02 3.650243e-02 -6.272883e-02
      vertex   7.288581e-02 3.534696e-02 -6.771353e-02
    endloop
  endfacet
  facet normal 8.166912e-01 -1.479008e-01 5.578001e-01
    outer loop
      vertex   7.173222e-02 1.669074e-02 -7.096772e-02
      vertex   6.971438e-02 2.589777e-02 -6.557211e-02
      vertex   6.971656e-02 1.676550e-02 -6.799671e-02
    endloop
  endfacet
  facet normal 8.378195e-01 -1.274798e-01 5.308554e-01
    outer loop
      vertex   7.173222e-02 1.669074e-02 -7.096772e-02
      vertex   7.223106e-02 2.780584e-02 -6.908583e-02
      vertex   6.971438e-02 2.589777e-02 -6.557211e-02
    endloop
  endfacet
  facet normal 8.864168e-01 -1.562524e-01 4.357183e-01
    outer loop
      vertex   7.288581e-02 3.534696e-02 -6.771353e-02
      vertex   7.063926e-02 3.650243e-02 -6.272883e-02
      vertex   7.223106e-02 2.780584e-02 -6.908583e-02
    endloop
  endfacet
  facet normal 8.450561e-01 -2.059903e-01 4.934047e-01
    outer loop
      vertex   7.063926e-02 3.650243e-02 -6.272883e-02
      vertex   6.971438e-02 2.589777e-02 -6.557211e-02
      vertex   7.223106e-02 2.780584e-02 -6.908583e-02
    endloop
  endfacet
  facet normal 7.702692e-01 -3.030135e-01 5.611312e-01
    outer loop
      vertex   7.063926e-02 3.650243e-02 -6.272883e-02
      vertex   6.854148e-02 3.900588e-02 -5.849732e-02
      vertex   6.717009e-02 3.252212e-02 -6.011606e-02
    endloop
  endfacet
  facet normal 7.414965e-01 -2.333343e-01 6.290772e-01
    outer loop
      vertex   7.063926e-02 3.650243e-02 -6.272883e-02
      vertex   6.717009e-02 3.252212e-02 -6.011606e-02
      vertex   6.971438e-02 2.589777e-02 -6.557211e-02
    endloop
  endfacet
  facet normal 7.610703e-01 -2.124779e-01 6.128826e-01
    outer loop
      vertex   6.971438e-02 2.589777e-02 -6.557211e-02
      vertex   6.717009e-02 3.252212e-02 -6.011606e-02
      vertex   6.787875e-02 2.418981e-02 -6.388477e-02
    endloop
  endfacet
  facet normal 7.138903e-01 -3.080038e-01 6.288833e-01
    outer loop
      vertex   6.854148e-02 3.900588e-02 -5.849732e-02
      vertex   6.652056e-02 4.014917e-02 -5.564329e-02
      vertex   6.717009e-02 3.252212e-02 -6.011606e-02
    endloop
  endfacet
  facet normal 6.312345e-01 -2.744216e-01 7.254211e-01
    outer loop
      vertex   6.717009e-02 3.252212e-02 -6.011606e-02
      vertex   6.430215e-02 3.127965e-02 -5.809051e-02
      vertex   6.787875e-02 2.418981e-02 -6.388477e-02
    endloop
  endfacet
  facet normal 6.367841e-01 -3.489738e-01 6.875487e-01
    outer loop
      vertex   6.717009e-02 3.252212e-02 -6.011606e-02
      vertex   6.652056e-02 4.014917e-02 -5.564329e-02
      vertex   6.430215e-02 3.127965e-02 -5.809051e-02
    endloop
  endfacet
  facet normal 5.752312e-01 -3.481115e-01 7.402212e-01
    outer loop
      vertex   6.652056e-02 4.014917e-02 -5.564329e-02
      vertex   6.267443e-02 3.766773e-02 -5.382140e-02
      vertex   6.430215e-02 3.127965e-02 -5.809051e-02
    endloop
  endfacet
  facet normal 8.917463e-01 -2.220340e-01 3.943214e-01
    outer loop
      vertex   7.051909e-02 4.830592e-02 -5.581076e-02
      vertex   7.063926e-02 3.650243e-02 -6.272883e-02
      vertex   7.322335e-02 4.399165e-02 -6.435564e-02
    endloop
  endfacet
  facet normal 7.811224e-01 -3.097802e-01 5.421108e-01
    outer loop
      vertex   6.874450e-02 4.705085e-02 -5.397097e-02
      vertex   7.063926e-02 3.650243e-02 -6.272883e-02
      vertex   7.051909e-02 4.830592e-02 -5.581076e-02
    endloop
  endfacet
  facet normal 7.466373e-01 -3.404068e-01 5.715382e-01
    outer loop
      vertex   6.854148e-02 3.900588e-02 -5.849732e-02
      vertex   7.063926e-02 3.650243e-02 -6.272883e-02
      vertex   6.874450e-02 4.705085e-02 -5.397097e-02
    endloop
  endfacet
  facet normal 5.887112e-01 -4.270035e-01 6.863578e-01
    outer loop
      vertex   6.267833e-02 4.421702e-02 -4.981694e-02
      vertex   6.652056e-02 4.014917e-02 -5.564329e-02
      vertex   6.638121e-02 4.573814e-02 -5.204670e-02
    endloop
  endfacet
  facet normal 5.952617e-01 -4.194204e-01 6.853832e-01
    outer loop
      vertex   6.267833e-02 4.421702e-02 -4.981694e-02
      vertex   6.267443e-02 3.766773e-02 -5.382140e-02
      vertex   6.652056e-02 4.014917e-02 -5.564329e-02
    endloop
  endfacet
  facet normal 4.179458e-01 -4.844135e-01 7.685473e-01
    outer loop
      vertex   5.927076e-02 4.327508e-02 -4.843615e-02
      vertex   5.821234e-02 3.639196e-02 -5.219898e-02
      vertex   6.267443e-02 3.766773e-02 -5.382140e-02
    endloop
  endfacet
  facet normal 6.806133e-01 -3.722208e-01 6.310445e-01
    outer loop
      vertex   6.652056e-02 4.014917e-02 -5.564329e-02
      vertex   6.854148e-02 3.900588e-02 -5.849732e-02
      vertex   6.874450e-02 4.705085e-02 -5.397097e-02
    endloop
  endfacet
  facet normal 4.774429e-01 -4.585615e-01 7.495129e-01
    outer loop
      vertex   6.100985e-02 4.370549e-02 -4.906708e-02
      vertex   6.267443e-02 3.766773e-02 -5.382140e-02
      vertex   6.267833e-02 4.421702e-02 -4.981694e-02
    endloop
  endfacet
  facet normal 4.019829e-01 -4.954948e-01 7.699965e-01
    outer loop
      vertex   5.927076e-02 4.327508e-02 -4.843615e-02
      vertex   6.267443e-02 3.766773e-02 -5.382140e-02
      vertex   6.100985e-02 4.370549e-02 -4.906708e-02
    endloop
  endfacet
  facet normal 3.230414e-01 -4.917224e-01 8.086120e-01
    outer loop
      vertex   5.687520e-02 4.281364e-02 -4.775972e-02
      vertex   5.821234e-02 3.639196e-02 -5.219898e-02
      vertex   5.927076e-02 4.327508e-02 -4.843615e-02
    endloop
  endfacet
  facet normal 9.896704e-01 -7.304057e-02 1.233595e-01
    outer loop
      vertex   7.463213e-02 4.315297e-02 -7.056957e-02
      vertex   7.487173e-02 5.492894e-02 -6.551935e-02
      vertex   7.459998e-02 5.386956e-02 -6.396641e-02
    endloop
  endfacet
  facet normal 9.986751e-01 -3.606264e-02 3.670812e-02
    outer loop
      vertex   7.463213e-02 4.315297e-02 -7.056957e-02
      vertex   7.500000e-02 5.635427e-02 -6.760870e-02
      vertex   7.487173e-02 5.492894e-02 -6.551935e-02
    endloop
  endfacet
  facet normal 9.740340e-01 -1.166403e-01 1.940435e-01
    outer loop
      vertex   7.463213e-02 4.315297e-02 -7.056957e-02
      vertex   7.459998e-02 5.386956e-02 -6.396641e-02
      vertex   7.402771e-02 5.247979e-02 -6.192919e-02
    endloop
  endfacet
  facet normal 9.579994e-01 -1.590046e-01 2.386518e-01
    outer loop
      vertex   7.463213e-02 4.315297e-02 -7.056957e-02
      vertex   7.402771e-02 5.247979e-02 -6.192919e-02
      vertex   7.322335e-02 4.399165e-02 -6.435564e-02
    endloop
  endfacet
  facet normal 9.685455e-01 -9.049814e-02 2.317965e-01
    outer loop
      vertex   7.431384e-02 3.215999e-02 -7.353153e-02
      vertex   7.463213e-02 4.315297e-02 -7.056957e-02
      vertex   7.322335e-02 4.399165e-02 -6.435564e-02
    endloop
  endfacet
  facet normal 9.994583e-01 -2.245453e-02 -2.406196e-02
    outer loop
      vertex   7.431384e-02 3.215999e-02 -7.353153e-02
      vertex   7.500000e-02 5.635427e-02 -6.760870e-02
      vertex   7.463213e-02 4.315297e-02 -7.056957e-02
    endloop
  endfacet
  facet normal 8.559659e-01 -2.989587e-01 4.218366e-01
    outer loop
      vertex   7.051909e-02 4.830592e-02 -5.581076e-02
      vertex   7.322335e-02 4.399165e-02 -6.435564e-02
      vertex   7.199125e-02 4.967961e-02 -5.782445e-02
    endloop
  endfacet
  facet normal 9.748672e-01 -7.867277e-02 2.084337e-01
    outer loop
      vertex   7.500000e-02 1.273527e-02 -8.407257e-02
      vertex   7.500000e-02 5.635427e-02 -6.760870e-02
      vertex   7.431384e-02 3.215999e-02 -7.353153e-02
    endloop
  endfacet
  facet normal 1.000000e+00 0.000000e+00 0.000000e+00
    outer loop
      vertex   7.500000e-02 -1.427644e-02 -8.385982e-02
      vertex   7.500000e-02 8.178205e-10 -8.500000e-02
      vertex   7.500000e-02 1.273527e-02 -8.407257e-02
    endloop
  endfacet
  facet normal 4.106566e-01 -3.854755e-01 8.262989e-01
    outer loop
      vertex   6.121506e-02 3.147372e-02 -5.598568e-02
      vertex   6.267443e-02 3.766773e-02 -5.382140e-02
      vertex   5.821234e-02 3.639196e-02 -5.219898e-02
    endloop
  endfacet
  facet normal 5.023421e-01 -3.883055e-01 7.725745e-01
    outer loop
      vertex   6.121506e-02 3.147372e-02 -5.598568e-02
      vertex   6.430215e-02 3.127965e-02 -5.809051e-02
      vertex   6.267443e-02 3.766773e-02 -5.382140e-02
    endloop
  endfacet
  facet normal 9.677584e-01 -7.977646e-03 2.517539e-01
    outer loop
      vertex   7.466792e-02 -5.689496e-03 -8.069554e-02
      vertex   7.473586e-02 1.431321e-02 -8.032286e-02
      vertex   7.397650e-02 6.418792e-03 -7.765399e-02
    endloop
  endfacet
  facet normal 2.034739e-01 -5.277285e-01 8.246824e-01
    outer loop
      vertex   5.821234e-02 3.639196e-02 -5.219898e-02
      vertex   5.687520e-02 4.281364e-02 -4.775972e-02
      vertex   5.346914e-02 4.241455e-02 -4.717473e-02
    endloop
  endfacet
  facet normal 6.774091e-01 -2.294566e-01 6.989039e-01
    outer loop
      vertex   6.561385e-02 2.240030e-02 -6.227703e-02
      vertex   6.787875e-02 2.418981e-02 -6.388477e-02
      vertex   6.430215e-02 3.127965e-02 -5.809051e-02
    endloop
  endfacet
  facet normal 7.480019e-01 -1.701439e-01 6.415171e-01
    outer loop
      vertex   6.971656e-02 1.676550e-02 -6.799671e-02
      vertex   6.971438e-02 2.589777e-02 -6.557211e-02
      vertex   6.787875e-02 2.418981e-02 -6.388477e-02
    endloop
  endfacet
  facet normal 1.975367e-01 -5.315570e-01 8.236665e-01
    outer loop
      vertex   5.000000e-02 3.376466e-02 -5.192499e-02
      vertex   5.821234e-02 3.639196e-02 -5.219898e-02
      vertex   5.346914e-02 4.241455e-02 -4.717473e-02
    endloop
  endfacet
  facet normal 5.248028e-01 -2.983570e-01 7.972234e-01
    outer loop
      vertex   6.561385e-02 2.240030e-02 -6.227703e-02
      vertex   6.430215e-02 3.127965e-02 -5.809051e-02
      vertex   6.121506e-02 3.147372e-02 -5.598568e-02
    endloop
  endfacet
  facet normal 1.599897e-01 -4.062709e-01 8.996373e-01
    outer loop
      vertex   5.712466e-02 3.180550e-02 -5.407677e-02
      vertex   5.821234e-02 3.639196e-02 -5.219898e-02
      vertex   5.000000e-02 3.376466e-02 -5.192499e-02
    endloop
  endfacet
  facet normal 5.323262e-01 -2.927011e-01 7.943267e-01
    outer loop
      vertex   6.229311e-02 2.445610e-02 -5.929406e-02
      vertex   6.561385e-02 2.240030e-02 -6.227703e-02
      vertex   6.121506e-02 3.147372e-02 -5.598568e-02
    endloop
  endfacet
  facet normal 6.750808e-01 -2.224692e-01 7.034013e-01
    outer loop
      vertex   6.971656e-02 1.676550e-02 -6.799671e-02
      vertex   6.787875e-02 2.418981e-02 -6.388477e-02
      vertex   6.561385e-02 2.240030e-02 -6.227703e-02
    endloop
  endfacet
  facet normal 9.103700e-01 -3.680898e-02 4.121547e-01
    outer loop
      vertex   7.262525e-02 7.691105e-04 -7.436219e-02
      vertex   7.326008e-02 1.538941e-02 -7.445870e-02
      vertex   7.173222e-02 1.669074e-02 -7.096772e-02
    endloop
  endfacet
  facet normal 9.461073e-01 -3.895910e-02 3.215013e-01
    outer loop
      vertex   7.262525e-02 7.691105e-04 -7.436219e-02
      vertex   7.397650e-02 6.418792e-03 -7.765399e-02
      vertex   7.326008e-02 1.538941e-02 -7.445870e-02
    endloop
  endfacet
  facet normal 3.542557e-01 -4.250461e-01 8.329699e-01
    outer loop
      vertex   5.712466e-02 3.180550e-02 -5.407677e-02
      vertex   6.121506e-02 3.147372e-02 -5.598568e-02
      vertex   5.821234e-02 3.639196e-02 -5.219898e-02
    endloop
  endfacet
  facet normal 8.297628e-01 -7.146932e-02 5.535213e-01
    outer loop
      vertex   7.080735e-02 6.132642e-03 -7.094452e-02
      vertex   7.262525e-02 7.691105e-04 -7.436219e-02
      vertex   7.173222e-02 1.669074e-02 -7.096772e-02
    endloop
  endfacet
  facet normal 9.701090e-01 -5.545543e-03 2.426062e-01
    outer loop
      vertex   7.350863e-02 -8.537320e-03 -7.612500e-02
      vertex   7.466792e-02 -5.689496e-03 -8.069554e-02
      vertex   7.397650e-02 6.418792e-03 -7.765399e-02
    endloop
  endfacet
  facet normal 7.573654e-02 -5.031431e-01 8.608781e-01
    outer loop
      vertex   5.000000e-02 3.376466e-02 -5.192499e-02
      vertex   5.346914e-02 4.241455e-02 -4.717473e-02
      vertex   5.000000e-02 4.226570e-02 -4.695652e-02
    endloop
  endfacet
  facet normal 3.731097e-01 -3.481212e-01 8.600004e-01
    outer loop
      vertex   6.229311e-02 2.445610e-02 -5.929406e-02
      vertex   6.121506e-02 3.147372e-02 -5.598568e-02
      vertex   5.712466e-02 3.180550e-02 -5.407677e-02
    endloop
  endfacet
  facet normal 9.176946e-01 1.188911e-02 3.971086e-01
    outer loop
      vertex   7.350863e-02 -8.537320e-03 -7.612500e-02
      vertex   7.397650e-02 6.418792e-03 -7.765399e-02
      vertex   7.262525e-02 7.691105e-04 -7.436219e-02
    endloop
  endfacet
  facet normal 2.017221e-01 -3.605680e-01 9.106585e-01
    outer loop
      vertex   5.525595e-02 2.589912e-02 -5.600141e-02
      vertex   5.712466e-02 3.180550e-02 -5.407677e-02
      vertex   5.389965e-02 3.002991e-02 -5.406542e-02
    endloop
  endfacet
  facet normal 2.401522e-01 -3.686108e-01 8.980273e-01
    outer loop
      vertex   5.818585e-02 2.436392e-02 -5.741508e-02
      vertex   5.712466e-02 3.180550e-02 -5.407677e-02
      vertex   5.525595e-02 2.589912e-02 -5.600141e-02
    endloop
  endfacet
  facet normal 3.991648e-01 -3.272940e-01 8.564731e-01
    outer loop
      vertex   5.818585e-02 2.436392e-02 -5.741508e-02
      vertex   6.229311e-02 2.445610e-02 -5.929406e-02
      vertex   5.712466e-02 3.180550e-02 -5.407677e-02
    endloop
  endfacet
  facet normal 7.465657e-01 -1.205746e-01 6.542946e-01
    outer loop
      vertex   6.721035e-02 1.358958e-02 -6.572234e-02
      vertex   6.971656e-02 1.676550e-02 -6.799671e-02
      vertex   6.561385e-02 2.240030e-02 -6.227703e-02
    endloop
  endfacet
  facet normal 8.246057e-01 -7.100062e-02 5.612346e-01
    outer loop
      vertex   7.080735e-02 6.132642e-03 -7.094452e-02
      vertex   7.173222e-02 1.669074e-02 -7.096772e-02
      vertex   6.971656e-02 1.676550e-02 -6.799671e-02
    endloop
  endfacet
  facet normal 9.637968e-01 3.241825e-02 2.646597e-01
    outer loop
      vertex   7.456840e-02 -1.613067e-02 -7.905421e-02
      vertex   7.466792e-02 -5.689496e-03 -8.069554e-02
      vertex   7.350863e-02 -8.537320e-03 -7.612500e-02
    endloop
  endfacet
  facet normal 1.871536e-01 -3.340231e-01 9.237977e-01
    outer loop
      vertex   5.389965e-02 3.002991e-02 -5.406542e-02
      vertex   5.712466e-02 3.180550e-02 -5.407677e-02
      vertex   5.000000e-02 3.376466e-02 -5.192499e-02
    endloop
  endfacet
  facet normal 7.263508e-01 -8.472248e-02 6.820826e-01
    outer loop
      vertex   6.813037e-02 7.444812e-03 -6.746531e-02
      vertex   6.971656e-02 1.676550e-02 -6.799671e-02
      vertex   6.721035e-02 1.358958e-02 -6.572234e-02
    endloop
  endfacet
  facet normal 7.712318e-01 -9.536565e-02 6.293702e-01
    outer loop
      vertex   6.813037e-02 7.444812e-03 -6.746531e-02
      vertex   7.080735e-02 6.132642e-03 -7.094452e-02
      vertex   6.971656e-02 1.676550e-02 -6.799671e-02
    endloop
  endfacet
  facet normal 9.767050e-01 1.037773e-01 1.878233e-01
    outer loop
      vertex   7.392529e-02 -5.231094e-02 -6.168166e-02
      vertex   7.473586e-02 -5.439926e-02 -6.474288e-02
      vertex   7.407307e-02 -4.034037e-02 -6.906419e-02
    endloop
  endfacet
  facet normal 9.020778e-02 5.130968e-01 8.535773e-01
    outer loop
      vertex   5.000000e-02 -4.226570e-02 -4.695652e-02
      vertex   5.440908e-02 -4.249113e-02 -4.728697e-02
      vertex   5.000000e-02 -3.523080e-02 -5.118530e-02
    endloop
  endfacet
  facet normal 8.691971e-02 5.117249e-01 8.547412e-01
    outer loop
      vertex   5.494425e-02 -3.395348e-02 -5.245280e-02
      vertex   5.000000e-02 -3.523080e-02 -5.118530e-02
      vertex   5.440908e-02 -4.249113e-02 -4.728697e-02
    endloop
  endfacet
  facet normal 2.255674e-01 4.939473e-01 8.397234e-01
    outer loop
      vertex   5.494425e-02 -3.395348e-02 -5.245280e-02
      vertex   5.440908e-02 -4.249113e-02 -4.728697e-02
      vertex   5.687520e-02 -4.281363e-02 -4.775972e-02
    endloop
  endfacet
  facet normal 1.192095e-01 4.277035e-01 8.960239e-01
    outer loop
      vertex   5.000000e-02 -2.930460e-02 -5.401408e-02
      vertex   5.000000e-02 -3.523080e-02 -5.118530e-02
      vertex   5.494425e-02 -3.395348e-02 -5.245280e-02
    endloop
  endfacet
  facet normal 3.231355e-01 4.969994e-01 8.053416e-01
    outer loop
      vertex   5.494425e-02 -3.395348e-02 -5.245280e-02
      vertex   5.687520e-02 -4.281363e-02 -4.775972e-02
      vertex   5.927076e-02 -4.327508e-02 -4.843615e-02
    endloop
  endfacet
  facet normal 7.910740e-02 2.603984e-01 9.622550e-01
    outer loop
      vertex   5.471632e-02 -1.605571e-02 -5.869654e-02
      vertex   5.000000e-02 -1.788992e-02 -5.781245e-02
      vertex   5.579678e-02 -2.567242e-02 -5.618297e-02
    endloop
  endfacet
  facet normal 1.013569e-01 2.082730e-01 9.728048e-01
    outer loop
      vertex   5.000000e-02 -1.307296e-02 -5.884374e-02
      vertex   5.000000e-02 -1.788992e-02 -5.781245e-02
      vertex   5.471632e-02 -1.605571e-02 -5.869654e-02
    endloop
  endfacet
  facet normal 3.190164e-01 2.730571e-01 9.075617e-01
    outer loop
      vertex   5.471632e-02 -1.605571e-02 -5.869654e-02
      vertex   5.579678e-02 -2.567242e-02 -5.618297e-02
      vertex   5.925887e-02 -2.475654e-02 -5.767548e-02
    endloop
  endfacet
  facet normal 5.382264e-01 2.348949e-01 8.094052e-01
    outer loop
      vertex   6.071188e-02 -1.440373e-02 -6.102309e-02
      vertex   6.507507e-02 -2.816770e-02 -5.993006e-02
      vertex   6.452287e-02 -1.733504e-02 -6.270658e-02
    endloop
  endfacet
  facet normal 6.772552e-01 2.148811e-01 7.036700e-01
    outer loop
      vertex   6.452287e-02 -1.733504e-02 -6.270658e-02
      vertex   6.507507e-02 -2.816770e-02 -5.993006e-02
      vertex   6.686097e-02 -2.504977e-02 -6.260105e-02
    endloop
  endfacet
  facet normal 5.580117e-02 4.857462e-02 9.972596e-01
    outer loop
      vertex   5.000000e-02 8.178205e-10 -5.999200e-02
      vertex   5.000000e-02 -6.558847e-03 -5.967254e-02
      vertex   5.331330e-02 -7.994889e-03 -5.978798e-02
    endloop
  endfacet
  facet normal 1.575962e-01 9.473986e-02 9.829485e-01
    outer loop
      vertex   5.618518e-02 -3.489732e-03 -6.068265e-02
      vertex   5.331330e-02 -7.994889e-03 -5.978798e-02
      vertex   5.701921e-02 -1.274332e-02 -5.992448e-02
    endloop
  endfacet
  facet normal 1.616589e-01 9.206936e-02 9.825424e-01
    outer loop
      vertex   5.000000e-02 8.178205e-10 -5.999200e-02
      vertex   5.331330e-02 -7.994889e-03 -5.978798e-02
      vertex   5.618518e-02 -3.489732e-03 -6.068265e-02
    endloop
  endfacet
  facet normal 3.271984e-01 1.064208e-01 9.389440e-01
    outer loop
      vertex   5.618518e-02 -3.489732e-03 -6.068265e-02
      vertex   5.701921e-02 -1.274332e-02 -5.992448e-02
      vertex   6.071188e-02 -1.440373e-02 -6.102309e-02
    endloop
  endfacet
  facet normal 2.949484e-01 9.266846e-02 9.510089e-01
    outer loop
      vertex   5.919130e-02 -2.876796e-03 -6.167471e-02
      vertex   5.618518e-02 -3.489732e-03 -6.068265e-02
      vertex   6.071188e-02 -1.440373e-02 -6.102309e-02
    endloop
  endfacet
  facet normal 9.471240e-02 -2.906750e-02 9.950802e-01
    outer loop
      vertex   5.000000e-02 4.377547e-03 -5.986413e-02
      vertex   5.000000e-02 8.178205e-10 -5.999200e-02
      vertex   5.618518e-02 -3.489732e-03 -6.068265e-02
    endloop
  endfacet
  facet normal 6.192018e-01 2.033204e-02 7.849686e-01
    outer loop
      vertex   6.474849e-02 -1.382894e-03 -6.479956e-02
      vertex   6.267019e-02 -8.675975e-03 -6.297124e-02
      vertex   6.730284e-02 -7.417020e-03 -6.665819e-02
    endloop
  endfacet
  facet normal 5.445806e-01 5.462253e-02 8.369279e-01
    outer loop
      vertex   6.474849e-02 -1.382894e-03 -6.479956e-02
      vertex   6.005554e-02 3.083211e-03 -6.203739e-02
      vertex   6.267019e-02 -8.675975e-03 -6.297124e-02
    endloop
  endfacet
  facet normal 3.287586e-01 9.794679e-03 9.443632e-01
    outer loop
      vertex   6.005554e-02 3.083211e-03 -6.203739e-02
      vertex   5.641451e-02 3.271571e-03 -6.077180e-02
      vertex   5.919130e-02 -2.876796e-03 -6.167471e-02
    endloop
  endfacet
  facet normal 9.204115e-02 -1.672189e-01 9.816141e-01
    outer loop
      vertex   5.000000e-02 1.522356e-02 -5.843054e-02
      vertex   5.000000e-02 1.036739e-02 -5.925779e-02
      vertex   5.495131e-02 9.420539e-03 -5.988335e-02
    endloop
  endfacet
  facet normal 3.250236e-01 -5.903403e-02 9.438616e-01
    outer loop
      vertex   6.005554e-02 3.083211e-03 -6.203739e-02
      vertex   5.495131e-02 9.420539e-03 -5.988335e-02
      vertex   5.641451e-02 3.271571e-03 -6.077180e-02
    endloop
  endfacet
  facet normal 8.071447e-01 1.117788e-01 5.796748e-01
    outer loop
      vertex   7.075369e-02 -1.445020e-02 -6.988934e-02
      vertex   6.929124e-02 -1.609591e-02 -6.753568e-02
      vertex   7.263311e-02 -2.764140e-02 -6.996261e-02
    endloop
  endfacet
  facet normal 2.546257e-01 -1.210279e-01 9.594363e-01
    outer loop
      vertex   5.746708e-02 1.172518e-02 -6.026029e-02
      vertex   5.495131e-02 9.420539e-03 -5.988335e-02
      vertex   6.005554e-02 3.083211e-03 -6.203739e-02
    endloop
  endfacet
  facet normal 1.411612e-02 -2.314843e-01 9.727362e-01
    outer loop
      vertex   5.000000e-02 1.948400e-02 -5.741667e-02
      vertex   5.000000e-02 1.522356e-02 -5.843054e-02
      vertex   5.495131e-02 9.420539e-03 -5.988335e-02
    endloop
  endfacet
  facet normal 8.014288e-01 1.244677e-01 5.849955e-01
    outer loop
      vertex   6.730284e-02 -7.417020e-03 -6.665819e-02
      vertex   6.929124e-02 -1.609591e-02 -6.753568e-02
      vertex   7.075369e-02 -1.445020e-02 -6.988934e-02
    endloop
  endfacet
  facet normal 4.600183e-01 -6.432267e-02 8.855765e-01
    outer loop
      vertex   6.245756e-02 7.247525e-03 -6.298266e-02
      vertex   6.005554e-02 3.083211e-03 -6.203739e-02
      vertex   6.474849e-02 -1.382894e-03 -6.479956e-02
    endloop
  endfacet
  facet normal 4.420829e-01 -5.172896e-02 8.954814e-01
    outer loop
      vertex   5.746708e-02 1.172518e-02 -6.026029e-02
      vertex   6.005554e-02 3.083211e-03 -6.203739e-02
      vertex   6.245756e-02 7.247525e-03 -6.298266e-02
    endloop
  endfacet
  facet normal 2.482560e-01 -1.136547e-01 9.620039e-01
    outer loop
      vertex   5.000000e-02 1.948400e-02 -5.741667e-02
      vertex   5.495131e-02 9.420539e-03 -5.988335e-02
      vertex   5.746708e-02 1.172518e-02 -6.026029e-02
    endloop
  endfacet
  facet normal 9.040844e-01 7.455816e-02 4.207998e-01
    outer loop
      vertex   7.350863e-02 -8.537320e-03 -7.612500e-02
      vertex   7.102165e-02 -5.911054e-03 -7.124708e-02
      vertex   7.250401e-02 -1.481315e-02 -7.285463e-02
    endloop
  endfacet
  facet normal 6.997218e-01 -5.282494e-02 7.124598e-01
    outer loop
      vertex   6.491014e-02 1.258634e-02 -6.392144e-02
      vertex   6.607951e-02 3.337413e-03 -6.575566e-02
      vertex   6.813037e-02 7.444812e-03 -6.746531e-02
    endloop
  endfacet
  facet normal 5.356481e-01 -9.859805e-02 8.386654e-01
    outer loop
      vertex   6.491014e-02 1.258634e-02 -6.392144e-02
      vertex   6.245756e-02 7.247525e-03 -6.298266e-02
      vertex   6.607951e-02 3.337413e-03 -6.575566e-02
    endloop
  endfacet
  facet normal 5.656022e-01 -1.162665e-01 8.164412e-01
    outer loop
      vertex   6.069019e-02 1.823777e-02 -6.019321e-02
      vertex   6.245756e-02 7.247525e-03 -6.298266e-02
      vertex   6.491014e-02 1.258634e-02 -6.392144e-02
    endloop
  endfacet
  facet normal 3.115795e-01 -2.496220e-01 9.168463e-01
    outer loop
      vertex   5.818585e-02 2.436392e-02 -5.741508e-02
      vertex   5.525595e-02 2.589912e-02 -5.600141e-02
      vertex   5.803891e-02 1.654964e-02 -5.949267e-02
    endloop
  endfacet
  facet normal 1.160196e-01 -3.900235e-01 9.134665e-01
    outer loop
      vertex   5.389965e-02 3.002991e-02 -5.406542e-02
      vertex   5.000000e-02 2.573460e-02 -5.540409e-02
      vertex   5.525595e-02 2.589912e-02 -5.600141e-02
    endloop
  endfacet
  facet normal 9.946835e-01 2.642789e-02 9.953065e-02
    outer loop
      vertex   7.500000e-02 -1.427644e-02 -8.385982e-02
      vertex   7.456840e-02 -1.613067e-02 -7.905421e-02
      vertex   7.500000e-02 -3.635134e-02 -7.799838e-02
    endloop
  endfacet
  facet normal 3.897015e-01 -2.434682e-01 8.881756e-01
    outer loop
      vertex   6.069019e-02 1.823777e-02 -6.019321e-02
      vertex   5.818585e-02 2.436392e-02 -5.741508e-02
      vertex   5.803891e-02 1.654964e-02 -5.949267e-02
    endloop
  endfacet
  facet normal 1.219812e-01 -3.945824e-01 9.107279e-01
    outer loop
      vertex   5.000000e-02 3.376466e-02 -5.192499e-02
      vertex   5.000000e-02 2.573460e-02 -5.540409e-02
      vertex   5.389965e-02 3.002991e-02 -5.406542e-02
    endloop
  endfacet
  facet normal 9.747242e-01 5.224493e-02 2.172168e-01
    outer loop
      vertex   7.456840e-02 -1.613067e-02 -7.905421e-02
      vertex   7.350863e-02 -8.537320e-03 -7.612500e-02
      vertex   7.460419e-02 -2.737237e-02 -7.651096e-02
    endloop
  endfacet
  facet normal 8.905333e-01 -1.638712e-03 4.549152e-01
    outer loop
      vertex   7.262525e-02 7.691105e-04 -7.436219e-02
      vertex   7.102165e-02 -5.911054e-03 -7.124708e-02
      vertex   7.350863e-02 -8.537320e-03 -7.612500e-02
    endloop
  endfacet
  facet normal 7.785659e-01 -1.912003e-03 6.275599e-01
    outer loop
      vertex   7.080735e-02 6.132642e-03 -7.094452e-02
      vertex   6.916298e-02 -4.816715e-04 -6.892462e-02
      vertex   7.102165e-02 -5.911054e-03 -7.124708e-02
    endloop
  endfacet
  facet normal 6.435798e-01 -1.181405e-01 7.562062e-01
    outer loop
      vertex   6.721035e-02 1.358958e-02 -6.572234e-02
      vertex   6.491014e-02 1.258634e-02 -6.392144e-02
      vertex   6.813037e-02 7.444812e-03 -6.746531e-02
    endloop
  endfacet
  facet normal 9.958105e-01 4.863092e-03 9.131116e-02
    outer loop
      vertex   7.466792e-02 -5.689496e-03 -8.069554e-02
      vertex   7.456840e-02 -1.613067e-02 -7.905421e-02
      vertex   7.500000e-02 -1.427644e-02 -8.385982e-02
    endloop
  endfacet
  facet normal 8.855098e-01 4.084752e-03 4.646028e-01
    outer loop
      vertex   7.080735e-02 6.132642e-03 -7.094452e-02
      vertex   7.102165e-02 -5.911054e-03 -7.124708e-02
      vertex   7.262525e-02 7.691105e-04 -7.436219e-02
    endloop
  endfacet
  facet normal 7.907471e-01 -9.671758e-03 6.120666e-01
    outer loop
      vertex   7.080735e-02 6.132642e-03 -7.094452e-02
      vertex   6.813037e-02 7.444812e-03 -6.746531e-02
      vertex   6.916298e-02 -4.816715e-04 -6.892462e-02
    endloop
  endfacet
  facet normal 7.152034e-01 1.778839e-01 6.759004e-01
    outer loop
      vertex   6.960054e-02 -2.772626e-02 -6.479552e-02
      vertex   6.724410e-02 -1.706302e-02 -6.510842e-02
      vertex   6.686097e-02 -2.504977e-02 -6.260105e-02
    endloop
  endfacet
  facet normal 6.524676e-01 -1.705077e-01 7.383855e-01
    outer loop
      vertex   6.561385e-02 2.240030e-02 -6.227703e-02
      vertex   6.491014e-02 1.258634e-02 -6.392144e-02
      vertex   6.721035e-02 1.358958e-02 -6.572234e-02
    endloop
  endfacet
  facet normal 5.071382e-01 -1.776748e-01 8.433520e-01
    outer loop
      vertex   6.561385e-02 2.240030e-02 -6.227703e-02
      vertex   6.069019e-02 1.823777e-02 -6.019321e-02
      vertex   6.491014e-02 1.258634e-02 -6.392144e-02
    endloop
  endfacet
  facet normal 5.528336e-01 -2.571168e-01 7.926323e-01
    outer loop
      vertex   6.229311e-02 2.445610e-02 -5.929406e-02
      vertex   6.069019e-02 1.823777e-02 -6.019321e-02
      vertex   6.561385e-02 2.240030e-02 -6.227703e-02
    endloop
  endfacet
  facet normal 4.088841e-01 -2.329825e-01 8.823452e-01
    outer loop
      vertex   5.818585e-02 2.436392e-02 -5.741508e-02
      vertex   6.069019e-02 1.823777e-02 -6.019321e-02
      vertex   6.229311e-02 2.445610e-02 -5.929406e-02
    endloop
  endfacet
  facet normal 7.015775e-01 -3.731672e-01 6.070711e-01
    outer loop
      vertex   6.652056e-02 4.014917e-02 -5.564329e-02
      vertex   6.874450e-02 4.705085e-02 -5.397097e-02
      vertex   6.638121e-02 4.573814e-02 -5.204670e-02
    endloop
  endfacet
  facet normal 9.037153e-01 -2.235258e-01 3.651506e-01
    outer loop
      vertex   7.322335e-02 4.399165e-02 -6.435564e-02
      vertex   7.320887e-02 5.112979e-02 -5.995024e-02
      vertex   7.199125e-02 4.967961e-02 -5.782445e-02
    endloop
  endfacet
  facet normal 9.461215e-01 -1.686732e-01 2.764116e-01
    outer loop
      vertex   7.402771e-02 5.247979e-02 -6.192919e-02
      vertex   7.320887e-02 5.112979e-02 -5.995024e-02
      vertex   7.322335e-02 4.399165e-02 -6.435564e-02
    endloop
  endfacet
  facet normal 9.970098e-01 3.084917e-02 7.085020e-02
    outer loop
      vertex   7.469585e-02 -5.867450e-02 -6.231840e-02
      vertex   7.500000e-02 -5.635427e-02 -6.760870e-02
      vertex   7.473586e-02 -5.439926e-02 -6.474288e-02
    endloop
  endfacet
  facet normal 9.975876e-01 2.047033e-02 6.633144e-02
    outer loop
      vertex   7.469585e-02 -5.867450e-02 -6.231840e-02
      vertex   7.500000e-02 -6.480740e-02 -6.500000e-02
      vertex   7.500000e-02 -5.635427e-02 -6.760870e-02
    endloop
  endfacet
  facet normal 9.976176e-01 2.070094e-02 6.580742e-02
    outer loop
      vertex   7.479172e-02 -6.480740e-02 -6.184255e-02
      vertex   7.500000e-02 -6.480740e-02 -6.500000e-02
      vertex   7.469585e-02 -5.867450e-02 -6.231840e-02
    endloop
  endfacet
  facet normal 9.829972e-01 2.942939e-02 1.812467e-01
    outer loop
      vertex   7.418640e-02 -6.023395e-02 -5.930216e-02
      vertex   7.479172e-02 -6.480740e-02 -6.184255e-02
      vertex   7.469585e-02 -5.867450e-02 -6.231840e-02
    endloop
  endfacet
  facet normal 9.798119e-01 1.914493e-02 1.990028e-01
    outer loop
      vertex   7.409928e-02 -6.480740e-02 -5.843327e-02
      vertex   7.479172e-02 -6.480740e-02 -6.184255e-02
      vertex   7.418640e-02 -6.023395e-02 -5.930216e-02
    endloop
  endfacet
  facet normal 9.765800e-01 9.914768e-02 1.909484e-01
    outer loop
      vertex   7.392529e-02 -5.231094e-02 -6.168166e-02
      vertex   7.469585e-02 -5.867450e-02 -6.231840e-02
      vertex   7.473586e-02 -5.439926e-02 -6.474288e-02
    endloop
  endfacet
  facet normal 9.720808e-01 9.629877e-02 2.139754e-01
    outer loop
      vertex   7.418640e-02 -6.023395e-02 -5.930216e-02
      vertex   7.469585e-02 -5.867450e-02 -6.231840e-02
      vertex   7.392529e-02 -5.231094e-02 -6.168166e-02
    endloop
  endfacet
  facet normal 9.739452e-01 9.407085e-02 2.063525e-01
    outer loop
      vertex   7.364864e-02 -5.584234e-02 -5.876608e-02
      vertex   7.418640e-02 -6.023395e-02 -5.930216e-02
      vertex   7.392529e-02 -5.231094e-02 -6.168166e-02
    endloop
  endfacet
  facet normal 9.408068e-01 7.484926e-02 3.305754e-01
    outer loop
      vertex   7.268038e-02 -5.999019e-02 -5.507128e-02
      vertex   7.418640e-02 -6.023395e-02 -5.930216e-02
      vertex   7.364864e-02 -5.584234e-02 -5.876608e-02
    endloop
  endfacet
  facet normal 9.419504e-01 4.526417e-02 3.326869e-01
    outer loop
      vertex   7.268038e-02 -5.999019e-02 -5.507128e-02
      vertex   7.409928e-02 -6.480740e-02 -5.843327e-02
      vertex   7.418640e-02 -6.023395e-02 -5.930216e-02
    endloop
  endfacet
  facet normal 9.480388e-01 6.136964e-02 3.121798e-01
    outer loop
      vertex   7.320887e-02 -6.480740e-02 -5.572924e-02
      vertex   7.409928e-02 -6.480740e-02 -5.843327e-02
      vertex   7.268038e-02 -5.999019e-02 -5.507128e-02
    endloop
  endfacet
  facet normal 9.330184e-01 1.827985e-01 3.099376e-01
    outer loop
      vertex   7.256292e-02 -5.031588e-02 -5.875713e-02
      vertex   7.364864e-02 -5.584234e-02 -5.876608e-02
      vertex   7.392529e-02 -5.231094e-02 -6.168166e-02
    endloop
  endfacet
  facet normal 9.230867e-01 1.807995e-01 3.394443e-01
    outer loop
      vertex   7.270953e-02 -5.558186e-02 -5.635099e-02
      vertex   7.364864e-02 -5.584234e-02 -5.876608e-02
      vertex   7.256292e-02 -5.031588e-02 -5.875713e-02
    endloop
  endfacet
  facet normal 9.311680e-01 9.595053e-02 3.517381e-01
    outer loop
      vertex   7.270953e-02 -5.558186e-02 -5.635099e-02
      vertex   7.268038e-02 -5.999019e-02 -5.507128e-02
      vertex   7.364864e-02 -5.584234e-02 -5.876608e-02
    endloop
  endfacet
  facet normal 9.078470e-01 4.262582e-02 4.171293e-01
    outer loop
      vertex   7.215189e-02 -6.480740e-02 -5.342880e-02
      vertex   7.320887e-02 -6.480740e-02 -5.572924e-02
      vertex   7.268038e-02 -5.999019e-02 -5.507128e-02
    endloop
  endfacet
  facet normal 8.994259e-01 2.021141e-01 3.875343e-01
    outer loop
      vertex   7.153739e-02 -5.268084e-02 -5.514356e-02
      vertex   7.270953e-02 -5.558186e-02 -5.635099e-02
      vertex   7.256292e-02 -5.031588e-02 -5.875713e-02
    endloop
  endfacet
  facet normal 8.808584e-01 1.724156e-01 4.408644e-01
    outer loop
      vertex   7.153739e-02 -5.671969e-02 -5.356403e-02
      vertex   7.270953e-02 -5.558186e-02 -5.635099e-02
      vertex   7.153739e-02 -5.268084e-02 -5.514356e-02
    endloop
  endfacet
  facet normal 8.973384e-01 1.175574e-01 4.253987e-01
    outer loop
      vertex   7.153739e-02 -5.671969e-02 -5.356403e-02
      vertex   7.268038e-02 -5.999019e-02 -5.507128e-02
      vertex   7.270953e-02 -5.558186e-02 -5.635099e-02
    endloop
  endfacet
  facet normal 8.730017e-01 2.558641e-01 4.152127e-01
    outer loop
      vertex   7.086760e-02 -4.860392e-02 -5.624760e-02
      vertex   7.153739e-02 -5.268084e-02 -5.514356e-02
      vertex   7.256292e-02 -5.031588e-02 -5.875713e-02
    endloop
  endfacet
  facet normal 8.633907e-01 7.157313e-02 4.994334e-01
    outer loop
      vertex   7.086760e-02 -6.480740e-02 -5.124710e-02
      vertex   7.268038e-02 -5.999019e-02 -5.507128e-02
      vertex   7.153739e-02 -5.671969e-02 -5.356403e-02
    endloop
  endfacet
  facet normal 8.591339e-01 7.818402e-02 5.057432e-01
    outer loop
      vertex   7.086760e-02 -6.480740e-02 -5.124710e-02
      vertex   7.215189e-02 -6.480740e-02 -5.342880e-02
      vertex   7.268038e-02 -5.999019e-02 -5.507128e-02
    endloop
  endfacet
  facet normal 7.895712e-01 2.778827e-01 5.471367e-01
    outer loop
      vertex   7.004418e-02 -5.514810e-02 -5.173565e-02
      vertex   7.153739e-02 -5.268084e-02 -5.514356e-02
      vertex   7.086760e-02 -4.860392e-02 -5.624760e-02
    endloop
  endfacet
  facet normal 8.360312e-01 1.998423e-01 5.109940e-01
    outer loop
      vertex   7.004418e-02 -5.514810e-02 -5.173565e-02
      vertex   7.153739e-02 -5.671969e-02 -5.356403e-02
      vertex   7.153739e-02 -5.268084e-02 -5.514356e-02
    endloop
  endfacet
  facet normal 8.105020e-01 9.829696e-02 5.774289e-01
    outer loop
      vertex   7.004418e-02 -5.514810e-02 -5.173565e-02
      vertex   7.086760e-02 -6.480740e-02 -5.124710e-02
      vertex   7.153739e-02 -5.671969e-02 -5.356403e-02
    endloop
  endfacet
  facet normal 8.602022e-01 9.863379e-02 5.003234e-01
    outer loop
      vertex   6.936917e-02 -5.992775e-02 -4.963285e-02
      vertex   7.086760e-02 -6.480740e-02 -5.124710e-02
      vertex   7.004418e-02 -5.514810e-02 -5.173565e-02
    endloop
  endfacet
  facet normal 7.915081e-01 4.133676e-02 6.097592e-01
    outer loop
      vertex   6.874450e-02 -6.480740e-02 -4.849117e-02
      vertex   7.086760e-02 -6.480740e-02 -5.124710e-02
      vertex   6.936917e-02 -5.992775e-02 -4.963285e-02
    endloop
  endfacet
  facet normal 7.968868e-01 2.732393e-01 5.388058e-01
    outer loop
      vertex   6.821433e-02 -5.206598e-02 -5.056778e-02
      vertex   7.086760e-02 -4.860392e-02 -5.624760e-02
      vertex   6.915689e-02 -4.732155e-02 -5.436781e-02
    endloop
  endfacet
  facet normal 7.985566e-01 2.703189e-01 5.378058e-01
    outer loop
      vertex   6.821433e-02 -5.206598e-02 -5.056778e-02
      vertex   7.004418e-02 -5.514810e-02 -5.173565e-02
      vertex   7.086760e-02 -4.860392e-02 -5.624760e-02
    endloop
  endfacet
  facet normal 7.755966e-01 1.591971e-01 6.108242e-01
    outer loop
      vertex   6.799623e-02 -5.604793e-02 -4.890074e-02
      vertex   6.936917e-02 -5.992775e-02 -4.963285e-02
      vertex   7.004418e-02 -5.514810e-02 -5.173565e-02
    endloop
  endfacet
  facet normal 7.535818e-01 3.131935e-01 5.779484e-01
    outer loop
      vertex   6.721312e-02 -4.911803e-02 -5.085982e-02
      vertex   6.821433e-02 -5.206598e-02 -5.056778e-02
      vertex   6.915689e-02 -4.732155e-02 -5.436781e-02
    endloop
  endfacet
  facet normal 7.575225e-01 2.163610e-01 6.159120e-01
    outer loop
      vertex   6.799623e-02 -5.604793e-02 -4.890074e-02
      vertex   7.004418e-02 -5.514810e-02 -5.173565e-02
      vertex   6.821433e-02 -5.206598e-02 -5.056778e-02
    endloop
  endfacet
  facet normal 7.415607e-01 1.385485e-01 6.564237e-01
    outer loop
      vertex   6.767200e-02 -5.978553e-02 -4.774556e-02
      vertex   6.936917e-02 -5.992775e-02 -4.963285e-02
      vertex   6.799623e-02 -5.604793e-02 -4.890074e-02
    endloop
  endfacet
  facet normal 7.444657e-01 6.026822e-02 6.649350e-01
    outer loop
      vertex   6.874450e-02 -6.480740e-02 -4.849117e-02
      vertex   6.936917e-02 -5.992775e-02 -4.963285e-02
      vertex   6.767200e-02 -5.978553e-02 -4.774556e-02
    endloop
  endfacet
  facet normal 7.228791e-01 3.643265e-01 5.871218e-01
    outer loop
      vertex   6.675424e-02 -4.590371e-02 -5.228942e-02
      vertex   6.721312e-02 -4.911803e-02 -5.085982e-02
      vertex   6.915689e-02 -4.732155e-02 -5.436781e-02
    endloop
  endfacet
  facet normal 7.141657e-01 4.884785e-02 6.982701e-01
    outer loop
      vertex   6.675424e-02 -6.480740e-02 -4.645561e-02
      vertex   6.874450e-02 -6.480740e-02 -4.849117e-02
      vertex   6.767200e-02 -5.978553e-02 -4.774556e-02
    endloop
  endfacet
  facet normal 6.792047e-01 2.971610e-01 6.711009e-01
    outer loop
      vertex   6.579348e-02 -5.225721e-02 -4.803302e-02
      vertex   6.821433e-02 -5.206598e-02 -5.056778e-02
      vertex   6.721312e-02 -4.911803e-02 -5.085982e-02
    endloop
  endfacet
  facet normal 6.915199e-01 2.464019e-01 6.790334e-01
    outer loop
      vertex   6.579348e-02 -5.225721e-02 -4.803302e-02
      vertex   6.799623e-02 -5.604793e-02 -4.890074e-02
      vertex   6.821433e-02 -5.206598e-02 -5.056778e-02
    endloop
  endfacet
  facet normal 6.678230e-01 2.257099e-01 7.092725e-01
    outer loop
      vertex   6.579348e-02 -5.666430e-02 -4.663056e-02
      vertex   6.799623e-02 -5.604793e-02 -4.890074e-02
      vertex   6.579348e-02 -5.225721e-02 -4.803302e-02
    endloop
  endfacet
  facet normal 6.864472e-01 1.597104e-01 7.094243e-01
    outer loop
      vertex   6.579348e-02 -5.666430e-02 -4.663056e-02
      vertex   6.767200e-02 -5.978553e-02 -4.774556e-02
      vertex   6.799623e-02 -5.604793e-02 -4.890074e-02
    endloop
  endfacet
  facet normal 6.439647e-01 1.175124e-01 7.559764e-01
    outer loop
      vertex   6.477319e-02 -6.062910e-02 -4.514514e-02
      vertex   6.767200e-02 -5.978553e-02 -4.774556e-02
      vertex   6.579348e-02 -5.666430e-02 -4.663056e-02
    endloop
  endfacet
  facet normal 6.539304e-01 7.389800e-02 7.529370e-01
    outer loop
      vertex   6.675424e-02 -6.480740e-02 -4.645561e-02
      vertex   6.767200e-02 -5.978553e-02 -4.774556e-02
      vertex   6.477319e-02 -6.062910e-02 -4.514514e-02
    endloop
  endfacet
  facet normal 6.220680e-01 3.906072e-01 6.785701e-01
    outer loop
      vertex   6.452778e-02 -4.490393e-02 -5.082385e-02
      vertex   6.721312e-02 -4.911803e-02 -5.085982e-02
      vertex   6.675424e-02 -4.590371e-02 -5.228942e-02
    endloop
  endfacet
  facet normal 6.283907e-01 3.947066e-01 6.703221e-01
    outer loop
      vertex   6.427254e-02 -4.813751e-02 -4.868054e-02
      vertex   6.721312e-02 -4.911803e-02 -5.085982e-02
      vertex   6.452778e-02 -4.490393e-02 -5.082385e-02
    endloop
  endfacet
  facet normal 6.304509e-01 3.422601e-01 6.966992e-01
    outer loop
      vertex   6.427254e-02 -4.813751e-02 -4.868054e-02
      vertex   6.579348e-02 -5.225721e-02 -4.803302e-02
      vertex   6.721312e-02 -4.911803e-02 -5.085982e-02
    endloop
  endfacet
  facet normal 5.838456e-01 3.319981e-01 7.408789e-01
    outer loop
      vertex   6.307917e-02 -5.062920e-02 -4.662355e-02
      vertex   6.579348e-02 -5.225721e-02 -4.803302e-02
      vertex   6.427254e-02 -4.813751e-02 -4.868054e-02
    endloop
  endfacet
  facet normal 5.671536e-01 2.727873e-01 7.771254e-01
    outer loop
      vertex   6.266205e-02 -5.404342e-02 -4.512068e-02
      vertex   6.579348e-02 -5.225721e-02 -4.803302e-02
      vertex   6.307917e-02 -5.062920e-02 -4.662355e-02
    endloop
  endfacet
  facet normal 5.806907e-01 2.468775e-01 7.757898e-01
    outer loop
      vertex   6.266205e-02 -5.404342e-02 -4.512068e-02
      vertex   6.579348e-02 -5.666430e-02 -4.663056e-02
      vertex   6.579348e-02 -5.225721e-02 -4.803302e-02
    endloop
  endfacet
  facet normal 5.634439e-01 2.134097e-01 7.981148e-01
    outer loop
      vertex   6.321137e-02 -5.772464e-02 -4.452415e-02
      vertex   6.579348e-02 -5.666430e-02 -4.663056e-02
      vertex   6.266205e-02 -5.404342e-02 -4.512068e-02
    endloop
  endfacet
  facet normal 5.884993e-01 1.464520e-01 7.951229e-01
    outer loop
      vertex   6.321137e-02 -5.772464e-02 -4.452415e-02
      vertex   6.477319e-02 -6.062910e-02 -4.514514e-02
      vertex   6.579348e-02 -5.666430e-02 -4.663056e-02
    endloop
  endfacet
  facet normal 6.049928e-01 3.739222e-02 7.953525e-01
    outer loop
      vertex   6.477319e-02 -6.062910e-02 -4.514514e-02
      vertex   6.373525e-02 -6.480740e-02 -4.415919e-02
      vertex   6.675424e-02 -6.480740e-02 -4.645561e-02
    endloop
  endfacet
  facet normal 4.738319e-01 4.144844e-01 7.769723e-01
    outer loop
      vertex   6.157120e-02 -4.387073e-02 -4.930931e-02
      vertex   6.307917e-02 -5.062920e-02 -4.662355e-02
      vertex   6.427254e-02 -4.813751e-02 -4.868054e-02
    endloop
  endfacet
  facet normal 5.186787e-01 9.729950e-02 8.494146e-01
    outer loop
      vertex   6.085892e-02 -6.051325e-02 -4.276824e-02
      vertex   6.477319e-02 -6.062910e-02 -4.514514e-02
      vertex   6.321137e-02 -5.772464e-02 -4.452415e-02
    endloop
  endfacet
  facet normal 5.192486e-01 7.196208e-02 8.515881e-01
    outer loop
      vertex   6.085892e-02 -6.051325e-02 -4.276824e-02
      vertex   6.373525e-02 -6.480740e-02 -4.415919e-02
      vertex   6.477319e-02 -6.062910e-02 -4.514514e-02
    endloop
  endfacet
  facet normal 4.619738e-01 4.146324e-01 7.840027e-01
    outer loop
      vertex   6.043437e-02 -5.050882e-02 -4.512877e-02
      vertex   6.307917e-02 -5.062920e-02 -4.662355e-02
      vertex   6.157120e-02 -4.387073e-02 -4.930931e-02
    endloop
  endfacet
  facet normal 4.792058e-01 3.039054e-01 8.234096e-01
    outer loop
      vertex   6.043437e-02 -5.050882e-02 -4.512877e-02
      vertex   6.266205e-02 -5.404342e-02 -4.512068e-02
      vertex   6.307917e-02 -5.062920e-02 -4.662355e-02
    endloop
  endfacet
  facet normal 4.883217e-01 2.101198e-01 8.469897e-01
    outer loop
      vertex   6.043437e-02 -5.659768e-02 -4.320268e-02
      vertex   6.321137e-02 -5.772464e-02 -4.452415e-02
      vertex   6.266205e-02 -5.404342e-02 -4.512068e-02
    endloop
  endfacet
  facet normal 4.732073e-01 1.476681e-01 8.684866e-01
    outer loop
      vertex   6.085892e-02 -6.051325e-02 -4.276824e-02
      vertex   6.321137e-02 -5.772464e-02 -4.452415e-02
      vertex   6.043437e-02 -5.659768e-02 -4.320268e-02
    endloop
  endfacet
  facet normal 4.628740e-01 2.301378e-02 8.861253e-01
    outer loop
      vertex   5.925887e-02 -6.480740e-02 -4.182091e-02
      vertex   6.373525e-02 -6.480740e-02 -4.415919e-02
      vertex   6.085892e-02 -6.051325e-02 -4.276824e-02
    endloop
  endfacet
  facet normal 4.167166e-01 4.602311e-01 7.839226e-01
    outer loop
      vertex   5.852724e-02 -4.572982e-02 -4.659976e-02
      vertex   6.157120e-02 -4.387073e-02 -4.930931e-02
      vertex   5.927076e-02 -4.327508e-02 -4.843615e-02
    endloop
  endfacet
  facet normal 4.459136e-01 4.210659e-01 7.898510e-01
    outer loop
      vertex   5.852724e-02 -4.572982e-02 -4.659976e-02
      vertex   6.043437e-02 -5.050882e-02 -4.512877e-02
      vertex   6.157120e-02 -4.387073e-02 -4.930931e-02
    endloop
  endfacet
  facet normal 4.217571e-01 2.677965e-01 8.662598e-01
    outer loop
      vertex   5.837502e-02 -5.354985e-02 -4.318603e-02
      vertex   6.266205e-02 -5.404342e-02 -4.512068e-02
      vertex   6.043437e-02 -5.050882e-02 -4.512877e-02
    endloop
  endfacet
  facet normal 4.214766e-01 2.800701e-01 8.625069e-01
    outer loop
      vertex   5.837502e-02 -5.354985e-02 -4.318603e-02
      vertex   6.043437e-02 -5.659768e-02 -4.320268e-02
      vertex   6.266205e-02 -5.404342e-02 -4.512068e-02
    endloop
  endfacet
  facet normal 3.679695e-01 4.045426e-01 8.372238e-01
    outer loop
      vertex   5.777891e-02 -4.976604e-02 -4.432058e-02
      vertex   6.043437e-02 -5.050882e-02 -4.512877e-02
      vertex   5.852724e-02 -4.572982e-02 -4.659976e-02
    endloop
  endfacet
  facet normal 3.565621e-01 3.194266e-01 8.779693e-01
    outer loop
      vertex   5.837502e-02 -5.354985e-02 -4.318603e-02
      vertex   6.043437e-02 -5.050882e-02 -4.512877e-02
      vertex   5.777891e-02 -4.976604e-02 -4.432058e-02
    endloop
  endfacet
  facet normal 3.152335e-01 2.079373e-01 9.259535e-01
    outer loop
      vertex   5.808336e-02 -5.943150e-02 -4.176591e-02
      vertex   6.043437e-02 -5.659768e-02 -4.320268e-02
      vertex   5.837502e-02 -5.354985e-02 -4.318603e-02
    endloop
  endfacet
  facet normal 3.849687e-01 1.429065e-01 9.117987e-01
    outer loop
      vertex   5.808336e-02 -5.943150e-02 -4.176591e-02
      vertex   6.085892e-02 -6.051325e-02 -4.276824e-02
      vertex   6.043437e-02 -5.659768e-02 -4.320268e-02
    endloop
  endfacet
  facet normal 3.627876e-01 6.982128e-02 9.292525e-01
    outer loop
      vertex   5.808336e-02 -5.943150e-02 -4.176591e-02
      vertex   5.925887e-02 -6.480740e-02 -4.182091e-02
      vertex   6.085892e-02 -6.051325e-02 -4.276824e-02
    endloop
  endfacet
  facet normal 3.139098e-01 4.220555e-01 8.504880e-01
    outer loop
      vertex   5.595383e-02 -4.741830e-02 -4.481202e-02
      vertex   5.777891e-02 -4.976604e-02 -4.432058e-02
      vertex   5.852724e-02 -4.572982e-02 -4.659976e-02
    endloop
  endfacet
  facet normal 2.641515e-01 4.819512e-01 8.354323e-01
    outer loop
      vertex   5.687520e-02 -4.281363e-02 -4.775972e-02
      vertex   5.595383e-02 -4.741830e-02 -4.481202e-02
      vertex   5.852724e-02 -4.572982e-02 -4.659976e-02
    endloop
  endfacet
  facet normal 3.087327e-01 2.087442e-01 9.279601e-01
    outer loop
      vertex   5.564939e-02 -5.778594e-02 -4.132630e-02
      vertex   5.808336e-02 -5.943150e-02 -4.176591e-02
      vertex   5.837502e-02 -5.354985e-02 -4.318603e-02
    endloop
  endfacet
  facet normal 2.354843e-01 8.977939e-02 9.677225e-01
    outer loop
      vertex   5.533770e-02 -6.480740e-02 -4.059905e-02
      vertex   5.808336e-02 -5.943150e-02 -4.176591e-02
      vertex   5.564939e-02 -5.778594e-02 -4.132630e-02
    endloop
  endfacet
  facet normal 2.970454e-01 5.520021e-02 9.532665e-01
    outer loop
      vertex   5.533770e-02 -6.480740e-02 -4.059905e-02
      vertex   5.925887e-02 -6.480740e-02 -4.182091e-02
      vertex   5.808336e-02 -5.943150e-02 -4.176591e-02
    endloop
  endfacet
  facet normal 2.330399e-01 3.694593e-01 8.995511e-01
    outer loop
      vertex   5.378326e-02 -4.957000e-02 -4.336597e-02
      vertex   5.777891e-02 -4.976604e-02 -4.432058e-02
      vertex   5.595383e-02 -4.741830e-02 -4.481202e-02
    endloop
  endfacet
  facet normal 2.351971e-01 3.129639e-01 9.201825e-01
    outer loop
      vertex   5.378326e-02 -4.957000e-02 -4.336597e-02
      vertex   5.837502e-02 -5.354985e-02 -4.318603e-02
      vertex   5.777891e-02 -4.976604e-02 -4.432058e-02
    endloop
  endfacet
  facet normal 2.364564e-01 3.143804e-01 9.193766e-01
    outer loop
      vertex   5.346914e-02 -5.385689e-02 -4.181928e-02
      vertex   5.837502e-02 -5.354985e-02 -4.318603e-02
      vertex   5.378326e-02 -4.957000e-02 -4.336597e-02
    endloop
  endfacet
  facet normal 2.448763e-01 2.533081e-01 9.358796e-01
    outer loop
      vertex   5.346914e-02 -5.385689e-02 -4.181928e-02
      vertex   5.564939e-02 -5.778594e-02 -4.132630e-02
      vertex   5.837502e-02 -5.354985e-02 -4.318603e-02
    endloop
  endfacet
  facet normal 2.150039e-01 4.956593e-01 8.414839e-01
    outer loop
      vertex   5.315745e-02 -4.560276e-02 -4.516693e-02
      vertex   5.595383e-02 -4.741830e-02 -4.481202e-02
      vertex   5.687520e-02 -4.281363e-02 -4.775972e-02
    endloop
  endfacet
  facet normal 1.659856e-01 4.292166e-01 8.878186e-01
    outer loop
      vertex   5.378326e-02 -4.957000e-02 -4.336597e-02
      vertex   5.595383e-02 -4.741830e-02 -4.481202e-02
      vertex   5.315745e-02 -4.560276e-02 -4.516693e-02
    endloop
  endfacet
  facet normal 1.179925e-01 1.878196e-01 9.750905e-01
    outer loop
      vertex   5.000000e-02 -5.609902e-02 -4.096762e-02
      vertex   5.564939e-02 -5.778594e-02 -4.132630e-02
      vertex   5.346914e-02 -5.385689e-02 -4.181928e-02
    endloop
  endfacet
  facet normal 1.228531e-01 2.049610e-01 9.710294e-01
    outer loop
      vertex   5.347157e-02 -6.025896e-02 -4.052877e-02
      vertex   5.564939e-02 -5.778594e-02 -4.132630e-02
      vertex   5.000000e-02 -5.609902e-02 -4.096762e-02
    endloop
  endfacet
  facet normal 2.522559e-01 8.860739e-02 9.635952e-01
    outer loop
      vertex   5.347157e-02 -6.025896e-02 -4.052877e-02
      vertex   5.533770e-02 -6.480740e-02 -4.059905e-02
      vertex   5.564939e-02 -5.778594e-02 -4.132630e-02
    endloop
  endfacet
  facet normal 9.423303e-02 3.317547e-01 9.386474e-01
    outer loop
      vertex   5.000000e-02 -5.188038e-02 -4.216958e-02
      vertex   5.346914e-02 -5.385689e-02 -4.181928e-02
      vertex   5.378326e-02 -4.957000e-02 -4.336597e-02
    endloop
  endfacet
  facet normal 1.114778e-01 3.039043e-02 9.933021e-01
    outer loop
      vertex   5.000000e-02 -6.480740e-02 -4.000000e-02
      vertex   5.533770e-02 -6.480740e-02 -4.059905e-02
      vertex   5.347157e-02 -6.025896e-02 -4.052877e-02
    endloop
  endfacet
  facet normal 3.530441e-02 4.980499e-01 8.664294e-01
    outer loop
      vertex   5.000000e-02 -4.710373e-02 -4.417548e-02
      vertex   5.315745e-02 -4.560276e-02 -4.516693e-02
      vertex   5.000000e-02 -4.226570e-02 -4.695652e-02
    endloop
  endfacet
  facet normal 8.244899e-02 4.227074e-01 9.025079e-01
    outer loop
      vertex   5.000000e-02 -4.710373e-02 -4.417548e-02
      vertex   5.378326e-02 -4.957000e-02 -4.336597e-02
      vertex   5.315745e-02 -4.560276e-02 -4.516693e-02
    endloop
  endfacet
  facet normal 5.503644e-02 3.865967e-01 9.206052e-01
    outer loop
      vertex   5.000000e-02 -4.710373e-02 -4.417548e-02
      vertex   5.000000e-02 -5.188038e-02 -4.216958e-02
      vertex   5.378326e-02 -4.957000e-02 -4.336597e-02
    endloop
  endfacet
  facet normal 5.890208e-02 2.735366e-01 9.600564e-01
    outer loop
      vertex   5.000000e-02 -5.609902e-02 -4.096762e-02
      vertex   5.346914e-02 -5.385689e-02 -4.181928e-02
      vertex   5.000000e-02 -5.188038e-02 -4.216958e-02
    endloop
  endfacet
  facet normal 6.771372e-02 1.603909e-01 9.847282e-01
    outer loop
      vertex   5.000000e-02 -6.042850e-02 -4.026244e-02
      vertex   5.347157e-02 -6.025896e-02 -4.052877e-02
      vertex   5.000000e-02 -5.609902e-02 -4.096762e-02
    endloop
  endfacet
  facet normal 7.346031e-02 5.966390e-02 9.955118e-01
    outer loop
      vertex   5.000000e-02 -6.042850e-02 -4.026244e-02
      vertex   5.000000e-02 -6.480740e-02 -4.000000e-02
      vertex   5.347157e-02 -6.025896e-02 -4.052877e-02
    endloop
  endfacet
  facet normal 9.031321e-02 5.356934e-01 8.395690e-01
    outer loop
      vertex   5.315745e-02 -4.560276e-02 -4.516693e-02
      vertex   5.440908e-02 -4.249113e-02 -4.728697e-02
      vertex   5.000000e-02 -4.226570e-02 -4.695652e-02
    endloop
  endfacet
  facet normal 2.254030e-01 4.850231e-01 8.449533e-01
    outer loop
      vertex   5.687520e-02 -4.281363e-02 -4.775972e-02
      vertex   5.440908e-02 -4.249113e-02 -4.728697e-02
      vertex   5.315745e-02 -4.560276e-02 -4.516693e-02
    endloop
  endfacet
  facet normal 3.232147e-01 5.021546e-01 8.021054e-01
    outer loop
      vertex   5.852724e-02 -4.572982e-02 -4.659976e-02
      vertex   5.927076e-02 -4.327508e-02 -4.843615e-02
      vertex   5.687520e-02 -4.281363e-02 -4.775972e-02
    endloop
  endfacet
  facet normal 5.264484e-01 4.404642e-01 7.272162e-01
    outer loop
      vertex   6.427254e-02 -4.813751e-02 -4.868054e-02
      vertex   6.452778e-02 -4.490393e-02 -5.082385e-02
      vertex   6.157120e-02 -4.387073e-02 -4.930931e-02
    endloop
  endfacet
  facet normal 9.978314e-01 8.708712e-05 6.582153e-02
    outer loop
      vertex   7.479172e-02 -6.480740e-02 -6.184255e-02
      vertex   7.481576e-02 -1.016602e-01 -6.215829e-02
      vertex   7.500000e-02 -6.480740e-02 -6.500000e-02
    endloop
  endfacet
  facet normal 9.799208e-01 -1.068938e-03 1.993844e-01
    outer loop
      vertex   7.479172e-02 -6.480740e-02 -6.184255e-02
      vertex   7.399687e-02 -1.016602e-01 -5.813363e-02
      vertex   7.481576e-02 -1.016602e-01 -6.215829e-02
    endloop
  endfacet
  facet normal 9.799909e-01 -1.105189e-03 1.990392e-01
    outer loop
      vertex   7.409928e-02 -6.480740e-02 -5.843327e-02
      vertex   7.399687e-02 -1.016602e-01 -5.813363e-02
      vertex   7.479172e-02 -6.480740e-02 -6.184255e-02
    endloop
  endfacet
  facet normal 9.498291e-01 -9.665821e-05 3.127693e-01
    outer loop
      vertex   7.320887e-02 -6.480740e-02 -5.572924e-02
      vertex   7.399687e-02 -1.016602e-01 -5.813363e-02
      vertex   7.409928e-02 -6.480740e-02 -5.843327e-02
    endloop
  endfacet
  facet normal 9.370684e-01 -2.742117e-03 3.491350e-01
    outer loop
      vertex   7.320887e-02 -6.480740e-02 -5.572924e-02
      vertex   7.256292e-02 -1.016602e-01 -5.428495e-02
      vertex   7.399687e-02 -1.016602e-01 -5.813363e-02
    endloop
  endfacet
  facet normal 9.086728e-01 4.352164e-04 4.175087e-01
    outer loop
      vertex   7.215189e-02 -6.480740e-02 -5.342880e-02
      vertex   7.256292e-02 -1.016602e-01 -5.428495e-02
      vertex   7.320887e-02 -6.480740e-02 -5.572924e-02
    endloop
  endfacet
  facet normal 8.681306e-01 -1.848168e-03 4.963325e-01
    outer loop
      vertex   7.215189e-02 -6.480740e-02 -5.342880e-02
      vertex   7.068017e-02 -1.016602e-01 -5.099186e-02
      vertex   7.256292e-02 -1.016602e-01 -5.428495e-02
    endloop
  endfacet
  facet normal 8.617715e-01 -8.692557e-04 5.072958e-01
    outer loop
      vertex   7.086760e-02 -6.480740e-02 -5.124710e-02
      vertex   7.068017e-02 -1.016602e-01 -5.099186e-02
      vertex   7.215189e-02 -6.480740e-02 -5.342880e-02
    endloop
  endfacet
  facet normal 7.921852e-01 1.978968e-04 6.102808e-01
    outer loop
      vertex   6.874450e-02 -6.480740e-02 -4.849117e-02
      vertex   7.068017e-02 -1.016602e-01 -5.099186e-02
      vertex   7.086760e-02 -6.480740e-02 -5.124710e-02
    endloop
  endfacet
  facet normal 7.893622e-01 -1.978433e-04 6.139277e-01
    outer loop
      vertex   6.874450e-02 -6.480740e-02 -4.849117e-02
      vertex   6.854439e-02 -1.016602e-01 -4.824576e-02
      vertex   7.068017e-02 -1.016602e-01 -5.099186e-02
    endloop
  endfacet
  facet normal 6.991044e-01 9.654572e-04 7.150190e-01
    outer loop
      vertex   6.874450e-02 -6.480740e-02 -4.849117e-02
      vertex   6.650883e-02 -1.016602e-01 -4.625550e-02
      vertex   6.854439e-02 -1.016602e-01 -4.824576e-02
    endloop
  endfacet
  facet normal 7.150190e-01 -9.654572e-04 6.991044e-01
    outer loop
      vertex   6.675424e-02 -6.480740e-02 -4.645561e-02
      vertex   6.650883e-02 -1.016602e-01 -4.625550e-02
      vertex   6.874450e-02 -6.480740e-02 -4.849117e-02
    endloop
  endfacet
  facet normal 6.054161e-01 2.900740e-04 7.959090e-01
    outer loop
      vertex   6.373525e-02 -6.480740e-02 -4.415919e-02
      vertex   6.650883e-02 -1.016602e-01 -4.625550e-02
      vertex   6.675424e-02 -6.480740e-02 -4.645561e-02
    endloop
  endfacet
  facet normal 6.020447e-01 -1.089053e-04 7.984624e-01
    outer loop
      vertex   6.373525e-02 -6.480740e-02 -4.415919e-02
      vertex   6.348001e-02 -1.016602e-01 -4.397176e-02
      vertex   6.650883e-02 -1.016602e-01 -4.625550e-02
    endloop
  endfacet
  facet normal 4.741923e-01 1.193396e-03 8.804205e-01
    outer loop
      vertex   6.373525e-02 -6.480740e-02 -4.415919e-02
      vertex   6.014031e-02 -1.016602e-01 -4.217301e-02
      vertex   6.348001e-02 -1.016602e-01 -4.397176e-02
    endloop
  endfacet
  facet normal 4.629950e-01 2.605629e-03 8.863570e-01
    outer loop
      vertex   5.925887e-02 -6.480740e-02 -4.182091e-02
      vertex   6.014031e-02 -1.016602e-01 -4.217301e-02
      vertex   6.373525e-02 -6.480740e-02 -4.415919e-02
    endloop
  endfacet
  facet normal 3.451418e-01 -7.118328e-04 9.385503e-01
    outer loop
      vertex   5.925887e-02 -6.480740e-02 -4.182091e-02
      vertex   5.687520e-02 -1.016602e-01 -4.097230e-02
      vertex   6.014031e-02 -1.016602e-01 -4.217301e-02
    endloop
  endfacet
  facet normal 2.974979e-01 2.742126e-03 9.547185e-01
    outer loop
      vertex   5.533770e-02 -6.480740e-02 -4.059905e-02
      vertex   5.687520e-02 -1.016602e-01 -4.097230e-02
      vertex   5.925887e-02 -6.480740e-02 -4.182091e-02
    endloop
  endfacet
  facet normal 1.930314e-01 -1.884330e-03 9.811908e-01
    outer loop
      vertex   5.533770e-02 -6.480740e-02 -4.059905e-02
      vertex   5.315340e-02 -1.016602e-01 -4.024010e-02
      vertex   5.687520e-02 -1.016602e-01 -4.097230e-02
    endloop
  endfacet
  facet normal 1.115288e-01 3.068787e-03 9.937565e-01
    outer loop
      vertex   5.000000e-02 -6.480740e-02 -4.000000e-02
      vertex   5.315340e-02 -1.016602e-01 -4.024010e-02
      vertex   5.533770e-02 -6.480740e-02 -4.059905e-02
    endloop
  endfacet
  facet normal 7.592048e-02 -7.147410e-18 9.971139e-01
    outer loop
      vertex   5.000000e-02 -1.385130e-01 -4.000000e-02
      vertex   5.315340e-02 -1.016602e-01 -4.024010e-02
      vertex   5.000000e-02 -6.480740e-02 -4.000000e-02
    endloop
  endfacet
  facet normal 6.582155e-02 8.688118e-04 9.978310e-01
    outer loop
      vertex   5.315745e-02 -1.385130e-01 -4.020828e-02
      vertex   5.315340e-02 -1.016602e-01 -4.024010e-02
      vertex   5.000000e-02 -1.385130e-01 -4.000000e-02
    endloop
  endfacet
  facet normal 1.764200e-01 8.692976e-04 9.843146e-01
    outer loop
      vertex   5.564939e-02 -1.385130e-01 -4.065491e-02
      vertex   5.315340e-02 -1.016602e-01 -4.024010e-02
      vertex   5.315745e-02 -1.385130e-01 -4.020828e-02
    endloop
  endfacet
  facet normal 1.930314e-01 2.029525e-03 9.811905e-01
    outer loop
      vertex   5.564939e-02 -1.385130e-01 -4.065491e-02
      vertex   5.687520e-02 -1.016602e-01 -4.097230e-02
      vertex   5.315340e-02 -1.016602e-01 -4.024010e-02
    endloop
  endfacet
  facet normal 2.858967e-01 -1.256872e-03 9.582596e-01
    outer loop
      vertex   5.837742e-02 -1.385130e-01 -4.146882e-02
      vertex   5.687520e-02 -1.016602e-01 -4.097230e-02
      vertex   5.564939e-02 -1.385130e-01 -4.065491e-02
    endloop
  endfacet
  facet normal 3.451415e-01 1.423673e-03 9.385496e-01
    outer loop
      vertex   5.837742e-02 -1.385130e-01 -4.146882e-02
      vertex   6.014031e-02 -1.016602e-01 -4.217301e-02
      vertex   5.687520e-02 -1.016602e-01 -4.097230e-02
    endloop
  endfacet
  facet normal 3.964736e-01 -1.423647e-03 9.180450e-01
    outer loop
      vertex   6.157120e-02 -1.385130e-01 -4.284811e-02
      vertex   6.014031e-02 -1.016602e-01 -4.217301e-02
      vertex   5.837742e-02 -1.385130e-01 -4.146882e-02
    endloop
  endfacet
  facet normal 4.741914e-01 2.283197e-03 8.804188e-01
    outer loop
      vertex   6.157120e-02 -1.385130e-01 -4.284811e-02
      vertex   6.348001e-02 -1.016602e-01 -4.397176e-02
      vertex   6.014031e-02 -1.016602e-01 -4.217301e-02
    endloop
  endfacet
  facet normal 5.270051e-01 -1.384037e-03 8.498610e-01
    outer loop
      vertex   6.452778e-02 -1.385130e-01 -4.468150e-02
      vertex   6.348001e-02 -1.016602e-01 -4.397176e-02
      vertex   6.157120e-02 -1.385130e-01 -4.284811e-02
    endloop
  endfacet
  facet normal 6.020438e-01 1.739286e-03 7.984612e-01
    outer loop
      vertex   6.452778e-02 -1.385130e-01 -4.468150e-02
      vertex   6.650883e-02 -1.016602e-01 -4.625550e-02
      vertex   6.348001e-02 -1.016602e-01 -4.397176e-02
    endloop
  endfacet
  facet normal 6.231806e-01 -9.667182e-05 7.820780e-01
    outer loop
      vertex   6.675424e-02 -1.385130e-01 -4.645561e-02
      vertex   6.650883e-02 -1.016602e-01 -4.625550e-02
      vertex   6.452778e-02 -1.385130e-01 -4.468150e-02
    endloop
  endfacet
  facet normal 6.991045e-01 7.730605e-04 7.150191e-01
    outer loop
      vertex   6.675424e-02 -1.385130e-01 -4.645561e-02
      vertex   6.854439e-02 -1.016602e-01 -4.824576e-02
      vertex   6.650883e-02 -1.016602e-01 -4.625550e-02
    endloop
  endfacet
  facet normal 7.071068e-01 -0.000000e+00 7.071068e-01
    outer loop
      vertex   6.854439e-02 -1.385130e-01 -4.824576e-02
      vertex   6.854439e-02 -1.016602e-01 -4.824576e-02
      vertex   6.675424e-02 -1.385130e-01 -4.645561e-02
    endloop
  endfacet
  facet normal 7.893622e-01 -0.000000e+00 6.139277e-01
    outer loop
      vertex   6.854439e-02 -1.385130e-01 -4.824576e-02
      vertex   7.068017e-02 -1.016602e-01 -5.099186e-02
      vertex   6.854439e-02 -1.016602e-01 -4.824576e-02
    endloop
  endfacet
  facet normal 7.959087e-01 -1.013662e-03 6.054159e-01
    outer loop
      vertex   7.084081e-02 -1.385130e-01 -5.126475e-02
      vertex   7.068017e-02 -1.016602e-01 -5.099186e-02
      vertex   6.854439e-02 -1.385130e-01 -4.824576e-02
    endloop
  endfacet
  facet normal 8.681320e-01 1.088974e-04 4.963333e-01
    outer loop
      vertex   7.084081e-02 -1.385130e-01 -5.126475e-02
      vertex   7.256292e-02 -1.016602e-01 -5.428495e-02
      vertex   7.068017e-02 -1.016602e-01 -5.099186e-02
    endloop
  endfacet
  facet normal 8.702235e-01 -2.901217e-04 4.926570e-01
    outer loop
      vertex   7.270953e-02 -1.385130e-01 -5.456563e-02
      vertex   7.256292e-02 -1.016602e-01 -5.428495e-02
      vertex   7.084081e-02 -1.385130e-01 -5.126475e-02
    endloop
  endfacet
  facet normal 9.370714e-01 1.068895e-03 3.491361e-01
    outer loop
      vertex   7.270953e-02 -1.385130e-01 -5.456563e-02
      vertex   7.399687e-02 -1.016602e-01 -5.813363e-02
      vertex   7.256292e-02 -1.016602e-01 -5.428495e-02
    endloop
  endfacet
  facet normal 9.406472e-01 -0.000000e+00 3.393860e-01
    outer loop
      vertex   7.399687e-02 -1.385130e-01 -5.813363e-02
      vertex   7.399687e-02 -1.016602e-01 -5.813363e-02
      vertex   7.270953e-02 -1.385130e-01 -5.456563e-02
    endloop
  endfacet
  facet normal 9.799213e-01 -0.000000e+00 1.993845e-01
    outer loop
      vertex   7.399687e-02 -1.385130e-01 -5.813363e-02
      vertex   7.481576e-02 -1.016602e-01 -6.215829e-02
      vertex   7.399687e-02 -1.016602e-01 -5.813363e-02
    endloop
  endfacet
  facet normal 9.894771e-01 -6.200072e-03 1.445564e-01
    outer loop
      vertex   7.500000e-02 -1.385130e-01 -6.500000e-02
      vertex   7.481576e-02 -1.016602e-01 -6.215829e-02
      vertex   7.399687e-02 -1.385130e-01 -5.813363e-02
    endloop
  endfacet
  facet normal 9.979050e-01 0.000000e+00 6.469690e-02
    outer loop
      vertex   7.500000e-02 -6.480740e-02 -6.500000e-02
      vertex   7.481576e-02 -1.016602e-01 -6.215829e-02
      vertex   7.500000e-02 -1.385130e-01 -6.500000e-02
    endloop
  endfacet
  facet normal 8.709018e-02 -9.955680e-01 3.549035e-02
    outer loop
      vertex   3.134063e-02 -1.878347e-01 -6.153086e-02
      vertex   2.500000e-02 -1.885130e-01 -6.500000e-02
      vertex   3.317549e-02 -1.877978e-01 -6.500000e-02
    endloop
  endfacet
  facet normal 6.499692e-02 -9.950054e-01 7.576069e-02
    outer loop
      vertex   2.500000e-02 -1.882489e-01 -6.153086e-02
      vertex   2.500000e-02 -1.885130e-01 -6.500000e-02
      vertex   3.134063e-02 -1.878347e-01 -6.153086e-02
    endloop
  endfacet
  facet normal 7.008041e-02 -9.766560e-01 2.030561e-01
    outer loop
      vertex   2.500000e-02 -1.882489e-01 -6.153086e-02
      vertex   3.123730e-02 -1.870308e-01 -5.782517e-02
      vertex   2.500000e-02 -1.875407e-01 -5.812481e-02
    endloop
  endfacet
  facet normal 6.368486e-02 -9.749198e-01 2.132502e-01
    outer loop
      vertex   3.134063e-02 -1.878347e-01 -6.153086e-02
      vertex   3.123730e-02 -1.870308e-01 -5.782517e-02
      vertex   2.500000e-02 -1.882489e-01 -6.153086e-02
    endloop
  endfacet
  facet normal 6.169400e-02 -9.444470e-01 3.228216e-01
    outer loop
      vertex   2.500000e-02 -1.875407e-01 -5.812481e-02
      vertex   3.123730e-02 -1.870308e-01 -5.782517e-02
      vertex   2.500000e-02 -1.867219e-01 -5.572924e-02
    endloop
  endfacet
  facet normal 7.148805e-02 -9.338650e-01 3.504079e-01
    outer loop
      vertex   3.123730e-02 -1.870308e-01 -5.782517e-02
      vertex   2.976902e-02 -1.858135e-01 -5.428142e-02
      vertex   2.500000e-02 -1.867219e-01 -5.572924e-02
    endloop
  endfacet
  facet normal 7.351992e-02 -8.281815e-01 5.556170e-01
    outer loop
      vertex   2.976902e-02 -1.858135e-01 -5.428142e-02
      vertex   3.372105e-02 -1.845193e-01 -5.287524e-02
      vertex   2.500000e-02 -1.856649e-01 -5.342880e-02
    endloop
  endfacet
  facet normal 6.086950e-02 -8.482858e-01 5.260286e-01
    outer loop
      vertex   2.500000e-02 -1.856649e-01 -5.342880e-02
      vertex   2.928381e-02 -1.830497e-01 -4.970717e-02
      vertex   2.500000e-02 -1.838315e-01 -5.047222e-02
    endloop
  endfacet
  facet normal 1.084479e-01 -8.677837e-01 4.849644e-01
    outer loop
      vertex   2.500000e-02 -1.856649e-01 -5.342880e-02
      vertex   3.318668e-02 -1.827785e-01 -5.009461e-02
      vertex   2.928381e-02 -1.830497e-01 -4.970717e-02
    endloop
  endfacet
  facet normal 7.589775e-02 -8.385223e-01 5.395553e-01
    outer loop
      vertex   3.372105e-02 -1.845193e-01 -5.287524e-02
      vertex   3.318668e-02 -1.827785e-01 -5.009461e-02
      vertex   2.500000e-02 -1.856649e-01 -5.342880e-02
    endloop
  endfacet
  facet normal 3.142011e-02 -7.816911e-01 6.228738e-01
    outer loop
      vertex   2.500000e-02 -1.838315e-01 -5.047222e-02
      vertex   2.928381e-02 -1.830497e-01 -4.970717e-02
      vertex   2.500000e-02 -1.820574e-01 -4.824576e-02
    endloop
  endfacet
  facet normal 5.896077e-02 -7.370330e-01 6.732801e-01
    outer loop
      vertex   2.928381e-02 -1.830497e-01 -4.970717e-02
      vertex   3.093421e-02 -1.808466e-01 -4.743996e-02
      vertex   2.500000e-02 -1.820574e-01 -4.824576e-02
    endloop
  endfacet
  facet normal 1.166001e-01 -7.533606e-01 6.471880e-01
    outer loop
      vertex   3.318668e-02 -1.827785e-01 -5.009461e-02
      vertex   3.093421e-02 -1.808466e-01 -4.743996e-02
      vertex   2.928381e-02 -1.830497e-01 -4.970717e-02
    endloop
  endfacet
  facet normal 4.008887e-02 -6.822819e-01 7.299893e-01
    outer loop
      vertex   2.500000e-02 -1.820574e-01 -4.824576e-02
      vertex   3.093421e-02 -1.808466e-01 -4.743996e-02
      vertex   2.500000e-02 -1.792862e-01 -4.565569e-02
    endloop
  endfacet
  facet normal 5.413911e-02 -6.554741e-01 7.532746e-01
    outer loop
      vertex   3.093421e-02 -1.808466e-01 -4.743996e-02
      vertex   2.899834e-02 -1.780664e-01 -4.488162e-02
      vertex   2.500000e-02 -1.792862e-01 -4.565569e-02
    endloop
  endfacet
  facet normal 4.833141e-02 -5.187237e-01 8.535747e-01
    outer loop
      vertex   2.899834e-02 -1.780664e-01 -4.488162e-02
      vertex   3.182907e-02 -1.749620e-01 -4.315536e-02
      vertex   2.500000e-02 -1.753571e-01 -4.300875e-02
    endloop
  endfacet
  facet normal 1.848549e-02 -3.960827e-01 9.180287e-01
    outer loop
      vertex   2.500000e-02 -1.753571e-01 -4.300875e-02
      vertex   3.057870e-02 -1.722745e-01 -4.179113e-02
      vertex   2.500000e-02 -1.715860e-01 -4.138171e-02
    endloop
  endfacet
  facet normal 4.450170e-02 -4.356549e-01 8.990130e-01
    outer loop
      vertex   3.182907e-02 -1.749620e-01 -4.315536e-02
      vertex   3.057870e-02 -1.722745e-01 -4.179113e-02
      vertex   2.500000e-02 -1.753571e-01 -4.300875e-02
    endloop
  endfacet
  facet normal 2.987824e-02 -3.208108e-01 9.466719e-01
    outer loop
      vertex   3.057870e-02 -1.722745e-01 -4.179113e-02
      vertex   3.049812e-02 -1.698658e-01 -4.097230e-02
      vertex   2.500000e-02 -1.715860e-01 -4.138171e-02
    endloop
  endfacet
  facet normal 9.044655e-03 -2.587959e-01 9.658897e-01
    outer loop
      vertex   3.049812e-02 -1.698658e-01 -4.097230e-02
      vertex   2.500000e-02 -1.679221e-01 -4.040002e-02
      vertex   2.500000e-02 -1.715860e-01 -4.138171e-02
    endloop
  endfacet
  facet normal 1.297621e-02 -4.220829e-02 9.990246e-01
    outer loop
      vertex   3.807178e-02 -1.594943e-01 -4.000000e-02
      vertex   2.500000e-02 -1.635130e-01 -4.000000e-02
      vertex   2.500000e-02 -1.654107e-01 -4.008018e-02
    endloop
  endfacet
  facet normal 2.537620e-02 -2.499515e-02 9.993654e-01
    outer loop
      vertex   4.635267e-02 -1.510872e-01 -4.000000e-02
      vertex   3.807178e-02 -1.594943e-01 -4.000000e-02
      vertex   4.420383e-02 -1.574359e-01 -4.010422e-02
    endloop
  endfacet
  facet normal 6.024183e-02 -3.676558e-02 9.975065e-01
    outer loop
      vertex   5.103772e-02 -1.479761e-01 -4.016827e-02
      vertex   4.635267e-02 -1.510872e-01 -4.000000e-02
      vertex   4.420383e-02 -1.574359e-01 -4.010422e-02
    endloop
  endfacet
  facet normal 4.443848e-02 -1.289005e-02 9.989290e-01
    outer loop
      vertex   5.103772e-02 -1.479761e-01 -4.016827e-02
      vertex   5.000000e-02 -1.385130e-01 -4.000000e-02
      vertex   4.635267e-02 -1.510872e-01 -4.000000e-02
    endloop
  endfacet
  facet normal 6.581793e-02 -1.052508e-02 9.977761e-01
    outer loop
      vertex   5.315745e-02 -1.385130e-01 -4.020828e-02
      vertex   5.000000e-02 -1.385130e-01 -4.000000e-02
      vertex   5.103772e-02 -1.479761e-01 -4.016827e-02
    endloop
  endfacet
  facet normal 2.294300e-02 -1.263054e-01 9.917261e-01
    outer loop
      vertex   3.479778e-02 -1.661423e-01 -4.040002e-02
      vertex   2.500000e-02 -1.654107e-01 -4.008018e-02
      vertex   2.500000e-02 -1.679221e-01 -4.040002e-02
    endloop
  endfacet
  facet normal 2.706987e-02 -7.331875e-02 9.969411e-01
    outer loop
      vertex   3.479778e-02 -1.661423e-01 -4.040002e-02
      vertex   3.807178e-02 -1.594943e-01 -4.000000e-02
      vertex   2.500000e-02 -1.654107e-01 -4.008018e-02
    endloop
  endfacet
  facet normal 3.781931e-02 -7.856747e-02 9.961912e-01
    outer loop
      vertex   4.078448e-02 -1.632606e-01 -4.040002e-02
      vertex   3.807178e-02 -1.594943e-01 -4.000000e-02
      vertex   3.479778e-02 -1.661423e-01 -4.040002e-02
    endloop
  endfacet
  facet normal 4.224026e-02 -7.539044e-02 9.962590e-01
    outer loop
      vertex   4.078448e-02 -1.632606e-01 -4.040002e-02
      vertex   4.420383e-02 -1.574359e-01 -4.010422e-02
      vertex   3.807178e-02 -1.594943e-01 -4.000000e-02
    endloop
  endfacet
  facet normal 9.034464e-02 -1.033391e-01 9.905346e-01
    outer loop
      vertex   4.726119e-02 -1.570628e-01 -4.034416e-02
      vertex   4.420383e-02 -1.574359e-01 -4.010422e-02
      vertex   4.078448e-02 -1.632606e-01 -4.040002e-02
    endloop
  endfacet
  facet normal 8.472508e-02 -5.447019e-02 9.949144e-01
    outer loop
      vertex   4.726119e-02 -1.570628e-01 -4.034416e-02
      vertex   5.103772e-02 -1.479761e-01 -4.016827e-02
      vertex   4.420383e-02 -1.574359e-01 -4.010422e-02
    endloop
  endfacet
  facet normal 1.369812e-01 -2.649757e-02 9.902192e-01
    outer loop
      vertex   5.407738e-02 -1.456854e-01 -4.052747e-02
      vertex   5.315745e-02 -1.385130e-01 -4.020828e-02
      vertex   5.103772e-02 -1.479761e-01 -4.016827e-02
    endloop
  endfacet
  facet normal 1.316850e-01 -1.464488e-01 9.804141e-01
    outer loop
      vertex   4.350021e-02 -1.635874e-01 -4.081360e-02
      vertex   4.726119e-02 -1.570628e-01 -4.034416e-02
      vertex   4.078448e-02 -1.632606e-01 -4.040002e-02
    endloop
  endfacet
  facet normal 1.562038e-01 -9.827156e-02 9.828240e-01
    outer loop
      vertex   5.271946e-02 -1.514947e-01 -4.065491e-02
      vertex   4.726119e-02 -1.570628e-01 -4.034416e-02
      vertex   4.963922e-02 -1.571067e-01 -4.072649e-02
    endloop
  endfacet
  facet normal 1.315918e-01 -7.382531e-02 9.885512e-01
    outer loop
      vertex   5.271946e-02 -1.514947e-01 -4.065491e-02
      vertex   5.103772e-02 -1.479761e-01 -4.016827e-02
      vertex   4.726119e-02 -1.570628e-01 -4.034416e-02
    endloop
  endfacet
  facet normal 1.610760e-01 -5.926433e-02 9.851610e-01
    outer loop
      vertex   5.407738e-02 -1.456854e-01 -4.052747e-02
      vertex   5.103772e-02 -1.479761e-01 -4.016827e-02
      vertex   5.271946e-02 -1.514947e-01 -4.065491e-02
    endloop
  endfacet
  facet normal 1.763805e-01 -2.117166e-02 9.840943e-01
    outer loop
      vertex   5.564939e-02 -1.385130e-01 -4.065491e-02
      vertex   5.315745e-02 -1.385130e-01 -4.020828e-02
      vertex   5.407738e-02 -1.456854e-01 -4.052747e-02
    endloop
  endfacet
  facet normal 3.465794e-02 -1.907983e-01 9.810173e-01
    outer loop
      vertex   3.049812e-02 -1.698658e-01 -4.097230e-02
      vertex   3.479778e-02 -1.661423e-01 -4.040002e-02
      vertex   2.500000e-02 -1.679221e-01 -4.040002e-02
    endloop
  endfacet
  facet normal 6.727802e-02 -2.270136e-01 9.715650e-01
    outer loop
      vertex   3.730565e-02 -1.678483e-01 -4.097230e-02
      vertex   3.479778e-02 -1.661423e-01 -4.040002e-02
      vertex   3.049812e-02 -1.698658e-01 -4.097230e-02
    endloop
  endfacet
  facet normal 9.239056e-02 -1.919362e-01 9.770489e-01
    outer loop
      vertex   3.730565e-02 -1.678483e-01 -4.097230e-02
      vertex   4.078448e-02 -1.632606e-01 -4.040002e-02
      vertex   3.479778e-02 -1.661423e-01 -4.040002e-02
    endloop
  endfacet
  facet normal 1.219421e-01 -2.133818e-01 9.693288e-01
    outer loop
      vertex   4.350021e-02 -1.635874e-01 -4.081360e-02
      vertex   4.078448e-02 -1.632606e-01 -4.040002e-02
      vertex   3.730565e-02 -1.678483e-01 -4.097230e-02
    endloop
  endfacet
  facet normal 1.538661e-01 -1.588622e-01 9.752374e-01
    outer loop
      vertex   4.963922e-02 -1.571067e-01 -4.072649e-02
      vertex   4.726119e-02 -1.570628e-01 -4.034416e-02
      vertex   4.350021e-02 -1.635874e-01 -4.081360e-02
    endloop
  endfacet
  facet normal 1.944068e-01 -1.970730e-01 9.609205e-01
    outer loop
      vertex   4.534589e-02 -1.648881e-01 -4.145378e-02
      vertex   4.963922e-02 -1.571067e-01 -4.072649e-02
      vertex   4.350021e-02 -1.635874e-01 -4.081360e-02
    endloop
  endfacet
  facet normal 1.883920e-01 -1.939260e-01 9.627570e-01
    outer loop
      vertex   5.073403e-02 -1.591453e-01 -4.135136e-02
      vertex   4.963922e-02 -1.571067e-01 -4.072649e-02
      vertex   4.534589e-02 -1.648881e-01 -4.145378e-02
    endloop
  endfacet
  facet normal 2.577300e-01 -1.539651e-01 9.538711e-01
    outer loop
      vertex   5.531999e-02 -1.514686e-01 -4.135136e-02
      vertex   4.963922e-02 -1.571067e-01 -4.072649e-02
      vertex   5.073403e-02 -1.591453e-01 -4.135136e-02
    endloop
  endfacet
  facet normal 2.570710e-01 -1.532690e-01 9.541609e-01
    outer loop
      vertex   5.531999e-02 -1.514686e-01 -4.135136e-02
      vertex   5.271946e-02 -1.514947e-01 -4.065491e-02
      vertex   4.963922e-02 -1.571067e-01 -4.072649e-02
    endloop
  endfacet
  facet normal 2.585944e-01 -8.156295e-02 9.625364e-01
    outer loop
      vertex   5.531999e-02 -1.514686e-01 -4.135136e-02
      vertex   5.407738e-02 -1.456854e-01 -4.052747e-02
      vertex   5.271946e-02 -1.514947e-01 -4.065491e-02
    endloop
  endfacet
  facet normal 2.663474e-01 -7.961883e-02 9.605831e-01
    outer loop
      vertex   5.777959e-02 -1.444762e-01 -4.145378e-02
      vertex   5.407738e-02 -1.456854e-01 -4.052747e-02
      vertex   5.531999e-02 -1.514686e-01 -4.135136e-02
    endloop
  endfacet
  facet normal 2.543833e-01 -3.858332e-02 9.663335e-01
    outer loop
      vertex   5.777959e-02 -1.444762e-01 -4.145378e-02
      vertex   5.564939e-02 -1.385130e-01 -4.065491e-02
      vertex   5.407738e-02 -1.456854e-01 -4.052747e-02
    endloop
  endfacet
  facet normal 9.412366e-02 -3.175978e-01 9.435425e-01
    outer loop
      vertex   3.057870e-02 -1.722745e-01 -4.179113e-02
      vertex   3.730565e-02 -1.678483e-01 -4.097230e-02
      vertex   3.049812e-02 -1.698658e-01 -4.097230e-02
    endloop
  endfacet
  facet normal 8.038048e-02 -2.981164e-01 9.511391e-01
    outer loop
      vertex   3.586481e-02 -1.712711e-01 -4.192333e-02
      vertex   3.730565e-02 -1.678483e-01 -4.097230e-02
      vertex   3.057870e-02 -1.722745e-01 -4.179113e-02
    endloop
  endfacet
  facet normal 1.382264e-01 -3.187358e-01 9.377105e-01
    outer loop
      vertex   4.149955e-02 -1.691730e-01 -4.204080e-02
      vertex   3.730565e-02 -1.678483e-01 -4.097230e-02
      vertex   3.586481e-02 -1.712711e-01 -4.192333e-02
    endloop
  endfacet
  facet normal 1.583704e-01 -2.656580e-01 9.509704e-01
    outer loop
      vertex   4.149955e-02 -1.691730e-01 -4.204080e-02
      vertex   4.350021e-02 -1.635874e-01 -4.081360e-02
      vertex   3.730565e-02 -1.678483e-01 -4.097230e-02
    endloop
  endfacet
  facet normal 1.462485e-01 -2.619667e-01 9.539313e-01
    outer loop
      vertex   4.534589e-02 -1.648881e-01 -4.145378e-02
      vertex   4.350021e-02 -1.635874e-01 -4.081360e-02
      vertex   4.149955e-02 -1.691730e-01 -4.204080e-02
    endloop
  endfacet
  facet normal 2.857985e-01 -2.623536e-02 9.579305e-01
    outer loop
      vertex   5.777959e-02 -1.444762e-01 -4.145378e-02
      vertex   5.837742e-02 -1.385130e-01 -4.146882e-02
      vertex   5.564939e-02 -1.385130e-01 -4.065491e-02
    endloop
  endfacet
  facet normal 1.990773e-01 -3.062343e-01 9.309075e-01
    outer loop
      vertex   4.612308e-02 -1.669263e-01 -4.229047e-02
      vertex   4.534589e-02 -1.648881e-01 -4.145378e-02
      vertex   4.149955e-02 -1.691730e-01 -4.204080e-02
    endloop
  endfacet
  facet normal 2.442400e-01 -2.870975e-01 9.262407e-01
    outer loop
      vertex   4.969750e-02 -1.638855e-01 -4.229047e-02
      vertex   4.534589e-02 -1.648881e-01 -4.145378e-02
      vertex   4.612308e-02 -1.669263e-01 -4.229047e-02
    endloop
  endfacet
  facet normal 2.360326e-01 -2.382554e-01 9.420844e-01
    outer loop
      vertex   4.969750e-02 -1.638855e-01 -4.229047e-02
      vertex   5.073403e-02 -1.591453e-01 -4.135136e-02
      vertex   4.534589e-02 -1.648881e-01 -4.145378e-02
    endloop
  endfacet
  facet normal 3.002623e-01 -2.481269e-01 9.210188e-01
    outer loop
      vertex   5.427594e-02 -1.593800e-01 -4.256929e-02
      vertex   5.073403e-02 -1.591453e-01 -4.135136e-02
      vertex   4.969750e-02 -1.638855e-01 -4.229047e-02
    endloop
  endfacet
  facet normal 3.072502e-01 -1.958285e-01 9.312618e-01
    outer loop
      vertex   5.659265e-02 -1.551164e-01 -4.243708e-02
      vertex   5.073403e-02 -1.591453e-01 -4.135136e-02
      vertex   5.427594e-02 -1.593800e-01 -4.256929e-02
    endloop
  endfacet
  facet normal 2.953383e-01 -1.764319e-01 9.389606e-01
    outer loop
      vertex   5.659265e-02 -1.551164e-01 -4.243708e-02
      vertex   5.531999e-02 -1.514686e-01 -4.135136e-02
      vertex   5.073403e-02 -1.591453e-01 -4.135136e-02
    endloop
  endfacet
  facet normal 3.566286e-01 -1.500363e-01 9.221199e-01
    outer loop
      vertex   5.872134e-02 -1.491556e-01 -4.229047e-02
      vertex   5.531999e-02 -1.514686e-01 -4.135136e-02
      vertex   5.659265e-02 -1.551164e-01 -4.243708e-02
    endloop
  endfacet
  facet normal 3.284831e-01 -1.017913e-01 9.390087e-01
    outer loop
      vertex   5.872134e-02 -1.491556e-01 -4.229047e-02
      vertex   5.777959e-02 -1.444762e-01 -4.145378e-02
      vertex   5.531999e-02 -1.514686e-01 -4.135136e-02
    endloop
  endfacet
  facet normal 3.833947e-01 -8.724364e-02 9.194547e-01
    outer loop
      vertex   6.011584e-02 -1.430274e-01 -4.229047e-02
      vertex   5.777959e-02 -1.444762e-01 -4.145378e-02
      vertex   5.872134e-02 -1.491556e-01 -4.229047e-02
    endloop
  endfacet
  facet normal 3.551926e-01 -3.325217e-02 9.342015e-01
    outer loop
      vertex   6.011584e-02 -1.430274e-01 -4.229047e-02
      vertex   5.837742e-02 -1.385130e-01 -4.146882e-02
      vertex   5.777959e-02 -1.444762e-01 -4.145378e-02
    endloop
  endfacet
  facet normal 1.009633e-01 -4.125814e-01 9.053082e-01
    outer loop
      vertex   3.182907e-02 -1.749620e-01 -4.315536e-02
      vertex   3.586481e-02 -1.712711e-01 -4.192333e-02
      vertex   3.057870e-02 -1.722745e-01 -4.179113e-02
    endloop
  endfacet
  facet normal 1.624794e-01 -3.855200e-01 9.082812e-01
    outer loop
      vertex   4.146460e-02 -1.714352e-01 -4.299472e-02
      vertex   4.149955e-02 -1.691730e-01 -4.204080e-02
      vertex   3.586481e-02 -1.712711e-01 -4.192333e-02
    endloop
  endfacet
  facet normal 3.964328e-01 -1.441341e-02 9.179506e-01
    outer loop
      vertex   6.157120e-02 -1.385130e-01 -4.284811e-02
      vertex   5.837742e-02 -1.385130e-01 -4.146882e-02
      vertex   6.011584e-02 -1.430274e-01 -4.229047e-02
    endloop
  endfacet
  facet normal 1.208496e-01 -4.306770e-01 8.943784e-01
    outer loop
      vertex   3.649944e-02 -1.746515e-01 -4.363687e-02
      vertex   3.586481e-02 -1.712711e-01 -4.192333e-02
      vertex   3.182907e-02 -1.749620e-01 -4.315536e-02
    endloop
  endfacet
  facet normal 1.583474e-01 -4.226180e-01 8.923677e-01
    outer loop
      vertex   3.649944e-02 -1.746515e-01 -4.363687e-02
      vertex   4.146460e-02 -1.714352e-01 -4.299472e-02
      vertex   3.586481e-02 -1.712711e-01 -4.192333e-02
    endloop
  endfacet
  facet normal 2.333942e-01 -3.808812e-01 8.946824e-01
    outer loop
      vertex   4.146460e-02 -1.714352e-01 -4.299472e-02
      vertex   4.612308e-02 -1.669263e-01 -4.229047e-02
      vertex   4.149955e-02 -1.691730e-01 -4.204080e-02
    endloop
  endfacet
  facet normal 2.484243e-01 -3.948248e-01 8.845331e-01
    outer loop
      vertex   4.656067e-02 -1.700272e-01 -4.379751e-02
      vertex   4.612308e-02 -1.669263e-01 -4.229047e-02
      vertex   4.146460e-02 -1.714352e-01 -4.299472e-02
    endloop
  endfacet
  facet normal 2.985611e-01 -3.827633e-01 8.742731e-01
    outer loop
      vertex   5.063039e-02 -1.660879e-01 -4.346261e-02
      vertex   4.612308e-02 -1.669263e-01 -4.229047e-02
      vertex   4.656067e-02 -1.700272e-01 -4.379751e-02
    endloop
  endfacet
  facet normal 2.960599e-01 -3.480105e-01 8.895152e-01
    outer loop
      vertex   5.063039e-02 -1.660879e-01 -4.346261e-02
      vertex   4.969750e-02 -1.638855e-01 -4.229047e-02
      vertex   4.612308e-02 -1.669263e-01 -4.229047e-02
    endloop
  endfacet
  facet normal 3.558155e-01 -3.171534e-01 8.790956e-01
    outer loop
      vertex   5.324402e-02 -1.645669e-01 -4.397176e-02
      vertex   4.969750e-02 -1.638855e-01 -4.229047e-02
      vertex   5.063039e-02 -1.660879e-01 -4.346261e-02
    endloop
  endfacet
  facet normal 3.581515e-01 -3.094364e-01 8.808954e-01
    outer loop
      vertex   5.324402e-02 -1.645669e-01 -4.397176e-02
      vertex   5.427594e-02 -1.593800e-01 -4.256929e-02
      vertex   4.969750e-02 -1.638855e-01 -4.229047e-02
    endloop
  endfacet
  facet normal 4.276884e-01 -1.745467e-01 8.869138e-01
    outer loop
      vertex   5.992931e-02 -1.538533e-01 -4.379751e-02
      vertex   5.872134e-02 -1.491556e-01 -4.229047e-02
      vertex   5.659265e-02 -1.551164e-01 -4.243708e-02
    endloop
  endfacet
  facet normal 4.582114e-01 -1.625106e-01 8.738608e-01
    outer loop
      vertex   6.159060e-02 -1.473683e-01 -4.346261e-02
      vertex   5.872134e-02 -1.491556e-01 -4.229047e-02
      vertex   5.992931e-02 -1.538533e-01 -4.379751e-02
    endloop
  endfacet
  facet normal 4.277395e-01 -9.733455e-02 8.986461e-01
    outer loop
      vertex   6.159060e-02 -1.473683e-01 -4.346261e-02
      vertex   6.011584e-02 -1.430274e-01 -4.229047e-02
      vertex   5.872134e-02 -1.491556e-01 -4.229047e-02
    endloop
  endfacet
  facet normal 5.100620e-01 -5.843241e-02 8.581506e-01
    outer loop
      vertex   6.157120e-02 -1.385130e-01 -4.284811e-02
      vertex   6.011584e-02 -1.430274e-01 -4.229047e-02
      vertex   6.159060e-02 -1.473683e-01 -4.346261e-02
    endloop
  endfacet
  facet normal 1.866794e-01 -4.613612e-01 8.673504e-01
    outer loop
      vertex   4.094800e-02 -1.737830e-01 -4.413240e-02
      vertex   4.146460e-02 -1.714352e-01 -4.299472e-02
      vertex   3.649944e-02 -1.746515e-01 -4.363687e-02
    endloop
  endfacet
  facet normal 2.620480e-01 -4.669129e-01 8.445847e-01
    outer loop
      vertex   4.656067e-02 -1.700272e-01 -4.379751e-02
      vertex   4.146460e-02 -1.714352e-01 -4.299472e-02
      vertex   4.094800e-02 -1.737830e-01 -4.413240e-02
    endloop
  endfacet
  facet normal 3.882269e-01 -3.117276e-01 8.672403e-01
    outer loop
      vertex   5.689729e-02 -1.604640e-01 -4.413240e-02
      vertex   5.427594e-02 -1.593800e-01 -4.256929e-02
      vertex   5.324402e-02 -1.645669e-01 -4.397176e-02
    endloop
  endfacet
  facet normal 4.160929e-01 -2.531753e-01 8.733664e-01
    outer loop
      vertex   5.689729e-02 -1.604640e-01 -4.413240e-02
      vertex   5.659265e-02 -1.551164e-01 -4.243708e-02
      vertex   5.427594e-02 -1.593800e-01 -4.256929e-02
    endloop
  endfacet
  facet normal 4.446806e-01 -2.475620e-01 8.607974e-01
    outer loop
      vertex   5.992931e-02 -1.538533e-01 -4.379751e-02
      vertex   5.659265e-02 -1.551164e-01 -4.243708e-02
      vertex   5.689729e-02 -1.604640e-01 -4.413240e-02
    endloop
  endfacet
  facet normal 1.217423e-01 -5.191633e-01 8.459600e-01
    outer loop
      vertex   3.275571e-02 -1.775155e-01 -4.485576e-02
      vertex   3.649944e-02 -1.746515e-01 -4.363687e-02
      vertex   3.182907e-02 -1.749620e-01 -4.315536e-02
    endloop
  endfacet
  facet normal 3.561840e-01 -4.381323e-01 8.253321e-01
    outer loop
      vertex   4.819256e-02 -1.714241e-01 -4.524329e-02
      vertex   5.063039e-02 -1.660879e-01 -4.346261e-02
      vertex   4.656067e-02 -1.700272e-01 -4.379751e-02
    endloop
  endfacet
  facet normal 4.172974e-01 -4.534469e-01 7.875587e-01
    outer loop
      vertex   5.324402e-02 -1.645669e-01 -4.397176e-02
      vertex   5.063039e-02 -1.660879e-01 -4.346261e-02
      vertex   4.819256e-02 -1.714241e-01 -4.524329e-02
    endloop
  endfacet
  facet normal 5.198973e-01 -1.763490e-01 8.358276e-01
    outer loop
      vertex   6.314737e-02 -1.519299e-01 -4.539338e-02
      vertex   6.159060e-02 -1.473683e-01 -4.346261e-02
      vertex   5.992931e-02 -1.538533e-01 -4.379751e-02
    endloop
  endfacet
  facet normal 5.661855e-01 -1.498495e-01 8.105425e-01
    outer loop
      vertex   6.403159e-02 -1.451741e-01 -4.476205e-02
      vertex   6.159060e-02 -1.473683e-01 -4.346261e-02
      vertex   6.314737e-02 -1.519299e-01 -4.539338e-02
    endloop
  endfacet
  facet normal 5.095389e-01 -5.845501e-02 8.584597e-01
    outer loop
      vertex   6.403159e-02 -1.451741e-01 -4.476205e-02
      vertex   6.157120e-02 -1.385130e-01 -4.284811e-02
      vertex   6.159060e-02 -1.473683e-01 -4.346261e-02
    endloop
  endfacet
  facet normal 5.263603e-01 -4.947232e-02 8.488211e-01
    outer loop
      vertex   6.403159e-02 -1.451741e-01 -4.476205e-02
      vertex   6.452778e-02 -1.385130e-01 -4.468150e-02
      vertex   6.157120e-02 -1.385130e-01 -4.284811e-02
    endloop
  endfacet
  facet normal 1.609938e-01 -5.571489e-01 8.146570e-01
    outer loop
      vertex   3.554856e-02 -1.781344e-01 -4.583094e-02
      vertex   3.649944e-02 -1.746515e-01 -4.363687e-02
      vertex   3.275571e-02 -1.775155e-01 -4.485576e-02
    endloop
  endfacet
  facet normal 2.029758e-01 -5.609869e-01 8.025550e-01
    outer loop
      vertex   3.954352e-02 -1.776166e-01 -4.647941e-02
      vertex   3.649944e-02 -1.746515e-01 -4.363687e-02
      vertex   3.554856e-02 -1.781344e-01 -4.583094e-02
    endloop
  endfacet
  facet normal 1.993348e-01 -5.637458e-01 8.015338e-01
    outer loop
      vertex   3.954352e-02 -1.776166e-01 -4.647941e-02
      vertex   4.094800e-02 -1.737830e-01 -4.413240e-02
      vertex   3.649944e-02 -1.746515e-01 -4.363687e-02
    endloop
  endfacet
  facet normal 2.341467e-01 -5.685814e-01 7.886003e-01
    outer loop
      vertex   4.364181e-02 -1.747520e-01 -4.563083e-02
      vertex   4.094800e-02 -1.737830e-01 -4.413240e-02
      vertex   3.954352e-02 -1.776166e-01 -4.647941e-02
    endloop
  endfacet
  facet normal 2.807505e-01 -4.929816e-01 8.234976e-01
    outer loop
      vertex   4.364181e-02 -1.747520e-01 -4.563083e-02
      vertex   4.656067e-02 -1.700272e-01 -4.379751e-02
      vertex   4.094800e-02 -1.737830e-01 -4.413240e-02
    endloop
  endfacet
  facet normal 2.952365e-01 -4.986287e-01 8.149876e-01
    outer loop
      vertex   4.819256e-02 -1.714241e-01 -4.524329e-02
      vertex   4.656067e-02 -1.700272e-01 -4.379751e-02
      vertex   4.364181e-02 -1.747520e-01 -4.563083e-02
    endloop
  endfacet
  facet normal 3.763379e-01 -4.294621e-01 8.209336e-01
    outer loop
      vertex   5.115623e-02 -1.705590e-01 -4.614936e-02
      vertex   5.324402e-02 -1.645669e-01 -4.397176e-02
      vertex   4.819256e-02 -1.714241e-01 -4.524329e-02
    endloop
  endfacet
  facet normal 3.863205e-01 -4.309628e-01 8.154922e-01
    outer loop
      vertex   5.485468e-02 -1.662625e-01 -4.563083e-02
      vertex   5.324402e-02 -1.645669e-01 -4.397176e-02
      vertex   5.115623e-02 -1.705590e-01 -4.614936e-02
    endloop
  endfacet
  facet normal 4.498171e-01 -3.686734e-01 8.134768e-01
    outer loop
      vertex   5.485468e-02 -1.662625e-01 -4.563083e-02
      vertex   5.689729e-02 -1.604640e-01 -4.413240e-02
      vertex   5.324402e-02 -1.645669e-01 -4.397176e-02
    endloop
  endfacet
  facet normal 4.426447e-01 -3.673187e-01 8.180114e-01
    outer loop
      vertex   5.794360e-02 -1.625401e-01 -4.563083e-02
      vertex   5.689729e-02 -1.604640e-01 -4.413240e-02
      vertex   5.485468e-02 -1.662625e-01 -4.563083e-02
    endloop
  endfacet
  facet normal 5.103195e-01 -3.191745e-01 7.985622e-01
    outer loop
      vertex   6.090268e-02 -1.578089e-01 -4.563083e-02
      vertex   5.689729e-02 -1.604640e-01 -4.413240e-02
      vertex   5.794360e-02 -1.625401e-01 -4.563083e-02
    endloop
  endfacet
  facet normal 4.872868e-01 -2.656374e-01 8.318584e-01
    outer loop
      vertex   6.090268e-02 -1.578089e-01 -4.563083e-02
      vertex   5.992931e-02 -1.538533e-01 -4.379751e-02
      vertex   5.689729e-02 -1.604640e-01 -4.413240e-02
    endloop
  endfacet
  facet normal 5.425160e-01 -2.396604e-01 8.051331e-01
    outer loop
      vertex   6.314737e-02 -1.519299e-01 -4.539338e-02
      vertex   5.992931e-02 -1.538533e-01 -4.379751e-02
      vertex   6.090268e-02 -1.578089e-01 -4.563083e-02
    endloop
  endfacet
  facet normal 5.901682e-01 -1.513460e-01 7.929665e-01
    outer loop
      vertex   6.588021e-02 -1.468388e-01 -4.645561e-02
      vertex   6.403159e-02 -1.451741e-01 -4.476205e-02
      vertex   6.314737e-02 -1.519299e-01 -4.539338e-02
    endloop
  endfacet
  facet normal 6.403897e-01 -6.722746e-02 7.651023e-01
    outer loop
      vertex   6.675424e-02 -1.385130e-01 -4.645561e-02
      vertex   6.403159e-02 -1.451741e-01 -4.476205e-02
      vertex   6.588021e-02 -1.468388e-01 -4.645561e-02
    endloop
  endfacet
  facet normal 6.222100e-01 -5.579043e-02 7.808599e-01
    outer loop
      vertex   6.675424e-02 -1.385130e-01 -4.645561e-02
      vertex   6.452778e-02 -1.385130e-01 -4.468150e-02
      vertex   6.403159e-02 -1.451741e-01 -4.476205e-02
    endloop
  endfacet
  facet normal 1.348449e-01 -6.651315e-01 7.344501e-01
    outer loop
      vertex   3.567645e-02 -1.801446e-01 -4.767492e-02
      vertex   3.554856e-02 -1.781344e-01 -4.583094e-02
      vertex   3.093421e-02 -1.808466e-01 -4.743996e-02
    endloop
  endfacet
  facet normal 2.030342e-01 -6.548524e-01 7.279735e-01
    outer loop
      vertex   3.954352e-02 -1.776166e-01 -4.647941e-02
      vertex   3.554856e-02 -1.781344e-01 -4.583094e-02
      vertex   3.567645e-02 -1.801446e-01 -4.767492e-02
    endloop
  endfacet
  facet normal 2.702271e-01 -6.077890e-01 7.467060e-01
    outer loop
      vertex   4.382191e-02 -1.768291e-01 -4.738674e-02
      vertex   4.364181e-02 -1.747520e-01 -4.563083e-02
      vertex   3.954352e-02 -1.776166e-01 -4.647941e-02
    endloop
  endfacet
  facet normal 3.431671e-01 -5.888449e-01 7.317773e-01
    outer loop
      vertex   4.867355e-02 -1.746450e-01 -4.790436e-02
      vertex   4.364181e-02 -1.747520e-01 -4.563083e-02
      vertex   4.382191e-02 -1.768291e-01 -4.738674e-02
    endloop
  endfacet
  facet normal 3.496473e-01 -5.651434e-01 7.472347e-01
    outer loop
      vertex   4.867355e-02 -1.746450e-01 -4.790436e-02
      vertex   4.819256e-02 -1.714241e-01 -4.524329e-02
      vertex   4.364181e-02 -1.747520e-01 -4.563083e-02
    endloop
  endfacet
  facet normal 3.869585e-01 -5.522806e-01 7.384100e-01
    outer loop
      vertex   5.115623e-02 -1.705590e-01 -4.614936e-02
      vertex   4.819256e-02 -1.714241e-01 -4.524329e-02
      vertex   4.867355e-02 -1.746450e-01 -4.790436e-02
    endloop
  endfacet
  facet normal 4.543483e-01 -4.815506e-01 7.494509e-01
    outer loop
      vertex   5.536638e-02 -1.686039e-01 -4.744549e-02
      vertex   5.485468e-02 -1.662625e-01 -4.563083e-02
      vertex   5.115623e-02 -1.705590e-01 -4.614936e-02
    endloop
  endfacet
  facet normal 5.354716e-01 -4.411396e-01 7.201847e-01
    outer loop
      vertex   6.006132e-02 -1.644293e-01 -4.837922e-02
      vertex   5.485468e-02 -1.662625e-01 -4.563083e-02
      vertex   5.536638e-02 -1.686039e-01 -4.744549e-02
    endloop
  endfacet
  facet normal 5.355350e-01 -4.444015e-01 7.181293e-01
    outer loop
      vertex   6.006132e-02 -1.644293e-01 -4.837922e-02
      vertex   5.794360e-02 -1.625401e-01 -4.563083e-02
      vertex   5.485468e-02 -1.662625e-01 -4.563083e-02
    endloop
  endfacet
  facet normal 5.675307e-01 -4.059246e-01 7.163338e-01
    outer loop
      vertex   6.139234e-02 -1.607133e-01 -4.732800e-02
      vertex   5.794360e-02 -1.625401e-01 -4.563083e-02
      vertex   6.006132e-02 -1.644293e-01 -4.837922e-02
    endloop
  endfacet
  facet normal 5.557557e-01 -3.475921e-01 7.551922e-01
    outer loop
      vertex   6.139234e-02 -1.607133e-01 -4.732800e-02
      vertex   6.090268e-02 -1.578089e-01 -4.563083e-02
      vertex   5.794360e-02 -1.625401e-01 -4.563083e-02
    endloop
  endfacet
  facet normal 6.241046e-01 -3.130909e-01 7.158683e-01
    outer loop
      vertex   6.439809e-02 -1.547218e-01 -4.732800e-02
      vertex   6.090268e-02 -1.578089e-01 -4.563083e-02
      vertex   6.139234e-02 -1.607133e-01 -4.732800e-02
    endloop
  endfacet
  facet normal 5.971203e-01 -2.586582e-01 7.593045e-01
    outer loop
      vertex   6.439809e-02 -1.547218e-01 -4.732800e-02
      vertex   6.314737e-02 -1.519299e-01 -4.539338e-02
      vertex   6.090268e-02 -1.578089e-01 -4.563083e-02
    endloop
  endfacet
  facet normal 6.610436e-01 -2.041916e-01 7.220298e-01
    outer loop
      vertex   6.439809e-02 -1.547218e-01 -4.732800e-02
      vertex   6.588021e-02 -1.468388e-01 -4.645561e-02
      vertex   6.314737e-02 -1.519299e-01 -4.539338e-02
    endloop
  endfacet
  facet normal 4.150585e-01 -5.601270e-01 7.169269e-01
    outer loop
      vertex   5.253463e-02 -1.722208e-01 -4.824576e-02
      vertex   5.115623e-02 -1.705590e-01 -4.614936e-02
      vertex   4.867355e-02 -1.746450e-01 -4.790436e-02
    endloop
  endfacet
  facet normal 4.627452e-01 -5.209804e-01 7.172491e-01
    outer loop
      vertex   5.253463e-02 -1.722208e-01 -4.824576e-02
      vertex   5.536638e-02 -1.686039e-01 -4.744549e-02
      vertex   5.115623e-02 -1.705590e-01 -4.614936e-02
    endloop
  endfacet
  facet normal 6.678604e-01 -2.047581e-01 7.155673e-01
    outer loop
      vertex   6.775638e-02 -1.486541e-01 -4.872614e-02
      vertex   6.588021e-02 -1.468388e-01 -4.645561e-02
      vertex   6.439809e-02 -1.547218e-01 -4.732800e-02
    endloop
  endfacet
  facet normal 7.114300e-01 -1.288125e-01 6.908507e-01
    outer loop
      vertex   6.822971e-02 -1.434635e-01 -4.824576e-02
      vertex   6.588021e-02 -1.468388e-01 -4.645561e-02
      vertex   6.775638e-02 -1.486541e-01 -4.872614e-02
    endloop
  endfacet
  facet normal 6.661946e-01 -6.993643e-02 7.424915e-01
    outer loop
      vertex   6.822971e-02 -1.434635e-01 -4.824576e-02
      vertex   6.675424e-02 -1.385130e-01 -4.645561e-02
      vertex   6.588021e-02 -1.468388e-01 -4.645561e-02
    endloop
  endfacet
  facet normal 7.063936e-01 -4.490202e-02 7.063936e-01
    outer loop
      vertex   6.854439e-02 -1.385130e-01 -4.824576e-02
      vertex   6.675424e-02 -1.385130e-01 -4.645561e-02
      vertex   6.822971e-02 -1.434635e-01 -4.824576e-02
    endloop
  endfacet
  facet normal 1.420315e-01 -7.391340e-01 6.584132e-01
    outer loop
      vertex   3.318668e-02 -1.827785e-01 -5.009461e-02
      vertex   3.567645e-02 -1.801446e-01 -4.767492e-02
      vertex   3.093421e-02 -1.808466e-01 -4.743996e-02
    endloop
  endfacet
  facet normal 2.333914e-01 -6.839118e-01 6.912258e-01
    outer loop
      vertex   4.065436e-02 -1.799938e-01 -4.920652e-02
      vertex   3.954352e-02 -1.776166e-01 -4.647941e-02
      vertex   3.567645e-02 -1.801446e-01 -4.767492e-02
    endloop
  endfacet
  facet normal 2.700026e-01 -6.686441e-01 6.928302e-01
    outer loop
      vertex   4.065436e-02 -1.799938e-01 -4.920652e-02
      vertex   4.382191e-02 -1.768291e-01 -4.738674e-02
      vertex   3.954352e-02 -1.776166e-01 -4.647941e-02
    endloop
  endfacet
  facet normal 3.624535e-01 -6.458697e-01 6.719225e-01
    outer loop
      vertex   4.600122e-02 -1.780202e-01 -4.970717e-02
      vertex   4.867355e-02 -1.746450e-01 -4.790436e-02
      vertex   4.382191e-02 -1.768291e-01 -4.738674e-02
    endloop
  endfacet
  facet normal 5.675154e-01 -4.903154e-01 6.614507e-01
    outer loop
      vertex   5.900359e-02 -1.681461e-01 -5.022681e-02
      vertex   6.006132e-02 -1.644293e-01 -4.837922e-02
      vertex   5.536638e-02 -1.686039e-01 -4.744549e-02
    endloop
  endfacet
  facet normal 6.438646e-01 -4.128588e-01 6.441941e-01
    outer loop
      vertex   6.404967e-02 -1.595003e-01 -4.920652e-02
      vertex   6.139234e-02 -1.607133e-01 -4.732800e-02
      vertex   6.006132e-02 -1.644293e-01 -4.837922e-02
    endloop
  endfacet
  facet normal 6.400340e-01 -3.210821e-01 6.980421e-01
    outer loop
      vertex   6.404967e-02 -1.595003e-01 -4.920652e-02
      vertex   6.439809e-02 -1.547218e-01 -4.732800e-02
      vertex   6.139234e-02 -1.607133e-01 -4.732800e-02
    endloop
  endfacet
  facet normal 6.894862e-01 -3.079857e-01 6.555560e-01
    outer loop
      vertex   6.668931e-02 -1.535909e-01 -4.920652e-02
      vertex   6.439809e-02 -1.547218e-01 -4.732800e-02
      vertex   6.404967e-02 -1.595003e-01 -4.920652e-02
    endloop
  endfacet
  facet normal 6.804977e-01 -2.152419e-01 7.004241e-01
    outer loop
      vertex   6.668931e-02 -1.535909e-01 -4.920652e-02
      vertex   6.775638e-02 -1.486541e-01 -4.872614e-02
      vertex   6.439809e-02 -1.547218e-01 -4.732800e-02
    endloop
  endfacet
  facet normal 1.581149e-01 -7.449130e-01 6.481545e-01
    outer loop
      vertex   3.656739e-02 -1.819373e-01 -4.995258e-02
      vertex   3.567645e-02 -1.801446e-01 -4.767492e-02
      vertex   3.318668e-02 -1.827785e-01 -5.009461e-02
    endloop
  endfacet
  facet normal 2.234841e-01 -7.215318e-01 6.553218e-01
    outer loop
      vertex   3.656739e-02 -1.819373e-01 -4.995258e-02
      vertex   4.065436e-02 -1.799938e-01 -4.920652e-02
      vertex   3.567645e-02 -1.801446e-01 -4.767492e-02
    endloop
  endfacet
  facet normal 3.157751e-01 -6.903570e-01 6.509172e-01
    outer loop
      vertex   4.600122e-02 -1.780202e-01 -4.970717e-02
      vertex   4.382191e-02 -1.768291e-01 -4.738674e-02
      vertex   4.065436e-02 -1.799938e-01 -4.920652e-02
    endloop
  endfacet
  facet normal 4.083853e-01 -6.600961e-01 6.304717e-01
    outer loop
      vertex   5.057128e-02 -1.756710e-01 -5.020782e-02
      vertex   4.867355e-02 -1.746450e-01 -4.790436e-02
      vertex   4.600122e-02 -1.780202e-01 -4.970717e-02
    endloop
  endfacet
  facet normal 4.466506e-01 -6.206559e-01 6.444296e-01
    outer loop
      vertex   5.057128e-02 -1.756710e-01 -5.020782e-02
      vertex   5.253463e-02 -1.722208e-01 -4.824576e-02
      vertex   4.867355e-02 -1.746450e-01 -4.790436e-02
    endloop
  endfacet
  facet normal 4.996352e-01 -6.252620e-01 5.995099e-01
    outer loop
      vertex   5.562142e-02 -1.717623e-01 -5.034002e-02
      vertex   5.253463e-02 -1.722208e-01 -4.824576e-02
      vertex   5.057128e-02 -1.756710e-01 -5.020782e-02
    endloop
  endfacet
  facet normal 5.225517e-01 -5.527398e-01 6.491674e-01
    outer loop
      vertex   5.562142e-02 -1.717623e-01 -5.034002e-02
      vertex   5.536638e-02 -1.686039e-01 -4.744549e-02
      vertex   5.253463e-02 -1.722208e-01 -4.824576e-02
    endloop
  endfacet
  facet normal 5.537747e-01 -5.378390e-01 6.356593e-01
    outer loop
      vertex   5.562142e-02 -1.717623e-01 -5.034002e-02
      vertex   5.900359e-02 -1.681461e-01 -5.022681e-02
      vertex   5.536638e-02 -1.686039e-01 -4.744549e-02
    endloop
  endfacet
  facet normal 7.710023e-01 -1.280420e-01 6.238275e-01
    outer loop
      vertex   6.951670e-02 -1.478049e-01 -5.072746e-02
      vertex   6.822971e-02 -1.434635e-01 -4.824576e-02
      vertex   6.775638e-02 -1.486541e-01 -4.872614e-02
    endloop
  endfacet
  facet normal 7.789806e-01 -1.208030e-01 6.153014e-01
    outer loop
      vertex   7.028222e-02 -1.428685e-01 -5.072746e-02
      vertex   6.822971e-02 -1.434635e-01 -4.824576e-02
      vertex   6.951670e-02 -1.478049e-01 -5.072746e-02
    endloop
  endfacet
  facet normal 7.754286e-01 -4.929024e-02 6.295085e-01
    outer loop
      vertex   7.028222e-02 -1.428685e-01 -5.072746e-02
      vertex   6.854439e-02 -1.385130e-01 -4.824576e-02
      vertex   6.822971e-02 -1.434635e-01 -4.824576e-02
    endloop
  endfacet
  facet normal 7.956107e-01 -2.738096e-02 6.051892e-01
    outer loop
      vertex   7.084081e-02 -1.385130e-01 -5.126475e-02
      vertex   6.854439e-02 -1.385130e-01 -4.824576e-02
      vertex   7.028222e-02 -1.428685e-01 -5.072746e-02
    endloop
  endfacet
  facet normal 2.596048e-01 -7.697791e-01 5.831343e-01
    outer loop
      vertex   3.909333e-02 -1.824731e-01 -5.178439e-02
      vertex   4.065436e-02 -1.799938e-01 -4.920652e-02
      vertex   3.656739e-02 -1.819373e-01 -4.995258e-02
    endloop
  endfacet
  facet normal 2.993683e-01 -7.717937e-01 5.609929e-01
    outer loop
      vertex   4.457297e-02 -1.802515e-01 -5.165218e-02
      vertex   4.065436e-02 -1.799938e-01 -4.920652e-02
      vertex   3.909333e-02 -1.824731e-01 -5.178439e-02
    endloop
  endfacet
  facet normal 3.259863e-01 -7.311003e-01 5.993540e-01
    outer loop
      vertex   4.457297e-02 -1.802515e-01 -5.165218e-02
      vertex   4.600122e-02 -1.780202e-01 -4.970717e-02
      vertex   4.065436e-02 -1.799938e-01 -4.920652e-02
    endloop
  endfacet
  facet normal 6.229237e-01 -4.831264e-01 6.152682e-01
    outer loop
      vertex   6.204130e-02 -1.655287e-01 -5.124710e-02
      vertex   6.006132e-02 -1.644293e-01 -4.837922e-02
      vertex   5.900359e-02 -1.681461e-01 -5.022681e-02
    endloop
  endfacet
  facet normal 6.582303e-01 -4.287453e-01 6.187975e-01
    outer loop
      vertex   6.204130e-02 -1.655287e-01 -5.124710e-02
      vertex   6.404967e-02 -1.595003e-01 -4.920652e-02
      vertex   6.006132e-02 -1.644293e-01 -4.837922e-02
    endloop
  endfacet
  facet normal 6.982585e-01 -4.270822e-01 5.744875e-01
    outer loop
      vertex   6.555100e-02 -1.612579e-01 -5.233795e-02
      vertex   6.404967e-02 -1.595003e-01 -4.920652e-02
      vertex   6.204130e-02 -1.655287e-01 -5.124710e-02
    endloop
  endfacet
  facet normal 7.239073e-01 -3.924920e-01 5.673697e-01
    outer loop
      vertex   6.682141e-02 -1.581146e-01 -5.178439e-02
      vertex   6.404967e-02 -1.595003e-01 -4.920652e-02
      vertex   6.555100e-02 -1.612579e-01 -5.233795e-02
    endloop
  endfacet
  facet normal 7.260666e-01 -3.243257e-01 6.063333e-01
    outer loop
      vertex   6.682141e-02 -1.581146e-01 -5.178439e-02
      vertex   6.668931e-02 -1.535909e-01 -4.920652e-02
      vertex   6.404967e-02 -1.595003e-01 -4.920652e-02
    endloop
  endfacet
  facet normal 7.503368e-01 -3.106227e-01 5.835308e-01
    outer loop
      vertex   6.832398e-02 -1.537319e-01 -5.138354e-02
      vertex   6.668931e-02 -1.535909e-01 -4.920652e-02
      vertex   6.682141e-02 -1.581146e-01 -5.178439e-02
    endloop
  endfacet
  facet normal 7.721627e-01 -2.247339e-01 5.943564e-01
    outer loop
      vertex   6.832398e-02 -1.537319e-01 -5.138354e-02
      vertex   6.775638e-02 -1.486541e-01 -4.872614e-02
      vertex   6.668931e-02 -1.535909e-01 -4.920652e-02
    endloop
  endfacet
  facet normal 7.769101e-01 -2.215751e-01 5.893345e-01
    outer loop
      vertex   6.951670e-02 -1.478049e-01 -5.072746e-02
      vertex   6.775638e-02 -1.486541e-01 -4.872614e-02
      vertex   6.832398e-02 -1.537319e-01 -5.138354e-02
    endloop
  endfacet
  facet normal 1.882208e-01 -8.418738e-01 5.057879e-01
    outer loop
      vertex   3.909333e-02 -1.824731e-01 -5.178439e-02
      vertex   3.656739e-02 -1.819373e-01 -4.995258e-02
      vertex   3.318668e-02 -1.827785e-01 -5.009461e-02
    endloop
  endfacet
  facet normal 4.046269e-01 -7.342090e-01 5.451736e-01
    outer loop
      vertex   4.916638e-02 -1.785269e-01 -5.273879e-02
      vertex   4.600122e-02 -1.780202e-01 -4.970717e-02
      vertex   4.457297e-02 -1.802515e-01 -5.165218e-02
    endloop
  endfacet
  facet normal 4.257988e-01 -7.083602e-01 5.629576e-01
    outer loop
      vertex   4.916638e-02 -1.785269e-01 -5.273879e-02
      vertex   5.057128e-02 -1.756710e-01 -5.020782e-02
      vertex   4.600122e-02 -1.780202e-01 -4.970717e-02
    endloop
  endfacet
  facet normal 4.770019e-01 -7.026002e-01 5.280361e-01
    outer loop
      vertex   5.297471e-02 -1.761494e-01 -5.301557e-02
      vertex   5.057128e-02 -1.756710e-01 -5.020782e-02
      vertex   4.916638e-02 -1.785269e-01 -5.273879e-02
    endloop
  endfacet
  facet normal 5.183370e-01 -6.509435e-01 5.546164e-01
    outer loop
      vertex   5.297471e-02 -1.761494e-01 -5.301557e-02
      vertex   5.562142e-02 -1.717623e-01 -5.034002e-02
      vertex   5.057128e-02 -1.756710e-01 -5.020782e-02
    endloop
  endfacet
  facet normal 5.983735e-01 -5.770528e-01 5.558410e-01
    outer loop
      vertex   5.796192e-02 -1.717773e-01 -5.287524e-02
      vertex   5.900359e-02 -1.681461e-01 -5.022681e-02
      vertex   5.562142e-02 -1.717623e-01 -5.034002e-02
    endloop
  endfacet
  facet normal 8.271781e-01 -1.282774e-01 5.471026e-01
    outer loop
      vertex   7.119000e-02 -1.461751e-01 -5.287524e-02
      vertex   7.028222e-02 -1.428685e-01 -5.072746e-02
      vertex   6.951670e-02 -1.478049e-01 -5.072746e-02
    endloop
  endfacet
  facet normal 1.985839e-01 -8.130944e-01 5.472130e-01
    outer loop
      vertex   3.372105e-02 -1.845193e-01 -5.287524e-02
      vertex   3.909333e-02 -1.824731e-01 -5.178439e-02
      vertex   3.318668e-02 -1.827785e-01 -5.009461e-02
    endloop
  endfacet
  facet normal 3.054042e-01 -7.853421e-01 5.384849e-01
    outer loop
      vertex   4.223780e-02 -1.823778e-01 -5.342880e-02
      vertex   4.457297e-02 -1.802515e-01 -5.165218e-02
      vertex   3.909333e-02 -1.824731e-01 -5.178439e-02
    endloop
  endfacet
  facet normal 5.559558e-01 -6.507699e-01 5.171186e-01
    outer loop
      vertex   5.796192e-02 -1.717773e-01 -5.287524e-02
      vertex   5.562142e-02 -1.717623e-01 -5.034002e-02
      vertex   5.297471e-02 -1.761494e-01 -5.301557e-02
    endloop
  endfacet
  facet normal 6.441991e-01 -5.626643e-01 5.180892e-01
    outer loop
      vertex   6.216367e-02 -1.674764e-01 -5.342880e-02
      vertex   5.900359e-02 -1.681461e-01 -5.022681e-02
      vertex   5.796192e-02 -1.717773e-01 -5.287524e-02
    endloop
  endfacet
  facet normal 6.495558e-01 -5.487202e-01 5.262921e-01
    outer loop
      vertex   6.216367e-02 -1.674764e-01 -5.342880e-02
      vertex   6.204130e-02 -1.655287e-01 -5.124710e-02
      vertex   5.900359e-02 -1.681461e-01 -5.022681e-02
    endloop
  endfacet
  facet normal 7.188760e-01 -4.980453e-01 4.849414e-01
    outer loop
      vertex   6.513337e-02 -1.640236e-01 -5.428495e-02
      vertex   6.204130e-02 -1.655287e-01 -5.124710e-02
      vertex   6.216367e-02 -1.674764e-01 -5.342880e-02
    endloop
  endfacet
  facet normal 7.249921e-01 -4.663180e-01 5.068865e-01
    outer loop
      vertex   6.513337e-02 -1.640236e-01 -5.428495e-02
      vertex   6.555100e-02 -1.612579e-01 -5.233795e-02
      vertex   6.204130e-02 -1.655287e-01 -5.124710e-02
    endloop
  endfacet
  facet normal 7.948388e-01 -3.196838e-01 5.157843e-01
    outer loop
      vertex   6.859650e-02 -1.568071e-01 -5.370947e-02
      vertex   6.832398e-02 -1.537319e-01 -5.138354e-02
      vertex   6.682141e-02 -1.581146e-01 -5.178439e-02
    endloop
  endfacet
  facet normal 8.248297e-01 -2.234705e-01 5.193428e-01
    outer loop
      vertex   7.084601e-02 -1.508316e-01 -5.414108e-02
      vertex   6.951670e-02 -1.478049e-01 -5.072746e-02
      vertex   6.832398e-02 -1.537319e-01 -5.138354e-02
    endloop
  endfacet
  facet normal 8.405602e-01 -1.990558e-01 5.038208e-01
    outer loop
      vertex   7.119000e-02 -1.461751e-01 -5.287524e-02
      vertex   6.951670e-02 -1.478049e-01 -5.072746e-02
      vertex   7.084601e-02 -1.508316e-01 -5.414108e-02
    endloop
  endfacet
  facet normal 8.765711e-01 -6.875136e-02 4.763363e-01
    outer loop
      vertex   7.270953e-02 -1.385130e-01 -5.456563e-02
      vertex   7.028222e-02 -1.428685e-01 -5.072746e-02
      vertex   7.119000e-02 -1.461751e-01 -5.287524e-02
    endloop
  endfacet
  facet normal 8.691015e-01 -5.076623e-02 4.920218e-01
    outer loop
      vertex   7.270953e-02 -1.385130e-01 -5.456563e-02
      vertex   7.084081e-02 -1.385130e-01 -5.126475e-02
      vertex   7.028222e-02 -1.428685e-01 -5.072746e-02
    endloop
  endfacet
  facet normal 2.274372e-01 -8.502217e-01 4.747581e-01
    outer loop
      vertex   3.860588e-02 -1.844814e-01 -5.514743e-02
      vertex   3.909333e-02 -1.824731e-01 -5.178439e-02
      vertex   3.372105e-02 -1.845193e-01 -5.287524e-02
    endloop
  endfacet
  facet normal 2.686650e-01 -8.436414e-01 4.648529e-01
    outer loop
      vertex   3.860588e-02 -1.844814e-01 -5.514743e-02
      vertex   4.223780e-02 -1.823778e-01 -5.342880e-02
      vertex   3.909333e-02 -1.824731e-01 -5.178439e-02
    endloop
  endfacet
  facet normal 3.709397e-01 -8.005902e-01 4.705944e-01
    outer loop
      vertex   4.681183e-02 -1.809267e-01 -5.456563e-02
      vertex   4.457297e-02 -1.802515e-01 -5.165218e-02
      vertex   4.223780e-02 -1.823778e-01 -5.342880e-02
    endloop
  endfacet
  facet normal 4.056152e-01 -7.713162e-01 4.904566e-01
    outer loop
      vertex   4.681183e-02 -1.809267e-01 -5.456563e-02
      vertex   4.916638e-02 -1.785269e-01 -5.273879e-02
      vertex   4.457297e-02 -1.802515e-01 -5.165218e-02
    endloop
  endfacet
  facet normal 5.752233e-01 -6.711591e-01 4.676148e-01
    outer loop
      vertex   5.603068e-02 -1.751180e-01 -5.529446e-02
      vertex   5.796192e-02 -1.717773e-01 -5.287524e-02
      vertex   5.297471e-02 -1.761494e-01 -5.301557e-02
    endloop
  endfacet
  facet normal 6.614156e-01 -5.858994e-01 4.682429e-01
    outer loop
      vertex   6.026240e-02 -1.709962e-01 -5.514743e-02
      vertex   6.216367e-02 -1.674764e-01 -5.342880e-02
      vertex   5.796192e-02 -1.717773e-01 -5.287524e-02
    endloop
  endfacet
  facet normal 7.929002e-01 -4.012239e-01 4.586160e-01
    outer loop
      vertex   6.859650e-02 -1.568071e-01 -5.370947e-02
      vertex   6.682141e-02 -1.581146e-01 -5.178439e-02
      vertex   6.555100e-02 -1.612579e-01 -5.233795e-02
    endloop
  endfacet
  facet normal 8.368626e-01 -2.811164e-01 4.697175e-01
    outer loop
      vertex   7.084601e-02 -1.508316e-01 -5.414108e-02
      vertex   6.832398e-02 -1.537319e-01 -5.138354e-02
      vertex   6.859650e-02 -1.568071e-01 -5.370947e-02
    endloop
  endfacet
  facet normal 1.956103e-01 -8.928639e-01 4.056237e-01
    outer loop
      vertex   3.470098e-02 -1.861453e-01 -5.692702e-02
      vertex   3.860588e-02 -1.844814e-01 -5.514743e-02
      vertex   3.372105e-02 -1.845193e-01 -5.287524e-02
    endloop
  endfacet
  facet normal 3.091668e-01 -8.619935e-01 4.017251e-01
    outer loop
      vertex   4.327653e-02 -1.832170e-01 -5.602887e-02
      vertex   4.223780e-02 -1.823778e-01 -5.342880e-02
      vertex   3.860588e-02 -1.844814e-01 -5.514743e-02
    endloop
  endfacet
  facet normal 3.672461e-01 -8.322463e-01 4.153268e-01
    outer loop
      vertex   4.327653e-02 -1.832170e-01 -5.602887e-02
      vertex   4.681183e-02 -1.809267e-01 -5.456563e-02
      vertex   4.223780e-02 -1.823778e-01 -5.342880e-02
    endloop
  endfacet
  facet normal 4.692696e-01 -7.781699e-01 4.174178e-01
    outer loop
      vertex   5.214057e-02 -1.783374e-01 -5.572924e-02
      vertex   4.916638e-02 -1.785269e-01 -5.273879e-02
      vertex   4.681183e-02 -1.809267e-01 -5.456563e-02
    endloop
  endfacet
  facet normal 4.968586e-01 -7.438374e-01 4.470318e-01
    outer loop
      vertex   5.214057e-02 -1.783374e-01 -5.572924e-02
      vertex   5.297471e-02 -1.761494e-01 -5.301557e-02
      vertex   4.916638e-02 -1.785269e-01 -5.273879e-02
    endloop
  endfacet
  facet normal 5.526136e-01 -7.235887e-01 4.135669e-01
    outer loop
      vertex   5.603068e-02 -1.751180e-01 -5.529446e-02
      vertex   5.297471e-02 -1.761494e-01 -5.301557e-02
      vertex   5.214057e-02 -1.783374e-01 -5.572924e-02
    endloop
  endfacet
  facet normal 6.290920e-01 -6.604882e-01 4.098764e-01
    outer loop
      vertex   6.026240e-02 -1.709962e-01 -5.514743e-02
      vertex   5.796192e-02 -1.717773e-01 -5.287524e-02
      vertex   5.603068e-02 -1.751180e-01 -5.529446e-02
    endloop
  endfacet
  facet normal 7.179749e-01 -5.775350e-01 3.885426e-01
    outer loop
      vertex   6.428437e-02 -1.668878e-01 -5.647276e-02
      vertex   6.216367e-02 -1.674764e-01 -5.342880e-02
      vertex   6.026240e-02 -1.709962e-01 -5.514743e-02
    endloop
  endfacet
  facet normal 7.389053e-01 -5.334454e-01 4.116492e-01
    outer loop
      vertex   6.428437e-02 -1.668878e-01 -5.647276e-02
      vertex   6.513337e-02 -1.640236e-01 -5.428495e-02
      vertex   6.216367e-02 -1.674764e-01 -5.342880e-02
    endloop
  endfacet
  facet normal 7.942474e-01 -4.253663e-01 4.338601e-01
    outer loop
      vertex   6.838381e-02 -1.595803e-01 -5.587905e-02
      vertex   6.555100e-02 -1.612579e-01 -5.233795e-02
      vertex   6.513337e-02 -1.640236e-01 -5.428495e-02
    endloop
  endfacet
  facet normal 7.972904e-01 -4.086687e-01 4.442049e-01
    outer loop
      vertex   6.838381e-02 -1.595803e-01 -5.587905e-02
      vertex   6.859650e-02 -1.568071e-01 -5.370947e-02
      vertex   6.555100e-02 -1.612579e-01 -5.233795e-02
    endloop
  endfacet
  facet normal 8.543275e-01 -3.593123e-01 3.755254e-01
    outer loop
      vertex   7.060166e-02 -1.547709e-01 -5.632294e-02
      vertex   6.859650e-02 -1.568071e-01 -5.370947e-02
      vertex   6.838381e-02 -1.595803e-01 -5.587905e-02
    endloop
  endfacet
  facet normal 8.550057e-01 -2.908603e-01 4.293782e-01
    outer loop
      vertex   7.060166e-02 -1.547709e-01 -5.632294e-02
      vertex   7.084601e-02 -1.508316e-01 -5.414108e-02
      vertex   6.859650e-02 -1.568071e-01 -5.370947e-02
    endloop
  endfacet
  facet normal 8.892202e-01 -1.800196e-01 4.205716e-01
    outer loop
      vertex   7.272378e-02 -1.466536e-01 -5.632294e-02
      vertex   7.119000e-02 -1.461751e-01 -5.287524e-02
      vertex   7.084601e-02 -1.508316e-01 -5.414108e-02
    endloop
  endfacet
  facet normal 9.055281e-01 -8.801317e-02 4.150573e-01
    outer loop
      vertex   7.272378e-02 -1.466536e-01 -5.632294e-02
      vertex   7.270953e-02 -1.385130e-01 -5.456563e-02
      vertex   7.119000e-02 -1.461751e-01 -5.287524e-02
    endloop
  endfacet
  facet normal 5.960774e-01 -1.684282e-01 7.850629e-01
    outer loop
      vertex   7.299997e-02 -1.429088e-01 -5.572924e-02
      vertex   7.270953e-02 -1.385130e-01 -5.456563e-02
      vertex   7.272378e-02 -1.466536e-01 -5.632294e-02
    endloop
  endfacet
  facet normal 2.355003e-01 -9.119626e-01 3.359521e-01
    outer loop
      vertex   3.826920e-02 -1.857236e-01 -5.828345e-02
      vertex   3.860588e-02 -1.844814e-01 -5.514743e-02
      vertex   3.470098e-02 -1.861453e-01 -5.692702e-02
    endloop
  endfacet
  facet normal 4.076154e-01 -8.470864e-01 3.410194e-01
    outer loop
      vertex   4.860070e-02 -1.810124e-01 -5.691665e-02
      vertex   4.681183e-02 -1.809267e-01 -5.456563e-02
      vertex   4.327653e-02 -1.832170e-01 -5.602887e-02
    endloop
  endfacet
  facet normal 4.699921e-01 -7.935377e-01 3.865299e-01
    outer loop
      vertex   4.860070e-02 -1.810124e-01 -5.691665e-02
      vertex   5.214057e-02 -1.783374e-01 -5.572924e-02
      vertex   4.681183e-02 -1.809267e-01 -5.456563e-02
    endloop
  endfacet
  facet normal 7.238130e-01 -5.969741e-01 3.460009e-01
    outer loop
      vertex   6.141797e-02 -1.711483e-01 -5.782718e-02
      vertex   6.428437e-02 -1.668878e-01 -5.647276e-02
      vertex   6.026240e-02 -1.709962e-01 -5.514743e-02
    endloop
  endfacet
  facet normal 8.003670e-01 -4.952692e-01 3.378180e-01
    outer loop
      vertex   6.738072e-02 -1.633268e-01 -5.858789e-02
      vertex   6.513337e-02 -1.640236e-01 -5.428495e-02
      vertex   6.428437e-02 -1.668878e-01 -5.647276e-02
    endloop
  endfacet
  facet normal 8.117555e-01 -4.689688e-01 3.480249e-01
    outer loop
      vertex   6.738072e-02 -1.633268e-01 -5.858789e-02
      vertex   6.838381e-02 -1.595803e-01 -5.587905e-02
      vertex   6.513337e-02 -1.640236e-01 -5.428495e-02
    endloop
  endfacet
  facet normal 8.926914e-01 -2.594683e-01 3.684810e-01
    outer loop
      vertex   7.229472e-02 -1.506469e-01 -5.752072e-02
      vertex   7.084601e-02 -1.508316e-01 -5.414108e-02
      vertex   7.060166e-02 -1.547709e-01 -5.632294e-02
    endloop
  endfacet
  facet normal 9.027886e-01 -2.096384e-01 3.755323e-01
    outer loop
      vertex   7.272378e-02 -1.466536e-01 -5.632294e-02
      vertex   7.084601e-02 -1.508316e-01 -5.414108e-02
      vertex   7.229472e-02 -1.506469e-01 -5.752072e-02
    endloop
  endfacet
  facet normal 9.402869e-01 -2.767751e-02 3.392559e-01
    outer loop
      vertex   7.399687e-02 -1.385130e-01 -5.813363e-02
      vertex   7.270953e-02 -1.385130e-01 -5.456563e-02
      vertex   7.299997e-02 -1.429088e-01 -5.572924e-02
    endloop
  endfacet
  facet normal 3.147354e-01 -8.935562e-01 3.201545e-01
    outer loop
      vertex   4.219291e-02 -1.847252e-01 -5.935424e-02
      vertex   3.860588e-02 -1.844814e-01 -5.514743e-02
      vertex   3.826920e-02 -1.857236e-01 -5.828345e-02
    endloop
  endfacet
  facet normal 3.025210e-01 -9.012578e-01 3.101861e-01
    outer loop
      vertex   4.219291e-02 -1.847252e-01 -5.935424e-02
      vertex   4.327653e-02 -1.832170e-01 -5.602887e-02
      vertex   3.860588e-02 -1.844814e-01 -5.514743e-02
    endloop
  endfacet
  facet normal 4.067130e-01 -8.700202e-01 2.786564e-01
    outer loop
      vertex   4.671712e-02 -1.829734e-01 -6.029013e-02
      vertex   4.860070e-02 -1.810124e-01 -5.691665e-02
      vertex   4.327653e-02 -1.832170e-01 -5.602887e-02
    endloop
  endfacet
  facet normal 5.079717e-01 -8.065039e-01 3.025164e-01
    outer loop
      vertex   5.177847e-02 -1.798097e-01 -5.904617e-02
      vertex   5.214057e-02 -1.783374e-01 -5.572924e-02
      vertex   4.860070e-02 -1.810124e-01 -5.691665e-02
    endloop
  endfacet
  facet normal 5.956408e-01 -7.562796e-01 2.706535e-01
    outer loop
      vertex   5.177847e-02 -1.798097e-01 -5.904617e-02
      vertex   5.603068e-02 -1.751180e-01 -5.529446e-02
      vertex   5.214057e-02 -1.783374e-01 -5.572924e-02
    endloop
  endfacet
  facet normal 5.590550e-01 -7.640954e-01 3.218941e-01
    outer loop
      vertex   5.701803e-02 -1.755880e-01 -5.812481e-02
      vertex   5.603068e-02 -1.751180e-01 -5.529446e-02
      vertex   5.177847e-02 -1.798097e-01 -5.904617e-02
    endloop
  endfacet
  facet normal 6.501787e-01 -6.796324e-01 3.396578e-01
    outer loop
      vertex   5.701803e-02 -1.755880e-01 -5.812481e-02
      vertex   6.026240e-02 -1.709962e-01 -5.514743e-02
      vertex   5.603068e-02 -1.751180e-01 -5.529446e-02
    endloop
  endfacet
  facet normal 6.611501e-01 -6.769179e-01 3.235161e-01
    outer loop
      vertex   6.141797e-02 -1.711483e-01 -5.782718e-02
      vertex   6.026240e-02 -1.709962e-01 -5.514743e-02
      vertex   5.701803e-02 -1.755880e-01 -5.812481e-02
    endloop
  endfacet
  facet normal 8.617759e-01 -3.648789e-01 3.524282e-01
    outer loop
      vertex   6.975726e-02 -1.585055e-01 -5.812481e-02
      vertex   7.060166e-02 -1.547709e-01 -5.632294e-02
      vertex   6.838381e-02 -1.595803e-01 -5.587905e-02
    endloop
  endfacet
  facet normal 9.444778e-01 -1.182599e-01 3.065556e-01
    outer loop
      vertex   7.393088e-02 -1.436726e-01 -5.889194e-02
      vertex   7.299997e-02 -1.429088e-01 -5.572924e-02
      vertex   7.272378e-02 -1.466536e-01 -5.632294e-02
    endloop
  endfacet
  facet normal 9.541258e-01 -5.544517e-02 2.942274e-01
    outer loop
      vertex   7.393088e-02 -1.436726e-01 -5.889194e-02
      vertex   7.399687e-02 -1.385130e-01 -5.813363e-02
      vertex   7.299997e-02 -1.429088e-01 -5.572924e-02
    endloop
  endfacet
  facet normal 3.956788e-01 -8.780212e-01 2.692899e-01
    outer loop
      vertex   4.219291e-02 -1.847252e-01 -5.935424e-02
      vertex   4.671712e-02 -1.829734e-01 -6.029013e-02
      vertex   4.327653e-02 -1.832170e-01 -5.602887e-02
    endloop
  endfacet
  facet normal 4.749353e-01 -8.497604e-01 2.287874e-01
    outer loop
      vertex   5.177847e-02 -1.798097e-01 -5.904617e-02
      vertex   4.860070e-02 -1.810124e-01 -5.691665e-02
      vertex   4.671712e-02 -1.829734e-01 -6.029013e-02
    endloop
  endfacet
  facet normal 7.625040e-01 -5.943034e-01 2.557169e-01
    outer loop
      vertex   6.323542e-02 -1.700419e-01 -6.067511e-02
      vertex   6.428437e-02 -1.668878e-01 -5.647276e-02
      vertex   6.141797e-02 -1.711483e-01 -5.782718e-02
    endloop
  endfacet
  facet normal 7.707728e-01 -5.868391e-01 2.480507e-01
    outer loop
      vertex   6.561575e-02 -1.670133e-01 -6.090666e-02
      vertex   6.428437e-02 -1.668878e-01 -5.647276e-02
      vertex   6.323542e-02 -1.700419e-01 -6.067511e-02
    endloop
  endfacet
  facet normal 7.995877e-01 -5.434991e-01 2.554764e-01
    outer loop
      vertex   6.738072e-02 -1.633268e-01 -5.858789e-02
      vertex   6.428437e-02 -1.668878e-01 -5.647276e-02
      vertex   6.561575e-02 -1.670133e-01 -6.090666e-02
    endloop
  endfacet
  facet normal 8.429930e-01 -4.446196e-01 3.027809e-01
    outer loop
      vertex   6.738072e-02 -1.633268e-01 -5.858789e-02
      vertex   6.975726e-02 -1.585055e-01 -5.812481e-02
      vertex   6.838381e-02 -1.595803e-01 -5.587905e-02
    endloop
  endfacet
  facet normal 8.998209e-01 -3.370695e-01 2.769594e-01
    outer loop
      vertex   7.174035e-02 -1.542188e-01 -5.935061e-02
      vertex   7.060166e-02 -1.547709e-01 -5.632294e-02
      vertex   6.975726e-02 -1.585055e-01 -5.812481e-02
    endloop
  endfacet
  facet normal 9.119579e-01 -2.901498e-01 2.900790e-01
    outer loop
      vertex   7.174035e-02 -1.542188e-01 -5.935061e-02
      vertex   7.229472e-02 -1.506469e-01 -5.752072e-02
      vertex   7.060166e-02 -1.547709e-01 -5.632294e-02
    endloop
  endfacet
  facet normal 9.486947e-01 -1.799212e-01 2.600130e-01
    outer loop
      vertex   7.356320e-02 -1.484036e-01 -6.059658e-02
      vertex   7.272378e-02 -1.466536e-01 -5.632294e-02
      vertex   7.229472e-02 -1.506469e-01 -5.752072e-02
    endloop
  endfacet
  facet normal 9.525847e-01 -1.659304e-01 2.550482e-01
    outer loop
      vertex   7.393088e-02 -1.436726e-01 -5.889194e-02
      vertex   7.272378e-02 -1.466536e-01 -5.632294e-02
      vertex   7.356320e-02 -1.484036e-01 -6.059658e-02
    endloop
  endfacet
  facet normal 2.063950e-01 -9.463347e-01 2.487003e-01
    outer loop
      vertex   3.490484e-02 -1.871463e-01 -6.090504e-02
      vertex   3.826920e-02 -1.857236e-01 -5.828345e-02
      vertex   3.470098e-02 -1.861453e-01 -5.692702e-02
    endloop
  endfacet
  facet normal 5.869421e-01 -7.776355e-01 2.253484e-01
    outer loop
      vertex   5.695375e-02 -1.765554e-01 -6.129587e-02
      vertex   5.701803e-02 -1.755880e-01 -5.812481e-02
      vertex   5.177847e-02 -1.798097e-01 -5.904617e-02
    endloop
  endfacet
  facet normal 6.504593e-01 -7.300635e-01 2.095473e-01
    outer loop
      vertex   6.006663e-02 -1.735796e-01 -6.059092e-02
      vertex   5.701803e-02 -1.755880e-01 -5.812481e-02
      vertex   5.695375e-02 -1.765554e-01 -6.129587e-02
    endloop
  endfacet
  facet normal 6.738101e-01 -6.861564e-01 2.741704e-01
    outer loop
      vertex   6.006663e-02 -1.735796e-01 -6.059092e-02
      vertex   6.141797e-02 -1.711483e-01 -5.782718e-02
      vertex   5.701803e-02 -1.755880e-01 -5.812481e-02
    endloop
  endfacet
  facet normal 8.664849e-01 -4.482259e-01 2.197668e-01
    outer loop
      vertex   7.004962e-02 -1.593799e-01 -6.106089e-02
      vertex   6.975726e-02 -1.585055e-01 -5.812481e-02
      vertex   6.738072e-02 -1.633268e-01 -5.858789e-02
    endloop
  endfacet
  facet normal 9.098838e-01 -3.640148e-01 1.990095e-01
    outer loop
      vertex   7.004962e-02 -1.593799e-01 -6.106089e-02
      vertex   7.174035e-02 -1.542188e-01 -5.935061e-02
      vertex   6.975726e-02 -1.585055e-01 -5.812481e-02
    endloop
  endfacet
  facet normal 9.454939e-01 -2.522501e-01 2.059399e-01
    outer loop
      vertex   7.174035e-02 -1.542188e-01 -5.935061e-02
      vertex   7.356320e-02 -1.484036e-01 -6.059658e-02
      vertex   7.229472e-02 -1.506469e-01 -5.752072e-02
    endloop
  endfacet
  facet normal 2.915033e-01 -9.463455e-01 1.394846e-01
    outer loop
      vertex   3.896058e-02 -1.865006e-01 -6.500000e-02
      vertex   3.826920e-02 -1.857236e-01 -5.828345e-02
      vertex   3.490484e-02 -1.871463e-01 -6.090504e-02
    endloop
  endfacet
  facet normal 2.795873e-01 -9.500510e-01 1.386867e-01
    outer loop
      vertex   3.896058e-02 -1.865006e-01 -6.500000e-02
      vertex   4.219291e-02 -1.847252e-01 -5.935424e-02
      vertex   3.826920e-02 -1.857236e-01 -5.828345e-02
    endloop
  endfacet
  facet normal 3.862155e-01 -9.065975e-01 1.700544e-01
    outer loop
      vertex   4.258885e-02 -1.851414e-01 -6.247242e-02
      vertex   4.671712e-02 -1.829734e-01 -6.029013e-02
      vertex   4.219291e-02 -1.847252e-01 -5.935424e-02
    endloop
  endfacet
  facet normal 4.882485e-01 -8.532150e-01 1.834053e-01
    outer loop
      vertex   5.226445e-02 -1.801327e-01 -6.184255e-02
      vertex   5.177847e-02 -1.798097e-01 -5.904617e-02
      vertex   4.671712e-02 -1.829734e-01 -6.029013e-02
    endloop
  endfacet
  facet normal 5.809288e-01 -7.909087e-01 1.923152e-01
    outer loop
      vertex   5.226445e-02 -1.801327e-01 -6.184255e-02
      vertex   5.695375e-02 -1.765554e-01 -6.129587e-02
      vertex   5.177847e-02 -1.798097e-01 -5.904617e-02
    endloop
  endfacet
  facet normal 7.301734e-01 -6.489297e-01 2.138621e-01
    outer loop
      vertex   6.323542e-02 -1.700419e-01 -6.067511e-02
      vertex   6.141797e-02 -1.711483e-01 -5.782718e-02
      vertex   6.006663e-02 -1.735796e-01 -6.059092e-02
    endloop
  endfacet
  facet normal 8.332033e-01 -5.189718e-01 1.908939e-01
    outer loop
      vertex   6.819440e-02 -1.632754e-01 -6.199961e-02
      vertex   6.738072e-02 -1.633268e-01 -5.858789e-02
      vertex   6.561575e-02 -1.670133e-01 -6.090666e-02
    endloop
  endfacet
  facet normal 8.651835e-01 -4.601021e-01 1.994082e-01
    outer loop
      vertex   6.819440e-02 -1.632754e-01 -6.199961e-02
      vertex   7.004962e-02 -1.593799e-01 -6.106089e-02
      vertex   6.738072e-02 -1.633268e-01 -5.858789e-02
    endloop
  endfacet
  facet normal 9.208574e-01 -3.550531e-01 1.611176e-01
    outer loop
      vertex   7.237110e-02 -1.537137e-01 -6.184255e-02
      vertex   7.174035e-02 -1.542188e-01 -5.935061e-02
      vertex   7.004962e-02 -1.593799e-01 -6.106089e-02
    endloop
  endfacet
  facet normal 9.479982e-01 -2.569043e-01 1.878817e-01
    outer loop
      vertex   7.237110e-02 -1.537137e-01 -6.184255e-02
      vertex   7.356320e-02 -1.484036e-01 -6.059658e-02
      vertex   7.174035e-02 -1.542188e-01 -5.935061e-02
    endloop
  endfacet
  facet normal 9.695062e-01 -1.462118e-01 1.966720e-01
    outer loop
      vertex   7.441853e-02 -1.444079e-01 -6.184255e-02
      vertex   7.393088e-02 -1.436726e-01 -5.889194e-02
      vertex   7.356320e-02 -1.484036e-01 -6.059658e-02
    endloop
  endfacet
  facet normal 9.843461e-01 -3.788604e-02 1.721260e-01
    outer loop
      vertex   7.441853e-02 -1.444079e-01 -6.184255e-02
      vertex   7.399687e-02 -1.385130e-01 -5.813363e-02
      vertex   7.393088e-02 -1.436726e-01 -5.889194e-02
    endloop
  endfacet
  facet normal 9.892949e-01 -2.016940e-02 1.445298e-01
    outer loop
      vertex   7.500000e-02 -1.385130e-01 -6.500000e-02
      vertex   7.399687e-02 -1.385130e-01 -5.813363e-02
      vertex   7.441853e-02 -1.444079e-01 -6.184255e-02
    endloop
  endfacet
  facet normal 2.472978e-01 -9.558076e-01 1.589834e-01
    outer loop
      vertex   4.258885e-02 -1.851414e-01 -6.247242e-02
      vertex   4.219291e-02 -1.847252e-01 -5.935424e-02
      vertex   3.896058e-02 -1.865006e-01 -6.500000e-02
    endloop
  endfacet
  facet normal 4.767583e-01 -8.724881e-01 1.070797e-01
    outer loop
      vertex   5.024210e-02 -1.816253e-01 -6.500000e-02
      vertex   5.226445e-02 -1.801327e-01 -6.184255e-02
      vertex   4.671712e-02 -1.829734e-01 -6.029013e-02
    endloop
  endfacet
  facet normal 6.774321e-01 -7.300245e-01 9.027750e-02
    outer loop
      vertex   6.034944e-02 -1.738624e-01 -6.500000e-02
      vertex   6.006663e-02 -1.735796e-01 -6.059092e-02
      vertex   5.695375e-02 -1.765554e-01 -6.129587e-02
    endloop
  endfacet
  facet normal 7.429130e-01 -6.632834e-01 9.019670e-02
    outer loop
      vertex   6.034944e-02 -1.738624e-01 -6.500000e-02
      vertex   6.323542e-02 -1.700419e-01 -6.067511e-02
      vertex   6.006663e-02 -1.735796e-01 -6.059092e-02
    endloop
  endfacet
  facet normal 2.183720e-01 -9.738482e-01 6.271689e-02
    outer loop
      vertex   3.317549e-02 -1.877978e-01 -6.500000e-02
      vertex   3.896058e-02 -1.865006e-01 -6.500000e-02
      vertex   3.490484e-02 -1.871463e-01 -6.090504e-02
    endloop
  endfacet
  facet normal 4.188637e-01 -9.020946e-01 1.038198e-01
    outer loop
      vertex   4.496561e-02 -1.843287e-01 -6.500000e-02
      vertex   4.671712e-02 -1.829734e-01 -6.029013e-02
      vertex   4.258885e-02 -1.851414e-01 -6.247242e-02
    endloop
  endfacet
  facet normal 4.542929e-01 -8.866715e-01 8.620625e-02
    outer loop
      vertex   5.024210e-02 -1.816253e-01 -6.500000e-02
      vertex   4.671712e-02 -1.829734e-01 -6.029013e-02
      vertex   4.496561e-02 -1.843287e-01 -6.500000e-02
    endloop
  endfacet
  facet normal 5.667119e-01 -8.234960e-01 2.630503e-02
    outer loop
      vertex   5.625031e-02 -1.774906e-01 -6.500000e-02
      vertex   5.226445e-02 -1.801327e-01 -6.184255e-02
      vertex   5.024210e-02 -1.816253e-01 -6.500000e-02
    endloop
  endfacet
  facet normal 5.977041e-01 -7.969081e-01 8.767687e-02
    outer loop
      vertex   5.625031e-02 -1.774906e-01 -6.500000e-02
      vertex   5.695375e-02 -1.765554e-01 -6.129587e-02
      vertex   5.226445e-02 -1.801327e-01 -6.184255e-02
    endloop
  endfacet
  facet normal 6.614571e-01 -7.473278e-01 6.305276e-02
    outer loop
      vertex   5.625031e-02 -1.774906e-01 -6.500000e-02
      vertex   6.034944e-02 -1.738624e-01 -6.500000e-02
      vertex   5.695375e-02 -1.765554e-01 -6.129587e-02
    endloop
  endfacet
  facet normal 7.460761e-01 -6.603493e-01 8.549395e-02
    outer loop
      vertex   6.397757e-02 -1.697633e-01 -6.500000e-02
      vertex   6.323542e-02 -1.700419e-01 -6.067511e-02
      vertex   6.034944e-02 -1.738624e-01 -6.500000e-02
    endloop
  endfacet
  facet normal 7.861587e-01 -6.105895e-01 9.557703e-02
    outer loop
      vertex   6.397757e-02 -1.697633e-01 -6.500000e-02
      vertex   6.561575e-02 -1.670133e-01 -6.090666e-02
      vertex   6.323542e-02 -1.700419e-01 -6.067511e-02
    endloop
  endfacet
  facet normal 8.227045e-01 -5.661672e-01 5.110778e-02
    outer loop
      vertex   6.811228e-02 -1.637551e-01 -6.500000e-02
      vertex   6.561575e-02 -1.670133e-01 -6.090666e-02
      vertex   6.397757e-02 -1.697633e-01 -6.500000e-02
    endloop
  endfacet
  facet normal 8.302405e-01 -5.535105e-01 6.577859e-02
    outer loop
      vertex   6.811228e-02 -1.637551e-01 -6.500000e-02
      vertex   6.819440e-02 -1.632754e-01 -6.199961e-02
      vertex   6.561575e-02 -1.670133e-01 -6.090666e-02
    endloop
  endfacet
  facet normal 8.975964e-01 -4.384596e-01 4.553926e-02
    outer loop
      vertex   6.811228e-02 -1.637551e-01 -6.500000e-02
      vertex   7.004962e-02 -1.593799e-01 -6.106089e-02
      vertex   6.819440e-02 -1.632754e-01 -6.199961e-02
    endloop
  endfacet
  facet normal 8.928444e-01 -4.467350e-01 5.706790e-02
    outer loop
      vertex   7.117283e-02 -1.576383e-01 -6.500000e-02
      vertex   7.004962e-02 -1.593799e-01 -6.106089e-02
      vertex   6.811228e-02 -1.637551e-01 -6.500000e-02
    endloop
  endfacet
  facet normal 9.253558e-01 -3.649846e-01 1.024837e-01
    outer loop
      vertex   7.117283e-02 -1.576383e-01 -6.500000e-02
      vertex   7.237110e-02 -1.537137e-01 -6.184255e-02
      vertex   7.004962e-02 -1.593799e-01 -6.106089e-02
    endloop
  endfacet
  facet normal 9.450713e-01 -3.238983e-01 4.393307e-02
    outer loop
      vertex   7.309500e-02 -1.520298e-01 -6.500000e-02
      vertex   7.237110e-02 -1.537137e-01 -6.184255e-02
      vertex   7.117283e-02 -1.576383e-01 -6.500000e-02
    endloop
  endfacet
  facet normal 9.664410e-01 -2.390374e-01 9.409018e-02
    outer loop
      vertex   7.309500e-02 -1.520298e-01 -6.500000e-02
      vertex   7.356320e-02 -1.484036e-01 -6.059658e-02
      vertex   7.237110e-02 -1.537137e-01 -6.184255e-02
    endloop
  endfacet
  facet normal 9.781160e-01 -1.992067e-01 6.004814e-02
    outer loop
      vertex   7.455053e-02 -1.448831e-01 -6.500000e-02
      vertex   7.356320e-02 -1.484036e-01 -6.059658e-02
      vertex   7.309500e-02 -1.520298e-01 -6.500000e-02
    endloop
  endfacet
  facet normal 9.796998e-01 -1.881244e-01 6.926353e-02
    outer loop
      vertex   7.455053e-02 -1.448831e-01 -6.500000e-02
      vertex   7.441853e-02 -1.444079e-01 -6.184255e-02
      vertex   7.356320e-02 -1.484036e-01 -6.059658e-02
    endloop
  endfacet
  facet normal 9.961588e-01 -7.028902e-02 5.222075e-02
    outer loop
      vertex   7.455053e-02 -1.448831e-01 -6.500000e-02
      vertex   7.500000e-02 -1.385130e-01 -6.500000e-02
      vertex   7.441853e-02 -1.444079e-01 -6.184255e-02
    endloop
  endfacet
  facet normal 1.750536e-01 -9.811242e-01 8.216836e-02
    outer loop
      vertex   3.490484e-02 -1.871463e-01 -6.090504e-02
      vertex   3.134063e-02 -1.878347e-01 -6.153086e-02
      vertex   3.317549e-02 -1.877978e-01 -6.500000e-02
    endloop
  endfacet
  facet normal 1.414579e-01 -9.582787e-01 2.483779e-01
    outer loop
      vertex   3.470098e-02 -1.861453e-01 -5.692702e-02
      vertex   3.134063e-02 -1.878347e-01 -6.153086e-02
      vertex   3.490484e-02 -1.871463e-01 -6.090504e-02
    endloop
  endfacet
  facet normal 1.897411e-01 -9.584105e-01 2.131843e-01
    outer loop
      vertex   3.470098e-02 -1.861453e-01 -5.692702e-02
      vertex   3.123730e-02 -1.870308e-01 -5.782517e-02
      vertex   3.134063e-02 -1.878347e-01 -6.153086e-02
    endloop
  endfacet
  facet normal 1.380452e-01 -9.177310e-01 3.724423e-01
    outer loop
      vertex   3.470098e-02 -1.861453e-01 -5.692702e-02
      vertex   2.976902e-02 -1.858135e-01 -5.428142e-02
      vertex   3.123730e-02 -1.870308e-01 -5.782517e-02
    endloop
  endfacet
  facet normal 1.536693e-01 -9.036291e-01 3.998003e-01
    outer loop
      vertex   3.372105e-02 -1.845193e-01 -5.287524e-02
      vertex   2.976902e-02 -1.858135e-01 -5.428142e-02
      vertex   3.470098e-02 -1.861453e-01 -5.692702e-02
    endloop
  endfacet
  facet normal 1.045988e-01 -6.330098e-01 7.670447e-01
    outer loop
      vertex   3.554856e-02 -1.781344e-01 -4.583094e-02
      vertex   2.899834e-02 -1.780664e-01 -4.488162e-02
      vertex   3.093421e-02 -1.808466e-01 -4.743996e-02
    endloop
  endfacet
  facet normal 9.652035e-02 -6.918918e-01 7.155205e-01
    outer loop
      vertex   3.275571e-02 -1.775155e-01 -4.485576e-02
      vertex   2.899834e-02 -1.780664e-01 -4.488162e-02
      vertex   3.554856e-02 -1.781344e-01 -4.583094e-02
    endloop
  endfacet
  facet normal 7.256310e-02 -5.344333e-01 8.420901e-01
    outer loop
      vertex   3.182907e-02 -1.749620e-01 -4.315536e-02
      vertex   2.899834e-02 -1.780664e-01 -4.488162e-02
      vertex   3.275571e-02 -1.775155e-01 -4.485576e-02
    endloop
  endfacet
  facet normal 9.889619e-03 -5.586880e-01 8.293190e-01
    outer loop
      vertex   2.500000e-02 -1.792862e-01 -4.565569e-02
      vertex   2.899834e-02 -1.780664e-01 -4.488162e-02
      vertex   2.500000e-02 -1.753571e-01 -4.300875e-02
    endloop
  endfacet
  facet normal 4.626968e-02 -9.077002e-01 4.170604e-01
    outer loop
      vertex   2.500000e-02 -1.867219e-01 -5.572924e-02
      vertex   2.976902e-02 -1.858135e-01 -5.428142e-02
      vertex   2.500000e-02 -1.856649e-01 -5.342880e-02
    endloop
  endfacet
  facet normal 3.400611e-01 -9.402414e-01 1.745414e-02
    outer loop
      vertex   4.496561e-02 -1.843287e-01 -6.500000e-02
      vertex   4.258885e-02 -1.851414e-01 -6.247242e-02
      vertex   3.896058e-02 -1.865006e-01 -6.500000e-02
    endloop
  endfacet
  facet normal -1.578641e-03 -9.961563e-01 8.757917e-02
    outer loop
      vertex   -6.661338e-15 -1.883169e-01 -6.231941e-02
      vertex   -2.500000e-02 -1.881530e-01 -6.090504e-02
      vertex   -2.500000e-02 -1.885130e-01 -6.500000e-02
    endloop
  endfacet
  facet normal 5.762366e-03 -9.765821e-01 2.150679e-01
    outer loop
      vertex   -6.661338e-15 -1.883169e-01 -6.231941e-02
      vertex   -2.500000e-02 -1.875407e-01 -5.812481e-02
      vertex   -2.500000e-02 -1.881530e-01 -6.090504e-02
    endloop
  endfacet
  facet normal 9.941083e-03 -9.709841e-01 2.389373e-01
    outer loop
      vertex   -6.661338e-15 -1.867356e-01 -5.589336e-02
      vertex   -2.500000e-02 -1.875407e-01 -5.812481e-02
      vertex   -6.661338e-15 -1.883169e-01 -6.231941e-02
    endloop
  endfacet
  facet normal -5.829425e-04 -9.385505e-01 3.451415e-01
    outer loop
      vertex   -6.661338e-15 -1.867356e-01 -5.589336e-02
      vertex   -2.500000e-02 -1.863400e-01 -5.485969e-02
      vertex   -2.500000e-02 -1.875407e-01 -5.812481e-02
    endloop
  endfacet
  facet normal 4.620730e-03 -8.915041e-01 4.529890e-01
    outer loop
      vertex   -6.661338e-15 -1.867356e-01 -5.589336e-02
      vertex   -2.500000e-02 -1.850504e-01 -5.232168e-02
      vertex   -2.500000e-02 -1.863400e-01 -5.485969e-02
    endloop
  endfacet
  facet normal 5.430682e-03 -8.891649e-01 4.575546e-01
    outer loop
      vertex   -6.661338e-15 -1.843538e-01 -5.126475e-02
      vertex   -2.500000e-02 -1.850504e-01 -5.232168e-02
      vertex   -6.661338e-15 -1.867356e-01 -5.589336e-02
    endloop
  endfacet
  facet normal 1.058691e-07 -8.349729e-01 5.502911e-01
    outer loop
      vertex   -6.661338e-15 -1.843538e-01 -5.126475e-02
      vertex   -2.500000e-02 -1.836572e-01 -5.020782e-02
      vertex   -2.500000e-02 -1.850504e-01 -5.232168e-02
    endloop
  endfacet
  facet normal 6.281208e-03 -7.602421e-01 6.496095e-01
    outer loop
      vertex   -6.661338e-15 -1.843538e-01 -5.126475e-02
      vertex   -2.500000e-02 -1.813973e-01 -4.756297e-02
      vertex   -2.500000e-02 -1.836572e-01 -5.020782e-02
    endloop
  endfacet
  facet normal -2.513072e-03 -7.895770e-01 6.136464e-01
    outer loop
      vertex   -6.661338e-15 -1.818335e-01 -4.802185e-02
      vertex   -2.500000e-02 -1.813973e-01 -4.756297e-02
      vertex   -6.661338e-15 -1.843538e-01 -5.126475e-02
    endloop
  endfacet
  facet normal 2.512624e-03 -6.528515e-01 7.574818e-01
    outer loop
      vertex   -6.661338e-15 -1.818335e-01 -4.802185e-02
      vertex   -2.500000e-02 -1.782862e-01 -4.488162e-02
      vertex   -2.500000e-02 -1.813973e-01 -4.756297e-02
    endloop
  endfacet
  facet normal 0.000000e+00 -6.628397e-01 7.487613e-01
    outer loop
      vertex   -6.661338e-15 -1.782862e-01 -4.488162e-02
      vertex   -2.500000e-02 -1.782862e-01 -4.488162e-02
      vertex   -6.661338e-15 -1.818335e-01 -4.802185e-02
    endloop
  endfacet
  facet normal 0.000000e+00 -5.273051e-01 8.496760e-01
    outer loop
      vertex   -6.661338e-15 -1.782862e-01 -4.488162e-02
      vertex   -2.500000e-02 -1.747965e-01 -4.271590e-02
      vertex   -2.500000e-02 -1.782862e-01 -4.488162e-02
    endloop
  endfacet
  facet normal -1.706211e-03 -5.361003e-01 8.441526e-01
    outer loop
      vertex   -6.661338e-15 -1.750842e-01 -4.284811e-02
      vertex   -2.500000e-02 -1.747965e-01 -4.271590e-02
      vertex   -6.661338e-15 -1.782862e-01 -4.488162e-02
    endloop
  endfacet
  facet normal 3.500049e-04 -3.922366e-01 9.198643e-01
    outer loop
      vertex   -2.500000e-02 -1.715964e-01 -4.135136e-02
      vertex   -2.500000e-02 -1.747965e-01 -4.271590e-02
      vertex   -6.661338e-15 -1.750842e-01 -4.284811e-02
    endloop
  endfacet
  facet normal 8.962996e-03 -2.750844e-01 9.613783e-01
    outer loop
      vertex   -6.661338e-15 -1.669821e-01 -4.026414e-02
      vertex   -2.500000e-02 -1.691624e-01 -4.065491e-02
      vertex   -2.500000e-02 -1.715964e-01 -4.135136e-02
    endloop
  endfacet
  facet normal -1.195496e-08 -1.764201e-01 9.843150e-01
    outer loop
      vertex   -6.661338e-15 -1.669821e-01 -4.026414e-02
      vertex   -2.500000e-02 -1.666705e-01 -4.020828e-02
      vertex   -2.500000e-02 -1.691624e-01 -4.065491e-02
    endloop
  endfacet
  facet normal 1.409107e-03 -6.582146e-02 9.978304e-01
    outer loop
      vertex   -6.661338e-15 -1.669821e-01 -4.026414e-02
      vertex   -2.500000e-02 -1.635130e-01 -4.000000e-02
      vertex   -2.500000e-02 -1.666705e-01 -4.020828e-02
    endloop
  endfacet
  facet normal 2.343228e-17 -4.221185e-02 9.991087e-01
    outer loop
      vertex   -2.500000e-02 -1.635130e-01 -4.000000e-02
      vertex   2.500000e-02 -1.654107e-01 -4.008018e-02
      vertex   2.500000e-02 -1.635130e-01 -4.000000e-02
    endloop
  endfacet
  facet normal -1.763675e-03 -8.855170e-02 9.960700e-01
    outer loop
      vertex   -6.661338e-15 -1.669821e-01 -4.026414e-02
      vertex   2.500000e-02 -1.654107e-01 -4.008018e-02
      vertex   -2.500000e-02 -1.635130e-01 -4.000000e-02
    endloop
  endfacet
  facet normal 6.415456e-04 -1.263386e-01 9.919870e-01
    outer loop
      vertex   -6.661338e-15 -1.669821e-01 -4.026414e-02
      vertex   2.500000e-02 -1.679221e-01 -4.040002e-02
      vertex   2.500000e-02 -1.654107e-01 -4.008018e-02
    endloop
  endfacet
  facet normal -4.480465e-03 -2.588039e-01 9.659195e-01
    outer loop
      vertex   -6.661338e-15 -1.669821e-01 -4.026414e-02
      vertex   2.500000e-02 -1.715860e-01 -4.138171e-02
      vertex   2.500000e-02 -1.679221e-01 -4.040002e-02
    endloop
  endfacet
  facet normal 6.386813e-04 -2.326194e-01 9.725676e-01
    outer loop
      vertex   -2.500000e-02 -1.715964e-01 -4.135136e-02
      vertex   2.500000e-02 -1.715860e-01 -4.138171e-02
      vertex   -6.661338e-15 -1.669821e-01 -4.026414e-02
    endloop
  endfacet
  facet normal 6.396039e-04 -3.961503e-01 9.181854e-01
    outer loop
      vertex   -2.500000e-02 -1.715964e-01 -4.135136e-02
      vertex   2.500000e-02 -1.753571e-01 -4.300875e-02
      vertex   2.500000e-02 -1.715860e-01 -4.138171e-02
    endloop
  endfacet
  facet normal 1.744557e-03 -3.837697e-01 9.234272e-01
    outer loop
      vertex   -6.661338e-15 -1.750842e-01 -4.284811e-02
      vertex   2.500000e-02 -1.753571e-01 -4.300875e-02
      vertex   -2.500000e-02 -1.715964e-01 -4.135136e-02
    endloop
  endfacet
  facet normal -4.275735e-04 -5.361010e-01 8.441537e-01
    outer loop
      vertex   -6.661338e-15 -1.782862e-01 -4.488162e-02
      vertex   2.500000e-02 -1.753571e-01 -4.300875e-02
      vertex   -6.661338e-15 -1.750842e-01 -4.284811e-02
    endloop
  endfacet
  facet normal 3.330297e-03 -5.587122e-01 8.293549e-01
    outer loop
      vertex   -6.661338e-15 -1.782862e-01 -4.488162e-02
      vertex   2.500000e-02 -1.792862e-01 -4.565569e-02
      vertex   2.500000e-02 -1.753571e-01 -4.300875e-02
    endloop
  endfacet
  facet normal -3.330269e-03 -6.628361e-01 7.487571e-01
    outer loop
      vertex   -6.661338e-15 -1.818335e-01 -4.802185e-02
      vertex   2.500000e-02 -1.792862e-01 -4.565569e-02
      vertex   -6.661338e-15 -1.782862e-01 -4.488162e-02
    endloop
  endfacet
  facet normal 4.277318e-04 -6.828307e-01 7.305765e-01
    outer loop
      vertex   -6.661338e-15 -1.818335e-01 -4.802185e-02
      vertex   2.500000e-02 -1.820574e-01 -4.824576e-02
      vertex   2.500000e-02 -1.792862e-01 -4.565569e-02
    endloop
  endfacet
  facet normal -1.423033e-03 -7.820764e-01 6.231809e-01
    outer loop
      vertex   -6.661338e-15 -1.818335e-01 -4.802185e-02
      vertex   2.500000e-02 -1.838315e-01 -5.047222e-02
      vertex   2.500000e-02 -1.820574e-01 -4.824576e-02
    endloop
  endfacet
  facet normal -2.956999e-03 -7.895760e-01 6.136457e-01
    outer loop
      vertex   -6.661338e-15 -1.843538e-01 -5.126475e-02
      vertex   2.500000e-02 -1.838315e-01 -5.047222e-02
      vertex   -6.661338e-15 -1.818335e-01 -4.802185e-02
    endloop
  endfacet
  facet normal 1.049097e-03 -8.498612e-01 5.270055e-01
    outer loop
      vertex   -6.661338e-15 -1.843538e-01 -5.126475e-02
      vertex   2.500000e-02 -1.856649e-01 -5.342880e-02
      vertex   2.500000e-02 -1.838315e-01 -5.047222e-02
    endloop
  endfacet
  facet normal -7.023860e-03 -8.891561e-01 4.575501e-01
    outer loop
      vertex   -6.661338e-15 -1.867356e-01 -5.589336e-02
      vertex   2.500000e-02 -1.856649e-01 -5.342880e-02
      vertex   -6.661338e-15 -1.843538e-01 -5.126475e-02
    endloop
  endfacet
  facet normal -2.240449e-03 -9.086712e-01 4.175065e-01
    outer loop
      vertex   -6.661338e-15 -1.867356e-01 -5.589336e-02
      vertex   2.500000e-02 -1.867219e-01 -5.572924e-02
      vertex   2.500000e-02 -1.856649e-01 -5.342880e-02
    endloop
  endfacet
  facet normal -1.602220e-03 -9.462482e-01 3.234373e-01
    outer loop
      vertex   -6.661338e-15 -1.867356e-01 -5.589336e-02
      vertex   2.500000e-02 -1.875407e-01 -5.812481e-02
      vertex   2.500000e-02 -1.867219e-01 -5.572924e-02
    endloop
  endfacet
  facet normal -1.335807e-02 -9.789758e-01 2.035384e-01
    outer loop
      vertex   -6.661338e-15 -1.867356e-01 -5.589336e-02
      vertex   2.500000e-02 -1.882489e-01 -6.153086e-02
      vertex   2.500000e-02 -1.875407e-01 -5.812481e-02
    endloop
  endfacet
  facet normal -4.892082e-03 -9.710205e-01 2.389462e-01
    outer loop
      vertex   -6.661338e-15 -1.883169e-01 -6.231941e-02
      vertex   2.500000e-02 -1.882489e-01 -6.153086e-02
      vertex   -6.661338e-15 -1.867356e-01 -5.589336e-02
    endloop
  endfacet
  facet normal 3.211244e-04 -9.971138e-01 7.592122e-02
    outer loop
      vertex   -6.661338e-15 -1.883169e-01 -6.231941e-02
      vertex   2.500000e-02 -1.885130e-01 -6.500000e-02
      vertex   2.500000e-02 -1.882489e-01 -6.153086e-02
    endloop
  endfacet
  facet normal 0.000000e+00 -9.973361e-01 7.294258e-02
    outer loop
      vertex   -2.500000e-02 -1.885130e-01 -6.500000e-02
      vertex   2.500000e-02 -1.885130e-01 -6.500000e-02
      vertex   -6.661338e-15 -1.883169e-01 -6.231941e-02
    endloop
  endfacet
  facet normal -9.949004e-01 -7.159228e-02 7.104809e-02
    outer loop
      vertex   -7.427402e-02 -1.448484e-01 -6.121795e-02
      vertex   -7.500000e-02 -1.385130e-01 -6.500000e-02
      vertex   -7.450890e-02 -1.453378e-01 -6.500000e-02
    endloop
  endfacet
  facet normal -9.950557e-01 -7.550886e-02 6.451719e-02
    outer loop
      vertex   -7.481575e-02 -1.385130e-01 -6.215829e-02
      vertex   -7.500000e-02 -1.385130e-01 -6.500000e-02
      vertex   -7.427402e-02 -1.448484e-01 -6.121795e-02
    endloop
  endfacet
  facet normal -9.844809e-01 -5.968570e-02 1.650304e-01
    outer loop
      vertex   -7.481575e-02 -1.385130e-01 -6.215829e-02
      vertex   -7.427402e-02 -1.448484e-01 -6.121795e-02
      vertex   -7.434509e-02 -1.385130e-01 -5.935061e-02
    endloop
  endfacet
  facet normal -9.576665e-01 -3.515690e-02 2.857251e-01
    outer loop
      vertex   -7.434509e-02 -1.385130e-01 -5.935061e-02
      vertex   -7.381525e-02 -1.429835e-01 -5.812481e-02
      vertex   -7.353117e-02 -1.385130e-01 -5.662258e-02
    endloop
  endfacet
  facet normal -9.805654e-01 -6.550795e-02 1.849328e-01
    outer loop
      vertex   -7.427402e-02 -1.448484e-01 -6.121795e-02
      vertex   -7.381525e-02 -1.429835e-01 -5.812481e-02
      vertex   -7.434509e-02 -1.385130e-01 -5.935061e-02
    endloop
  endfacet
  facet normal -9.608333e-01 -1.500603e-01 2.329836e-01
    outer loop
      vertex   -7.427402e-02 -1.448484e-01 -6.121795e-02
      vertex   -7.294817e-02 -1.473668e-01 -5.737211e-02
      vertex   -7.381525e-02 -1.429835e-01 -5.812481e-02
    endloop
  endfacet
  facet normal -9.297997e-01 -6.278412e-02 3.626717e-01
    outer loop
      vertex   -7.381525e-02 -1.429835e-01 -5.812481e-02
      vertex   -7.233944e-02 -1.435080e-01 -5.443199e-02
      vertex   -7.353117e-02 -1.385130e-01 -5.662258e-02
    endloop
  endfacet
  facet normal -9.274492e-01 -1.228114e-01 3.532072e-01
    outer loop
      vertex   -7.381525e-02 -1.429835e-01 -5.812481e-02
      vertex   -7.294817e-02 -1.473668e-01 -5.737211e-02
      vertex   -7.233944e-02 -1.435080e-01 -5.443199e-02
    endloop
  endfacet
  facet normal -9.040301e-01 -2.863959e-02 4.265083e-01
    outer loop
      vertex   -7.353117e-02 -1.385130e-01 -5.662258e-02
      vertex   -7.233944e-02 -1.435080e-01 -5.443199e-02
      vertex   -7.150974e-02 -1.385130e-01 -5.233795e-02
    endloop
  endfacet
  facet normal -8.801174e-01 -5.165696e-02 4.719375e-01
    outer loop
      vertex   -7.233944e-02 -1.435080e-01 -5.443199e-02
      vertex   -7.075291e-02 -1.414418e-01 -5.124710e-02
      vertex   -7.150974e-02 -1.385130e-01 -5.233795e-02
    endloop
  endfacet
  facet normal -8.470393e-01 -1.399884e-01 5.127647e-01
    outer loop
      vertex   -7.233944e-02 -1.435080e-01 -5.443199e-02
      vertex   -6.890533e-02 -1.472405e-01 -4.977818e-02
      vertex   -7.075291e-02 -1.414418e-01 -5.124710e-02
    endloop
  endfacet
  facet normal -8.276405e-01 -6.662591e-02 5.572901e-01
    outer loop
      vertex   -7.141602e-02 -1.466499e-01 -5.343622e-02
      vertex   -6.890533e-02 -1.472405e-01 -4.977818e-02
      vertex   -7.233944e-02 -1.435080e-01 -5.443199e-02
    endloop
  endfacet
  facet normal -7.628533e-01 -8.054582e-02 6.415351e-01
    outer loop
      vertex   -7.075291e-02 -1.414418e-01 -5.124710e-02
      vertex   -6.890533e-02 -1.472405e-01 -4.977818e-02
      vertex   -6.874450e-02 -1.385130e-01 -4.849117e-02
    endloop
  endfacet
  facet normal -7.582119e-01 -8.142311e-02 6.469042e-01
    outer loop
      vertex   -6.890533e-02 -1.472405e-01 -4.977818e-02
      vertex   -6.680210e-02 -1.447601e-01 -4.700086e-02
      vertex   -6.874450e-02 -1.385130e-01 -4.849117e-02
    endloop
  endfacet
  facet normal -6.894239e-01 -5.264713e-02 7.224424e-01
    outer loop
      vertex   -6.874450e-02 -1.385130e-01 -4.849117e-02
      vertex   -6.497018e-02 -1.434569e-01 -4.524964e-02
      vertex   -6.577321e-02 -1.385130e-01 -4.565569e-02
    endloop
  endfacet
  facet normal -6.773388e-01 -3.530303e-02 7.348237e-01
    outer loop
      vertex   -6.680210e-02 -1.447601e-01 -4.700086e-02
      vertex   -6.497018e-02 -1.434569e-01 -4.524964e-02
      vertex   -6.874450e-02 -1.385130e-01 -4.849117e-02
    endloop
  endfacet
  facet normal -5.779588e-01 -2.688894e-02 8.156228e-01
    outer loop
      vertex   -6.577321e-02 -1.385130e-01 -4.565569e-02
      vertex   -6.497018e-02 -1.434569e-01 -4.524964e-02
      vertex   -6.267832e-02 -1.385130e-01 -4.346261e-02
    endloop
  endfacet
  facet normal -5.386588e-01 -5.420032e-02 8.407789e-01
    outer loop
      vertex   -6.497018e-02 -1.434569e-01 -4.524964e-02
      vertex   -6.176624e-02 -1.447874e-01 -4.328275e-02
      vertex   -6.267832e-02 -1.385130e-01 -4.346261e-02
    endloop
  endfacet
  facet normal -4.625922e-01 -4.185860e-02 8.855825e-01
    outer loop
      vertex   -6.176624e-02 -1.447874e-01 -4.328275e-02
      vertex   -6.043438e-02 -1.385130e-01 -4.229047e-02
      vertex   -6.267832e-02 -1.385130e-01 -4.346261e-02
    endloop
  endfacet
  facet normal -4.085127e-01 -5.734973e-02 9.109492e-01
    outer loop
      vertex   -6.176624e-02 -1.447874e-01 -4.328275e-02
      vertex   -5.766813e-02 -1.451663e-01 -4.146882e-02
      vertex   -6.043438e-02 -1.385130e-01 -4.229047e-02
    endloop
  endfacet
  facet normal -3.493135e-01 -2.957627e-02 9.365390e-01
    outer loop
      vertex   -6.043438e-02 -1.385130e-01 -4.229047e-02
      vertex   -5.766813e-02 -1.451663e-01 -4.146882e-02
      vertex   -5.717484e-02 -1.385130e-01 -4.107472e-02
    endloop
  endfacet
  facet normal -2.575801e-01 -3.809351e-02 9.655058e-01
    outer loop
      vertex   -5.766813e-02 -1.451663e-01 -4.146882e-02
      vertex   -5.396074e-02 -1.449597e-01 -4.047160e-02
      vertex   -5.717484e-02 -1.385130e-01 -4.107472e-02
    endloop
  endfacet
  facet normal -2.136599e-01 -1.514071e-02 9.767908e-01
    outer loop
      vertex   -5.717484e-02 -1.385130e-01 -4.107472e-02
      vertex   -5.396074e-02 -1.449597e-01 -4.047160e-02
      vertex   -5.346914e-02 -1.385130e-01 -4.026414e-02
    endloop
  endfacet
  facet normal -7.591597e-02 -1.213932e-02 9.970403e-01
    outer loop
      vertex   -5.346914e-02 -1.385130e-01 -4.026414e-02
      vertex   -4.960569e-02 -1.495391e-01 -4.010422e-02
      vertex   -5.000000e-02 -1.385130e-01 -4.000000e-02
    endloop
  endfacet
  facet normal -2.336598e-02 -1.028497e-02 9.996741e-01
    outer loop
      vertex   -4.327104e-02 -1.538002e-01 -4.000000e-02
      vertex   -5.000000e-02 -1.385130e-01 -4.000000e-02
      vertex   -4.960569e-02 -1.495391e-01 -4.010422e-02
    endloop
  endfacet
  facet normal -2.966517e-02 -1.965688e-02 9.993666e-01
    outer loop
      vertex   -4.318551e-02 -1.580056e-01 -4.008018e-02
      vertex   -4.327104e-02 -1.538002e-01 -4.000000e-02
      vertex   -4.960569e-02 -1.495391e-01 -4.010422e-02
    endloop
  endfacet
  facet normal -1.024349e-02 -1.926943e-02 9.997619e-01
    outer loop
      vertex   -2.500000e-02 -1.635130e-01 -4.000000e-02
      vertex   -4.327104e-02 -1.538002e-01 -4.000000e-02
      vertex   -4.318551e-02 -1.580056e-01 -4.008018e-02
    endloop
  endfacet
  facet normal -1.611337e-02 -3.866116e-02 9.991225e-01
    outer loop
      vertex   -3.743683e-02 -1.637121e-01 -4.020828e-02
      vertex   -2.500000e-02 -1.635130e-01 -4.000000e-02
      vertex   -4.318551e-02 -1.580056e-01 -4.008018e-02
    endloop
  endfacet
  facet normal -1.565498e-02 -6.581346e-02 9.977091e-01
    outer loop
      vertex   -2.500000e-02 -1.666705e-01 -4.020828e-02
      vertex   -2.500000e-02 -1.635130e-01 -4.000000e-02
      vertex   -3.743683e-02 -1.637121e-01 -4.020828e-02
    endloop
  endfacet
  facet normal -1.087417e-01 -2.368836e-02 9.937878e-01
    outer loop
      vertex   -5.396074e-02 -1.449597e-01 -4.047160e-02
      vertex   -4.960569e-02 -1.495391e-01 -4.010422e-02
      vertex   -5.346914e-02 -1.385130e-01 -4.026414e-02
    endloop
  endfacet
  facet normal -1.183308e-01 -3.291671e-02 9.924285e-01
    outer loop
      vertex   -5.182177e-02 -1.504909e-01 -4.040002e-02
      vertex   -4.960569e-02 -1.495391e-01 -4.010422e-02
      vertex   -5.396074e-02 -1.449597e-01 -4.047160e-02
    endloop
  endfacet
  facet normal -1.057745e-01 -6.215703e-02 9.924456e-01
    outer loop
      vertex   -4.875680e-02 -1.557066e-01 -4.040002e-02
      vertex   -4.960569e-02 -1.495391e-01 -4.010422e-02
      vertex   -5.182177e-02 -1.504909e-01 -4.040002e-02
    endloop
  endfacet
  facet normal -8.143454e-02 -5.892630e-02 9.949352e-01
    outer loop
      vertex   -4.875680e-02 -1.557066e-01 -4.040002e-02
      vertex   -4.318551e-02 -1.580056e-01 -4.008018e-02
      vertex   -4.960569e-02 -1.495391e-01 -4.010422e-02
    endloop
  endfacet
  facet normal -9.643169e-02 -9.585732e-02 9.907130e-01
    outer loop
      vertex   -4.373346e-02 -1.614999e-01 -4.047160e-02
      vertex   -4.318551e-02 -1.580056e-01 -4.008018e-02
      vertex   -4.875680e-02 -1.557066e-01 -4.040002e-02
    endloop
  endfacet
  facet normal -7.633282e-02 -9.916881e-02 9.921385e-01
    outer loop
      vertex   -4.373346e-02 -1.614999e-01 -4.047160e-02
      vertex   -3.743683e-02 -1.637121e-01 -4.020828e-02
      vertex   -4.318551e-02 -1.580056e-01 -4.008018e-02
    endloop
  endfacet
  facet normal -1.049224e-01 -1.822680e-01 9.776347e-01
    outer loop
      vertex   -3.593494e-02 -1.669723e-01 -4.065491e-02
      vertex   -3.743683e-02 -1.637121e-01 -4.020828e-02
      vertex   -4.373346e-02 -1.614999e-01 -4.047160e-02
    endloop
  endfacet
  facet normal -3.614840e-02 -1.519677e-01 9.877242e-01
    outer loop
      vertex   -3.593494e-02 -1.669723e-01 -4.065491e-02
      vertex   -2.500000e-02 -1.666705e-01 -4.020828e-02
      vertex   -3.743683e-02 -1.637121e-01 -4.020828e-02
    endloop
  endfacet
  facet normal -3.531215e-02 -1.763100e-01 9.837011e-01
    outer loop
      vertex   -2.500000e-02 -1.691624e-01 -4.065491e-02
      vertex   -2.500000e-02 -1.666705e-01 -4.020828e-02
      vertex   -3.593494e-02 -1.669723e-01 -4.065491e-02
    endloop
  endfacet
  facet normal -2.254967e-01 -7.463151e-02 9.713812e-01
    outer loop
      vertex   -5.377079e-02 -1.520505e-01 -4.097230e-02
      vertex   -5.182177e-02 -1.504909e-01 -4.040002e-02
      vertex   -5.396074e-02 -1.449597e-01 -4.047160e-02
    endloop
  endfacet
  facet normal -1.945588e-01 -1.143300e-01 9.742051e-01
    outer loop
      vertex   -5.377079e-02 -1.520505e-01 -4.097230e-02
      vertex   -4.875680e-02 -1.557066e-01 -4.040002e-02
      vertex   -5.182177e-02 -1.504909e-01 -4.040002e-02
    endloop
  endfacet
  facet normal -2.022213e-01 -1.252942e-01 9.712919e-01
    outer loop
      vertex   -5.083540e-02 -1.575821e-01 -4.107472e-02
      vertex   -4.875680e-02 -1.557066e-01 -4.040002e-02
      vertex   -5.377079e-02 -1.520505e-01 -4.097230e-02
    endloop
  endfacet
  facet normal -1.709605e-01 -1.602522e-01 9.721583e-01
    outer loop
      vertex   -5.083540e-02 -1.575821e-01 -4.107472e-02
      vertex   -4.373346e-02 -1.614999e-01 -4.047160e-02
      vertex   -4.875680e-02 -1.557066e-01 -4.040002e-02
    endloop
  endfacet
  facet normal -1.091549e-01 -1.882461e-01 9.760372e-01
    outer loop
      vertex   -4.290586e-02 -1.655585e-01 -4.116183e-02
      vertex   -3.593494e-02 -1.669723e-01 -4.065491e-02
      vertex   -4.373346e-02 -1.614999e-01 -4.047160e-02
    endloop
  endfacet
  facet normal -2.551242e-01 -7.490418e-02 9.640026e-01
    outer loop
      vertex   -5.766813e-02 -1.451663e-01 -4.146882e-02
      vertex   -5.377079e-02 -1.520505e-01 -4.097230e-02
      vertex   -5.396074e-02 -1.449597e-01 -4.047160e-02
    endloop
  endfacet
  facet normal -1.773604e-01 -1.723496e-01 9.689370e-01
    outer loop
      vertex   -4.903231e-02 -1.615687e-01 -4.145378e-02
      vertex   -4.373346e-02 -1.614999e-01 -4.047160e-02
      vertex   -5.083540e-02 -1.575821e-01 -4.107472e-02
    endloop
  endfacet
  facet normal -1.760669e-01 -1.998233e-01 9.638834e-01
    outer loop
      vertex   -4.290586e-02 -1.655585e-01 -4.116183e-02
      vertex   -4.373346e-02 -1.614999e-01 -4.047160e-02
      vertex   -4.903231e-02 -1.615687e-01 -4.145378e-02
    endloop
  endfacet
  facet normal -1.190559e-01 -2.417342e-01 9.630110e-01
    outer loop
      vertex   -3.907809e-02 -1.690747e-01 -4.157124e-02
      vertex   -3.593494e-02 -1.669723e-01 -4.065491e-02
      vertex   -4.290586e-02 -1.655585e-01 -4.116183e-02
    endloop
  endfacet
  facet normal -1.030122e-01 -2.639771e-01 9.590123e-01
    outer loop
      vertex   -3.363914e-02 -1.703983e-01 -4.135136e-02
      vertex   -3.593494e-02 -1.669723e-01 -4.065491e-02
      vertex   -3.907809e-02 -1.690747e-01 -4.157124e-02
    endloop
  endfacet
  facet normal -4.573229e-02 -2.283368e-01 9.725075e-01
    outer loop
      vertex   -3.363914e-02 -1.703983e-01 -4.135136e-02
      vertex   -2.500000e-02 -1.691624e-01 -4.065491e-02
      vertex   -3.593494e-02 -1.669723e-01 -4.065491e-02
    endloop
  endfacet
  facet normal -2.777879e-01 -8.827026e-02 9.565784e-01
    outer loop
      vertex   -5.716837e-02 -1.502319e-01 -4.179113e-02
      vertex   -5.377079e-02 -1.520505e-01 -4.097230e-02
      vertex   -5.766813e-02 -1.451663e-01 -4.146882e-02
    endloop
  endfacet
  facet normal -3.065982e-01 -1.495503e-01 9.400171e-01
    outer loop
      vertex   -5.486443e-02 -1.561091e-01 -4.197469e-02
      vertex   -5.377079e-02 -1.520505e-01 -4.097230e-02
      vertex   -5.716837e-02 -1.502319e-01 -4.179113e-02
    endloop
  endfacet
  facet normal -2.709679e-01 -1.613618e-01 9.489672e-01
    outer loop
      vertex   -5.083540e-02 -1.575821e-01 -4.107472e-02
      vertex   -5.377079e-02 -1.520505e-01 -4.097230e-02
      vertex   -5.486443e-02 -1.561091e-01 -4.197469e-02
    endloop
  endfacet
  facet normal -3.206716e-02 -3.110831e-01 9.498416e-01
    outer loop
      vertex   -2.963776e-02 -1.733196e-01 -4.217301e-02
      vertex   -2.500000e-02 -1.691624e-01 -4.065491e-02
      vertex   -3.363914e-02 -1.703983e-01 -4.135136e-02
    endloop
  endfacet
  facet normal -6.795713e-02 -2.744595e-01 9.591943e-01
    outer loop
      vertex   -2.963776e-02 -1.733196e-01 -4.217301e-02
      vertex   -2.500000e-02 -1.715964e-01 -4.135136e-02
      vertex   -2.500000e-02 -1.691624e-01 -4.065491e-02
    endloop
  endfacet
  facet normal -2.882948e-01 -2.190269e-01 9.321552e-01
    outer loop
      vertex   -5.486443e-02 -1.561091e-01 -4.197469e-02
      vertex   -4.903231e-02 -1.615687e-01 -4.145378e-02
      vertex   -5.083540e-02 -1.575821e-01 -4.107472e-02
    endloop
  endfacet
  facet normal -2.859292e-01 -2.163713e-01 9.335030e-01
    outer loop
      vertex   -5.368423e-02 -1.602340e-01 -4.256929e-02
      vertex   -4.903231e-02 -1.615687e-01 -4.145378e-02
      vertex   -5.486443e-02 -1.561091e-01 -4.197469e-02
    endloop
  endfacet
  facet normal -2.958226e-01 -2.637106e-01 9.181207e-01
    outer loop
      vertex   -5.167111e-02 -1.632823e-01 -4.279622e-02
      vertex   -4.903231e-02 -1.615687e-01 -4.145378e-02
      vertex   -5.368423e-02 -1.602340e-01 -4.256929e-02
    endloop
  endfacet
  facet normal -2.803777e-01 -2.860497e-01 9.162772e-01
    outer loop
      vertex   -4.701342e-02 -1.662276e-01 -4.229047e-02
      vertex   -4.903231e-02 -1.615687e-01 -4.145378e-02
      vertex   -5.167111e-02 -1.632823e-01 -4.279622e-02
    endloop
  endfacet
  facet normal -2.156940e-01 -2.623790e-01 9.405495e-01
    outer loop
      vertex   -4.701342e-02 -1.662276e-01 -4.229047e-02
      vertex   -4.290586e-02 -1.655585e-01 -4.116183e-02
      vertex   -4.903231e-02 -1.615687e-01 -4.145378e-02
    endloop
  endfacet
  facet normal -2.018721e-01 -3.213322e-01 9.251990e-01
    outer loop
      vertex   -4.164820e-02 -1.704010e-01 -4.256929e-02
      vertex   -4.290586e-02 -1.655585e-01 -4.116183e-02
      vertex   -4.701342e-02 -1.662276e-01 -4.229047e-02
    endloop
  endfacet
  facet normal -1.948558e-01 -3.200735e-01 9.271376e-01
    outer loop
      vertex   -4.164820e-02 -1.704010e-01 -4.256929e-02
      vertex   -3.907809e-02 -1.690747e-01 -4.157124e-02
      vertex   -4.290586e-02 -1.655585e-01 -4.116183e-02
    endloop
  endfacet
  facet normal -1.235630e-01 -3.537151e-01 9.271557e-01
    outer loop
      vertex   -3.638363e-02 -1.724588e-01 -4.250319e-02
      vertex   -3.363914e-02 -1.703983e-01 -4.135136e-02
      vertex   -3.907809e-02 -1.690747e-01 -4.157124e-02
    endloop
  endfacet
  facet normal -9.429240e-02 -3.871324e-01 9.171900e-01
    outer loop
      vertex   -2.963776e-02 -1.733196e-01 -4.217301e-02
      vertex   -3.363914e-02 -1.703983e-01 -4.135136e-02
      vertex   -3.638363e-02 -1.724588e-01 -4.250319e-02
    endloop
  endfacet
  facet normal -1.722521e-02 -3.921784e-01 9.197279e-01
    outer loop
      vertex   -2.500000e-02 -1.747965e-01 -4.271590e-02
      vertex   -2.500000e-02 -1.715964e-01 -4.135136e-02
      vertex   -2.963776e-02 -1.733196e-01 -4.217301e-02
    endloop
  endfacet
  facet normal -4.105535e-01 -1.032465e-01 9.059724e-01
    outer loop
      vertex   -6.044995e-02 -1.500514e-01 -4.328616e-02
      vertex   -5.766813e-02 -1.451663e-01 -4.146882e-02
      vertex   -6.176624e-02 -1.447874e-01 -4.328275e-02
    endloop
  endfacet
  facet normal -4.170495e-01 -9.863354e-02 9.035160e-01
    outer loop
      vertex   -6.044995e-02 -1.500514e-01 -4.328616e-02
      vertex   -5.716837e-02 -1.502319e-01 -4.179113e-02
      vertex   -5.766813e-02 -1.451663e-01 -4.146882e-02
    endloop
  endfacet
  facet normal -4.160322e-01 -1.786938e-01 8.916197e-01
    outer loop
      vertex   -5.713091e-02 -1.567604e-01 -4.308206e-02
      vertex   -5.716837e-02 -1.502319e-01 -4.179113e-02
      vertex   -6.044995e-02 -1.500514e-01 -4.328616e-02
    endloop
  endfacet
  facet normal -3.893169e-01 -1.808264e-01 9.031800e-01
    outer loop
      vertex   -5.713091e-02 -1.567604e-01 -4.308206e-02
      vertex   -5.486443e-02 -1.561091e-01 -4.197469e-02
      vertex   -5.716837e-02 -1.502319e-01 -4.179113e-02
    endloop
  endfacet
  facet normal -1.591590e-01 -3.779010e-01 9.120632e-01
    outer loop
      vertex   -3.638363e-02 -1.724588e-01 -4.250319e-02
      vertex   -3.907809e-02 -1.690747e-01 -4.157124e-02
      vertex   -4.164820e-02 -1.704010e-01 -4.256929e-02
    endloop
  endfacet
  facet normal -3.711213e-01 -2.356550e-01 8.981847e-01
    outer loop
      vertex   -5.713091e-02 -1.567604e-01 -4.308206e-02
      vertex   -5.368423e-02 -1.602340e-01 -4.256929e-02
      vertex   -5.486443e-02 -1.561091e-01 -4.197469e-02
    endloop
  endfacet
  facet normal -3.154392e-01 -3.471834e-01 8.831545e-01
    outer loop
      vertex   -4.891121e-02 -1.679110e-01 -4.363006e-02
      vertex   -4.701342e-02 -1.662276e-01 -4.229047e-02
      vertex   -5.167111e-02 -1.632823e-01 -4.279622e-02
    endloop
  endfacet
  facet normal -2.651249e-01 -3.994665e-01 8.775735e-01
    outer loop
      vertex   -4.891121e-02 -1.679110e-01 -4.363006e-02
      vertex   -4.164820e-02 -1.704010e-01 -4.256929e-02
      vertex   -4.701342e-02 -1.662276e-01 -4.229047e-02
    endloop
  endfacet
  facet normal -2.634136e-01 -3.930179e-01 8.809939e-01
    outer loop
      vertex   -4.345187e-02 -1.719454e-01 -4.379751e-02
      vertex   -4.164820e-02 -1.704010e-01 -4.256929e-02
      vertex   -4.891121e-02 -1.679110e-01 -4.363006e-02
    endloop
  endfacet
  facet normal -1.121903e-01 -4.506296e-01 8.856333e-01
    outer loop
      vertex   -3.098976e-02 -1.756872e-01 -4.346261e-02
      vertex   -3.638363e-02 -1.724588e-01 -4.250319e-02
      vertex   -3.625347e-02 -1.746925e-01 -4.362325e-02
    endloop
  endfacet
  facet normal -9.898013e-02 -4.317956e-01 8.965241e-01
    outer loop
      vertex   -3.098976e-02 -1.756872e-01 -4.346261e-02
      vertex   -2.963776e-02 -1.733196e-01 -4.217301e-02
      vertex   -3.638363e-02 -1.724588e-01 -4.250319e-02
    endloop
  endfacet
  facet normal -4.233999e-02 -4.591434e-01 8.873526e-01
    outer loop
      vertex   -2.500000e-02 -1.747965e-01 -4.271590e-02
      vertex   -2.963776e-02 -1.733196e-01 -4.217301e-02
      vertex   -3.098976e-02 -1.756872e-01 -4.346261e-02
    endloop
  endfacet
  facet normal -4.571212e-01 -1.997801e-01 8.666765e-01
    outer loop
      vertex   -6.103975e-02 -1.539113e-01 -4.448699e-02
      vertex   -5.713091e-02 -1.567604e-01 -4.308206e-02
      vertex   -6.044995e-02 -1.500514e-01 -4.328616e-02
    endloop
  endfacet
  facet normal -4.228657e-01 -2.930012e-01 8.575167e-01
    outer loop
      vertex   -5.584171e-02 -1.629003e-01 -4.454423e-02
      vertex   -5.368423e-02 -1.602340e-01 -4.256929e-02
      vertex   -5.713091e-02 -1.567604e-01 -4.308206e-02
    endloop
  endfacet
  facet normal -3.908817e-01 -3.223217e-01 8.621602e-01
    outer loop
      vertex   -5.584171e-02 -1.629003e-01 -4.454423e-02
      vertex   -5.167111e-02 -1.632823e-01 -4.279622e-02
      vertex   -5.368423e-02 -1.602340e-01 -4.256929e-02
    endloop
  endfacet
  facet normal -3.571166e-01 -3.676240e-01 8.586736e-01
    outer loop
      vertex   -5.344675e-02 -1.659456e-01 -4.467492e-02
      vertex   -4.891121e-02 -1.679110e-01 -4.363006e-02
      vertex   -5.167111e-02 -1.632823e-01 -4.279622e-02
    endloop
  endfacet
  facet normal -1.920667e-01 -4.636066e-01 8.649736e-01
    outer loop
      vertex   -4.345187e-02 -1.719454e-01 -4.379751e-02
      vertex   -3.638363e-02 -1.724588e-01 -4.250319e-02
      vertex   -4.164820e-02 -1.704010e-01 -4.256929e-02
    endloop
  endfacet
  facet normal -1.924012e-01 -4.488043e-01 8.726721e-01
    outer loop
      vertex   -3.625347e-02 -1.746925e-01 -4.362325e-02
      vertex   -3.638363e-02 -1.724588e-01 -4.250319e-02
      vertex   -4.345187e-02 -1.719454e-01 -4.379751e-02
    endloop
  endfacet
  facet normal -2.749602e-02 -5.271057e-01 8.493548e-01
    outer loop
      vertex   -2.500000e-02 -1.782862e-01 -4.488162e-02
      vertex   -2.500000e-02 -1.747965e-01 -4.271590e-02
      vertex   -3.098976e-02 -1.756872e-01 -4.346261e-02
    endloop
  endfacet
  facet normal -5.231987e-01 -1.313726e-01 8.420239e-01
    outer loop
      vertex   -6.408487e-02 -1.484603e-01 -4.529649e-02
      vertex   -6.044995e-02 -1.500514e-01 -4.328616e-02
      vertex   -6.176624e-02 -1.447874e-01 -4.328275e-02
    endloop
  endfacet
  facet normal -4.832678e-01 -2.491691e-01 8.392658e-01
    outer loop
      vertex   -5.920858e-02 -1.588628e-01 -4.490262e-02
      vertex   -5.713091e-02 -1.567604e-01 -4.308206e-02
      vertex   -6.103975e-02 -1.539113e-01 -4.448699e-02
    endloop
  endfacet
  facet normal -4.434906e-01 -2.946954e-01 8.464459e-01
    outer loop
      vertex   -5.920858e-02 -1.588628e-01 -4.490262e-02
      vertex   -5.584171e-02 -1.629003e-01 -4.454423e-02
      vertex   -5.713091e-02 -1.567604e-01 -4.308206e-02
    endloop
  endfacet
  facet normal -3.896447e-01 -3.431096e-01 8.546653e-01
    outer loop
      vertex   -5.344675e-02 -1.659456e-01 -4.467492e-02
      vertex   -5.167111e-02 -1.632823e-01 -4.279622e-02
      vertex   -5.584171e-02 -1.629003e-01 -4.454423e-02
    endloop
  endfacet
  facet normal -3.018426e-01 -4.434817e-01 8.439283e-01
    outer loop
      vertex   -4.766522e-02 -1.714481e-01 -4.504318e-02
      vertex   -4.345187e-02 -1.719454e-01 -4.379751e-02
      vertex   -4.891121e-02 -1.679110e-01 -4.363006e-02
    endloop
  endfacet
  facet normal -2.034176e-01 -4.788554e-01 8.540016e-01
    outer loop
      vertex   -3.863638e-02 -1.757112e-01 -4.476205e-02
      vertex   -3.625347e-02 -1.746925e-01 -4.362325e-02
      vertex   -4.345187e-02 -1.719454e-01 -4.379751e-02
    endloop
  endfacet
  facet normal -1.489284e-01 -5.615326e-01 8.139420e-01
    outer loop
      vertex   -3.356893e-02 -1.783505e-01 -4.565569e-02
      vertex   -3.625347e-02 -1.746925e-01 -4.362325e-02
      vertex   -3.863638e-02 -1.757112e-01 -4.476205e-02
    endloop
  endfacet
  facet normal -1.295495e-01 -5.525413e-01 8.233560e-01
    outer loop
      vertex   -3.356893e-02 -1.783505e-01 -4.565569e-02
      vertex   -3.098976e-02 -1.756872e-01 -4.346261e-02
      vertex   -3.625347e-02 -1.746925e-01 -4.362325e-02
    endloop
  endfacet
  facet normal -1.134997e-01 -5.637592e-01 8.181035e-01
    outer loop
      vertex   -2.994810e-02 -1.784810e-01 -4.524329e-02
      vertex   -3.098976e-02 -1.756872e-01 -4.346261e-02
      vertex   -3.356893e-02 -1.783505e-01 -4.565569e-02
    endloop
  endfacet
  facet normal -3.954323e-02 -5.475062e-01 8.358668e-01
    outer loop
      vertex   -2.994810e-02 -1.784810e-01 -4.524329e-02
      vertex   -2.500000e-02 -1.782862e-01 -4.488162e-02
      vertex   -3.098976e-02 -1.756872e-01 -4.346261e-02
    endloop
  endfacet
  facet normal -5.342102e-01 -1.756279e-01 8.269065e-01
    outer loop
      vertex   -6.103975e-02 -1.539113e-01 -4.448699e-02
      vertex   -6.044995e-02 -1.500514e-01 -4.328616e-02
      vertex   -6.408487e-02 -1.484603e-01 -4.529649e-02
    endloop
  endfacet
  facet normal -3.799216e-01 -4.458821e-01 8.104621e-01
    outer loop
      vertex   -5.275673e-02 -1.692025e-01 -4.614327e-02
      vertex   -4.891121e-02 -1.679110e-01 -4.363006e-02
      vertex   -5.344675e-02 -1.659456e-01 -4.467492e-02
    endloop
  endfacet
  facet normal -3.751242e-01 -4.548301e-01 8.077199e-01
    outer loop
      vertex   -4.766522e-02 -1.714481e-01 -4.504318e-02
      vertex   -4.891121e-02 -1.679110e-01 -4.363006e-02
      vertex   -5.275673e-02 -1.692025e-01 -4.614327e-02
    endloop
  endfacet
  facet normal -2.977932e-01 -5.234938e-01 7.982941e-01
    outer loop
      vertex   -4.352774e-02 -1.755649e-01 -4.619939e-02
      vertex   -4.345187e-02 -1.719454e-01 -4.379751e-02
      vertex   -4.766522e-02 -1.714481e-01 -4.504318e-02
    endloop
  endfacet
  facet normal -2.534518e-01 -5.311732e-01 8.084660e-01
    outer loop
      vertex   -4.352774e-02 -1.755649e-01 -4.619939e-02
      vertex   -3.863638e-02 -1.757112e-01 -4.476205e-02
      vertex   -4.345187e-02 -1.719454e-01 -4.379751e-02
    endloop
  endfacet
  facet normal -5.959144e-01 -2.181244e-01 7.728569e-01
    outer loop
      vertex   -6.404227e-02 -1.550220e-01 -4.711558e-02
      vertex   -6.103975e-02 -1.539113e-01 -4.448699e-02
      vertex   -6.408487e-02 -1.484603e-01 -4.529649e-02
    endloop
  endfacet
  facet normal -5.653449e-01 -2.743707e-01 7.778855e-01
    outer loop
      vertex   -6.159784e-02 -1.592784e-01 -4.678567e-02
      vertex   -5.920858e-02 -1.588628e-01 -4.490262e-02
      vertex   -6.103975e-02 -1.539113e-01 -4.448699e-02
    endloop
  endfacet
  facet normal -5.395385e-01 -3.557606e-01 7.631072e-01
    outer loop
      vertex   -6.004316e-02 -1.623804e-01 -4.713259e-02
      vertex   -5.920858e-02 -1.588628e-01 -4.490262e-02
      vertex   -6.159784e-02 -1.592784e-01 -4.678567e-02
    endloop
  endfacet
  facet normal -5.205763e-01 -3.656242e-01 7.715694e-01
    outer loop
      vertex   -6.004316e-02 -1.623804e-01 -4.713259e-02
      vertex   -5.584171e-02 -1.629003e-01 -4.454423e-02
      vertex   -5.920858e-02 -1.588628e-01 -4.490262e-02
    endloop
  endfacet
  facet normal -5.162310e-01 -3.990503e-01 7.578024e-01
    outer loop
      vertex   -5.630825e-02 -1.669674e-01 -4.700376e-02
      vertex   -5.584171e-02 -1.629003e-01 -4.454423e-02
      vertex   -6.004316e-02 -1.623804e-01 -4.713259e-02
    endloop
  endfacet
  facet normal -4.820032e-01 -4.122446e-01 7.731283e-01
    outer loop
      vertex   -5.630825e-02 -1.669674e-01 -4.700376e-02
      vertex   -5.344675e-02 -1.659456e-01 -4.467492e-02
      vertex   -5.584171e-02 -1.629003e-01 -4.454423e-02
    endloop
  endfacet
  facet normal -4.649405e-01 -4.438660e-01 7.660374e-01
    outer loop
      vertex   -5.275673e-02 -1.692025e-01 -4.614327e-02
      vertex   -5.344675e-02 -1.659456e-01 -4.467492e-02
      vertex   -5.630825e-02 -1.669674e-01 -4.700376e-02
    endloop
  endfacet
  facet normal -3.889584e-01 -5.041529e-01 7.710649e-01
    outer loop
      vertex   -4.966906e-02 -1.726483e-01 -4.683874e-02
      vertex   -4.766522e-02 -1.714481e-01 -4.504318e-02
      vertex   -5.275673e-02 -1.692025e-01 -4.614327e-02
    endloop
  endfacet
  facet normal -3.434222e-01 -5.574352e-01 7.558619e-01
    outer loop
      vertex   -4.352774e-02 -1.755649e-01 -4.619939e-02
      vertex   -4.766522e-02 -1.714481e-01 -4.504318e-02
      vertex   -4.966906e-02 -1.726483e-01 -4.683874e-02
    endloop
  endfacet
  facet normal -2.420129e-01 -5.999702e-01 7.625389e-01
    outer loop
      vertex   -3.830574e-02 -1.784165e-01 -4.678567e-02
      vertex   -3.863638e-02 -1.757112e-01 -4.476205e-02
      vertex   -4.352774e-02 -1.755649e-01 -4.619939e-02
    endloop
  endfacet
  facet normal -1.770924e-01 -6.033028e-01 7.776015e-01
    outer loop
      vertex   -3.830574e-02 -1.784165e-01 -4.678567e-02
      vertex   -3.356893e-02 -1.783505e-01 -4.565569e-02
      vertex   -3.863638e-02 -1.757112e-01 -4.476205e-02
    endloop
  endfacet
  facet normal -6.736257e-01 -1.625875e-01 7.209672e-01
    outer loop
      vertex   -6.602012e-02 -1.519941e-01 -4.790160e-02
      vertex   -6.408487e-02 -1.484603e-01 -4.529649e-02
      vertex   -6.680210e-02 -1.447601e-01 -4.700086e-02
    endloop
  endfacet
  facet normal -6.241127e-01 -2.124934e-01 7.518843e-01
    outer loop
      vertex   -6.602012e-02 -1.519941e-01 -4.790160e-02
      vertex   -6.404227e-02 -1.550220e-01 -4.711558e-02
      vertex   -6.408487e-02 -1.484603e-01 -4.529649e-02
    endloop
  endfacet
  facet normal -5.754806e-01 -2.706773e-01 7.717226e-01
    outer loop
      vertex   -6.404227e-02 -1.550220e-01 -4.711558e-02
      vertex   -6.159784e-02 -1.592784e-01 -4.678567e-02
      vertex   -6.103975e-02 -1.539113e-01 -4.448699e-02
    endloop
  endfacet
  facet normal -1.040000e-01 -7.212116e-01 6.848634e-01
    outer loop
      vertex   -2.500000e-02 -1.813973e-01 -4.756297e-02
      vertex   -2.994810e-02 -1.784810e-01 -4.524329e-02
      vertex   -3.356893e-02 -1.783505e-01 -4.565569e-02
    endloop
  endfacet
  facet normal -2.965364e-02 -6.525664e-01 7.571511e-01
    outer loop
      vertex   -2.500000e-02 -1.813973e-01 -4.756297e-02
      vertex   -2.500000e-02 -1.782862e-01 -4.488162e-02
      vertex   -2.994810e-02 -1.784810e-01 -4.524329e-02
    endloop
  endfacet
  facet normal -5.493440e-01 -4.271248e-01 7.181821e-01
    outer loop
      vertex   -5.861506e-02 -1.664927e-01 -4.848595e-02
      vertex   -5.630825e-02 -1.669674e-01 -4.700376e-02
      vertex   -6.004316e-02 -1.623804e-01 -4.713259e-02
    endloop
  endfacet
  facet normal -5.039156e-01 -5.417013e-01 6.727769e-01
    outer loop
      vertex   -5.734541e-02 -1.693845e-01 -4.972680e-02
      vertex   -5.275673e-02 -1.692025e-01 -4.614327e-02
      vertex   -5.630825e-02 -1.669674e-01 -4.700376e-02
    endloop
  endfacet
  facet normal -5.086466e-01 -5.303263e-01 6.782571e-01
    outer loop
      vertex   -5.246151e-02 -1.727890e-01 -4.872614e-02
      vertex   -5.275673e-02 -1.692025e-01 -4.614327e-02
      vertex   -5.734541e-02 -1.693845e-01 -4.972680e-02
    endloop
  endfacet
  facet normal -4.501127e-01 -5.459481e-01 7.066394e-01
    outer loop
      vertex   -5.246151e-02 -1.727890e-01 -4.872614e-02
      vertex   -4.966906e-02 -1.726483e-01 -4.683874e-02
      vertex   -5.275673e-02 -1.692025e-01 -4.614327e-02
    endloop
  endfacet
  facet normal -3.495941e-01 -5.737630e-01 7.406619e-01
    outer loop
      vertex   -4.815598e-02 -1.753107e-01 -4.818702e-02
      vertex   -4.352774e-02 -1.755649e-01 -4.619939e-02
      vertex   -4.966906e-02 -1.726483e-01 -4.683874e-02
    endloop
  endfacet
  facet normal -3.334794e-01 -6.369331e-01 6.950595e-01
    outer loop
      vertex   -4.293451e-02 -1.784377e-01 -4.854730e-02
      vertex   -4.352774e-02 -1.755649e-01 -4.619939e-02
      vertex   -4.815598e-02 -1.753107e-01 -4.818702e-02
    endloop
  endfacet
  facet normal -2.701001e-01 -6.421323e-01 7.174343e-01
    outer loop
      vertex   -4.293451e-02 -1.784377e-01 -4.854730e-02
      vertex   -3.830574e-02 -1.784165e-01 -4.678567e-02
      vertex   -4.352774e-02 -1.755649e-01 -4.619939e-02
    endloop
  endfacet
  facet normal -1.640921e-01 -6.669360e-01 7.268219e-01
    outer loop
      vertex   -3.348763e-02 -1.811931e-01 -4.824576e-02
      vertex   -3.356893e-02 -1.783505e-01 -4.565569e-02
      vertex   -3.830574e-02 -1.784165e-01 -4.678567e-02
    endloop
  endfacet
  facet normal -7.539142e-02 -6.727659e-01 7.360042e-01
    outer loop
      vertex   -3.348763e-02 -1.811931e-01 -4.824576e-02
      vertex   -2.500000e-02 -1.813973e-01 -4.756297e-02
      vertex   -3.356893e-02 -1.783505e-01 -4.565569e-02
    endloop
  endfacet
  facet normal -7.116184e-01 -1.620446e-01 6.836233e-01
    outer loop
      vertex   -6.890533e-02 -1.472405e-01 -4.977818e-02
      vertex   -6.602012e-02 -1.519941e-01 -4.790160e-02
      vertex   -6.680210e-02 -1.447601e-01 -4.700086e-02
    endloop
  endfacet
  facet normal -6.966071e-01 -2.839996e-01 6.588496e-01
    outer loop
      vertex   -6.510597e-02 -1.579867e-01 -4.951820e-02
      vertex   -6.404227e-02 -1.550220e-01 -4.711558e-02
      vertex   -6.602012e-02 -1.519941e-01 -4.790160e-02
    endloop
  endfacet
  facet normal -6.527154e-01 -3.216829e-01 6.859174e-01
    outer loop
      vertex   -6.510597e-02 -1.579867e-01 -4.951820e-02
      vertex   -6.159784e-02 -1.592784e-01 -4.678567e-02
      vertex   -6.404227e-02 -1.550220e-01 -4.711558e-02
    endloop
  endfacet
  facet normal -6.504259e-01 -3.983234e-01 6.467493e-01
    outer loop
      vertex   -6.004316e-02 -1.623804e-01 -4.713259e-02
      vertex   -6.159784e-02 -1.592784e-01 -4.678567e-02
      vertex   -6.510597e-02 -1.579867e-01 -4.951820e-02
    endloop
  endfacet
  facet normal -5.348084e-01 -5.204421e-01 6.656726e-01
    outer loop
      vertex   -5.734541e-02 -1.693845e-01 -4.972680e-02
      vertex   -5.630825e-02 -1.669674e-01 -4.700376e-02
      vertex   -5.861506e-02 -1.664927e-01 -4.848595e-02
    endloop
  endfacet
  facet normal -4.312832e-01 -5.905332e-01 6.821036e-01
    outer loop
      vertex   -5.246151e-02 -1.727890e-01 -4.872614e-02
      vertex   -4.815598e-02 -1.753107e-01 -4.818702e-02
      vertex   -4.966906e-02 -1.726483e-01 -4.683874e-02
    endloop
  endfacet
  facet normal -2.468506e-01 -7.121571e-01 6.571887e-01
    outer loop
      vertex   -3.647463e-02 -1.816317e-01 -4.958201e-02
      vertex   -3.830574e-02 -1.784165e-01 -4.678567e-02
      vertex   -4.293451e-02 -1.784377e-01 -4.854730e-02
    endloop
  endfacet
  facet normal -2.005346e-01 -7.054467e-01 6.798020e-01
    outer loop
      vertex   -3.647463e-02 -1.816317e-01 -4.958201e-02
      vertex   -3.348763e-02 -1.811931e-01 -4.824576e-02
      vertex   -3.830574e-02 -1.784165e-01 -4.678567e-02
    endloop
  endfacet
  facet normal -7.470184e-02 -6.864340e-01 7.233450e-01
    outer loop
      vertex   -2.985835e-02 -1.826005e-01 -4.920652e-02
      vertex   -2.500000e-02 -1.813973e-01 -4.756297e-02
      vertex   -3.348763e-02 -1.811931e-01 -4.824576e-02
    endloop
  endfacet
  facet normal -7.609449e-01 -2.210472e-01 6.100008e-01
    outer loop
      vertex   -6.753777e-02 -1.545743e-01 -5.072975e-02
      vertex   -6.602012e-02 -1.519941e-01 -4.790160e-02
      vertex   -6.890533e-02 -1.472405e-01 -4.977818e-02
    endloop
  endfacet
  facet normal -7.144581e-01 -2.817563e-01 6.404397e-01
    outer loop
      vertex   -6.753777e-02 -1.545743e-01 -5.072975e-02
      vertex   -6.510597e-02 -1.579867e-01 -4.951820e-02
      vertex   -6.602012e-02 -1.519941e-01 -4.790160e-02
    endloop
  endfacet
  facet normal -6.391150e-01 -3.704989e-01 6.739901e-01
    outer loop
      vertex   -6.339365e-02 -1.624272e-01 -5.033544e-02
      vertex   -6.004316e-02 -1.623804e-01 -4.713259e-02
      vertex   -6.510597e-02 -1.579867e-01 -4.951820e-02
    endloop
  endfacet
  facet normal -6.150821e-01 -4.463502e-01 6.499580e-01
    outer loop
      vertex   -6.109321e-02 -1.662644e-01 -5.079356e-02
      vertex   -6.004316e-02 -1.623804e-01 -4.713259e-02
      vertex   -6.339365e-02 -1.624272e-01 -5.033544e-02
    endloop
  endfacet
  facet normal -6.357659e-01 -4.314260e-01 6.400573e-01
    outer loop
      vertex   -6.109321e-02 -1.662644e-01 -5.079356e-02
      vertex   -5.861506e-02 -1.664927e-01 -4.848595e-02
      vertex   -6.004316e-02 -1.623804e-01 -4.713259e-02
    endloop
  endfacet
  facet normal -5.196513e-01 -5.543939e-01 6.500846e-01
    outer loop
      vertex   -5.525782e-02 -1.722875e-01 -5.053374e-02
      vertex   -5.246151e-02 -1.727890e-01 -4.872614e-02
      vertex   -5.734541e-02 -1.693845e-01 -4.972680e-02
    endloop
  endfacet
  facet normal -4.509920e-01 -6.361761e-01 6.260081e-01
    outer loop
      vertex   -5.088860e-02 -1.761290e-01 -5.098728e-02
      vertex   -4.815598e-02 -1.753107e-01 -4.818702e-02
      vertex   -5.246151e-02 -1.727890e-01 -4.872614e-02
    endloop
  endfacet
  facet normal -4.205946e-01 -6.739361e-01 6.073799e-01
    outer loop
      vertex   -4.643964e-02 -1.782031e-01 -5.020782e-02
      vertex   -4.815598e-02 -1.753107e-01 -4.818702e-02
      vertex   -5.088860e-02 -1.761290e-01 -5.098728e-02
    endloop
  endfacet
  facet normal -3.547273e-01 -6.677339e-01 6.544463e-01
    outer loop
      vertex   -4.643964e-02 -1.782031e-01 -5.020782e-02
      vertex   -4.293451e-02 -1.784377e-01 -4.854730e-02
      vertex   -4.815598e-02 -1.753107e-01 -4.818702e-02
    endloop
  endfacet
  facet normal -1.494747e-01 -7.907180e-01 5.936518e-01
    outer loop
      vertex   -2.985835e-02 -1.826005e-01 -4.920652e-02
      vertex   -3.348763e-02 -1.811931e-01 -4.824576e-02
      vertex   -3.647463e-02 -1.816317e-01 -4.958201e-02
    endloop
  endfacet
  facet normal -3.146341e-02 -7.598807e-01 6.493007e-01
    outer loop
      vertex   -2.500000e-02 -1.836572e-01 -5.020782e-02
      vertex   -2.500000e-02 -1.813973e-01 -4.756297e-02
      vertex   -2.985835e-02 -1.826005e-01 -4.920652e-02
    endloop
  endfacet
  facet normal -7.170706e-01 -3.836177e-01 5.819340e-01
    outer loop
      vertex   -6.612281e-02 -1.595302e-01 -5.178863e-02
      vertex   -6.339365e-02 -1.624272e-01 -5.033544e-02
      vertex   -6.510597e-02 -1.579867e-01 -4.951820e-02
    endloop
  endfacet
  facet normal -6.060928e-01 -5.231791e-01 5.991120e-01
    outer loop
      vertex   -6.109321e-02 -1.662644e-01 -5.079356e-02
      vertex   -5.734541e-02 -1.693845e-01 -4.972680e-02
      vertex   -5.861506e-02 -1.664927e-01 -4.848595e-02
    endloop
  endfacet
  facet normal -4.965711e-01 -6.346885e-01 5.921044e-01
    outer loop
      vertex   -5.088860e-02 -1.761290e-01 -5.098728e-02
      vertex   -5.246151e-02 -1.727890e-01 -4.872614e-02
      vertex   -5.525782e-02 -1.722875e-01 -5.053374e-02
    endloop
  endfacet
  facet normal -3.257921e-01 -7.446860e-01 5.824966e-01
    outer loop
      vertex   -4.030003e-02 -1.817571e-01 -5.131744e-02
      vertex   -4.293451e-02 -1.784377e-01 -4.854730e-02
      vertex   -4.643964e-02 -1.782031e-01 -5.020782e-02
    endloop
  endfacet
  facet normal -2.613125e-01 -7.322464e-01 6.289126e-01
    outer loop
      vertex   -4.030003e-02 -1.817571e-01 -5.131744e-02
      vertex   -3.647463e-02 -1.816317e-01 -4.958201e-02
      vertex   -4.293451e-02 -1.784377e-01 -4.854730e-02
    endloop
  endfacet
  facet normal -1.492641e-01 -7.877200e-01 5.976767e-01
    outer loop
      vertex   -3.444755e-02 -1.837903e-01 -5.192083e-02
      vertex   -2.985835e-02 -1.826005e-01 -4.920652e-02
      vertex   -3.647463e-02 -1.816317e-01 -4.958201e-02
    endloop
  endfacet
  facet normal -8.067961e-02 -8.555229e-01 5.114405e-01
    outer loop
      vertex   -2.500000e-02 -1.836572e-01 -5.020782e-02
      vertex   -2.985835e-02 -1.826005e-01 -4.920652e-02
      vertex   -3.444755e-02 -1.837903e-01 -5.192083e-02
    endloop
  endfacet
  facet normal -8.247286e-01 -1.748625e-01 5.378157e-01
    outer loop
      vertex   -6.974895e-02 -1.512044e-01 -5.236065e-02
      vertex   -6.890533e-02 -1.472405e-01 -4.977818e-02
      vertex   -7.141602e-02 -1.466499e-01 -5.343622e-02
    endloop
  endfacet
  facet normal -7.744305e-01 -2.213153e-01 5.926861e-01
    outer loop
      vertex   -6.974895e-02 -1.512044e-01 -5.236065e-02
      vertex   -6.753777e-02 -1.545743e-01 -5.072975e-02
      vertex   -6.890533e-02 -1.472405e-01 -4.977818e-02
    endloop
  endfacet
  facet normal -7.531480e-01 -3.358834e-01 5.656416e-01
    outer loop
      vertex   -6.612281e-02 -1.595302e-01 -5.178863e-02
      vertex   -6.510597e-02 -1.579867e-01 -4.951820e-02
      vertex   -6.753777e-02 -1.545743e-01 -5.072975e-02
    endloop
  endfacet
  facet normal -7.320951e-01 -4.210780e-01 5.354719e-01
    outer loop
      vertex   -6.511826e-02 -1.627478e-01 -5.294540e-02
      vertex   -6.339365e-02 -1.624272e-01 -5.033544e-02
      vertex   -6.612281e-02 -1.595302e-01 -5.178863e-02
    endloop
  endfacet
  facet normal -7.034142e-01 -4.804468e-01 5.238124e-01
    outer loop
      vertex   -6.249437e-02 -1.666659e-01 -5.301557e-02
      vertex   -6.339365e-02 -1.624272e-01 -5.033544e-02
      vertex   -6.511826e-02 -1.627478e-01 -5.294540e-02
    endloop
  endfacet
  facet normal -6.991146e-01 -4.821653e-01 5.279729e-01
    outer loop
      vertex   -6.249437e-02 -1.666659e-01 -5.301557e-02
      vertex   -6.109321e-02 -1.662644e-01 -5.079356e-02
      vertex   -6.339365e-02 -1.624272e-01 -5.033544e-02
    endloop
  endfacet
  facet normal -5.930098e-01 -5.813138e-01 5.571477e-01
    outer loop
      vertex   -5.886192e-02 -1.708551e-01 -5.287524e-02
      vertex   -5.525782e-02 -1.722875e-01 -5.053374e-02
      vertex   -5.734541e-02 -1.693845e-01 -4.972680e-02
    endloop
  endfacet
  facet normal -4.311821e-01 -7.211042e-01 5.423013e-01
    outer loop
      vertex   -4.835758e-02 -1.790110e-01 -5.280701e-02
      vertex   -4.643964e-02 -1.782031e-01 -5.020782e-02
      vertex   -5.088860e-02 -1.761290e-01 -5.098728e-02
    endloop
  endfacet
  facet normal -3.604896e-01 -7.816682e-01 5.089617e-01
    outer loop
      vertex   -4.835758e-02 -1.790110e-01 -5.280701e-02
      vertex   -4.030003e-02 -1.817571e-01 -5.131744e-02
      vertex   -4.643964e-02 -1.782031e-01 -5.020782e-02
    endloop
  endfacet
  facet normal -2.230066e-01 -8.050226e-01 5.497333e-01
    outer loop
      vertex   -3.444755e-02 -1.837903e-01 -5.192083e-02
      vertex   -3.647463e-02 -1.816317e-01 -4.958201e-02
      vertex   -4.030003e-02 -1.817571e-01 -5.131744e-02
    endloop
  endfacet
  facet normal -9.685966e-02 -7.970235e-01 5.961307e-01
    outer loop
      vertex   -3.012419e-02 -1.851346e-01 -5.301557e-02
      vertex   -2.500000e-02 -1.836572e-01 -5.020782e-02
      vertex   -3.444755e-02 -1.837903e-01 -5.192083e-02
    endloop
  endfacet
  facet normal -8.243959e-01 -3.125653e-01 4.718838e-01
    outer loop
      vertex   -6.801495e-02 -1.586777e-01 -5.428142e-02
      vertex   -6.753777e-02 -1.545743e-01 -5.072975e-02
      vertex   -6.974895e-02 -1.512044e-01 -5.236065e-02
    endloop
  endfacet
  facet normal -8.021947e-01 -3.346750e-01 4.944455e-01
    outer loop
      vertex   -6.801495e-02 -1.586777e-01 -5.428142e-02
      vertex   -6.612281e-02 -1.595302e-01 -5.178863e-02
      vertex   -6.753777e-02 -1.545743e-01 -5.072975e-02
    endloop
  endfacet
  facet normal -6.325970e-01 -5.871892e-01 5.050048e-01
    outer loop
      vertex   -6.249437e-02 -1.666659e-01 -5.301557e-02
      vertex   -5.734541e-02 -1.693845e-01 -4.972680e-02
      vertex   -6.109321e-02 -1.662644e-01 -5.079356e-02
    endloop
  endfacet
  facet normal -6.370412e-01 -5.337479e-01 5.561400e-01
    outer loop
      vertex   -5.886192e-02 -1.708551e-01 -5.287524e-02
      vertex   -5.734541e-02 -1.693845e-01 -4.972680e-02
      vertex   -6.249437e-02 -1.666659e-01 -5.301557e-02
    endloop
  endfacet
  facet normal -5.799801e-01 -6.442113e-01 4.986131e-01
    outer loop
      vertex   -5.679165e-02 -1.739819e-01 -5.450708e-02
      vertex   -5.525782e-02 -1.722875e-01 -5.053374e-02
      vertex   -5.886192e-02 -1.708551e-01 -5.287524e-02
    endloop
  endfacet
  facet normal -5.428859e-01 -6.762501e-01 4.979565e-01
    outer loop
      vertex   -5.679165e-02 -1.739819e-01 -5.450708e-02
      vertex   -5.088860e-02 -1.761290e-01 -5.098728e-02
      vertex   -5.525782e-02 -1.722875e-01 -5.053374e-02
    endloop
  endfacet
  facet normal -5.518704e-01 -6.391492e-01 5.356560e-01
    outer loop
      vertex   -5.305014e-02 -1.766103e-01 -5.378847e-02
      vertex   -5.088860e-02 -1.761290e-01 -5.098728e-02
      vertex   -5.679165e-02 -1.739819e-01 -5.450708e-02
    endloop
  endfacet
  facet normal -4.758316e-01 -7.287964e-01 4.923820e-01
    outer loop
      vertex   -4.835758e-02 -1.790110e-01 -5.280701e-02
      vertex   -5.088860e-02 -1.761290e-01 -5.098728e-02
      vertex   -5.305014e-02 -1.766103e-01 -5.378847e-02
    endloop
  endfacet
  facet normal -3.583055e-01 -7.490864e-01 5.572133e-01
    outer loop
      vertex   -4.532462e-02 -1.813470e-01 -5.399721e-02
      vertex   -4.030003e-02 -1.817571e-01 -5.131744e-02
      vertex   -4.835758e-02 -1.790110e-01 -5.280701e-02
    endloop
  endfacet
  facet normal -3.351274e-01 -7.942261e-01 5.068477e-01
    outer loop
      vertex   -4.064539e-02 -1.830483e-01 -5.356914e-02
      vertex   -4.030003e-02 -1.817571e-01 -5.131744e-02
      vertex   -4.532462e-02 -1.813470e-01 -5.399721e-02
    endloop
  endfacet
  facet normal -6.068923e-02 -8.334338e-01 5.492768e-01
    outer loop
      vertex   -3.012419e-02 -1.851346e-01 -5.301557e-02
      vertex   -2.500000e-02 -1.850504e-01 -5.232168e-02
      vertex   -2.500000e-02 -1.836572e-01 -5.020782e-02
    endloop
  endfacet
  facet normal -7.883870e-01 -4.107780e-01 4.579382e-01
    outer loop
      vertex   -6.801495e-02 -1.586777e-01 -5.428142e-02
      vertex   -6.511826e-02 -1.627478e-01 -5.294540e-02
      vertex   -6.612281e-02 -1.595302e-01 -5.178863e-02
    endloop
  endfacet
  facet normal -2.347884e-01 -8.272628e-01 5.104025e-01
    outer loop
      vertex   -4.064539e-02 -1.830483e-01 -5.356914e-02
      vertex   -3.444755e-02 -1.837903e-01 -5.192083e-02
      vertex   -4.030003e-02 -1.817571e-01 -5.131744e-02
    endloop
  endfacet
  facet normal -2.324465e-01 -8.355125e-01 4.978829e-01
    outer loop
      vertex   -3.708235e-02 -1.847191e-01 -5.470949e-02
      vertex   -3.444755e-02 -1.837903e-01 -5.192083e-02
      vertex   -4.064539e-02 -1.830483e-01 -5.356914e-02
    endloop
  endfacet
  facet normal -1.675343e-01 -8.769857e-01 4.503646e-01
    outer loop
      vertex   -3.241827e-02 -1.859505e-01 -5.537235e-02
      vertex   -3.444755e-02 -1.837903e-01 -5.192083e-02
      vertex   -3.708235e-02 -1.847191e-01 -5.470949e-02
    endloop
  endfacet
  facet normal -1.569035e-01 -8.760306e-01 4.560171e-01
    outer loop
      vertex   -3.241827e-02 -1.859505e-01 -5.537235e-02
      vertex   -3.012419e-02 -1.851346e-01 -5.301557e-02
      vertex   -3.444755e-02 -1.837903e-01 -5.192083e-02
    endloop
  endfacet
  facet normal -4.664599e-02 -8.905432e-01 4.525008e-01
    outer loop
      vertex   -2.500000e-02 -1.863400e-01 -5.485969e-02
      vertex   -2.500000e-02 -1.850504e-01 -5.232168e-02
      vertex   -3.012419e-02 -1.851346e-01 -5.301557e-02
    endloop
  endfacet
  facet normal -8.698546e-01 -2.133490e-01 4.447866e-01
    outer loop
      vertex   -7.174038e-02 -1.507325e-01 -5.602887e-02
      vertex   -6.974895e-02 -1.512044e-01 -5.236065e-02
      vertex   -7.141602e-02 -1.466499e-01 -5.343622e-02
    endloop
  endfacet
  facet normal -8.606386e-01 -2.684751e-01 4.326920e-01
    outer loop
      vertex   -7.055843e-02 -1.545214e-01 -5.602887e-02
      vertex   -6.974895e-02 -1.512044e-01 -5.236065e-02
      vertex   -7.174038e-02 -1.507325e-01 -5.602887e-02
    endloop
  endfacet
  facet normal -8.287316e-01 -3.117451e-01 4.647784e-01
    outer loop
      vertex   -7.055843e-02 -1.545214e-01 -5.602887e-02
      vertex   -6.801495e-02 -1.586777e-01 -5.428142e-02
      vertex   -6.974895e-02 -1.512044e-01 -5.236065e-02
    endloop
  endfacet
  facet normal -7.984155e-01 -4.298313e-01 4.216369e-01
    outer loop
      vertex   -6.671967e-02 -1.629421e-01 -5.617591e-02
      vertex   -6.511826e-02 -1.627478e-01 -5.294540e-02
      vertex   -6.801495e-02 -1.586777e-01 -5.428142e-02
    endloop
  endfacet
  facet normal -7.630115e-01 -5.010466e-01 4.083695e-01
    outer loop
      vertex   -6.353127e-02 -1.674334e-01 -5.572924e-02
      vertex   -6.511826e-02 -1.627478e-01 -5.294540e-02
      vertex   -6.671967e-02 -1.629421e-01 -5.617591e-02
    endloop
  endfacet
  facet normal -7.469488e-01 -5.079045e-01 4.290694e-01
    outer loop
      vertex   -6.353127e-02 -1.674334e-01 -5.572924e-02
      vertex   -6.249437e-02 -1.666659e-01 -5.301557e-02
      vertex   -6.511826e-02 -1.627478e-01 -5.294540e-02
    endloop
  endfacet
  facet normal -6.896690e-01 -5.836537e-01 4.286083e-01
    outer loop
      vertex   -6.353127e-02 -1.674334e-01 -5.572924e-02
      vertex   -5.886192e-02 -1.708551e-01 -5.287524e-02
      vertex   -6.249437e-02 -1.666659e-01 -5.301557e-02
    endloop
  endfacet
  facet normal -6.887830e-01 -5.975640e-01 4.104817e-01
    outer loop
      vertex   -6.120246e-02 -1.709405e-01 -5.692702e-02
      vertex   -5.886192e-02 -1.708551e-01 -5.287524e-02
      vertex   -6.353127e-02 -1.674334e-01 -5.572924e-02
    endloop
  endfacet
  facet normal -6.583712e-01 -6.414343e-01 3.938393e-01
    outer loop
      vertex   -6.120246e-02 -1.709405e-01 -5.692702e-02
      vertex   -5.679165e-02 -1.739819e-01 -5.450708e-02
      vertex   -5.886192e-02 -1.708551e-01 -5.287524e-02
    endloop
  endfacet
  facet normal -5.718842e-01 -6.948942e-01 4.359708e-01
    outer loop
      vertex   -5.552552e-02 -1.758847e-01 -5.587905e-02
      vertex   -5.305014e-02 -1.766103e-01 -5.378847e-02
      vertex   -5.679165e-02 -1.739819e-01 -5.450708e-02
    endloop
  endfacet
  facet normal -4.806241e-01 -7.621136e-01 4.338009e-01
    outer loop
      vertex   -5.166159e-02 -1.788023e-01 -5.610100e-02
      vertex   -4.835758e-02 -1.790110e-01 -5.280701e-02
      vertex   -5.305014e-02 -1.766103e-01 -5.378847e-02
    endloop
  endfacet
  facet normal -4.532427e-01 -7.944318e-01 4.042886e-01
    outer loop
      vertex   -5.166159e-02 -1.788023e-01 -5.610100e-02
      vertex   -4.532462e-02 -1.813470e-01 -5.399721e-02
      vertex   -4.835758e-02 -1.790110e-01 -5.280701e-02
    endloop
  endfacet
  facet normal -3.443333e-01 -8.431959e-01 4.128621e-01
    outer loop
      vertex   -4.141222e-02 -1.839022e-01 -5.595257e-02
      vertex   -4.064539e-02 -1.830483e-01 -5.356914e-02
      vertex   -4.532462e-02 -1.813470e-01 -5.399721e-02
    endloop
  endfacet
  facet normal -2.799631e-01 -8.716326e-01 4.023397e-01
    outer loop
      vertex   -3.708235e-02 -1.847191e-01 -5.470949e-02
      vertex   -4.064539e-02 -1.830483e-01 -5.356914e-02
      vertex   -4.141222e-02 -1.839022e-01 -5.595257e-02
    endloop
  endfacet
  facet normal -7.517511e-02 -9.174062e-01 3.907872e-01
    outer loop
      vertex   -2.500000e-02 -1.863400e-01 -5.485969e-02
      vertex   -3.012419e-02 -1.851346e-01 -5.301557e-02
      vertex   -3.241827e-02 -1.859505e-01 -5.537235e-02
    endloop
  endfacet
  facet normal -9.069878e-01 -1.720561e-01 3.844085e-01
    outer loop
      vertex   -7.294817e-02 -1.473668e-01 -5.737211e-02
      vertex   -7.174038e-02 -1.507325e-01 -5.602887e-02
      vertex   -7.141602e-02 -1.466499e-01 -5.343622e-02
    endloop
  endfacet
  facet normal -8.491870e-01 -3.554789e-01 3.905333e-01
    outer loop
      vertex   -6.971970e-02 -1.579994e-01 -5.737091e-02
      vertex   -6.801495e-02 -1.586777e-01 -5.428142e-02
      vertex   -7.055843e-02 -1.545214e-01 -5.602887e-02
    endloop
  endfacet
  facet normal -8.317547e-01 -4.159670e-01 3.676351e-01
    outer loop
      vertex   -6.671967e-02 -1.629421e-01 -5.617591e-02
      vertex   -6.801495e-02 -1.586777e-01 -5.428142e-02
      vertex   -6.971970e-02 -1.579994e-01 -5.737091e-02
    endloop
  endfacet
  facet normal -5.425520e-01 -7.476676e-01 3.829235e-01
    outer loop
      vertex   -5.166159e-02 -1.788023e-01 -5.610100e-02
      vertex   -5.305014e-02 -1.766103e-01 -5.378847e-02
      vertex   -5.552552e-02 -1.758847e-01 -5.587905e-02
    endloop
  endfacet
  facet normal -4.505155e-01 -8.080413e-01 3.796116e-01
    outer loop
      vertex   -4.652535e-02 -1.823340e-01 -5.752313e-02
      vertex   -4.532462e-02 -1.813470e-01 -5.399721e-02
      vertex   -5.166159e-02 -1.788023e-01 -5.610100e-02
    endloop
  endfacet
  facet normal -3.737725e-01 -8.523109e-01 3.658693e-01
    outer loop
      vertex   -4.652535e-02 -1.823340e-01 -5.752313e-02
      vertex   -4.141222e-02 -1.839022e-01 -5.595257e-02
      vertex   -4.532462e-02 -1.813470e-01 -5.399721e-02
    endloop
  endfacet
  facet normal -2.711008e-01 -8.939868e-01 3.567799e-01
    outer loop
      vertex   -3.732794e-02 -1.856470e-01 -5.722109e-02
      vertex   -3.708235e-02 -1.847191e-01 -5.470949e-02
      vertex   -4.141222e-02 -1.839022e-01 -5.595257e-02
    endloop
  endfacet
  facet normal -1.907970e-01 -9.145907e-01 3.565394e-01
    outer loop
      vertex   -3.732794e-02 -1.856470e-01 -5.722109e-02
      vertex   -3.241827e-02 -1.859505e-01 -5.537235e-02
      vertex   -3.708235e-02 -1.847191e-01 -5.470949e-02
    endloop
  endfacet
  facet normal -7.913003e-01 -5.317218e-01 3.018540e-01
    outer loop
      vertex   -6.470451e-02 -1.677473e-01 -5.935786e-02
      vertex   -6.353127e-02 -1.674334e-01 -5.572924e-02
      vertex   -6.671967e-02 -1.629421e-01 -5.617591e-02
    endloop
  endfacet
  facet normal -7.472642e-01 -5.963439e-01 2.932066e-01
    outer loop
      vertex   -6.120246e-02 -1.709405e-01 -5.692702e-02
      vertex   -6.353127e-02 -1.674334e-01 -5.572924e-02
      vertex   -6.470451e-02 -1.677473e-01 -5.935786e-02
    endloop
  endfacet
  facet normal -6.571005e-01 -6.521310e-01 3.780795e-01
    outer loop
      vertex   -5.879253e-02 -1.738867e-01 -5.782036e-02
      vertex   -5.679165e-02 -1.739819e-01 -5.450708e-02
      vertex   -6.120246e-02 -1.709405e-01 -5.692702e-02
    endloop
  endfacet
  facet normal -6.335483e-01 -6.832832e-01 3.629610e-01
    outer loop
      vertex   -5.879253e-02 -1.738867e-01 -5.782036e-02
      vertex   -5.552552e-02 -1.758847e-01 -5.587905e-02
      vertex   -5.679165e-02 -1.739819e-01 -5.450708e-02
    endloop
  endfacet
  facet normal -5.597992e-01 -7.655100e-01 3.172055e-01
    outer loop
      vertex   -5.471162e-02 -1.777275e-01 -5.888993e-02
      vertex   -5.166159e-02 -1.788023e-01 -5.610100e-02
      vertex   -5.552552e-02 -1.758847e-01 -5.587905e-02
    endloop
  endfacet
  facet normal -4.801061e-01 -8.217840e-01 3.068699e-01
    outer loop
      vertex   -4.932699e-02 -1.814108e-01 -5.943397e-02
      vertex   -4.652535e-02 -1.823340e-01 -5.752313e-02
      vertex   -5.166159e-02 -1.788023e-01 -5.610100e-02
    endloop
  endfacet
  facet normal -3.655990e-01 -8.754232e-01 3.161828e-01
    outer loop
      vertex   -4.235107e-02 -1.845160e-01 -5.873771e-02
      vertex   -4.141222e-02 -1.839022e-01 -5.595257e-02
      vertex   -4.652535e-02 -1.823340e-01 -5.752313e-02
    endloop
  endfacet
  facet normal -1.870101e-01 -9.195317e-01 3.456714e-01
    outer loop
      vertex   -3.413666e-02 -1.867502e-01 -5.842925e-02
      vertex   -3.241827e-02 -1.859505e-01 -5.537235e-02
      vertex   -3.732794e-02 -1.856470e-01 -5.722109e-02
    endloop
  endfacet
  facet normal -7.293608e-02 -9.360509e-01 3.442223e-01
    outer loop
      vertex   -2.500000e-02 -1.875407e-01 -5.812481e-02
      vertex   -2.500000e-02 -1.863400e-01 -5.485969e-02
      vertex   -3.241827e-02 -1.859505e-01 -5.537235e-02
    endloop
  endfacet
  facet normal -9.355687e-01 -2.281493e-01 2.695535e-01
    outer loop
      vertex   -7.325602e-02 -1.497251e-01 -6.043669e-02
      vertex   -7.174038e-02 -1.507325e-01 -5.602887e-02
      vertex   -7.294817e-02 -1.473668e-01 -5.737211e-02
    endloop
  endfacet
  facet normal -9.238694e-01 -2.881999e-01 2.518059e-01
    outer loop
      vertex   -7.325602e-02 -1.497251e-01 -6.043669e-02
      vertex   -7.055843e-02 -1.545214e-01 -5.602887e-02
      vertex   -7.174038e-02 -1.507325e-01 -5.602887e-02
    endloop
  endfacet
  facet normal -9.222881e-01 -2.411152e-01 3.020730e-01
    outer loop
      vertex   -7.187729e-02 -1.540287e-01 -5.966230e-02
      vertex   -7.055843e-02 -1.545214e-01 -5.602887e-02
      vertex   -7.325602e-02 -1.497251e-01 -6.043669e-02
    endloop
  endfacet
  facet normal -9.017666e-01 -3.266739e-01 2.830216e-01
    outer loop
      vertex   -7.187729e-02 -1.540287e-01 -5.966230e-02
      vertex   -6.971970e-02 -1.579994e-01 -5.737091e-02
      vertex   -7.055843e-02 -1.545214e-01 -5.602887e-02
    endloop
  endfacet
  facet normal -8.510967e-01 -4.520327e-01 2.670222e-01
    outer loop
      vertex   -6.982426e-02 -1.595232e-01 -6.028367e-02
      vertex   -6.671967e-02 -1.629421e-01 -5.617591e-02
      vertex   -6.971970e-02 -1.579994e-01 -5.737091e-02
    endloop
  endfacet
  facet normal -8.541710e-01 -4.369488e-01 2.819001e-01
    outer loop
      vertex   -6.982426e-02 -1.595232e-01 -6.028367e-02
      vertex   -6.703738e-02 -1.641714e-01 -5.904416e-02
      vertex   -6.671967e-02 -1.629421e-01 -5.617591e-02
    endloop
  endfacet
  facet normal -7.813805e-01 -5.375672e-01 3.169638e-01
    outer loop
      vertex   -6.703738e-02 -1.641714e-01 -5.904416e-02
      vertex   -6.470451e-02 -1.677473e-01 -5.935786e-02
      vertex   -6.671967e-02 -1.629421e-01 -5.617591e-02
    endloop
  endfacet
  facet normal -7.102691e-01 -6.573414e-01 2.518333e-01
    outer loop
      vertex   -6.121157e-02 -1.723216e-01 -6.055762e-02
      vertex   -5.879253e-02 -1.738867e-01 -5.782036e-02
      vertex   -6.120246e-02 -1.709405e-01 -5.692702e-02
    endloop
  endfacet
  facet normal -6.170825e-01 -7.343769e-01 2.826655e-01
    outer loop
      vertex   -5.471162e-02 -1.777275e-01 -5.888993e-02
      vertex   -5.552552e-02 -1.758847e-01 -5.587905e-02
      vertex   -5.879253e-02 -1.738867e-01 -5.782036e-02
    endloop
  endfacet
  facet normal -5.262410e-01 -8.083122e-01 2.640110e-01
    outer loop
      vertex   -5.471162e-02 -1.777275e-01 -5.888993e-02
      vertex   -4.932699e-02 -1.814108e-01 -5.943397e-02
      vertex   -5.166159e-02 -1.788023e-01 -5.610100e-02
    endloop
  endfacet
  facet normal -2.947053e-01 -9.074894e-01 2.993522e-01
    outer loop
      vertex   -4.235107e-02 -1.845160e-01 -5.873771e-02
      vertex   -3.732794e-02 -1.856470e-01 -5.722109e-02
      vertex   -4.141222e-02 -1.839022e-01 -5.595257e-02
    endloop
  endfacet
  facet normal -9.163500e-02 -9.495556e-01 2.999120e-01
    outer loop
      vertex   -2.929268e-02 -1.878774e-01 -6.051805e-02
      vertex   -3.241827e-02 -1.859505e-01 -5.537235e-02
      vertex   -3.413666e-02 -1.867502e-01 -5.842925e-02
    endloop
  endfacet
  facet normal -9.246392e-02 -9.496258e-01 2.994348e-01
    outer loop
      vertex   -2.929268e-02 -1.878774e-01 -6.051805e-02
      vertex   -2.500000e-02 -1.875407e-01 -5.812481e-02
      vertex   -3.241827e-02 -1.859505e-01 -5.537235e-02
    endloop
  endfacet
  facet normal -9.047465e-01 -3.632242e-01 2.224901e-01
    outer loop
      vertex   -6.982426e-02 -1.595232e-01 -6.028367e-02
      vertex   -6.971970e-02 -1.579994e-01 -5.737091e-02
      vertex   -7.187729e-02 -1.540287e-01 -5.966230e-02
    endloop
  endfacet
  facet normal -8.623282e-01 -4.613868e-01 2.085960e-01
    outer loop
      vertex   -6.883770e-02 -1.620727e-01 -6.184458e-02
      vertex   -6.703738e-02 -1.641714e-01 -5.904416e-02
      vertex   -6.982426e-02 -1.595232e-01 -6.028367e-02
    endloop
  endfacet
  facet normal -7.398919e-01 -6.281510e-01 2.408036e-01
    outer loop
      vertex   -6.121157e-02 -1.723216e-01 -6.055762e-02
      vertex   -6.120246e-02 -1.709405e-01 -5.692702e-02
      vertex   -6.470451e-02 -1.677473e-01 -5.935786e-02
    endloop
  endfacet
  facet normal -6.673007e-01 -7.237171e-01 1.759071e-01
    outer loop
      vertex   -5.598352e-02 -1.773403e-01 -6.137319e-02
      vertex   -5.879253e-02 -1.738867e-01 -5.782036e-02
      vertex   -6.121157e-02 -1.723216e-01 -6.055762e-02
    endloop
  endfacet
  facet normal -6.396195e-01 -7.387601e-01 2.124159e-01
    outer loop
      vertex   -5.598352e-02 -1.773403e-01 -6.137319e-02
      vertex   -5.471162e-02 -1.777275e-01 -5.888993e-02
      vertex   -5.879253e-02 -1.738867e-01 -5.782036e-02
    endloop
  endfacet
  facet normal -5.366775e-01 -8.161886e-01 2.140408e-01
    outer loop
      vertex   -5.090453e-02 -1.809648e-01 -6.168873e-02
      vertex   -4.932699e-02 -1.814108e-01 -5.943397e-02
      vertex   -5.471162e-02 -1.777275e-01 -5.888993e-02
    endloop
  endfacet
  facet normal -4.289290e-01 -8.800787e-01 2.036698e-01
    outer loop
      vertex   -4.529552e-02 -1.839520e-01 -6.192452e-02
      vertex   -4.652535e-02 -1.823340e-01 -5.752313e-02
      vertex   -4.932699e-02 -1.814108e-01 -5.943397e-02
    endloop
  endfacet
  facet normal -4.026901e-01 -8.898280e-01 2.145853e-01
    outer loop
      vertex   -4.529552e-02 -1.839520e-01 -6.192452e-02
      vertex   -4.235107e-02 -1.845160e-01 -5.873771e-02
      vertex   -4.652535e-02 -1.823340e-01 -5.752313e-02
    endloop
  endfacet
  facet normal -2.790111e-01 -9.326857e-01 2.285831e-01
    outer loop
      vertex   -3.756498e-02 -1.865747e-01 -6.129587e-02
      vertex   -3.732794e-02 -1.856470e-01 -5.722109e-02
      vertex   -4.235107e-02 -1.845160e-01 -5.873771e-02
    endloop
  endfacet
  facet normal -2.395710e-01 -9.435434e-01 2.287608e-01
    outer loop
      vertex   -3.756498e-02 -1.865747e-01 -6.129587e-02
      vertex   -3.413666e-02 -1.867502e-01 -5.842925e-02
      vertex   -3.732794e-02 -1.856470e-01 -5.722109e-02
    endloop
  endfacet
  facet normal -2.026702e-01 -9.618994e-01 1.835059e-01
    outer loop
      vertex   -3.313992e-02 -1.875820e-01 -6.168873e-02
      vertex   -3.413666e-02 -1.867502e-01 -5.842925e-02
      vertex   -3.756498e-02 -1.865747e-01 -6.129587e-02
    endloop
  endfacet
  facet normal -1.369085e-01 -9.690463e-01 2.054396e-01
    outer loop
      vertex   -3.313992e-02 -1.875820e-01 -6.168873e-02
      vertex   -2.929268e-02 -1.878774e-01 -6.051805e-02
      vertex   -3.413666e-02 -1.867502e-01 -5.842925e-02
    endloop
  endfacet
  facet normal -4.327397e-02 -9.756835e-01 2.148700e-01
    outer loop
      vertex   -2.500000e-02 -1.881530e-01 -6.090504e-02
      vertex   -2.500000e-02 -1.875407e-01 -5.812481e-02
      vertex   -2.929268e-02 -1.878774e-01 -6.051805e-02
    endloop
  endfacet
  facet normal -8.465613e-01 -5.060844e-01 1.649624e-01
    outer loop
      vertex   -6.706165e-02 -1.652486e-01 -6.247323e-02
      vertex   -6.703738e-02 -1.641714e-01 -5.904416e-02
      vertex   -6.883770e-02 -1.620727e-01 -6.184458e-02
    endloop
  endfacet
  facet normal -8.169172e-01 -5.485686e-01 1.780976e-01
    outer loop
      vertex   -6.706165e-02 -1.652486e-01 -6.247323e-02
      vertex   -6.470451e-02 -1.677473e-01 -5.935786e-02
      vertex   -6.703738e-02 -1.641714e-01 -5.904416e-02
    endloop
  endfacet
  facet normal -7.715129e-01 -6.229870e-01 1.290542e-01
    outer loop
      vertex   -6.400359e-02 -1.697842e-01 -6.500000e-02
      vertex   -6.121157e-02 -1.723216e-01 -6.055762e-02
      vertex   -6.470451e-02 -1.677473e-01 -5.935786e-02
    endloop
  endfacet
  facet normal -5.662355e-01 -8.077485e-01 1.640720e-01
    outer loop
      vertex   -5.598352e-02 -1.773403e-01 -6.137319e-02
      vertex   -5.090453e-02 -1.809648e-01 -6.168873e-02
      vertex   -5.471162e-02 -1.777275e-01 -5.888993e-02
    endloop
  endfacet
  facet normal -3.198015e-01 -9.386113e-01 1.293670e-01
    outer loop
      vertex   -4.242620e-02 -1.853535e-01 -6.500000e-02
      vertex   -4.235107e-02 -1.845160e-01 -5.873771e-02
      vertex   -4.529552e-02 -1.839520e-01 -6.192452e-02
    endloop
  endfacet
  facet normal -3.328926e-01 -9.341101e-01 1.289221e-01
    outer loop
      vertex   -4.242620e-02 -1.853535e-01 -6.500000e-02
      vertex   -3.756498e-02 -1.865747e-01 -6.129587e-02
      vertex   -4.235107e-02 -1.845160e-01 -5.873771e-02
    endloop
  endfacet
  facet normal -9.787749e-01 -1.824742e-01 9.328876e-02
    outer loop
      vertex   -7.358898e-02 -1.502721e-01 -6.500000e-02
      vertex   -7.325602e-02 -1.497251e-01 -6.043669e-02
      vertex   -7.450890e-02 -1.453378e-01 -6.500000e-02
    endloop
  endfacet
  facet normal -9.524523e-01 -2.864502e-01 1.038308e-01
    outer loop
      vertex   -7.358898e-02 -1.502721e-01 -6.500000e-02
      vertex   -7.187729e-02 -1.540287e-01 -5.966230e-02
      vertex   -7.325602e-02 -1.497251e-01 -6.043669e-02
    endloop
  endfacet
  facet normal -9.527815e-01 -2.849204e-01 1.050131e-01
    outer loop
      vertex   -7.215092e-02 -1.550810e-01 -6.500000e-02
      vertex   -7.187729e-02 -1.540287e-01 -5.966230e-02
      vertex   -7.358898e-02 -1.502721e-01 -6.500000e-02
    endloop
  endfacet
  facet normal -9.257069e-01 -3.592714e-01 1.182830e-01
    outer loop
      vertex   -7.215092e-02 -1.550810e-01 -6.500000e-02
      vertex   -6.982426e-02 -1.595232e-01 -6.028367e-02
      vertex   -7.187729e-02 -1.540287e-01 -5.966230e-02
    endloop
  endfacet
  facet normal -9.243979e-01 -3.643530e-01 1.128511e-01
    outer loop
      vertex   -7.064486e-02 -1.589020e-01 -6.500000e-02
      vertex   -6.982426e-02 -1.595232e-01 -6.028367e-02
      vertex   -7.215092e-02 -1.550810e-01 -6.500000e-02
    endloop
  endfacet
  facet normal -7.916056e-01 -5.995137e-01 1.180842e-01
    outer loop
      vertex   -6.400359e-02 -1.697842e-01 -6.500000e-02
      vertex   -6.470451e-02 -1.677473e-01 -5.935786e-02
      vertex   -6.706165e-02 -1.652486e-01 -6.247323e-02
    endloop
  endfacet
  facet normal -6.789427e-01 -7.255305e-01 1.124375e-01
    outer loop
      vertex   -6.032586e-02 -1.738389e-01 -6.500000e-02
      vertex   -5.598352e-02 -1.773403e-01 -6.137319e-02
      vertex   -6.121157e-02 -1.723216e-01 -6.055762e-02
    endloop
  endfacet
  facet normal -5.744269e-01 -8.131327e-01 9.406895e-02
    outer loop
      vertex   -5.181770e-02 -1.807028e-01 -6.500000e-02
      vertex   -5.090453e-02 -1.809648e-01 -6.168873e-02
      vertex   -5.598352e-02 -1.773403e-01 -6.137319e-02
    endloop
  endfacet
  facet normal -4.394366e-01 -8.885682e-01 1.316893e-01
    outer loop
      vertex   -4.744467e-02 -1.831666e-01 -6.500000e-02
      vertex   -4.932699e-02 -1.814108e-01 -5.943397e-02
      vertex   -5.090453e-02 -1.809648e-01 -6.168873e-02
    endloop
  endfacet
  facet normal -4.791711e-01 -8.704761e-01 1.125447e-01
    outer loop
      vertex   -4.744467e-02 -1.831666e-01 -6.500000e-02
      vertex   -4.529552e-02 -1.839520e-01 -6.192452e-02
      vertex   -4.932699e-02 -1.814108e-01 -5.943397e-02
    endloop
  endfacet
  facet normal -9.048039e-01 -4.131812e-01 1.030111e-01
    outer loop
      vertex   -7.064486e-02 -1.589020e-01 -6.500000e-02
      vertex   -6.883770e-02 -1.620727e-01 -6.184458e-02
      vertex   -6.982426e-02 -1.595232e-01 -6.028367e-02
    endloop
  endfacet
  facet normal -8.661852e-01 -4.961738e-01 5.945481e-02
    outer loop
      vertex   -6.798285e-02 -1.639432e-01 -6.500000e-02
      vertex   -6.706165e-02 -1.652486e-01 -6.247323e-02
      vertex   -6.883770e-02 -1.620727e-01 -6.184458e-02
    endloop
  endfacet
  facet normal -7.382344e-01 -6.696010e-01 8.151362e-02
    outer loop
      vertex   -6.032586e-02 -1.738389e-01 -6.500000e-02
      vertex   -6.121157e-02 -1.723216e-01 -6.055762e-02
      vertex   -6.400359e-02 -1.697842e-01 -6.500000e-02
    endloop
  endfacet
  facet normal -6.578049e-01 -7.505511e-01 6.297381e-02
    outer loop
      vertex   -5.518206e-02 -1.783470e-01 -6.500000e-02
      vertex   -5.598352e-02 -1.773403e-01 -6.137319e-02
      vertex   -6.032586e-02 -1.738389e-01 -6.500000e-02
    endloop
  endfacet
  facet normal -5.706921e-01 -8.150372e-01 1.001244e-01
    outer loop
      vertex   -5.518206e-02 -1.783470e-01 -6.500000e-02
      vertex   -5.181770e-02 -1.807028e-01 -6.500000e-02
      vertex   -5.598352e-02 -1.773403e-01 -6.137319e-02
    endloop
  endfacet
  facet normal -2.960046e-01 -9.522750e-01 7.452230e-02
    outer loop
      vertex   -3.719866e-02 -1.869784e-01 -6.500000e-02
      vertex   -3.756498e-02 -1.865747e-01 -6.129587e-02
      vertex   -4.242620e-02 -1.853535e-01 -6.500000e-02
    endloop
  endfacet
  facet normal -2.139825e-01 -9.731403e-01 8.490829e-02
    outer loop
      vertex   -3.719866e-02 -1.869784e-01 -6.500000e-02
      vertex   -3.313992e-02 -1.875820e-01 -6.168873e-02
      vertex   -3.756498e-02 -1.865747e-01 -6.129587e-02
    endloop
  endfacet
  facet normal -1.035648e-01 -9.905016e-01 9.044842e-02
    outer loop
      vertex   -3.182475e-02 -1.880219e-01 -6.500000e-02
      vertex   -2.929268e-02 -1.878774e-01 -6.051805e-02
      vertex   -3.313992e-02 -1.875820e-01 -6.168873e-02
    endloop
  endfacet
  facet normal -7.158540e-02 -9.947946e-01 7.252011e-02
    outer loop
      vertex   -2.500000e-02 -1.885130e-01 -6.500000e-02
      vertex   -2.929268e-02 -1.878774e-01 -6.051805e-02
      vertex   -3.182475e-02 -1.880219e-01 -6.500000e-02
    endloop
  endfacet
  facet normal -5.597615e-02 -9.945957e-01 8.744196e-02
    outer loop
      vertex   -2.500000e-02 -1.885130e-01 -6.500000e-02
      vertex   -2.500000e-02 -1.881530e-01 -6.090504e-02
      vertex   -2.929268e-02 -1.878774e-01 -6.051805e-02
    endloop
  endfacet
  facet normal -9.779728e-01 -1.904723e-01 8.537880e-02
    outer loop
      vertex   -7.325602e-02 -1.497251e-01 -6.043669e-02
      vertex   -7.427402e-02 -1.448484e-01 -6.121795e-02
      vertex   -7.450890e-02 -1.453378e-01 -6.500000e-02
    endloop
  endfacet
  facet normal -9.607197e-01 -1.647741e-01 2.233094e-01
    outer loop
      vertex   -7.294817e-02 -1.473668e-01 -5.737211e-02
      vertex   -7.427402e-02 -1.448484e-01 -6.121795e-02
      vertex   -7.325602e-02 -1.497251e-01 -6.043669e-02
    endloop
  endfacet
  facet normal -9.123939e-01 -1.470995e-01 3.819675e-01
    outer loop
      vertex   -7.141602e-02 -1.466499e-01 -5.343622e-02
      vertex   -7.233944e-02 -1.435080e-01 -5.443199e-02
      vertex   -7.294817e-02 -1.473668e-01 -5.737211e-02
    endloop
  endfacet
  facet normal -6.399212e-01 -1.203368e-01 7.589597e-01
    outer loop
      vertex   -6.408487e-02 -1.484603e-01 -4.529649e-02
      vertex   -6.497018e-02 -1.434569e-01 -4.524964e-02
      vertex   -6.680210e-02 -1.447601e-01 -4.700086e-02
    endloop
  endfacet
  facet normal -5.516772e-01 -1.053634e-01 8.273759e-01
    outer loop
      vertex   -6.176624e-02 -1.447874e-01 -4.328275e-02
      vertex   -6.497018e-02 -1.434569e-01 -4.524964e-02
      vertex   -6.408487e-02 -1.484603e-01 -4.529649e-02
    endloop
  endfacet
  facet normal -8.119544e-01 7.574010e-03 5.836717e-01
    outer loop
      vertex   -7.150974e-02 -1.385130e-01 -5.233795e-02
      vertex   -7.075291e-02 -1.414418e-01 -5.124710e-02
      vertex   -6.874450e-02 -1.385130e-01 -4.849117e-02
    endloop
  endfacet
  facet normal -8.836713e-01 -4.666272e-01 3.720333e-02
    outer loop
      vertex   -6.798285e-02 -1.639432e-01 -6.500000e-02
      vertex   -6.883770e-02 -1.620727e-01 -6.184458e-02
      vertex   -7.064486e-02 -1.589020e-01 -6.500000e-02
    endloop
  endfacet
  facet normal -8.263950e-01 -5.629943e-01 1.042711e-02
    outer loop
      vertex   -6.798285e-02 -1.639432e-01 -6.500000e-02
      vertex   -6.400359e-02 -1.697842e-01 -6.500000e-02
      vertex   -6.706165e-02 -1.652486e-01 -6.247323e-02
    endloop
  endfacet
  facet normal -4.897863e-01 -8.693194e-01 6.628089e-02
    outer loop
      vertex   -4.744467e-02 -1.831666e-01 -6.500000e-02
      vertex   -5.090453e-02 -1.809648e-01 -6.168873e-02
      vertex   -5.181770e-02 -1.807028e-01 -6.500000e-02
    endloop
  endfacet
  facet normal -3.990867e-01 -9.158081e-01 4.500488e-02
    outer loop
      vertex   -4.242620e-02 -1.853535e-01 -6.500000e-02
      vertex   -4.529552e-02 -1.839520e-01 -6.192452e-02
      vertex   -4.744467e-02 -1.831666e-01 -6.500000e-02
    endloop
  endfacet
  facet normal -1.903233e-01 -9.802008e-01 5.462147e-02
    outer loop
      vertex   -3.182475e-02 -1.880219e-01 -6.500000e-02
      vertex   -3.313992e-02 -1.875820e-01 -6.168873e-02
      vertex   -3.719866e-02 -1.869784e-01 -6.500000e-02
    endloop
  endfacet
  facet normal -9.847982e-01 1.462254e-03 1.736965e-01
    outer loop
      vertex   -7.481575e-02 -1.385130e-01 -6.215829e-02
      vertex   -7.414511e-02 -1.016602e-01 -5.866623e-02
      vertex   -7.489983e-02 -1.016602e-01 -6.294522e-02
    endloop
  endfacet
  facet normal -9.862366e-01 2.281716e-03 1.653247e-01
    outer loop
      vertex   -7.434509e-02 -1.385130e-01 -5.935061e-02
      vertex   -7.414511e-02 -1.016602e-01 -5.866623e-02
      vertex   -7.481575e-02 -1.385130e-01 -6.215829e-02
    endloop
  endfacet
  facet normal -9.582589e-01 -1.093108e-04 2.859018e-01
    outer loop
      vertex   -7.353117e-02 -1.385130e-01 -5.662258e-02
      vertex   -7.414511e-02 -1.016602e-01 -5.866623e-02
      vertex   -7.434509e-02 -1.385130e-01 -5.935061e-02
    endloop
  endfacet
  facet normal -9.414049e-01 3.019785e-03 3.372651e-01
    outer loop
      vertex   -7.353117e-02 -1.385130e-01 -5.662258e-02
      vertex   -7.260668e-02 -1.039635e-01 -5.435140e-02
      vertex   -7.414511e-02 -1.016602e-01 -5.866623e-02
    endloop
  endfacet
  facet normal -9.043944e-01 -3.848425e-03 4.266801e-01
    outer loop
      vertex   -7.150974e-02 -1.385130e-01 -5.233795e-02
      vertex   -7.260668e-02 -1.039635e-01 -5.435140e-02
      vertex   -7.353117e-02 -1.385130e-01 -5.662258e-02
    endloop
  endfacet
  facet normal -8.855197e-01 -1.039247e-03 4.646007e-01
    outer loop
      vertex   -7.150974e-02 -1.385130e-01 -5.233795e-02
      vertex   -7.157415e-02 -1.078023e-01 -5.239202e-02
      vertex   -7.260668e-02 -1.039635e-01 -5.435140e-02
    endloop
  endfacet
  facet normal -8.093082e-01 -6.632252e-04 5.873838e-01
    outer loop
      vertex   -7.150974e-02 -1.385130e-01 -5.233795e-02
      vertex   -6.893245e-02 -1.031957e-01 -4.874703e-02
      vertex   -7.157415e-02 -1.078023e-01 -5.239202e-02
    endloop
  endfacet
  facet normal -8.119777e-01 -9.269143e-05 5.836885e-01
    outer loop
      vertex   -6.874450e-02 -1.385130e-01 -4.849117e-02
      vertex   -6.893245e-02 -1.031957e-01 -4.874703e-02
      vertex   -7.150974e-02 -1.385130e-01 -5.233795e-02
    endloop
  endfacet
  facet normal -6.903805e-01 1.566868e-03 7.234448e-01
    outer loop
      vertex   -6.577321e-02 -1.385130e-01 -4.565569e-02
      vertex   -6.893245e-02 -1.031957e-01 -4.874703e-02
      vertex   -6.874450e-02 -1.385130e-01 -4.849117e-02
    endloop
  endfacet
  facet normal -6.975544e-01 3.200344e-04 7.165317e-01
    outer loop
      vertex   -6.577321e-02 -1.385130e-01 -4.565569e-02
      vertex   -6.553824e-02 -1.016602e-01 -4.544340e-02
      vertex   -6.893245e-02 -1.031957e-01 -4.874703e-02
    endloop
  endfacet
  facet normal -5.463791e-01 -1.340857e-03 8.375369e-01
    outer loop
      vertex   -6.577321e-02 -1.385130e-01 -4.565569e-02
      vertex   -6.163200e-02 -1.062668e-01 -4.290249e-02
      vertex   -6.553824e-02 -1.016602e-01 -4.544340e-02
    endloop
  endfacet
  facet normal -5.781618e-01 4.587415e-03 8.159093e-01
    outer loop
      vertex   -6.267832e-02 -1.385130e-01 -4.346261e-02
      vertex   -6.163200e-02 -1.062668e-01 -4.290249e-02
      vertex   -6.577321e-02 -1.385130e-01 -4.565569e-02
    endloop
  endfacet
  facet normal -4.629980e-01 -3.731221e-04 8.863593e-01
    outer loop
      vertex   -6.043438e-02 -1.385130e-01 -4.229047e-02
      vertex   -6.163200e-02 -1.062668e-01 -4.290249e-02
      vertex   -6.267832e-02 -1.385130e-01 -4.346261e-02
    endloop
  endfacet
  facet normal -3.823601e-01 3.336310e-03 9.240074e-01
    outer loop
      vertex   -6.043438e-02 -1.385130e-01 -4.229047e-02
      vertex   -5.717484e-02 -1.016602e-01 -4.107472e-02
      vertex   -6.163200e-02 -1.062668e-01 -4.290249e-02
    endloop
  endfacet
  facet normal -3.494664e-01 0.000000e+00 9.369489e-01
    outer loop
      vertex   -5.717484e-02 -1.385130e-01 -4.107472e-02
      vertex   -5.717484e-02 -1.016602e-01 -4.107472e-02
      vertex   -6.043438e-02 -1.385130e-01 -4.229047e-02
    endloop
  endfacet
  facet normal -2.032113e-01 0.000000e+00 9.791349e-01
    outer loop
      vertex   -5.717484e-02 -1.385130e-01 -4.107472e-02
      vertex   -5.315340e-02 -1.016602e-01 -4.024010e-02
      vertex   -5.717484e-02 -1.016602e-01 -4.107472e-02
    endloop
  endfacet
  facet normal -2.136843e-01 1.193399e-03 9.769020e-01
    outer loop
      vertex   -5.346914e-02 -1.385130e-01 -4.026414e-02
      vertex   -5.315340e-02 -1.016602e-01 -4.024010e-02
      vertex   -5.717484e-02 -1.385130e-01 -4.107472e-02
    endloop
  endfacet
  facet normal -7.592156e-02 -9.367426e-08 9.971138e-01
    outer loop
      vertex   -5.000000e-02 -1.385130e-01 -4.000000e-02
      vertex   -5.315340e-02 -1.016602e-01 -4.024010e-02
      vertex   -5.346914e-02 -1.385130e-01 -4.026414e-02
    endloop
  endfacet
  facet normal -7.592048e-02 0.000000e+00 9.971139e-01
    outer loop
      vertex   -5.000000e-02 -6.480740e-02 -4.000000e-02
      vertex   -5.315340e-02 -1.016602e-01 -4.024010e-02
      vertex   -5.000000e-02 -1.385130e-01 -4.000000e-02
    endloop
  endfacet
  facet normal -8.757884e-02 1.003810e-03 9.961571e-01
    outer loop
      vertex   -5.409496e-02 -6.480740e-02 -4.036002e-02
      vertex   -5.315340e-02 -1.016602e-01 -4.024010e-02
      vertex   -5.000000e-02 -6.480740e-02 -4.000000e-02
    endloop
  endfacet
  facet normal -2.032109e-01 -2.005900e-03 9.791329e-01
    outer loop
      vertex   -5.409496e-02 -6.480740e-02 -4.036002e-02
      vertex   -5.717484e-02 -1.016602e-01 -4.107472e-02
      vertex   -5.315340e-02 -1.016602e-01 -4.024010e-02
    endloop
  endfacet
  facet normal -2.487613e-01 2.005843e-03 9.685628e-01
    outer loop
      vertex   -5.807298e-02 -6.480740e-02 -4.138171e-02
      vertex   -5.717484e-02 -1.016602e-01 -4.107472e-02
      vertex   -5.409496e-02 -6.480740e-02 -4.036002e-02
    endloop
  endfacet
  facet normal -3.780824e-01 -1.502320e-03 9.257707e-01
    outer loop
      vertex   -5.807298e-02 -6.480740e-02 -4.138171e-02
      vertex   -6.163200e-02 -1.062668e-01 -4.290249e-02
      vertex   -5.717484e-02 -1.016602e-01 -4.107472e-02
    endloop
  endfacet
  facet normal -3.961504e-01 3.269340e-04 9.181856e-01
    outer loop
      vertex   -6.184408e-02 -6.480740e-02 -4.300875e-02
      vertex   -6.163200e-02 -1.062668e-01 -4.290249e-02
      vertex   -5.807298e-02 -6.480740e-02 -4.138171e-02
    endloop
  endfacet
  facet normal -5.458026e-01 -6.443277e-04 8.379135e-01
    outer loop
      vertex   -6.184408e-02 -6.480740e-02 -4.300875e-02
      vertex   -6.553824e-02 -1.016602e-01 -4.544340e-02
      vertex   -6.163200e-02 -1.062668e-01 -4.290249e-02
    endloop
  endfacet
  facet normal -5.309167e-01 -2.764512e-03 8.474195e-01
    outer loop
      vertex   -6.479218e-02 -6.480740e-02 -4.485576e-02
      vertex   -6.553824e-02 -1.016602e-01 -4.544340e-02
      vertex   -6.184408e-02 -6.480740e-02 -4.300875e-02
    endloop
  endfacet
  facet normal -6.406236e-01 7.251723e-04 7.678547e-01
    outer loop
      vertex   -6.697815e-02 -6.480740e-02 -4.667952e-02
      vertex   -6.553824e-02 -1.016602e-01 -4.544340e-02
      vertex   -6.479218e-02 -6.480740e-02 -4.485576e-02
    endloop
  endfacet
  facet normal -6.967415e-01 -3.162656e-03 7.173153e-01
    outer loop
      vertex   -6.697815e-02 -6.480740e-02 -4.667952e-02
      vertex   -6.893245e-02 -1.031957e-01 -4.874703e-02
      vertex   -6.553824e-02 -1.016602e-01 -4.544340e-02
    endloop
  endfacet
  facet normal -7.420116e-01 1.669533e-03 6.703850e-01
    outer loop
      vertex   -6.994413e-02 -6.480740e-02 -4.996241e-02
      vertex   -6.893245e-02 -1.031957e-01 -4.874703e-02
      vertex   -6.697815e-02 -6.480740e-02 -4.667952e-02
    endloop
  endfacet
  facet normal -8.081107e-01 -2.648325e-03 5.890247e-01
    outer loop
      vertex   -6.994413e-02 -6.480740e-02 -4.996241e-02
      vertex   -7.157415e-02 -1.078023e-01 -5.239202e-02
      vertex   -6.893245e-02 -1.031957e-01 -4.874703e-02
    endloop
  endfacet
  facet normal -8.349722e-01 5.588164e-04 5.502918e-01
    outer loop
      vertex   -7.168400e-02 -6.480740e-02 -5.260235e-02
      vertex   -7.157415e-02 -1.078023e-01 -5.239202e-02
      vertex   -6.994413e-02 -6.480740e-02 -4.996241e-02
    endloop
  endfacet
  facet normal -8.846652e-01 2.061598e-05 4.662269e-01
    outer loop
      vertex   -7.168400e-02 -6.480740e-02 -5.260235e-02
      vertex   -7.260668e-02 -1.039635e-01 -5.435140e-02
      vertex   -7.157415e-02 -1.078023e-01 -5.239202e-02
    endloop
  endfacet
  facet normal -8.988175e-01 1.600663e-03 4.383201e-01
    outer loop
      vertex   -7.320887e-02 -6.480740e-02 -5.572924e-02
      vertex   -7.260668e-02 -1.039635e-01 -5.435140e-02
      vertex   -7.168400e-02 -6.480740e-02 -5.260235e-02
    endloop
  endfacet
  facet normal -9.423752e-01 -2.720825e-03 3.345467e-01
    outer loop
      vertex   -7.320887e-02 -6.480740e-02 -5.572924e-02
      vertex   -7.414511e-02 -1.016602e-01 -5.866623e-02
      vertex   -7.260668e-02 -1.039635e-01 -5.435140e-02
    endloop
  endfacet
  facet normal -9.462463e-01 -1.737510e-03 3.234423e-01
    outer loop
      vertex   -7.402771e-02 -6.480740e-02 -5.812481e-02
      vertex   -7.414511e-02 -1.016602e-01 -5.866623e-02
      vertex   -7.320887e-02 -6.480740e-02 -5.572924e-02
    endloop
  endfacet
  facet normal -9.790637e-01 1.283696e-04 2.035540e-01
    outer loop
      vertex   -7.473585e-02 -6.480740e-02 -6.153086e-02
      vertex   -7.414511e-02 -1.016602e-01 -5.866623e-02
      vertex   -7.402771e-02 -6.480740e-02 -5.812481e-02
    endloop
  endfacet
  facet normal -9.847966e-01 -2.284422e-03 1.736962e-01
    outer loop
      vertex   -7.473585e-02 -6.480740e-02 -6.153086e-02
      vertex   -7.489983e-02 -1.016602e-01 -6.294522e-02
      vertex   -7.414511e-02 -1.016602e-01 -5.866623e-02
    endloop
  endfacet
  facet normal -9.971126e-01 1.522801e-03 7.592250e-02
    outer loop
      vertex   -7.500000e-02 -6.480740e-02 -6.500000e-02
      vertex   -7.489983e-02 -1.016602e-01 -6.294522e-02
      vertex   -7.473585e-02 -6.480740e-02 -6.153086e-02
    endloop
  endfacet
  facet normal -9.988138e-01 0.000000e+00 4.869379e-02
    outer loop
      vertex   -7.500000e-02 -1.385130e-01 -6.500000e-02
      vertex   -7.489983e-02 -1.016602e-01 -6.294522e-02
      vertex   -7.500000e-02 -6.480740e-02 -6.500000e-02
    endloop
  endfacet
  facet normal -9.979042e-01 -8.950268e-04 6.470188e-02
    outer loop
      vertex   -7.481575e-02 -1.385130e-01 -6.215829e-02
      vertex   -7.489983e-02 -1.016602e-01 -6.294522e-02
      vertex   -7.500000e-02 -1.385130e-01 -6.500000e-02
    endloop
  endfacet
  facet normal -9.983871e-01 1.674133e-02 5.424811e-02
    outer loop
      vertex   -7.487982e-02 -5.510780e-02 -6.578152e-02
      vertex   -7.500000e-02 -5.635427e-02 -6.760870e-02
      vertex   -7.500000e-02 -6.480740e-02 -6.500000e-02
    endloop
  endfacet
  facet normal -9.969436e-01 1.846877e-02 7.590964e-02
    outer loop
      vertex   -7.473585e-02 -6.480740e-02 -6.153086e-02
      vertex   -7.487982e-02 -5.510780e-02 -6.578152e-02
      vertex   -7.500000e-02 -6.480740e-02 -6.500000e-02
    endloop
  endfacet
  facet normal -9.940741e-01 3.091586e-02 1.042155e-01
    outer loop
      vertex   -7.451050e-02 -5.953571e-02 -6.094516e-02
      vertex   -7.487982e-02 -5.510780e-02 -6.578152e-02
      vertex   -7.473585e-02 -6.480740e-02 -6.153086e-02
    endloop
  endfacet
  facet normal -9.878978e-01 6.921364e-02 1.388072e-01
    outer loop
      vertex   -7.451050e-02 -5.953571e-02 -6.094516e-02
      vertex   -7.434509e-02 -5.317059e-02 -6.294181e-02
      vertex   -7.487982e-02 -5.510780e-02 -6.578152e-02
    endloop
  endfacet
  facet normal -9.788826e-01 1.923387e-02 2.035163e-01
    outer loop
      vertex   -7.402771e-02 -6.480740e-02 -5.812481e-02
      vertex   -7.451050e-02 -5.953571e-02 -6.094516e-02
      vertex   -7.473585e-02 -6.480740e-02 -6.153086e-02
    endloop
  endfacet
  facet normal -9.746849e-01 8.958699e-02 2.048499e-01
    outer loop
      vertex   -7.396942e-02 -5.759099e-02 -5.922118e-02
      vertex   -7.434509e-02 -5.317059e-02 -6.294181e-02
      vertex   -7.451050e-02 -5.953571e-02 -6.094516e-02
    endloop
  endfacet
  facet normal -9.447259e-01 5.669161e-02 3.229226e-01
    outer loop
      vertex   -7.396942e-02 -5.759099e-02 -5.922118e-02
      vertex   -7.402771e-02 -6.480740e-02 -5.812481e-02
      vertex   -7.320887e-02 -6.480740e-02 -5.572924e-02
    endloop
  endfacet
  facet normal -9.667604e-01 4.601980e-02 2.515084e-01
    outer loop
      vertex   -7.396942e-02 -5.759099e-02 -5.922118e-02
      vertex   -7.451050e-02 -5.953571e-02 -6.094516e-02
      vertex   -7.402771e-02 -6.480740e-02 -5.812481e-02
    endloop
  endfacet
  facet normal -9.577167e-01 1.332410e-01 2.550009e-01
    outer loop
      vertex   -7.353117e-02 -5.163323e-02 -6.068822e-02
      vertex   -7.434509e-02 -5.317059e-02 -6.294181e-02
      vertex   -7.396942e-02 -5.759099e-02 -5.922118e-02
    endloop
  endfacet
  facet normal -9.477047e-01 5.245157e-02 3.148089e-01
    outer loop
      vertex   -7.305466e-02 -5.787455e-02 -5.642011e-02
      vertex   -7.396942e-02 -5.759099e-02 -5.922118e-02
      vertex   -7.320887e-02 -6.480740e-02 -5.572924e-02
    endloop
  endfacet
  facet normal -9.356481e-01 1.477508e-01 3.205190e-01
    outer loop
      vertex   -7.305466e-02 -5.787455e-02 -5.642011e-02
      vertex   -7.353117e-02 -5.163323e-02 -6.068822e-02
      vertex   -7.396942e-02 -5.759099e-02 -5.922118e-02
    endloop
  endfacet
  facet normal -9.303053e-01 5.680323e-02 3.623609e-01
    outer loop
      vertex   -7.247635e-02 -6.224448e-02 -5.425037e-02
      vertex   -7.305466e-02 -5.787455e-02 -5.642011e-02
      vertex   -7.320887e-02 -6.480740e-02 -5.572924e-02
    endloop
  endfacet
  facet normal -9.104729e-01 1.838296e-01 3.704669e-01
    outer loop
      vertex   -7.161070e-02 -5.501000e-02 -5.429281e-02
      vertex   -7.353117e-02 -5.163323e-02 -6.068822e-02
      vertex   -7.305466e-02 -5.787455e-02 -5.642011e-02
    endloop
  endfacet
  facet normal -8.816658e-01 1.110365e-01 4.586244e-01
    outer loop
      vertex   -7.093452e-02 -5.995504e-02 -5.184064e-02
      vertex   -7.305466e-02 -5.787455e-02 -5.642011e-02
      vertex   -7.247635e-02 -6.224448e-02 -5.425037e-02
    endloop
  endfacet
  facet normal -8.831696e-01 1.058355e-01 4.569577e-01
    outer loop
      vertex   -7.161070e-02 -5.501000e-02 -5.429281e-02
      vertex   -7.305466e-02 -5.787455e-02 -5.642011e-02
      vertex   -7.093452e-02 -5.995504e-02 -5.184064e-02
    endloop
  endfacet
  facet normal -9.160450e-01 1.684166e-01 3.640020e-01
    outer loop
      vertex   -7.161070e-02 -5.501000e-02 -5.429281e-02
      vertex   -7.215189e-02 -4.983340e-02 -5.804988e-02
      vertex   -7.353117e-02 -5.163323e-02 -6.068822e-02
    endloop
  endfacet
  facet normal -8.639105e-01 5.484510e-02 5.006502e-01
    outer loop
      vertex   -7.093452e-02 -5.995504e-02 -5.184064e-02
      vertex   -7.247635e-02 -6.224448e-02 -5.425037e-02
      vertex   -7.168400e-02 -6.480740e-02 -5.260235e-02
    endloop
  endfacet
  facet normal -8.580951e-01 2.398259e-01 4.540445e-01
    outer loop
      vertex   -7.018452e-02 -5.151418e-02 -5.344397e-02
      vertex   -7.215189e-02 -4.983340e-02 -5.804988e-02
      vertex   -7.161070e-02 -5.501000e-02 -5.429281e-02
    endloop
  endfacet
  facet normal -8.491245e-01 2.623500e-01 4.584322e-01
    outer loop
      vertex   -7.031849e-02 -4.816725e-02 -5.560749e-02
      vertex   -7.215189e-02 -4.983340e-02 -5.804988e-02
      vertex   -7.018452e-02 -5.151418e-02 -5.344397e-02
    endloop
  endfacet
  facet normal -8.342164e-01 4.254429e-02 5.497936e-01
    outer loop
      vertex   -7.093452e-02 -5.995504e-02 -5.184064e-02
      vertex   -7.168400e-02 -6.480740e-02 -5.260235e-02
      vertex   -6.994413e-02 -6.480740e-02 -4.996241e-02
    endloop
  endfacet
  facet normal -8.503615e-01 1.358158e-01 5.083693e-01
    outer loop
      vertex   -7.014423e-02 -5.609797e-02 -5.154916e-02
      vertex   -7.161070e-02 -5.501000e-02 -5.429281e-02
      vertex   -7.093452e-02 -5.995504e-02 -5.184064e-02
    endloop
  endfacet
  facet normal -8.254145e-01 2.094502e-01 5.242342e-01
    outer loop
      vertex   -7.018452e-02 -5.151418e-02 -5.344397e-02
      vertex   -7.161070e-02 -5.501000e-02 -5.429281e-02
      vertex   -7.014423e-02 -5.609797e-02 -5.154916e-02
    endloop
  endfacet
  facet normal -8.034590e-01 1.205640e-01 5.830249e-01
    outer loop
      vertex   -6.900681e-02 -5.971518e-02 -4.923368e-02
      vertex   -7.014423e-02 -5.609797e-02 -5.154916e-02
      vertex   -7.093452e-02 -5.995504e-02 -5.184064e-02
    endloop
  endfacet
  facet normal -7.813979e-01 3.164099e-01 5.378681e-01
    outer loop
      vertex   -6.854439e-02 -4.691254e-02 -5.376823e-02
      vertex   -7.031849e-02 -4.816725e-02 -5.560749e-02
      vertex   -7.018452e-02 -5.151418e-02 -5.344397e-02
    endloop
  endfacet
  facet normal -8.052121e-01 6.384885e-02 5.895394e-01
    outer loop
      vertex   -6.900681e-02 -5.971518e-02 -4.923368e-02
      vertex   -7.093452e-02 -5.995504e-02 -5.184064e-02
      vertex   -6.994413e-02 -6.480740e-02 -4.996241e-02
    endloop
  endfacet
  facet normal -7.515408e-01 1.714516e-01 6.370171e-01
    outer loop
      vertex   -6.859746e-02 -5.352956e-02 -5.041558e-02
      vertex   -7.014423e-02 -5.609797e-02 -5.154916e-02
      vertex   -6.900681e-02 -5.971518e-02 -4.923368e-02
    endloop
  endfacet
  facet normal -7.922425e-01 2.271518e-01 5.663513e-01
    outer loop
      vertex   -6.859746e-02 -5.352956e-02 -5.041558e-02
      vertex   -7.018452e-02 -5.151418e-02 -5.344397e-02
      vertex   -7.014423e-02 -5.609797e-02 -5.154916e-02
    endloop
  endfacet
  facet normal -7.436496e-01 3.069084e-01 5.939634e-01
    outer loop
      vertex   -6.859746e-02 -5.352956e-02 -5.041558e-02
      vertex   -6.854439e-02 -4.691254e-02 -5.376823e-02
      vertex   -7.018452e-02 -5.151418e-02 -5.344397e-02
    endloop
  endfacet
  facet normal -7.414004e-01 4.061246e-02 6.698328e-01
    outer loop
      vertex   -6.697815e-02 -6.480740e-02 -4.667952e-02
      vertex   -6.900681e-02 -5.971518e-02 -4.923368e-02
      vertex   -6.994413e-02 -6.480740e-02 -4.996241e-02
    endloop
  endfacet
  facet normal -7.322430e-01 1.742551e-01 6.583733e-01
    outer loop
      vertex   -6.747055e-02 -5.935347e-02 -4.762079e-02
      vertex   -6.859746e-02 -5.352956e-02 -5.041558e-02
      vertex   -6.900681e-02 -5.971518e-02 -4.923368e-02
    endloop
  endfacet
  facet normal -7.510567e-01 3.031896e-01 5.865065e-01
    outer loop
      vertex   -6.704518e-02 -5.068052e-02 -4.990058e-02
      vertex   -6.854439e-02 -4.691254e-02 -5.376823e-02
      vertex   -6.859746e-02 -5.352956e-02 -5.041558e-02
    endloop
  endfacet
  facet normal -7.289176e-01 5.200103e-02 6.826236e-01
    outer loop
      vertex   -6.747055e-02 -5.935347e-02 -4.762079e-02
      vertex   -6.900681e-02 -5.971518e-02 -4.923368e-02
      vertex   -6.697815e-02 -6.480740e-02 -4.667952e-02
    endloop
  endfacet
  facet normal -7.139839e-01 1.857961e-01 6.750606e-01
    outer loop
      vertex   -6.623428e-02 -5.464159e-02 -4.761009e-02
      vertex   -6.859746e-02 -5.352956e-02 -5.041558e-02
      vertex   -6.747055e-02 -5.935347e-02 -4.762079e-02
    endloop
  endfacet
  facet normal -6.885197e-01 2.522270e-01 6.799428e-01
    outer loop
      vertex   -6.704518e-02 -5.068052e-02 -4.990058e-02
      vertex   -6.859746e-02 -5.352956e-02 -5.041558e-02
      vertex   -6.623428e-02 -5.464159e-02 -4.761009e-02
    endloop
  endfacet
  facet normal -7.059562e-01 3.507149e-01 6.153250e-01
    outer loop
      vertex   -6.675425e-02 -4.590371e-02 -5.228942e-02
      vertex   -6.854439e-02 -4.691254e-02 -5.376823e-02
      vertex   -6.704518e-02 -5.068052e-02 -4.990058e-02
    endloop
  endfacet
  facet normal -6.388447e-01 7.447472e-02 7.657225e-01
    outer loop
      vertex   -6.479218e-02 -6.480740e-02 -4.485576e-02
      vertex   -6.747055e-02 -5.935347e-02 -4.762079e-02
      vertex   -6.697815e-02 -6.480740e-02 -4.667952e-02
    endloop
  endfacet
  facet normal -6.470248e-01 1.680719e-01 7.437141e-01
    outer loop
      vertex   -6.623428e-02 -5.464159e-02 -4.761009e-02
      vertex   -6.747055e-02 -5.935347e-02 -4.762079e-02
      vertex   -6.478726e-02 -5.906082e-02 -4.535249e-02
    endloop
  endfacet
  facet normal -6.483650e-01 6.611419e-02 7.584535e-01
    outer loop
      vertex   -6.478726e-02 -5.906082e-02 -4.535249e-02
      vertex   -6.747055e-02 -5.935347e-02 -4.762079e-02
      vertex   -6.479218e-02 -6.480740e-02 -4.485576e-02
    endloop
  endfacet
  facet normal -6.205600e-01 2.934542e-01 7.271794e-01
    outer loop
      vertex   -6.420644e-02 -4.954172e-02 -4.793762e-02
      vertex   -6.704518e-02 -5.068052e-02 -4.990058e-02
      vertex   -6.623428e-02 -5.464159e-02 -4.761009e-02
    endloop
  endfacet
  facet normal -6.243594e-01 3.794738e-01 6.827701e-01
    outer loop
      vertex   -6.420644e-02 -4.954172e-02 -4.793762e-02
      vertex   -6.675425e-02 -4.590371e-02 -5.228942e-02
      vertex   -6.704518e-02 -5.068052e-02 -4.990058e-02
    endloop
  endfacet
  facet normal -5.936809e-01 2.033516e-01 7.785828e-01
    outer loop
      vertex   -6.307917e-02 -5.462644e-02 -4.520822e-02
      vertex   -6.623428e-02 -5.464159e-02 -4.761009e-02
      vertex   -6.478726e-02 -5.906082e-02 -4.535249e-02
    endloop
  endfacet
  facet normal -6.044222e-01 4.005000e-01 6.886752e-01
    outer loop
      vertex   -6.420644e-02 -4.954172e-02 -4.793762e-02
      vertex   -6.373525e-02 -4.460958e-02 -5.039237e-02
      vertex   -6.675425e-02 -4.590371e-02 -5.228942e-02
    endloop
  endfacet
  facet normal -5.301898e-01 5.238502e-02 8.462592e-01
    outer loop
      vertex   -6.281476e-02 -5.982305e-02 -4.392543e-02
      vertex   -6.479218e-02 -6.480740e-02 -4.485576e-02
      vertex   -6.184408e-02 -6.480740e-02 -4.300875e-02
    endloop
  endfacet
  facet normal -5.663877e-01 7.145365e-02 8.210355e-01
    outer loop
      vertex   -6.281476e-02 -5.982305e-02 -4.392543e-02
      vertex   -6.478726e-02 -5.906082e-02 -4.535249e-02
      vertex   -6.479218e-02 -6.480740e-02 -4.485576e-02
    endloop
  endfacet
  facet normal -5.308915e-01 1.775370e-01 8.286343e-01
    outer loop
      vertex   -6.281476e-02 -5.982305e-02 -4.392543e-02
      vertex   -6.307917e-02 -5.462644e-02 -4.520822e-02
      vertex   -6.478726e-02 -5.906082e-02 -4.535249e-02
    endloop
  endfacet
  facet normal -5.822495e-01 2.805266e-01 7.630795e-01
    outer loop
      vertex   -6.307917e-02 -5.462644e-02 -4.520822e-02
      vertex   -6.420644e-02 -4.954172e-02 -4.793762e-02
      vertex   -6.623428e-02 -5.464159e-02 -4.761009e-02
    endloop
  endfacet
  facet normal -5.122123e-01 3.152802e-01 7.988974e-01
    outer loop
      vertex   -6.198442e-02 -4.853811e-02 -4.690905e-02
      vertex   -6.420644e-02 -4.954172e-02 -4.793762e-02
      vertex   -6.307917e-02 -5.462644e-02 -4.520822e-02
    endloop
  endfacet
  facet normal -5.302271e-01 4.178357e-01 7.377483e-01
    outer loop
      vertex   -6.198442e-02 -4.853811e-02 -4.690905e-02
      vertex   -6.373525e-02 -4.460958e-02 -5.039237e-02
      vertex   -6.420644e-02 -4.954172e-02 -4.793762e-02
    endloop
  endfacet
  facet normal -4.563720e-01 7.419640e-02 8.866902e-01
    outer loop
      vertex   -5.962766e-02 -6.045670e-02 -4.223203e-02
      vertex   -6.281476e-02 -5.982305e-02 -4.392543e-02
      vertex   -6.184408e-02 -6.480740e-02 -4.300875e-02
    endloop
  endfacet
  facet normal -4.449810e-01 1.298492e-01 8.860762e-01
    outer loop
      vertex   -6.043438e-02 -5.659768e-02 -4.320268e-02
      vertex   -6.281476e-02 -5.982305e-02 -4.392543e-02
      vertex   -5.962766e-02 -6.045670e-02 -4.223203e-02
    endloop
  endfacet
  facet normal -5.039381e-01 1.827474e-01 8.441859e-01
    outer loop
      vertex   -6.043438e-02 -5.659768e-02 -4.320268e-02
      vertex   -6.307917e-02 -5.462644e-02 -4.520822e-02
      vertex   -6.281476e-02 -5.982305e-02 -4.392543e-02
    endloop
  endfacet
  facet normal -4.615616e-01 2.474493e-01 8.518977e-01
    outer loop
      vertex   -5.992451e-02 -5.327166e-02 -4.389253e-02
      vertex   -6.307917e-02 -5.462644e-02 -4.520822e-02
      vertex   -6.043438e-02 -5.659768e-02 -4.320268e-02
    endloop
  endfacet
  facet normal -4.773878e-01 3.149952e-01 8.202920e-01
    outer loop
      vertex   -5.992451e-02 -5.327166e-02 -4.389253e-02
      vertex   -6.198442e-02 -4.853811e-02 -4.690905e-02
      vertex   -6.307917e-02 -5.462644e-02 -4.520822e-02
    endloop
  endfacet
  facet normal -4.576256e-01 3.276088e-01 8.265902e-01
    outer loop
      vertex   -5.970554e-02 -4.864959e-02 -4.560321e-02
      vertex   -6.198442e-02 -4.853811e-02 -4.690905e-02
      vertex   -5.992451e-02 -5.327166e-02 -4.389253e-02
    endloop
  endfacet
  facet normal -4.714396e-01 4.580849e-01 7.535934e-01
    outer loop
      vertex   -5.955851e-02 -4.334958e-02 -4.854536e-02
      vertex   -6.373525e-02 -4.460958e-02 -5.039237e-02
      vertex   -6.198442e-02 -4.853811e-02 -4.690905e-02
    endloop
  endfacet
  facet normal -3.958663e-01 3.786709e-02 9.175271e-01
    outer loop
      vertex   -5.807298e-02 -6.480740e-02 -4.138171e-02
      vertex   -5.962766e-02 -6.045670e-02 -4.223203e-02
      vertex   -6.184408e-02 -6.480740e-02 -4.300875e-02
    endloop
  endfacet
  facet normal -4.279806e-01 4.477041e-01 7.851074e-01
    outer loop
      vertex   -5.955851e-02 -4.334958e-02 -4.854536e-02
      vertex   -6.198442e-02 -4.853811e-02 -4.690905e-02
      vertex   -5.970554e-02 -4.864959e-02 -4.560321e-02
    endloop
  endfacet
  facet normal -3.622990e-01 1.554182e-01 9.190128e-01
    outer loop
      vertex   -5.762909e-02 -5.693069e-02 -4.204044e-02
      vertex   -6.043438e-02 -5.659768e-02 -4.320268e-02
      vertex   -5.962766e-02 -6.045670e-02 -4.223203e-02
    endloop
  endfacet
  facet normal -3.468829e-01 2.411678e-01 9.063721e-01
    outer loop
      vertex   -5.762909e-02 -5.693069e-02 -4.204044e-02
      vertex   -5.992451e-02 -5.327166e-02 -4.389253e-02
      vertex   -6.043438e-02 -5.659768e-02 -4.320268e-02
    endloop
  endfacet
  facet normal -3.505711e-01 3.396334e-01 8.727823e-01
    outer loop
      vertex   -5.694570e-02 -4.966143e-02 -4.410091e-02
      vertex   -5.970554e-02 -4.864959e-02 -4.560321e-02
      vertex   -5.992451e-02 -5.327166e-02 -4.389253e-02
    endloop
  endfacet
  facet normal -3.475871e-01 2.406580e-01 9.062378e-01
    outer loop
      vertex   -5.687519e-02 -5.330106e-02 -4.271516e-02
      vertex   -5.992451e-02 -5.327166e-02 -4.389253e-02
      vertex   -5.762909e-02 -5.693069e-02 -4.204044e-02
    endloop
  endfacet
  facet normal -3.373460e-01 3.292491e-01 8.819255e-01
    outer loop
      vertex   -5.687519e-02 -5.330106e-02 -4.271516e-02
      vertex   -5.694570e-02 -4.966143e-02 -4.410091e-02
      vertex   -5.992451e-02 -5.327166e-02 -4.389253e-02
    endloop
  endfacet
  facet normal -2.908907e-01 4.556528e-01 8.412866e-01
    outer loop
      vertex   -5.656673e-02 -4.277329e-02 -4.770059e-02
      vertex   -5.970554e-02 -4.864959e-02 -4.560321e-02
      vertex   -5.694570e-02 -4.966143e-02 -4.410091e-02
    endloop
  endfacet
  facet normal -3.224242e-01 4.662554e-01 8.238012e-01
    outer loop
      vertex   -5.656673e-02 -4.277329e-02 -4.770059e-02
      vertex   -5.955851e-02 -4.334958e-02 -4.854536e-02
      vertex   -5.970554e-02 -4.864959e-02 -4.560321e-02
    endloop
  endfacet
  facet normal -3.065449e-01 7.590223e-02 9.488251e-01
    outer loop
      vertex   -5.549355e-02 -6.010626e-02 -4.092442e-02
      vertex   -5.962766e-02 -6.045670e-02 -4.223203e-02
      vertex   -5.807298e-02 -6.480740e-02 -4.138171e-02
    endloop
  endfacet
  facet normal -3.087754e-01 1.237748e-01 9.430469e-01
    outer loop
      vertex   -5.549355e-02 -6.010626e-02 -4.092442e-02
      vertex   -5.762909e-02 -5.693069e-02 -4.204044e-02
      vertex   -5.962766e-02 -6.045670e-02 -4.223203e-02
    endloop
  endfacet
  facet normal -2.485398e-01 4.223987e-02 9.677003e-01
    outer loop
      vertex   -5.409496e-02 -6.480740e-02 -4.036002e-02
      vertex   -5.549355e-02 -6.010626e-02 -4.092442e-02
      vertex   -5.807298e-02 -6.480740e-02 -4.138171e-02
    endloop
  endfacet
  facet normal -2.187178e-01 1.893275e-01 9.572448e-01
    outer loop
      vertex   -5.378326e-02 -5.520256e-02 -4.150352e-02
      vertex   -5.762909e-02 -5.693069e-02 -4.204044e-02
      vertex   -5.549355e-02 -6.010626e-02 -4.092442e-02
    endloop
  endfacet
  facet normal -2.328941e-01 2.242802e-01 9.462868e-01
    outer loop
      vertex   -5.378326e-02 -5.520256e-02 -4.150352e-02
      vertex   -5.687519e-02 -5.330106e-02 -4.271516e-02
      vertex   -5.762909e-02 -5.693069e-02 -4.204044e-02
    endloop
  endfacet
  facet normal -1.954017e-01 2.809888e-01 9.396081e-01
    outer loop
      vertex   -5.378205e-02 -5.179020e-02 -4.252373e-02
      vertex   -5.687519e-02 -5.330106e-02 -4.271516e-02
      vertex   -5.378326e-02 -5.520256e-02 -4.150352e-02
    endloop
  endfacet
  facet normal -2.239919e-01 3.429879e-01 9.122428e-01
    outer loop
      vertex   -5.378205e-02 -5.179020e-02 -4.252373e-02
      vertex   -5.694570e-02 -4.966143e-02 -4.410091e-02
      vertex   -5.687519e-02 -5.330106e-02 -4.271516e-02
    endloop
  endfacet
  facet normal -1.919049e-01 3.839634e-01 9.031858e-01
    outer loop
      vertex   -5.346914e-02 -4.739710e-02 -4.432484e-02
      vertex   -5.694570e-02 -4.966143e-02 -4.410091e-02
      vertex   -5.378205e-02 -5.179020e-02 -4.252373e-02
    endloop
  endfacet
  facet normal -2.443762e-01 4.596434e-01 8.538198e-01
    outer loop
      vertex   -5.346914e-02 -4.739710e-02 -4.432484e-02
      vertex   -5.656673e-02 -4.277329e-02 -4.770059e-02
      vertex   -5.694570e-02 -4.966143e-02 -4.410091e-02
    endloop
  endfacet
  facet normal -1.586347e-01 7.103683e-02 9.847785e-01
    outer loop
      vertex   -5.315745e-02 -5.966454e-02 -4.057997e-02
      vertex   -5.549355e-02 -6.010626e-02 -4.092442e-02
      vertex   -5.409496e-02 -6.480740e-02 -4.036002e-02
    endloop
  endfacet
  facet normal -1.760487e-01 1.757818e-01 9.685596e-01
    outer loop
      vertex   -5.315745e-02 -5.966454e-02 -4.057997e-02
      vertex   -5.378326e-02 -5.520256e-02 -4.150352e-02
      vertex   -5.549355e-02 -6.010626e-02 -4.092442e-02
    endloop
  endfacet
  facet normal -1.884076e-01 4.936318e-01 8.490172e-01
    outer loop
      vertex   -5.284170e-02 -4.236953e-02 -4.710872e-02
      vertex   -5.656673e-02 -4.277329e-02 -4.770059e-02
      vertex   -5.346914e-02 -4.739710e-02 -4.432484e-02
    endloop
  endfacet
  facet normal -8.742905e-02 5.847029e-02 9.944533e-01
    outer loop
      vertex   -5.000000e-02 -6.480740e-02 -4.000000e-02
      vertex   -5.315745e-02 -5.966454e-02 -4.057997e-02
      vertex   -5.409496e-02 -6.480740e-02 -4.036002e-02
    endloop
  endfacet
  facet normal -2.780134e-02 9.514875e-02 9.950748e-01
    outer loop
      vertex   -5.000000e-02 -5.766906e-02 -4.068257e-02
      vertex   -5.315745e-02 -5.966454e-02 -4.057997e-02
      vertex   -5.000000e-02 -6.480740e-02 -4.000000e-02
    endloop
  endfacet
  facet normal -8.830837e-02 1.900012e-01 9.778043e-01
    outer loop
      vertex   -5.000000e-02 -5.766906e-02 -4.068257e-02
      vertex   -5.378326e-02 -5.520256e-02 -4.150352e-02
      vertex   -5.315745e-02 -5.966454e-02 -4.057997e-02
    endloop
  endfacet
  facet normal -4.245668e-02 2.562913e-01 9.656667e-01
    outer loop
      vertex   -5.000000e-02 -5.150964e-02 -4.231730e-02
      vertex   -5.378326e-02 -5.520256e-02 -4.150352e-02
      vertex   -5.000000e-02 -5.766906e-02 -4.068257e-02
    endloop
  endfacet
  facet normal -7.334747e-02 2.856992e-01 9.555083e-01
    outer loop
      vertex   -5.000000e-02 -5.150964e-02 -4.231730e-02
      vertex   -5.378205e-02 -5.179020e-02 -4.252373e-02
      vertex   -5.378326e-02 -5.520256e-02 -4.150352e-02
    endloop
  endfacet
  facet normal -7.864674e-02 3.829586e-01 9.204116e-01
    outer loop
      vertex   -5.000000e-02 -5.150964e-02 -4.231730e-02
      vertex   -5.346914e-02 -4.739710e-02 -4.432484e-02
      vertex   -5.378205e-02 -5.179020e-02 -4.252373e-02
    endloop
  endfacet
  facet normal -8.101845e-02 3.812115e-01 9.209310e-01
    outer loop
      vertex   -5.000000e-02 -4.708962e-02 -4.414692e-02
      vertex   -5.346914e-02 -4.739710e-02 -4.432484e-02
      vertex   -5.000000e-02 -5.150964e-02 -4.231730e-02
    endloop
  endfacet
  facet normal -8.857505e-02 5.013103e-01 8.607221e-01
    outer loop
      vertex   -5.000000e-02 -4.226570e-02 -4.695652e-02
      vertex   -5.346914e-02 -4.739710e-02 -4.432484e-02
      vertex   -5.000000e-02 -4.708962e-02 -4.414692e-02
    endloop
  endfacet
  facet normal -6.445928e-02 4.895533e-01 8.695876e-01
    outer loop
      vertex   -5.000000e-02 -4.226570e-02 -4.695652e-02
      vertex   -5.284170e-02 -4.236953e-02 -4.710872e-02
      vertex   -5.346914e-02 -4.739710e-02 -4.432484e-02
    endloop
  endfacet
  facet normal -8.988116e-01 3.973557e-03 4.383172e-01
    outer loop
      vertex   -7.320887e-02 -6.480740e-02 -5.572924e-02
      vertex   -7.168400e-02 -6.480740e-02 -5.260235e-02
      vertex   -7.247635e-02 -6.224448e-02 -5.425037e-02
    endloop
  endfacet
  facet normal -9.935907e-01 -4.755489e-02 1.025478e-01
    outer loop
      vertex   -7.500000e-02 2.899494e-02 -8.029615e-02
      vertex   -7.440094e-02 5.334624e-02 -6.319929e-02
      vertex   -7.500000e-02 5.635427e-02 -6.760870e-02
    endloop
  endfacet
  facet normal -9.542884e-01 -1.556638e-01 2.551518e-01
    outer loop
      vertex   -7.500000e-02 2.899494e-02 -8.029615e-02
      vertex   -7.327995e-02 4.749728e-02 -6.257506e-02
      vertex   -7.440094e-02 5.334624e-02 -6.319929e-02
    endloop
  endfacet
  facet normal -9.911387e-01 -3.146205e-02 1.290512e-01
    outer loop
      vertex   -7.500000e-02 2.899494e-02 -8.029615e-02
      vertex   -7.402771e-02 3.453303e-02 -7.147861e-02
      vertex   -7.327995e-02 4.749728e-02 -6.257506e-02
    endloop
  endfacet
  facet normal -9.925392e-01 -1.779317e-02 1.206205e-01
    outer loop
      vertex   -7.500000e-02 2.899494e-02 -8.029615e-02
      vertex   -7.455173e-02 2.401883e-02 -7.734159e-02
      vertex   -7.402771e-02 3.453303e-02 -7.147861e-02
    endloop
  endfacet
  facet normal -9.097277e-01 -1.981241e-01 3.648868e-01
    outer loop
      vertex   -7.327995e-02 4.749728e-02 -6.257506e-02
      vertex   -7.402771e-02 3.453303e-02 -7.147861e-02
      vertex   -7.259596e-02 4.269504e-02 -6.347724e-02
    endloop
  endfacet
  facet normal -9.633895e-01 -9.234040e-02 2.517021e-01
    outer loop
      vertex   -7.455173e-02 2.401883e-02 -7.734159e-02
      vertex   -7.324928e-02 2.208124e-02 -7.306729e-02
      vertex   -7.402771e-02 3.453303e-02 -7.147861e-02
    endloop
  endfacet
  facet normal -9.372162e-01 -1.460556e-01 3.166917e-01
    outer loop
      vertex   -7.402771e-02 3.453303e-02 -7.147861e-02
      vertex   -7.190159e-02 2.619320e-02 -6.903283e-02
      vertex   -7.259596e-02 4.269504e-02 -6.347724e-02
    endloop
  endfacet
  facet normal -9.040051e-01 -1.092492e-01 4.133271e-01
    outer loop
      vertex   -7.402771e-02 3.453303e-02 -7.147861e-02
      vertex   -7.324928e-02 2.208124e-02 -7.306729e-02
      vertex   -7.190159e-02 2.619320e-02 -6.903283e-02
    endloop
  endfacet
  facet normal -7.925657e-01 -2.242566e-01 5.670525e-01
    outer loop
      vertex   -7.259596e-02 4.269504e-02 -6.347724e-02
      vertex   -7.190159e-02 2.619320e-02 -6.903283e-02
      vertex   -7.175491e-02 3.375108e-02 -6.583885e-02
    endloop
  endfacet
  facet normal -9.155251e-01 -1.963562e-01 3.510813e-01
    outer loop
      vertex   -7.327995e-02 4.749728e-02 -6.257506e-02
      vertex   -7.259596e-02 4.269504e-02 -6.347724e-02
      vertex   -7.168400e-02 4.936767e-02 -5.736716e-02
    endloop
  endfacet
  facet normal -8.410837e-01 -2.982516e-01 4.512473e-01
    outer loop
      vertex   -7.259596e-02 4.269504e-02 -6.347724e-02
      vertex   -7.014423e-02 4.801826e-02 -5.538907e-02
      vertex   -7.168400e-02 4.936767e-02 -5.736716e-02
    endloop
  endfacet
  facet normal -8.795838e-01 -2.287207e-01 4.171560e-01
    outer loop
      vertex   -7.259596e-02 4.269504e-02 -6.347724e-02
      vertex   -7.024986e-02 3.398357e-02 -6.330681e-02
      vertex   -7.014423e-02 4.801826e-02 -5.538907e-02
    endloop
  endfacet
  facet normal -8.309962e-01 -2.137493e-01 5.135724e-01
    outer loop
      vertex   -7.175491e-02 3.375108e-02 -6.583885e-02
      vertex   -7.024986e-02 3.398357e-02 -6.330681e-02
      vertex   -7.259596e-02 4.269504e-02 -6.347724e-02
    endloop
  endfacet
  facet normal -8.317989e-01 -2.023005e-01 5.168996e-01
    outer loop
      vertex   -7.190159e-02 2.619320e-02 -6.903283e-02
      vertex   -6.952232e-02 2.577426e-02 -6.536806e-02
      vertex   -7.175491e-02 3.375108e-02 -6.583885e-02
    endloop
  endfacet
  facet normal -7.129678e-01 -3.404590e-01 6.129964e-01
    outer loop
      vertex   -7.024986e-02 3.398357e-02 -6.330681e-02
      vertex   -6.835113e-02 3.805852e-02 -5.883518e-02
      vertex   -7.014423e-02 4.801826e-02 -5.538907e-02
    endloop
  endfacet
  facet normal -8.334271e-01 -2.029259e-01 5.140236e-01
    outer loop
      vertex   -7.175491e-02 3.375108e-02 -6.583885e-02
      vertex   -6.952232e-02 2.577426e-02 -6.536806e-02
      vertex   -7.024986e-02 3.398357e-02 -6.330681e-02
    endloop
  endfacet
  facet normal -7.762909e-01 -2.656171e-01 5.716817e-01
    outer loop
      vertex   -7.024986e-02 3.398357e-02 -6.330681e-02
      vertex   -6.785774e-02 3.082173e-02 -6.152760e-02
      vertex   -6.835113e-02 3.805852e-02 -5.883518e-02
    endloop
  endfacet
  facet normal -7.536713e-01 -2.221114e-01 6.185839e-01
    outer loop
      vertex   -6.952232e-02 2.577426e-02 -6.536806e-02
      vertex   -6.785774e-02 3.082173e-02 -6.152760e-02
      vertex   -7.024986e-02 3.398357e-02 -6.330681e-02
    endloop
  endfacet
  facet normal -7.139137e-01 -3.402821e-01 6.119929e-01
    outer loop
      vertex   -6.835113e-02 3.805852e-02 -5.883518e-02
      vertex   -6.699816e-02 4.137734e-02 -5.541155e-02
      vertex   -7.014423e-02 4.801826e-02 -5.538907e-02
    endloop
  endfacet
  facet normal -7.575713e-01 -2.182415e-01 6.151881e-01
    outer loop
      vertex   -6.952232e-02 2.577426e-02 -6.536806e-02
      vertex   -6.749578e-02 2.353886e-02 -6.366550e-02
      vertex   -6.785774e-02 3.082173e-02 -6.152760e-02
    endloop
  endfacet
  facet normal -6.955312e-01 -3.586802e-01 6.225632e-01
    outer loop
      vertex   -6.835113e-02 3.805852e-02 -5.883518e-02
      vertex   -6.475412e-02 3.347478e-02 -5.745744e-02
      vertex   -6.699816e-02 4.137734e-02 -5.541155e-02
    endloop
  endfacet
  facet normal -6.522316e-01 -3.029784e-01 6.948367e-01
    outer loop
      vertex   -6.785774e-02 3.082173e-02 -6.152760e-02
      vertex   -6.475412e-02 3.347478e-02 -5.745744e-02
      vertex   -6.835113e-02 3.805852e-02 -5.883518e-02
    endloop
  endfacet
  facet normal -6.684150e-01 -2.770386e-01 6.902688e-01
    outer loop
      vertex   -6.785774e-02 3.082173e-02 -6.152760e-02
      vertex   -6.457867e-02 2.513298e-02 -6.063551e-02
      vertex   -6.475412e-02 3.347478e-02 -5.745744e-02
    endloop
  endfacet
  facet normal -6.296618e-01 -2.474665e-01 7.364009e-01
    outer loop
      vertex   -6.749578e-02 2.353886e-02 -6.366550e-02
      vertex   -6.457867e-02 2.513298e-02 -6.063551e-02
      vertex   -6.785774e-02 3.082173e-02 -6.152760e-02
    endloop
  endfacet
  facet normal -6.479622e-01 -4.085053e-01 6.428595e-01
    outer loop
      vertex   -6.699816e-02 4.137734e-02 -5.541155e-02
      vertex   -6.341162e-02 3.608830e-02 -5.515747e-02
      vertex   -6.675425e-02 4.590371e-02 -5.228942e-02
    endloop
  endfacet
  facet normal -6.315588e-01 -4.077641e-01 6.594406e-01
    outer loop
      vertex   -6.675425e-02 4.590371e-02 -5.228942e-02
      vertex   -6.341162e-02 3.608830e-02 -5.515747e-02
      vertex   -6.479218e-02 4.500213e-02 -5.096780e-02
    endloop
  endfacet
  facet normal -5.745775e-01 -3.541796e-01 7.378466e-01
    outer loop
      vertex   -6.699816e-02 4.137734e-02 -5.541155e-02
      vertex   -6.475412e-02 3.347478e-02 -5.745744e-02
      vertex   -6.341162e-02 3.608830e-02 -5.515747e-02
    endloop
  endfacet
  facet normal -5.494309e-01 -4.236020e-01 7.201993e-01
    outer loop
      vertex   -6.341162e-02 3.608830e-02 -5.515747e-02
      vertex   -6.267832e-02 4.421702e-02 -4.981694e-02
      vertex   -6.479218e-02 4.500213e-02 -5.096780e-02
    endloop
  endfacet
  facet normal -4.523865e-01 -4.608273e-01 7.635343e-01
    outer loop
      vertex   -6.341162e-02 3.608830e-02 -5.515747e-02
      vertex   -6.075683e-02 3.698766e-02 -5.304173e-02
      vertex   -6.267832e-02 4.421702e-02 -4.981694e-02
    endloop
  endfacet
  facet normal -5.860679e-01 -3.443905e-01 7.334300e-01
    outer loop
      vertex   -6.475412e-02 3.347478e-02 -5.745744e-02
      vertex   -6.229531e-02 2.807393e-02 -5.802869e-02
      vertex   -6.341162e-02 3.608830e-02 -5.515747e-02
    endloop
  endfacet
  facet normal -5.078992e-01 -3.159888e-01 8.013673e-01
    outer loop
      vertex   -6.457867e-02 2.513298e-02 -6.063551e-02
      vertex   -6.229531e-02 2.807393e-02 -5.802869e-02
      vertex   -6.475412e-02 3.347478e-02 -5.745744e-02
    endloop
  endfacet
  facet normal -5.120055e-01 -3.119028e-01 8.003543e-01
    outer loop
      vertex   -6.457867e-02 2.513298e-02 -6.063551e-02
      vertex   -5.984240e-02 2.197719e-02 -5.883544e-02
      vertex   -6.229531e-02 2.807393e-02 -5.802869e-02
    endloop
  endfacet
  facet normal -4.625047e-01 -4.608072e-01 7.574603e-01
    outer loop
      vertex   -6.267832e-02 4.421702e-02 -4.981694e-02
      vertex   -6.075683e-02 3.698766e-02 -5.304173e-02
      vertex   -6.043438e-02 4.355647e-02 -4.884865e-02
    endloop
  endfacet
  facet normal -4.744638e-01 -4.197273e-01 7.737655e-01
    outer loop
      vertex   -6.341162e-02 3.608830e-02 -5.515747e-02
      vertex   -5.866722e-02 3.121593e-02 -5.489127e-02
      vertex   -6.075683e-02 3.698766e-02 -5.304173e-02
    endloop
  endfacet
  facet normal -4.141706e-01 -3.575615e-01 8.370260e-01
    outer loop
      vertex   -6.229531e-02 2.807393e-02 -5.802869e-02
      vertex   -5.866722e-02 3.121593e-02 -5.489127e-02
      vertex   -6.341162e-02 3.608830e-02 -5.515747e-02
    endloop
  endfacet
  facet normal -4.641939e-01 -2.971710e-01 8.343940e-01
    outer loop
      vertex   -6.229531e-02 2.807393e-02 -5.802869e-02
      vertex   -5.984240e-02 2.197719e-02 -5.883544e-02
      vertex   -5.866722e-02 3.121593e-02 -5.489127e-02
    endloop
  endfacet
  facet normal -4.803901e-01 -4.205538e-01 7.696492e-01
    outer loop
      vertex   -6.075683e-02 3.698766e-02 -5.304173e-02
      vertex   -5.866722e-02 3.121593e-02 -5.489127e-02
      vertex   -5.808335e-02 4.302725e-02 -4.807286e-02
    endloop
  endfacet
  facet normal -2.829423e-01 -3.459226e-01 8.945844e-01
    outer loop
      vertex   -5.984240e-02 2.197719e-02 -5.883544e-02
      vertex   -5.511413e-02 2.301210e-02 -5.693978e-02
      vertex   -5.866722e-02 3.121593e-02 -5.489127e-02
    endloop
  endfacet
  facet normal -2.423988e-01 -3.325614e-01 9.113977e-01
    outer loop
      vertex   -5.866722e-02 3.121593e-02 -5.489127e-02
      vertex   -5.511413e-02 2.301210e-02 -5.693978e-02
      vertex   -5.440705e-02 2.911035e-02 -5.452653e-02
    endloop
  endfacet
  facet normal -1.461301e-01 -1.256831e-01 9.812491e-01
    outer loop
      vertex   -5.866722e-02 3.121593e-02 -5.489127e-02
      vertex   -5.440705e-02 2.911035e-02 -5.452653e-02
      vertex   -5.000000e-02 2.980044e-02 -5.378182e-02
    endloop
  endfacet
  facet normal -9.601810e-02 -3.566193e-01 9.293025e-01
    outer loop
      vertex   -5.511413e-02 2.301210e-02 -5.693978e-02
      vertex   -5.000000e-02 2.367798e-02 -5.615584e-02
      vertex   -5.440705e-02 2.911035e-02 -5.452653e-02
    endloop
  endfacet
  facet normal -1.004279e-01 -3.597004e-01 9.276475e-01
    outer loop
      vertex   -5.440705e-02 2.911035e-02 -5.452653e-02
      vertex   -5.000000e-02 2.367798e-02 -5.615584e-02
      vertex   -5.000000e-02 2.980044e-02 -5.378182e-02
    endloop
  endfacet
  facet normal -3.114104e-01 -2.543565e-01 9.156016e-01
    outer loop
      vertex   -5.984240e-02 2.197719e-02 -5.883544e-02
      vertex   -5.479344e-02 1.669744e-02 -5.858494e-02
      vertex   -5.511413e-02 2.301210e-02 -5.693978e-02
    endloop
  endfacet
  facet normal -1.112892e-01 -1.732419e-01 9.785714e-01
    outer loop
      vertex   -5.000000e-02 8.736430e-03 -5.944918e-02
      vertex   -5.000000e-02 1.735377e-02 -5.792361e-02
      vertex   -5.479344e-02 1.669744e-02 -5.858494e-02
    endloop
  endfacet
  facet normal -2.553091e-01 -1.992604e-01 9.461039e-01
    outer loop
      vertex   -5.785502e-02 1.531755e-02 -5.970174e-02
      vertex   -5.479344e-02 1.669744e-02 -5.858494e-02
      vertex   -5.984240e-02 2.197719e-02 -5.883544e-02
    endloop
  endfacet
  facet normal -1.134284e-01 -1.744794e-01 9.781058e-01
    outer loop
      vertex   -5.533709e-02 8.735190e-03 -6.006833e-02
      vertex   -5.000000e-02 8.736430e-03 -5.944918e-02
      vertex   -5.479344e-02 1.669744e-02 -5.858494e-02
    endloop
  endfacet
  facet normal -2.747883e-01 -1.579363e-01 9.484448e-01
    outer loop
      vertex   -5.533709e-02 8.735190e-03 -6.006833e-02
      vertex   -5.479344e-02 1.669744e-02 -5.858494e-02
      vertex   -5.785502e-02 1.531755e-02 -5.970174e-02
    endloop
  endfacet
  facet normal -3.811503e-01 -2.302171e-01 8.953907e-01
    outer loop
      vertex   -6.203925e-02 1.390678e-02 -6.184561e-02
      vertex   -5.785502e-02 1.531755e-02 -5.970174e-02
      vertex   -5.984240e-02 2.197719e-02 -5.883544e-02
    endloop
  endfacet
  facet normal -5.134470e-02 5.614412e-02 9.971016e-01
    outer loop
      vertex   -5.000000e-02 -8.210842e-04 -5.994404e-02
      vertex   -5.393911e-02 1.571112e-03 -6.028158e-02
      vertex   -5.000000e-02 -8.194713e-03 -5.952885e-02
    endloop
  endfacet
  facet normal -9.971204e-01 2.965437e-03 7.577723e-02
    outer loop
      vertex   -7.474447e-02 6.624516e-04 -8.166355e-02
      vertex   -7.500000e-02 8.178205e-10 -8.500000e-02
      vertex   -7.459770e-02 -1.686278e-02 -7.904643e-02
    endloop
  endfacet
  facet normal -6.053772e-01 -1.746729e-01 7.765357e-01
    outer loop
      vertex   -6.671543e-02 1.414216e-02 -6.517083e-02
      vertex   -6.458667e-02 1.763666e-02 -6.272523e-02
      vertex   -6.749578e-02 2.353886e-02 -6.366550e-02
    endloop
  endfacet
  facet normal -2.035367e-01 -6.635355e-03 9.790448e-01
    outer loop
      vertex   -5.000000e-02 -8.194713e-03 -5.952885e-02
      vertex   -5.393911e-02 1.571112e-03 -6.028158e-02
      vertex   -5.652688e-02 -1.306600e-03 -6.083906e-02
    endloop
  endfacet
  facet normal -5.740326e-01 -2.051005e-01 7.927297e-01
    outer loop
      vertex   -6.203925e-02 1.390678e-02 -6.184561e-02
      vertex   -6.458667e-02 1.763666e-02 -6.272523e-02
      vertex   -6.671543e-02 1.414216e-02 -6.517083e-02
    endloop
  endfacet
  facet normal -3.587659e-01 -8.547573e-02 9.295057e-01
    outer loop
      vertex   -6.159886e-02 1.737185e-03 -6.279473e-02
      vertex   -5.955572e-02 1.026139e-02 -6.122225e-02
      vertex   -6.203925e-02 1.390678e-02 -6.184561e-02
    endloop
  endfacet
  facet normal -3.520753e-01 -8.751574e-02 9.318712e-01
    outer loop
      vertex   -6.159886e-02 1.737185e-03 -6.279473e-02
      vertex   -5.867706e-02 5.060540e-03 -6.137872e-02
      vertex   -5.955572e-02 1.026139e-02 -6.122225e-02
    endloop
  endfacet
  facet normal -8.381735e-01 -1.328428e-01 5.289782e-01
    outer loop
      vertex   -7.001253e-02 1.813452e-02 -6.806338e-02
      vertex   -6.952232e-02 2.577426e-02 -6.536806e-02
      vertex   -7.190159e-02 2.619320e-02 -6.903283e-02
    endloop
  endfacet
  facet normal -7.416870e-01 -1.803367e-01 6.460488e-01
    outer loop
      vertex   -7.001253e-02 1.813452e-02 -6.806338e-02
      vertex   -6.749578e-02 2.353886e-02 -6.366550e-02
      vertex   -6.952232e-02 2.577426e-02 -6.536806e-02
    endloop
  endfacet
  facet normal -7.554432e-01 -1.643441e-01 6.342685e-01
    outer loop
      vertex   -6.671543e-02 1.414216e-02 -6.517083e-02
      vertex   -6.749578e-02 2.353886e-02 -6.366550e-02
      vertex   -7.001253e-02 1.813452e-02 -6.806338e-02
    endloop
  endfacet
  facet normal -4.500750e-02 1.453512e-01 9.883559e-01
    outer loop
      vertex   -5.000000e-02 -1.360909e-02 -5.873259e-02
      vertex   -5.000000e-02 -8.194713e-03 -5.952885e-02
      vertex   -5.652688e-02 -1.306600e-03 -6.083906e-02
    endloop
  endfacet
  facet normal -9.108313e-01 -9.548833e-02 4.015822e-01
    outer loop
      vertex   -7.114882e-02 1.133130e-02 -7.085933e-02
      vertex   -7.190159e-02 2.619320e-02 -6.903283e-02
      vertex   -7.324928e-02 2.208124e-02 -7.306729e-02
    endloop
  endfacet
  facet normal -7.209519e-01 -9.840606e-02 6.859625e-01
    outer loop
      vertex   -6.915664e-02 1.196603e-02 -6.804874e-02
      vertex   -6.671543e-02 1.414216e-02 -6.517083e-02
      vertex   -7.001253e-02 1.813452e-02 -6.806338e-02
    endloop
  endfacet
  facet normal -5.804584e-01 -6.580315e-02 8.116268e-01
    outer loop
      vertex   -6.512088e-02 1.763001e-03 -6.503409e-02
      vertex   -6.203925e-02 1.390678e-02 -6.184561e-02
      vertex   -6.671543e-02 1.414216e-02 -6.517083e-02
    endloop
  endfacet
  facet normal -5.350534e-01 -8.491662e-02 8.405397e-01
    outer loop
      vertex   -6.512088e-02 1.763001e-03 -6.503409e-02
      vertex   -6.159886e-02 1.737185e-03 -6.279473e-02
      vertex   -6.203925e-02 1.390678e-02 -6.184561e-02
    endloop
  endfacet
  facet normal -3.865371e-01 -5.249168e-02 9.207788e-01
    outer loop
      vertex   -6.159886e-02 1.737185e-03 -6.279473e-02
      vertex   -5.652688e-02 -1.306600e-03 -6.083906e-02
      vertex   -5.867706e-02 5.060540e-03 -6.137872e-02
    endloop
  endfacet
  facet normal -7.991058e-01 -1.094751e-01 5.911389e-01
    outer loop
      vertex   -7.114882e-02 1.133130e-02 -7.085933e-02
      vertex   -6.915664e-02 1.196603e-02 -6.804874e-02
      vertex   -7.001253e-02 1.813452e-02 -6.806338e-02
    endloop
  endfacet
  facet normal -7.968510e-01 -1.205158e-01 5.920341e-01
    outer loop
      vertex   -6.738449e-02 6.201049e-03 -6.683704e-02
      vertex   -6.915664e-02 1.196603e-02 -6.804874e-02
      vertex   -7.114882e-02 1.133130e-02 -7.085933e-02
    endloop
  endfacet
  facet normal -5.363511e-01 1.907056e-02 8.437795e-01
    outer loop
      vertex   -6.534184e-02 -7.036943e-03 -6.497565e-02
      vertex   -6.159886e-02 1.737185e-03 -6.279473e-02
      vertex   -6.512088e-02 1.763001e-03 -6.503409e-02
    endloop
  endfacet
  facet normal -5.403011e-01 2.139687e-02 8.411996e-01
    outer loop
      vertex   -6.534184e-02 -7.036943e-03 -6.497565e-02
      vertex   -6.096497e-02 -7.575044e-03 -6.215071e-02
      vertex   -6.159886e-02 1.737185e-03 -6.279473e-02
    endloop
  endfacet
  facet normal -3.548943e-01 1.571450e-01 9.216049e-01
    outer loop
      vertex   -5.728458e-02 -1.713668e-02 -5.910308e-02
      vertex   -5.770400e-02 -8.642406e-03 -6.071297e-02
      vertex   -6.096497e-02 -7.575044e-03 -6.215071e-02
    endloop
  endfacet
  facet normal -2.018843e-01 1.727454e-01 9.640549e-01
    outer loop
      vertex   -5.728458e-02 -1.713668e-02 -5.910308e-02
      vertex   -5.378124e-02 -1.532454e-02 -5.869415e-02
      vertex   -5.770400e-02 -8.642406e-03 -6.071297e-02
    endloop
  endfacet
  facet normal -7.555867e-02 2.487933e-01 9.656049e-01
    outer loop
      vertex   -5.393911e-02 -2.272695e-02 -5.679923e-02
      vertex   -5.000000e-02 -2.158099e-02 -5.678626e-02
      vertex   -5.378124e-02 -1.532454e-02 -5.869415e-02
    endloop
  endfacet
  facet normal -9.607237e-01 1.961932e-02 2.768124e-01
    outer loop
      vertex   -7.459770e-02 -1.686278e-02 -7.904643e-02
      vertex   -7.344036e-02 -1.420285e-02 -7.521821e-02
      vertex   -7.409645e-02 -2.839097e-03 -7.830070e-02
    endloop
  endfacet
  facet normal -9.643411e-01 4.397380e-02 2.609840e-01
    outer loop
      vertex   -7.459770e-02 -1.686278e-02 -7.904643e-02
      vertex   -7.289463e-02 -2.566536e-02 -7.127038e-02
      vertex   -7.344036e-02 -1.420285e-02 -7.521821e-02
    endloop
  endfacet
  facet normal -7.393429e-01 -1.470733e-02 6.731684e-01
    outer loop
      vertex   -6.964003e-02 -2.955464e-03 -6.951436e-02
      vertex   -6.738449e-02 6.201049e-03 -6.683704e-02
      vertex   -7.114882e-02 1.133130e-02 -7.085933e-02
    endloop
  endfacet
  facet normal -6.777463e-01 -4.759532e-02 7.337538e-01
    outer loop
      vertex   -6.512088e-02 1.763001e-03 -6.503409e-02
      vertex   -6.738449e-02 6.201049e-03 -6.683704e-02
      vertex   -6.964003e-02 -2.955464e-03 -6.951436e-02
    endloop
  endfacet
  facet normal -4.031423e-01 1.333968e-01 9.053627e-01
    outer loop
      vertex   -5.984941e-02 -1.486546e-02 -6.057980e-02
      vertex   -5.728458e-02 -1.713668e-02 -5.910308e-02
      vertex   -6.096497e-02 -7.575044e-03 -6.215071e-02
    endloop
  endfacet
  facet normal -2.367974e-01 2.456737e-01 9.399848e-01
    outer loop
      vertex   -5.393911e-02 -2.272695e-02 -5.679923e-02
      vertex   -5.378124e-02 -1.532454e-02 -5.869415e-02
      vertex   -5.728458e-02 -1.713668e-02 -5.910308e-02
    endloop
  endfacet
  facet normal -9.609804e-01 -4.327395e-02 2.732104e-01
    outer loop
      vertex   -7.386917e-02 1.251263e-02 -7.676324e-02
      vertex   -7.324928e-02 2.208124e-02 -7.306729e-02
      vertex   -7.455173e-02 2.401883e-02 -7.734159e-02
    endloop
  endfacet
  facet normal -8.433265e-01 -5.498122e-02 5.345816e-01
    outer loop
      vertex   -7.177038e-02 5.352918e-03 -7.245475e-02
      vertex   -7.114882e-02 1.133130e-02 -7.085933e-02
      vertex   -7.324928e-02 2.208124e-02 -7.306729e-02
    endloop
  endfacet
  facet normal -5.259254e-01 1.326637e-01 8.401207e-01
    outer loop
      vertex   -6.350971e-02 -1.321219e-02 -6.285358e-02
      vertex   -6.096497e-02 -7.575044e-03 -6.215071e-02
      vertex   -6.534184e-02 -7.036943e-03 -6.497565e-02
    endloop
  endfacet
  facet normal -4.873547e-01 1.120267e-01 8.659881e-01
    outer loop
      vertex   -5.984941e-02 -1.486546e-02 -6.057980e-02
      vertex   -6.096497e-02 -7.575044e-03 -6.215071e-02
      vertex   -6.350971e-02 -1.321219e-02 -6.285358e-02
    endloop
  endfacet
  facet normal -9.880621e-02 3.290042e-01 9.391451e-01
    outer loop
      vertex   -5.000000e-02 -2.829363e-02 -5.443467e-02
      vertex   -5.000000e-02 -2.158099e-02 -5.678626e-02
      vertex   -5.393911e-02 -2.272695e-02 -5.679923e-02
    endloop
  endfacet
  facet normal -9.340040e-01 1.173751e-01 3.374308e-01
    outer loop
      vertex   -7.459770e-02 -1.686278e-02 -7.904643e-02
      vertex   -7.417212e-02 -3.842156e-02 -7.036921e-02
      vertex   -7.289463e-02 -2.566536e-02 -7.127038e-02
    endloop
  endfacet
  facet normal -9.967155e-01 2.495546e-02 7.704140e-02
    outer loop
      vertex   -7.475086e-02 -3.456590e-02 -7.529348e-02
      vertex   -7.459770e-02 -1.686278e-02 -7.904643e-02
      vertex   -7.500000e-02 -3.440359e-02 -7.856926e-02
    endloop
  endfacet
  facet normal -9.882920e-01 3.977650e-02 1.472979e-01
    outer loop
      vertex   -7.417212e-02 -3.842156e-02 -7.036921e-02
      vertex   -7.459770e-02 -1.686278e-02 -7.904643e-02
      vertex   -7.475086e-02 -3.456590e-02 -7.529348e-02
    endloop
  endfacet
  facet normal -9.378707e-01 -7.047361e-02 3.397529e-01
    outer loop
      vertex   -7.177038e-02 5.352918e-03 -7.245475e-02
      vertex   -7.324928e-02 2.208124e-02 -7.306729e-02
      vertex   -7.386917e-02 1.251263e-02 -7.676324e-02
    endloop
  endfacet
  facet normal -9.342852e-01 1.173488e-01 3.366607e-01
    outer loop
      vertex   -7.417212e-02 -3.842156e-02 -7.036921e-02
      vertex   -7.256569e-02 -3.442101e-02 -6.730558e-02
      vertex   -7.289463e-02 -2.566536e-02 -7.127038e-02
    endloop
  endfacet
  facet normal -8.967689e-01 1.053267e-01 4.297810e-01
    outer loop
      vertex   -7.289463e-02 -2.566536e-02 -7.127038e-02
      vertex   -7.214664e-02 -1.967700e-02 -7.117723e-02
      vertex   -7.344036e-02 -1.420285e-02 -7.521821e-02
    endloop
  endfacet
  facet normal -8.516187e-01 9.836383e-02 5.148496e-01
    outer loop
      vertex   -7.289463e-02 -2.566536e-02 -7.127038e-02
      vertex   -7.008156e-02 -2.026406e-02 -6.764918e-02
      vertex   -7.214664e-02 -1.967700e-02 -7.117723e-02
    endloop
  endfacet
  facet normal -8.721927e-01 1.400237e-01 4.686932e-01
    outer loop
      vertex   -7.289463e-02 -2.566536e-02 -7.127038e-02
      vertex   -7.013245e-02 -2.903108e-02 -6.512470e-02
      vertex   -7.008156e-02 -2.026406e-02 -6.764918e-02
    endloop
  endfacet
  facet normal -8.531275e-01 1.882703e-01 4.865468e-01
    outer loop
      vertex   -7.256569e-02 -3.442101e-02 -6.730558e-02
      vertex   -7.013245e-02 -2.903108e-02 -6.512470e-02
      vertex   -7.289463e-02 -2.566536e-02 -7.127038e-02
    endloop
  endfacet
  facet normal -8.702935e-01 2.132442e-01 4.439776e-01
    outer loop
      vertex   -7.256569e-02 -3.442101e-02 -6.730558e-02
      vertex   -7.131308e-02 -4.023525e-02 -6.205759e-02
      vertex   -7.013245e-02 -2.903108e-02 -6.512470e-02
    endloop
  endfacet
  facet normal -7.759827e-01 2.413012e-01 5.827731e-01
    outer loop
      vertex   -7.131308e-02 -4.023525e-02 -6.205759e-02
      vertex   -6.931099e-02 -3.344874e-02 -6.220174e-02
      vertex   -7.013245e-02 -2.903108e-02 -6.512470e-02
    endloop
  endfacet
  facet normal -7.492722e-01 1.872661e-01 6.352343e-01
    outer loop
      vertex   -7.008156e-02 -2.026406e-02 -6.764918e-02
      vertex   -7.013245e-02 -2.903108e-02 -6.512470e-02
      vertex   -6.765617e-02 -2.500060e-02 -6.339207e-02
    endloop
  endfacet
  facet normal -7.924073e-01 2.456279e-01 5.583525e-01
    outer loop
      vertex   -7.131308e-02 -4.023525e-02 -6.205759e-02
      vertex   -6.762562e-02 -3.992030e-02 -5.696294e-02
      vertex   -6.931099e-02 -3.344874e-02 -6.220174e-02
    endloop
  endfacet
  facet normal -7.839527e-01 2.345494e-01 5.748085e-01
    outer loop
      vertex   -7.013245e-02 -2.903108e-02 -6.512470e-02
      vertex   -6.931099e-02 -3.344874e-02 -6.220174e-02
      vertex   -6.765617e-02 -2.500060e-02 -6.339207e-02
    endloop
  endfacet
  facet normal -6.978270e-01 3.320308e-01 6.346598e-01
    outer loop
      vertex   -6.762562e-02 -3.992030e-02 -5.696294e-02
      vertex   -6.606720e-02 -3.427958e-02 -5.820043e-02
      vertex   -6.931099e-02 -3.344874e-02 -6.220174e-02
    endloop
  endfacet
  facet normal -7.310379e-01 2.335291e-01 6.411301e-01
    outer loop
      vertex   -6.931099e-02 -3.344874e-02 -6.220174e-02
      vertex   -6.606720e-02 -3.427958e-02 -5.820043e-02
      vertex   -6.765617e-02 -2.500060e-02 -6.339207e-02
    endloop
  endfacet
  facet normal -5.715467e-01 3.239466e-01 7.539184e-01
    outer loop
      vertex   -6.606720e-02 -3.427958e-02 -5.820043e-02
      vertex   -6.291059e-02 -2.972012e-02 -5.776653e-02
      vertex   -6.765617e-02 -2.500060e-02 -6.339207e-02
    endloop
  endfacet
  facet normal -6.122215e-01 3.566995e-01 7.056559e-01
    outer loop
      vertex   -6.606720e-02 -3.427958e-02 -5.820043e-02
      vertex   -6.367674e-02 -3.943193e-02 -5.352204e-02
      vertex   -6.291059e-02 -2.972012e-02 -5.776653e-02
    endloop
  endfacet
  facet normal -7.818568e-01 3.313927e-01 5.280897e-01
    outer loop
      vertex   -6.854439e-02 -4.691254e-02 -5.376823e-02
      vertex   -7.131308e-02 -4.023525e-02 -6.205759e-02
      vertex   -7.031849e-02 -4.816725e-02 -5.560749e-02
    endloop
  endfacet
  facet normal -7.700538e-01 3.460626e-01 5.359644e-01
    outer loop
      vertex   -6.854439e-02 -4.691254e-02 -5.376823e-02
      vertex   -6.762562e-02 -3.992030e-02 -5.696294e-02
      vertex   -7.131308e-02 -4.023525e-02 -6.205759e-02
    endloop
  endfacet
  facet normal -6.431213e-01 3.293474e-01 6.913214e-01
    outer loop
      vertex   -6.367674e-02 -3.943193e-02 -5.352204e-02
      vertex   -6.606720e-02 -3.427958e-02 -5.820043e-02
      vertex   -6.762562e-02 -3.992030e-02 -5.696294e-02
    endloop
  endfacet
  facet normal -4.770901e-01 4.585725e-01 7.497308e-01
    outer loop
      vertex   -6.373525e-02 -4.460958e-02 -5.039237e-02
      vertex   -5.940501e-02 -3.650546e-02 -5.259371e-02
      vertex   -6.367674e-02 -3.943193e-02 -5.352204e-02
    endloop
  endfacet
  facet normal -4.714060e-01 4.568017e-01 7.543928e-01
    outer loop
      vertex   -5.955851e-02 -4.334958e-02 -4.854536e-02
      vertex   -5.940501e-02 -3.650546e-02 -5.259371e-02
      vertex   -6.373525e-02 -4.460958e-02 -5.039237e-02
    endloop
  endfacet
  facet normal -6.320377e-01 3.892152e-01 6.701044e-01
    outer loop
      vertex   -6.367674e-02 -3.943193e-02 -5.352204e-02
      vertex   -6.762562e-02 -3.992030e-02 -5.696294e-02
      vertex   -6.854439e-02 -4.691254e-02 -5.376823e-02
    endloop
  endfacet
  facet normal -9.933361e-01 6.091933e-02 9.783733e-02
    outer loop
      vertex   -7.417212e-02 -3.842156e-02 -7.036921e-02
      vertex   -7.500000e-02 -5.635427e-02 -6.760870e-02
      vertex   -7.434509e-02 -5.317059e-02 -6.294181e-02
    endloop
  endfacet
  facet normal -9.890231e-01 6.600943e-02 1.321969e-01
    outer loop
      vertex   -7.500000e-02 -3.440359e-02 -7.856926e-02
      vertex   -7.500000e-02 -5.635427e-02 -6.760870e-02
      vertex   -7.417212e-02 -3.842156e-02 -7.036921e-02
    endloop
  endfacet
  facet normal -9.578868e-01 1.380334e-01 2.517930e-01
    outer loop
      vertex   -7.353117e-02 -5.163323e-02 -6.068822e-02
      vertex   -7.417212e-02 -3.842156e-02 -7.036921e-02
      vertex   -7.434509e-02 -5.317059e-02 -6.294181e-02
    endloop
  endfacet
  facet normal -9.178130e-01 2.047266e-01 3.401563e-01
    outer loop
      vertex   -7.215189e-02 -4.983340e-02 -5.804988e-02
      vertex   -7.417212e-02 -3.842156e-02 -7.036921e-02
      vertex   -7.353117e-02 -5.163323e-02 -6.068822e-02
    endloop
  endfacet
  facet normal -9.957455e-01 -5.630715e-02 7.294128e-02
    outer loop
      vertex   -7.475086e-02 -3.456590e-02 -7.529348e-02
      vertex   -7.500000e-02 -3.440359e-02 -7.856926e-02
      vertex   -7.417212e-02 -3.842156e-02 -7.036921e-02
    endloop
  endfacet
  facet normal -8.135381e-01 2.831739e-01 5.079058e-01
    outer loop
      vertex   -7.256569e-02 -3.442101e-02 -6.730558e-02
      vertex   -7.215189e-02 -4.983340e-02 -5.804988e-02
      vertex   -7.131308e-02 -4.023525e-02 -6.205759e-02
    endloop
  endfacet
  facet normal -9.430728e-01 1.522528e-01 2.956902e-01
    outer loop
      vertex   -7.256569e-02 -3.442101e-02 -6.730558e-02
      vertex   -7.417212e-02 -3.842156e-02 -7.036921e-02
      vertex   -7.215189e-02 -4.983340e-02 -5.804988e-02
    endloop
  endfacet
  facet normal -9.894974e-01 2.655946e-02 1.420894e-01
    outer loop
      vertex   -7.459770e-02 -1.686278e-02 -7.904643e-02
      vertex   -7.500000e-02 8.178205e-10 -8.500000e-02
      vertex   -7.500000e-02 -3.440359e-02 -7.856926e-02
    endloop
  endfacet
  facet normal -1.885880e-01 5.066331e-01 8.412832e-01
    outer loop
      vertex   -5.444127e-02 -3.659376e-02 -5.094554e-02
      vertex   -5.656673e-02 -4.277329e-02 -4.770059e-02
      vertex   -5.284170e-02 -4.236953e-02 -4.710872e-02
    endloop
  endfacet
  facet normal -2.613044e-01 5.176816e-01 8.146937e-01
    outer loop
      vertex   -5.444127e-02 -3.659376e-02 -5.094554e-02
      vertex   -5.940501e-02 -3.650546e-02 -5.259371e-02
      vertex   -5.656673e-02 -4.277329e-02 -4.770059e-02
    endloop
  endfacet
  facet normal -4.417739e-01 3.883042e-01 8.087371e-01
    outer loop
      vertex   -6.291059e-02 -2.972012e-02 -5.776653e-02
      vertex   -6.367674e-02 -3.943193e-02 -5.352204e-02
      vertex   -5.940501e-02 -3.650546e-02 -5.259371e-02
    endloop
  endfacet
  facet normal -8.513340e-01 1.001387e-01 5.149782e-01
    outer loop
      vertex   -7.035572e-02 -1.298615e-02 -6.951762e-02
      vertex   -7.214664e-02 -1.967700e-02 -7.117723e-02
      vertex   -7.008156e-02 -2.026406e-02 -6.764918e-02
    endloop
  endfacet
  facet normal -9.250307e-01 5.847760e-02 3.753645e-01
    outer loop
      vertex   -7.236862e-02 -9.200172e-03 -7.335643e-02
      vertex   -7.344036e-02 -1.420285e-02 -7.521821e-02
      vertex   -7.214664e-02 -1.967700e-02 -7.117723e-02
    endloop
  endfacet
  facet normal -9.768102e-01 2.359813e-02 2.128028e-01
    outer loop
      vertex   -7.474447e-02 6.624516e-04 -8.166355e-02
      vertex   -7.459770e-02 -1.686278e-02 -7.904643e-02
      vertex   -7.409645e-02 -2.839097e-03 -7.830070e-02
    endloop
  endfacet
  facet normal -6.427229e-01 2.261880e-01 7.319469e-01
    outer loop
      vertex   -6.443609e-02 -2.229669e-02 -6.140008e-02
      vertex   -6.765617e-02 -2.500060e-02 -6.339207e-02
      vertex   -6.291059e-02 -2.972012e-02 -5.776653e-02
    endloop
  endfacet
  facet normal -8.411351e-01 9.299576e-02 5.327697e-01
    outer loop
      vertex   -7.236862e-02 -9.200172e-03 -7.335643e-02
      vertex   -7.214664e-02 -1.967700e-02 -7.117723e-02
      vertex   -7.035572e-02 -1.298615e-02 -6.951762e-02
    endloop
  endfacet
  facet normal -3.483289e-01 4.478223e-01 8.234817e-01
    outer loop
      vertex   -6.291059e-02 -2.972012e-02 -5.776653e-02
      vertex   -5.940501e-02 -3.650546e-02 -5.259371e-02
      vertex   -5.614442e-02 -3.190052e-02 -5.371874e-02
    endloop
  endfacet
  facet normal -7.592421e-01 1.746921e-01 6.269244e-01
    outer loop
      vertex   -6.696726e-02 -1.594029e-02 -6.508240e-02
      vertex   -7.008156e-02 -2.026406e-02 -6.764918e-02
      vertex   -6.765617e-02 -2.500060e-02 -6.339207e-02
    endloop
  endfacet
  facet normal -9.478885e-01 3.127861e-02 3.170631e-01
    outer loop
      vertex   -7.298311e-02 -1.256913e-03 -7.512836e-02
      vertex   -7.409645e-02 -2.839097e-03 -7.830070e-02
      vertex   -7.344036e-02 -1.420285e-02 -7.521821e-02
    endloop
  endfacet
  facet normal -2.807322e-01 4.107069e-01 8.674729e-01
    outer loop
      vertex   -5.614442e-02 -3.190052e-02 -5.371874e-02
      vertex   -5.940501e-02 -3.650546e-02 -5.259371e-02
      vertex   -5.444127e-02 -3.659376e-02 -5.094554e-02
    endloop
  endfacet
  facet normal -4.240657e-01 2.818246e-01 8.606644e-01
    outer loop
      vertex   -5.985691e-02 -2.679454e-02 -5.721991e-02
      vertex   -6.291059e-02 -2.972012e-02 -5.776653e-02
      vertex   -5.614442e-02 -3.190052e-02 -5.371874e-02
    endloop
  endfacet
  facet normal -6.263618e-01 1.887328e-01 7.563404e-01
    outer loop
      vertex   -6.696726e-02 -1.594029e-02 -6.508240e-02
      vertex   -6.765617e-02 -2.500060e-02 -6.339207e-02
      vertex   -6.443609e-02 -2.229669e-02 -6.140008e-02
    endloop
  endfacet
  facet normal -7.390250e-01 1.412667e-01 6.587001e-01
    outer loop
      vertex   -7.035572e-02 -1.298615e-02 -6.951762e-02
      vertex   -7.008156e-02 -2.026406e-02 -6.764918e-02
      vertex   -6.696726e-02 -1.594029e-02 -6.508240e-02
    endloop
  endfacet
  facet normal -8.976631e-01 2.865312e-02 4.397498e-01
    outer loop
      vertex   -7.298311e-02 -1.256913e-03 -7.512836e-02
      vertex   -7.344036e-02 -1.420285e-02 -7.521821e-02
      vertex   -7.236862e-02 -9.200172e-03 -7.335643e-02
    endloop
  endfacet
  facet normal -6.467306e-02 5.396856e-01 8.393788e-01
    outer loop
      vertex   -5.444127e-02 -3.659376e-02 -5.094554e-02
      vertex   -5.284170e-02 -4.236953e-02 -4.710872e-02
      vertex   -5.000000e-02 -4.226570e-02 -4.695652e-02
    endloop
  endfacet
  facet normal -1.094438e-01 5.130502e-01 8.513528e-01
    outer loop
      vertex   -5.000000e-02 -3.570441e-02 -5.091055e-02
      vertex   -5.444127e-02 -3.659376e-02 -5.094554e-02
      vertex   -5.000000e-02 -4.226570e-02 -4.695652e-02
    endloop
  endfacet
  facet normal -4.517425e-01 3.156098e-01 8.344574e-01
    outer loop
      vertex   -6.443609e-02 -2.229669e-02 -6.140008e-02
      vertex   -6.291059e-02 -2.972012e-02 -5.776653e-02
      vertex   -5.985691e-02 -2.679454e-02 -5.721991e-02
    endloop
  endfacet
  facet normal -9.826925e-01 -3.999054e-03 1.852009e-01
    outer loop
      vertex   -7.386917e-02 1.251263e-02 -7.676324e-02
      vertex   -7.474447e-02 6.624516e-04 -8.166355e-02
      vertex   -7.409645e-02 -2.839097e-03 -7.830070e-02
    endloop
  endfacet
  facet normal -7.666318e-01 7.759394e-02 6.373813e-01
    outer loop
      vertex   -6.777813e-02 -8.882045e-03 -6.691696e-02
      vertex   -7.035572e-02 -1.298615e-02 -6.951762e-02
      vertex   -6.696726e-02 -1.594029e-02 -6.508240e-02
    endloop
  endfacet
  facet normal -7.500243e-01 5.330023e-02 6.592591e-01
    outer loop
      vertex   -6.964003e-02 -2.955464e-03 -6.951436e-02
      vertex   -7.035572e-02 -1.298615e-02 -6.951762e-02
      vertex   -6.777813e-02 -8.882045e-03 -6.691696e-02
    endloop
  endfacet
  facet normal -9.968018e-01 -1.279712e-02 7.888248e-02
    outer loop
      vertex   -7.500000e-02 2.899494e-02 -8.029615e-02
      vertex   -7.500000e-02 8.178205e-10 -8.500000e-02
      vertex   -7.474447e-02 6.624516e-04 -8.166355e-02
    endloop
  endfacet
  facet normal -1.660058e-01 4.563135e-01 8.741968e-01
    outer loop
      vertex   -5.000000e-02 -2.829363e-02 -5.443467e-02
      vertex   -5.614442e-02 -3.190052e-02 -5.371874e-02
      vertex   -5.444127e-02 -3.659376e-02 -5.094554e-02
    endloop
  endfacet
  facet normal -8.579557e-01 6.104969e-02 5.100833e-01
    outer loop
      vertex   -6.964003e-02 -2.955464e-03 -6.951436e-02
      vertex   -7.236862e-02 -9.200172e-03 -7.335643e-02
      vertex   -7.035572e-02 -1.298615e-02 -6.951762e-02
    endloop
  endfacet
  facet normal -9.402071e-01 -2.013177e-02 3.400079e-01
    outer loop
      vertex   -7.386917e-02 1.251263e-02 -7.676324e-02
      vertex   -7.409645e-02 -2.839097e-03 -7.830070e-02
      vertex   -7.298311e-02 -1.256913e-03 -7.512836e-02
    endloop
  endfacet
  facet normal -9.613970e-01 -1.603955e-01 2.235823e-01
    outer loop
      vertex   -7.327995e-02 4.749728e-02 -6.257506e-02
      vertex   -7.353117e-02 5.163322e-02 -6.068822e-02
      vertex   -7.440094e-02 5.334624e-02 -6.319929e-02
    endloop
  endfacet
  facet normal -9.084727e-01 -2.178890e-01 3.566535e-01
    outer loop
      vertex   -7.168400e-02 4.936767e-02 -5.736716e-02
      vertex   -7.353117e-02 5.163322e-02 -6.068822e-02
      vertex   -7.327995e-02 4.749728e-02 -6.257506e-02
    endloop
  endfacet
  facet normal -7.749264e-01 -3.688522e-01 5.132613e-01
    outer loop
      vertex   -6.699816e-02 4.137734e-02 -5.541155e-02
      vertex   -6.854439e-02 4.691253e-02 -5.376823e-02
      vertex   -7.014423e-02 4.801826e-02 -5.538907e-02
    endloop
  endfacet
  facet normal -7.068350e-01 -3.754411e-01 5.995234e-01
    outer loop
      vertex   -6.699816e-02 4.137734e-02 -5.541155e-02
      vertex   -6.675425e-02 4.590371e-02 -5.228942e-02
      vertex   -6.854439e-02 4.691253e-02 -5.376823e-02
    endloop
  endfacet
  facet normal -9.741400e-02 -5.172457e-01 8.502749e-01
    outer loop
      vertex   -5.000000e-02 4.226570e-02 -4.695652e-02
      vertex   -5.440342e-02 4.250892e-02 -4.731306e-02
      vertex   -5.000000e-02 3.571965e-02 -5.093866e-02
    endloop
  endfacet
  facet normal 7.441564e-02 -4.317707e-01 8.989084e-01
    outer loop
      vertex   -5.000000e-02 2.980044e-02 -5.378182e-02
      vertex   -5.000000e-02 3.571965e-02 -5.093866e-02
      vertex   -5.440342e-02 4.250892e-02 -4.731306e-02
    endloop
  endfacet
  facet normal -2.421886e-01 -5.054619e-01 8.281624e-01
    outer loop
      vertex   -5.000000e-02 2.980044e-02 -5.378182e-02
      vertex   -5.440342e-02 4.250892e-02 -4.731306e-02
      vertex   -5.808335e-02 4.302725e-02 -4.807286e-02
    endloop
  endfacet
  facet normal -3.705929e-01 -4.867502e-01 7.910342e-01
    outer loop
      vertex   -6.075683e-02 3.698766e-02 -5.304173e-02
      vertex   -5.808335e-02 4.302725e-02 -4.807286e-02
      vertex   -6.043438e-02 4.355647e-02 -4.884865e-02
    endloop
  endfacet
  facet normal -1.884285e-01 -4.839939e-01 8.545435e-01
    outer loop
      vertex   -5.866722e-02 3.121593e-02 -5.489127e-02
      vertex   -5.000000e-02 2.980044e-02 -5.378182e-02
      vertex   -5.808335e-02 4.302725e-02 -4.807286e-02
    endloop
  endfacet
  facet normal -1.118713e-01 -2.675142e-01 9.570376e-01
    outer loop
      vertex   -5.511413e-02 2.301210e-02 -5.693978e-02
      vertex   -5.000000e-02 1.735377e-02 -5.792361e-02
      vertex   -5.000000e-02 2.367798e-02 -5.615584e-02
    endloop
  endfacet
  facet normal -9.771126e-02 -2.555518e-01 9.618450e-01
    outer loop
      vertex   -5.479344e-02 1.669744e-02 -5.858494e-02
      vertex   -5.000000e-02 1.735377e-02 -5.792361e-02
      vertex   -5.511413e-02 2.301210e-02 -5.693978e-02
    endloop
  endfacet
  facet normal -4.604783e-01 -1.974491e-01 8.654326e-01
    outer loop
      vertex   -6.203925e-02 1.390678e-02 -6.184561e-02
      vertex   -5.984240e-02 2.197719e-02 -5.883544e-02
      vertex   -6.457867e-02 2.513298e-02 -6.063551e-02
    endloop
  endfacet
  facet normal -1.150683e-01 -5.198184e-02 9.919966e-01
    outer loop
      vertex   -5.393911e-02 1.571112e-03 -6.028158e-02
      vertex   -5.000000e-02 8.736430e-03 -5.944918e-02
      vertex   -5.533709e-02 8.735190e-03 -6.006833e-02
    endloop
  endfacet
  facet normal -1.161838e-01 -5.135729e-02 9.918991e-01
    outer loop
      vertex   -5.000000e-02 -8.210842e-04 -5.994404e-02
      vertex   -5.000000e-02 8.736430e-03 -5.944918e-02
      vertex   -5.393911e-02 1.571112e-03 -6.028158e-02
    endloop
  endfacet
  facet normal -5.868648e-01 -2.168410e-01 7.801088e-01
    outer loop
      vertex   -6.203925e-02 1.390678e-02 -6.184561e-02
      vertex   -6.457867e-02 2.513298e-02 -6.063551e-02
      vertex   -6.458667e-02 1.763666e-02 -6.272523e-02
    endloop
  endfacet
  facet normal -4.169763e-01 -1.302583e-01 8.995352e-01
    outer loop
      vertex   -5.955572e-02 1.026139e-02 -6.122225e-02
      vertex   -5.785502e-02 1.531755e-02 -5.970174e-02
      vertex   -6.203925e-02 1.390678e-02 -6.184561e-02
    endloop
  endfacet
  facet normal -3.177317e-01 -1.734575e-01 9.321797e-01
    outer loop
      vertex   -5.955572e-02 1.026139e-02 -6.122225e-02
      vertex   -5.533709e-02 8.735190e-03 -6.006833e-02
      vertex   -5.785502e-02 1.531755e-02 -5.970174e-02
    endloop
  endfacet
  facet normal -6.496367e-01 -2.035028e-01 7.325017e-01
    outer loop
      vertex   -6.458667e-02 1.763666e-02 -6.272523e-02
      vertex   -6.457867e-02 2.513298e-02 -6.063551e-02
      vertex   -6.749578e-02 2.353886e-02 -6.366550e-02
    endloop
  endfacet
  facet normal -2.890453e-01 -7.753797e-02 9.541702e-01
    outer loop
      vertex   -5.867706e-02 5.060540e-03 -6.137872e-02
      vertex   -5.533709e-02 8.735190e-03 -6.006833e-02
      vertex   -5.955572e-02 1.026139e-02 -6.122225e-02
    endloop
  endfacet
  facet normal -3.335634e-01 -3.279052e-02 9.421572e-01
    outer loop
      vertex   -5.652688e-02 -1.306600e-03 -6.083906e-02
      vertex   -5.533709e-02 8.735190e-03 -6.006833e-02
      vertex   -5.867706e-02 5.060540e-03 -6.137872e-02
    endloop
  endfacet
  facet normal -1.479129e-01 -5.825073e-02 9.872835e-01
    outer loop
      vertex   -5.652688e-02 -1.306600e-03 -6.083906e-02
      vertex   -5.393911e-02 1.571112e-03 -6.028158e-02
      vertex   -5.533709e-02 8.735190e-03 -6.006833e-02
    endloop
  endfacet
  facet normal -7.289452e-01 -8.120781e-02 6.797383e-01
    outer loop
      vertex   -6.738449e-02 6.201049e-03 -6.683704e-02
      vertex   -6.671543e-02 1.414216e-02 -6.517083e-02
      vertex   -6.915664e-02 1.196603e-02 -6.804874e-02
    endloop
  endfacet
  facet normal -7.171209e-01 -8.473044e-02 6.917791e-01
    outer loop
      vertex   -6.738449e-02 6.201049e-03 -6.683704e-02
      vertex   -6.512088e-02 1.763001e-03 -6.503409e-02
      vertex   -6.671543e-02 1.414216e-02 -6.517083e-02
    endloop
  endfacet
  facet normal -2.172861e-01 5.162070e-02 9.747420e-01
    outer loop
      vertex   -5.770400e-02 -8.642406e-03 -6.071297e-02
      vertex   -5.000000e-02 -1.360909e-02 -5.873259e-02
      vertex   -5.652688e-02 -1.306600e-03 -6.083906e-02
    endloop
  endfacet
  facet normal -3.373651e-01 4.207387e-02 9.404332e-01
    outer loop
      vertex   -6.096497e-02 -7.575044e-03 -6.215071e-02
      vertex   -5.652688e-02 -1.306600e-03 -6.083906e-02
      vertex   -6.159886e-02 1.737185e-03 -6.279473e-02
    endloop
  endfacet
  facet normal -3.810243e-01 7.697686e-02 9.213550e-01
    outer loop
      vertex   -5.770400e-02 -8.642406e-03 -6.071297e-02
      vertex   -5.652688e-02 -1.306600e-03 -6.083906e-02
      vertex   -6.096497e-02 -7.575044e-03 -6.215071e-02
    endloop
  endfacet
  facet normal -9.691068e-02 2.352851e-01 9.670828e-01
    outer loop
      vertex   -5.378124e-02 -1.532454e-02 -5.869415e-02
      vertex   -5.000000e-02 -1.360909e-02 -5.873259e-02
      vertex   -5.770400e-02 -8.642406e-03 -6.071297e-02
    endloop
  endfacet
  facet normal -7.926682e-01 -1.137588e-01 5.989458e-01
    outer loop
      vertex   -7.114882e-02 1.133130e-02 -7.085933e-02
      vertex   -7.001253e-02 1.813452e-02 -6.806338e-02
      vertex   -7.190159e-02 2.619320e-02 -6.903283e-02
    endloop
  endfacet
  facet normal -9.726353e-02 2.360579e-01 9.668591e-01
    outer loop
      vertex   -5.000000e-02 -2.158099e-02 -5.678626e-02
      vertex   -5.000000e-02 -1.360909e-02 -5.873259e-02
      vertex   -5.378124e-02 -1.532454e-02 -5.869415e-02
    endloop
  endfacet
  facet normal -8.639919e-01 -4.402496e-02 5.015773e-01
    outer loop
      vertex   -6.964003e-02 -2.955464e-03 -6.951436e-02
      vertex   -7.114882e-02 1.133130e-02 -7.085933e-02
      vertex   -7.177038e-02 5.352918e-03 -7.245475e-02
    endloop
  endfacet
  facet normal -7.356811e-01 6.438123e-02 6.742614e-01
    outer loop
      vertex   -6.777813e-02 -8.882045e-03 -6.691696e-02
      vertex   -6.512088e-02 1.763001e-03 -6.503409e-02
      vertex   -6.964003e-02 -2.955464e-03 -6.951436e-02
    endloop
  endfacet
  facet normal -6.327364e-01 2.102784e-02 7.740817e-01
    outer loop
      vertex   -6.777813e-02 -8.882045e-03 -6.691696e-02
      vertex   -6.534184e-02 -7.036943e-03 -6.497565e-02
      vertex   -6.512088e-02 1.763001e-03 -6.503409e-02
    endloop
  endfacet
  facet normal -3.176703e-01 2.380300e-01 9.178384e-01
    outer loop
      vertex   -5.728458e-02 -1.713668e-02 -5.910308e-02
      vertex   -5.984941e-02 -1.486546e-02 -6.057980e-02
      vertex   -5.865806e-02 -2.234393e-02 -5.822801e-02
    endloop
  endfacet
  facet normal -9.037261e-01 -7.331042e-03 4.280484e-01
    outer loop
      vertex   -7.298311e-02 -1.256913e-03 -7.512836e-02
      vertex   -7.177038e-02 5.352918e-03 -7.245475e-02
      vertex   -7.386917e-02 1.251263e-02 -7.676324e-02
    endloop
  endfacet
  facet normal -4.565827e-01 1.857693e-01 8.700701e-01
    outer loop
      vertex   -6.443609e-02 -2.229669e-02 -6.140008e-02
      vertex   -5.984941e-02 -1.486546e-02 -6.057980e-02
      vertex   -6.350971e-02 -1.321219e-02 -6.285358e-02
    endloop
  endfacet
  facet normal -4.707154e-01 1.955666e-01 8.603376e-01
    outer loop
      vertex   -5.865806e-02 -2.234393e-02 -5.822801e-02
      vertex   -5.984941e-02 -1.486546e-02 -6.057980e-02
      vertex   -6.443609e-02 -2.229669e-02 -6.140008e-02
    endloop
  endfacet
  facet normal -2.652359e-01 2.274165e-01 9.369801e-01
    outer loop
      vertex   -5.865806e-02 -2.234393e-02 -5.822801e-02
      vertex   -5.393911e-02 -2.272695e-02 -5.679923e-02
      vertex   -5.728458e-02 -1.713668e-02 -5.910308e-02
    endloop
  endfacet
  facet normal -6.703440e-01 1.135881e-01 7.333053e-01
    outer loop
      vertex   -6.696726e-02 -1.594029e-02 -6.508240e-02
      vertex   -6.534184e-02 -7.036943e-03 -6.497565e-02
      vertex   -6.777813e-02 -8.882045e-03 -6.691696e-02
    endloop
  endfacet
  facet normal -5.929997e-01 9.867862e-02 7.991332e-01
    outer loop
      vertex   -6.350971e-02 -1.321219e-02 -6.285358e-02
      vertex   -6.534184e-02 -7.036943e-03 -6.497565e-02
      vertex   -6.696726e-02 -1.594029e-02 -6.508240e-02
    endloop
  endfacet
  facet normal -2.676657e-01 2.100241e-01 9.403430e-01
    outer loop
      vertex   -5.865806e-02 -2.234393e-02 -5.822801e-02
      vertex   -5.000000e-02 -2.829363e-02 -5.443467e-02
      vertex   -5.393911e-02 -2.272695e-02 -5.679923e-02
    endloop
  endfacet
  facet normal -1.264311e-01 3.959129e-01 9.095428e-01
    outer loop
      vertex   -5.614442e-02 -3.190052e-02 -5.371874e-02
      vertex   -5.000000e-02 -2.829363e-02 -5.443467e-02
      vertex   -5.865806e-02 -2.234393e-02 -5.822801e-02
    endloop
  endfacet
  facet normal -9.920109e-01 -1.499212e-02 1.252579e-01
    outer loop
      vertex   -7.474447e-02 6.624516e-04 -8.166355e-02
      vertex   -7.455173e-02 2.401883e-02 -7.734159e-02
      vertex   -7.500000e-02 2.899494e-02 -8.029615e-02
    endloop
  endfacet
  facet normal -9.602603e-01 -4.310319e-02 2.757577e-01
    outer loop
      vertex   -7.474447e-02 6.624516e-04 -8.166355e-02
      vertex   -7.386917e-02 1.251263e-02 -7.676324e-02
      vertex   -7.455173e-02 2.401883e-02 -7.734159e-02
    endloop
  endfacet
  facet normal -9.233236e-01 1.417840e-02 3.837609e-01
    outer loop
      vertex   -7.236862e-02 -9.200172e-03 -7.335643e-02
      vertex   -7.177038e-02 5.352918e-03 -7.245475e-02
      vertex   -7.298311e-02 -1.256913e-03 -7.512836e-02
    endloop
  endfacet
  facet normal -8.132942e-01 -2.617625e-03 5.818468e-01
    outer loop
      vertex   -6.964003e-02 -2.955464e-03 -6.951436e-02
      vertex   -7.177038e-02 5.352918e-03 -7.245475e-02
      vertex   -7.236862e-02 -9.200172e-03 -7.335643e-02
    endloop
  endfacet
  facet normal -6.313606e-01 1.848816e-01 7.531285e-01
    outer loop
      vertex   -6.443609e-02 -2.229669e-02 -6.140008e-02
      vertex   -6.350971e-02 -1.321219e-02 -6.285358e-02
      vertex   -6.696726e-02 -1.594029e-02 -6.508240e-02
    endloop
  endfacet
  facet normal -4.553244e-01 3.115660e-01 8.340302e-01
    outer loop
      vertex   -5.985691e-02 -2.679454e-02 -5.721991e-02
      vertex   -5.865806e-02 -2.234393e-02 -5.822801e-02
      vertex   -6.443609e-02 -2.229669e-02 -6.140008e-02
    endloop
  endfacet
  facet normal -3.987897e-01 3.034395e-01 8.653851e-01
    outer loop
      vertex   -5.614442e-02 -3.190052e-02 -5.371874e-02
      vertex   -5.865806e-02 -2.234393e-02 -5.822801e-02
      vertex   -5.985691e-02 -2.679454e-02 -5.721991e-02
    endloop
  endfacet
  facet normal -9.271065e-02 4.276046e-01 8.991991e-01
    outer loop
      vertex   -5.444127e-02 -3.659376e-02 -5.094554e-02
      vertex   -5.000000e-02 -3.570441e-02 -5.091055e-02
      vertex   -5.000000e-02 -2.829363e-02 -5.443467e-02
    endloop
  endfacet
  facet normal -3.229512e-01 4.871861e-01 8.113891e-01
    outer loop
      vertex   -5.940501e-02 -3.650546e-02 -5.259371e-02
      vertex   -5.955851e-02 -4.334958e-02 -4.854536e-02
      vertex   -5.656673e-02 -4.277329e-02 -4.770059e-02
    endloop
  endfacet
  facet normal -6.049800e-01 4.168901e-01 6.783818e-01
    outer loop
      vertex   -6.367674e-02 -3.943193e-02 -5.352204e-02
      vertex   -6.675425e-02 -4.590371e-02 -5.228942e-02
      vertex   -6.373525e-02 -4.460958e-02 -5.039237e-02
    endloop
  endfacet
  facet normal -7.061345e-01 4.412587e-01 5.537732e-01
    outer loop
      vertex   -6.854439e-02 -4.691254e-02 -5.376823e-02
      vertex   -6.675425e-02 -4.590371e-02 -5.228942e-02
      vertex   -6.367674e-02 -3.943193e-02 -5.352204e-02
    endloop
  endfacet
  facet normal -8.492295e-01 2.649327e-01 4.567493e-01
    outer loop
      vertex   -7.215189e-02 -4.983340e-02 -5.804988e-02
      vertex   -7.031849e-02 -4.816725e-02 -5.560749e-02
      vertex   -7.131308e-02 -4.023525e-02 -6.205759e-02
    endloop
  endfacet
  facet normal -9.476096e-06 8.260873e-01 -5.635422e-01
    outer loop
      vertex   -7.500000e-02 -5.635427e-02 -6.760870e-02
      vertex   -7.487982e-02 -5.510780e-02 -6.578152e-02
      vertex   -7.434509e-02 -5.317059e-02 -6.294181e-02
    endloop
  endfacet
  facet normal -9.973784e-01 -2.236841e-02 6.881885e-02
    outer loop
      vertex   -7.479172e-02 6.480741e-02 -6.184255e-02
      vertex   -7.500000e-02 5.635427e-02 -6.760870e-02
      vertex   -7.468792e-02 5.806083e-02 -6.253109e-02
    endloop
  endfacet
  facet normal -9.976256e-01 -2.030900e-02 6.580870e-02
    outer loop
      vertex   -7.479172e-02 6.480741e-02 -6.184255e-02
      vertex   -7.500000e-02 6.480741e-02 -6.500000e-02
      vertex   -7.500000e-02 5.635427e-02 -6.760870e-02
    endloop
  endfacet
  facet normal -9.936916e-01 -7.260123e-02 8.547529e-02
    outer loop
      vertex   -7.440094e-02 5.334624e-02 -6.319929e-02
      vertex   -7.468792e-02 5.806083e-02 -6.253109e-02
      vertex   -7.500000e-02 5.635427e-02 -6.760870e-02
    endloop
  endfacet
  facet normal -9.793202e-01 -8.559396e-02 1.833184e-01
    outer loop
      vertex   -7.411289e-02 5.405257e-02 -6.133070e-02
      vertex   -7.468792e-02 5.806083e-02 -6.253109e-02
      vertex   -7.440094e-02 5.334624e-02 -6.319929e-02
    endloop
  endfacet
  facet normal -9.703494e-01 -6.991533e-02 2.313741e-01
    outer loop
      vertex   -7.355833e-02 5.850684e-02 -5.765898e-02
      vertex   -7.468792e-02 5.806083e-02 -6.253109e-02
      vertex   -7.411289e-02 5.405257e-02 -6.133070e-02
    endloop
  endfacet
  facet normal -9.726663e-01 -3.833798e-02 2.290205e-01
    outer loop
      vertex   -7.355833e-02 5.850684e-02 -5.765898e-02
      vertex   -7.479172e-02 6.480741e-02 -6.184255e-02
      vertex   -7.468792e-02 5.806083e-02 -6.253109e-02
    endloop
  endfacet
  facet normal -9.782506e-01 -5.957183e-02 1.986881e-01
    outer loop
      vertex   -7.409927e-02 6.480741e-02 -5.843327e-02
      vertex   -7.479172e-02 6.480741e-02 -6.184255e-02
      vertex   -7.355833e-02 5.850684e-02 -5.765898e-02
    endloop
  endfacet
  facet normal -9.489479e-01 -4.307212e-02 3.124783e-01
    outer loop
      vertex   -7.320887e-02 6.480741e-02 -5.572924e-02
      vertex   -7.409927e-02 6.480741e-02 -5.843327e-02
      vertex   -7.355833e-02 5.850684e-02 -5.765898e-02
    endloop
  endfacet
  facet normal -9.386113e-01 -1.422206e-01 3.142962e-01
    outer loop
      vertex   -7.353117e-02 5.163322e-02 -6.068822e-02
      vertex   -7.355833e-02 5.850684e-02 -5.765898e-02
      vertex   -7.411289e-02 5.405257e-02 -6.133070e-02
    endloop
  endfacet
  facet normal -9.385704e-01 -1.422654e-01 3.143981e-01
    outer loop
      vertex   -7.250401e-02 5.494538e-02 -5.612307e-02
      vertex   -7.355833e-02 5.850684e-02 -5.765898e-02
      vertex   -7.353117e-02 5.163322e-02 -6.068822e-02
    endloop
  endfacet
  facet normal -9.083655e-01 -2.137151e-01 3.594411e-01
    outer loop
      vertex   -7.250401e-02 5.494538e-02 -5.612307e-02
      vertex   -7.353117e-02 5.163322e-02 -6.068822e-02
      vertex   -7.168400e-02 4.936767e-02 -5.736716e-02
    endloop
  endfacet
  facet normal -9.106956e-01 -9.637295e-02 4.016787e-01
    outer loop
      vertex   -7.158890e-02 5.804584e-02 -5.330444e-02
      vertex   -7.355833e-02 5.850684e-02 -5.765898e-02
      vertex   -7.250401e-02 5.494538e-02 -5.612307e-02
    endloop
  endfacet
  facet normal -9.115843e-01 -7.333497e-02 4.045196e-01
    outer loop
      vertex   -7.158890e-02 5.804584e-02 -5.330444e-02
      vertex   -7.320887e-02 6.480741e-02 -5.572924e-02
      vertex   -7.355833e-02 5.850684e-02 -5.765898e-02
    endloop
  endfacet
  facet normal -8.657868e-01 -2.267791e-01 4.460767e-01
    outer loop
      vertex   -7.090775e-02 5.449588e-02 -5.325342e-02
      vertex   -7.250401e-02 5.494538e-02 -5.612307e-02
      vertex   -7.168400e-02 4.936767e-02 -5.736716e-02
    endloop
  endfacet
  facet normal -8.927803e-01 -5.348602e-02 4.473059e-01
    outer loop
      vertex   -7.150974e-02 6.480741e-02 -5.233795e-02
      vertex   -7.320887e-02 6.480741e-02 -5.572924e-02
      vertex   -7.158890e-02 5.804584e-02 -5.330444e-02
    endloop
  endfacet
  facet normal -8.407920e-01 -2.819688e-01 4.621281e-01
    outer loop
      vertex   -7.036865e-02 5.096788e-02 -5.399766e-02
      vertex   -7.168400e-02 4.936767e-02 -5.736716e-02
      vertex   -7.014423e-02 4.801826e-02 -5.538907e-02
    endloop
  endfacet
  facet normal -8.661394e-01 -2.263510e-01 4.456095e-01
    outer loop
      vertex   -7.036865e-02 5.096788e-02 -5.399766e-02
      vertex   -7.090775e-02 5.449588e-02 -5.325342e-02
      vertex   -7.168400e-02 4.936767e-02 -5.736716e-02
    endloop
  endfacet
  facet normal -8.730033e-01 -1.608923e-01 4.604116e-01
    outer loop
      vertex   -7.090775e-02 5.449588e-02 -5.325342e-02
      vertex   -7.158890e-02 5.804584e-02 -5.330444e-02
      vertex   -7.250401e-02 5.494538e-02 -5.612307e-02
    endloop
  endfacet
  facet normal -8.402929e-01 -1.537615e-01 5.198704e-01
    outer loop
      vertex   -7.009422e-02 5.651029e-02 -5.134269e-02
      vertex   -7.158890e-02 5.804584e-02 -5.330444e-02
      vertex   -7.090775e-02 5.449588e-02 -5.325342e-02
    endloop
  endfacet
  facet normal -8.441886e-01 -6.615360e-02 5.319486e-01
    outer loop
      vertex   -6.964740e-02 6.079127e-02 -4.988190e-02
      vertex   -7.150974e-02 6.480741e-02 -5.233795e-02
      vertex   -7.158890e-02 5.804584e-02 -5.330444e-02
    endloop
  endfacet
  facet normal -7.741781e-01 -3.172720e-01 5.477105e-01
    outer loop
      vertex   -6.854439e-02 4.691253e-02 -5.376823e-02
      vertex   -7.036865e-02 5.096788e-02 -5.399766e-02
      vertex   -7.014423e-02 4.801826e-02 -5.538907e-02
    endloop
  endfacet
  facet normal -7.887379e-01 -2.399158e-01 5.659797e-01
    outer loop
      vertex   -6.852058e-02 5.227069e-02 -5.086997e-02
      vertex   -7.090775e-02 5.449588e-02 -5.325342e-02
      vertex   -7.036865e-02 5.096788e-02 -5.399766e-02
    endloop
  endfacet
  facet normal -7.860486e-01 -2.276826e-01 5.747071e-01
    outer loop
      vertex   -6.852058e-02 5.227069e-02 -5.086997e-02
      vertex   -7.009422e-02 5.651029e-02 -5.134269e-02
      vertex   -7.090775e-02 5.449588e-02 -5.325342e-02
    endloop
  endfacet
  facet normal -8.280749e-01 -1.016939e-01 5.513170e-01
    outer loop
      vertex   -6.964740e-02 6.079127e-02 -4.988190e-02
      vertex   -7.158890e-02 5.804584e-02 -5.330444e-02
      vertex   -7.009422e-02 5.651029e-02 -5.134269e-02
    endloop
  endfacet
  facet normal -8.249648e-01 -3.768342e-02 5.639264e-01
    outer loop
      vertex   -6.936917e-02 6.480741e-02 -4.920652e-02
      vertex   -7.150974e-02 6.480741e-02 -5.233795e-02
      vertex   -6.964740e-02 6.079127e-02 -4.988190e-02
    endloop
  endfacet
  facet normal -7.573113e-01 -3.080949e-01 5.758100e-01
    outer loop
      vertex   -6.852058e-02 5.227069e-02 -5.086997e-02
      vertex   -7.036865e-02 5.096788e-02 -5.399766e-02
      vertex   -6.854439e-02 4.691253e-02 -5.376823e-02
    endloop
  endfacet
  facet normal -7.640146e-01 -1.355049e-01 6.308091e-01
    outer loop
      vertex   -6.805511e-02 5.598159e-02 -4.898656e-02
      vertex   -6.964740e-02 6.079127e-02 -4.988190e-02
      vertex   -7.009422e-02 5.651029e-02 -5.134269e-02
    endloop
  endfacet
  facet normal -7.050866e-01 -3.349499e-01 6.250291e-01
    outer loop
      vertex   -6.675425e-02 4.590371e-02 -5.228942e-02
      vertex   -6.852058e-02 5.227069e-02 -5.086997e-02
      vertex   -6.854439e-02 4.691253e-02 -5.376823e-02
    endloop
  endfacet
  facet normal -7.618409e-01 -2.146314e-01 6.111724e-01
    outer loop
      vertex   -6.805511e-02 5.598159e-02 -4.898656e-02
      vertex   -7.009422e-02 5.651029e-02 -5.134269e-02
      vertex   -6.852058e-02 5.227069e-02 -5.086997e-02
    endloop
  endfacet
  facet normal -7.065570e-01 -1.035969e-01 7.000321e-01
    outer loop
      vertex   -6.609241e-02 5.692359e-02 -4.686616e-02
      vertex   -6.964740e-02 6.079127e-02 -4.988190e-02
      vertex   -6.805511e-02 5.598159e-02 -4.898656e-02
    endloop
  endfacet
  facet normal -7.047086e-01 -1.000457e-01 7.024077e-01
    outer loop
      vertex   -6.767200e-02 6.480741e-02 -4.732800e-02
      vertex   -6.964740e-02 6.079127e-02 -4.988190e-02
      vertex   -6.609241e-02 5.692359e-02 -4.686616e-02
    endloop
  endfacet
  facet normal -7.406219e-01 -6.121789e-02 6.691275e-01
    outer loop
      vertex   -6.767200e-02 6.480741e-02 -4.732800e-02
      vertex   -6.936917e-02 6.480741e-02 -4.920652e-02
      vertex   -6.964740e-02 6.079127e-02 -4.988190e-02
    endloop
  endfacet
  facet normal -6.745124e-01 -3.339149e-01 6.584329e-01
    outer loop
      vertex   -6.528791e-02 5.172446e-02 -4.783537e-02
      vertex   -6.852058e-02 5.227069e-02 -5.086997e-02
      vertex   -6.675425e-02 4.590371e-02 -5.228942e-02
    endloop
  endfacet
  facet normal -6.838516e-01 -2.601852e-01 6.816529e-01
    outer loop
      vertex   -6.528791e-02 5.172446e-02 -4.783537e-02
      vertex   -6.805511e-02 5.598159e-02 -4.898656e-02
      vertex   -6.852058e-02 5.227069e-02 -5.086997e-02
    endloop
  endfacet
  facet normal -6.589889e-01 -2.351558e-01 7.144476e-01
    outer loop
      vertex   -6.609241e-02 5.692359e-02 -4.686616e-02
      vertex   -6.805511e-02 5.598159e-02 -4.898656e-02
      vertex   -6.528791e-02 5.172446e-02 -4.783537e-02
    endloop
  endfacet
  facet normal -6.297053e-01 -3.657826e-01 6.853279e-01
    outer loop
      vertex   -6.479218e-02 4.500213e-02 -5.096780e-02
      vertex   -6.528791e-02 5.172446e-02 -4.783537e-02
      vertex   -6.675425e-02 4.590371e-02 -5.228942e-02
    endloop
  endfacet
  facet normal -6.665863e-01 -9.020835e-02 7.399495e-01
    outer loop
      vertex   -6.420644e-02 6.108890e-02 -4.465937e-02
      vertex   -6.767200e-02 6.480741e-02 -4.732800e-02
      vertex   -6.609241e-02 5.692359e-02 -4.686616e-02
    endloop
  endfacet
  facet normal -6.517350e-01 -6.510141e-02 7.556476e-01
    outer loop
      vertex   -6.420644e-02 6.108890e-02 -4.465937e-02
      vertex   -6.503759e-02 6.480741e-02 -4.505587e-02
      vertex   -6.767200e-02 6.480741e-02 -4.732800e-02
    endloop
  endfacet
  facet normal -5.821792e-01 -3.782924e-01 7.196959e-01
    outer loop
      vertex   -6.260197e-02 4.960662e-02 -4.677584e-02
      vertex   -6.528791e-02 5.172446e-02 -4.783537e-02
      vertex   -6.479218e-02 4.500213e-02 -5.096780e-02
    endloop
  endfacet
  facet normal -5.836348e-01 -2.351954e-01 7.772088e-01
    outer loop
      vertex   -6.259595e-02 5.543368e-02 -4.469140e-02
      vertex   -6.609241e-02 5.692359e-02 -4.686616e-02
      vertex   -6.528791e-02 5.172446e-02 -4.783537e-02
    endloop
  endfacet
  facet normal -5.711129e-01 -1.671933e-01 8.036644e-01
    outer loop
      vertex   -6.420644e-02 6.108890e-02 -4.465937e-02
      vertex   -6.609241e-02 5.692359e-02 -4.686616e-02
      vertex   -6.259595e-02 5.543368e-02 -4.469140e-02
    endloop
  endfacet
  facet normal -5.486296e-01 -4.049521e-01 7.314502e-01
    outer loop
      vertex   -6.267832e-02 4.421702e-02 -4.981694e-02
      vertex   -6.260197e-02 4.960662e-02 -4.677584e-02
      vertex   -6.479218e-02 4.500213e-02 -5.096780e-02
    endloop
  endfacet
  facet normal -5.370297e-01 -2.836331e-01 7.944503e-01
    outer loop
      vertex   -6.259595e-02 5.543368e-02 -4.469140e-02
      vertex   -6.528791e-02 5.172446e-02 -4.783537e-02
      vertex   -6.260197e-02 4.960662e-02 -4.677584e-02
    endloop
  endfacet
  facet normal -5.592758e-01 -3.670225e-02 8.281688e-01
    outer loop
      vertex   -6.267832e-02 6.480741e-02 -4.346261e-02
      vertex   -6.503759e-02 6.480741e-02 -4.505587e-02
      vertex   -6.420644e-02 6.108890e-02 -4.465937e-02
    endloop
  endfacet
  facet normal -4.614798e-01 -4.309974e-01 7.754210e-01
    outer loop
      vertex   -6.260197e-02 4.960662e-02 -4.677584e-02
      vertex   -6.267832e-02 4.421702e-02 -4.981694e-02
      vertex   -6.043438e-02 4.355647e-02 -4.884865e-02
    endloop
  endfacet
  facet normal -4.910291e-01 -2.929646e-01 8.204037e-01
    outer loop
      vertex   -6.013678e-02 5.285878e-02 -4.413903e-02
      vertex   -6.259595e-02 5.543368e-02 -4.469140e-02
      vertex   -6.260197e-02 4.960662e-02 -4.677584e-02
    endloop
  endfacet
  facet normal -5.242030e-01 -1.540262e-01 8.375483e-01
    outer loop
      vertex   -6.135716e-02 5.980571e-02 -4.311205e-02
      vertex   -6.420644e-02 6.108890e-02 -4.465937e-02
      vertex   -6.259595e-02 5.543368e-02 -4.469140e-02
    endloop
  endfacet
  facet normal -5.007797e-01 -7.181930e-02 8.625901e-01
    outer loop
      vertex   -6.135716e-02 5.980571e-02 -4.311205e-02
      vertex   -6.267832e-02 6.480741e-02 -4.346261e-02
      vertex   -6.420644e-02 6.108890e-02 -4.465937e-02
    endloop
  endfacet
  facet normal -4.621620e-01 -6.006502e-02 8.847590e-01
    outer loop
      vertex   -6.043438e-02 6.480741e-02 -4.229047e-02
      vertex   -6.267832e-02 6.480741e-02 -4.346261e-02
      vertex   -6.135716e-02 5.980571e-02 -4.311205e-02
    endloop
  endfacet
  facet normal -3.703789e-01 -4.768307e-01 7.971524e-01
    outer loop
      vertex   -5.836983e-02 4.646989e-02 -4.614669e-02
      vertex   -6.043438e-02 4.355647e-02 -4.884865e-02
      vertex   -5.808335e-02 4.302725e-02 -4.807286e-02
    endloop
  endfacet
  facet normal -4.345718e-01 -4.273150e-01 7.928110e-01
    outer loop
      vertex   -5.836983e-02 4.646989e-02 -4.614669e-02
      vertex   -6.260197e-02 4.960662e-02 -4.677584e-02
      vertex   -6.043438e-02 4.355647e-02 -4.884865e-02
    endloop
  endfacet
  facet normal -4.218465e-01 -4.066235e-01 8.103720e-01
    outer loop
      vertex   -5.874918e-02 4.972285e-02 -4.471191e-02
      vertex   -6.260197e-02 4.960662e-02 -4.677584e-02
      vertex   -5.836983e-02 4.646989e-02 -4.614669e-02
    endloop
  endfacet
  facet normal -4.352018e-01 -3.445271e-01 8.318056e-01
    outer loop
      vertex   -5.874918e-02 4.972285e-02 -4.471191e-02
      vertex   -6.013678e-02 5.285878e-02 -4.413903e-02
      vertex   -6.260197e-02 4.960662e-02 -4.677584e-02
    endloop
  endfacet
  facet normal -4.260104e-01 -2.185274e-01 8.779299e-01
    outer loop
      vertex   -5.852205e-02 5.643624e-02 -4.246502e-02
      vertex   -6.259595e-02 5.543368e-02 -4.469140e-02
      vertex   -6.013678e-02 5.285878e-02 -4.413903e-02
    endloop
  endfacet
  facet normal -4.328950e-01 -1.952493e-01 8.800452e-01
    outer loop
      vertex   -5.852205e-02 5.643624e-02 -4.246502e-02
      vertex   -6.135716e-02 5.980571e-02 -4.311205e-02
      vertex   -6.259595e-02 5.543368e-02 -4.469140e-02
    endloop
  endfacet
  facet normal -3.643365e-01 -1.294638e-01 9.222245e-01
    outer loop
      vertex   -5.694349e-02 6.006297e-02 -4.133226e-02
      vertex   -6.135716e-02 5.980571e-02 -4.311205e-02
      vertex   -5.852205e-02 5.643624e-02 -4.246502e-02
    endloop
  endfacet
  facet normal -3.684383e-01 -8.410451e-02 9.258400e-01
    outer loop
      vertex   -5.694349e-02 6.006297e-02 -4.133226e-02
      vertex   -6.043438e-02 6.480741e-02 -4.229047e-02
      vertex   -6.135716e-02 5.980571e-02 -4.311205e-02
    endloop
  endfacet
  facet normal -3.281284e-01 -3.083105e-01 8.929033e-01
    outer loop
      vertex   -5.626229e-02 5.344329e-02 -4.251339e-02
      vertex   -6.013678e-02 5.285878e-02 -4.413903e-02
      vertex   -5.874918e-02 4.972285e-02 -4.471191e-02
    endloop
  endfacet
  facet normal -3.377168e-01 -2.695599e-01 9.018230e-01
    outer loop
      vertex   -5.626229e-02 5.344329e-02 -4.251339e-02
      vertex   -5.852205e-02 5.643624e-02 -4.246502e-02
      vertex   -6.013678e-02 5.285878e-02 -4.413903e-02
    endloop
  endfacet
  facet normal -3.486635e-01 -6.774560e-02 9.347964e-01
    outer loop
      vertex   -5.717484e-02 6.480741e-02 -4.107472e-02
      vertex   -6.043438e-02 6.480741e-02 -4.229047e-02
      vertex   -5.694349e-02 6.006297e-02 -4.133226e-02
    endloop
  endfacet
  facet normal -2.419154e-01 -4.890245e-01 8.380525e-01
    outer loop
      vertex   -5.440342e-02 4.250892e-02 -4.731306e-02
      vertex   -5.836983e-02 4.646989e-02 -4.614669e-02
      vertex   -5.808335e-02 4.302725e-02 -4.807286e-02
    endloop
  endfacet
  facet normal -2.887435e-01 -4.143565e-01 8.630967e-01
    outer loop
      vertex   -5.564939e-02 4.952834e-02 -4.376828e-02
      vertex   -5.874918e-02 4.972285e-02 -4.471191e-02
      vertex   -5.836983e-02 4.646989e-02 -4.614669e-02
    endloop
  endfacet
  facet normal -2.936567e-01 -3.331662e-01 8.959721e-01
    outer loop
      vertex   -5.564939e-02 4.952834e-02 -4.376828e-02
      vertex   -5.626229e-02 5.344329e-02 -4.251339e-02
      vertex   -5.874918e-02 4.972285e-02 -4.471191e-02
    endloop
  endfacet
  facet normal -2.494036e-01 -4.948620e-01 8.324118e-01
    outer loop
      vertex   -5.378205e-02 4.565421e-02 -4.525703e-02
      vertex   -5.836983e-02 4.646989e-02 -4.614669e-02
      vertex   -5.440342e-02 4.250892e-02 -4.731306e-02
    endloop
  endfacet
  facet normal -2.463729e-01 -4.488409e-01 8.589774e-01
    outer loop
      vertex   -5.378205e-02 4.565421e-02 -4.525703e-02
      vertex   -5.564939e-02 4.952834e-02 -4.376828e-02
      vertex   -5.836983e-02 4.646989e-02 -4.614669e-02
    endloop
  endfacet
  facet normal -2.517360e-01 -2.053522e-01 9.457587e-01
    outer loop
      vertex   -5.409617e-02 5.617976e-02 -4.134266e-02
      vertex   -5.852205e-02 5.643624e-02 -4.246502e-02
      vertex   -5.626229e-02 5.344329e-02 -4.251339e-02
    endloop
  endfacet
  facet normal -2.516427e-01 -1.870560e-01 9.495715e-01
    outer loop
      vertex   -5.409617e-02 5.617976e-02 -4.134266e-02
      vertex   -5.694349e-02 6.006297e-02 -4.133226e-02
      vertex   -5.852205e-02 5.643624e-02 -4.246502e-02
    endloop
  endfacet
  facet normal -2.132556e-01 -6.332228e-02 9.749422e-01
    outer loop
      vertex   -5.346914e-02 6.480741e-02 -4.026414e-02
      vertex   -5.717484e-02 6.480741e-02 -4.107472e-02
      vertex   -5.694349e-02 6.006297e-02 -4.133226e-02
    endloop
  endfacet
  facet normal -1.553077e-01 -4.186934e-01 8.947488e-01
    outer loop
      vertex   -5.315745e-02 5.009368e-02 -4.307119e-02
      vertex   -5.564939e-02 4.952834e-02 -4.376828e-02
      vertex   -5.378205e-02 4.565421e-02 -4.525703e-02
    endloop
  endfacet
  facet normal -1.853196e-01 -3.261439e-01 9.269772e-01
    outer loop
      vertex   -5.315745e-02 5.009368e-02 -4.307119e-02
      vertex   -5.626229e-02 5.344329e-02 -4.251339e-02
      vertex   -5.564939e-02 4.952834e-02 -4.376828e-02
    endloop
  endfacet
  facet normal -1.438250e-01 -2.908330e-01 9.459020e-01
    outer loop
      vertex   -5.409617e-02 5.617976e-02 -4.134266e-02
      vertex   -5.626229e-02 5.344329e-02 -4.251339e-02
      vertex   -5.315745e-02 5.009368e-02 -4.307119e-02
    endloop
  endfacet
  facet normal -2.015754e-01 -1.503937e-01 9.678580e-01
    outer loop
      vertex   -5.284333e-02 6.024861e-02 -4.044948e-02
      vertex   -5.694349e-02 6.006297e-02 -4.133226e-02
      vertex   -5.409617e-02 5.617976e-02 -4.134266e-02
    endloop
  endfacet
  facet normal -2.070455e-01 -6.809871e-02 9.759584e-01
    outer loop
      vertex   -5.284333e-02 6.024861e-02 -4.044948e-02
      vertex   -5.346914e-02 6.480741e-02 -4.026414e-02
      vertex   -5.694349e-02 6.006297e-02 -4.133226e-02
    endloop
  endfacet
  facet normal -8.748298e-02 -1.878162e-01 9.783005e-01
    outer loop
      vertex   -5.284333e-02 6.024861e-02 -4.044948e-02
      vertex   -5.409617e-02 5.617976e-02 -4.134266e-02
      vertex   -5.000000e-02 5.532001e-02 -4.114142e-02
    endloop
  endfacet
  facet normal -9.748305e-02 -5.309831e-01 8.417565e-01
    outer loop
      vertex   -5.000000e-02 4.226570e-02 -4.695652e-02
      vertex   -5.378205e-02 4.565421e-02 -4.525703e-02
      vertex   -5.440342e-02 4.250892e-02 -4.731306e-02
    endloop
  endfacet
  facet normal -6.468074e-02 -5.041254e-01 8.612050e-01
    outer loop
      vertex   -5.000000e-02 4.673919e-02 -4.433787e-02
      vertex   -5.378205e-02 4.565421e-02 -4.525703e-02
      vertex   -5.000000e-02 4.226570e-02 -4.695652e-02
    endloop
  endfacet
  facet normal -9.528160e-02 -4.288948e-01 8.983155e-01
    outer loop
      vertex   -5.000000e-02 4.673919e-02 -4.433787e-02
      vertex   -5.315745e-02 5.009368e-02 -4.307119e-02
      vertex   -5.378205e-02 4.565421e-02 -4.525703e-02
    endloop
  endfacet
  facet normal -4.490901e-02 -3.896234e-01 9.198787e-01
    outer loop
      vertex   -5.000000e-02 5.150964e-02 -4.231730e-02
      vertex   -5.315745e-02 5.009368e-02 -4.307119e-02
      vertex   -5.000000e-02 4.673919e-02 -4.433787e-02
    endloop
  endfacet
  facet normal -9.930303e-02 -2.860017e-01 9.530698e-01
    outer loop
      vertex   -5.000000e-02 5.150964e-02 -4.231730e-02
      vertex   -5.409617e-02 5.617976e-02 -4.134266e-02
      vertex   -5.315745e-02 5.009368e-02 -4.307119e-02
    endloop
  endfacet
  facet normal -1.081970e-01 -2.931464e-01 9.499256e-01
    outer loop
      vertex   -5.000000e-02 5.150964e-02 -4.231730e-02
      vertex   -5.000000e-02 5.532001e-02 -4.114142e-02
      vertex   -5.409617e-02 5.617976e-02 -4.134266e-02
    endloop
  endfacet
  facet normal -7.004326e-02 -1.782040e-01 9.814975e-01
    outer loop
      vertex   -5.000000e-02 5.924354e-02 -4.042905e-02
      vertex   -5.284333e-02 6.024861e-02 -4.044948e-02
      vertex   -5.000000e-02 5.532001e-02 -4.114142e-02
    endloop
  endfacet
  facet normal -2.262593e-02 -4.371053e-02 9.987880e-01
    outer loop
      vertex   -5.000000e-02 5.924354e-02 -4.042905e-02
      vertex   -5.346914e-02 6.480741e-02 -4.026414e-02
      vertex   -5.284333e-02 6.024861e-02 -4.044948e-02
    endloop
  endfacet
  facet normal -7.569812e-02 -7.666511e-02 9.941792e-01
    outer loop
      vertex   -5.000000e-02 6.480741e-02 -4.000000e-02
      vertex   -5.346914e-02 6.480741e-02 -4.026414e-02
      vertex   -5.000000e-02 5.924354e-02 -4.042905e-02
    endloop
  endfacet
  facet normal -9.611555e-01 -1.742660e-01 2.140363e-01
    outer loop
      vertex   -7.411289e-02 5.405257e-02 -6.133070e-02
      vertex   -7.440094e-02 5.334624e-02 -6.319929e-02
      vertex   -7.353117e-02 5.163322e-02 -6.068822e-02
    endloop
  endfacet
  facet normal -9.961572e-01 0.000000e+00 8.758273e-02
    outer loop
      vertex   -7.500000e-02 6.480741e-02 -6.500000e-02
      vertex   -7.463997e-02 7.648700e-02 -6.090504e-02
      vertex   -7.500000e-02 7.648700e-02 -6.500000e-02
    endloop
  endfacet
  facet normal -9.978019e-01 7.680767e-03 6.582034e-02
    outer loop
      vertex   -7.479172e-02 6.480741e-02 -6.184255e-02
      vertex   -7.463997e-02 7.648700e-02 -6.090504e-02
      vertex   -7.500000e-02 6.480741e-02 -6.500000e-02
    endloop
  endfacet
  facet normal -9.799859e-01 -3.244115e-03 1.990406e-01
    outer loop
      vertex   -7.409927e-02 6.480741e-02 -5.843327e-02
      vertex   -7.463997e-02 7.648700e-02 -6.090504e-02
      vertex   -7.479172e-02 6.480741e-02 -6.184255e-02
    endloop
  endfacet
  facet normal -9.741136e-01 2.742201e-03 2.260425e-01
    outer loop
      vertex   -7.409927e-02 6.480741e-02 -5.843327e-02
      vertex   -7.392529e-02 7.648700e-02 -5.782517e-02
      vertex   -7.463997e-02 7.648700e-02 -6.090504e-02
    endloop
  endfacet
  facet normal -9.498272e-01 -2.134967e-03 3.127678e-01
    outer loop
      vertex   -7.320887e-02 6.480741e-02 -5.572924e-02
      vertex   -7.392529e-02 7.648700e-02 -5.782517e-02
      vertex   -7.409927e-02 6.480741e-02 -5.843327e-02
    endloop
  endfacet
  facet normal -9.425430e-01 2.135989e-03 3.340780e-01
    outer loop
      vertex   -7.320887e-02 6.480741e-02 -5.572924e-02
      vertex   -7.297394e-02 7.648700e-02 -5.514110e-02
      vertex   -7.392529e-02 7.648700e-02 -5.782517e-02
    endloop
  endfacet
  facet normal -9.014879e-01 -3.660453e-03 4.327887e-01
    outer loop
      vertex   -7.320887e-02 6.480741e-02 -5.572924e-02
      vertex   -7.215189e-02 7.648700e-02 -5.342880e-02
      vertex   -7.297394e-02 7.648700e-02 -5.514110e-02
    endloop
  endfacet
  facet normal -8.940361e-01 -7.318090e-03 4.479351e-01
    outer loop
      vertex   -7.150974e-02 6.480741e-02 -5.233795e-02
      vertex   -7.215189e-02 7.648700e-02 -5.342880e-02
      vertex   -7.320887e-02 6.480741e-02 -5.572924e-02
    endloop
  endfacet
  facet normal -8.617719e-01 -1.020527e-15 5.072960e-01
    outer loop
      vertex   -7.150974e-02 6.480741e-02 -5.233795e-02
      vertex   -7.086760e-02 7.648700e-02 -5.124710e-02
      vertex   -7.215189e-02 7.648700e-02 -5.342880e-02
    endloop
  endfacet
  facet normal -7.855026e-01 -1.459693e-02 6.186862e-01
    outer loop
      vertex   -7.150974e-02 6.480741e-02 -5.233795e-02
      vertex   -6.852058e-02 7.648700e-02 -4.826726e-02
      vertex   -7.086760e-02 7.648700e-02 -5.124710e-02
    endloop
  endfacet
  facet normal -8.254633e-01 1.459689e-02 5.642671e-01
    outer loop
      vertex   -6.936917e-02 6.480741e-02 -4.920652e-02
      vertex   -6.852058e-02 7.648700e-02 -4.826726e-02
      vertex   -7.150974e-02 6.480741e-02 -5.233795e-02
    endloop
  endfacet
  facet normal -7.420136e-01 -6.842371e-08 6.703848e-01
    outer loop
      vertex   -6.767200e-02 6.480741e-02 -4.732800e-02
      vertex   -6.852058e-02 7.648700e-02 -4.826726e-02
      vertex   -6.936917e-02 6.480741e-02 -4.920652e-02
    endloop
  endfacet
  facet normal -6.875254e-01 8.440255e-03 7.261113e-01
    outer loop
      vertex   -6.767200e-02 6.480741e-02 -4.732800e-02
      vertex   -6.553824e-02 7.648700e-02 -4.544340e-02
      vertex   -6.852058e-02 7.648700e-02 -4.826726e-02
    endloop
  endfacet
  facet normal -6.531178e-01 -2.870324e-03 7.572509e-01
    outer loop
      vertex   -6.503759e-02 6.480741e-02 -4.505587e-02
      vertex   -6.553824e-02 7.648700e-02 -4.544340e-02
      vertex   -6.767200e-02 6.480741e-02 -4.732800e-02
    endloop
  endfacet
  facet normal -5.502873e-01 4.116135e-03 8.349652e-01
    outer loop
      vertex   -6.503759e-02 6.480741e-02 -4.505587e-02
      vertex   -6.184408e-02 7.648700e-02 -4.300875e-02
      vertex   -6.553824e-02 7.648700e-02 -4.544340e-02
    endloop
  endfacet
  facet normal -5.596360e-01 7.770066e-03 8.287021e-01
    outer loop
      vertex   -6.267832e-02 6.480741e-02 -4.346261e-02
      vertex   -6.184408e-02 7.648700e-02 -4.300875e-02
      vertex   -6.503759e-02 6.480741e-02 -4.505587e-02
    endloop
  endfacet
  facet normal -4.629976e-01 -1.373006e-03 8.863585e-01
    outer loop
      vertex   -6.043438e-02 6.480741e-02 -4.229047e-02
      vertex   -6.184408e-02 7.648700e-02 -4.300875e-02
      vertex   -6.267832e-02 6.480741e-02 -4.346261e-02
    endloop
  endfacet
  facet normal -4.277056e-01 3.966013e-03 9.039094e-01
    outer loop
      vertex   -6.043438e-02 6.480741e-02 -4.229047e-02
      vertex   -5.927076e-02 7.648700e-02 -4.179113e-02
      vertex   -6.184408e-02 7.648700e-02 -4.300875e-02
    endloop
  endfacet
  facet normal -3.494616e-01 -5.241308e-03 9.369360e-01
    outer loop
      vertex   -5.717484e-02 6.480741e-02 -4.107472e-02
      vertex   -5.927076e-02 7.648700e-02 -4.179113e-02
      vertex   -6.043438e-02 6.480741e-02 -4.229047e-02
    endloop
  endfacet
  facet normal -2.913009e-01 6.402530e-03 9.566101e-01
    outer loop
      vertex   -5.717484e-02 6.480741e-02 -4.107472e-02
      vertex   -5.564214e-02 7.648700e-02 -4.068616e-02
      vertex   -5.927076e-02 7.648700e-02 -4.179113e-02
    endloop
  endfacet
  facet normal -2.136823e-01 -4.458030e-03 9.768930e-01
    outer loop
      vertex   -5.346914e-02 6.480741e-02 -4.026414e-02
      vertex   -5.564214e-02 7.648700e-02 -4.068616e-02
      vertex   -5.717484e-02 6.480741e-02 -4.107472e-02
    endloop
  endfacet
  facet normal -1.597544e-01 5.945496e-03 9.871389e-01
    outer loop
      vertex   -5.346914e-02 6.480741e-02 -4.026414e-02
      vertex   -5.189772e-02 7.648700e-02 -4.008018e-02
      vertex   -5.564214e-02 7.648700e-02 -4.068616e-02
    endloop
  endfacet
  facet normal -7.592042e-02 -5.490797e-03 9.970988e-01
    outer loop
      vertex   -5.000000e-02 6.480741e-02 -4.000000e-02
      vertex   -5.189772e-02 7.648700e-02 -4.008018e-02
      vertex   -5.346914e-02 6.480741e-02 -4.026414e-02
    endloop
  endfacet
  facet normal -4.221195e-02 0.000000e+00 9.991087e-01
    outer loop
      vertex   -5.000000e-02 6.480741e-02 -4.000000e-02
      vertex   -5.000000e-02 7.648700e-02 -4.000000e-02
      vertex   -5.189772e-02 7.648700e-02 -4.008018e-02
    endloop
  endfacet
  facet normal -5.692032e-04 6.582132e-02 9.978313e-01
    outer loop
      vertex   5.000000e-02 7.964446e-02 -4.020828e-02
      vertex   -6.250000e-03 7.964042e-02 -4.024010e-02
      vertex   5.000000e-02 7.648700e-02 -4.000000e-02
    endloop
  endfacet
  facet normal -5.682022e-04 2.095522e-01 9.777973e-01
    outer loop
      vertex   5.000000e-02 8.335336e-02 -4.100313e-02
      vertex   -6.250000e-03 7.964042e-02 -4.024010e-02
      vertex   5.000000e-02 7.964446e-02 -4.020828e-02
    endloop
  endfacet
  facet normal -5.399440e-04 2.091421e-01 9.778851e-01
    outer loop
      vertex   5.000000e-02 8.335336e-02 -4.100313e-02
      vertex   -6.633583e-15 8.396627e-02 -4.116183e-02
      vertex   -6.250000e-03 7.964042e-02 -4.024010e-02
    endloop
  endfacet
  facet normal 1.492456e-03 3.630062e-01 9.317855e-01
    outer loop
      vertex   5.000000e-02 8.335336e-02 -4.100313e-02
      vertex   -1.562500e-03 8.720912e-02 -4.242268e-02
      vertex   -6.633583e-15 8.396627e-02 -4.116183e-02
    endloop
  endfacet
  facet normal -5.179287e-04 3.393843e-01 9.406477e-01
    outer loop
      vertex   5.000000e-02 8.692138e-02 -4.229047e-02
      vertex   -1.562500e-03 8.720912e-02 -4.242268e-02
      vertex   5.000000e-02 8.335336e-02 -4.100313e-02
    endloop
  endfacet
  facet normal 5.019103e-04 4.903712e-01 8.715135e-01
    outer loop
      vertex   5.000000e-02 8.692138e-02 -4.229047e-02
      vertex   -6.250000e-03 8.996703e-02 -4.397176e-02
      vertex   -1.562500e-03 8.720912e-02 -4.242268e-02
    endloop
  endfacet
  facet normal -1.424162e-03 4.629944e-01 8.863600e-01
    outer loop
      vertex   5.000000e-02 8.916534e-02 -4.346261e-02
      vertex   -6.250000e-03 8.996703e-02 -4.397176e-02
      vertex   5.000000e-02 8.692138e-02 -4.229047e-02
    endloop
  endfacet
  facet normal 4.751191e-04 5.596528e-01 8.287270e-01
    outer loop
      vertex   5.000000e-02 9.152461e-02 -4.505587e-02
      vertex   -6.250000e-03 8.996703e-02 -4.397176e-02
      vertex   5.000000e-02 8.916534e-02 -4.346261e-02
    endloop
  endfacet
  facet normal -2.020444e-03 6.193953e-01 7.850766e-01
    outer loop
      vertex   5.000000e-02 9.152461e-02 -4.505587e-02
      vertex   -7.031250e-03 9.356071e-02 -4.680904e-02
      vertex   -6.250000e-03 8.996703e-02 -4.397176e-02
    endloop
  endfacet
  facet normal -7.325003e-04 6.406343e-01 7.678458e-01
    outer loop
      vertex   5.000000e-02 9.371118e-02 -4.688018e-02
      vertex   -7.031250e-03 9.356071e-02 -4.680904e-02
      vertex   5.000000e-02 9.152461e-02 -4.505587e-02
    endloop
  endfacet
  facet normal -1.091122e-03 7.344147e-01 6.787001e-01
    outer loop
      vertex   5.000000e-02 9.564389e-02 -4.897155e-02
      vertex   -7.031250e-03 9.356071e-02 -4.680904e-02
      vertex   5.000000e-02 9.371118e-02 -4.688018e-02
    endloop
  endfacet
  facet normal -1.287409e-03 7.369404e-01 6.759566e-01
    outer loop
      vertex   5.000000e-02 9.564389e-02 -4.897155e-02
      vertex   -6.250000e-03 9.633742e-02 -4.983479e-02
      vertex   -7.031250e-03 9.356071e-02 -4.680904e-02
    endloop
  endfacet
  facet normal 6.333812e-04 7.993175e-01 6.009085e-01
    outer loop
      vertex   5.000000e-02 9.735459e-02 -5.124710e-02
      vertex   -6.250000e-03 9.633742e-02 -4.983479e-02
      vertex   5.000000e-02 9.564389e-02 -4.897155e-02
    endloop
  endfacet
  facet normal -1.207594e-03 8.336408e-01 5.523057e-01
    outer loop
      vertex   5.000000e-02 9.735459e-02 -5.124710e-02
      vertex   -6.250000e-03 9.817100e-02 -5.260235e-02
      vertex   -6.250000e-03 9.633742e-02 -4.983479e-02
    endloop
  endfacet
  facet normal 2.849477e-04 8.617685e-01 5.073016e-01
    outer loop
      vertex   5.000000e-02 9.863891e-02 -5.342880e-02
      vertex   -6.250000e-03 9.817100e-02 -5.260235e-02
      vertex   5.000000e-02 9.735459e-02 -5.124710e-02
    endloop
  endfacet
  facet normal -1.036664e-03 8.988160e-01 4.383249e-01
    outer loop
      vertex   5.000000e-02 9.863891e-02 -5.342880e-02
      vertex   -6.250000e-03 9.969588e-02 -5.572924e-02
      vertex   -6.250000e-03 9.817100e-02 -5.260235e-02
    endloop
  endfacet
  facet normal 0.000000e+00 9.086742e-01 4.175060e-01
    outer loop
      vertex   5.000000e-02 9.969588e-02 -5.572924e-02
      vertex   -6.250000e-03 9.969588e-02 -5.572924e-02
      vertex   5.000000e-02 9.863891e-02 -5.342880e-02
    endloop
  endfacet
  facet normal 0.000000e+00 9.567552e-01 2.908943e-01
    outer loop
      vertex   5.000000e-02 9.969588e-02 -5.572924e-02
      vertex   -1.640625e-02 1.008281e-01 -5.945300e-02
      vertex   -6.250000e-03 9.969588e-02 -5.572924e-02
    endloop
  endfacet
  facet normal -2.003893e-03 9.462481e-01 3.234354e-01
    outer loop
      vertex   5.000000e-02 1.005147e-01 -5.812481e-02
      vertex   -1.640625e-02 1.008281e-01 -5.945300e-02
      vertex   5.000000e-02 9.969588e-02 -5.572924e-02
    endloop
  endfacet
  facet normal 1.224984e-03 9.852358e-01 1.711985e-01
    outer loop
      vertex   5.000000e-02 1.005147e-01 -5.812481e-02
      vertex   4.687500e-03 1.013269e-01 -6.247444e-02
      vertex   -1.640625e-02 1.008281e-01 -5.945300e-02
    endloop
  endfacet
  facet normal -1.992027e-03 9.790607e-01 2.035588e-01
    outer loop
      vertex   5.000000e-02 1.012229e-01 -6.153086e-02
      vertex   4.687500e-03 1.013269e-01 -6.247444e-02
      vertex   5.000000e-02 1.005147e-01 -5.812481e-02
    endloop
  endfacet
  facet normal 7.074055e-04 9.971139e-01 7.591712e-02
    outer loop
      vertex   5.000000e-02 1.014870e-01 -6.500000e-02
      vertex   4.687500e-03 1.013269e-01 -6.247444e-02
      vertex   5.000000e-02 1.012229e-01 -6.153086e-02
    endloop
  endfacet
  facet normal -0.000000e+00 9.979957e-01 6.328106e-02
    outer loop
      vertex   -5.000000e-02 1.014870e-01 -6.500000e-02
      vertex   4.687500e-03 1.013269e-01 -6.247444e-02
      vertex   5.000000e-02 1.014870e-01 -6.500000e-02
    endloop
  endfacet
  facet normal -3.516290e-03 9.902955e-01 1.389332e-01
    outer loop
      vertex   -5.000000e-02 1.014870e-01 -6.500000e-02
      vertex   -1.640625e-02 1.008281e-01 -5.945300e-02
      vertex   4.687500e-03 1.013269e-01 -6.247444e-02
    endloop
  endfacet
  facet normal 4.615370e-03 9.958992e-01 9.035192e-02
    outer loop
      vertex   -5.000000e-02 1.010870e-01 -6.059092e-02
      vertex   -1.640625e-02 1.008281e-01 -5.945300e-02
      vertex   -5.000000e-02 1.014870e-01 -6.500000e-02
    endloop
  endfacet
  facet normal -5.400003e-04 9.715096e-01 2.369996e-01
    outer loop
      vertex   -5.000000e-02 1.004123e-01 -5.782517e-02
      vertex   -1.640625e-02 1.008281e-01 -5.945300e-02
      vertex   -5.000000e-02 1.010870e-01 -6.059092e-02
    endloop
  endfacet
  facet normal 1.994149e-03 9.582540e-01 2.859112e-01
    outer loop
      vertex   -5.000000e-02 1.004123e-01 -5.782517e-02
      vertex   -6.250000e-03 9.969588e-02 -5.572924e-02
      vertex   -1.640625e-02 1.008281e-01 -5.945300e-02
    endloop
  endfacet
  facet normal -3.076008e-03 9.248473e-01 3.803261e-01
    outer loop
      vertex   -5.000000e-02 9.861047e-02 -5.344365e-02
      vertex   -6.250000e-03 9.969588e-02 -5.572924e-02
      vertex   -5.000000e-02 1.004123e-01 -5.782517e-02
    endloop
  endfacet
  facet normal 5.997869e-04 8.988163e-01 4.383250e-01
    outer loop
      vertex   -5.000000e-02 9.861047e-02 -5.344365e-02
      vertex   -6.250000e-03 9.817100e-02 -5.260235e-02
      vertex   -6.250000e-03 9.969588e-02 -5.572924e-02
    endloop
  endfacet
  facet normal -2.246725e-03 8.336393e-01 5.523047e-01
    outer loop
      vertex   -5.000000e-02 9.861047e-02 -5.344365e-02
      vertex   -6.250000e-03 9.633742e-02 -4.983479e-02
      vertex   -6.250000e-03 9.817100e-02 -5.260235e-02
    endloop
  endfacet
  facet normal 1.279837e-03 8.530718e-01 5.217920e-01
    outer loop
      vertex   -5.000000e-02 9.663123e-02 -5.020782e-02
      vertex   -6.250000e-03 9.633742e-02 -4.983479e-02
      vertex   -5.000000e-02 9.861047e-02 -5.344365e-02
    endloop
  endfacet
  facet normal -8.155124e-04 7.368800e-01 6.760230e-01
    outer loop
      vertex   -5.000000e-02 9.663123e-02 -5.020782e-02
      vertex   -7.031250e-03 9.356071e-02 -4.680904e-02
      vertex   -6.250000e-03 9.633742e-02 -4.983479e-02
    endloop
  endfacet
  facet normal 2.943809e-03 7.602572e-01 6.496155e-01
    outer loop
      vertex   -5.000000e-02 9.437129e-02 -4.756297e-02
      vertex   -7.031250e-03 9.356071e-02 -4.680904e-02
      vertex   -5.000000e-02 9.663123e-02 -5.020782e-02
    endloop
  endfacet
  facet normal -3.728116e-04 6.703843e-01 7.420139e-01
    outer loop
      vertex   -5.000000e-02 9.202525e-02 -4.544340e-02
      vertex   -7.031250e-03 9.356071e-02 -4.680904e-02
      vertex   -5.000000e-02 9.437129e-02 -4.756297e-02
    endloop
  endfacet
  facet normal 2.778768e-03 6.200369e-01 7.845677e-01
    outer loop
      vertex   -5.000000e-02 9.202525e-02 -4.544340e-02
      vertex   -6.250000e-03 8.996703e-02 -4.397176e-02
      vertex   -7.031250e-03 9.356071e-02 -4.680904e-02
    endloop
  endfacet
  facet normal -8.663932e-04 5.693745e-01 8.220778e-01
    outer loop
      vertex   -5.000000e-02 8.916534e-02 -4.346261e-02
      vertex   -6.250000e-03 8.996703e-02 -4.397176e-02
      vertex   -5.000000e-02 9.202525e-02 -4.544340e-02
    endloop
  endfacet
  facet normal 1.136242e-03 4.911900e-01 8.710517e-01
    outer loop
      vertex   -5.000000e-02 8.916534e-02 -4.346261e-02
      vertex   -1.562500e-03 8.720912e-02 -4.242268e-02
      vertex   -6.250000e-03 8.996703e-02 -4.397176e-02
    endloop
  endfacet
  facet normal -3.311375e-04 4.629949e-01 8.863609e-01
    outer loop
      vertex   -5.000000e-02 8.692138e-02 -4.229047e-02
      vertex   -1.562500e-03 8.720912e-02 -4.242268e-02
      vertex   -5.000000e-02 8.916534e-02 -4.346261e-02
    endloop
  endfacet
  facet normal 3.900604e-04 3.625452e-01 9.319661e-01
    outer loop
      vertex   -5.000000e-02 8.692138e-02 -4.229047e-02
      vertex   -6.633583e-15 8.396627e-02 -4.116183e-02
      vertex   -1.562500e-03 8.720912e-02 -4.242268e-02
    endloop
  endfacet
  facet normal 2.496080e-04 3.604753e-01 9.327687e-01
    outer loop
      vertex   -5.000000e-02 8.426591e-02 -4.126425e-02
      vertex   -6.633583e-15 8.396627e-02 -4.116183e-02
      vertex   -5.000000e-02 8.692138e-02 -4.229047e-02
    endloop
  endfacet
  facet normal -7.478833e-04 2.094294e-01 9.778235e-01
    outer loop
      vertex   -5.000000e-02 8.426591e-02 -4.126425e-02
      vertex   -6.250000e-03 7.964042e-02 -4.024010e-02
      vertex   -6.633583e-15 8.396627e-02 -4.116183e-02
    endloop
  endfacet
  facet normal 3.589096e-03 2.484186e-01 9.686461e-01
    outer loop
      vertex   -5.000000e-02 8.089608e-02 -4.040002e-02
      vertex   -6.250000e-03 7.964042e-02 -4.024010e-02
      vertex   -5.000000e-02 8.426591e-02 -4.126425e-02
    endloop
  endfacet
  facet normal -1.047108e-03 9.035567e-02 9.959090e-01
    outer loop
      vertex   -5.000000e-02 7.648700e-02 -4.000000e-02
      vertex   -6.250000e-03 7.964042e-02 -4.024010e-02
      vertex   -5.000000e-02 8.089608e-02 -4.040002e-02
    endloop
  endfacet
  facet normal 0.000000e+00 7.592002e-02 9.971139e-01
    outer loop
      vertex   5.000000e-02 7.648700e-02 -4.000000e-02
      vertex   -6.250000e-03 7.964042e-02 -4.024010e-02
      vertex   -5.000000e-02 7.648700e-02 -4.000000e-02
    endloop
  endfacet
endsolid
