solid ASCII
  facet normal 9.929185e-01 -1.187389e-01 -3.723982e-03
    outer loop
      vertex   8.980476e-02 -4.416631e-02 -7.332150e-03
      vertex   9.000000e-02 -4.250000e-02 -8.406835e-03
      vertex   8.995285e-02 -4.333973e-02 5.796583e-03
    endloop
  endfacet
  facet normal 1.891673e-01 -9.819074e-01 8.576072e-03
    outer loop
      vertex   8.488815e-02 -4.953992e-02 2.000000e-02
      vertex   8.250000e-02 -5.000000e-02 2.000000e-02
      vertex   8.375435e-02 -4.988240e-02 5.796583e-03
    endloop
  endfacet
  facet normal 3.006406e-01 -9.537370e-01 -1.001679e-03
    outer loop
      vertex   8.554962e-02 -4.931649e-02 5.796583e-03
      vertex   8.488815e-02 -4.953992e-02 2.000000e-02
      vertex   8.375435e-02 -4.988240e-02 5.796583e-03
    endloop
  endfacet
  facet normal 5.068956e-01 -8.619489e-01 1.004772e-02
    outer loop
      vertex   8.764351e-02 -4.791954e-02 2.000000e-02
      vertex   8.488815e-02 -4.953992e-02 2.000000e-02
      vertex   8.554962e-02 -4.931649e-02 5.796583e-03
    endloop
  endfacet
  facet normal 6.244086e-01 -7.809491e-01 -1.524275e-02
    outer loop
      vertex   8.821098e-02 -4.718859e-02 5.796583e-03
      vertex   8.764351e-02 -4.791954e-02 2.000000e-02
      vertex   8.554962e-02 -4.931649e-02 5.796583e-03
    endloop
  endfacet
  facet normal 8.402663e-01 -5.421442e-01 5.671111e-03
    outer loop
      vertex   8.931786e-02 -4.532448e-02 2.000000e-02
      vertex   8.764351e-02 -4.791954e-02 2.000000e-02
      vertex   8.821098e-02 -4.718859e-02 5.796583e-03
    endloop
  endfacet
  facet normal 8.504072e-01 -5.261178e-01 2.777463e-03
    outer loop
      vertex   8.957916e-02 -4.497709e-02 5.796583e-03
      vertex   8.931786e-02 -4.532448e-02 2.000000e-02
      vertex   8.821098e-02 -4.718859e-02 5.796583e-03
    endloop
  endfacet
  facet normal 9.608796e-01 -2.767515e-01 1.090891e-02
    outer loop
      vertex   8.981194e-02 -4.416891e-02 5.796583e-03
      vertex   8.931786e-02 -4.532448e-02 2.000000e-02
      vertex   8.957916e-02 -4.497709e-02 5.796583e-03
    endloop
  endfacet
  facet normal 9.334446e-02 -9.956339e-01 0.000000e+00
    outer loop
      vertex   8.250000e-02 -5.000000e-02 -3.879296e-03
      vertex   8.375435e-02 -4.988240e-02 5.796583e-03
      vertex   8.250000e-02 -5.000000e-02 2.000000e-02
    endloop
  endfacet
  facet normal 1.484412e-01 -9.888949e-01 -7.224458e-03
    outer loop
      vertex   8.469040e-02 -4.967026e-02 -4.007930e-03
      vertex   8.375435e-02 -4.988240e-02 5.796583e-03
      vertex   8.250000e-02 -5.000000e-02 -3.879296e-03
    endloop
  endfacet
  facet normal 3.006310e-01 -9.537064e-01 8.066672e-03
    outer loop
      vertex   8.469040e-02 -4.967026e-02 -4.007930e-03
      vertex   8.554962e-02 -4.931649e-02 5.796583e-03
      vertex   8.375435e-02 -4.988240e-02 5.796583e-03
    endloop
  endfacet
  facet normal 4.054469e-01 -9.141151e-01 -2.547486e-03
    outer loop
      vertex   8.603149e-02 -4.907456e-02 -4.322642e-03
      vertex   8.554962e-02 -4.931649e-02 5.796583e-03
      vertex   8.469040e-02 -4.967026e-02 -4.007930e-03
    endloop
  endfacet
  facet normal 6.244429e-01 -7.809921e-01 1.106371e-02
    outer loop
      vertex   8.603149e-02 -4.907456e-02 -4.322642e-03
      vertex   8.821098e-02 -4.718859e-02 5.796583e-03
      vertex   8.554962e-02 -4.931649e-02 5.796583e-03
    endloop
  endfacet
  facet normal 5.918084e-01 -8.057587e-01 2.270842e-02
    outer loop
      vertex   8.779099e-02 -4.780277e-02 -5.050624e-03
      vertex   8.821098e-02 -4.718859e-02 5.796583e-03
      vertex   8.603149e-02 -4.907456e-02 -4.322642e-03
    endloop
  endfacet
  facet normal 7.983453e-01 -6.021915e-01 3.185221e-03
    outer loop
      vertex   8.897820e-02 -4.623395e-02 -6.014787e-03
      vertex   8.821098e-02 -4.718859e-02 5.796583e-03
      vertex   8.779099e-02 -4.780277e-02 -5.050624e-03
    endloop
  endfacet
  facet normal 9.014897e-01 -4.321551e-01 2.362805e-02
    outer loop
      vertex   8.951797e-02 -4.514558e-02 -6.703100e-03
      vertex   8.821098e-02 -4.718859e-02 5.796583e-03
      vertex   8.897820e-02 -4.623395e-02 -6.014787e-03
    endloop
  endfacet
  facet normal 8.504068e-01 -5.261175e-01 2.929040e-03
    outer loop
      vertex   8.951797e-02 -4.514558e-02 -6.703100e-03
      vertex   8.957916e-02 -4.497709e-02 5.796583e-03
      vertex   8.821098e-02 -4.718859e-02 5.796583e-03
    endloop
  endfacet
  facet normal 9.595353e-01 -2.815868e-01 -9.013593e-04
    outer loop
      vertex   8.980476e-02 -4.416631e-02 -7.332150e-03
      vertex   8.957916e-02 -4.497709e-02 5.796583e-03
      vertex   8.951797e-02 -4.514558e-02 -6.703100e-03
    endloop
  endfacet
  facet normal 9.609366e-01 -2.767679e-01 -5.796820e-04
    outer loop
      vertex   8.980476e-02 -4.416631e-02 -7.332150e-03
      vertex   8.981194e-02 -4.416891e-02 5.796583e-03
      vertex   8.957916e-02 -4.497709e-02 5.796583e-03
    endloop
  endfacet
  facet normal 9.858644e-01 -1.675439e-01 -5.716860e-04
    outer loop
      vertex   8.995285e-02 -4.333973e-02 5.796583e-03
      vertex   8.981194e-02 -4.416891e-02 5.796583e-03
      vertex   8.980476e-02 -4.416631e-02 -7.332150e-03
    endloop
  endfacet
  facet normal 9.856542e-01 -1.675082e-01 2.065864e-02
    outer loop
      vertex   8.995285e-02 -4.333973e-02 5.796583e-03
      vertex   8.931786e-02 -4.532448e-02 2.000000e-02
      vertex   8.981194e-02 -4.416891e-02 5.796583e-03
    endloop
  endfacet
  facet normal 9.984274e-01 -5.606006e-02 0.000000e+00
    outer loop
      vertex   9.000000e-02 -4.250000e-02 2.000000e-02
      vertex   8.995285e-02 -4.333973e-02 5.796583e-03
      vertex   9.000000e-02 -4.250000e-02 -8.406835e-03
    endloop
  endfacet
  facet normal 9.719978e-01 -2.347484e-01 1.065213e-02
    outer loop
      vertex   8.931786e-02 -4.532448e-02 2.000000e-02
      vertex   8.995285e-02 -4.333973e-02 5.796583e-03
      vertex   9.000000e-02 -4.250000e-02 2.000000e-02
    endloop
  endfacet
  facet normal 0.000000e+00 1.000000e+00 0.000000e+00
    outer loop
      vertex   1.000000e-02 4.000000e-02 3.250000e-02
      vertex   1.339844e-02 4.000000e-02 -1.000000e-02
      vertex   1.000000e-02 4.000000e-02 -1.000000e-02
    endloop
  endfacet
  facet normal 0.000000e+00 1.000000e+00 0.000000e+00
    outer loop
      vertex   2.755859e-02 4.000000e-02 -1.000000e-02
      vertex   1.339844e-02 4.000000e-02 -1.000000e-02
      vertex   1.000000e-02 4.000000e-02 3.250000e-02
    endloop
  endfacet
  facet normal 0.000000e+00 1.000000e+00 0.000000e+00
    outer loop
      vertex   1.000000e-02 4.000000e-02 3.250000e-02
      vertex   6.154297e-02 4.000000e-02 -1.000000e-02
      vertex   2.755859e-02 4.000000e-02 -1.000000e-02
    endloop
  endfacet
  facet normal 0.000000e+00 1.000000e+00 0.000000e+00
    outer loop
      vertex   7.405876e-02 4.000000e-02 3.182271e-02
      vertex   7.000000e-02 4.000000e-02 3.250000e-02
      vertex   7.306854e-02 4.000000e-02 3.211751e-02
    endloop
  endfacet
  facet normal 0.000000e+00 1.000000e+00 0.000000e+00
    outer loop
      vertex   7.548523e-02 4.000000e-02 3.122029e-02
      vertex   7.000000e-02 4.000000e-02 3.250000e-02
      vertex   7.405876e-02 4.000000e-02 3.182271e-02
    endloop
  endfacet
  facet normal 0.000000e+00 1.000000e+00 0.000000e+00
    outer loop
      vertex   7.683685e-02 4.000000e-02 3.046458e-02
      vertex   7.000000e-02 4.000000e-02 3.250000e-02
      vertex   7.548523e-02 4.000000e-02 3.122029e-02
    endloop
  endfacet
  facet normal 0.000000e+00 1.000000e+00 0.000000e+00
    outer loop
      vertex   7.767769e-02 4.000000e-02 2.986426e-02
      vertex   7.000000e-02 4.000000e-02 3.250000e-02
      vertex   7.683685e-02 4.000000e-02 3.046458e-02
    endloop
  endfacet
  facet normal 0.000000e+00 1.000000e+00 0.000000e+00
    outer loop
      vertex   7.883133e-02 4.000000e-02 2.883128e-02
      vertex   7.000000e-02 4.000000e-02 3.250000e-02
      vertex   7.767769e-02 4.000000e-02 2.986426e-02
    endloop
  endfacet
  facet normal 0.000000e+00 1.000000e+00 0.000000e+00
    outer loop
      vertex   8.057892e-02 4.000000e-02 2.660330e-02
      vertex   7.000000e-02 4.000000e-02 3.250000e-02
      vertex   7.883133e-02 4.000000e-02 2.883128e-02
    endloop
  endfacet
  facet normal 0.000000e+00 1.000000e+00 0.000000e+00
    outer loop
      vertex   8.144714e-02 4.000000e-02 2.502119e-02
      vertex   7.000000e-02 4.000000e-02 3.250000e-02
      vertex   8.057892e-02 4.000000e-02 2.660330e-02
    endloop
  endfacet
  facet normal 0.000000e+00 1.000000e+00 0.000000e+00
    outer loop
      vertex   8.250000e-02 4.000000e-02 2.000000e-02
      vertex   7.000000e-02 4.000000e-02 3.250000e-02
      vertex   8.144714e-02 4.000000e-02 2.502119e-02
    endloop
  endfacet
  facet normal 0.000000e+00 1.000000e+00 0.000000e+00
    outer loop
      vertex   6.154297e-02 4.000000e-02 -1.000000e-02
      vertex   8.250000e-02 4.000000e-02 2.000000e-02
      vertex   8.250000e-02 4.000000e-02 -1.000000e-02
    endloop
  endfacet
  facet normal 0.000000e+00 1.000000e+00 0.000000e+00
    outer loop
      vertex   6.154297e-02 4.000000e-02 -1.000000e-02
      vertex   7.000000e-02 4.000000e-02 3.250000e-02
      vertex   8.250000e-02 4.000000e-02 2.000000e-02
    endloop
  endfacet
  facet normal 0.000000e+00 1.000000e+00 0.000000e+00
    outer loop
      vertex   7.000000e-02 4.000000e-02 3.250000e-02
      vertex   6.154297e-02 4.000000e-02 -1.000000e-02
      vertex   1.000000e-02 4.000000e-02 3.250000e-02
    endloop
  endfacet
  facet normal -1.000000e+00 -0.000000e+00 0.000000e+00
    outer loop
      vertex   -1.332268e-15 -3.330154e-02 -9.784208e-03
      vertex   -1.332268e-15 -4.000000e-02 -1.000000e-02
      vertex   -1.332268e-15 -4.000000e-02 3.000000e-02
    endloop
  endfacet
  facet normal -1.000000e+00 0.000000e+00 0.000000e+00
    outer loop
      vertex   -1.332268e-15 -2.926549e-02 -1.004733e-02
      vertex   -1.332268e-15 -3.330154e-02 -9.784208e-03
      vertex   -1.332268e-15 -4.000000e-02 3.000000e-02
    endloop
  endfacet
  facet normal -1.000000e+00 0.000000e+00 0.000000e+00
    outer loop
      vertex   -1.332268e-15 -4.000000e-02 3.000000e-02
      vertex   -1.332268e-15 -2.660171e-02 -1.380082e-02
      vertex   -1.332268e-15 -2.926549e-02 -1.004733e-02
    endloop
  endfacet
  facet normal -1.000000e+00 0.000000e+00 0.000000e+00
    outer loop
      vertex   -1.332268e-15 -4.000000e-02 3.000000e-02
      vertex   -1.332268e-15 -2.345417e-02 -1.865517e-02
      vertex   -1.332268e-15 -2.660171e-02 -1.380082e-02
    endloop
  endfacet
  facet normal -1.000000e+00 0.000000e+00 0.000000e+00
    outer loop
      vertex   -1.332268e-15 -4.000000e-02 3.000000e-02
      vertex   -1.332268e-15 -1.972930e-02 -2.252392e-02
      vertex   -1.332268e-15 -2.345417e-02 -1.865517e-02
    endloop
  endfacet
  facet normal -1.000000e+00 0.000000e+00 0.000000e+00
    outer loop
      vertex   -1.332268e-15 -1.647224e-02 -2.507320e-02
      vertex   -1.332268e-15 -1.972930e-02 -2.252392e-02
      vertex   -1.332268e-15 -4.000000e-02 3.000000e-02
    endloop
  endfacet
  facet normal -1.000000e+00 0.000000e+00 0.000000e+00
    outer loop
      vertex   -1.332268e-15 -4.000000e-02 3.000000e-02
      vertex   -1.332268e-15 -1.506280e-02 -2.594440e-02
      vertex   -1.332268e-15 -1.647224e-02 -2.507320e-02
    endloop
  endfacet
  facet normal -1.000000e+00 0.000000e+00 0.000000e+00
    outer loop
      vertex   -1.332268e-15 -4.000000e-02 3.000000e-02
      vertex   -1.332268e-15 -1.171781e-02 -2.758272e-02
      vertex   -1.332268e-15 -1.506280e-02 -2.594440e-02
    endloop
  endfacet
  facet normal -1.000000e+00 0.000000e+00 0.000000e+00
    outer loop
      vertex   -1.332268e-15 -4.000000e-02 3.000000e-02
      vertex   -1.332268e-15 -6.598752e-03 -2.920666e-02
      vertex   -1.332268e-15 -1.171781e-02 -2.758272e-02
    endloop
  endfacet
  facet normal -1.000000e+00 0.000000e+00 0.000000e+00
    outer loop
      vertex   -1.332268e-15 -6.598752e-03 -2.920666e-02
      vertex   -1.332268e-15 3.677855e-03 -2.974200e-02
      vertex   -1.332268e-15 -4.509449e-04 -2.996515e-02
    endloop
  endfacet
  facet normal -1.000000e+00 0.000000e+00 0.000000e+00
    outer loop
      vertex   -1.332268e-15 -6.598752e-03 -2.920666e-02
      vertex   -1.332268e-15 1.191431e-02 -2.743637e-02
      vertex   -1.332268e-15 3.677855e-03 -2.974200e-02
    endloop
  endfacet
  facet normal -1.000000e+00 0.000000e+00 0.000000e+00
    outer loop
      vertex   -1.332268e-15 -6.598752e-03 -2.920666e-02
      vertex   -1.332268e-15 1.499810e-02 -2.598186e-02
      vertex   -1.332268e-15 1.191431e-02 -2.743637e-02
    endloop
  endfacet
  facet normal -1.000000e+00 0.000000e+00 0.000000e+00
    outer loop
      vertex   -1.332268e-15 1.640971e-02 -2.511417e-02
      vertex   -1.332268e-15 1.499810e-02 -2.598186e-02
      vertex   -1.332268e-15 -6.598752e-03 -2.920666e-02
    endloop
  endfacet
  facet normal -1.000000e+00 0.000000e+00 0.000000e+00
    outer loop
      vertex   -1.332268e-15 -6.598752e-03 -2.920666e-02
      vertex   -1.332268e-15 1.777125e-02 -2.416987e-02
      vertex   -1.332268e-15 1.640971e-02 -2.511417e-02
    endloop
  endfacet
  facet normal -1.000000e+00 0.000000e+00 0.000000e+00
    outer loop
      vertex   -1.332268e-15 -6.598752e-03 -2.920666e-02
      vertex   -1.332268e-15 1.907859e-02 -2.315183e-02
      vertex   -1.332268e-15 1.777125e-02 -2.416987e-02
    endloop
  endfacet
  facet normal -1.000000e+00 0.000000e+00 0.000000e+00
    outer loop
      vertex   -1.332268e-15 2.032773e-02 -2.206317e-02
      vertex   -1.332268e-15 1.907859e-02 -2.315183e-02
      vertex   -1.332268e-15 -6.598752e-03 -2.920666e-02
    endloop
  endfacet
  facet normal -1.000000e+00 0.000000e+00 0.000000e+00
    outer loop
      vertex   -1.332268e-15 -6.598752e-03 -2.920666e-02
      vertex   -1.332268e-15 2.151485e-02 -2.090720e-02
      vertex   -1.332268e-15 2.032773e-02 -2.206317e-02
    endloop
  endfacet
  facet normal -1.000000e+00 0.000000e+00 0.000000e+00
    outer loop
      vertex   -1.332268e-15 -6.598752e-03 -2.920666e-02
      vertex   -1.332268e-15 2.263634e-02 -1.968746e-02
      vertex   -1.332268e-15 2.151485e-02 -2.090720e-02
    endloop
  endfacet
  facet normal -1.000000e+00 0.000000e+00 0.000000e+00
    outer loop
      vertex   -1.332268e-15 2.417887e-02 -1.773967e-02
      vertex   -1.332268e-15 2.263634e-02 -1.968746e-02
      vertex   -1.332268e-15 -6.598752e-03 -2.920666e-02
    endloop
  endfacet
  facet normal -1.000000e+00 0.000000e+00 0.000000e+00
    outer loop
      vertex   -1.332268e-15 -6.598752e-03 -2.920666e-02
      vertex   -1.332268e-15 2.699230e-02 -1.292300e-02
      vertex   -1.332268e-15 2.417887e-02 -1.773967e-02
    endloop
  endfacet
  facet normal -1.000000e+00 0.000000e+00 0.000000e+00
    outer loop
      vertex   -1.332268e-15 3.000000e-02 -9.739474e-03
      vertex   -1.332268e-15 2.699230e-02 -1.292300e-02
      vertex   -1.332268e-15 -6.598752e-03 -2.920666e-02
    endloop
  endfacet
  facet normal -1.000000e+00 0.000000e+00 0.000000e+00
    outer loop
      vertex   -1.332268e-15 -4.000000e-02 3.000000e-02
      vertex   -1.332268e-15 3.000000e-02 -9.739474e-03
      vertex   -1.332268e-15 -6.598752e-03 -2.920666e-02
    endloop
  endfacet
  facet normal -1.000000e+00 -0.000000e+00 -0.000000e+00
    outer loop
      vertex   -1.332268e-15 3.000000e-02 3.000000e-02
      vertex   -1.332268e-15 3.000000e-02 -9.739474e-03
      vertex   -1.332268e-15 -4.000000e-02 3.000000e-02
    endloop
  endfacet
  facet normal -2.289395e-01 9.734395e-01 1.498481e-03
    outer loop
      vertex   8.619919e-03 3.989354e-02 1.827687e-02
      vertex   7.941589e-03 3.975590e-02 4.053736e-03
      vertex   6.825409e-03 3.947149e-02 1.827687e-02
    endloop
  endfacet
  facet normal -3.992708e-01 9.167408e-01 -1.300226e-02
    outer loop
      vertex   5.132446e-03 3.868372e-02 1.472108e-02
      vertex   6.825409e-03 3.947149e-02 1.827687e-02
      vertex   7.941589e-03 3.975590e-02 4.053736e-03
    endloop
  endfacet
  facet normal -8.886643e-01 4.580590e-01 2.139210e-02
    outer loop
      vertex   2.159424e-03 3.602867e-02 1.116530e-02
      vertex   6.779480e-04 3.348663e-02 4.053736e-03
      vertex   1.702881e-04 3.183750e-02 1.827687e-02
    endloop
  endfacet
  facet normal -9.904061e-01 1.381871e-01 0.000000e+00
    outer loop
      vertex   1.702881e-04 3.183750e-02 1.827687e-02
      vertex   1.702881e-04 3.183750e-02 4.053736e-03
      vertex   4.264832e-05 3.092268e-02 1.827687e-02
    endloop
  endfacet
  facet normal -9.557410e-01 2.942094e-01 0.000000e+00
    outer loop
      vertex   6.779480e-04 3.348663e-02 4.053736e-03
      vertex   1.702881e-04 3.183750e-02 4.053736e-03
      vertex   1.702881e-04 3.183750e-02 1.827687e-02
    endloop
  endfacet
  facet normal -9.904061e-01 1.381871e-01 0.000000e+00
    outer loop
      vertex   1.702881e-04 3.183750e-02 4.053736e-03
      vertex   4.264832e-05 3.092268e-02 4.053736e-03
      vertex   4.264832e-05 3.092268e-02 1.827687e-02
    endloop
  endfacet
  facet normal -9.486702e-02 9.954900e-01 0.000000e+00
    outer loop
      vertex   8.677521e-03 3.987397e-02 3.246849e-02
      vertex   1.000000e-02 4.000000e-02 3.250000e-02
      vertex   1.000000e-02 4.000000e-02 -1.000000e-02
    endloop
  endfacet
  facet normal -9.989335e-01 4.617269e-02 0.000000e+00
    outer loop
      vertex   -1.332268e-15 3.000000e-02 3.000000e-02
      vertex   4.264832e-05 3.092268e-02 1.827687e-02
      vertex   4.264832e-05 3.092268e-02 4.053736e-03
    endloop
  endfacet
  facet normal -9.903799e-01 1.381834e-01 7.272945e-03
    outer loop
      vertex   -1.332268e-15 3.000000e-02 3.000000e-02
      vertex   1.702881e-04 3.183750e-02 1.827687e-02
      vertex   4.264832e-05 3.092268e-02 1.827687e-02
    endloop
  endfacet
  facet normal -8.505185e-01 5.213513e-01 6.936270e-02
    outer loop
      vertex   -1.332268e-15 3.000000e-02 3.000000e-02
      vertex   2.159424e-03 3.602867e-02 1.116530e-02
      vertex   1.702881e-04 3.183750e-02 1.827687e-02
    endloop
  endfacet
  facet normal -9.553422e-01 2.951173e-01 -1.506919e-02
    outer loop
      vertex   1.638565e-03 3.537289e-02 3.134322e-02
      vertex   2.159424e-03 3.602867e-02 1.116530e-02
      vertex   -1.332268e-15 3.000000e-02 3.000000e-02
    endloop
  endfacet
  facet normal -6.705902e-01 7.417968e-01 6.798329e-03
    outer loop
      vertex   1.638565e-03 3.537289e-02 3.134322e-02
      vertex   5.132446e-03 3.868372e-02 1.472108e-02
      vertex   2.159424e-03 3.602867e-02 1.116530e-02
    endloop
  endfacet
  facet normal -7.486750e-01 6.624497e-01 -2.541921e-02
    outer loop
      vertex   3.743896e-03 3.777530e-02 3.194383e-02
      vertex   5.132446e-03 3.868372e-02 1.472108e-02
      vertex   1.638565e-03 3.537289e-02 3.134322e-02
    endloop
  endfacet
  facet normal -5.454184e-01 8.381639e-01 2.360991e-04
    outer loop
      vertex   5.380249e-03 3.884005e-02 3.221002e-02
      vertex   5.132446e-03 3.868372e-02 1.472108e-02
      vertex   3.743896e-03 3.777530e-02 3.194383e-02
    endloop
  endfacet
  facet normal -4.180883e-01 9.084037e-01 -2.195901e-03
    outer loop
      vertex   5.380249e-03 3.884005e-02 3.221002e-02
      vertex   6.825409e-03 3.947149e-02 1.827687e-02
      vertex   5.132446e-03 3.868372e-02 1.472108e-02
    endloop
  endfacet
  facet normal -3.000472e-01 9.538475e-01 1.210694e-02
    outer loop
      vertex   8.677521e-03 3.987397e-02 3.246849e-02
      vertex   6.825409e-03 3.947149e-02 1.827687e-02
      vertex   5.380249e-03 3.884005e-02 3.221002e-02
    endloop
  endfacet
  facet normal -2.289391e-01 9.734381e-01 2.271219e-03
    outer loop
      vertex   8.677521e-03 3.987397e-02 3.246849e-02
      vertex   8.619919e-03 3.989354e-02 1.827687e-02
      vertex   6.825409e-03 3.947149e-02 1.827687e-02
    endloop
  endfacet
  facet normal -4.509613e-02 9.989814e-01 1.560239e-03
    outer loop
      vertex   1.000000e-02 4.000000e-02 -1.000000e-02
      vertex   8.619919e-03 3.989354e-02 1.827687e-02
      vertex   8.677521e-03 3.987397e-02 3.246849e-02
    endloop
  endfacet
  facet normal -1.379671e-01 9.904323e-01 -3.004612e-03
    outer loop
      vertex   1.000000e-02 4.000000e-02 -1.000000e-02
      vertex   7.941589e-03 3.975590e-02 4.053736e-03
      vertex   8.619919e-03 3.989354e-02 1.827687e-02
    endloop
  endfacet
  facet normal -1.258568e-01 9.920477e-01 -1.202795e-03
    outer loop
      vertex   7.502518e-03 3.968310e-02 -1.004253e-02
      vertex   7.941589e-03 3.975590e-02 4.053736e-03
      vertex   1.000000e-02 4.000000e-02 -1.000000e-02
    endloop
  endfacet
  facet normal -2.743250e-01 9.616304e-01 3.578782e-03
    outer loop
      vertex   7.014236e-03 3.954387e-02 -1.005755e-02
      vertex   7.941589e-03 3.975590e-02 4.053736e-03
      vertex   7.502518e-03 3.968310e-02 -1.004253e-02
    endloop
  endfacet
  facet normal -3.312750e-01 9.435037e-01 7.593734e-03
    outer loop
      vertex   7.014236e-03 3.954387e-02 -1.005755e-02
      vertex   5.132446e-03 3.868372e-02 1.472108e-02
      vertex   7.941589e-03 3.975590e-02 4.053736e-03
    endloop
  endfacet
  facet normal -3.706282e-01 9.287723e-01 4.093710e-03
    outer loop
      vertex   6.041412e-03 3.915580e-02 -1.008995e-02
      vertex   5.132446e-03 3.868372e-02 1.472108e-02
      vertex   7.014236e-03 3.954387e-02 -1.005755e-02
    endloop
  endfacet
  facet normal -4.759330e-01 8.794812e-01 -7.020568e-04
    outer loop
      vertex   4.280090e-03 3.820261e-02 -1.014632e-02
      vertex   5.132446e-03 3.868372e-02 1.472108e-02
      vertex   6.041412e-03 3.915580e-02 -1.008995e-02
    endloop
  endfacet
  facet normal -6.718371e-01 7.406479e-01 8.698738e-03
    outer loop
      vertex   4.280090e-03 3.820261e-02 -1.014632e-02
      vertex   2.159424e-03 3.602867e-02 1.116530e-02
      vertex   5.132446e-03 3.868372e-02 1.472108e-02
    endloop
  endfacet
  facet normal -6.065831e-01 7.947503e-01 2.071085e-02
    outer loop
      vertex   3.670578e-03 3.773777e-02 -1.016006e-02
      vertex   2.159424e-03 3.602867e-02 1.116530e-02
      vertex   4.280090e-03 3.820261e-02 -1.014632e-02
    endloop
  endfacet
  facet normal -6.933474e-01 7.205520e-01 8.616023e-03
    outer loop
      vertex   2.703094e-03 3.680689e-02 -1.016628e-02
      vertex   2.159424e-03 3.602867e-02 1.116530e-02
      vertex   3.670578e-03 3.773777e-02 -1.016006e-02
    endloop
  endfacet
  facet normal -9.295709e-01 3.685008e-01 -1.024803e-02
    outer loop
      vertex   -1.332268e-15 3.000000e-02 -9.739474e-03
      vertex   2.159424e-03 3.602867e-02 1.116530e-02
      vertex   2.703094e-03 3.680689e-02 -1.016628e-02
    endloop
  endfacet
  facet normal -5.403658e-01 8.216994e-01 -1.811489e-01
    outer loop
      vertex   -1.332268e-15 3.000000e-02 -9.739474e-03
      vertex   6.779480e-04 3.348663e-02 4.053736e-03
      vertex   2.159424e-03 3.602867e-02 1.116530e-02
    endloop
  endfacet
  facet normal -9.553826e-01 2.940990e-01 -2.738418e-02
    outer loop
      vertex   -1.332268e-15 3.000000e-02 -9.739474e-03
      vertex   1.702881e-04 3.183750e-02 4.053736e-03
      vertex   6.779480e-04 3.348663e-02 4.053736e-03
    endloop
  endfacet
  facet normal -9.903872e-01 1.381844e-01 -6.181470e-03
    outer loop
      vertex   -1.332268e-15 3.000000e-02 -9.739474e-03
      vertex   4.264832e-05 3.092268e-02 4.053736e-03
      vertex   1.702881e-04 3.183750e-02 4.053736e-03
    endloop
  endfacet
  facet normal -9.989335e-01 4.617269e-02 0.000000e+00
    outer loop
      vertex   -1.332268e-15 3.000000e-02 -9.739474e-03
      vertex   -1.332268e-15 3.000000e-02 3.000000e-02
      vertex   4.264832e-05 3.092268e-02 4.053736e-03
    endloop
  endfacet
  facet normal 0.000000e+00 -1.000000e+00 0.000000e+00
    outer loop
      vertex   7.000000e-02 -5.000000e-02 3.250000e-02
      vertex   7.751366e-02 -5.000000e-02 2.986361e-02
      vertex   7.502121e-02 -5.000000e-02 3.144717e-02
    endloop
  endfacet
  facet normal 0.000000e+00 -1.000000e+00 0.000000e+00
    outer loop
      vertex   7.000000e-02 -5.000000e-02 3.250000e-02
      vertex   7.986427e-02 -5.000000e-02 2.767766e-02
      vertex   7.751366e-02 -5.000000e-02 2.986361e-02
    endloop
  endfacet
  facet normal 0.000000e+00 -1.000000e+00 0.000000e+00
    outer loop
      vertex   7.000000e-02 -5.000000e-02 3.250000e-02
      vertex   8.046455e-02 -5.000000e-02 2.683685e-02
      vertex   7.986427e-02 -5.000000e-02 2.767766e-02
    endloop
  endfacet
  facet normal 0.000000e+00 -1.000000e+00 0.000000e+00
    outer loop
      vertex   8.122025e-02 -5.000000e-02 2.548527e-02
      vertex   8.046455e-02 -5.000000e-02 2.683685e-02
      vertex   7.000000e-02 -5.000000e-02 3.250000e-02
    endloop
  endfacet
  facet normal 0.000000e+00 -1.000000e+00 0.000000e+00
    outer loop
      vertex   7.000000e-02 -5.000000e-02 3.250000e-02
      vertex   8.250000e-02 -5.000000e-02 2.000000e-02
      vertex   8.122025e-02 -5.000000e-02 2.548527e-02
    endloop
  endfacet
  facet normal 0.000000e+00 -1.000000e+00 0.000000e+00
    outer loop
      vertex   7.592613e-02 -5.000000e-02 -4.082555e-03
      vertex   8.250000e-02 -5.000000e-02 -3.879296e-03
      vertex   8.250000e-02 -5.000000e-02 2.000000e-02
    endloop
  endfacet
  facet normal 0.000000e+00 -1.000000e+00 0.000000e+00
    outer loop
      vertex   8.250000e-02 -5.000000e-02 2.000000e-02
      vertex   6.393768e-02 -5.000000e-02 -4.600477e-03
      vertex   7.592613e-02 -5.000000e-02 -4.082555e-03
    endloop
  endfacet
  facet normal 0.000000e+00 -1.000000e+00 -0.000000e+00
    outer loop
      vertex   7.000000e-02 -5.000000e-02 3.250000e-02
      vertex   6.393768e-02 -5.000000e-02 -4.600477e-03
      vertex   8.250000e-02 -5.000000e-02 2.000000e-02
    endloop
  endfacet
  facet normal -0.000000e+00 -1.000000e+00 0.000000e+00
    outer loop
      vertex   1.708618e-02 -5.000000e-02 -8.374673e-03
      vertex   1.000000e-02 -5.000000e-02 3.250000e-02
      vertex   1.000000e-02 -5.000000e-02 -9.150569e-03
    endloop
  endfacet
  facet normal -0.000000e+00 -1.000000e+00 0.000000e+00
    outer loop
      vertex   3.159088e-02 -5.000000e-02 -6.938610e-03
      vertex   1.000000e-02 -5.000000e-02 3.250000e-02
      vertex   1.708618e-02 -5.000000e-02 -8.374673e-03
    endloop
  endfacet
  facet normal -0.000000e+00 -1.000000e+00 0.000000e+00
    outer loop
      vertex   5.132355e-02 -5.000000e-02 -5.360809e-03
      vertex   1.000000e-02 -5.000000e-02 3.250000e-02
      vertex   3.159088e-02 -5.000000e-02 -6.938610e-03
    endloop
  endfacet
  facet normal -0.000000e+00 -1.000000e+00 0.000000e+00
    outer loop
      vertex   6.393768e-02 -5.000000e-02 -4.600477e-03
      vertex   1.000000e-02 -5.000000e-02 3.250000e-02
      vertex   5.132355e-02 -5.000000e-02 -5.360809e-03
    endloop
  endfacet
  facet normal 0.000000e+00 -1.000000e+00 0.000000e+00
    outer loop
      vertex   6.393768e-02 -5.000000e-02 -4.600477e-03
      vertex   7.000000e-02 -5.000000e-02 3.250000e-02
      vertex   1.000000e-02 -5.000000e-02 3.250000e-02
    endloop
  endfacet
  facet normal -8.231215e-01 -5.677202e-01 -1.283618e-02
    outer loop
      vertex   8.414459e-04 -4.362129e-02 1.121289e-02
      vertex   3.764038e-03 -4.777846e-02 7.665037e-03
      vertex   2.686920e-03 -4.675998e-02 3.169000e-02
    endloop
  endfacet
  facet normal -2.552372e-01 -9.668646e-01 5.172108e-03
    outer loop
      vertex   6.856842e-03 -4.947081e-02 6.778075e-03
      vertex   8.162537e-03 -4.982973e-02 4.117186e-03
      vertex   8.619919e-03 -4.989354e-02 1.476074e-02
    endloop
  endfacet
  facet normal -5.980327e-02 -9.982093e-01 -1.338242e-03
    outer loop
      vertex   8.812714e-03 -4.992885e-02 3.248221e-02
      vertex   8.619919e-03 -4.989354e-02 1.476074e-02
      vertex   1.000000e-02 -5.000000e-02 3.250000e-02
    endloop
  endfacet
  facet normal -2.358587e-01 -9.717872e-01 6.297384e-04
    outer loop
      vertex   6.847992e-03 -4.945207e-02 3.236301e-02
      vertex   8.619919e-03 -4.989354e-02 1.476074e-02
      vertex   8.812714e-03 -4.992885e-02 3.248221e-02
    endloop
  endfacet
  facet normal -2.358537e-01 -9.717884e-01 6.302705e-04
    outer loop
      vertex   6.847992e-03 -4.945207e-02 3.236301e-02
      vertex   6.856842e-03 -4.947081e-02 6.778075e-03
      vertex   8.619919e-03 -4.989354e-02 1.476074e-02
    endloop
  endfacet
  facet normal -4.799212e-01 -8.773115e-01 4.766388e-04
    outer loop
      vertex   6.847992e-03 -4.945207e-02 3.236301e-02
      vertex   3.764038e-03 -4.777846e-02 7.665037e-03
      vertex   6.856842e-03 -4.947081e-02 6.778075e-03
    endloop
  endfacet
  facet normal -4.186786e-01 -9.080873e-01 -9.255992e-03
    outer loop
      vertex   4.680481e-03 -4.845018e-02 3.211254e-02
      vertex   3.764038e-03 -4.777846e-02 7.665037e-03
      vertex   6.847992e-03 -4.945207e-02 3.236301e-02
    endloop
  endfacet
  facet normal -6.470909e-01 -7.624057e-01 3.309060e-03
    outer loop
      vertex   4.680481e-03 -4.845018e-02 3.211254e-02
      vertex   2.686920e-03 -4.675998e-02 3.169000e-02
      vertex   3.764038e-03 -4.777846e-02 7.665037e-03
    endloop
  endfacet
  facet normal -9.313186e-01 -3.631061e-01 2.827778e-02
    outer loop
      vertex   -1.332268e-15 -4.000000e-02 3.000000e-02
      vertex   8.414459e-04 -4.362129e-02 1.121289e-02
      vertex   2.686920e-03 -4.675998e-02 3.169000e-02
    endloop
  endfacet
  facet normal -9.740504e-01 -2.263312e-01 3.201048e-13
    outer loop
      vertex   -1.332268e-15 -4.000000e-02 -1.000000e-02
      vertex   8.414459e-04 -4.362129e-02 1.121289e-02
      vertex   -1.332268e-15 -4.000000e-02 3.000000e-02
    endloop
  endfacet
  facet normal -9.505885e-01 -3.100802e-01 -1.522759e-02
    outer loop
      vertex   1.851654e-03 -4.567550e-02 -1.001978e-02
      vertex   8.414459e-04 -4.362129e-02 1.121289e-02
      vertex   -1.332268e-15 -4.000000e-02 -1.000000e-02
    endloop
  endfacet
  facet normal -8.129468e-01 -5.820709e-01 1.763559e-02
    outer loop
      vertex   2.623291e-03 -4.675163e-02 -9.968010e-03
      vertex   8.414459e-04 -4.362129e-02 1.121289e-02
      vertex   1.851654e-03 -4.567550e-02 -1.001978e-02
    endloop
  endfacet
  facet normal -7.219039e-01 -6.907563e-01 4.135732e-02
    outer loop
      vertex   2.965012e-03 -4.710697e-02 -9.938077e-03
      vertex   8.414459e-04 -4.362129e-02 1.121289e-02
      vertex   2.623291e-03 -4.675163e-02 -9.968010e-03
    endloop
  endfacet
  facet normal -8.120724e-01 -5.833738e-01 1.460770e-02
    outer loop
      vertex   2.965012e-03 -4.710697e-02 -9.938077e-03
      vertex   3.764038e-03 -4.777846e-02 7.665037e-03
      vertex   8.414459e-04 -4.362129e-02 1.121289e-02
    endloop
  endfacet
  facet normal -6.859587e-01 -7.276326e-01 3.380380e-03
    outer loop
      vertex   3.323212e-03 -4.744450e-02 -9.904707e-03
      vertex   3.764038e-03 -4.777846e-02 7.665037e-03
      vertex   2.965012e-03 -4.710697e-02 -9.938077e-03
    endloop
  endfacet
  facet normal -6.493312e-01 -7.605035e-01 1.836603e-03
    outer loop
      vertex   3.696747e-03 -4.776334e-02 -9.868130e-03
      vertex   3.764038e-03 -4.777846e-02 7.665037e-03
      vertex   3.323212e-03 -4.744450e-02 -9.904707e-03
    endloop
  endfacet
  facet normal -5.981904e-01 -8.013524e-01 1.605119e-03
    outer loop
      vertex   4.285965e-03 -4.820306e-02 -9.807306e-03
      vertex   3.764038e-03 -4.777846e-02 7.665037e-03
      vertex   3.696747e-03 -4.776334e-02 -9.868130e-03
    endloop
  endfacet
  facet normal -4.784586e-01 -8.780818e-01 7.046334e-03
    outer loop
      vertex   4.285965e-03 -4.820306e-02 -9.807306e-03
      vertex   6.856842e-03 -4.947081e-02 6.778075e-03
      vertex   3.764038e-03 -4.777846e-02 7.665037e-03
    endloop
  endfacet
  facet normal -4.635059e-01 -8.860843e-01 4.116848e-03
    outer loop
      vertex   6.363525e-03 -4.928874e-02 -9.574346e-03
      vertex   6.856842e-03 -4.947081e-02 6.778075e-03
      vertex   4.285965e-03 -4.820306e-02 -9.807306e-03
    endloop
  endfacet
  facet normal -2.948496e-01 -9.555421e-01 -1.744522e-03
    outer loop
      vertex   7.957001e-03 -4.978077e-02 -9.387882e-03
      vertex   6.856842e-03 -4.947081e-02 6.778075e-03
      vertex   6.363525e-03 -4.928874e-02 -9.574346e-03
    endloop
  endfacet
  facet normal -2.640643e-01 -9.645049e-01 5.223941e-04
    outer loop
      vertex   7.957001e-03 -4.978077e-02 -9.387882e-03
      vertex   8.162537e-03 -4.982973e-02 4.117186e-03
      vertex   6.856842e-03 -4.947081e-02 6.778075e-03
    endloop
  endfacet
  facet normal -8.507199e-02 -9.963721e-01 -2.317242e-03
    outer loop
      vertex   7.957001e-03 -4.978077e-02 -9.387882e-03
      vertex   8.619919e-03 -4.989354e-02 1.476074e-02
      vertex   8.162537e-03 -4.982973e-02 4.117186e-03
    endloop
  endfacet
  facet normal -1.064961e-01 -9.943116e-01 -1.719495e-03
    outer loop
      vertex   1.000000e-02 -5.000000e-02 -9.150569e-03
      vertex   8.619919e-03 -4.989354e-02 1.476074e-02
      vertex   7.957001e-03 -4.978077e-02 -9.387882e-03
    endloop
  endfacet
  facet normal -7.691436e-02 -9.970377e-01 -0.000000e+00
    outer loop
      vertex   1.000000e-02 -5.000000e-02 3.250000e-02
      vertex   8.619919e-03 -4.989354e-02 1.476074e-02
      vertex   1.000000e-02 -5.000000e-02 -9.150569e-03
    endloop
  endfacet
  facet normal -9.125422e-01 5.460481e-03 4.089461e-01
    outer loop
      vertex   1.915894e-03 -2.375000e-02 3.554058e-02
      vertex   2.478180e-03 -5.000000e-03 3.654493e-02
      vertex   1.295471e-04 -1.093262e-02 3.138330e-02
    endloop
  endfacet
  facet normal -8.509872e-01 -2.611592e-03 5.251800e-01
    outer loop
      vertex   1.915894e-03 -2.375000e-02 3.554058e-02
      vertex   2.858734e-03 -4.174471e-02 3.697885e-02
      vertex   2.478180e-03 -5.000000e-03 3.654493e-02
    endloop
  endfacet
  facet normal -5.605703e-01 3.973310e-03 8.280973e-01
    outer loop
      vertex   2.858734e-03 -4.174471e-02 3.697885e-02
      vertex   6.254044e-03 -9.687500e-03 3.912345e-02
      vertex   2.478180e-03 -5.000000e-03 3.654493e-02
    endloop
  endfacet
  facet normal -9.102047e-01 0.000000e+00 4.141586e-01
    outer loop
      vertex   2.478180e-03 -5.000000e-03 3.654493e-02
      vertex   2.478180e-03 1.375000e-02 3.654493e-02
      vertex   1.295471e-04 -1.093262e-02 3.138330e-02
    endloop
  endfacet
  facet normal -5.639434e-01 0.000000e+00 8.258135e-01
    outer loop
      vertex   2.478180e-03 -5.000000e-03 3.654493e-02
      vertex   6.254044e-03 -9.687500e-03 3.912345e-02
      vertex   2.478180e-03 1.375000e-02 3.654493e-02
    endloop
  endfacet
  facet normal -4.618227e-02 0.000000e+00 9.989330e-01
    outer loop
      vertex   9.077301e-03 -2.375000e-02 3.995734e-02
      vertex   1.000000e-02 -4.250000e-02 4.000000e-02
      vertex   1.000000e-02 3.250000e-02 4.000000e-02
    endloop
  endfacet
  facet normal -5.995331e-02 -6.793464e-04 9.982010e-01
    outer loop
      vertex   8.810272e-03 -4.248214e-02 3.992856e-02
      vertex   1.000000e-02 -4.250000e-02 4.000000e-02
      vertex   9.077301e-03 -2.375000e-02 3.995734e-02
    endloop
  endfacet
  facet normal -9.956434e-01 0.000000e+00 9.324311e-02
    outer loop
      vertex   1.295471e-04 -1.093262e-02 3.138330e-02
      vertex   -1.332268e-15 3.000000e-02 3.000000e-02
      vertex   -1.332268e-15 -4.000000e-02 3.000000e-02
    endloop
  endfacet
  facet normal -1.081893e-01 -3.255267e-03 9.941250e-01
    outer loop
      vertex   8.205872e-03 3.245115e-02 3.980459e-02
      vertex   7.666473e-03 9.062500e-03 3.966930e-02
      vertex   1.000000e-02 3.250000e-02 4.000000e-02
    endloop
  endfacet
  facet normal -3.015076e-01 1.438321e-03 9.534627e-01
    outer loop
      vertex   5.672607e-03 3.225095e-02 3.900381e-02
      vertex   7.666473e-03 9.062500e-03 3.966930e-02
      vertex   8.205872e-03 3.245115e-02 3.980459e-02
    endloop
  endfacet
  facet normal -3.373637e-01 -1.991755e-03 9.413723e-01
    outer loop
      vertex   5.672607e-03 3.225095e-02 3.900381e-02
      vertex   6.254044e-03 -9.687500e-03 3.912345e-02
      vertex   7.666473e-03 9.062500e-03 3.966930e-02
    endloop
  endfacet
  facet normal -5.477791e-01 -5.207828e-03 8.366068e-01
    outer loop
      vertex   3.689880e-03 3.192589e-02 3.770357e-02
      vertex   6.254044e-03 -9.687500e-03 3.912345e-02
      vertex   5.672607e-03 3.225095e-02 3.900381e-02
    endloop
  endfacet
  facet normal -6.065069e-01 -1.024580e-02 7.950122e-01
    outer loop
      vertex   3.689880e-03 3.192589e-02 3.770357e-02
      vertex   2.478180e-03 1.375000e-02 3.654493e-02
      vertex   6.254044e-03 -9.687500e-03 3.912345e-02
    endloop
  endfacet
  facet normal -7.545806e-01 8.477287e-03 6.561526e-01
    outer loop
      vertex   1.456680e-03 3.128591e-02 3.514364e-02
      vertex   2.478180e-03 1.375000e-02 3.654493e-02
      vertex   3.689880e-03 3.192589e-02 3.770357e-02
    endloop
  endfacet
  facet normal -8.832091e-01 -1.398922e-02 4.687707e-01
    outer loop
      vertex   1.456680e-03 3.128591e-02 3.514364e-02
      vertex   1.295471e-04 -1.093262e-02 3.138330e-02
      vertex   2.478180e-03 1.375000e-02 3.654493e-02
    endloop
  endfacet
  facet normal -9.625420e-01 6.114104e-03 2.710635e-01
    outer loop
      vertex   -1.332268e-15 3.000000e-02 3.000000e-02
      vertex   1.295471e-04 -1.093262e-02 3.138330e-02
      vertex   1.456680e-03 3.128591e-02 3.514364e-02
    endloop
  endfacet
  facet normal -9.326155e-01 -1.300599e-02 3.606372e-01
    outer loop
      vertex   -1.332268e-15 -4.000000e-02 3.000000e-02
      vertex   1.915894e-03 -2.375000e-02 3.554058e-02
      vertex   1.295471e-04 -1.093262e-02 3.138330e-02
    endloop
  endfacet
  facet normal -9.688557e-01 3.043926e-02 2.457480e-01
    outer loop
      vertex   1.039124e-03 -4.105691e-02 3.422763e-02
      vertex   1.915894e-03 -2.375000e-02 3.554058e-02
      vertex   -1.332268e-15 -4.000000e-02 3.000000e-02
    endloop
  endfacet
  facet normal -8.340325e-01 3.976372e-04 5.517151e-01
    outer loop
      vertex   2.858734e-03 -4.174471e-02 3.697885e-02
      vertex   1.915894e-03 -2.375000e-02 3.554058e-02
      vertex   1.039124e-03 -4.105691e-02 3.422763e-02
    endloop
  endfacet
  facet normal -5.628904e-01 4.324532e-03 8.265203e-01
    outer loop
      vertex   6.061249e-03 -4.229068e-02 3.916274e-02
      vertex   6.254044e-03 -9.687500e-03 3.912345e-02
      vertex   2.858734e-03 -4.174471e-02 3.697885e-02
    endloop
  endfacet
  facet normal -3.164539e-01 3.014371e-03 9.486031e-01
    outer loop
      vertex   7.797623e-03 -4.243561e-02 3.974245e-02
      vertex   6.254044e-03 -9.687500e-03 3.912345e-02
      vertex   6.061249e-03 -4.229068e-02 3.916274e-02
    endloop
  endfacet
  facet normal -1.802951e-01 1.009297e-02 9.835608e-01
    outer loop
      vertex   8.810272e-03 -4.248214e-02 3.992856e-02
      vertex   6.254044e-03 -9.687500e-03 3.912345e-02
      vertex   7.797623e-03 -4.243561e-02 3.974245e-02
    endloop
  endfacet
  facet normal -2.722432e-01 2.402156e-03 9.622255e-01
    outer loop
      vertex   9.077301e-03 -2.375000e-02 3.995734e-02
      vertex   6.254044e-03 -9.687500e-03 3.912345e-02
      vertex   8.810272e-03 -4.248214e-02 3.992856e-02
    endloop
  endfacet
  facet normal -3.049624e-01 -4.752181e-03 9.523525e-01
    outer loop
      vertex   9.077301e-03 -2.375000e-02 3.995734e-02
      vertex   7.666473e-03 9.062500e-03 3.966930e-02
      vertex   6.254044e-03 -9.687500e-03 3.912345e-02
    endloop
  endfacet
  facet normal -1.585216e-01 1.851543e-03 9.873538e-01
    outer loop
      vertex   1.000000e-02 3.250000e-02 4.000000e-02
      vertex   7.666473e-03 9.062500e-03 3.966930e-02
      vertex   9.077301e-03 -2.375000e-02 3.995734e-02
    endloop
  endfacet
  facet normal -9.295393e-01 -3.687107e-01 3.030456e-03
    outer loop
      vertex   2.686920e-03 -4.675998e-02 3.169000e-02
      vertex   1.953735e-03 -4.489146e-02 3.413757e-02
      vertex   -1.332268e-15 -4.000000e-02 3.000000e-02
    endloop
  endfacet
  facet normal -5.039348e-01 -7.527000e-01 4.236655e-01
    outer loop
      vertex   1.953735e-03 -4.489146e-02 3.413757e-02
      vertex   2.686920e-03 -4.675998e-02 3.169000e-02
      vertex   3.234329e-03 -4.435861e-02 3.660748e-02
    endloop
  endfacet
  facet normal -8.192413e-01 -4.235540e-01 3.865821e-01
    outer loop
      vertex   4.951019e-03 -4.763968e-02 3.552423e-02
      vertex   5.121765e-03 -4.671327e-02 3.690107e-02
      vertex   2.686920e-03 -4.675998e-02 3.169000e-02
    endloop
  endfacet
  facet normal -5.762144e-01 -1.934901e-01 7.940646e-01
    outer loop
      vertex   3.234329e-03 -4.435861e-02 3.660748e-02
      vertex   6.044464e-03 -4.524954e-02 3.842957e-02
      vertex   6.061249e-03 -4.229068e-02 3.916274e-02
    endloop
  endfacet
  facet normal -3.905380e-01 -7.406299e-01 5.467608e-01
    outer loop
      vertex   4.951019e-03 -4.763968e-02 3.552423e-02
      vertex   7.936172e-03 -4.786867e-02 3.734626e-02
      vertex   5.121765e-03 -4.671327e-02 3.690107e-02
    endloop
  endfacet
  facet normal -4.224740e-01 -6.725215e-01 6.076434e-01
    outer loop
      vertex   4.951019e-03 -4.763968e-02 3.552423e-02
      vertex   7.310486e-03 -4.854940e-02 3.615783e-02
      vertex   7.936172e-03 -4.786867e-02 3.734626e-02
    endloop
  endfacet
  facet normal -3.931692e-01 -3.114808e-01 8.650998e-01
    outer loop
      vertex   6.044464e-03 -4.524954e-02 3.842957e-02
      vertex   7.625504e-03 -4.466171e-02 3.935977e-02
      vertex   7.386780e-03 -4.408429e-02 3.945918e-02
    endloop
  endfacet
  facet normal -2.180460e-01 -2.524427e-01 9.427240e-01
    outer loop
      vertex   7.625504e-03 -4.466171e-02 3.935977e-02
      vertex   8.341675e-03 -4.418124e-02 3.965407e-02
      vertex   7.386780e-03 -4.408429e-02 3.945918e-02
    endloop
  endfacet
  facet normal -1.283063e-01 -8.023298e-01 5.829275e-01
    outer loop
      vertex   7.936172e-03 -4.786867e-02 3.734626e-02
      vertex   1.000000e-02 -4.899519e-02 3.625000e-02
      vertex   1.000000e-02 -4.807359e-02 3.751848e-02
    endloop
  endfacet
  facet normal -1.547920e-01 -8.199251e-01 5.511463e-01
    outer loop
      vertex   7.310486e-03 -4.854940e-02 3.615783e-02
      vertex   1.000000e-02 -4.899519e-02 3.625000e-02
      vertex   7.936172e-03 -4.786867e-02 3.734626e-02
    endloop
  endfacet
  facet normal -8.667537e-02 -2.578417e-01 9.622916e-01
    outer loop
      vertex   8.341675e-03 -4.418124e-02 3.965407e-02
      vertex   1.000000e-02 -4.481763e-02 3.963293e-02
      vertex   1.000000e-02 -4.405934e-02 3.983611e-02
    endloop
  endfacet
  facet normal -1.301090e-01 -3.696191e-01 9.200290e-01
    outer loop
      vertex   7.625504e-03 -4.466171e-02 3.935977e-02
      vertex   1.000000e-02 -4.481763e-02 3.963293e-02
      vertex   8.341675e-03 -4.418124e-02 3.965407e-02
    endloop
  endfacet
  facet normal -3.494105e-01 -5.623510e-01 7.494489e-01
    outer loop
      vertex   7.936172e-03 -4.786867e-02 3.734626e-02
      vertex   6.044464e-03 -4.524954e-02 3.842957e-02
      vertex   5.121765e-03 -4.671327e-02 3.690107e-02
    endloop
  endfacet
  facet normal -1.680863e-01 -6.155386e-01 7.699735e-01
    outer loop
      vertex   7.936172e-03 -4.786867e-02 3.734626e-02
      vertex   1.000000e-02 -4.721343e-02 3.832061e-02
      vertex   7.605896e-03 -4.612215e-02 3.867037e-02
    endloop
  endfacet
  facet normal -1.276906e-01 -6.764274e-01 7.253558e-01
    outer loop
      vertex   1.000000e-02 -4.807359e-02 3.751848e-02
      vertex   1.000000e-02 -4.721343e-02 3.832061e-02
      vertex   7.936172e-03 -4.786867e-02 3.734626e-02
    endloop
  endfacet
  facet normal -5.111988e-01 -7.484907e-01 4.224186e-01
    outer loop
      vertex   2.686920e-03 -4.675998e-02 3.169000e-02
      vertex   6.044464e-03 -4.524954e-02 3.842957e-02
      vertex   3.234329e-03 -4.435861e-02 3.660748e-02
    endloop
  endfacet
  facet normal -8.988266e-01 1.292536e-01 4.188129e-01
    outer loop
      vertex   5.121765e-03 -4.671327e-02 3.690107e-02
      vertex   6.044464e-03 -4.524954e-02 3.842957e-02
      vertex   2.686920e-03 -4.675998e-02 3.169000e-02
    endloop
  endfacet
  facet normal -4.364066e-01 -5.945319e-01 6.753378e-01
    outer loop
      vertex   7.936172e-03 -4.786867e-02 3.734626e-02
      vertex   7.605896e-03 -4.612215e-02 3.867037e-02
      vertex   6.044464e-03 -4.524954e-02 3.842957e-02
    endloop
  endfacet
  facet normal -2.043215e-01 -6.753667e-01 7.086132e-01
    outer loop
      vertex   7.605896e-03 -4.612215e-02 3.867037e-02
      vertex   1.000000e-02 -4.721343e-02 3.832061e-02
      vertex   8.895111e-03 -4.630623e-02 3.886666e-02
    endloop
  endfacet
  facet normal -4.743158e-01 -2.092011e-01 8.551371e-01
    outer loop
      vertex   7.386780e-03 -4.408429e-02 3.945918e-02
      vertex   6.061249e-03 -4.229068e-02 3.916274e-02
      vertex   6.044464e-03 -4.524954e-02 3.842957e-02
    endloop
  endfacet
  facet normal -3.217611e-01 -8.189135e-02 9.432728e-01
    outer loop
      vertex   7.386780e-03 -4.408429e-02 3.945918e-02
      vertex   7.797623e-03 -4.243561e-02 3.974245e-02
      vertex   6.061249e-03 -4.229068e-02 3.916274e-02
    endloop
  endfacet
  facet normal -2.098176e-01 -1.145525e-01 9.710069e-01
    outer loop
      vertex   8.341675e-03 -4.418124e-02 3.965407e-02
      vertex   7.797623e-03 -4.243561e-02 3.974245e-02
      vertex   7.386780e-03 -4.408429e-02 3.945918e-02
    endloop
  endfacet
  facet normal -1.975827e-01 -1.108906e-01 9.739940e-01
    outer loop
      vertex   8.341675e-03 -4.418124e-02 3.965407e-02
      vertex   9.053650e-03 -4.336015e-02 3.989199e-02
      vertex   7.797623e-03 -4.243561e-02 3.974245e-02
    endloop
  endfacet
  facet normal -9.212202e-02 -2.026035e-01 9.749181e-01
    outer loop
      vertex   8.341675e-03 -4.418124e-02 3.965407e-02
      vertex   1.000000e-02 -4.405934e-02 3.983611e-02
      vertex   9.053650e-03 -4.336015e-02 3.989199e-02
    endloop
  endfacet
  facet normal -5.750595e-01 -1.954960e-01 7.944104e-01
    outer loop
      vertex   3.234329e-03 -4.435861e-02 3.660748e-02
      vertex   6.061249e-03 -4.229068e-02 3.916274e-02
      vertex   2.858734e-03 -4.174471e-02 3.697885e-02
    endloop
  endfacet
  facet normal -1.840675e-01 -9.178135e-02 9.786191e-01
    outer loop
      vertex   9.053650e-03 -4.336015e-02 3.989199e-02
      vertex   8.810272e-03 -4.248214e-02 3.992856e-02
      vertex   7.797623e-03 -4.243561e-02 3.974245e-02
    endloop
  endfacet
  facet normal -3.705580e-02 -9.938389e-01 1.044567e-01
    outer loop
      vertex   8.748703e-03 -4.986396e-02 3.335048e-02
      vertex   1.000000e-02 -5.000000e-02 3.250000e-02
      vertex   1.000000e-02 -4.983611e-02 3.405934e-02
    endloop
  endfacet
  facet normal -6.072100e-02 -9.957017e-01 6.993634e-02
    outer loop
      vertex   8.812714e-03 -4.992885e-02 3.248221e-02
      vertex   1.000000e-02 -5.000000e-02 3.250000e-02
      vertex   8.748703e-03 -4.986396e-02 3.335048e-02
    endloop
  endfacet
  facet normal -2.386098e-01 -9.695642e-01 5.486863e-02
    outer loop
      vertex   6.847992e-03 -4.945207e-02 3.236301e-02
      vertex   8.812714e-03 -4.992885e-02 3.248221e-02
      vertex   8.748703e-03 -4.986396e-02 3.335048e-02
    endloop
  endfacet
  facet normal -7.374344e-02 -9.537052e-01 2.915619e-01
    outer loop
      vertex   8.490982e-03 -4.961414e-02 3.440372e-02
      vertex   1.000000e-02 -4.983611e-02 3.405934e-02
      vertex   1.000000e-02 -4.949226e-02 3.518408e-02
    endloop
  endfacet
  facet normal -9.585563e-02 -9.735372e-01 2.074538e-01
    outer loop
      vertex   8.490982e-03 -4.961414e-02 3.440372e-02
      vertex   8.748703e-03 -4.986396e-02 3.335048e-02
      vertex   1.000000e-02 -4.983611e-02 3.405934e-02
    endloop
  endfacet
  facet normal -2.852702e-01 -9.459042e-01 1.545515e-01
    outer loop
      vertex   8.490982e-03 -4.961414e-02 3.440372e-02
      vertex   6.847992e-03 -4.945207e-02 3.236301e-02
      vertex   8.748703e-03 -4.986396e-02 3.335048e-02
    endloop
  endfacet
  facet normal -4.293389e-01 -8.594849e-01 2.774054e-01
    outer loop
      vertex   4.680481e-03 -4.845018e-02 3.211254e-02
      vertex   6.847992e-03 -4.945207e-02 3.236301e-02
      vertex   8.490982e-03 -4.961414e-02 3.440372e-02
    endloop
  endfacet
  facet normal -4.053464e-01 -8.863286e-01 2.238660e-01
    outer loop
      vertex   4.680481e-03 -4.845018e-02 3.211254e-02
      vertex   8.490982e-03 -4.961414e-02 3.440372e-02
      vertex   8.150406e-03 -4.922538e-02 3.532624e-02
    endloop
  endfacet
  facet normal -6.071363e-02 -5.833111e-02 9.964494e-01
    outer loop
      vertex   9.053650e-03 -4.336015e-02 3.989199e-02
      vertex   1.000000e-02 -4.250000e-02 4.000000e-02
      vertex   8.810272e-03 -4.248214e-02 3.992856e-02
    endloop
  endfacet
  facet normal -1.850086e-02 -1.045110e-01 9.943516e-01
    outer loop
      vertex   1.000000e-02 -4.405934e-02 3.983611e-02
      vertex   1.000000e-02 -4.250000e-02 4.000000e-02
      vertex   9.053650e-03 -4.336015e-02 3.989199e-02
    endloop
  endfacet
  facet normal -4.624197e-01 -1.413903e-01 8.753153e-01
    outer loop
      vertex   7.228851e-03 -4.514246e-02 3.907257e-02
      vertex   7.625504e-03 -4.466171e-02 3.935977e-02
      vertex   6.044464e-03 -4.524954e-02 3.842957e-02
    endloop
  endfacet
  facet normal -2.560750e-01 -3.312422e-01 9.081323e-01
    outer loop
      vertex   7.892151e-03 -4.523898e-02 3.922440e-02
      vertex   7.625504e-03 -4.466171e-02 3.935977e-02
      vertex   7.228851e-03 -4.514246e-02 3.907257e-02
    endloop
  endfacet
  facet normal -1.279028e-01 -2.820529e-01 9.508349e-01
    outer loop
      vertex   7.892151e-03 -4.523898e-02 3.922440e-02
      vertex   1.000000e-02 -4.481763e-02 3.963293e-02
      vertex   7.625504e-03 -4.466171e-02 3.935977e-02
    endloop
  endfacet
  facet normal -2.460396e-01 -7.748899e-01 5.822458e-01
    outer loop
      vertex   6.044464e-03 -4.524954e-02 3.842957e-02
      vertex   7.892151e-03 -4.523898e-02 3.922440e-02
      vertex   7.228851e-03 -4.514246e-02 3.907257e-02
    endloop
  endfacet
  facet normal -3.584521e-01 -4.099561e-01 8.387182e-01
    outer loop
      vertex   7.605896e-03 -4.612215e-02 3.867037e-02
      vertex   7.892151e-03 -4.523898e-02 3.922440e-02
      vertex   6.044464e-03 -4.524954e-02 3.842957e-02
    endloop
  endfacet
  facet normal -6.250707e-02 -5.157507e-01 8.544554e-01
    outer loop
      vertex   7.605896e-03 -4.612215e-02 3.867037e-02
      vertex   1.000000e-02 -4.481763e-02 3.963293e-02
      vertex   7.892151e-03 -4.523898e-02 3.922440e-02
    endloop
  endfacet
  facet normal -1.884193e-01 -3.353048e-01 9.230757e-01
    outer loop
      vertex   8.895111e-03 -4.630623e-02 3.886666e-02
      vertex   1.000000e-02 -4.481763e-02 3.963293e-02
      vertex   7.605896e-03 -4.612215e-02 3.867037e-02
    endloop
  endfacet
  facet normal -1.112875e-01 -3.882907e-01 9.147926e-01
    outer loop
      vertex   1.000000e-02 -4.590026e-02 3.917339e-02
      vertex   1.000000e-02 -4.481763e-02 3.963293e-02
      vertex   8.895111e-03 -4.630623e-02 3.886666e-02
    endloop
  endfacet
  facet normal -8.386842e-01 -2.118256e-01 5.017358e-01
    outer loop
      vertex   1.953735e-03 -4.489146e-02 3.413757e-02
      vertex   2.858734e-03 -4.174471e-02 3.697885e-02
      vertex   1.039124e-03 -4.105691e-02 3.422763e-02
    endloop
  endfacet
  facet normal -8.538596e-01 -1.914579e-01 4.840120e-01
    outer loop
      vertex   1.953735e-03 -4.489146e-02 3.413757e-02
      vertex   3.234329e-03 -4.435861e-02 3.660748e-02
      vertex   2.858734e-03 -4.174471e-02 3.697885e-02
    endloop
  endfacet
  facet normal -3.269025e-02 -5.443485e-01 8.382220e-01
    outer loop
      vertex   1.000000e-02 -4.721343e-02 3.832061e-02
      vertex   1.000000e-02 -4.590026e-02 3.917339e-02
      vertex   8.895111e-03 -4.630623e-02 3.886666e-02
    endloop
  endfacet
  facet normal -9.564072e-01 -2.322780e-01 1.770089e-01
    outer loop
      vertex   1.953735e-03 -4.489146e-02 3.413757e-02
      vertex   1.039124e-03 -4.105691e-02 3.422763e-02
      vertex   -1.332268e-15 -4.000000e-02 3.000000e-02
    endloop
  endfacet
  facet normal -1.000000e+00 0.000000e+00 0.000000e+00
    outer loop
      vertex   1.000000e-02 -4.899519e-02 3.625000e-02
      vertex   1.000000e-02 -4.856763e-02 3.690839e-02
      vertex   1.000000e-02 -4.807359e-02 3.751848e-02
    endloop
  endfacet
  facet normal -1.568041e-01 -8.379330e-01 5.227626e-01
    outer loop
      vertex   8.150406e-03 -4.922538e-02 3.532624e-02
      vertex   1.000000e-02 -4.899519e-02 3.625000e-02
      vertex   7.310486e-03 -4.854940e-02 3.615783e-02
    endloop
  endfacet
  facet normal -6.574666e-01 -7.196940e-01 2.231105e-01
    outer loop
      vertex   4.680481e-03 -4.845018e-02 3.211254e-02
      vertex   4.951019e-03 -4.763968e-02 3.552423e-02
      vertex   2.686920e-03 -4.675998e-02 3.169000e-02
    endloop
  endfacet
  facet normal -4.048954e-01 -8.818645e-01 2.416085e-01
    outer loop
      vertex   4.680481e-03 -4.845018e-02 3.211254e-02
      vertex   7.310486e-03 -4.854940e-02 3.615783e-02
      vertex   4.951019e-03 -4.763968e-02 3.552423e-02
    endloop
  endfacet
  facet normal -9.781504e-02 -9.019554e-01 4.206052e-01
    outer loop
      vertex   1.000000e-02 -4.949226e-02 3.518408e-02
      vertex   1.000000e-02 -4.899519e-02 3.625000e-02
      vertex   8.150406e-03 -4.922538e-02 3.532624e-02
    endloop
  endfacet
  facet normal -4.346946e-01 -8.617840e-01 2.614747e-01
    outer loop
      vertex   4.680481e-03 -4.845018e-02 3.211254e-02
      vertex   8.150406e-03 -4.922538e-02 3.532624e-02
      vertex   7.310486e-03 -4.854940e-02 3.615783e-02
    endloop
  endfacet
  facet normal -1.070771e-01 -9.297492e-01 3.522795e-01
    outer loop
      vertex   8.490982e-03 -4.961414e-02 3.440372e-02
      vertex   1.000000e-02 -4.949226e-02 3.518408e-02
      vertex   8.150406e-03 -4.922538e-02 3.532624e-02
    endloop
  endfacet
  facet normal 0.000000e+00 -9.334470e-02 9.956339e-01
    outer loop
      vertex   4.375000e-02 -4.375432e-02 3.988240e-02
      vertex   7.000000e-02 -4.250000e-02 4.000000e-02
      vertex   1.000000e-02 -4.250000e-02 4.000000e-02
    endloop
  endfacet
  facet normal 2.045178e-03 -1.356876e-01 9.907496e-01
    outer loop
      vertex   7.000000e-02 -4.443848e-02 3.973452e-02
      vertex   7.000000e-02 -4.250000e-02 4.000000e-02
      vertex   4.375000e-02 -4.375432e-02 3.988240e-02
    endloop
  endfacet
  facet normal 0.000000e+00 -9.956337e-01 9.334657e-02
    outer loop
      vertex   4.375000e-02 -4.988240e-02 3.375432e-02
      vertex   1.000000e-02 -5.000000e-02 3.250000e-02
      vertex   7.000000e-02 -5.000000e-02 3.250000e-02
    endloop
  endfacet
  facet normal -4.194498e-04 -9.945218e-01 1.045285e-01
    outer loop
      vertex   1.000000e-02 -4.983611e-02 3.405934e-02
      vertex   1.000000e-02 -5.000000e-02 3.250000e-02
      vertex   4.375000e-02 -4.988240e-02 3.375432e-02
    endloop
  endfacet
  facet normal -4.195363e-04 -1.045289e-01 9.945218e-01
    outer loop
      vertex   1.000000e-02 -4.405934e-02 3.983611e-02
      vertex   4.375000e-02 -4.375432e-02 3.988240e-02
      vertex   1.000000e-02 -4.250000e-02 4.000000e-02
    endloop
  endfacet
  facet normal 1.014064e-03 -2.588156e-01 9.659262e-01
    outer loop
      vertex   1.000000e-02 -4.481763e-02 3.963293e-02
      vertex   4.375000e-02 -4.375432e-02 3.988240e-02
      vertex   1.000000e-02 -4.405934e-02 3.983611e-02
    endloop
  endfacet
  facet normal 1.745036e-03 -2.805861e-01 9.598273e-01
    outer loop
      vertex   1.000000e-02 -4.481763e-02 3.963293e-02
      vertex   4.000000e-02 -4.536561e-02 3.941819e-02
      vertex   4.375000e-02 -4.375432e-02 3.988240e-02
    endloop
  endfacet
  facet normal -5.480601e-04 -3.907176e-01 9.205104e-01
    outer loop
      vertex   1.000000e-02 -4.590026e-02 3.917339e-02
      vertex   4.000000e-02 -4.536561e-02 3.941819e-02
      vertex   1.000000e-02 -4.481763e-02 3.963293e-02
    endloop
  endfacet
  facet normal 7.061893e-04 -4.487906e-01 8.936367e-01
    outer loop
      vertex   1.000000e-02 -4.590026e-02 3.917339e-02
      vertex   4.375000e-02 -4.649024e-02 3.885043e-02
      vertex   4.000000e-02 -4.536561e-02 3.941819e-02
    endloop
  endfacet
  facet normal -1.495317e-03 -5.446390e-01 8.386693e-01
    outer loop
      vertex   1.000000e-02 -4.721343e-02 3.832061e-02
      vertex   4.375000e-02 -4.649024e-02 3.885043e-02
      vertex   1.000000e-02 -4.590026e-02 3.917339e-02
    endloop
  endfacet
  facet normal 5.895992e-04 -6.087467e-01 7.933644e-01
    outer loop
      vertex   1.000000e-02 -4.721343e-02 3.832061e-02
      vertex   4.375000e-02 -4.748974e-02 3.808352e-02
      vertex   4.375000e-02 -4.649024e-02 3.885043e-02
    endloop
  endfacet
  facet normal -4.458844e-04 -6.820103e-01 7.313425e-01
    outer loop
      vertex   1.000000e-02 -4.807359e-02 3.751848e-02
      vertex   4.375000e-02 -4.748974e-02 3.808352e-02
      vertex   1.000000e-02 -4.721343e-02 3.832061e-02
    endloop
  endfacet
  facet normal 1.841938e-03 -7.483791e-01 6.632686e-01
    outer loop
      vertex   1.000000e-02 -4.807359e-02 3.751848e-02
      vertex   4.000000e-02 -4.860708e-02 3.683321e-02
      vertex   4.375000e-02 -4.748974e-02 3.808352e-02
    endloop
  endfacet
  facet normal 5.549408e-04 -7.771453e-01 6.293210e-01
    outer loop
      vertex   1.000000e-02 -4.856763e-02 3.690839e-02
      vertex   4.000000e-02 -4.860708e-02 3.683321e-02
      vertex   1.000000e-02 -4.807359e-02 3.751848e-02
    endloop
  endfacet
  facet normal 2.618163e-04 -8.386703e-01 5.446393e-01
    outer loop
      vertex   1.000000e-02 -4.899519e-02 3.625000e-02
      vertex   4.000000e-02 -4.860708e-02 3.683321e-02
      vertex   1.000000e-02 -4.856763e-02 3.690839e-02
    endloop
  endfacet
  facet normal 1.919032e-03 -8.752223e-01 4.837172e-01
    outer loop
      vertex   1.000000e-02 -4.899519e-02 3.625000e-02
      vertex   4.000000e-02 -4.941820e-02 3.536561e-02
      vertex   4.000000e-02 -4.860708e-02 3.683321e-02
    endloop
  endfacet
  facet normal -3.199632e-04 -9.063014e-01 4.226318e-01
    outer loop
      vertex   1.000000e-02 -4.949226e-02 3.518408e-02
      vertex   4.000000e-02 -4.941820e-02 3.536561e-02
      vertex   1.000000e-02 -4.899519e-02 3.625000e-02
    endloop
  endfacet
  facet normal 6.871058e-04 -9.604906e-01 2.783116e-01
    outer loop
      vertex   1.000000e-02 -4.949226e-02 3.518408e-02
      vertex   4.375000e-02 -4.988240e-02 3.375432e-02
      vertex   4.000000e-02 -4.941820e-02 3.536561e-02
    endloop
  endfacet
  facet normal 1.330488e-03 -9.563081e-01 2.923576e-01
    outer loop
      vertex   1.000000e-02 -4.983611e-02 3.405934e-02
      vertex   4.375000e-02 -4.988240e-02 3.375432e-02
      vertex   1.000000e-02 -4.949226e-02 3.518408e-02
    endloop
  endfacet
  facet normal -1.973035e-03 -9.986276e-01 5.233624e-02
    outer loop
      vertex   7.000000e-02 -4.995891e-02 3.328396e-02
      vertex   4.375000e-02 -4.988240e-02 3.375432e-02
      vertex   7.000000e-02 -5.000000e-02 3.250000e-02
    endloop
  endfacet
  facet normal -7.588790e-05 -9.876884e-01 1.564340e-01
    outer loop
      vertex   7.000000e-02 -4.983611e-02 3.405934e-02
      vertex   4.375000e-02 -4.988240e-02 3.375432e-02
      vertex   7.000000e-02 -4.995891e-02 3.328396e-02
    endloop
  endfacet
  facet normal -1.710626e-03 -9.563076e-01 2.923575e-01
    outer loop
      vertex   7.000000e-02 -4.949226e-02 3.518408e-02
      vertex   4.375000e-02 -4.988240e-02 3.375432e-02
      vertex   7.000000e-02 -4.983611e-02 3.405934e-02
    endloop
  endfacet
  facet normal -7.073702e-04 -9.613538e-01 2.753149e-01
    outer loop
      vertex   7.000000e-02 -4.949226e-02 3.518408e-02
      vertex   4.000000e-02 -4.941820e-02 3.536561e-02
      vertex   4.375000e-02 -4.988240e-02 3.375432e-02
    endloop
  endfacet
  facet normal 3.199632e-04 -9.063014e-01 4.226318e-01
    outer loop
      vertex   7.000000e-02 -4.899519e-02 3.625000e-02
      vertex   4.000000e-02 -4.941820e-02 3.536561e-02
      vertex   7.000000e-02 -4.949226e-02 3.518408e-02
    endloop
  endfacet
  facet normal -1.919032e-03 -8.752223e-01 4.837172e-01
    outer loop
      vertex   7.000000e-02 -4.899519e-02 3.625000e-02
      vertex   4.000000e-02 -4.860708e-02 3.683321e-02
      vertex   4.000000e-02 -4.941820e-02 3.536561e-02
    endloop
  endfacet
  facet normal -2.618163e-04 -8.386703e-01 5.446393e-01
    outer loop
      vertex   7.000000e-02 -4.856763e-02 3.690839e-02
      vertex   4.000000e-02 -4.860708e-02 3.683321e-02
      vertex   7.000000e-02 -4.899519e-02 3.625000e-02
    endloop
  endfacet
  facet normal -5.549408e-04 -7.771453e-01 6.293210e-01
    outer loop
      vertex   7.000000e-02 -4.807359e-02 3.751848e-02
      vertex   4.000000e-02 -4.860708e-02 3.683321e-02
      vertex   7.000000e-02 -4.856763e-02 3.690839e-02
    endloop
  endfacet
  facet normal -2.096306e-03 -7.425081e-01 6.698338e-01
    outer loop
      vertex   7.000000e-02 -4.807359e-02 3.751848e-02
      vertex   4.375000e-02 -4.748974e-02 3.808352e-02
      vertex   4.000000e-02 -4.860708e-02 3.683321e-02
    endloop
  endfacet
  facet normal 5.732800e-04 -6.820102e-01 7.313424e-01
    outer loop
      vertex   7.000000e-02 -4.721343e-02 3.832061e-02
      vertex   4.375000e-02 -4.748974e-02 3.808352e-02
      vertex   7.000000e-02 -4.807359e-02 3.751848e-02
    endloop
  endfacet
  facet normal -7.580561e-04 -6.087467e-01 7.933643e-01
    outer loop
      vertex   7.000000e-02 -4.721343e-02 3.832061e-02
      vertex   4.375000e-02 -4.649024e-02 3.885043e-02
      vertex   4.375000e-02 -4.748974e-02 3.808352e-02
    endloop
  endfacet
  facet normal 1.922548e-03 -5.446386e-01 8.386687e-01
    outer loop
      vertex   7.000000e-02 -4.590026e-02 3.917339e-02
      vertex   4.375000e-02 -4.649024e-02 3.885043e-02
      vertex   7.000000e-02 -4.721343e-02 3.832061e-02
    endloop
  endfacet
  facet normal -7.936317e-04 -4.527756e-01 8.916241e-01
    outer loop
      vertex   7.000000e-02 -4.590026e-02 3.917339e-02
      vertex   4.000000e-02 -4.536561e-02 3.941819e-02
      vertex   4.375000e-02 -4.649024e-02 3.885043e-02
    endloop
  endfacet
  facet normal 1.231259e-03 -3.583666e-01 9.335801e-01
    outer loop
      vertex   7.000000e-02 -4.443848e-02 3.973452e-02
      vertex   4.000000e-02 -4.536561e-02 3.941819e-02
      vertex   7.000000e-02 -4.590026e-02 3.917339e-02
    endloop
  endfacet
  facet normal -1.700567e-03 -2.731818e-01 9.619609e-01
    outer loop
      vertex   7.000000e-02 -4.443848e-02 3.973452e-02
      vertex   4.375000e-02 -4.375432e-02 3.988240e-02
      vertex   4.000000e-02 -4.536561e-02 3.941819e-02
    endloop
  endfacet
  facet normal 1.197757e-01 -9.905398e-01 6.696836e-02
    outer loop
      vertex   8.046455e-02 -5.000000e-02 2.683685e-02
      vertex   8.122025e-02 -5.000000e-02 2.548527e-02
      vertex   8.292519e-02 -4.976885e-02 2.585481e-02
    endloop
  endfacet
  facet normal 5.677071e-02 -9.965191e-01 6.104734e-02
    outer loop
      vertex   7.955910e-02 -4.988240e-02 2.988112e-02
      vertex   7.751366e-02 -5.000000e-02 2.986361e-02
      vertex   7.986427e-02 -5.000000e-02 2.767766e-02
    endloop
  endfacet
  facet normal 5.623540e-02 -9.932407e-01 1.015408e-01
    outer loop
      vertex   7.860947e-02 -4.982419e-02 3.097643e-02
      vertex   7.751366e-02 -5.000000e-02 2.986361e-02
      vertex   7.955910e-02 -4.988240e-02 2.988112e-02
    endloop
  endfacet
  facet normal 7.663946e-02 -9.937204e-01 8.152449e-02
    outer loop
      vertex   7.711777e-02 -4.986919e-02 3.183021e-02
      vertex   7.751366e-02 -5.000000e-02 2.986361e-02
      vertex   7.860947e-02 -4.982419e-02 3.097643e-02
    endloop
  endfacet
  facet normal 4.826037e-02 -9.959423e-01 7.595940e-02
    outer loop
      vertex   7.502121e-02 -5.000000e-02 3.144717e-02
      vertex   7.751366e-02 -5.000000e-02 2.986361e-02
      vertex   7.711777e-02 -4.986919e-02 3.183021e-02
    endloop
  endfacet
  facet normal 1.097307e-02 -9.985694e-01 5.233320e-02
    outer loop
      vertex   7.000000e-02 -4.995891e-02 3.328396e-02
      vertex   7.000000e-02 -5.000000e-02 3.250000e-02
      vertex   7.502121e-02 -5.000000e-02 3.144717e-02
    endloop
  endfacet
  facet normal -1.553986e-02 -9.949149e-01 9.951289e-02
    outer loop
      vertex   8.418671e-02 -4.965531e-02 2.370955e-02
      vertex   8.250000e-02 -5.000000e-02 2.000000e-02
      vertex   8.371597e-02 -4.986057e-02 2.158387e-02
    endloop
  endfacet
  facet normal 1.337771e-01 -9.905198e-01 3.121121e-02
    outer loop
      vertex   8.418671e-02 -4.965531e-02 2.370955e-02
      vertex   8.122025e-02 -5.000000e-02 2.548527e-02
      vertex   8.250000e-02 -5.000000e-02 2.000000e-02
    endloop
  endfacet
  facet normal 1.292911e-01 -9.913268e-01 2.356035e-02
    outer loop
      vertex   8.292519e-02 -4.976885e-02 2.585481e-02
      vertex   8.122025e-02 -5.000000e-02 2.548527e-02
      vertex   8.418671e-02 -4.965531e-02 2.370955e-02
    endloop
  endfacet
  facet normal 9.207069e-02 -9.935805e-01 6.573241e-02
    outer loop
      vertex   8.099098e-02 -4.981196e-02 2.894183e-02
      vertex   7.986427e-02 -5.000000e-02 2.767766e-02
      vertex   8.046455e-02 -5.000000e-02 2.683685e-02
    endloop
  endfacet
  facet normal 9.202511e-02 -9.935820e-01 6.577326e-02
    outer loop
      vertex   7.955910e-02 -4.988240e-02 2.988112e-02
      vertex   7.986427e-02 -5.000000e-02 2.767766e-02
      vertex   8.099098e-02 -4.981196e-02 2.894183e-02
    endloop
  endfacet
  facet normal 4.221710e-02 -9.932416e-01 1.081145e-01
    outer loop
      vertex   7.404877e-02 -4.981196e-02 3.355441e-02
      vertex   7.502121e-02 -5.000000e-02 3.144717e-02
      vertex   7.711777e-02 -4.986919e-02 3.183021e-02
    endloop
  endfacet
  facet normal 2.926144e-02 -9.943300e-01 1.022329e-01
    outer loop
      vertex   7.404877e-02 -4.981196e-02 3.355441e-02
      vertex   7.000000e-02 -4.995891e-02 3.328396e-02
      vertex   7.502121e-02 -5.000000e-02 3.144717e-02
    endloop
  endfacet
  facet normal 2.539169e-02 -9.873700e-01 1.563836e-01
    outer loop
      vertex   7.000000e-02 -4.983611e-02 3.405934e-02
      vertex   7.000000e-02 -4.995891e-02 3.328396e-02
      vertex   7.404877e-02 -4.981196e-02 3.355441e-02
    endloop
  endfacet
  facet normal 2.280558e-01 -9.053082e-01 3.583401e-01
    outer loop
      vertex   8.481735e-02 -4.883567e-02 2.700819e-02
      vertex   8.046455e-02 -5.000000e-02 2.683685e-02
      vertex   8.292519e-02 -4.976885e-02 2.585481e-02
    endloop
  endfacet
  facet normal 2.593767e-01 -9.653247e-01 -2.952946e-02
    outer loop
      vertex   8.223587e-02 -4.957913e-02 2.863699e-02
      vertex   8.046455e-02 -5.000000e-02 2.683685e-02
      vertex   8.481735e-02 -4.883567e-02 2.700819e-02
    endloop
  endfacet
  facet normal 1.929957e-01 -9.804116e-01 3.931589e-02
    outer loop
      vertex   8.223587e-02 -4.957913e-02 2.863699e-02
      vertex   8.099098e-02 -4.981196e-02 2.894183e-02
      vertex   8.046455e-02 -5.000000e-02 2.683685e-02
    endloop
  endfacet
  facet normal 2.406743e-01 -9.320056e-01 2.710009e-01
    outer loop
      vertex   8.183182e-02 -4.913631e-02 3.051873e-02
      vertex   8.099098e-02 -4.981196e-02 2.894183e-02
      vertex   8.223587e-02 -4.957913e-02 2.863699e-02
    endloop
  endfacet
  facet normal 2.282955e-01 -9.330441e-01 2.780465e-01
    outer loop
      vertex   8.183182e-02 -4.913631e-02 3.051873e-02
      vertex   7.955910e-02 -4.988240e-02 2.988112e-02
      vertex   8.099098e-02 -4.981196e-02 2.894183e-02
    endloop
  endfacet
  facet normal 2.363525e-01 -9.376780e-01 2.547499e-01
    outer loop
      vertex   8.183182e-02 -4.913631e-02 3.051873e-02
      vertex   7.860947e-02 -4.982419e-02 3.097643e-02
      vertex   7.955910e-02 -4.988240e-02 2.988112e-02
    endloop
  endfacet
  facet normal 1.407008e-01 -9.707265e-01 1.946624e-01
    outer loop
      vertex   7.778183e-02 -4.957913e-02 3.279672e-02
      vertex   7.711777e-02 -4.986919e-02 3.183021e-02
      vertex   7.860947e-02 -4.982419e-02 3.097643e-02
    endloop
  endfacet
  facet normal 2.076530e-02 -9.614268e-01 2.742761e-01
    outer loop
      vertex   7.753799e-02 -4.941820e-02 3.337929e-02
      vertex   7.711777e-02 -4.986919e-02 3.183021e-02
      vertex   7.778183e-02 -4.957913e-02 3.279672e-02
    endloop
  endfacet
  facet normal 1.238046e-01 -9.612600e-01 2.462755e-01
    outer loop
      vertex   7.530624e-02 -4.949866e-02 3.418714e-02
      vertex   7.711777e-02 -4.986919e-02 3.183021e-02
      vertex   7.753799e-02 -4.941820e-02 3.337929e-02
    endloop
  endfacet
  facet normal 1.180886e-01 -9.630233e-01 2.421594e-01
    outer loop
      vertex   7.530624e-02 -4.949866e-02 3.418714e-02
      vertex   7.404877e-02 -4.981196e-02 3.355441e-02
      vertex   7.711777e-02 -4.986919e-02 3.183021e-02
    endloop
  endfacet
  facet normal 8.032526e-02 -9.474939e-01 3.095208e-01
    outer loop
      vertex   7.260925e-02 -4.941820e-02 3.513336e-02
      vertex   7.404877e-02 -4.981196e-02 3.355441e-02
      vertex   7.530624e-02 -4.949866e-02 3.418714e-02
    endloop
  endfacet
  facet normal 4.015938e-02 -9.602914e-01 2.760934e-01
    outer loop
      vertex   7.260925e-02 -4.941820e-02 3.513336e-02
      vertex   7.000000e-02 -4.983611e-02 3.405934e-02
      vertex   7.404877e-02 -4.981196e-02 3.355441e-02
    endloop
  endfacet
  facet normal 3.280906e-02 -9.557941e-01 2.922005e-01
    outer loop
      vertex   7.000000e-02 -4.949226e-02 3.518408e-02
      vertex   7.000000e-02 -4.983611e-02 3.405934e-02
      vertex   7.260925e-02 -4.941820e-02 3.513336e-02
    endloop
  endfacet
  facet normal 5.057919e-01 -8.621762e-01 -2.875378e-02
    outer loop
      vertex   8.681015e-02 -4.812198e-02 2.388062e-02
      vertex   8.418671e-02 -4.965531e-02 2.370955e-02
      vertex   8.371597e-02 -4.986057e-02 2.158387e-02
    endloop
  endfacet
  facet normal 4.787044e-01 -8.454523e-01 2.367539e-01
    outer loop
      vertex   8.681015e-02 -4.812198e-02 2.388062e-02
      vertex   8.292519e-02 -4.976885e-02 2.585481e-02
      vertex   8.418671e-02 -4.965531e-02 2.370955e-02
    endloop
  endfacet
  facet normal 4.268811e-01 -8.582893e-01 2.848018e-01
    outer loop
      vertex   8.478897e-02 -4.819559e-02 2.897969e-02
      vertex   8.223587e-02 -4.957913e-02 2.863699e-02
      vertex   8.481735e-02 -4.883567e-02 2.700819e-02
    endloop
  endfacet
  facet normal 4.248833e-01 -8.565853e-01 2.928067e-01
    outer loop
      vertex   8.478897e-02 -4.819559e-02 2.897969e-02
      vertex   8.183182e-02 -4.913631e-02 3.051873e-02
      vertex   8.223587e-02 -4.957913e-02 2.863699e-02
    endloop
  endfacet
  facet normal 2.305208e-01 -9.547169e-01 1.880844e-01
    outer loop
      vertex   7.994225e-02 -4.925727e-02 3.222065e-02
      vertex   7.860947e-02 -4.982419e-02 3.097643e-02
      vertex   8.183182e-02 -4.913631e-02 3.051873e-02
    endloop
  endfacet
  facet normal -2.460947e-01 -7.551011e-01 6.076675e-01
    outer loop
      vertex   8.029617e-02 -4.866916e-02 3.309479e-02
      vertex   7.860947e-02 -4.982419e-02 3.097643e-02
      vertex   7.994225e-02 -4.925727e-02 3.222065e-02
    endloop
  endfacet
  facet normal 3.011231e-01 -9.173381e-01 2.604144e-01
    outer loop
      vertex   8.029617e-02 -4.866916e-02 3.309479e-02
      vertex   7.778183e-02 -4.957913e-02 3.279672e-02
      vertex   7.860947e-02 -4.982419e-02 3.097643e-02
    endloop
  endfacet
  facet normal 2.788928e-01 -8.893187e-01 3.623964e-01
    outer loop
      vertex   7.753799e-02 -4.941820e-02 3.337929e-02
      vertex   7.778183e-02 -4.957913e-02 3.279672e-02
      vertex   8.029617e-02 -4.866916e-02 3.309479e-02
    endloop
  endfacet
  facet normal 1.625805e-01 -9.196360e-01 3.575432e-01
    outer loop
      vertex   7.696960e-02 -4.915556e-02 3.431327e-02
      vertex   7.530624e-02 -4.949866e-02 3.418714e-02
      vertex   7.753799e-02 -4.941820e-02 3.337929e-02
    endloop
  endfacet
  facet normal 3.391993e-02 -9.057799e-01 4.223887e-01
    outer loop
      vertex   7.000000e-02 -4.899519e-02 3.625000e-02
      vertex   7.000000e-02 -4.949226e-02 3.518408e-02
      vertex   7.260925e-02 -4.941820e-02 3.513336e-02
    endloop
  endfacet
  facet normal 4.137926e-01 -9.086277e-01 5.631482e-02
    outer loop
      vertex   8.481735e-02 -4.883567e-02 2.700819e-02
      vertex   8.292519e-02 -4.976885e-02 2.585481e-02
      vertex   8.681015e-02 -4.812198e-02 2.388062e-02
    endloop
  endfacet
  facet normal 4.055207e-01 -8.259895e-01 3.915282e-01
    outer loop
      vertex   8.029617e-02 -4.866916e-02 3.309479e-02
      vertex   7.994225e-02 -4.925727e-02 3.222065e-02
      vertex   8.183182e-02 -4.913631e-02 3.051873e-02
    endloop
  endfacet
  facet normal 2.781108e-01 -8.671808e-01 4.131003e-01
    outer loop
      vertex   7.696960e-02 -4.915556e-02 3.431327e-02
      vertex   7.753799e-02 -4.941820e-02 3.337929e-02
      vertex   8.029617e-02 -4.866916e-02 3.309479e-02
    endloop
  endfacet
  facet normal 1.286339e-01 -8.255975e-01 5.494016e-01
    outer loop
      vertex   7.753220e-02 -4.853703e-02 3.511103e-02
      vertex   7.530624e-02 -4.949866e-02 3.418714e-02
      vertex   7.696960e-02 -4.915556e-02 3.431327e-02
    endloop
  endfacet
  facet normal 1.813810e-01 -8.665577e-01 4.649501e-01
    outer loop
      vertex   7.425705e-02 -4.860708e-02 3.625813e-02
      vertex   7.530624e-02 -4.949866e-02 3.418714e-02
      vertex   7.753220e-02 -4.853703e-02 3.511103e-02
    endloop
  endfacet
  facet normal 1.304465e-01 -8.849412e-01 4.470602e-01
    outer loop
      vertex   7.425705e-02 -4.860708e-02 3.625813e-02
      vertex   7.260925e-02 -4.941820e-02 3.513336e-02
      vertex   7.530624e-02 -4.949866e-02 3.418714e-02
    endloop
  endfacet
  facet normal 7.050230e-02 -8.552204e-01 5.134466e-01
    outer loop
      vertex   7.000000e-02 -4.856763e-02 3.690839e-02
      vertex   7.260925e-02 -4.941820e-02 3.513336e-02
      vertex   7.425705e-02 -4.860708e-02 3.625813e-02
    endloop
  endfacet
  facet normal 9.666234e-02 -8.347431e-01 5.420889e-01
    outer loop
      vertex   7.000000e-02 -4.856763e-02 3.690839e-02
      vertex   7.000000e-02 -4.899519e-02 3.625000e-02
      vertex   7.260925e-02 -4.941820e-02 3.513336e-02
    endloop
  endfacet
  facet normal 2.887203e-01 -8.444639e-01 4.511333e-01
    outer loop
      vertex   7.753220e-02 -4.853703e-02 3.511103e-02
      vertex   7.696960e-02 -4.915556e-02 3.431327e-02
      vertex   8.029617e-02 -4.866916e-02 3.309479e-02
    endloop
  endfacet
  facet normal 2.168925e-01 -7.918504e-01 5.709033e-01
    outer loop
      vertex   7.733704e-02 -4.786502e-02 3.611726e-02
      vertex   7.425705e-02 -4.860708e-02 3.625813e-02
      vertex   7.753220e-02 -4.853703e-02 3.511103e-02
    endloop
  endfacet
  facet normal 7.580385e-02 -8.337894e-01 5.468537e-01
    outer loop
      vertex   7.208984e-02 -4.808352e-02 3.735682e-02
      vertex   7.000000e-02 -4.856763e-02 3.690839e-02
      vertex   7.425705e-02 -4.860708e-02 3.625813e-02
    endloop
  endfacet
  facet normal 4.494133e-02 -7.763602e-01 6.286852e-01
    outer loop
      vertex   7.000000e-02 -4.807359e-02 3.751848e-02
      vertex   7.000000e-02 -4.856763e-02 3.690839e-02
      vertex   7.208984e-02 -4.808352e-02 3.735682e-02
    endloop
  endfacet
  facet normal 6.674995e-01 -7.053438e-01 2.386096e-01
    outer loop
      vertex   8.585297e-02 -4.714568e-02 2.910680e-02
      vertex   8.478897e-02 -4.819559e-02 2.897969e-02
      vertex   8.481735e-02 -4.883567e-02 2.700819e-02
    endloop
  endfacet
  facet normal 5.177830e-01 -7.327617e-01 4.415439e-01
    outer loop
      vertex   8.585297e-02 -4.714568e-02 2.910680e-02
      vertex   8.029617e-02 -4.866916e-02 3.309479e-02
      vertex   8.183182e-02 -4.913631e-02 3.051873e-02
    endloop
  endfacet
  facet normal 5.153852e-01 -7.375290e-01 4.363817e-01
    outer loop
      vertex   8.143295e-02 -4.716201e-02 3.429943e-02
      vertex   8.029617e-02 -4.866916e-02 3.309479e-02
      vertex   8.585297e-02 -4.714568e-02 2.910680e-02
    endloop
  endfacet
  facet normal 2.206797e-01 -8.139248e-01 5.374262e-01
    outer loop
      vertex   7.596199e-02 -4.780330e-02 3.677536e-02
      vertex   7.425705e-02 -4.860708e-02 3.625813e-02
      vertex   7.733704e-02 -4.786502e-02 3.611726e-02
    endloop
  endfacet
  facet normal 1.095538e-01 -6.917144e-01 7.138131e-01
    outer loop
      vertex   7.565475e-02 -4.736112e-02 3.725100e-02
      vertex   7.425705e-02 -4.860708e-02 3.625813e-02
      vertex   7.596199e-02 -4.780330e-02 3.677536e-02
    endloop
  endfacet
  facet normal 1.505422e-01 -7.138658e-01 6.839098e-01
    outer loop
      vertex   7.438866e-02 -4.691160e-02 3.799891e-02
      vertex   7.425705e-02 -4.860708e-02 3.625813e-02
      vertex   7.565475e-02 -4.736112e-02 3.725100e-02
    endloop
  endfacet
  facet normal 1.729474e-01 -7.120738e-01 6.804705e-01
    outer loop
      vertex   7.438866e-02 -4.691160e-02 3.799891e-02
      vertex   7.208984e-02 -4.808352e-02 3.735682e-02
      vertex   7.425705e-02 -4.860708e-02 3.625813e-02
    endloop
  endfacet
  facet normal 6.527372e-01 -7.141075e-01 2.529518e-01
    outer loop
      vertex   8.681015e-02 -4.812198e-02 2.388062e-02
      vertex   8.585297e-02 -4.714568e-02 2.910680e-02
      vertex   8.481735e-02 -4.883567e-02 2.700819e-02
    endloop
  endfacet
  facet normal 5.119358e-01 -5.939400e-01 6.206102e-01
    outer loop
      vertex   8.585297e-02 -4.714568e-02 2.910680e-02
      vertex   8.183182e-02 -4.913631e-02 3.051873e-02
      vertex   8.478897e-02 -4.819559e-02 2.897969e-02
    endloop
  endfacet
  facet normal 3.764203e-01 -7.348568e-01 5.641748e-01
    outer loop
      vertex   8.143295e-02 -4.716201e-02 3.429943e-02
      vertex   7.753220e-02 -4.853703e-02 3.511103e-02
      vertex   8.029617e-02 -4.866916e-02 3.309479e-02
    endloop
  endfacet
  facet normal 3.740066e-01 -7.061207e-01 6.012592e-01
    outer loop
      vertex   8.026474e-02 -4.664918e-02 3.562838e-02
      vertex   7.753220e-02 -4.853703e-02 3.511103e-02
      vertex   8.143295e-02 -4.716201e-02 3.429943e-02
    endloop
  endfacet
  facet normal 3.955384e-01 -7.265032e-01 5.619098e-01
    outer loop
      vertex   8.026474e-02 -4.664918e-02 3.562838e-02
      vertex   7.733704e-02 -4.786502e-02 3.611726e-02
      vertex   7.753220e-02 -4.853703e-02 3.511103e-02
    endloop
  endfacet
  facet normal 3.323916e-01 -5.740220e-01 7.483412e-01
    outer loop
      vertex   7.565475e-02 -4.736112e-02 3.725100e-02
      vertex   7.596199e-02 -4.780330e-02 3.677536e-02
      vertex   7.733704e-02 -4.786502e-02 3.611726e-02
    endloop
  endfacet
  facet normal 1.695774e-01 -7.081574e-01 6.853879e-01
    outer loop
      vertex   7.250053e-02 -4.717617e-02 3.819270e-02
      vertex   7.208984e-02 -4.808352e-02 3.735682e-02
      vertex   7.438866e-02 -4.691160e-02 3.799891e-02
    endloop
  endfacet
  facet normal 5.261016e-02 -6.893862e-01 7.224810e-01
    outer loop
      vertex   7.250053e-02 -4.717617e-02 3.819270e-02
      vertex   7.000000e-02 -4.807359e-02 3.751848e-02
      vertex   7.208984e-02 -4.808352e-02 3.735682e-02
    endloop
  endfacet
  facet normal 4.751998e-02 -6.812398e-01 7.305163e-01
    outer loop
      vertex   7.000000e-02 -4.721343e-02 3.832061e-02
      vertex   7.000000e-02 -4.807359e-02 3.751848e-02
      vertex   7.250053e-02 -4.717617e-02 3.819270e-02
    endloop
  endfacet
  facet normal 8.862331e-01 -4.590948e-01 -6.182855e-02
    outer loop
      vertex   8.820328e-02 -4.573489e-02 2.612445e-02
      vertex   8.681015e-02 -4.812198e-02 2.388062e-02
      vertex   8.966408e-02 -4.250000e-02 2.304317e-02
    endloop
  endfacet
  facet normal 7.131899e-01 -6.538137e-01 2.527603e-01
    outer loop
      vertex   8.820328e-02 -4.573489e-02 2.612445e-02
      vertex   8.585297e-02 -4.714568e-02 2.910680e-02
      vertex   8.681015e-02 -4.812198e-02 2.388062e-02
    endloop
  endfacet
  facet normal 8.129899e-01 -3.020289e-01 4.978212e-01
    outer loop
      vertex   8.536537e-02 -4.250000e-02 3.272163e-02
      vertex   8.585297e-02 -4.714568e-02 2.910680e-02
      vertex   8.820328e-02 -4.573489e-02 2.612445e-02
    endloop
  endfacet
  facet normal 5.252593e-01 -5.295600e-01 6.660847e-01
    outer loop
      vertex   8.026474e-02 -4.664918e-02 3.562838e-02
      vertex   8.143295e-02 -4.716201e-02 3.429943e-02
      vertex   8.219040e-02 -4.554964e-02 3.498402e-02
    endloop
  endfacet
  facet normal 3.844623e-01 -6.707354e-01 6.342734e-01
    outer loop
      vertex   7.923340e-02 -4.649024e-02 3.642159e-02
      vertex   7.733704e-02 -4.786502e-02 3.611726e-02
      vertex   8.026474e-02 -4.664918e-02 3.562838e-02
    endloop
  endfacet
  facet normal 3.162712e-01 -5.990961e-01 7.355654e-01
    outer loop
      vertex   7.923340e-02 -4.649024e-02 3.642159e-02
      vertex   7.565475e-02 -4.736112e-02 3.725100e-02
      vertex   7.733704e-02 -4.786502e-02 3.611726e-02
    endloop
  endfacet
  facet normal 1.591725e-01 -5.222738e-01 8.377912e-01
    outer loop
      vertex   7.194046e-02 -4.630621e-02 3.884143e-02
      vertex   7.250053e-02 -4.717617e-02 3.819270e-02
      vertex   7.438866e-02 -4.691160e-02 3.799891e-02
    endloop
  endfacet
  facet normal 5.031905e-02 -5.760183e-01 8.158865e-01
    outer loop
      vertex   7.194046e-02 -4.630621e-02 3.884143e-02
      vertex   7.000000e-02 -4.721343e-02 3.832061e-02
      vertex   7.250053e-02 -4.717617e-02 3.819270e-02
    endloop
  endfacet
  facet normal 2.952049e-02 -5.444022e-01 8.383047e-01
    outer loop
      vertex   7.000000e-02 -4.590026e-02 3.917339e-02
      vertex   7.000000e-02 -4.721343e-02 3.832061e-02
      vertex   7.194046e-02 -4.630621e-02 3.884143e-02
    endloop
  endfacet
  facet normal 6.582967e-01 -4.180197e-01 6.260232e-01
    outer loop
      vertex   8.313644e-02 -4.250000e-02 3.506547e-02
      vertex   8.585297e-02 -4.714568e-02 2.910680e-02
      vertex   8.536537e-02 -4.250000e-02 3.272163e-02
    endloop
  endfacet
  facet normal 7.112287e-01 -3.591733e-01 6.042750e-01
    outer loop
      vertex   8.313644e-02 -4.250000e-02 3.506547e-02
      vertex   8.143295e-02 -4.716201e-02 3.429943e-02
      vertex   8.585297e-02 -4.714568e-02 2.910680e-02
    endloop
  endfacet
  facet normal 5.254803e-01 -3.826504e-01 7.599007e-01
    outer loop
      vertex   7.909958e-02 -4.514123e-02 3.719343e-02
      vertex   7.923340e-02 -4.649024e-02 3.642159e-02
      vertex   8.026474e-02 -4.664918e-02 3.562838e-02
    endloop
  endfacet
  facet normal 3.041311e-01 -4.501789e-01 8.395494e-01
    outer loop
      vertex   7.909958e-02 -4.514123e-02 3.719343e-02
      vertex   7.565475e-02 -4.736112e-02 3.725100e-02
      vertex   7.923340e-02 -4.649024e-02 3.642159e-02
    endloop
  endfacet
  facet normal 3.166101e-01 -4.699481e-01 8.239580e-01
    outer loop
      vertex   7.493568e-02 -4.501592e-02 3.886490e-02
      vertex   7.565475e-02 -4.736112e-02 3.725100e-02
      vertex   7.909958e-02 -4.514123e-02 3.719343e-02
    endloop
  endfacet
  facet normal 3.200683e-01 -4.685257e-01 8.234318e-01
    outer loop
      vertex   7.493568e-02 -4.501592e-02 3.886490e-02
      vertex   7.438866e-02 -4.691160e-02 3.799891e-02
      vertex   7.565475e-02 -4.736112e-02 3.725100e-02
    endloop
  endfacet
  facet normal 1.880979e-01 -4.524953e-01 8.717036e-01
    outer loop
      vertex   7.493568e-02 -4.501592e-02 3.886490e-02
      vertex   7.194046e-02 -4.630621e-02 3.884143e-02
      vertex   7.438866e-02 -4.691160e-02 3.799891e-02
    endloop
  endfacet
  facet normal 8.942407e-01 -2.678291e-01 -3.586101e-01
    outer loop
      vertex   8.313644e-02 -4.250000e-02 3.506547e-02
      vertex   8.219040e-02 -4.554964e-02 3.498402e-02
      vertex   8.143295e-02 -4.716201e-02 3.429943e-02
    endloop
  endfacet
  facet normal 4.925317e-01 -4.139604e-01 7.655386e-01
    outer loop
      vertex   7.909958e-02 -4.514123e-02 3.719343e-02
      vertex   8.026474e-02 -4.664918e-02 3.562838e-02
      vertex   8.219040e-02 -4.554964e-02 3.498402e-02
    endloop
  endfacet
  facet normal 1.572981e-01 -3.817088e-01 9.107995e-01
    outer loop
      vertex   7.201538e-02 -4.446935e-02 3.959831e-02
      vertex   7.194046e-02 -4.630621e-02 3.884143e-02
      vertex   7.493568e-02 -4.501592e-02 3.886490e-02
    endloop
  endfacet
  facet normal 7.747876e-02 -3.825284e-01 9.206895e-01
    outer loop
      vertex   7.201538e-02 -4.446935e-02 3.959831e-02
      vertex   7.000000e-02 -4.590026e-02 3.917339e-02
      vertex   7.194046e-02 -4.630621e-02 3.884143e-02
    endloop
  endfacet
  facet normal 5.751095e-02 -3.577737e-01 9.320356e-01
    outer loop
      vertex   7.000000e-02 -4.443848e-02 3.973452e-02
      vertex   7.000000e-02 -4.590026e-02 3.917339e-02
      vertex   7.201538e-02 -4.446935e-02 3.959831e-02
    endloop
  endfacet
  facet normal 5.535223e-01 -1.933477e-01 8.100800e-01
    outer loop
      vertex   8.313644e-02 -4.250000e-02 3.506547e-02
      vertex   7.909958e-02 -4.514123e-02 3.719343e-02
      vertex   8.219040e-02 -4.554964e-02 3.498402e-02
    endloop
  endfacet
  facet normal 3.552340e-01 -2.414789e-01 9.030486e-01
    outer loop
      vertex   7.733276e-02 -4.250000e-02 3.859472e-02
      vertex   7.493568e-02 -4.501592e-02 3.886490e-02
      vertex   7.909958e-02 -4.514123e-02 3.719343e-02
    endloop
  endfacet
  facet normal 9.136006e-01 -2.605193e-02 4.057773e-01
    outer loop
      vertex   8.966408e-02 -4.250000e-02 2.304317e-02
      vertex   8.536537e-02 -4.250000e-02 3.272163e-02
      vertex   8.820328e-02 -4.573489e-02 2.612445e-02
    endloop
  endfacet
  facet normal 5.646579e-01 -2.227639e-01 7.946934e-01
    outer loop
      vertex   8.008194e-02 -4.250000e-02 3.723580e-02
      vertex   7.909958e-02 -4.514123e-02 3.719343e-02
      vertex   8.313644e-02 -4.250000e-02 3.506547e-02
    endloop
  endfacet
  facet normal 4.361740e-01 -1.763836e-01 8.824064e-01
    outer loop
      vertex   8.008194e-02 -4.250000e-02 3.723580e-02
      vertex   7.733276e-02 -4.250000e-02 3.859472e-02
      vertex   7.909958e-02 -4.514123e-02 3.719343e-02
    endloop
  endfacet
  facet normal 2.695057e-01 -1.547054e-01 9.504909e-01
    outer loop
      vertex   7.733276e-02 -4.250000e-02 3.859472e-02
      vertex   7.372787e-02 -4.250000e-02 3.961687e-02
      vertex   7.493568e-02 -4.501592e-02 3.886490e-02
    endloop
  endfacet
  facet normal 2.059583e-01 -1.881451e-01 9.603034e-01
    outer loop
      vertex   7.372787e-02 -4.250000e-02 3.961687e-02
      vertex   7.201538e-02 -4.446935e-02 3.959831e-02
      vertex   7.493568e-02 -4.501592e-02 3.886490e-02
    endloop
  endfacet
  facet normal 6.421367e-02 -1.564860e-01 9.855906e-01
    outer loop
      vertex   7.136482e-02 -4.250000e-02 3.995337e-02
      vertex   7.000000e-02 -4.443848e-02 3.973452e-02
      vertex   7.201538e-02 -4.446935e-02 3.959831e-02
    endloop
  endfacet
  facet normal 3.382674e-02 -1.356102e-01 9.901846e-01
    outer loop
      vertex   7.000000e-02 -4.250000e-02 4.000000e-02
      vertex   7.000000e-02 -4.443848e-02 3.973452e-02
      vertex   7.136482e-02 -4.250000e-02 3.995337e-02
    endloop
  endfacet
  facet normal 1.397709e-01 -1.307902e-01 9.815080e-01
    outer loop
      vertex   7.201538e-02 -4.446935e-02 3.959831e-02
      vertex   7.372787e-02 -4.250000e-02 3.961687e-02
      vertex   7.136482e-02 -4.250000e-02 3.995337e-02
    endloop
  endfacet
  facet normal 0.000000e+00 -1.000000e+00 0.000000e+00
    outer loop
      vertex   8.536537e-02 -4.250000e-02 3.272163e-02
      vertex   8.966408e-02 -4.250000e-02 2.304317e-02
      vertex   8.805099e-02 -4.250000e-02 2.858466e-02
    endloop
  endfacet
  facet normal 9.665050e-01 -2.334218e-01 1.066883e-01
    outer loop
      vertex   8.931786e-02 -4.532448e-02 2.000000e-02
      vertex   9.000000e-02 -4.250000e-02 2.000000e-02
      vertex   8.966408e-02 -4.250000e-02 2.304317e-02
    endloop
  endfacet
  facet normal 8.307174e-01 -5.359832e-01 1.504350e-01
    outer loop
      vertex   8.764351e-02 -4.791954e-02 2.000000e-02
      vertex   8.931786e-02 -4.532448e-02 2.000000e-02
      vertex   8.681015e-02 -4.812198e-02 2.388062e-02
    endloop
  endfacet
  facet normal 1.888482e-01 -9.802508e-01 -5.869139e-02
    outer loop
      vertex   8.250000e-02 -5.000000e-02 2.000000e-02
      vertex   8.488815e-02 -4.953992e-02 2.000000e-02
      vertex   8.371597e-02 -4.986057e-02 2.158387e-02
    endloop
  endfacet
  facet normal 8.733772e-01 -4.025107e-01 2.742213e-01
    outer loop
      vertex   8.681015e-02 -4.812198e-02 2.388062e-02
      vertex   8.931786e-02 -4.532448e-02 2.000000e-02
      vertex   8.966408e-02 -4.250000e-02 2.304317e-02
    endloop
  endfacet
  facet normal 5.058896e-01 -8.602383e-01 6.376324e-02
    outer loop
      vertex   8.681015e-02 -4.812198e-02 2.388062e-02
      vertex   8.488815e-02 -4.953992e-02 2.000000e-02
      vertex   8.764351e-02 -4.791954e-02 2.000000e-02
    endloop
  endfacet
  facet normal 4.144159e-01 -9.015767e-01 1.241730e-01
    outer loop
      vertex   8.371597e-02 -4.986057e-02 2.158387e-02
      vertex   8.488815e-02 -4.953992e-02 2.000000e-02
      vertex   8.681015e-02 -4.812198e-02 2.388062e-02
    endloop
  endfacet
  facet normal 8.529037e-03 -5.179929e-01 -8.553424e-01
    outer loop
      vertex   1.496941e-02 -2.084730e-02 -2.226918e-02
      vertex   2.352455e-02 -2.213061e-02 -2.140670e-02
      vertex   6.205536e-02 -3.298114e-02 -1.445145e-02
    endloop
  endfacet
  facet normal -2.915794e-01 -7.222791e-01 -6.271318e-01
    outer loop
      vertex   3.583145e-03 -2.885969e-02 -1.362158e-02
      vertex   1.032410e-03 -2.588736e-02 -1.585893e-02
      vertex   2.720795e-03 -2.487775e-02 -1.780672e-02
    endloop
  endfacet
  facet normal 9.727343e-02 -2.822648e-01 -9.543922e-01
    outer loop
      vertex   2.605881e-02 -1.915394e-02 -2.286697e-02
      vertex   3.435593e-03 -1.166808e-02 -2.738674e-02
      vertex   1.391815e-02 -1.325005e-02 -2.585047e-02
    endloop
  endfacet
  facet normal 5.807254e-02 -3.894237e-01 -9.192262e-01
    outer loop
      vertex   -1.332268e-15 -1.171781e-02 -2.758272e-02
      vertex   3.435593e-03 -1.166808e-02 -2.738674e-02
      vertex   6.273193e-03 -1.476470e-02 -2.589561e-02
    endloop
  endfacet
  facet normal 1.930968e-01 7.220283e-02 -9.785195e-01
    outer loop
      vertex   1.266953e-02 8.413601e-03 -2.686911e-02
      vertex   6.847839e-03 7.934570e-04 -2.858021e-02
      vertex   4.282684e-03 5.528374e-03 -2.873702e-02
    endloop
  endfacet
  facet normal 1.748573e-01 8.664388e-02 -9.807741e-01
    outer loop
      vertex   1.266953e-02 8.413601e-03 -2.686911e-02
      vertex   2.997543e-02 1.119217e-02 -2.353826e-02
      vertex   6.847839e-03 7.934570e-04 -2.858021e-02
    endloop
  endfacet
  facet normal 9.223624e-03 -5.146944e-01 -8.573241e-01
    outer loop
      vertex   2.352455e-02 -2.213061e-02 -2.140670e-02
      vertex   1.496941e-02 -2.084730e-02 -2.226918e-02
      vertex   6.119919e-03 -1.617238e-02 -2.517098e-02
    endloop
  endfacet
  facet normal 5.328509e-02 -3.931799e-01 -9.179163e-01
    outer loop
      vertex   2.605881e-02 -1.915394e-02 -2.286697e-02
      vertex   6.273193e-03 -1.476470e-02 -2.589561e-02
      vertex   3.435593e-03 -1.166808e-02 -2.738674e-02
    endloop
  endfacet
  facet normal 3.367340e-02 -4.603279e-01 -8.871101e-01
    outer loop
      vertex   6.119919e-03 -1.617238e-02 -2.517098e-02
      vertex   6.273193e-03 -1.476470e-02 -2.589561e-02
      vertex   2.605881e-02 -1.915394e-02 -2.286697e-02
    endloop
  endfacet
  facet normal 9.836890e-02 -2.765269e-01 -9.559584e-01
    outer loop
      vertex   1.391815e-02 -1.325005e-02 -2.585047e-02
      vertex   3.435593e-03 -1.166808e-02 -2.738674e-02
      vertex   -1.332268e-15 -6.598752e-03 -2.920666e-02
    endloop
  endfacet
  facet normal 3.949897e-02 -4.320801e-01 -9.009698e-01
    outer loop
      vertex   2.960052e-02 -2.204373e-02 -2.132584e-02
      vertex   6.119919e-03 -1.617238e-02 -2.517098e-02
      vertex   2.605881e-02 -1.915394e-02 -2.286697e-02
    endloop
  endfacet
  facet normal 1.863647e-02 -4.945448e-01 -8.689523e-01
    outer loop
      vertex   2.352455e-02 -2.213061e-02 -2.140670e-02
      vertex   6.119919e-03 -1.617238e-02 -2.517098e-02
      vertex   2.960052e-02 -2.204373e-02 -2.132584e-02
    endloop
  endfacet
  facet normal -3.788020e-01 -6.531595e-01 -6.556613e-01
    outer loop
      vertex   3.583145e-03 -2.885969e-02 -1.362158e-02
      vertex   1.875763e-03 -2.972190e-02 -1.177624e-02
      vertex   -1.332268e-15 -2.660171e-02 -1.380082e-02
    endloop
  endfacet
  facet normal 1.825683e-01 6.947513e-02 -9.807354e-01
    outer loop
      vertex   5.032150e-02 1.096674e-02 -1.976671e-02
      vertex   6.847839e-03 7.934570e-04 -2.858021e-02
      vertex   2.997543e-02 1.119217e-02 -2.353826e-02
    endloop
  endfacet
  facet normal -9.763568e-03 -5.630372e-01 -8.263738e-01
    outer loop
      vertex   1.496941e-02 -2.084730e-02 -2.226918e-02
      vertex   1.522583e-02 -2.333910e-02 -2.057446e-02
      vertex   -1.332268e-15 -1.647224e-02 -2.507320e-02
    endloop
  endfacet
  facet normal -9.389937e-03 -5.572483e-01 -8.302928e-01
    outer loop
      vertex   3.732529e-02 -3.142212e-02 -1.542475e-02
      vertex   1.496941e-02 -2.084730e-02 -2.226918e-02
      vertex   6.203476e-02 -3.828165e-02 -1.110045e-02
    endloop
  endfacet
  facet normal -1.350690e-02 -5.632760e-01 -8.261584e-01
    outer loop
      vertex   1.522583e-02 -2.333910e-02 -2.057446e-02
      vertex   1.496941e-02 -2.084730e-02 -2.226918e-02
      vertex   3.732529e-02 -3.142212e-02 -1.542475e-02
    endloop
  endfacet
  facet normal -1.847145e-01 -7.221141e-01 -6.666572e-01
    outer loop
      vertex   1.123177e-02 -2.921962e-02 -1.535096e-02
      vertex   3.583145e-03 -2.885969e-02 -1.362158e-02
      vertex   5.772858e-03 -2.581316e-02 -1.752826e-02
    endloop
  endfacet
  facet normal -5.175366e-01 -4.845491e-01 -7.052432e-01
    outer loop
      vertex   3.583145e-03 -2.885969e-02 -1.362158e-02
      vertex   4.622650e-03 -3.378191e-02 -1.100252e-02
      vertex   1.875763e-03 -2.972190e-02 -1.177624e-02
    endloop
  endfacet
  facet normal -5.905943e-01 -6.580877e-01 -4.670321e-01
    outer loop
      vertex   -1.332268e-15 -2.660171e-02 -1.380082e-02
      vertex   1.875763e-03 -2.972190e-02 -1.177624e-02
      vertex   -1.332268e-15 -2.926549e-02 -1.004733e-02
    endloop
  endfacet
  facet normal -6.873230e-01 -2.691022e-01 -6.746637e-01
    outer loop
      vertex   1.875763e-03 -2.972190e-02 -1.177624e-02
      vertex   2.173996e-03 -3.398692e-02 -1.037888e-02
      vertex   -1.332268e-15 -2.926549e-02 -1.004733e-02
    endloop
  endfacet
  facet normal -2.089637e-01 -3.176381e-01 -9.249001e-01
    outer loop
      vertex   1.875763e-03 -2.972190e-02 -1.177624e-02
      vertex   4.622650e-03 -3.378191e-02 -1.100252e-02
      vertex   2.173996e-03 -3.398692e-02 -1.037888e-02
    endloop
  endfacet
  facet normal -2.815947e-01 -6.242188e-02 -9.575009e-01
    outer loop
      vertex   2.173996e-03 -3.398692e-02 -1.037888e-02
      vertex   -1.332268e-15 -3.330154e-02 -9.784208e-03
      vertex   -1.332268e-15 -2.926549e-02 -1.004733e-02
    endloop
  endfacet
  facet normal -6.639244e-01 4.902714e-01 -5.646578e-01
    outer loop
      vertex   3.247070e-03 3.307563e-02 -1.088692e-02
      vertex   2.620392e-03 3.206850e-02 -1.102453e-02
      vertex   -1.332268e-15 3.000000e-02 -9.739474e-03
    endloop
  endfacet
  facet normal -4.315139e-01 1.221097e-01 -8.938037e-01
    outer loop
      vertex   2.744141e-03 3.446993e-02 -1.045363e-02
      vertex   3.247070e-03 3.307563e-02 -1.088692e-02
      vertex   -1.332268e-15 3.000000e-02 -9.739474e-03
    endloop
  endfacet
  facet normal -6.732777e-01 5.374592e-01 -5.077744e-01
    outer loop
      vertex   -1.332268e-15 3.000000e-02 -9.739474e-03
      vertex   2.620392e-03 3.206850e-02 -1.102453e-02
      vertex   -1.332268e-15 2.699230e-02 -1.292300e-02
    endloop
  endfacet
  facet normal -1.872946e-01 2.292720e-01 -9.551728e-01
    outer loop
      vertex   4.926682e-03 3.599216e-02 -1.051621e-02
      vertex   3.247070e-03 3.307563e-02 -1.088692e-02
      vertex   2.744141e-03 3.446993e-02 -1.045363e-02
    endloop
  endfacet
  facet normal 1.969125e-01 7.877901e-03 -9.803894e-01
    outer loop
      vertex   5.032150e-02 1.096674e-02 -1.976671e-02
      vertex   3.319077e-02 -2.681713e-03 -2.331712e-02
      vertex   6.847839e-03 7.934570e-04 -2.858021e-02
    endloop
  endfacet
  facet normal 1.887006e-01 -5.400359e-03 -9.820198e-01
    outer loop
      vertex   5.754845e-02 -1.489502e-02 -1.823580e-02
      vertex   5.032150e-02 1.096674e-02 -1.976671e-02
      vertex   8.012177e-02 -8.935523e-03 -1.393098e-02
    endloop
  endfacet
  facet normal 2.037236e-01 -1.025127e-03 -9.790279e-01
    outer loop
      vertex   3.319077e-02 -2.681713e-03 -2.331712e-02
      vertex   5.032150e-02 1.096674e-02 -1.976671e-02
      vertex   5.754845e-02 -1.489502e-02 -1.823580e-02
    endloop
  endfacet
  facet normal 1.830381e-01 -4.357404e-02 -9.821397e-01
    outer loop
      vertex   3.747345e-02 -1.152996e-02 -2.212640e-02
      vertex   3.319077e-02 -2.681713e-03 -2.331712e-02
      vertex   5.754845e-02 -1.489502e-02 -1.823580e-02
    endloop
  endfacet
  facet normal 9.360697e-02 -2.889744e-01 -9.527495e-01
    outer loop
      vertex   1.391815e-02 -1.325005e-02 -2.585047e-02
      vertex   3.866440e-02 -2.157452e-02 -2.089431e-02
      vertex   2.605881e-02 -1.915394e-02 -2.286697e-02
    endloop
  endfacet
  facet normal -3.138830e-02 -5.966851e-01 -8.018614e-01
    outer loop
      vertex   3.732529e-02 -3.142212e-02 -1.542475e-02
      vertex   2.201706e-02 -2.840039e-02 -1.707406e-02
      vertex   1.522583e-02 -2.333910e-02 -2.057446e-02
    endloop
  endfacet
  facet normal -3.977027e-02 -6.144842e-01 -7.879260e-01
    outer loop
      vertex   1.522583e-02 -2.333910e-02 -2.057446e-02
      vertex   1.658951e-02 -3.000943e-02 -1.544126e-02
      vertex   9.358597e-03 -2.332910e-02 -2.028611e-02
    endloop
  endfacet
  facet normal -5.387262e-02 -6.158812e-01 -7.859949e-01
    outer loop
      vertex   1.522583e-02 -2.333910e-02 -2.057446e-02
      vertex   2.201706e-02 -2.840039e-02 -1.707406e-02
      vertex   1.658951e-02 -3.000943e-02 -1.544126e-02
    endloop
  endfacet
  facet normal -2.286722e-02 -5.657444e-01 -8.242635e-01
    outer loop
      vertex   2.201706e-02 -2.840039e-02 -1.707406e-02
      vertex   3.732529e-02 -3.142212e-02 -1.542475e-02
      vertex   3.246750e-02 -3.298043e-02 -1.422042e-02
    endloop
  endfacet
  facet normal -1.390886e-01 2.389295e-01 9.610240e-01
    outer loop
      vertex   4.926682e-03 3.599216e-02 -1.051621e-02
      vertex   2.744141e-03 3.446993e-02 -1.045363e-02
      vertex   -1.332268e-15 3.000000e-02 -9.739474e-03
    endloop
  endfacet
  facet normal -2.820544e-01 4.603964e-01 -8.417128e-01
    outer loop
      vertex   2.620392e-03 3.206850e-02 -1.102453e-02
      vertex   5.065308e-03 3.117146e-02 -1.233447e-02
      vertex   -1.332268e-15 2.699230e-02 -1.292300e-02
    endloop
  endfacet
  facet normal -3.464070e-01 3.352586e-01 -8.761300e-01
    outer loop
      vertex   2.620392e-03 3.206850e-02 -1.102453e-02
      vertex   3.247070e-03 3.307563e-02 -1.088692e-02
      vertex   5.065308e-03 3.117146e-02 -1.233447e-02
    endloop
  endfacet
  facet normal -1.354193e-01 2.012977e-01 -9.701241e-01
    outer loop
      vertex   4.926682e-03 3.599216e-02 -1.051621e-02
      vertex   8.807602e-03 3.502510e-02 -1.125860e-02
      vertex   3.247070e-03 3.307563e-02 -1.088692e-02
    endloop
  endfacet
  facet normal -9.775891e-02 3.287922e-01 -9.393290e-01
    outer loop
      vertex   4.926682e-03 3.599216e-02 -1.051621e-02
      vertex   1.031631e-02 3.731046e-02 -1.061568e-02
      vertex   8.807602e-03 3.502510e-02 -1.125860e-02
    endloop
  endfacet
  facet normal -3.954828e-01 5.796713e-01 -7.124427e-01
    outer loop
      vertex   5.065308e-03 3.117146e-02 -1.233447e-02
      vertex   5.993805e-03 2.767353e-02 -1.569594e-02
      vertex   -1.332268e-15 2.699230e-02 -1.292300e-02
    endloop
  endfacet
  facet normal -1.730294e-01 6.581874e-01 -7.327006e-01
    outer loop
      vertex   5.065308e-03 3.117146e-02 -1.233447e-02
      vertex   7.262726e-03 3.022004e-02 -1.370806e-02
      vertex   5.993805e-03 2.767353e-02 -1.569594e-02
    endloop
  endfacet
  facet normal -2.287555e-01 5.897943e-01 -7.744763e-01
    outer loop
      vertex   5.065308e-03 3.117146e-02 -1.233447e-02
      vertex   8.913345e-03 3.226192e-02 -1.264063e-02
      vertex   7.262726e-03 3.022004e-02 -1.370806e-02
    endloop
  endfacet
  facet normal -1.305603e-01 4.940905e-01 -8.595514e-01
    outer loop
      vertex   8.913345e-03 3.344548e-02 -1.196029e-02
      vertex   1.188446e-02 3.306958e-02 -1.262766e-02
      vertex   8.913345e-03 3.226192e-02 -1.264063e-02
    endloop
  endfacet
  facet normal -1.237879e-01 5.209784e-01 -8.445460e-01
    outer loop
      vertex   8.913345e-03 3.344548e-02 -1.196029e-02
      vertex   1.485550e-02 3.490143e-02 -1.193312e-02
      vertex   1.188446e-02 3.306958e-02 -1.262766e-02
    endloop
  endfacet
  facet normal -9.357712e-02 3.989415e-01 -9.121891e-01
    outer loop
      vertex   8.807602e-03 3.502510e-02 -1.125860e-02
      vertex   1.485550e-02 3.490143e-02 -1.193312e-02
      vertex   8.913345e-03 3.344548e-02 -1.196029e-02
    endloop
  endfacet
  facet normal -9.518358e-02 3.748675e-01 -9.221792e-01
    outer loop
      vertex   1.184319e-02 3.616362e-02 -1.110912e-02
      vertex   1.485550e-02 3.490143e-02 -1.193312e-02
      vertex   8.807602e-03 3.502510e-02 -1.125860e-02
    endloop
  endfacet
  facet normal -5.982059e-02 4.416464e-01 -8.951927e-01
    outer loop
      vertex   1.184319e-02 3.616362e-02 -1.110912e-02
      vertex   1.889954e-02 3.600181e-02 -1.166048e-02
      vertex   1.485550e-02 3.490143e-02 -1.193312e-02
    endloop
  endfacet
  facet normal -3.671595e-02 3.183627e-01 -9.472577e-01
    outer loop
      vertex   2.154053e-02 3.747480e-02 -1.104431e-02
      vertex   1.184319e-02 3.616362e-02 -1.110912e-02
      vertex   1.374138e-02 3.769335e-02 -1.066857e-02
    endloop
  endfacet
  facet normal -5.792223e-02 4.718653e-01 -8.797660e-01
    outer loop
      vertex   1.889954e-02 3.600181e-02 -1.166048e-02
      vertex   1.184319e-02 3.616362e-02 -1.110912e-02
      vertex   2.154053e-02 3.747480e-02 -1.104431e-02
    endloop
  endfacet
  facet normal 4.788958e-02 4.042629e-01 -9.133882e-01
    outer loop
      vertex   1.374397e-02 1.778178e-02 -2.407606e-02
      vertex   5.042473e-02 2.686880e-02 -1.813097e-02
      vertex   1.197182e-02 1.417892e-02 -2.576359e-02
    endloop
  endfacet
  facet normal 2.609827e-02 4.713890e-01 -8.815392e-01
    outer loop
      vertex   5.761673e-02 3.061362e-02 -1.591556e-02
      vertex   5.042473e-02 2.686880e-02 -1.813097e-02
      vertex   1.374397e-02 1.778178e-02 -2.407606e-02
    endloop
  endfacet
  facet normal 1.858170e-02 4.824017e-01 -8.757530e-01
    outer loop
      vertex   5.761673e-02 3.061362e-02 -1.591556e-02
      vertex   6.909180e-02 3.260788e-02 -1.457356e-02
      vertex   5.042473e-02 2.686880e-02 -1.813097e-02
    endloop
  endfacet
  facet normal 7.427844e-02 3.395980e-01 -9.376332e-01
    outer loop
      vertex   6.909180e-02 3.260788e-02 -1.457356e-02
      vertex   6.222359e-02 2.969184e-02 -1.617381e-02
      vertex   5.042473e-02 2.686880e-02 -1.813097e-02
    endloop
  endfacet
  facet normal 6.202688e-02 3.639164e-01 -9.293640e-01
    outer loop
      vertex   6.909180e-02 3.260788e-02 -1.457356e-02
      vertex   7.015732e-02 3.237308e-02 -1.459439e-02
      vertex   6.222359e-02 2.969184e-02 -1.617381e-02
    endloop
  endfacet
  facet normal 7.605941e-02 4.251600e-01 -9.019168e-01
    outer loop
      vertex   6.909180e-02 3.260788e-02 -1.457356e-02
      vertex   7.283905e-02 3.261837e-02 -1.425261e-02
      vertex   7.015732e-02 3.237308e-02 -1.459439e-02
    endloop
  endfacet
  facet normal 9.641010e-02 2.777514e-01 -9.558029e-01
    outer loop
      vertex   7.015732e-02 3.237308e-02 -1.459439e-02
      vertex   7.283905e-02 3.261837e-02 -1.425261e-02
      vertex   6.222359e-02 2.969184e-02 -1.617381e-02
    endloop
  endfacet
  facet normal 1.891824e-01 -4.046127e-02 -9.811080e-01
    outer loop
      vertex   3.319077e-02 -2.681713e-03 -2.331712e-02
      vertex   3.747345e-02 -1.152996e-02 -2.212640e-02
      vertex   9.368362e-03 -5.805416e-03 -2.778186e-02
    endloop
  endfacet
  facet normal 1.898549e-01 -4.613358e-02 -9.807277e-01
    outer loop
      vertex   3.319077e-02 -2.681713e-03 -2.331712e-02
      vertex   9.368362e-03 -5.805416e-03 -2.778186e-02
      vertex   6.847839e-03 7.934570e-04 -2.858021e-02
    endloop
  endfacet
  facet normal 1.816335e-01 -7.678775e-02 -9.803637e-01
    outer loop
      vertex   3.747345e-02 -1.152996e-02 -2.212640e-02
      vertex   3.763382e-02 -1.877236e-02 -2.152942e-02
      vertex   9.368362e-03 -5.805416e-03 -2.778186e-02
    endloop
  endfacet
  facet normal 4.948619e-02 -4.220956e-01 -9.051997e-01
    outer loop
      vertex   2.605881e-02 -1.915394e-02 -2.286697e-02
      vertex   6.205536e-02 -3.298114e-02 -1.445145e-02
      vertex   2.960052e-02 -2.204373e-02 -2.132584e-02
    endloop
  endfacet
  facet normal 8.991645e-03 -5.166988e-01 -8.561200e-01
    outer loop
      vertex   7.838760e-02 -3.860399e-02 -1.088632e-02
      vertex   1.496941e-02 -2.084730e-02 -2.226918e-02
      vertex   6.205536e-02 -3.298114e-02 -1.445145e-02
    endloop
  endfacet
  facet normal 4.149455e-04 -5.386276e-01 -8.425439e-01
    outer loop
      vertex   7.838760e-02 -3.860399e-02 -1.088632e-02
      vertex   6.203476e-02 -3.828165e-02 -1.110045e-02
      vertex   1.496941e-02 -2.084730e-02 -2.226918e-02
    endloop
  endfacet
  facet normal -2.458028e-02 -5.622247e-01 -8.266191e-01
    outer loop
      vertex   4.028091e-02 -3.624383e-02 -1.223316e-02
      vertex   3.246750e-02 -3.298043e-02 -1.422042e-02
      vertex   3.732529e-02 -3.142212e-02 -1.542475e-02
    endloop
  endfacet
  facet normal -6.212300e-02 -5.998933e-01 -7.976646e-01
    outer loop
      vertex   2.201706e-02 -2.840039e-02 -1.707406e-02
      vertex   2.444481e-02 -3.220117e-02 -1.440472e-02
      vertex   1.658951e-02 -3.000943e-02 -1.544126e-02
    endloop
  endfacet
  facet normal -3.887331e-02 -5.908087e-01 -8.058747e-01
    outer loop
      vertex   3.246750e-02 -3.298043e-02 -1.422042e-02
      vertex   2.444481e-02 -3.220117e-02 -1.440472e-02
      vertex   2.201706e-02 -2.840039e-02 -1.707406e-02
    endloop
  endfacet
  facet normal -3.418433e-02 -5.493911e-01 -8.348658e-01
    outer loop
      vertex   3.246750e-02 -3.298043e-02 -1.422042e-02
      vertex   3.269081e-02 -3.648373e-02 -1.192418e-02
      vertex   2.444481e-02 -3.220117e-02 -1.440472e-02
    endloop
  endfacet
  facet normal -1.667368e-02 -5.488552e-01 -8.357511e-01
    outer loop
      vertex   4.028091e-02 -3.624383e-02 -1.223316e-02
      vertex   3.269081e-02 -3.648373e-02 -1.192418e-02
      vertex   3.246750e-02 -3.298043e-02 -1.422042e-02
    endloop
  endfacet
  facet normal -1.096348e-01 -6.585916e-01 -7.444712e-01
    outer loop
      vertex   1.658951e-02 -3.000943e-02 -1.544126e-02
      vertex   1.123177e-02 -2.921962e-02 -1.535096e-02
      vertex   9.358597e-03 -2.332910e-02 -2.028611e-02
    endloop
  endfacet
  facet normal -3.215281e-02 -5.465899e-01 -8.367829e-01
    outer loop
      vertex   2.444481e-02 -3.220117e-02 -1.440472e-02
      vertex   3.269081e-02 -3.648373e-02 -1.192418e-02
      vertex   2.575638e-02 -3.588266e-02 -1.205035e-02
    endloop
  endfacet
  facet normal -1.040025e-01 -6.162476e-01 -7.806551e-01
    outer loop
      vertex   1.658951e-02 -3.000943e-02 -1.544126e-02
      vertex   1.057602e-02 -3.177014e-02 -1.325022e-02
      vertex   1.123177e-02 -2.921962e-02 -1.535096e-02
    endloop
  endfacet
  facet normal -1.065466e-01 -5.914411e-01 -7.992780e-01
    outer loop
      vertex   1.658951e-02 -3.000943e-02 -1.544126e-02
      vertex   1.908707e-02 -3.417248e-02 -1.269367e-02
      vertex   1.596169e-02 -3.278424e-02 -1.330430e-02
    endloop
  endfacet
  facet normal -5.134471e-02 -5.713878e-01 -8.190725e-01
    outer loop
      vertex   2.444481e-02 -3.220117e-02 -1.440472e-02
      vertex   1.908707e-02 -3.417248e-02 -1.269367e-02
      vertex   1.658951e-02 -3.000943e-02 -1.544126e-02
    endloop
  endfacet
  facet normal -6.173733e-02 -5.532536e-01 -8.307219e-01
    outer loop
      vertex   2.575638e-02 -3.588266e-02 -1.205035e-02
      vertex   1.908707e-02 -3.417248e-02 -1.269367e-02
      vertex   2.444481e-02 -3.220117e-02 -1.440472e-02
    endloop
  endfacet
  facet normal -1.188976e-01 -5.888043e-01 -7.994829e-01
    outer loop
      vertex   1.658951e-02 -3.000943e-02 -1.544126e-02
      vertex   1.596169e-02 -3.278424e-02 -1.330430e-02
      vertex   1.057602e-02 -3.177014e-02 -1.325022e-02
    endloop
  endfacet
  facet normal -4.009488e-02 -4.849836e-01 -8.736036e-01
    outer loop
      vertex   2.575638e-02 -3.588266e-02 -1.205035e-02
      vertex   1.824997e-02 -3.638157e-02 -1.142886e-02
      vertex   1.908707e-02 -3.417248e-02 -1.269367e-02
    endloop
  endfacet
  facet normal -4.112269e-02 -4.757601e-01 -8.786132e-01
    outer loop
      vertex   2.575638e-02 -3.588266e-02 -1.205035e-02
      vertex   2.260307e-02 -3.653400e-02 -1.155007e-02
      vertex   1.824997e-02 -3.638157e-02 -1.142886e-02
    endloop
  endfacet
  facet normal -1.065165e-01 -5.205069e-01 -8.471876e-01
    outer loop
      vertex   1.596169e-02 -3.278424e-02 -1.330430e-02
      vertex   1.029694e-02 -3.401076e-02 -1.183851e-02
      vertex   1.057602e-02 -3.177014e-02 -1.325022e-02
    endloop
  endfacet
  facet normal -9.022567e-02 -5.641365e-01 -8.207371e-01
    outer loop
      vertex   1.908707e-02 -3.417248e-02 -1.269367e-02
      vertex   1.029694e-02 -3.401076e-02 -1.183851e-02
      vertex   1.596169e-02 -3.278424e-02 -1.330430e-02
    endloop
  endfacet
  facet normal -9.411067e-02 -4.675669e-01 -8.789336e-01
    outer loop
      vertex   1.908707e-02 -3.417248e-02 -1.269367e-02
      vertex   1.824997e-02 -3.638157e-02 -1.142886e-02
      vertex   1.029694e-02 -3.401076e-02 -1.183851e-02
    endloop
  endfacet
  facet normal -6.367943e-02 -3.735184e-01 -9.254344e-01
    outer loop
      vertex   1.824997e-02 -3.638157e-02 -1.142886e-02
      vertex   9.292374e-03 -3.636897e-02 -1.081758e-02
      vertex   1.029694e-02 -3.401076e-02 -1.183851e-02
    endloop
  endfacet
  facet normal -6.439955e-02 -3.444709e-01 -9.365856e-01
    outer loop
      vertex   1.824997e-02 -3.638157e-02 -1.142886e-02
      vertex   1.442688e-02 -3.758227e-02 -1.072438e-02
      vertex   9.292374e-03 -3.636897e-02 -1.081758e-02
    endloop
  endfacet
  facet normal -4.051297e-02 -2.458349e-01 -9.684647e-01
    outer loop
      vertex   1.442688e-02 -3.758227e-02 -1.072438e-02
      vertex   9.983063e-03 -3.871982e-02 -1.024973e-02
      vertex   9.292374e-03 -3.636897e-02 -1.081758e-02
    endloop
  endfacet
  facet normal -5.895263e-02 -2.507207e-01 -9.662628e-01
    outer loop
      vertex   9.983063e-03 -3.871982e-02 -1.024973e-02
      vertex   4.792633e-03 -3.746712e-02 -1.025810e-02
      vertex   9.292374e-03 -3.636897e-02 -1.081758e-02
    endloop
  endfacet
  facet normal -3.351203e-01 -2.833430e-01 -8.985606e-01
    outer loop
      vertex   2.173996e-03 -3.398692e-02 -1.037888e-02
      vertex   4.792633e-03 -3.746712e-02 -1.025810e-02
      vertex   -1.332268e-15 -3.330154e-02 -9.784208e-03
    endloop
  endfacet
  facet normal -2.363847e-01 -2.107844e-01 -9.485211e-01
    outer loop
      vertex   3.850861e-03 -3.583220e-02 -1.038672e-02
      vertex   4.792633e-03 -3.746712e-02 -1.025810e-02
      vertex   2.173996e-03 -3.398692e-02 -1.037888e-02
    endloop
  endfacet
  facet normal -8.857282e-02 1.140355e-02 -9.960044e-01
    outer loop
      vertex   1.799850e-03 -3.906816e-02 -1.001029e-02
      vertex   -1.332268e-15 -3.330154e-02 -9.784208e-03
      vertex   4.792633e-03 -3.746712e-02 -1.025810e-02
    endloop
  endfacet
  facet normal 6.705388e-02 -2.726417e-01 -9.597762e-01
    outer loop
      vertex   3.851639e-02 -4.671692e-02 -7.200325e-03
      vertex   4.208084e-02 -4.954291e-02 -6.148524e-03
      vertex   3.038788e-02 -4.747992e-02 -7.551473e-03
    endloop
  endfacet
  facet normal 9.318347e-02 3.499765e-03 -9.956428e-01
    outer loop
      vertex   1.851654e-03 -4.567550e-02 -1.001978e-02
      vertex   2.229919e-03 -4.291801e-02 -9.974683e-03
      vertex   6.690216e-03 -4.712309e-02 -9.572019e-03
    endloop
  endfacet
  facet normal 5.016096e-02 -4.234463e-02 -9.978431e-01
    outer loop
      vertex   2.229919e-03 -4.291801e-02 -9.974683e-03
      vertex   6.808853e-03 -4.320708e-02 -9.732236e-03
      vertex   6.690216e-03 -4.712309e-02 -9.572019e-03
    endloop
  endfacet
  facet normal 4.871149e-02 -6.437661e-02 -9.967361e-01
    outer loop
      vertex   2.229919e-03 -4.291801e-02 -9.974683e-03
      vertex   6.028137e-03 -4.085875e-02 -9.922063e-03
      vertex   6.808853e-03 -4.320708e-02 -9.732236e-03
    endloop
  endfacet
  facet normal 3.578793e-02 -3.922385e-01 -9.191671e-01
    outer loop
      vertex   4.880600e-02 -4.619244e-02 -6.879489e-03
      vertex   5.907616e-02 -4.684759e-02 -6.200045e-03
      vertex   5.695724e-02 -4.875172e-02 -5.469989e-03
    endloop
  endfacet
  facet normal 3.762565e-03 -5.274199e-01 -8.495964e-01
    outer loop
      vertex   6.059868e-02 -4.266933e-02 -8.382978e-03
      vertex   6.203476e-02 -3.828165e-02 -1.110045e-02
      vertex   7.817627e-02 -4.621771e-02 -6.102344e-03
    endloop
  endfacet
  facet normal 5.409612e-02 -7.433310e-02 -9.957651e-01
    outer loop
      vertex   5.315933e-03 -3.890598e-02 -1.010653e-02
      vertex   6.028137e-03 -4.085875e-02 -9.922063e-03
      vertex   2.229919e-03 -4.291801e-02 -9.974683e-03
    endloop
  endfacet
  facet normal 1.154672e-02 -4.978814e-01 -8.671683e-01
    outer loop
      vertex   5.346794e-02 -4.335247e-02 -8.085709e-03
      vertex   5.253120e-02 -3.948306e-02 -1.031979e-02
      vertex   6.059868e-02 -4.266933e-02 -8.382978e-03
    endloop
  endfacet
  facet normal 4.575282e-02 -3.183948e-01 -9.468535e-01
    outer loop
      vertex   3.443489e-02 -4.517767e-02 -7.915146e-03
      vertex   4.880600e-02 -4.619244e-02 -6.879489e-03
      vertex   3.851639e-02 -4.671692e-02 -7.200325e-03
    endloop
  endfacet
  facet normal -2.973072e-03 -5.005501e-01 -8.657024e-01
    outer loop
      vertex   3.949951e-02 -3.925570e-02 -1.040649e-02
      vertex   5.253120e-02 -3.948306e-02 -1.031979e-02
      vertex   5.346794e-02 -4.335247e-02 -8.085709e-03
    endloop
  endfacet
  facet normal -3.415141e-03 -5.257227e-01 -8.506491e-01
    outer loop
      vertex   6.059868e-02 -4.266933e-02 -8.382978e-03
      vertex   5.253120e-02 -3.948306e-02 -1.031979e-02
      vertex   6.203476e-02 -3.828165e-02 -1.110045e-02
    endloop
  endfacet
  facet normal 4.746563e-02 -3.616252e-01 -9.311145e-01
    outer loop
      vertex   4.880600e-02 -4.619244e-02 -6.879489e-03
      vertex   5.695724e-02 -4.875172e-02 -5.469989e-03
      vertex   3.851639e-02 -4.671692e-02 -7.200325e-03
    endloop
  endfacet
  facet normal 2.544098e-02 -4.427383e-01 -8.962899e-01
    outer loop
      vertex   5.346794e-02 -4.335247e-02 -8.085709e-03
      vertex   7.321190e-02 -4.723730e-02 -5.606297e-03
      vertex   5.907616e-02 -4.684759e-02 -6.200045e-03
    endloop
  endfacet
  facet normal 1.135792e-02 -4.963047e-01 -8.680741e-01
    outer loop
      vertex   6.059868e-02 -4.266933e-02 -8.382978e-03
      vertex   7.321190e-02 -4.723730e-02 -5.606297e-03
      vertex   5.346794e-02 -4.335247e-02 -8.085709e-03
    endloop
  endfacet
  facet normal 1.385124e-02 -4.911703e-01 -8.709534e-01
    outer loop
      vertex   6.059868e-02 -4.266933e-02 -8.382978e-03
      vertex   7.817627e-02 -4.621771e-02 -6.102344e-03
      vertex   7.321190e-02 -4.723730e-02 -5.606297e-03
    endloop
  endfacet
  facet normal -1.687671e-02 -3.281025e-01 -9.444913e-01
    outer loop
      vertex   6.808853e-03 -4.320708e-02 -9.732236e-03
      vertex   1.049232e-02 -4.421968e-02 -9.446292e-03
      vertex   1.729126e-02 -4.693316e-02 -8.625154e-03
    endloop
  endfacet
  facet normal 4.990766e-02 -9.909647e-02 -9.938255e-01
    outer loop
      vertex   6.808853e-03 -4.320708e-02 -9.732236e-03
      vertex   1.313980e-02 -4.334730e-02 -9.400328e-03
      vertex   1.049232e-02 -4.421968e-02 -9.446292e-03
    endloop
  endfacet
  facet normal 5.084189e-02 -6.366345e-02 -9.966755e-01
    outer loop
      vertex   6.808853e-03 -4.320708e-02 -9.732236e-03
      vertex   6.028137e-03 -4.085875e-02 -9.922063e-03
      vertex   1.313980e-02 -4.334730e-02 -9.400328e-03
    endloop
  endfacet
  facet normal -8.773846e-04 -9.346308e-03 -9.999559e-01
    outer loop
      vertex   1.799850e-03 -3.906816e-02 -1.001029e-02
      vertex   2.229919e-03 -4.291801e-02 -9.974683e-03
      vertex   -1.332268e-15 -4.000000e-02 -1.000000e-02
    endloop
  endfacet
  facet normal -2.679429e-02 -1.223790e-02 -9.995661e-01
    outer loop
      vertex   1.799850e-03 -3.906816e-02 -1.001029e-02
      vertex   5.315933e-03 -3.890598e-02 -1.010653e-02
      vertex   2.229919e-03 -4.291801e-02 -9.974683e-03
    endloop
  endfacet
  facet normal 7.421373e-02 -1.564119e-01 -9.848998e-01
    outer loop
      vertex   1.833374e-02 -4.502893e-02 -8.849012e-03
      vertex   3.038788e-02 -4.747992e-02 -7.551473e-03
      vertex   1.729126e-02 -4.693316e-02 -8.625154e-03
    endloop
  endfacet
  facet normal 6.676859e-02 -2.691385e-01 -9.607843e-01
    outer loop
      vertex   3.443489e-02 -4.517767e-02 -7.915146e-03
      vertex   3.851639e-02 -4.671692e-02 -7.200325e-03
      vertex   3.038788e-02 -4.747992e-02 -7.551473e-03
    endloop
  endfacet
  facet normal 4.413526e-02 -3.353787e-01 -9.410490e-01
    outer loop
      vertex   3.599754e-02 -4.344456e-02 -8.459516e-03
      vertex   4.880600e-02 -4.619244e-02 -6.879489e-03
      vertex   3.443489e-02 -4.517767e-02 -7.915146e-03
    endloop
  endfacet
  facet normal 2.535927e-02 -4.068514e-01 -9.131423e-01
    outer loop
      vertex   3.599754e-02 -4.344456e-02 -8.459516e-03
      vertex   4.484344e-02 -4.338615e-02 -8.239879e-03
      vertex   4.880600e-02 -4.619244e-02 -6.879489e-03
    endloop
  endfacet
  facet normal 1.784250e-02 -4.239297e-01 -9.055193e-01
    outer loop
      vertex   3.773254e-02 -4.069222e-02 -9.641188e-03
      vertex   5.346794e-02 -4.335247e-02 -8.085709e-03
      vertex   4.484344e-02 -4.338615e-02 -8.239879e-03
    endloop
  endfacet
  facet normal 6.394583e-03 -4.762923e-01 -8.792637e-01
    outer loop
      vertex   3.949951e-02 -3.925570e-02 -1.040649e-02
      vertex   5.346794e-02 -4.335247e-02 -8.085709e-03
      vertex   3.773254e-02 -4.069222e-02 -9.641188e-03
    endloop
  endfacet
  facet normal -3.344760e-03 -5.179314e-01 -8.554156e-01
    outer loop
      vertex   4.028091e-02 -3.624383e-02 -1.223316e-02
      vertex   5.253120e-02 -3.948306e-02 -1.031979e-02
      vertex   3.949951e-02 -3.925570e-02 -1.040649e-02
    endloop
  endfacet
  facet normal 5.267977e-03 -5.141389e-01 -8.576908e-01
    outer loop
      vertex   2.605881e-02 -1.915394e-02 -2.286697e-02
      vertex   9.000000e-02 -3.995116e-02 -1.000744e-02
      vertex   7.838760e-02 -3.860399e-02 -1.088632e-02
    endloop
  endfacet
  facet normal -5.973827e-02 1.700091e-01 -9.836301e-01
    outer loop
      vertex   6.909332e-03 3.849052e-02 -1.020480e-02
      vertex   1.031631e-02 3.731046e-02 -1.061568e-02
      vertex   4.926682e-03 3.599216e-02 -1.051621e-02
    endloop
  endfacet
  facet normal -3.143068e-01 8.202763e-01 -4.778682e-01
    outer loop
      vertex   -1.332268e-15 2.699230e-02 -1.292300e-02
      vertex   5.993805e-03 2.767353e-02 -1.569594e-02
      vertex   1.787262e-03 2.538863e-02 -1.685129e-02
    endloop
  endfacet
  facet normal -1.639930e-01 6.564893e-01 -7.362935e-01
    outer loop
      vertex   7.262726e-03 3.022004e-02 -1.370806e-02
      vertex   9.903717e-03 3.007197e-02 -1.442830e-02
      vertex   5.993805e-03 2.767353e-02 -1.569594e-02
    endloop
  endfacet
  facet normal -1.594559e-01 6.722950e-01 -7.229061e-01
    outer loop
      vertex   7.262726e-03 3.022004e-02 -1.370806e-02
      vertex   1.324615e-02 3.134933e-02 -1.397763e-02
      vertex   9.903717e-03 3.007197e-02 -1.442830e-02
    endloop
  endfacet
  facet normal -1.401562e-01 5.453277e-01 -8.264224e-01
    outer loop
      vertex   8.913345e-03 3.226192e-02 -1.264063e-02
      vertex   1.324615e-02 3.134933e-02 -1.397763e-02
      vertex   7.262726e-03 3.022004e-02 -1.370806e-02
    endloop
  endfacet
  facet normal -1.427893e-01 5.386081e-01 -8.303689e-01
    outer loop
      vertex   1.188446e-02 3.306958e-02 -1.262766e-02
      vertex   1.324615e-02 3.134933e-02 -1.397763e-02
      vertex   8.913345e-03 3.226192e-02 -1.264063e-02
    endloop
  endfacet
  facet normal -9.552362e-02 5.666381e-01 -8.184110e-01
    outer loop
      vertex   1.188446e-02 3.306958e-02 -1.262766e-02
      vertex   1.823929e-02 3.386777e-02 -1.281675e-02
      vertex   1.324615e-02 3.134933e-02 -1.397763e-02
    endloop
  endfacet
  facet normal -8.530704e-02 4.712082e-01 -8.778870e-01
    outer loop
      vertex   1.485550e-02 3.490143e-02 -1.193312e-02
      vertex   1.823929e-02 3.386777e-02 -1.281675e-02
      vertex   1.188446e-02 3.306958e-02 -1.262766e-02
    endloop
  endfacet
  facet normal -7.572231e-02 4.930304e-01 -8.667105e-01
    outer loop
      vertex   1.485550e-02 3.490143e-02 -1.193312e-02
      vertex   1.889954e-02 3.600181e-02 -1.166048e-02
      vertex   1.823929e-02 3.386777e-02 -1.281675e-02
    endloop
  endfacet
  facet normal -1.429894e-01 6.345400e-01 -7.595479e-01
    outer loop
      vertex   9.903717e-03 3.007197e-02 -1.442830e-02
      vertex   1.130676e-02 2.883951e-02 -1.572205e-02
      vertex   5.993805e-03 2.767353e-02 -1.569594e-02
    endloop
  endfacet
  facet normal -1.246632e-01 6.473788e-01 -7.519041e-01
    outer loop
      vertex   9.903717e-03 3.007197e-02 -1.442830e-02
      vertex   1.386520e-02 3.038620e-02 -1.481455e-02
      vertex   1.130676e-02 2.883951e-02 -1.572205e-02
    endloop
  endfacet
  facet normal -1.246610e-01 6.039393e-01 -7.872211e-01
    outer loop
      vertex   1.324615e-02 3.134933e-02 -1.397763e-02
      vertex   1.386520e-02 3.038620e-02 -1.481455e-02
      vertex   9.903717e-03 3.007197e-02 -1.442830e-02
    endloop
  endfacet
  facet normal -8.320740e-02 5.484873e-01 -8.320085e-01
    outer loop
      vertex   1.823929e-02 3.386777e-02 -1.281675e-02
      vertex   2.009621e-02 3.232718e-02 -1.401807e-02
      vertex   1.324615e-02 3.134933e-02 -1.397763e-02
    endloop
  endfacet
  facet normal -4.778557e-02 4.872333e-01 -8.719635e-01
    outer loop
      vertex   1.889954e-02 3.600181e-02 -1.166048e-02
      vertex   2.603844e-02 3.492598e-02 -1.265286e-02
      vertex   1.823929e-02 3.386777e-02 -1.281675e-02
    endloop
  endfacet
  facet normal -4.099182e-02 5.167883e-01 -8.551313e-01
    outer loop
      vertex   1.889954e-02 3.600181e-02 -1.166048e-02
      vertex   2.673996e-02 3.633058e-02 -1.183763e-02
      vertex   2.603844e-02 3.492598e-02 -1.265286e-02
    endloop
  endfacet
  facet normal -3.884753e-02 4.440954e-01 -8.951369e-01
    outer loop
      vertex   2.154053e-02 3.747480e-02 -1.104431e-02
      vertex   2.673996e-02 3.633058e-02 -1.183763e-02
      vertex   1.889954e-02 3.600181e-02 -1.166048e-02
    endloop
  endfacet
  facet normal -2.421782e-02 4.929513e-01 -8.697198e-01
    outer loop
      vertex   2.154053e-02 3.747480e-02 -1.104431e-02
      vertex   3.160934e-02 3.826338e-02 -1.087773e-02
      vertex   2.673996e-02 3.633058e-02 -1.183763e-02
    endloop
  endfacet
  facet normal -1.908588e-01 6.995655e-01 -6.886081e-01
    outer loop
      vertex   1.787262e-03 2.538863e-02 -1.685129e-02
      vertex   5.993805e-03 2.767353e-02 -1.569594e-02
      vertex   5.748749e-03 2.429029e-02 -1.906510e-02
    endloop
  endfacet
  facet normal -1.575863e-01 7.025211e-01 -6.939961e-01
    outer loop
      vertex   5.993805e-03 2.767353e-02 -1.569594e-02
      vertex   1.130676e-02 2.883951e-02 -1.572205e-02
      vertex   5.748749e-03 2.429029e-02 -1.906510e-02
    endloop
  endfacet
  facet normal -9.967794e-02 6.210248e-01 -7.774268e-01
    outer loop
      vertex   1.386520e-02 3.038620e-02 -1.481455e-02
      vertex   1.502060e-02 2.931314e-02 -1.581988e-02
      vertex   1.130676e-02 2.883951e-02 -1.572205e-02
    endloop
  endfacet
  facet normal -9.525304e-02 6.240428e-01 -7.755627e-01
    outer loop
      vertex   1.386520e-02 3.038620e-02 -1.481455e-02
      vertex   2.009621e-02 3.232718e-02 -1.401807e-02
      vertex   1.502060e-02 2.931314e-02 -1.581988e-02
    endloop
  endfacet
  facet normal -9.288238e-02 6.183992e-01 -7.803558e-01
    outer loop
      vertex   1.324615e-02 3.134933e-02 -1.397763e-02
      vertex   2.009621e-02 3.232718e-02 -1.401807e-02
      vertex   1.386520e-02 3.038620e-02 -1.481455e-02
    endloop
  endfacet
  facet normal -5.981649e-02 5.679880e-01 -8.208603e-01
    outer loop
      vertex   1.823929e-02 3.386777e-02 -1.281675e-02
      vertex   2.603844e-02 3.492598e-02 -1.265286e-02
      vertex   2.009621e-02 3.232718e-02 -1.401807e-02
    endloop
  endfacet
  facet normal -2.124006e-02 5.097754e-01 -8.600453e-01
    outer loop
      vertex   2.673996e-02 3.633058e-02 -1.183763e-02
      vertex   3.759277e-02 3.713264e-02 -1.163025e-02
      vertex   2.603844e-02 3.492598e-02 -1.265286e-02
    endloop
  endfacet
  facet normal -1.893197e-02 4.825786e-01 -8.756480e-01
    outer loop
      vertex   3.160934e-02 3.826338e-02 -1.087773e-02
      vertex   3.759277e-02 3.713264e-02 -1.163025e-02
      vertex   2.673996e-02 3.633058e-02 -1.183763e-02
    endloop
  endfacet
  facet normal -9.280898e-02 6.607483e-01 -7.448478e-01
    outer loop
      vertex   1.130676e-02 2.883951e-02 -1.572205e-02
      vertex   8.505859e-03 2.370254e-02 -1.993003e-02
      vertex   5.748749e-03 2.429029e-02 -1.906510e-02
    endloop
  endfacet
  facet normal -8.353966e-02 6.583366e-01 -7.480735e-01
    outer loop
      vertex   1.130676e-02 2.883951e-02 -1.572205e-02
      vertex   1.832184e-02 2.873357e-02 -1.659868e-02
      vertex   8.505859e-03 2.370254e-02 -1.993003e-02
    endloop
  endfacet
  facet normal -9.378142e-02 5.662236e-01 -8.188992e-01
    outer loop
      vertex   1.502060e-02 2.931314e-02 -1.581988e-02
      vertex   1.832184e-02 2.873357e-02 -1.659868e-02
      vertex   1.130676e-02 2.883951e-02 -1.572205e-02
    endloop
  endfacet
  facet normal -7.990682e-02 6.071601e-01 -7.905514e-01
    outer loop
      vertex   2.009621e-02 3.232718e-02 -1.401807e-02
      vertex   1.832184e-02 2.873357e-02 -1.659868e-02
      vertex   1.502060e-02 2.931314e-02 -1.581988e-02
    endloop
  endfacet
  facet normal -4.920860e-02 5.985051e-01 -7.996062e-01
    outer loop
      vertex   2.009621e-02 3.232718e-02 -1.401807e-02
      vertex   2.671936e-02 3.153963e-02 -1.501514e-02
      vertex   1.832184e-02 2.873357e-02 -1.659868e-02
    endloop
  endfacet
  facet normal -5.707421e-02 5.634571e-01 -8.241715e-01
    outer loop
      vertex   2.603844e-02 3.492598e-02 -1.265286e-02
      vertex   2.671936e-02 3.153963e-02 -1.501514e-02
      vertex   2.009621e-02 3.232718e-02 -1.401807e-02
    endloop
  endfacet
  facet normal -3.008124e-02 5.678002e-01 -8.226166e-01
    outer loop
      vertex   2.603844e-02 3.492598e-02 -1.265286e-02
      vertex   3.396141e-02 3.426953e-02 -1.339569e-02
      vertex   2.671936e-02 3.153963e-02 -1.501514e-02
    endloop
  endfacet
  facet normal -3.212509e-02 5.537907e-01 -8.320359e-01
    outer loop
      vertex   2.603844e-02 3.492598e-02 -1.265286e-02
      vertex   3.759277e-02 3.713264e-02 -1.163025e-02
      vertex   3.396141e-02 3.426953e-02 -1.339569e-02
    endloop
  endfacet
  facet normal -4.620021e-02 6.126076e-01 -7.890358e-01
    outer loop
      vertex   1.832184e-02 2.873357e-02 -1.659868e-02
      vertex   1.991058e-02 2.669012e-02 -1.827824e-02
      vertex   8.505859e-03 2.370254e-02 -1.993003e-02
    endloop
  endfacet
  facet normal -5.408813e-02 6.086052e-01 -7.916276e-01
    outer loop
      vertex   2.671936e-02 3.153963e-02 -1.501514e-02
      vertex   1.991058e-02 2.669012e-02 -1.827824e-02
      vertex   1.832184e-02 2.873357e-02 -1.659868e-02
    endloop
  endfacet
  facet normal -2.517269e-02 5.821709e-01 -8.126767e-01
    outer loop
      vertex   2.671936e-02 3.153963e-02 -1.501514e-02
      vertex   3.697891e-02 3.157452e-02 -1.530794e-02
      vertex   1.991058e-02 2.669012e-02 -1.827824e-02
    endloop
  endfacet
  facet normal -2.554846e-02 5.593057e-01 -8.285677e-01
    outer loop
      vertex   3.396141e-02 3.426953e-02 -1.339569e-02
      vertex   3.697891e-02 3.157452e-02 -1.530794e-02
      vertex   2.671936e-02 3.153963e-02 -1.501514e-02
    endloop
  endfacet
  facet normal -3.237537e-02 5.540116e-01 -8.318792e-01
    outer loop
      vertex   3.759277e-02 3.713264e-02 -1.163025e-02
      vertex   3.697891e-02 3.157452e-02 -1.530794e-02
      vertex   3.396141e-02 3.426953e-02 -1.339569e-02
    endloop
  endfacet
  facet normal -1.630199e-02 5.529947e-01 -8.330253e-01
    outer loop
      vertex   3.759277e-02 3.713264e-02 -1.163025e-02
      vertex   4.865196e-02 3.886666e-02 -1.069556e-02
      vertex   3.697891e-02 3.157452e-02 -1.530794e-02
    endloop
  endfacet
  facet normal -5.199468e-02 6.278496e-01 -7.765961e-01
    outer loop
      vertex   1.991058e-02 2.669012e-02 -1.827824e-02
      vertex   6.411591e-03 2.065230e-02 -2.225581e-02
      vertex   8.505859e-03 2.370254e-02 -1.993003e-02
    endloop
  endfacet
  facet normal -3.219721e-02 5.990485e-01 -8.000652e-01
    outer loop
      vertex   1.991058e-02 2.669012e-02 -1.827824e-02
      vertex   3.697891e-02 3.157452e-02 -1.530794e-02
      vertex   6.411591e-03 2.065230e-02 -2.225581e-02
    endloop
  endfacet
  facet normal -1.567872e-02 5.675355e-01 -8.231996e-01
    outer loop
      vertex   3.697891e-02 3.157452e-02 -1.530794e-02
      vertex   2.469734e-02 2.542600e-02 -1.931297e-02
      vertex   6.411591e-03 2.065230e-02 -2.225581e-02
    endloop
  endfacet
  facet normal -5.610080e-03 5.536374e-01 -8.327390e-01
    outer loop
      vertex   3.697891e-02 3.157452e-02 -1.530794e-02
      vertex   7.056396e-02 3.743011e-02 -1.164117e-02
      vertex   2.469734e-02 2.542600e-02 -1.931297e-02
    endloop
  endfacet
  facet normal -1.289002e-03 5.360294e-01 -8.441983e-01
    outer loop
      vertex   3.697891e-02 3.157452e-02 -1.530794e-02
      vertex   4.865196e-02 3.886666e-02 -1.069556e-02
      vertex   7.056396e-02 3.743011e-02 -1.164117e-02
    endloop
  endfacet
  facet normal -4.548941e-05 5.391788e-01 -8.421913e-01
    outer loop
      vertex   2.469734e-02 2.542600e-02 -1.931297e-02
      vertex   3.243454e-02 2.539838e-02 -1.933107e-02
      vertex   1.156204e-02 1.887986e-02 -2.350316e-02
    endloop
  endfacet
  facet normal -1.261105e-06 5.478762e-01 -8.365594e-01
    outer loop
      vertex   2.469734e-02 2.542600e-02 -1.931297e-02
      vertex   5.761673e-02 3.061362e-02 -1.591556e-02
      vertex   3.243454e-02 2.539838e-02 -1.933107e-02
    endloop
  endfacet
  facet normal 5.332845e-03 5.239601e-01 -8.517261e-01
    outer loop
      vertex   7.056396e-02 3.743011e-02 -1.164117e-02
      vertex   5.761673e-02 3.061362e-02 -1.591556e-02
      vertex   2.469734e-02 2.542600e-02 -1.931297e-02
    endloop
  endfacet
  facet normal 1.709780e-01 -7.170900e-02 -9.826619e-01
    outer loop
      vertex   3.747345e-02 -1.152996e-02 -2.212640e-02
      vertex   5.139214e-02 -1.714127e-02 -1.929514e-02
      vertex   5.092682e-02 -2.251512e-02 -1.898395e-02
    endloop
  endfacet
  facet normal 1.836314e-01 -4.007840e-02 -9.821778e-01
    outer loop
      vertex   5.754845e-02 -1.489502e-02 -1.823580e-02
      vertex   5.139214e-02 -1.714127e-02 -1.929514e-02
      vertex   3.747345e-02 -1.152996e-02 -2.212640e-02
    endloop
  endfacet
  facet normal 1.919740e-01 -1.837157e-02 -9.812280e-01
    outer loop
      vertex   8.012177e-02 -8.935523e-03 -1.393098e-02
      vertex   7.743958e-02 -2.945980e-02 -1.407147e-02
      vertex   5.754845e-02 -1.489502e-02 -1.823580e-02
    endloop
  endfacet
  facet normal 1.381014e-01 -1.703451e-01 -9.756590e-01
    outer loop
      vertex   3.763382e-02 -1.877236e-02 -2.152942e-02
      vertex   3.866440e-02 -2.157452e-02 -2.089431e-02
      vertex   1.391815e-02 -1.325005e-02 -2.585047e-02
    endloop
  endfacet
  facet normal 1.403829e-01 -1.557127e-01 -9.777761e-01
    outer loop
      vertex   7.743958e-02 -2.945980e-02 -1.407147e-02
      vertex   3.866440e-02 -2.157452e-02 -2.089431e-02
      vertex   5.092682e-02 -2.251512e-02 -1.898395e-02
    endloop
  endfacet
  facet normal 1.504765e-01 -1.101312e-01 -9.824601e-01
    outer loop
      vertex   6.846863e-02 -2.964630e-02 -1.542458e-02
      vertex   3.866440e-02 -2.157452e-02 -2.089431e-02
      vertex   7.743958e-02 -2.945980e-02 -1.407147e-02
    endloop
  endfacet
  facet normal 1.505237e-01 -1.343613e-01 -9.794333e-01
    outer loop
      vertex   8.614532e-02 -3.620429e-02 -1.180830e-02
      vertex   6.846863e-02 -2.964630e-02 -1.542458e-02
      vertex   7.743958e-02 -2.945980e-02 -1.407147e-02
    endloop
  endfacet
  facet normal 1.229436e-01 -2.041552e-01 -9.711877e-01
    outer loop
      vertex   8.614532e-02 -3.620429e-02 -1.180830e-02
      vertex   3.866440e-02 -2.157452e-02 -2.089431e-02
      vertex   6.846863e-02 -2.964630e-02 -1.542458e-02
    endloop
  endfacet
  facet normal 9.421780e-02 -2.863820e-01 -9.534717e-01
    outer loop
      vertex   8.614532e-02 -3.620429e-02 -1.180830e-02
      vertex   2.605881e-02 -1.915394e-02 -2.286697e-02
      vertex   3.866440e-02 -2.157452e-02 -2.089431e-02
    endloop
  endfacet
  facet normal -1.862320e-02 -5.597752e-01 -8.284352e-01
    outer loop
      vertex   4.028091e-02 -3.624383e-02 -1.223316e-02
      vertex   3.732529e-02 -3.142212e-02 -1.542475e-02
      vertex   5.253120e-02 -3.948306e-02 -1.031979e-02
    endloop
  endfacet
  facet normal -1.861136e-02 -5.149445e-01 -8.570214e-01
    outer loop
      vertex   3.269081e-02 -3.648373e-02 -1.192418e-02
      vertex   4.028091e-02 -3.624383e-02 -1.223316e-02
      vertex   3.949951e-02 -3.925570e-02 -1.040649e-02
    endloop
  endfacet
  facet normal -3.131577e-02 -5.380920e-01 -8.423042e-01
    outer loop
      vertex   2.575638e-02 -3.588266e-02 -1.205035e-02
      vertex   3.269081e-02 -3.648373e-02 -1.192418e-02
      vertex   3.949951e-02 -3.925570e-02 -1.040649e-02
    endloop
  endfacet
  facet normal 5.599451e-03 -3.862390e-01 -9.223818e-01
    outer loop
      vertex   2.491928e-02 -3.840265e-02 -1.067771e-02
      vertex   3.773254e-02 -4.069222e-02 -9.641188e-03
      vertex   3.139549e-02 -4.107024e-02 -9.521366e-03
    endloop
  endfacet
  facet normal -1.040854e-02 -4.601587e-01 -8.877757e-01
    outer loop
      vertex   2.491928e-02 -3.840265e-02 -1.067771e-02
      vertex   3.949951e-02 -3.925570e-02 -1.040649e-02
      vertex   3.773254e-02 -4.069222e-02 -9.641188e-03
    endloop
  endfacet
  facet normal -1.144891e-02 -4.753755e-01 -8.797085e-01
    outer loop
      vertex   2.491928e-02 -3.840265e-02 -1.067771e-02
      vertex   2.575638e-02 -3.588266e-02 -1.205035e-02
      vertex   3.949951e-02 -3.925570e-02 -1.040649e-02
    endloop
  endfacet
  facet normal 9.394232e-03 -4.418253e-01 -8.970519e-01
    outer loop
      vertex   3.139549e-02 -4.107024e-02 -9.521366e-03
      vertex   3.773254e-02 -4.069222e-02 -9.641188e-03
      vertex   4.484344e-02 -4.338615e-02 -8.239879e-03
    endloop
  endfacet
  facet normal 6.100563e-03 -3.852079e-01 -9.228097e-01
    outer loop
      vertex   2.472595e-02 -4.019066e-02 -9.932620e-03
      vertex   2.491928e-02 -3.840265e-02 -1.067771e-02
      vertex   3.139549e-02 -4.107024e-02 -9.521366e-03
    endloop
  endfacet
  facet normal 2.551307e-02 -3.664968e-01 -9.300694e-01
    outer loop
      vertex   3.139549e-02 -4.107024e-02 -9.521366e-03
      vertex   4.484344e-02 -4.338615e-02 -8.239879e-03
      vertex   3.599754e-02 -4.344456e-02 -8.459516e-03
    endloop
  endfacet
  facet normal -1.572670e-02 -3.831562e-01 -9.235497e-01
    outer loop
      vertex   1.696625e-02 -3.882390e-02 -1.036752e-02
      vertex   2.491928e-02 -3.840265e-02 -1.067771e-02
      vertex   2.472595e-02 -4.019066e-02 -9.932620e-03
    endloop
  endfacet
  facet normal 3.471882e-02 -2.593024e-01 -9.651719e-01
    outer loop
      vertex   2.115204e-02 -4.231168e-02 -9.297892e-03
      vertex   3.599754e-02 -4.344456e-02 -8.459516e-03
      vertex   2.370529e-02 -4.373859e-02 -8.822695e-03
    endloop
  endfacet
  facet normal 2.437140e-02 -3.683889e-01 -9.293523e-01
    outer loop
      vertex   2.115204e-02 -4.231168e-02 -9.297892e-03
      vertex   3.139549e-02 -4.107024e-02 -9.521366e-03
      vertex   3.599754e-02 -4.344456e-02 -8.459516e-03
    endloop
  endfacet
  facet normal 1.724356e-02 -3.132071e-01 -9.495283e-01
    outer loop
      vertex   2.115204e-02 -4.231168e-02 -9.297892e-03
      vertex   2.472595e-02 -4.019066e-02 -9.932620e-03
      vertex   3.139549e-02 -4.107024e-02 -9.521366e-03
    endloop
  endfacet
  facet normal 1.796709e-03 -2.894706e-01 -9.571852e-01
    outer loop
      vertex   1.833694e-02 -4.057055e-02 -9.829727e-03
      vertex   2.472595e-02 -4.019066e-02 -9.932620e-03
      vertex   2.115204e-02 -4.231168e-02 -9.297892e-03
    endloop
  endfacet
  facet normal 2.012375e-03 -2.928214e-01 -9.561650e-01
    outer loop
      vertex   1.833694e-02 -4.057055e-02 -9.829727e-03
      vertex   1.696625e-02 -3.882390e-02 -1.036752e-02
      vertex   2.472595e-02 -4.019066e-02 -9.932620e-03
    endloop
  endfacet
  facet normal -2.036259e-02 -3.144219e-01 -9.490649e-01
    outer loop
      vertex   1.442688e-02 -3.758227e-02 -1.072438e-02
      vertex   2.491928e-02 -3.840265e-02 -1.067771e-02
      vertex   1.696625e-02 -3.882390e-02 -1.036752e-02
    endloop
  endfacet
  facet normal 1.264359e-02 -2.733522e-01 -9.618309e-01
    outer loop
      vertex   1.174255e-02 -4.085401e-02 -9.835853e-03
      vertex   1.833694e-02 -4.057055e-02 -9.829727e-03
      vertex   2.115204e-02 -4.231168e-02 -9.297892e-03
    endloop
  endfacet
  facet normal 8.795756e-03 -1.833794e-01 -9.830029e-01
    outer loop
      vertex   9.983063e-03 -3.871982e-02 -1.024973e-02
      vertex   1.833694e-02 -4.057055e-02 -9.829727e-03
      vertex   1.174255e-02 -4.085401e-02 -9.835853e-03
    endloop
  endfacet
  facet normal -2.064293e-02 -3.089638e-01 -9.508498e-01
    outer loop
      vertex   9.983063e-03 -3.871982e-02 -1.024973e-02
      vertex   1.696625e-02 -3.882390e-02 -1.036752e-02
      vertex   1.833694e-02 -4.057055e-02 -9.829727e-03
    endloop
  endfacet
  facet normal -2.069989e-02 -3.150498e-01 -9.488494e-01
    outer loop
      vertex   9.983063e-03 -3.871982e-02 -1.024973e-02
      vertex   1.442688e-02 -3.758227e-02 -1.072438e-02
      vertex   1.696625e-02 -3.882390e-02 -1.036752e-02
    endloop
  endfacet
  facet normal 4.721487e-02 -1.764981e-01 -9.831679e-01
    outer loop
      vertex   1.313980e-02 -4.334730e-02 -9.400328e-03
      vertex   2.370529e-02 -4.373859e-02 -8.822695e-03
      vertex   1.833374e-02 -4.502893e-02 -8.849012e-03
    endloop
  endfacet
  facet normal 4.392707e-02 -2.440249e-01 -9.687736e-01
    outer loop
      vertex   1.313980e-02 -4.334730e-02 -9.400328e-03
      vertex   2.115204e-02 -4.231168e-02 -9.297892e-03
      vertex   2.370529e-02 -4.373859e-02 -8.822695e-03
    endloop
  endfacet
  facet normal -4.376185e-02 -4.666345e-01 -8.833669e-01
    outer loop
      vertex   2.491928e-02 -3.840265e-02 -1.067771e-02
      vertex   2.260307e-02 -3.653400e-02 -1.155007e-02
      vertex   2.575638e-02 -3.588266e-02 -1.205035e-02
    endloop
  endfacet
  facet normal -4.088206e-02 -4.638205e-01 -8.849854e-01
    outer loop
      vertex   2.491928e-02 -3.840265e-02 -1.067771e-02
      vertex   1.824997e-02 -3.638157e-02 -1.142886e-02
      vertex   2.260307e-02 -3.653400e-02 -1.155007e-02
    endloop
  endfacet
  facet normal -2.987667e-02 -4.333549e-01 -9.007280e-01
    outer loop
      vertex   1.442688e-02 -3.758227e-02 -1.072438e-02
      vertex   1.824997e-02 -3.638157e-02 -1.142886e-02
      vertex   2.491928e-02 -3.840265e-02 -1.067771e-02
    endloop
  endfacet
  facet normal -2.592370e-02 -1.140483e-01 -9.931369e-01
    outer loop
      vertex   5.315933e-03 -3.890598e-02 -1.010653e-02
      vertex   4.792633e-03 -3.746712e-02 -1.025810e-02
      vertex   9.983063e-03 -3.871982e-02 -1.024973e-02
    endloop
  endfacet
  facet normal 5.710676e-02 -1.473447e-01 -9.874352e-01
    outer loop
      vertex   1.313980e-02 -4.334730e-02 -9.400328e-03
      vertex   1.833374e-02 -4.502893e-02 -8.849012e-03
      vertex   1.729126e-02 -4.693316e-02 -8.625154e-03
    endloop
  endfacet
  facet normal 3.256215e-02 -1.542466e-01 -9.874957e-01
    outer loop
      vertex   1.313980e-02 -4.334730e-02 -9.400328e-03
      vertex   1.174255e-02 -4.085401e-02 -9.835853e-03
      vertex   2.115204e-02 -4.231168e-02 -9.297892e-03
    endloop
  endfacet
  facet normal 1.499043e-02 -1.784342e-01 -9.838377e-01
    outer loop
      vertex   6.028137e-03 -4.085875e-02 -9.922063e-03
      vertex   9.983063e-03 -3.871982e-02 -1.024973e-02
      vertex   1.174255e-02 -4.085401e-02 -9.835853e-03
    endloop
  endfacet
  facet normal -2.637769e-02 -1.035425e-01 -9.942752e-01
    outer loop
      vertex   5.315933e-03 -3.890598e-02 -1.010653e-02
      vertex   9.983063e-03 -3.871982e-02 -1.024973e-02
      vertex   6.028137e-03 -4.085875e-02 -9.922063e-03
    endloop
  endfacet
  facet normal 6.336533e-02 -1.402400e-01 -9.880878e-01
    outer loop
      vertex   1.049232e-02 -4.421968e-02 -9.446292e-03
      vertex   1.313980e-02 -4.334730e-02 -9.400328e-03
      vertex   1.729126e-02 -4.693316e-02 -8.625154e-03
    endloop
  endfacet
  facet normal 1.501652e-02 -1.638818e-01 -9.863657e-01
    outer loop
      vertex   6.028137e-03 -4.085875e-02 -9.922063e-03
      vertex   1.174255e-02 -4.085401e-02 -9.835853e-03
      vertex   1.313980e-02 -4.334730e-02 -9.400328e-03
    endloop
  endfacet
  facet normal -1.427844e-01 -6.852760e-01 -7.141494e-01
    outer loop
      vertex   1.123177e-02 -2.921962e-02 -1.535096e-02
      vertex   5.772858e-03 -2.581316e-02 -1.752826e-02
      vertex   6.793060e-03 -2.451890e-02 -1.897416e-02
    endloop
  endfacet
  facet normal -2.043144e-01 -5.905200e-01 -7.807316e-01
    outer loop
      vertex   1.057602e-02 -3.177014e-02 -1.325022e-02
      vertex   3.583145e-03 -2.885969e-02 -1.362158e-02
      vertex   1.123177e-02 -2.921962e-02 -1.535096e-02
    endloop
  endfacet
  facet normal -1.676782e-01 -5.104883e-01 -8.433776e-01
    outer loop
      vertex   1.029694e-02 -3.401076e-02 -1.183851e-02
      vertex   3.583145e-03 -2.885969e-02 -1.362158e-02
      vertex   1.057602e-02 -3.177014e-02 -1.325022e-02
    endloop
  endfacet
  facet normal -1.464287e-01 -4.885935e-01 -8.601366e-01
    outer loop
      vertex   1.029694e-02 -3.401076e-02 -1.183851e-02
      vertex   4.622650e-03 -3.378191e-02 -1.100252e-02
      vertex   3.583145e-03 -2.885969e-02 -1.362158e-02
    endloop
  endfacet
  facet normal -2.219703e-01 -2.028895e-01 -9.537112e-01
    outer loop
      vertex   4.792633e-03 -3.746712e-02 -1.025810e-02
      vertex   3.850861e-03 -3.583220e-02 -1.038672e-02
      vertex   4.622650e-03 -3.378191e-02 -1.100252e-02
    endloop
  endfacet
  facet normal -2.161920e-01 4.516119e-01 -8.656256e-01
    outer loop
      vertex   3.247070e-03 3.307563e-02 -1.088692e-02
      vertex   8.807602e-03 3.502510e-02 -1.125860e-02
      vertex   5.065308e-03 3.117146e-02 -1.233447e-02
    endloop
  endfacet
  facet normal -7.082333e-02 3.131820e-01 -9.470486e-01
    outer loop
      vertex   1.031631e-02 3.731046e-02 -1.061568e-02
      vertex   1.184319e-02 3.616362e-02 -1.110912e-02
      vertex   8.807602e-03 3.502510e-02 -1.125860e-02
    endloop
  endfacet
  facet normal -4.496219e-02 2.693272e-01 -9.619986e-01
    outer loop
      vertex   1.031631e-02 3.731046e-02 -1.061568e-02
      vertex   1.258591e-02 3.924706e-02 -1.017957e-02
      vertex   1.374138e-02 3.769335e-02 -1.066857e-02
    endloop
  endfacet
  facet normal -2.930719e-02 2.521611e-01 -9.672414e-01
    outer loop
      vertex   6.909332e-03 3.849052e-02 -1.020480e-02
      vertex   1.258591e-02 3.924706e-02 -1.017957e-02
      vertex   1.031631e-02 3.731046e-02 -1.061568e-02
    endloop
  endfacet
  facet normal -3.863011e-02 2.737315e-01 -9.610301e-01
    outer loop
      vertex   1.258591e-02 3.924706e-02 -1.017957e-02
      vertex   2.154053e-02 3.747480e-02 -1.104431e-02
      vertex   1.374138e-02 3.769335e-02 -1.066857e-02
    endloop
  endfacet
  facet normal -1.000020e-02 3.972293e-01 -9.176649e-01
    outer loop
      vertex   2.451164e-02 3.915135e-02 -1.035096e-02
      vertex   2.154053e-02 3.747480e-02 -1.104431e-02
      vertex   1.258591e-02 3.924706e-02 -1.017957e-02
    endloop
  endfacet
  facet normal -1.679909e-02 4.073901e-01 -9.130997e-01
    outer loop
      vertex   2.451164e-02 3.915135e-02 -1.035096e-02
      vertex   3.160934e-02 3.826338e-02 -1.087773e-02
      vertex   2.154053e-02 3.747480e-02 -1.104431e-02
    endloop
  endfacet
  facet normal 1.018220e-02 5.172771e-01 -8.557574e-01
    outer loop
      vertex   5.761673e-02 3.061362e-02 -1.591556e-02
      vertex   7.056396e-02 3.743011e-02 -1.164117e-02
      vertex   6.909180e-02 3.260788e-02 -1.457356e-02
    endloop
  endfacet
  facet normal 9.236073e-02 2.770402e-01 -9.564090e-01
    outer loop
      vertex   6.222359e-02 2.969184e-02 -1.617381e-02
      vertex   3.327988e-02 1.829255e-02 -2.227091e-02
      vertex   5.042473e-02 2.686880e-02 -1.813097e-02
    endloop
  endfacet
  facet normal 1.109759e-01 2.432900e-01 -9.635841e-01
    outer loop
      vertex   5.042473e-02 2.686880e-02 -1.813097e-02
      vertex   3.327988e-02 1.829255e-02 -2.227091e-02
      vertex   1.197182e-02 1.417892e-02 -2.576359e-02
    endloop
  endfacet
  facet normal 1.983016e-02 4.931533e-01 -8.697164e-01
    outer loop
      vertex   3.243454e-02 2.539838e-02 -1.933107e-02
      vertex   1.374397e-02 1.778178e-02 -2.407606e-02
      vertex   1.156204e-02 1.887986e-02 -2.350316e-02
    endloop
  endfacet
  facet normal 1.158003e-02 5.081041e-01 -8.612178e-01
    outer loop
      vertex   3.243454e-02 2.539838e-02 -1.933107e-02
      vertex   5.761673e-02 3.061362e-02 -1.591556e-02
      vertex   1.374397e-02 1.778178e-02 -2.407606e-02
    endloop
  endfacet
  facet normal 3.141438e-15 5.382254e-01 -8.428009e-01
    outer loop
      vertex   7.056396e-02 3.743011e-02 -1.164117e-02
      vertex   6.154297e-02 4.000000e-02 -1.000000e-02
      vertex   8.250000e-02 4.000000e-02 -1.000000e-02
    endloop
  endfacet
  facet normal -9.260811e-03 5.195905e-01 -8.543652e-01
    outer loop
      vertex   4.865196e-02 3.886666e-02 -1.069556e-02
      vertex   3.759277e-02 3.713264e-02 -1.163025e-02
      vertex   3.160934e-02 3.826338e-02 -1.087773e-02
    endloop
  endfacet
  facet normal -1.412728e-03 5.346977e-01 -8.450422e-01
    outer loop
      vertex   4.865196e-02 3.886666e-02 -1.069556e-02
      vertex   6.154297e-02 4.000000e-02 -1.000000e-02
      vertex   7.056396e-02 3.743011e-02 -1.164117e-02
    endloop
  endfacet
  facet normal -2.087543e-15 5.230749e-01 -8.522867e-01
    outer loop
      vertex   4.865196e-02 3.886666e-02 -1.069556e-02
      vertex   2.755859e-02 4.000000e-02 -1.000000e-02
      vertex   6.154297e-02 4.000000e-02 -1.000000e-02
    endloop
  endfacet
  facet normal -5.974689e-03 4.399367e-01 -8.980089e-01
    outer loop
      vertex   3.160934e-02 3.826338e-02 -1.087773e-02
      vertex   2.755859e-02 4.000000e-02 -1.000000e-02
      vertex   4.865196e-02 3.886666e-02 -1.069556e-02
    endloop
  endfacet
  facet normal -1.403981e-02 4.247580e-01 -9.051980e-01
    outer loop
      vertex   2.451164e-02 3.915135e-02 -1.035096e-02
      vertex   2.755859e-02 4.000000e-02 -1.000000e-02
      vertex   3.160934e-02 3.826338e-02 -1.087773e-02
    endloop
  endfacet
  facet normal -9.788394e-03 4.119559e-01 -9.111512e-01
    outer loop
      vertex   1.258591e-02 3.924706e-02 -1.017957e-02
      vertex   2.755859e-02 4.000000e-02 -1.000000e-02
      vertex   2.451164e-02 3.915135e-02 -1.035096e-02
    endloop
  endfacet
  facet normal -3.455821e-15 2.319899e-01 -9.727182e-01
    outer loop
      vertex   1.258591e-02 3.924706e-02 -1.017957e-02
      vertex   1.339844e-02 4.000000e-02 -1.000000e-02
      vertex   2.755859e-02 4.000000e-02 -1.000000e-02
    endloop
  endfacet
  facet normal -2.978462e-15 2.319899e-01 -9.727182e-01
    outer loop
      vertex   1.258591e-02 3.924706e-02 -1.017957e-02
      vertex   1.000000e-02 4.000000e-02 -1.000000e-02
      vertex   1.339844e-02 4.000000e-02 -1.000000e-02
    endloop
  endfacet
  facet normal -2.314807e-02 1.406760e-01 -9.897850e-01
    outer loop
      vertex   6.909332e-03 3.849052e-02 -1.020480e-02
      vertex   6.041412e-03 3.915580e-02 -1.008995e-02
      vertex   7.014236e-03 3.954387e-02 -1.005755e-02
    endloop
  endfacet
  facet normal -3.569987e-02 1.246080e-01 -9.915636e-01
    outer loop
      vertex   6.909332e-03 3.849052e-02 -1.020480e-02
      vertex   4.280090e-03 3.820261e-02 -1.014632e-02
      vertex   6.041412e-03 3.915580e-02 -1.008995e-02
    endloop
  endfacet
  facet normal -2.966623e-02 6.835892e-02 -9.972196e-01
    outer loop
      vertex   3.670578e-03 3.773777e-02 -1.016006e-02
      vertex   4.280090e-03 3.820261e-02 -1.014632e-02
      vertex   6.909332e-03 3.849052e-02 -1.020480e-02
    endloop
  endfacet
  facet normal -1.555208e-01 -1.802687e-04 -9.878326e-01
    outer loop
      vertex   2.703094e-03 3.680689e-02 -1.016628e-02
      vertex   4.926682e-03 3.599216e-02 -1.051621e-02
      vertex   -1.332268e-15 3.000000e-02 -9.739474e-03
    endloop
  endfacet
  facet normal -1.106671e-01 1.216158e-01 -9.863886e-01
    outer loop
      vertex   3.670578e-03 3.773777e-02 -1.016006e-02
      vertex   4.926682e-03 3.599216e-02 -1.051621e-02
      vertex   2.703094e-03 3.680689e-02 -1.016628e-02
    endloop
  endfacet
  facet normal -5.168284e-02 1.638044e-01 -9.851381e-01
    outer loop
      vertex   6.909332e-03 3.849052e-02 -1.020480e-02
      vertex   4.926682e-03 3.599216e-02 -1.051621e-02
      vertex   3.670578e-03 3.773777e-02 -1.016006e-02
    endloop
  endfacet
  facet normal -1.423470e-02 1.398286e-01 -9.900734e-01
    outer loop
      vertex   7.014236e-03 3.954387e-02 -1.005755e-02
      vertex   1.258591e-02 3.924706e-02 -1.017957e-02
      vertex   6.909332e-03 3.849052e-02 -1.020480e-02
    endloop
  endfacet
  facet normal -1.344781e-02 1.537551e-01 -9.880175e-01
    outer loop
      vertex   7.502518e-03 3.968310e-02 -1.004253e-02
      vertex   1.258591e-02 3.924706e-02 -1.017957e-02
      vertex   7.014236e-03 3.954387e-02 -1.005755e-02
    endloop
  endfacet
  facet normal -9.025951e-03 2.025442e-01 -9.792315e-01
    outer loop
      vertex   1.000000e-02 4.000000e-02 -1.000000e-02
      vertex   1.258591e-02 3.924706e-02 -1.017957e-02
      vertex   7.502518e-03 3.968310e-02 -1.004253e-02
    endloop
  endfacet
  facet normal -5.202351e-02 3.354462e-01 -9.406218e-01
    outer loop
      vertex   1.374138e-02 3.769335e-02 -1.066857e-02
      vertex   1.184319e-02 3.616362e-02 -1.110912e-02
      vertex   1.031631e-02 3.731046e-02 -1.061568e-02
    endloop
  endfacet
  facet normal 8.608266e-01 2.536127e-01 -4.412008e-01
    outer loop
      vertex   8.913345e-03 3.226192e-02 -1.264063e-02
      vertex   8.807602e-03 3.502510e-02 -1.125860e-02
      vertex   8.913345e-03 3.344548e-02 -1.196029e-02
    endloop
  endfacet
  facet normal -1.927686e-01 4.330257e-01 -8.805277e-01
    outer loop
      vertex   8.913345e-03 3.226192e-02 -1.264063e-02
      vertex   5.065308e-03 3.117146e-02 -1.233447e-02
      vertex   8.807602e-03 3.502510e-02 -1.125860e-02
    endloop
  endfacet
  facet normal -3.166058e-01 8.190689e-01 -4.784213e-01
    outer loop
      vertex   1.787262e-03 2.538863e-02 -1.685129e-02
      vertex   -1.332268e-15 2.417887e-02 -1.773967e-02
      vertex   -1.332268e-15 2.699230e-02 -1.292300e-02
    endloop
  endfacet
  facet normal -2.167615e-01 7.653035e-01 -6.060734e-01
    outer loop
      vertex   1.787262e-03 2.538863e-02 -1.685129e-02
      vertex   -1.332268e-15 2.263634e-02 -1.968746e-02
      vertex   -1.332268e-15 2.417887e-02 -1.773967e-02
    endloop
  endfacet
  facet normal -1.538435e-01 7.475290e-01 -6.461677e-01
    outer loop
      vertex   -1.332268e-15 2.151485e-02 -2.090720e-02
      vertex   1.787262e-03 2.538863e-02 -1.685129e-02
      vertex   5.748749e-03 2.429029e-02 -1.906510e-02
    endloop
  endfacet
  facet normal -5.944917e-02 7.348332e-01 -6.756374e-01
    outer loop
      vertex   -1.332268e-15 2.263634e-02 -1.968746e-02
      vertex   1.787262e-03 2.538863e-02 -1.685129e-02
      vertex   -1.332268e-15 2.151485e-02 -2.090720e-02
    endloop
  endfacet
  facet normal -8.512944e-02 6.767705e-01 -7.312555e-01
    outer loop
      vertex   -1.332268e-15 2.032773e-02 -2.206317e-02
      vertex   5.748749e-03 2.429029e-02 -1.906510e-02
      vertex   8.505859e-03 2.370254e-02 -1.993003e-02
    endloop
  endfacet
  facet normal -1.066267e-01 6.936640e-01 -7.123630e-01
    outer loop
      vertex   -1.332268e-15 2.151485e-02 -2.090720e-02
      vertex   5.748749e-03 2.429029e-02 -1.906510e-02
      vertex   -1.332268e-15 2.032773e-02 -2.206317e-02
    endloop
  endfacet
  facet normal -4.443807e-02 6.248560e-01 -7.794744e-01
    outer loop
      vertex   -1.332268e-15 1.907859e-02 -2.315183e-02
      vertex   8.505859e-03 2.370254e-02 -1.993003e-02
      vertex   6.411591e-03 2.065230e-02 -2.225581e-02
    endloop
  endfacet
  facet normal -7.144008e-02 6.553446e-01 -7.519440e-01
    outer loop
      vertex   -1.332268e-15 2.032773e-02 -2.206317e-02
      vertex   8.505859e-03 2.370254e-02 -1.993003e-02
      vertex   -1.332268e-15 1.907859e-02 -2.315183e-02
    endloop
  endfacet
  facet normal -2.408272e-02 5.898399e-01 -8.071610e-01
    outer loop
      vertex   -1.332268e-15 1.777125e-02 -2.416987e-02
      vertex   6.411591e-03 2.065230e-02 -2.225581e-02
      vertex   2.469734e-02 2.542600e-02 -1.931297e-02
    endloop
  endfacet
  facet normal -4.050710e-02 6.138934e-01 -7.883490e-01
    outer loop
      vertex   -1.332268e-15 1.907859e-02 -2.315183e-02
      vertex   6.411591e-03 2.065230e-02 -2.225581e-02
      vertex   -1.332268e-15 1.777125e-02 -2.416987e-02
    endloop
  endfacet
  facet normal 3.822952e-03 5.336573e-01 -8.456922e-01
    outer loop
      vertex   -1.332268e-15 1.640971e-02 -2.511417e-02
      vertex   2.469734e-02 2.542600e-02 -1.931297e-02
      vertex   1.156204e-02 1.887986e-02 -2.350316e-02
    endloop
  endfacet
  facet normal -1.503926e-02 5.698365e-01 -8.216205e-01
    outer loop
      vertex   -1.332268e-15 1.777125e-02 -2.416987e-02
      vertex   2.469734e-02 2.542600e-02 -1.931297e-02
      vertex   -1.332268e-15 1.640971e-02 -2.511417e-02
    endloop
  endfacet
  facet normal 2.044924e-02 4.940966e-01 -8.691665e-01
    outer loop
      vertex   -1.332268e-15 1.499810e-02 -2.598186e-02
      vertex   1.156204e-02 1.887986e-02 -2.350316e-02
      vertex   1.374397e-02 1.778178e-02 -2.407606e-02
    endloop
  endfacet
  facet normal 6.826647e-03 5.236505e-01 -8.519059e-01
    outer loop
      vertex   -1.332268e-15 1.640971e-02 -2.511417e-02
      vertex   1.156204e-02 1.887986e-02 -2.350316e-02
      vertex   -1.332268e-15 1.499810e-02 -2.598186e-02
    endloop
  endfacet
  facet normal 3.898320e-02 4.262693e-01 -9.037559e-01
    outer loop
      vertex   -1.332268e-15 1.499810e-02 -2.598186e-02
      vertex   1.374397e-02 1.778178e-02 -2.407606e-02
      vertex   -1.332268e-15 1.191431e-02 -2.743637e-02
    endloop
  endfacet
  facet normal 5.151642e-02 4.027081e-01 -9.138776e-01
    outer loop
      vertex   -1.332268e-15 1.191431e-02 -2.743637e-02
      vertex   1.374397e-02 1.778178e-02 -2.407606e-02
      vertex   1.197182e-02 1.417892e-02 -2.576359e-02
    endloop
  endfacet
  facet normal 1.972125e-01 7.446535e-02 -9.775286e-01
    outer loop
      vertex   6.847839e-03 7.934570e-04 -2.858021e-02
      vertex   -1.332268e-15 3.677855e-03 -2.974200e-02
      vertex   4.282684e-03 5.528374e-03 -2.873702e-02
    endloop
  endfacet
  facet normal 1.613151e-01 -1.542994e-01 -9.747662e-01
    outer loop
      vertex   1.391815e-02 -1.325005e-02 -2.585047e-02
      vertex   -1.332268e-15 -6.598752e-03 -2.920666e-02
      vertex   9.368362e-03 -5.805416e-03 -2.778186e-02
    endloop
  endfacet
  facet normal 5.864874e-02 -3.018621e-01 -9.515459e-01
    outer loop
      vertex   -1.332268e-15 -6.598752e-03 -2.920666e-02
      vertex   3.435593e-03 -1.166808e-02 -2.738674e-02
      vertex   -1.332268e-15 -1.171781e-02 -2.758272e-02
    endloop
  endfacet
  facet normal 1.595634e-02 -4.590061e-01 -8.882898e-01
    outer loop
      vertex   -1.332268e-15 -1.171781e-02 -2.758272e-02
      vertex   6.273193e-03 -1.476470e-02 -2.589561e-02
      vertex   6.119919e-03 -1.617238e-02 -2.517098e-02
    endloop
  endfacet
  facet normal 1.821686e-02 -5.021718e-01 -8.645760e-01
    outer loop
      vertex   -1.332268e-15 -1.506280e-02 -2.594440e-02
      vertex   6.119919e-03 -1.617238e-02 -2.517098e-02
      vertex   1.496941e-02 -2.084730e-02 -2.226918e-02
    endloop
  endfacet
  facet normal 3.372823e-02 -4.396072e-01 -8.975566e-01
    outer loop
      vertex   -1.332268e-15 -1.171781e-02 -2.758272e-02
      vertex   6.119919e-03 -1.617238e-02 -2.517098e-02
      vertex   -1.332268e-15 -1.506280e-02 -2.594440e-02
    endloop
  endfacet
  facet normal 5.665413e-03 -5.257760e-01 -8.506042e-01
    outer loop
      vertex   -1.332268e-15 -1.506280e-02 -2.594440e-02
      vertex   1.496941e-02 -2.084730e-02 -2.226918e-02
      vertex   -1.332268e-15 -1.647224e-02 -2.507320e-02
    endloop
  endfacet
  facet normal -2.199396e-02 -1.126460e-01 -9.933917e-01
    outer loop
      vertex   4.792633e-03 -3.746712e-02 -1.025810e-02
      vertex   5.315933e-03 -3.890598e-02 -1.010653e-02
      vertex   1.799850e-03 -3.906816e-02 -1.001029e-02
    endloop
  endfacet
  facet normal -7.249287e-02 -2.006927e-01 -9.769684e-01
    outer loop
      vertex   4.622650e-03 -3.378191e-02 -1.100252e-02
      vertex   9.292374e-03 -3.636897e-02 -1.081758e-02
      vertex   4.792633e-03 -3.746712e-02 -1.025810e-02
    endloop
  endfacet
  facet normal -1.505049e-01 -3.380782e-01 -9.290056e-01
    outer loop
      vertex   1.029694e-02 -3.401076e-02 -1.183851e-02
      vertex   9.292374e-03 -3.636897e-02 -1.081758e-02
      vertex   4.622650e-03 -3.378191e-02 -1.100252e-02
    endloop
  endfacet
  facet normal -8.042132e-02 -6.550313e-01 -7.513098e-01
    outer loop
      vertex   6.793060e-03 -2.451890e-02 -1.897416e-02
      vertex   9.358597e-03 -2.332910e-02 -2.028611e-02
      vertex   1.123177e-02 -2.921962e-02 -1.535096e-02
    endloop
  endfacet
  facet normal -4.025683e-02 -6.009173e-01 -7.982968e-01
    outer loop
      vertex   -1.332268e-15 -1.972930e-02 -2.252392e-02
      vertex   1.522583e-02 -2.333910e-02 -2.057446e-02
      vertex   9.358597e-03 -2.332910e-02 -2.028611e-02
    endloop
  endfacet
  facet normal -4.525501e-02 -6.157180e-01 -7.866660e-01
    outer loop
      vertex   -1.332268e-15 -1.647224e-02 -2.507320e-02
      vertex   1.522583e-02 -2.333910e-02 -2.057446e-02
      vertex   -1.332268e-15 -1.972930e-02 -2.252392e-02
    endloop
  endfacet
  facet normal -1.364561e-01 -7.074719e-01 -6.934430e-01
    outer loop
      vertex   2.720795e-03 -2.487775e-02 -1.780672e-02
      vertex   -1.332268e-15 -1.972930e-02 -2.252392e-02
      vertex   6.793060e-03 -2.451890e-02 -1.897416e-02
    endloop
  endfacet
  facet normal -1.585940e-01 -7.112580e-01 -6.848065e-01
    outer loop
      vertex   2.720795e-03 -2.487775e-02 -1.780672e-02
      vertex   -1.332268e-15 -2.345417e-02 -1.865517e-02
      vertex   -1.332268e-15 -1.972930e-02 -2.252392e-02
    endloop
  endfacet
  facet normal -1.637351e-01 -7.313263e-01 -6.620821e-01
    outer loop
      vertex   3.583145e-03 -2.885969e-02 -1.362158e-02
      vertex   2.720795e-03 -2.487775e-02 -1.780672e-02
      vertex   5.772858e-03 -2.581316e-02 -1.752826e-02
    endloop
  endfacet
  facet normal -2.205023e-01 -7.746697e-01 -5.926766e-01
    outer loop
      vertex   1.032410e-03 -2.588736e-02 -1.585893e-02
      vertex   -1.332268e-15 -2.345417e-02 -1.865517e-02
      vertex   2.720795e-03 -2.487775e-02 -1.780672e-02
    endloop
  endfacet
  facet normal -4.500552e-01 -7.492798e-01 -4.858293e-01
    outer loop
      vertex   1.032410e-03 -2.588736e-02 -1.585893e-02
      vertex   -1.332268e-15 -2.660171e-02 -1.380082e-02
      vertex   -1.332268e-15 -2.345417e-02 -1.865517e-02
    endloop
  endfacet
  facet normal -4.485857e-01 -7.503886e-01 -4.854770e-01
    outer loop
      vertex   3.583145e-03 -2.885969e-02 -1.362158e-02
      vertex   -1.332268e-15 -2.660171e-02 -1.380082e-02
      vertex   1.032410e-03 -2.588736e-02 -1.585893e-02
    endloop
  endfacet
  facet normal -2.259008e-01 -2.012378e-01 -9.531381e-01
    outer loop
      vertex   2.173996e-03 -3.398692e-02 -1.037888e-02
      vertex   4.622650e-03 -3.378191e-02 -1.100252e-02
      vertex   3.850861e-03 -3.583220e-02 -1.038672e-02
    endloop
  endfacet
  facet normal -1.445612e-01 -6.844070e-01 -7.146252e-01
    outer loop
      vertex   6.793060e-03 -2.451890e-02 -1.897416e-02
      vertex   5.772858e-03 -2.581316e-02 -1.752826e-02
      vertex   2.720795e-03 -2.487775e-02 -1.780672e-02
    endloop
  endfacet
  facet normal -7.553692e-02 -6.606668e-01 -7.468691e-01
    outer loop
      vertex   -1.332268e-15 -1.972930e-02 -2.252392e-02
      vertex   9.358597e-03 -2.332910e-02 -2.028611e-02
      vertex   6.793060e-03 -2.451890e-02 -1.897416e-02
    endloop
  endfacet
  facet normal -2.237807e-02 3.219046e-02 -9.992312e-01
    outer loop
      vertex   -1.332268e-15 -4.000000e-02 -1.000000e-02
      vertex   -1.332268e-15 -3.330154e-02 -9.784208e-03
      vertex   1.799850e-03 -3.906816e-02 -1.001029e-02
    endloop
  endfacet
  facet normal 2.775590e-02 1.253863e-02 -9.995361e-01
    outer loop
      vertex   2.229919e-03 -4.291801e-02 -9.974683e-03
      vertex   1.851654e-03 -4.567550e-02 -1.001978e-02
      vertex   -1.332268e-15 -4.000000e-02 -1.000000e-02
    endloop
  endfacet
  facet normal 8.965181e-02 -4.342576e-02 -9.950260e-01
    outer loop
      vertex   6.690216e-03 -4.712309e-02 -9.572019e-03
      vertex   6.808853e-03 -4.320708e-02 -9.732236e-03
      vertex   1.729126e-02 -4.693316e-02 -8.625154e-03
    endloop
  endfacet
  facet normal 9.897540e-02 2.311333e-02 -9.948214e-01
    outer loop
      vertex   6.690216e-03 -4.712309e-02 -9.572019e-03
      vertex   2.623291e-03 -4.675163e-02 -9.968010e-03
      vertex   1.851654e-03 -4.567550e-02 -1.001978e-02
    endloop
  endfacet
  facet normal 9.783283e-02 1.025339e-02 -9.951500e-01
    outer loop
      vertex   2.965012e-03 -4.710697e-02 -9.938077e-03
      vertex   2.623291e-03 -4.675163e-02 -9.968010e-03
      vertex   6.690216e-03 -4.712309e-02 -9.572019e-03
    endloop
  endfacet
  facet normal 9.781582e-02 5.417839e-03 -9.951898e-01
    outer loop
      vertex   6.690216e-03 -4.712309e-02 -9.572019e-03
      vertex   3.323212e-03 -4.744450e-02 -9.904707e-03
      vertex   2.965012e-03 -4.710697e-02 -9.938077e-03
    endloop
  endfacet
  facet normal 9.824150e-02 9.299811e-04 -9.951622e-01
    outer loop
      vertex   6.690216e-03 -4.712309e-02 -9.572019e-03
      vertex   3.696747e-03 -4.776334e-02 -9.868130e-03
      vertex   3.323212e-03 -4.744450e-02 -9.904707e-03
    endloop
  endfacet
  facet normal 9.938326e-02 -4.465117e-03 -9.950392e-01
    outer loop
      vertex   6.690216e-03 -4.712309e-02 -9.572019e-03
      vertex   4.285965e-03 -4.820306e-02 -9.807306e-03
      vertex   3.696747e-03 -4.776334e-02 -9.868130e-03
    endloop
  endfacet
  facet normal 1.038822e-01 -1.460216e-02 -9.944824e-01
    outer loop
      vertex   6.690216e-03 -4.712309e-02 -9.572019e-03
      vertex   6.363525e-03 -4.928874e-02 -9.574346e-03
      vertex   4.285965e-03 -4.820306e-02 -9.807306e-03
    endloop
  endfacet
  facet normal 1.149341e-01 -4.232455e-03 -9.933641e-01
    outer loop
      vertex   1.000000e-02 -5.000000e-02 -9.150569e-03
      vertex   7.957001e-03 -4.978077e-02 -9.387882e-03
      vertex   6.363525e-03 -4.928874e-02 -9.574346e-03
    endloop
  endfacet
  facet normal 7.156667e-02 -2.033122e-01 -9.764949e-01
    outer loop
      vertex   1.729126e-02 -4.693316e-02 -8.625154e-03
      vertex   3.038788e-02 -4.747992e-02 -7.551473e-03
      vertex   3.159088e-02 -5.000000e-02 -6.938610e-03
    endloop
  endfacet
  facet normal 8.220261e-02 -1.982828e-01 -9.766917e-01
    outer loop
      vertex   4.208084e-02 -4.954291e-02 -6.148524e-03
      vertex   3.159088e-02 -5.000000e-02 -6.938610e-03
      vertex   3.038788e-02 -4.747992e-02 -7.551473e-03
    endloop
  endfacet
  facet normal 7.925905e-02 -1.055671e-01 -9.912485e-01
    outer loop
      vertex   4.208084e-02 -4.954291e-02 -6.148524e-03
      vertex   5.132355e-02 -5.000000e-02 -5.360809e-03
      vertex   3.159088e-02 -5.000000e-02 -6.938610e-03
    endloop
  endfacet
  facet normal 6.842352e-02 -2.710464e-01 -9.601313e-01
    outer loop
      vertex   3.851639e-02 -4.671692e-02 -7.200325e-03
      vertex   5.132355e-02 -5.000000e-02 -5.360809e-03
      vertex   4.208084e-02 -4.954291e-02 -6.148524e-03
    endloop
  endfacet
  facet normal 5.663109e-02 -3.377609e-01 -9.395267e-01
    outer loop
      vertex   6.393768e-02 -5.000000e-02 -4.600477e-03
      vertex   5.132355e-02 -5.000000e-02 -5.360809e-03
      vertex   5.695724e-02 -4.875172e-02 -5.469989e-03
    endloop
  endfacet
  facet normal 5.311188e-02 -3.223676e-01 -9.451234e-01
    outer loop
      vertex   3.851639e-02 -4.671692e-02 -7.200325e-03
      vertex   5.695724e-02 -4.875172e-02 -5.469989e-03
      vertex   5.132355e-02 -5.000000e-02 -5.360809e-03
    endloop
  endfacet
  facet normal 4.278499e-02 -3.988219e-01 -9.160298e-01
    outer loop
      vertex   5.907616e-02 -4.684759e-02 -6.200045e-03
      vertex   6.393768e-02 -5.000000e-02 -4.600477e-03
      vertex   5.695724e-02 -4.875172e-02 -5.469989e-03
    endloop
  endfacet
  facet normal 2.438491e-02 -4.643359e-01 -8.853234e-01
    outer loop
      vertex   7.592613e-02 -5.000000e-02 -4.082555e-03
      vertex   5.907616e-02 -4.684759e-02 -6.200045e-03
      vertex   7.321190e-02 -4.723730e-02 -5.606297e-03
    endloop
  endfacet
  facet normal 3.950094e-02 -4.030267e-01 -9.143354e-01
    outer loop
      vertex   6.393768e-02 -5.000000e-02 -4.600477e-03
      vertex   5.907616e-02 -4.684759e-02 -6.200045e-03
      vertex   7.592613e-02 -5.000000e-02 -4.082555e-03
    endloop
  endfacet
  facet normal 2.740860e-02 -4.619923e-01 -8.864603e-01
    outer loop
      vertex   7.321190e-02 -4.723730e-02 -5.606297e-03
      vertex   8.250000e-02 -5.000000e-02 -3.879296e-03
      vertex   7.592613e-02 -5.000000e-02 -4.082555e-03
    endloop
  endfacet
  facet normal 2.061061e-02 -4.792172e-01 -8.774543e-01
    outer loop
      vertex   7.321190e-02 -4.723730e-02 -5.606297e-03
      vertex   8.469040e-02 -4.967026e-02 -4.007930e-03
      vertex   8.250000e-02 -5.000000e-02 -3.879296e-03
    endloop
  endfacet
  facet normal 1.603803e-02 -4.950498e-01 -8.687166e-01
    outer loop
      vertex   7.321190e-02 -4.723730e-02 -5.606297e-03
      vertex   8.603149e-02 -4.907456e-02 -4.322642e-03
      vertex   8.469040e-02 -4.967026e-02 -4.007930e-03
    endloop
  endfacet
  facet normal 1.553293e-02 -4.975727e-01 -8.672832e-01
    outer loop
      vertex   7.817627e-02 -4.621771e-02 -6.102344e-03
      vertex   8.603149e-02 -4.907456e-02 -4.322642e-03
      vertex   7.321190e-02 -4.723730e-02 -5.606297e-03
    endloop
  endfacet
  facet normal 1.053613e-02 -5.076929e-01 -8.614737e-01
    outer loop
      vertex   8.779099e-02 -4.780277e-02 -5.050624e-03
      vertex   8.603149e-02 -4.907456e-02 -4.322642e-03
      vertex   7.817627e-02 -4.621771e-02 -6.102344e-03
    endloop
  endfacet
  facet normal 6.115830e-03 -5.239683e-01 -8.517158e-01
    outer loop
      vertex   8.897820e-02 -4.623395e-02 -6.014787e-03
      vertex   7.817627e-02 -4.621771e-02 -6.102344e-03
      vertex   6.203476e-02 -3.828165e-02 -1.110045e-02
    endloop
  endfacet
  facet normal 6.096530e-03 -5.269332e-01 -8.498848e-01
    outer loop
      vertex   8.779099e-02 -4.780277e-02 -5.050624e-03
      vertex   7.817627e-02 -4.621771e-02 -6.102344e-03
      vertex   8.897820e-02 -4.623395e-02 -6.014787e-03
    endloop
  endfacet
  facet normal 1.542446e-03 -5.350521e-01 -8.448177e-01
    outer loop
      vertex   6.203476e-02 -3.828165e-02 -1.110045e-02
      vertex   8.951797e-02 -4.514558e-02 -6.703100e-03
      vertex   8.897820e-02 -4.623395e-02 -6.014787e-03
    endloop
  endfacet
  facet normal 4.261540e-04 -5.382284e-01 -8.427989e-01
    outer loop
      vertex   7.838760e-02 -3.860399e-02 -1.088632e-02
      vertex   8.951797e-02 -4.514558e-02 -6.703100e-03
      vertex   6.203476e-02 -3.828165e-02 -1.110045e-02
    endloop
  endfacet
  facet normal -1.215895e-03 -5.402103e-01 -8.415292e-01
    outer loop
      vertex   7.838760e-02 -3.860399e-02 -1.088632e-02
      vertex   8.980476e-02 -4.416631e-02 -7.332150e-03
      vertex   8.951797e-02 -4.514558e-02 -6.703100e-03
    endloop
  endfacet
  facet normal 7.838827e-02 -3.614054e-01 -9.291078e-01
    outer loop
      vertex   7.838760e-02 -3.860399e-02 -1.088632e-02
      vertex   6.205536e-02 -3.298114e-02 -1.445145e-02
      vertex   2.605881e-02 -1.915394e-02 -2.286697e-02
    endloop
  endfacet
  facet normal -2.314974e-03 -5.418081e-01 -8.404991e-01
    outer loop
      vertex   8.980476e-02 -4.416631e-02 -7.332150e-03
      vertex   7.838760e-02 -3.860399e-02 -1.088632e-02
      vertex   9.000000e-02 -4.250000e-02 -8.406835e-03
    endloop
  endfacet
  facet normal 2.398534e-03 -5.318082e-01 -8.468615e-01
    outer loop
      vertex   9.000000e-02 -4.250000e-02 -8.406835e-03
      vertex   7.838760e-02 -3.860399e-02 -1.088632e-02
      vertex   9.000000e-02 -3.995116e-02 -1.000744e-02
    endloop
  endfacet
  facet normal 6.212873e-02 -3.797126e-01 -9.230159e-01
    outer loop
      vertex   8.614532e-02 -3.620429e-02 -1.180830e-02
      vertex   9.000000e-02 -3.995116e-02 -1.000744e-02
      vertex   2.605881e-02 -1.915394e-02 -2.286697e-02
    endloop
  endfacet
  facet normal 1.861837e-02 -4.918639e-01 -8.704730e-01
    outer loop
      vertex   6.205536e-02 -3.298114e-02 -1.445145e-02
      vertex   2.352455e-02 -2.213061e-02 -2.140670e-02
      vertex   2.960052e-02 -2.204373e-02 -2.132584e-02
    endloop
  endfacet
  facet normal -1.419734e-03 -5.369393e-01 -8.436197e-01
    outer loop
      vertex   5.253120e-02 -3.948306e-02 -1.031979e-02
      vertex   3.732529e-02 -3.142212e-02 -1.542475e-02
      vertex   6.203476e-02 -3.828165e-02 -1.110045e-02
    endloop
  endfacet
  facet normal 1.770458e-02 -4.525908e-01 -8.915426e-01
    outer loop
      vertex   5.907616e-02 -4.684759e-02 -6.200045e-03
      vertex   4.484344e-02 -4.338615e-02 -8.239879e-03
      vertex   5.346794e-02 -4.335247e-02 -8.085709e-03
    endloop
  endfacet
  facet normal 3.554814e-02 -3.948477e-01 -9.180586e-01
    outer loop
      vertex   5.907616e-02 -4.684759e-02 -6.200045e-03
      vertex   4.880600e-02 -4.619244e-02 -6.879489e-03
      vertex   4.484344e-02 -4.338615e-02 -8.239879e-03
    endloop
  endfacet
  facet normal 9.814688e-02 -8.752800e-02 -9.913153e-01
    outer loop
      vertex   1.708618e-02 -5.000000e-02 -8.374673e-03
      vertex   1.729126e-02 -4.693316e-02 -8.625154e-03
      vertex   3.159088e-02 -5.000000e-02 -6.938610e-03
    endloop
  endfacet
  facet normal 9.017343e-02 -8.706001e-02 -9.921136e-01
    outer loop
      vertex   1.708618e-02 -5.000000e-02 -8.374673e-03
      vertex   6.690216e-03 -4.712309e-02 -9.572019e-03
      vertex   1.729126e-02 -4.693316e-02 -8.625154e-03
    endloop
  endfacet
  facet normal 1.088211e-01 -2.039860e-02 -9.938520e-01
    outer loop
      vertex   1.000000e-02 -5.000000e-02 -9.150569e-03
      vertex   6.690216e-03 -4.712309e-02 -9.572019e-03
      vertex   1.708618e-02 -5.000000e-02 -8.374673e-03
    endloop
  endfacet
  facet normal 1.126631e-01 -1.592781e-02 -9.935056e-01
    outer loop
      vertex   6.363525e-03 -4.928874e-02 -9.574346e-03
      vertex   6.690216e-03 -4.712309e-02 -9.572019e-03
      vertex   1.000000e-02 -5.000000e-02 -9.150569e-03
    endloop
  endfacet
  facet normal 5.887910e-02 -2.252723e-01 -9.725151e-01
    outer loop
      vertex   2.370529e-02 -4.373859e-02 -8.822695e-03
      vertex   3.038788e-02 -4.747992e-02 -7.551473e-03
      vertex   1.833374e-02 -4.502893e-02 -8.849012e-03
    endloop
  endfacet
  facet normal 4.973020e-02 -2.405429e-01 -9.693637e-01
    outer loop
      vertex   2.370529e-02 -4.373859e-02 -8.822695e-03
      vertex   3.443489e-02 -4.517767e-02 -7.915146e-03
      vertex   3.038788e-02 -4.747992e-02 -7.551473e-03
    endloop
  endfacet
  facet normal 3.574566e-02 -3.286685e-01 -9.437687e-01
    outer loop
      vertex   3.599754e-02 -4.344456e-02 -8.459516e-03
      vertex   3.443489e-02 -4.517767e-02 -7.915146e-03
      vertex   2.370529e-02 -4.373859e-02 -8.822695e-03
    endloop
  endfacet
  facet normal 1.389458e-01 -1.700202e-01 -9.755958e-01
    outer loop
      vertex   3.763382e-02 -1.877236e-02 -2.152942e-02
      vertex   5.092682e-02 -2.251512e-02 -1.898395e-02
      vertex   3.866440e-02 -2.157452e-02 -2.089431e-02
    endloop
  endfacet
  facet normal 1.592524e-01 -1.208849e-01 -9.798089e-01
    outer loop
      vertex   9.368362e-03 -5.805416e-03 -2.778186e-02
      vertex   -1.332268e-15 -6.598752e-03 -2.920666e-02
      vertex   -1.332268e-15 -4.509449e-04 -2.996515e-02
    endloop
  endfacet
  facet normal 2.519927e-01 -1.962150e-01 -9.476283e-01
    outer loop
      vertex   9.000000e-02 -3.995116e-02 -1.000744e-02
      vertex   8.614532e-02 -3.620429e-02 -1.180830e-02
      vertex   9.000000e-02 -3.148251e-02 -1.176095e-02
    endloop
  endfacet
  facet normal 2.050498e-01 -3.999172e-02 -9.779342e-01
    outer loop
      vertex   6.847839e-03 7.934570e-04 -2.858021e-02
      vertex   9.368362e-03 -5.805416e-03 -2.778186e-02
      vertex   -1.332268e-15 -4.509449e-04 -2.996515e-02
    endloop
  endfacet
  facet normal 1.886919e-01 5.299732e-02 -9.806052e-01
    outer loop
      vertex   6.847839e-03 7.934570e-04 -2.858021e-02
      vertex   -1.332268e-15 -4.509449e-04 -2.996515e-02
      vertex   -1.332268e-15 3.677855e-03 -2.974200e-02
    endloop
  endfacet
  facet normal 1.385792e-01 -1.684920e-01 -9.759130e-01
    outer loop
      vertex   3.763382e-02 -1.877236e-02 -2.152942e-02
      vertex   1.391815e-02 -1.325005e-02 -2.585047e-02
      vertex   9.368362e-03 -5.805416e-03 -2.778186e-02
    endloop
  endfacet
  facet normal 1.606477e-01 -1.213247e-01 -9.795267e-01
    outer loop
      vertex   9.000000e-02 -3.148251e-02 -1.176095e-02
      vertex   8.614532e-02 -3.620429e-02 -1.180830e-02
      vertex   7.743958e-02 -2.945980e-02 -1.407147e-02
    endloop
  endfacet
  facet normal 1.664600e-01 -7.734190e-02 -9.830103e-01
    outer loop
      vertex   3.747345e-02 -1.152996e-02 -2.212640e-02
      vertex   5.092682e-02 -2.251512e-02 -1.898395e-02
      vertex   3.763382e-02 -1.877236e-02 -2.152942e-02
    endloop
  endfacet
  facet normal 1.636758e-01 -7.115101e-02 -9.839450e-01
    outer loop
      vertex   5.139214e-02 -1.714127e-02 -1.929514e-02
      vertex   7.743958e-02 -2.945980e-02 -1.407147e-02
      vertex   5.092682e-02 -2.251512e-02 -1.898395e-02
    endloop
  endfacet
  facet normal 1.813116e-01 -3.339942e-02 -9.828584e-01
    outer loop
      vertex   5.754845e-02 -1.489502e-02 -1.823580e-02
      vertex   7.743958e-02 -2.945980e-02 -1.407147e-02
      vertex   5.139214e-02 -1.714127e-02 -1.929514e-02
    endloop
  endfacet
  facet normal 1.783101e-01 -1.656807e-02 -9.838349e-01
    outer loop
      vertex   8.012177e-02 -8.935523e-03 -1.393098e-02
      vertex   9.000000e-02 -3.148251e-02 -1.176095e-02
      vertex   7.743958e-02 -2.945980e-02 -1.407147e-02
    endloop
  endfacet
  facet normal 1.520819e-01 -2.845593e-02 -9.879582e-01
    outer loop
      vertex   9.000000e-02 -2.676239e-02 -1.189691e-02
      vertex   9.000000e-02 -3.148251e-02 -1.176095e-02
      vertex   8.012177e-02 -8.935523e-03 -1.393098e-02
    endloop
  endfacet
  facet normal 1.898767e-01 -6.808641e-03 -9.817843e-01
    outer loop
      vertex   9.000000e-02 -2.676239e-02 -1.189691e-02
      vertex   8.012177e-02 -8.935523e-03 -1.393098e-02
      vertex   9.000000e-02 -2.234288e-02 -1.192756e-02
    endloop
  endfacet
  facet normal 1.918949e-01 -5.264457e-03 -9.814014e-01
    outer loop
      vertex   9.000000e-02 -2.234288e-02 -1.192756e-02
      vertex   8.012177e-02 -8.935523e-03 -1.393098e-02
      vertex   9.000000e-02 -1.484217e-02 -1.196779e-02
    endloop
  endfacet
  facet normal 1.920385e-01 -2.169147e-04 -9.813874e-01
    outer loop
      vertex   9.000000e-02 1.181793e-04 -1.200000e-02
      vertex   8.012177e-02 -8.935523e-03 -1.393098e-02
      vertex   5.032150e-02 1.096674e-02 -1.976671e-02
    endloop
  endfacet
  facet normal 1.937111e-01 -2.112408e-03 -9.810564e-01
    outer loop
      vertex   9.000000e-02 -1.484217e-02 -1.196779e-02
      vertex   8.012177e-02 -8.935523e-03 -1.393098e-02
      vertex   9.000000e-02 1.181793e-04 -1.200000e-02
    endloop
  endfacet
  facet normal 1.926509e-01 2.110699e-03 -9.812651e-01
    outer loop
      vertex   9.000000e-02 1.181793e-04 -1.200000e-02
      vertex   5.032150e-02 1.096674e-02 -1.976671e-02
      vertex   9.000000e-02 1.508406e-02 -1.196781e-02
    endloop
  endfacet
  facet normal 1.923337e-01 5.263566e-03 -9.813155e-01
    outer loop
      vertex   9.000000e-02 2.259170e-02 -1.192754e-02
      vertex   9.000000e-02 1.508406e-02 -1.196781e-02
      vertex   5.032150e-02 1.096674e-02 -1.976671e-02
    endloop
  endfacet
  facet normal 1.457052e-01 2.032915e-01 -9.682162e-01
    outer loop
      vertex   1.197182e-02 1.417892e-02 -2.576359e-02
      vertex   1.266953e-02 8.413601e-03 -2.686911e-02
      vertex   4.282684e-03 5.528374e-03 -2.873702e-02
    endloop
  endfacet
  facet normal 1.735536e-01 9.420506e-02 -9.803084e-01
    outer loop
      vertex   3.327988e-02 1.829255e-02 -2.227091e-02
      vertex   2.997543e-02 1.119217e-02 -2.353826e-02
      vertex   1.266953e-02 8.413601e-03 -2.686911e-02
    endloop
  endfacet
  facet normal 1.917345e-01 7.378648e-03 -9.814191e-01
    outer loop
      vertex   9.000000e-02 3.011955e-02 -1.187095e-02
      vertex   9.000000e-02 2.259170e-02 -1.192754e-02
      vertex   5.032150e-02 1.096674e-02 -1.976671e-02
    endloop
  endfacet
  facet normal 1.353456e-01 2.123483e-01 -9.677757e-01
    outer loop
      vertex   -1.332268e-15 3.677855e-03 -2.974200e-02
      vertex   1.197182e-02 1.417892e-02 -2.576359e-02
      vertex   4.282684e-03 5.528374e-03 -2.873702e-02
    endloop
  endfacet
  facet normal 8.327236e-02 2.686313e-01 -9.596369e-01
    outer loop
      vertex   -1.332268e-15 1.191431e-02 -2.743637e-02
      vertex   1.197182e-02 1.417892e-02 -2.576359e-02
      vertex   -1.332268e-15 3.677855e-03 -2.974200e-02
    endloop
  endfacet
  facet normal 1.205437e-01 2.010001e-01 -9.721462e-01
    outer loop
      vertex   3.327988e-02 1.829255e-02 -2.227091e-02
      vertex   1.266953e-02 8.413601e-03 -2.686911e-02
      vertex   1.197182e-02 1.417892e-02 -2.576359e-02
    endloop
  endfacet
  facet normal 1.824898e-01 8.982976e-02 -9.790955e-01
    outer loop
      vertex   3.327988e-02 1.829255e-02 -2.227091e-02
      vertex   5.032150e-02 1.096674e-02 -1.976671e-02
      vertex   2.997543e-02 1.119217e-02 -2.353826e-02
    endloop
  endfacet
  facet normal 1.695281e-01 5.806476e-02 -9.838134e-01
    outer loop
      vertex   7.645592e-02 3.038844e-02 -1.411703e-02
      vertex   5.032150e-02 1.096674e-02 -1.976671e-02
      vertex   3.327988e-02 1.829255e-02 -2.227091e-02
    endloop
  endfacet
  facet normal 1.645102e-01 6.493971e-02 -9.842354e-01
    outer loop
      vertex   7.645592e-02 3.038844e-02 -1.411703e-02
      vertex   9.000000e-02 3.011955e-02 -1.187095e-02
      vertex   5.032150e-02 1.096674e-02 -1.976671e-02
    endloop
  endfacet
  facet normal 1.640202e-01 2.417716e-02 -9.861607e-01
    outer loop
      vertex   7.645592e-02 3.038844e-02 -1.411703e-02
      vertex   9.000000e-02 3.108378e-02 -1.184731e-02
      vertex   9.000000e-02 3.011955e-02 -1.187095e-02
    endloop
  endfacet
  facet normal 1.627922e-01 4.619567e-02 -9.855783e-01
    outer loop
      vertex   9.000000e-02 3.250000e-02 -1.178093e-02
      vertex   9.000000e-02 3.108378e-02 -1.184731e-02
      vertex   7.645592e-02 3.038844e-02 -1.411703e-02
    endloop
  endfacet
  facet normal 1.581539e-01 7.483624e-02 -9.845745e-01
    outer loop
      vertex   7.645592e-02 3.038844e-02 -1.411703e-02
      vertex   8.996002e-02 3.323344e-02 -1.173160e-02
      vertex   9.000000e-02 3.250000e-02 -1.178093e-02
    endloop
  endfacet
  facet normal 1.546994e-01 9.058433e-02 -9.838001e-01
    outer loop
      vertex   7.645592e-02 3.038844e-02 -1.411703e-02
      vertex   8.985756e-02 3.395486e-02 -1.168129e-02
      vertex   8.996002e-02 3.323344e-02 -1.173160e-02
    endloop
  endfacet
  facet normal 1.479540e-01 1.149047e-01 -9.822966e-01
    outer loop
      vertex   7.645592e-02 3.038844e-02 -1.411703e-02
      vertex   8.963867e-02 3.476564e-02 -1.161941e-02
      vertex   8.985756e-02 3.395486e-02 -1.168129e-02
    endloop
  endfacet
  facet normal 1.367482e-01 1.471255e-01 -9.796193e-01
    outer loop
      vertex   7.645592e-02 3.038844e-02 -1.411703e-02
      vertex   8.908752e-02 3.606450e-02 -1.150128e-02
      vertex   8.963867e-02 3.476564e-02 -1.161941e-02
    endloop
  endfacet
  facet normal 1.315570e-01 1.866962e-01 -9.735693e-01
    outer loop
      vertex   6.222359e-02 2.969184e-02 -1.617381e-02
      vertex   7.645592e-02 3.038844e-02 -1.411703e-02
      vertex   3.327988e-02 1.829255e-02 -2.227091e-02
    endloop
  endfacet
  facet normal 1.336978e-01 1.573633e-01 -9.784486e-01
    outer loop
      vertex   7.283905e-02 3.261837e-02 -1.425261e-02
      vertex   7.645592e-02 3.038844e-02 -1.411703e-02
      vertex   6.222359e-02 2.969184e-02 -1.617381e-02
    endloop
  endfacet
  facet normal 1.327143e-01 1.557441e-01 -9.788415e-01
    outer loop
      vertex   7.283905e-02 3.261837e-02 -1.425261e-02
      vertex   8.908752e-02 3.606450e-02 -1.150128e-02
      vertex   7.645592e-02 3.038844e-02 -1.411703e-02
    endloop
  endfacet
  facet normal 1.129822e-01 2.375550e-01 -9.647811e-01
    outer loop
      vertex   8.785973e-02 3.771976e-02 -1.123749e-02
      vertex   8.908752e-02 3.606450e-02 -1.150128e-02
      vertex   7.283905e-02 3.261837e-02 -1.425261e-02
    endloop
  endfacet
  facet normal 7.988895e-02 3.222803e-01 -9.432673e-01
    outer loop
      vertex   6.909180e-02 3.260788e-02 -1.457356e-02
      vertex   8.785973e-02 3.771976e-02 -1.123749e-02
      vertex   7.283905e-02 3.261837e-02 -1.425261e-02
    endloop
  endfacet
  facet normal 4.213418e-02 4.329426e-01 -9.004362e-01
    outer loop
      vertex   8.675896e-02 3.863785e-02 -1.084757e-02
      vertex   8.785973e-02 3.771976e-02 -1.123749e-02
      vertex   6.909180e-02 3.260788e-02 -1.457356e-02
    endloop
  endfacet
  facet normal 3.196361e-03 5.188600e-01 -8.548533e-01
    outer loop
      vertex   7.056396e-02 3.743011e-02 -1.164117e-02
      vertex   8.675896e-02 3.863785e-02 -1.084757e-02
      vertex   6.909180e-02 3.260788e-02 -1.457356e-02
    endloop
  endfacet
  facet normal 2.081353e-03 5.295072e-01 -8.483029e-01
    outer loop
      vertex   7.056396e-02 3.743011e-02 -1.164117e-02
      vertex   8.457520e-02 3.968656e-02 -1.019833e-02
      vertex   8.675896e-02 3.863785e-02 -1.084757e-02
    endloop
  endfacet
  facet normal 4.398894e-04 5.367733e-01 -8.437264e-01
    outer loop
      vertex   8.250000e-02 4.000000e-02 -1.000000e-02
      vertex   8.457520e-02 3.968656e-02 -1.019833e-02
      vertex   7.056396e-02 3.743011e-02 -1.164117e-02
    endloop
  endfacet
  facet normal 1.000000e+00 0.000000e+00 0.000000e+00
    outer loop
      vertex   9.000000e-02 3.250000e-02 2.000000e-02
      vertex   9.000000e-02 2.259170e-02 -1.192754e-02
      vertex   9.000000e-02 3.011955e-02 -1.187095e-02
    endloop
  endfacet
  facet normal 1.000000e+00 0.000000e+00 0.000000e+00
    outer loop
      vertex   9.000000e-02 3.250000e-02 2.000000e-02
      vertex   9.000000e-02 1.508406e-02 -1.196781e-02
      vertex   9.000000e-02 2.259170e-02 -1.192754e-02
    endloop
  endfacet
  facet normal 1.000000e+00 0.000000e+00 0.000000e+00
    outer loop
      vertex   9.000000e-02 1.181793e-04 -1.200000e-02
      vertex   9.000000e-02 1.508406e-02 -1.196781e-02
      vertex   9.000000e-02 3.250000e-02 2.000000e-02
    endloop
  endfacet
  facet normal 1.000000e+00 0.000000e+00 0.000000e+00
    outer loop
      vertex   9.000000e-02 3.250000e-02 2.000000e-02
      vertex   9.000000e-02 -1.484217e-02 -1.196779e-02
      vertex   9.000000e-02 1.181793e-04 -1.200000e-02
    endloop
  endfacet
  facet normal 1.000000e+00 0.000000e+00 0.000000e+00
    outer loop
      vertex   9.000000e-02 3.250000e-02 2.000000e-02
      vertex   9.000000e-02 -2.234288e-02 -1.192756e-02
      vertex   9.000000e-02 -1.484217e-02 -1.196779e-02
    endloop
  endfacet
  facet normal 1.000000e+00 -0.000000e+00 0.000000e+00
    outer loop
      vertex   9.000000e-02 -2.676239e-02 -1.189691e-02
      vertex   9.000000e-02 -2.234288e-02 -1.192756e-02
      vertex   9.000000e-02 3.250000e-02 2.000000e-02
    endloop
  endfacet
  facet normal 1.000000e+00 0.000000e+00 0.000000e+00
    outer loop
      vertex   9.000000e-02 -2.676239e-02 -1.189691e-02
      vertex   9.000000e-02 -3.995116e-02 -1.000744e-02
      vertex   9.000000e-02 -3.148251e-02 -1.176095e-02
    endloop
  endfacet
  facet normal 1.000000e+00 0.000000e+00 0.000000e+00
    outer loop
      vertex   9.000000e-02 3.250000e-02 2.000000e-02
      vertex   9.000000e-02 -3.995116e-02 -1.000744e-02
      vertex   9.000000e-02 -2.676239e-02 -1.189691e-02
    endloop
  endfacet
  facet normal 1.000000e+00 0.000000e+00 0.000000e+00
    outer loop
      vertex   9.000000e-02 3.250000e-02 2.000000e-02
      vertex   9.000000e-02 -4.250000e-02 -8.406835e-03
      vertex   9.000000e-02 -3.995116e-02 -1.000744e-02
    endloop
  endfacet
  facet normal 1.000000e+00 -0.000000e+00 0.000000e+00
    outer loop
      vertex   9.000000e-02 -4.250000e-02 2.000000e-02
      vertex   9.000000e-02 -4.250000e-02 -8.406835e-03
      vertex   9.000000e-02 3.250000e-02 2.000000e-02
    endloop
  endfacet
  facet normal 1.000000e+00 0.000000e+00 0.000000e+00
    outer loop
      vertex   9.000000e-02 3.250000e-02 -1.178093e-02
      vertex   9.000000e-02 3.011955e-02 -1.187095e-02
      vertex   9.000000e-02 3.108378e-02 -1.184731e-02
    endloop
  endfacet
  facet normal 1.000000e+00 0.000000e+00 0.000000e+00
    outer loop
      vertex   9.000000e-02 3.250000e-02 2.000000e-02
      vertex   9.000000e-02 3.011955e-02 -1.187095e-02
      vertex   9.000000e-02 3.250000e-02 -1.178093e-02
    endloop
  endfacet
  facet normal 8.675122e-01 1.398536e-02 4.972192e-01
    outer loop
      vertex   8.551422e-02 -5.000000e-03 3.262176e-02
      vertex   8.633942e-02 -1.750000e-02 3.153361e-02
      vertex   8.785110e-02 -1.437500e-02 2.880823e-02
    endloop
  endfacet
  facet normal 9.373054e-01 2.238374e-02 3.477895e-01
    outer loop
      vertex   9.000000e-02 3.250000e-02 2.000000e-02
      vertex   8.785110e-02 -1.437500e-02 2.880823e-02
      vertex   8.953323e-02 -9.687500e-03 2.397314e-02
    endloop
  endfacet
  facet normal 9.809189e-01 -8.470273e-03 1.942330e-01
    outer loop
      vertex   8.855141e-02 3.250000e-02 2.731571e-02
      vertex   8.785110e-02 -1.437500e-02 2.880823e-02
      vertex   9.000000e-02 3.250000e-02 2.000000e-02
    endloop
  endfacet
  facet normal 8.782529e-01 2.104872e-03 4.781918e-01
    outer loop
      vertex   8.611404e-02 3.250000e-02 3.179220e-02
      vertex   8.785110e-02 -1.437500e-02 2.880823e-02
      vertex   8.855141e-02 3.250000e-02 2.731571e-02
    endloop
  endfacet
  facet normal 8.504815e-01 -1.967723e-03 5.260013e-01
    outer loop
      vertex   8.611404e-02 3.250000e-02 3.179220e-02
      vertex   8.551422e-02 -5.000000e-03 3.262176e-02
      vertex   8.785110e-02 -1.437500e-02 2.880823e-02
    endloop
  endfacet
  facet normal 7.275063e-01 3.540753e-03 6.860919e-01
    outer loop
      vertex   8.611404e-02 3.250000e-02 3.179220e-02
      vertex   8.387657e-02 -5.000000e-03 3.435826e-02
      vertex   8.551422e-02 -5.000000e-03 3.262176e-02
    endloop
  endfacet
  facet normal 7.787632e-01 -3.540018e-03 6.273080e-01
    outer loop
      vertex   8.461670e-02 3.250000e-02 3.365106e-02
      vertex   8.387657e-02 -5.000000e-03 3.435826e-02
      vertex   8.611404e-02 3.250000e-02 3.179220e-02
    endloop
  endfacet
  facet normal 6.908431e-01 -4.596740e-08 7.230047e-01
    outer loop
      vertex   8.313644e-02 3.250000e-02 3.506547e-02
      vertex   8.387657e-02 -5.000000e-03 3.435826e-02
      vertex   8.461670e-02 3.250000e-02 3.365106e-02
    endloop
  endfacet
  facet normal 6.456767e-01 -1.657235e-03 7.636091e-01
    outer loop
      vertex   8.313644e-02 3.250000e-02 3.506547e-02
      vertex   8.153358e-02 -5.000000e-03 3.633940e-02
      vertex   8.387657e-02 -5.000000e-03 3.435826e-02
    endloop
  endfacet
  facet normal 5.410881e-01 5.440513e-03 8.409483e-01
    outer loop
      vertex   7.870735e-02 3.250000e-02 3.791526e-02
      vertex   8.153358e-02 -5.000000e-03 3.633940e-02
      vertex   8.313644e-02 3.250000e-02 3.506547e-02
    endloop
  endfacet
  facet normal 5.005001e-01 1.339917e-03 8.657355e-01
    outer loop
      vertex   7.870735e-02 3.250000e-02 3.791526e-02
      vertex   7.938370e-02 -1.437500e-02 3.759680e-02
      vertex   8.153358e-02 -5.000000e-03 3.633940e-02
    endloop
  endfacet
  facet normal 3.758563e-01 -8.725621e-04 9.266776e-01
    outer loop
      vertex   7.539597e-02 3.250000e-02 3.925835e-02
      vertex   7.938370e-02 -1.437500e-02 3.759680e-02
      vertex   7.870735e-02 3.250000e-02 3.791526e-02
    endloop
  endfacet
  facet normal 2.929733e-01 -8.965704e-03 9.560786e-01
    outer loop
      vertex   7.539597e-02 3.250000e-02 3.925835e-02
      vertex   7.246338e-02 -5.000000e-03 3.980533e-02
      vertex   7.938370e-02 -1.437500e-02 3.759680e-02
    endloop
  endfacet
  facet normal 2.367585e-01 -4.343774e-03 9.715588e-01
    outer loop
      vertex   7.406914e-02 3.250000e-02 3.958168e-02
      vertex   7.246338e-02 -5.000000e-03 3.980533e-02
      vertex   7.539597e-02 3.250000e-02 3.925835e-02
    endloop
  endfacet
  facet normal 1.474357e-01 -4.145083e-04 9.890716e-01
    outer loop
      vertex   7.204407e-02 3.250000e-02 3.988355e-02
      vertex   7.246338e-02 -5.000000e-03 3.980533e-02
      vertex   7.406914e-02 3.250000e-02 3.958168e-02
    endloop
  endfacet
  facet normal 5.687901e-02 -1.446497e-03 9.983800e-01
    outer loop
      vertex   7.000000e-02 3.250000e-02 4.000000e-02
      vertex   7.246338e-02 -5.000000e-03 3.980533e-02
      vertex   7.204407e-02 3.250000e-02 3.988355e-02
    endloop
  endfacet
  facet normal 7.878142e-02 -0.000000e+00 9.968919e-01
    outer loop
      vertex   7.000000e-02 -4.250000e-02 4.000000e-02
      vertex   7.246338e-02 -5.000000e-03 3.980533e-02
      vertex   7.000000e-02 3.250000e-02 4.000000e-02
    endloop
  endfacet
  facet normal 3.414199e-02 2.945454e-03 9.994127e-01
    outer loop
      vertex   7.136482e-02 -4.250000e-02 3.995337e-02
      vertex   7.246338e-02 -5.000000e-03 3.980533e-02
      vertex   7.000000e-02 -4.250000e-02 4.000000e-02
    endloop
  endfacet
  facet normal 1.409820e-01 -2.215182e-04 9.900121e-01
    outer loop
      vertex   7.372787e-02 -4.250000e-02 3.961687e-02
      vertex   7.246338e-02 -5.000000e-03 3.980533e-02
      vertex   7.136482e-02 -4.250000e-02 3.995337e-02
    endloop
  endfacet
  facet normal 3.110386e-01 5.711950e-03 9.503801e-01
    outer loop
      vertex   7.372787e-02 -4.250000e-02 3.961687e-02
      vertex   7.938370e-02 -1.437500e-02 3.759680e-02
      vertex   7.246338e-02 -5.000000e-03 3.980533e-02
    endloop
  endfacet
  facet normal 2.727622e-01 1.424206e-02 9.619761e-01
    outer loop
      vertex   7.733276e-02 -4.250000e-02 3.859472e-02
      vertex   7.938370e-02 -1.437500e-02 3.759680e-02
      vertex   7.372787e-02 -4.250000e-02 3.961687e-02
    endloop
  endfacet
  facet normal 4.431214e-01 -5.054490e-04 8.964615e-01
    outer loop
      vertex   8.008194e-02 -4.250000e-02 3.723580e-02
      vertex   7.938370e-02 -1.437500e-02 3.759680e-02
      vertex   7.733276e-02 -4.250000e-02 3.859472e-02
    endloop
  endfacet
  facet normal 5.005782e-01 1.315959e-03 8.656903e-01
    outer loop
      vertex   8.008194e-02 -4.250000e-02 3.723580e-02
      vertex   8.153358e-02 -5.000000e-03 3.633940e-02
      vertex   7.938370e-02 -1.437500e-02 3.759680e-02
    endloop
  endfacet
  facet normal 6.456629e-01 -6.740908e-03 7.635928e-01
    outer loop
      vertex   8.008194e-02 -4.250000e-02 3.723580e-02
      vertex   8.387657e-02 -5.000000e-03 3.435826e-02
      vertex   8.153358e-02 -5.000000e-03 3.633940e-02
    endloop
  endfacet
  facet normal 5.792076e-01 3.941508e-03 8.151705e-01
    outer loop
      vertex   8.313644e-02 -4.250000e-02 3.506547e-02
      vertex   8.387657e-02 -5.000000e-03 3.435826e-02
      vertex   8.008194e-02 -4.250000e-02 3.723580e-02
    endloop
  endfacet
  facet normal 7.246462e-01 -1.306144e-03 6.891199e-01
    outer loop
      vertex   8.536537e-02 -4.250000e-02 3.272163e-02
      vertex   8.387657e-02 -5.000000e-03 3.435826e-02
      vertex   8.313644e-02 -4.250000e-02 3.506547e-02
    endloop
  endfacet
  facet normal 7.275104e-01 -1.060446e-03 6.860958e-01
    outer loop
      vertex   8.536537e-02 -4.250000e-02 3.272163e-02
      vertex   8.551422e-02 -5.000000e-03 3.262176e-02
      vertex   8.387657e-02 -5.000000e-03 3.435826e-02
    endloop
  endfacet
  facet normal 7.884720e-01 -1.491588e-03 6.150688e-01
    outer loop
      vertex   8.536537e-02 -4.250000e-02 3.272163e-02
      vertex   8.633942e-02 -1.750000e-02 3.153361e-02
      vertex   8.551422e-02 -5.000000e-03 3.262176e-02
    endloop
  endfacet
  facet normal 8.800706e-01 -1.173100e-02 4.746979e-01
    outer loop
      vertex   8.536537e-02 -4.250000e-02 3.272163e-02
      vertex   8.785110e-02 -1.437500e-02 2.880823e-02
      vertex   8.633942e-02 -1.750000e-02 3.153361e-02
    endloop
  endfacet
  facet normal 2.211631e-01 1.152009e-01 9.684088e-01
    outer loop
      vertex   8.536537e-02 -4.250000e-02 3.272163e-02
      vertex   8.775772e-02 -1.750000e-02 2.920130e-02
      vertex   8.785110e-02 -1.437500e-02 2.880823e-02
    endloop
  endfacet
  facet normal 8.387539e-01 -3.590977e-03 5.444989e-01
    outer loop
      vertex   8.805099e-02 -4.250000e-02 2.858466e-02
      vertex   8.775772e-02 -1.750000e-02 2.920130e-02
      vertex   8.536537e-02 -4.250000e-02 3.272163e-02
    endloop
  endfacet
  facet normal 9.638000e-01 4.730851e-03 2.665842e-01
    outer loop
      vertex   8.805099e-02 -4.250000e-02 2.858466e-02
      vertex   8.785110e-02 -1.437500e-02 2.880823e-02
      vertex   8.775772e-02 -1.750000e-02 2.920130e-02
    endloop
  endfacet
  facet normal 9.601381e-01 4.602250e-03 2.794883e-01
    outer loop
      vertex   8.966408e-02 -4.250000e-02 2.304317e-02
      vertex   8.785110e-02 -1.437500e-02 2.880823e-02
      vertex   8.805099e-02 -4.250000e-02 2.858466e-02
    endloop
  endfacet
  facet normal 9.460765e-01 -5.407310e-03 3.238982e-01
    outer loop
      vertex   8.966408e-02 -4.250000e-02 2.304317e-02
      vertex   8.953323e-02 -9.687500e-03 2.397314e-02
      vertex   8.785110e-02 -1.437500e-02 2.880823e-02
    endloop
  endfacet
  facet normal 9.939623e-01 8.538975e-04 1.097192e-01
    outer loop
      vertex   9.000000e-02 -4.250000e-02 2.000000e-02
      vertex   8.953323e-02 -9.687500e-03 2.397314e-02
      vertex   8.966408e-02 -4.250000e-02 2.304317e-02
    endloop
  endfacet
  facet normal 9.931698e-01 0.000000e+00 1.166780e-01
    outer loop
      vertex   9.000000e-02 3.250000e-02 2.000000e-02
      vertex   8.953323e-02 -9.687500e-03 2.397314e-02
      vertex   9.000000e-02 -4.250000e-02 2.000000e-02
    endloop
  endfacet
  facet normal 0.000000e+00 0.000000e+00 1.000000e+00
    outer loop
      vertex   7.000000e-02 3.250000e-02 4.000000e-02
      vertex   1.000000e-02 -4.250000e-02 4.000000e-02
      vertex   7.000000e-02 -4.250000e-02 4.000000e-02
    endloop
  endfacet
  facet normal -0.000000e+00 0.000000e+00 1.000000e+00
    outer loop
      vertex   1.000000e-02 3.250000e-02 4.000000e-02
      vertex   1.000000e-02 -4.250000e-02 4.000000e-02
      vertex   7.000000e-02 3.250000e-02 4.000000e-02
    endloop
  endfacet
  facet normal -1.422938e-01 9.692590e-01 2.007224e-01
    outer loop
      vertex   1.000000e-02 3.949226e-02 3.518408e-02
      vertex   7.487793e-03 3.918125e-02 3.490499e-02
      vertex   8.895416e-03 3.924475e-02 3.559623e-02
    endloop
  endfacet
  facet normal -1.198482e-01 5.477256e-01 8.280297e-01
    outer loop
      vertex   1.000000e-02 3.690839e-02 3.856763e-02
      vertex   7.923279e-03 3.662616e-02 3.845374e-02
      vertex   8.424149e-03 3.588165e-02 3.901871e-02
    endloop
  endfacet
  facet normal -4.761458e-01 4.544511e-01 7.528343e-01
    outer loop
      vertex   7.154541e-03 3.577787e-02 3.869800e-02
      vertex   6.097565e-03 3.712475e-02 3.721644e-02
      vertex   4.393921e-03 3.599606e-02 3.682028e-02
    endloop
  endfacet
  facet normal -3.808876e-01 8.112891e-01 4.435479e-01
    outer loop
      vertex   8.895416e-03 3.924475e-02 3.559623e-02
      vertex   7.956848e-03 3.783110e-02 3.737595e-02
      vertex   8.855896e-03 3.866990e-02 3.661374e-02
    endloop
  endfacet
  facet normal -2.827898e-01 8.181207e-01 5.007080e-01
    outer loop
      vertex   7.487793e-03 3.918125e-02 3.490499e-02
      vertex   7.956848e-03 3.783110e-02 3.737595e-02
      vertex   8.895416e-03 3.924475e-02 3.559623e-02
    endloop
  endfacet
  facet normal -3.447587e-01 7.946621e-01 4.996534e-01
    outer loop
      vertex   7.487793e-03 3.918125e-02 3.490499e-02
      vertex   6.097565e-03 3.712475e-02 3.721644e-02
      vertex   7.956848e-03 3.783110e-02 3.737595e-02
    endloop
  endfacet
  facet normal -3.915032e-01 7.917272e-01 4.689278e-01
    outer loop
      vertex   7.487793e-03 3.918125e-02 3.490499e-02
      vertex   5.687714e-03 3.857726e-02 3.442187e-02
      vertex   6.097565e-03 3.712475e-02 3.721644e-02
    endloop
  endfacet
  facet normal -8.985532e-02 5.129667e-01 8.536927e-01
    outer loop
      vertex   1.000000e-02 3.690839e-02 3.856763e-02
      vertex   8.424149e-03 3.588165e-02 3.901871e-02
      vertex   1.000000e-02 3.590026e-02 3.917339e-02
    endloop
  endfacet
  facet normal -2.520056e-01 4.716854e-01 8.449888e-01
    outer loop
      vertex   7.923279e-03 3.662616e-02 3.845374e-02
      vertex   7.154541e-03 3.577787e-02 3.869800e-02
      vertex   8.424149e-03 3.588165e-02 3.901871e-02
    endloop
  endfacet
  facet normal -9.506716e-01 2.256910e-01 2.128078e-01
    outer loop
      vertex   -1.332268e-15 3.000000e-02 3.000000e-02
      vertex   1.456680e-03 3.128591e-02 3.514364e-02
      vertex   2.084656e-03 3.350288e-02 3.559779e-02
    endloop
  endfacet
  facet normal -9.331133e-02 4.275167e-01 8.991788e-01
    outer loop
      vertex   1.000000e-02 3.590026e-02 3.917339e-02
      vertex   8.424149e-03 3.588165e-02 3.901871e-02
      vertex   9.107132e-03 3.499855e-02 3.950946e-02
    endloop
  endfacet
  facet normal -5.276205e-01 2.663228e-01 8.066528e-01
    outer loop
      vertex   4.393921e-03 3.599606e-02 3.682028e-02
      vertex   3.689880e-03 3.192589e-02 3.770357e-02
      vertex   7.154541e-03 3.577787e-02 3.869800e-02
    endloop
  endfacet
  facet normal -2.222714e-01 3.365952e-01 9.150405e-01
    outer loop
      vertex   8.424149e-03 3.588165e-02 3.901871e-02
      vertex   7.583466e-03 3.409622e-02 3.947126e-02
      vertex   9.107132e-03 3.499855e-02 3.950946e-02
    endloop
  endfacet
  facet normal -2.562285e-01 3.491184e-01 9.013675e-01
    outer loop
      vertex   7.154541e-03 3.577787e-02 3.869800e-02
      vertex   7.583466e-03 3.409622e-02 3.947126e-02
      vertex   8.424149e-03 3.588165e-02 3.901871e-02
    endloop
  endfacet
  facet normal -5.116314e-01 2.477997e-01 8.226959e-01
    outer loop
      vertex   7.154541e-03 3.577787e-02 3.869800e-02
      vertex   3.689880e-03 3.192589e-02 3.770357e-02
      vertex   7.583466e-03 3.409622e-02 3.947126e-02
    endloop
  endfacet
  facet normal -6.597682e-01 2.665976e-01 7.025893e-01
    outer loop
      vertex   2.084656e-03 3.350288e-02 3.559779e-02
      vertex   3.689880e-03 3.192589e-02 3.770357e-02
      vertex   4.393921e-03 3.599606e-02 3.682028e-02
    endloop
  endfacet
  facet normal -3.055734e-01 9.446567e-01 1.193675e-01
    outer loop
      vertex   7.487793e-03 3.918125e-02 3.490499e-02
      vertex   8.677521e-03 3.987397e-02 3.246849e-02
      vertex   5.380249e-03 3.884005e-02 3.221002e-02
    endloop
  endfacet
  facet normal -9.680842e-02 9.898506e-01 1.040379e-01
    outer loop
      vertex   1.000000e-02 3.983611e-02 3.405934e-02
      vertex   1.000000e-02 4.000000e-02 3.250000e-02
      vertex   8.677521e-03 3.987397e-02 3.246849e-02
    endloop
  endfacet
  facet normal -3.520612e-01 9.224533e-01 1.585334e-01
    outer loop
      vertex   5.687714e-03 3.857726e-02 3.442187e-02
      vertex   7.487793e-03 3.918125e-02 3.490499e-02
      vertex   5.380249e-03 3.884005e-02 3.221002e-02
    endloop
  endfacet
  facet normal -1.904682e-01 9.648065e-01 1.813016e-01
    outer loop
      vertex   7.487793e-03 3.918125e-02 3.490499e-02
      vertex   1.000000e-02 3.983611e-02 3.405934e-02
      vertex   8.677521e-03 3.987397e-02 3.246849e-02
    endloop
  endfacet
  facet normal -7.362736e-01 5.449290e-01 4.011902e-01
    outer loop
      vertex   5.687714e-03 3.857726e-02 3.442187e-02
      vertex   3.743896e-03 3.777530e-02 3.194383e-02
      vertex   1.638565e-03 3.537289e-02 3.134322e-02
    endloop
  endfacet
  facet normal -5.568000e-01 8.122394e-01 1.738994e-01
    outer loop
      vertex   5.687714e-03 3.857726e-02 3.442187e-02
      vertex   5.380249e-03 3.884005e-02 3.221002e-02
      vertex   3.743896e-03 3.777530e-02 3.194383e-02
    endloop
  endfacet
  facet normal -1.491824e-01 9.456081e-01 2.890845e-01
    outer loop
      vertex   1.000000e-02 3.949226e-02 3.518408e-02
      vertex   1.000000e-02 3.983611e-02 3.405934e-02
      vertex   7.487793e-03 3.918125e-02 3.490499e-02
    endloop
  endfacet
  facet normal -3.024372e-02 8.905982e-01 4.537842e-01
    outer loop
      vertex   8.895416e-03 3.924475e-02 3.559623e-02
      vertex   1.000000e-02 3.878141e-02 3.657919e-02
      vertex   1.000000e-02 3.949226e-02 3.518408e-02
    endloop
  endfacet
  facet normal -7.001074e-02 8.696865e-01 4.886143e-01
    outer loop
      vertex   8.855896e-03 3.866990e-02 3.661374e-02
      vertex   1.000000e-02 3.878141e-02 3.657919e-02
      vertex   8.895416e-03 3.924475e-02 3.559623e-02
    endloop
  endfacet
  facet normal -7.197757e-01 6.305690e-01 2.903544e-01
    outer loop
      vertex   4.393921e-03 3.599606e-02 3.682028e-02
      vertex   5.687714e-03 3.857726e-02 3.442187e-02
      vertex   1.638565e-03 3.537289e-02 3.134322e-02
    endloop
  endfacet
  facet normal -1.338579e-01 7.412040e-01 6.577983e-01
    outer loop
      vertex   1.000000e-02 3.807359e-02 3.751848e-02
      vertex   8.855896e-03 3.866990e-02 3.661374e-02
      vertex   7.956848e-03 3.783110e-02 3.737595e-02
    endloop
  endfacet
  facet normal -5.956106e-02 7.972091e-01 6.007580e-01
    outer loop
      vertex   1.000000e-02 3.807359e-02 3.751848e-02
      vertex   1.000000e-02 3.878141e-02 3.657919e-02
      vertex   8.855896e-03 3.866990e-02 3.661374e-02
    endloop
  endfacet
  facet normal -5.642945e-01 6.957643e-01 4.443914e-01
    outer loop
      vertex   6.097565e-03 3.712475e-02 3.721644e-02
      vertex   5.687714e-03 3.857726e-02 3.442187e-02
      vertex   4.393921e-03 3.599606e-02 3.682028e-02
    endloop
  endfacet
  facet normal -9.494105e-01 2.384529e-01 2.043522e-01
    outer loop
      vertex   -1.332268e-15 3.000000e-02 3.000000e-02
      vertex   2.084656e-03 3.350288e-02 3.559779e-02
      vertex   1.638565e-03 3.537289e-02 3.134322e-02
    endloop
  endfacet
  facet normal -7.680079e-01 5.527467e-01 3.234731e-01
    outer loop
      vertex   4.393921e-03 3.599606e-02 3.682028e-02
      vertex   1.638565e-03 3.537289e-02 3.134322e-02
      vertex   2.084656e-03 3.350288e-02 3.559779e-02
    endloop
  endfacet
  facet normal -1.301188e-01 6.630308e-01 7.371969e-01
    outer loop
      vertex   7.923279e-03 3.662616e-02 3.845374e-02
      vertex   1.000000e-02 3.807359e-02 3.751848e-02
      vertex   7.956848e-03 3.783110e-02 3.737595e-02
    endloop
  endfacet
  facet normal -1.717972e-01 6.965938e-01 6.965938e-01
    outer loop
      vertex   1.000000e-02 3.751848e-02 3.807359e-02
      vertex   1.000000e-02 3.807359e-02 3.751848e-02
      vertex   7.923279e-03 3.662616e-02 3.845374e-02
    endloop
  endfacet
  facet normal -2.905444e-01 5.956914e-01 7.488228e-01
    outer loop
      vertex   7.154541e-03 3.577787e-02 3.869800e-02
      vertex   7.956848e-03 3.783110e-02 3.737595e-02
      vertex   6.097565e-03 3.712475e-02 3.721644e-02
    endloop
  endfacet
  facet normal -4.541630e-01 6.009599e-01 6.577105e-01
    outer loop
      vertex   7.154541e-03 3.577787e-02 3.869800e-02
      vertex   7.923279e-03 3.662616e-02 3.845374e-02
      vertex   7.956848e-03 3.783110e-02 3.737595e-02
    endloop
  endfacet
  facet normal -1.271071e-01 6.242166e-01 7.708420e-01
    outer loop
      vertex   1.000000e-02 3.690839e-02 3.856763e-02
      vertex   1.000000e-02 3.751848e-02 3.807359e-02
      vertex   7.923279e-03 3.662616e-02 3.845374e-02
    endloop
  endfacet
  facet normal -1.052917e-02 3.583486e-01 9.335285e-01
    outer loop
      vertex   9.107132e-03 3.499855e-02 3.950946e-02
      vertex   1.000000e-02 3.443849e-02 3.973452e-02
      vertex   1.000000e-02 3.590026e-02 3.917339e-02
    endloop
  endfacet
  facet normal -5.498744e-01 3.811447e-01 7.432139e-01
    outer loop
      vertex   5.672607e-03 3.225095e-02 3.900381e-02
      vertex   7.583466e-03 3.409622e-02 3.947126e-02
      vertex   3.689880e-03 3.192589e-02 3.770357e-02
    endloop
  endfacet
  facet normal -1.341533e-01 1.853250e-01 9.734770e-01
    outer loop
      vertex   1.000000e-02 3.328396e-02 3.995892e-02
      vertex   9.107132e-03 3.499855e-02 3.950946e-02
      vertex   7.583466e-03 3.409622e-02 3.947126e-02
    endloop
  endfacet
  facet normal -1.267232e-01 1.892569e-01 9.737161e-01
    outer loop
      vertex   1.000000e-02 3.328396e-02 3.995892e-02
      vertex   1.000000e-02 3.443849e-02 3.973452e-02
      vertex   9.107132e-03 3.499855e-02 3.950946e-02
    endloop
  endfacet
  facet normal -7.611968e-01 8.388067e-02 6.430734e-01
    outer loop
      vertex   3.689880e-03 3.192589e-02 3.770357e-02
      vertex   2.084656e-03 3.350288e-02 3.559779e-02
      vertex   1.456680e-03 3.128591e-02 3.514364e-02
    endloop
  endfacet
  facet normal -3.060125e-01 7.649688e-02 9.489492e-01
    outer loop
      vertex   8.205872e-03 3.245115e-02 3.980459e-02
      vertex   7.583466e-03 3.409622e-02 3.947126e-02
      vertex   5.672607e-03 3.225095e-02 3.900381e-02
    endloop
  endfacet
  facet normal -1.498811e-01 1.415596e-01 9.785175e-01
    outer loop
      vertex   8.205872e-03 3.245115e-02 3.980459e-02
      vertex   1.000000e-02 3.328396e-02 3.995892e-02
      vertex   7.583466e-03 3.409622e-02 3.947126e-02
    endloop
  endfacet
  facet normal -1.095306e-01 5.201920e-02 9.926213e-01
    outer loop
      vertex   1.000000e-02 3.250000e-02 4.000000e-02
      vertex   1.000000e-02 3.328396e-02 3.995892e-02
      vertex   8.205872e-03 3.245115e-02 3.980459e-02
    endloop
  endfacet
  facet normal 0.000000e+00 9.986296e-01 5.233407e-02
    outer loop
      vertex   7.000000e-02 3.995892e-02 3.328396e-02
      vertex   7.000000e-02 4.000000e-02 3.250000e-02
      vertex   1.000000e-02 4.000000e-02 3.250000e-02
    endloop
  endfacet
  facet normal -8.276089e-04 9.933192e-01 1.153962e-01
    outer loop
      vertex   4.375000e-02 3.988240e-02 3.375432e-02
      vertex   7.000000e-02 3.995892e-02 3.328396e-02
      vertex   1.000000e-02 4.000000e-02 3.250000e-02
    endloop
  endfacet
  facet normal 5.574883e-04 9.816297e-01 1.907951e-01
    outer loop
      vertex   7.000000e-02 3.973452e-02 3.443849e-02
      vertex   7.000000e-02 3.995892e-02 3.328396e-02
      vertex   4.375000e-02 3.988240e-02 3.375432e-02
    endloop
  endfacet
  facet normal 0.000000e+00 5.233407e-02 9.986296e-01
    outer loop
      vertex   1.000000e-02 3.328396e-02 3.995892e-02
      vertex   1.000000e-02 3.250000e-02 4.000000e-02
      vertex   7.000000e-02 3.250000e-02 4.000000e-02
    endloop
  endfacet
  facet normal 7.391807e-04 1.086681e-01 9.940778e-01
    outer loop
      vertex   4.375000e-02 3.375432e-02 3.988240e-02
      vertex   1.000000e-02 3.328396e-02 3.995892e-02
      vertex   7.000000e-02 3.250000e-02 4.000000e-02
    endloop
  endfacet
  facet normal -4.336021e-04 1.907951e-01 9.816298e-01
    outer loop
      vertex   1.000000e-02 3.443849e-02 3.973452e-02
      vertex   1.000000e-02 3.328396e-02 3.995892e-02
      vertex   4.375000e-02 3.375432e-02 3.988240e-02
    endloop
  endfacet
  facet normal -4.195341e-04 9.945218e-01 1.045288e-01
    outer loop
      vertex   1.000000e-02 3.983611e-02 3.405934e-02
      vertex   4.375000e-02 3.988240e-02 3.375432e-02
      vertex   1.000000e-02 4.000000e-02 3.250000e-02
    endloop
  endfacet
  facet normal 1.330386e-03 9.563087e-01 2.923558e-01
    outer loop
      vertex   1.000000e-02 3.949226e-02 3.518408e-02
      vertex   4.375000e-02 3.988240e-02 3.375432e-02
      vertex   1.000000e-02 3.983611e-02 3.405934e-02
    endloop
  endfacet
  facet normal -1.272705e-04 9.654869e-01 2.604517e-01
    outer loop
      vertex   1.000000e-02 3.949226e-02 3.518408e-02
      vertex   3.250000e-02 3.949866e-02 3.517135e-02
      vertex   4.375000e-02 3.988240e-02 3.375432e-02
    endloop
  endfacet
  facet normal 3.385444e-06 8.910058e-01 4.539919e-01
    outer loop
      vertex   1.000000e-02 3.878141e-02 3.657919e-02
      vertex   3.250000e-02 3.949866e-02 3.517135e-02
      vertex   1.000000e-02 3.949226e-02 3.518408e-02
    endloop
  endfacet
  facet normal -9.664275e-04 8.971903e-01 4.416432e-01
    outer loop
      vertex   1.000000e-02 3.878141e-02 3.657919e-02
      vertex   4.375000e-02 3.895214e-02 3.630621e-02
      vertex   3.250000e-02 3.949866e-02 3.517135e-02
    endloop
  endfacet
  facet normal 3.661237e-04 8.268614e-01 5.624056e-01
    outer loop
      vertex   1.000000e-02 3.878141e-02 3.657919e-02
      vertex   3.625000e-02 3.836374e-02 3.717618e-02
      vertex   4.375000e-02 3.895214e-02 3.630621e-02
    endloop
  endfacet
  facet normal -9.796384e-04 7.986265e-01 6.018262e-01
    outer loop
      vertex   1.000000e-02 3.807359e-02 3.751848e-02
      vertex   3.625000e-02 3.836374e-02 3.717618e-02
      vertex   1.000000e-02 3.878141e-02 3.657919e-02
    endloop
  endfacet
  facet normal 1.033254e-03 7.223469e-01 6.915301e-01
    outer loop
      vertex   1.000000e-02 3.807359e-02 3.751848e-02
      vertex   4.000000e-02 3.748974e-02 3.808352e-02
      vertex   3.625000e-02 3.836374e-02 3.717618e-02
    endloop
  endfacet
  facet normal 4.432724e-04 7.071067e-01 7.071067e-01
    outer loop
      vertex   1.000000e-02 3.751848e-02 3.807359e-02
      vertex   4.000000e-02 3.748974e-02 3.808352e-02
      vertex   1.000000e-02 3.807359e-02 3.751848e-02
    endloop
  endfacet
  facet normal 3.455677e-04 6.293210e-01 7.771454e-01
    outer loop
      vertex   1.000000e-02 3.690839e-02 3.856763e-02
      vertex   4.000000e-02 3.748974e-02 3.808352e-02
      vertex   1.000000e-02 3.751848e-02 3.807359e-02
    endloop
  endfacet
  facet normal 1.087576e-03 6.061743e-01 7.953311e-01
    outer loop
      vertex   1.000000e-02 3.690839e-02 3.856763e-02
      vertex   3.625000e-02 3.649024e-02 3.885043e-02
      vertex   4.000000e-02 3.748974e-02 3.808352e-02
    endloop
  endfacet
  facet normal -1.030090e-03 5.150499e-01 8.571596e-01
    outer loop
      vertex   1.000000e-02 3.590026e-02 3.917339e-02
      vertex   3.625000e-02 3.649024e-02 3.885043e-02
      vertex   1.000000e-02 3.690839e-02 3.856763e-02
    endloop
  endfacet
  facet normal 7.410890e-04 4.546021e-01 8.906943e-01
    outer loop
      vertex   1.000000e-02 3.590026e-02 3.917339e-02
      vertex   4.375000e-02 3.536561e-02 3.941819e-02
      vertex   3.625000e-02 3.649024e-02 3.885043e-02
    endloop
  endfacet
  facet normal -1.094456e-03 3.583682e-01 9.335797e-01
    outer loop
      vertex   1.000000e-02 3.443849e-02 3.973452e-02
      vertex   4.375000e-02 3.536561e-02 3.941819e-02
      vertex   1.000000e-02 3.590026e-02 3.917339e-02
    endloop
  endfacet
  facet normal 1.401400e-03 2.768385e-01 9.609154e-01
    outer loop
      vertex   1.000000e-02 3.443849e-02 3.973452e-02
      vertex   4.375000e-02 3.375432e-02 3.988240e-02
      vertex   4.375000e-02 3.536561e-02 3.941819e-02
    endloop
  endfacet
  facet normal -2.988444e-04 8.714326e-02 9.961957e-01
    outer loop
      vertex   7.000000e-02 3.367165e-02 3.989751e-02
      vertex   4.375000e-02 3.375432e-02 3.988240e-02
      vertex   7.000000e-02 3.250000e-02 4.000000e-02
    endloop
  endfacet
  facet normal 1.477484e-04 2.249614e-01 9.743677e-01
    outer loop
      vertex   7.000000e-02 3.481763e-02 3.963293e-02
      vertex   4.375000e-02 3.375432e-02 3.988240e-02
      vertex   7.000000e-02 3.367165e-02 3.989751e-02
    endloop
  endfacet
  facet normal -2.081483e-03 2.768381e-01 9.609143e-01
    outer loop
      vertex   7.000000e-02 3.481763e-02 3.963293e-02
      vertex   4.375000e-02 3.536561e-02 3.941819e-02
      vertex   4.375000e-02 3.375432e-02 3.988240e-02
    endloop
  endfacet
  facet normal 6.263610e-04 3.907192e-01 9.205097e-01
    outer loop
      vertex   7.000000e-02 3.590026e-02 3.917339e-02
      vertex   4.375000e-02 3.536561e-02 3.941819e-02
      vertex   7.000000e-02 3.481763e-02 3.963293e-02
    endloop
  endfacet
  facet normal -7.536386e-04 4.466584e-01 8.947043e-01
    outer loop
      vertex   7.000000e-02 3.590026e-02 3.917339e-02
      vertex   3.625000e-02 3.649024e-02 3.885043e-02
      vertex   4.375000e-02 3.536561e-02 3.941819e-02
    endloop
  endfacet
  facet normal 8.011812e-04 5.150500e-01 8.571598e-01
    outer loop
      vertex   7.000000e-02 3.690839e-02 3.856763e-02
      vertex   3.625000e-02 3.649024e-02 3.885043e-02
      vertex   7.000000e-02 3.590026e-02 3.917339e-02
    endloop
  endfacet
  facet normal -9.358175e-04 6.109535e-01 7.916659e-01
    outer loop
      vertex   7.000000e-02 3.690839e-02 3.856763e-02
      vertex   4.000000e-02 3.748974e-02 3.808352e-02
      vertex   3.625000e-02 3.649024e-02 3.885043e-02
    endloop
  endfacet
  facet normal -3.455677e-04 6.293210e-01 7.771454e-01
    outer loop
      vertex   7.000000e-02 3.751848e-02 3.807359e-02
      vertex   4.000000e-02 3.748974e-02 3.808352e-02
      vertex   7.000000e-02 3.690839e-02 3.856763e-02
    endloop
  endfacet
  facet normal -4.432724e-04 7.071067e-01 7.071067e-01
    outer loop
      vertex   7.000000e-02 3.807359e-02 3.751848e-02
      vertex   4.000000e-02 3.748974e-02 3.808352e-02
      vertex   7.000000e-02 3.751848e-02 3.807359e-02
    endloop
  endfacet
  facet normal -8.791772e-04 7.183988e-01 6.956310e-01
    outer loop
      vertex   7.000000e-02 3.807359e-02 3.751848e-02
      vertex   3.625000e-02 3.836374e-02 3.717618e-02
      vertex   4.000000e-02 3.748974e-02 3.808352e-02
    endloop
  endfacet
  facet normal 7.619411e-04 7.986267e-01 6.018263e-01
    outer loop
      vertex   7.000000e-02 3.878141e-02 3.657919e-02
      vertex   3.625000e-02 3.836374e-02 3.717618e-02
      vertex   7.000000e-02 3.807359e-02 3.751848e-02
    endloop
  endfacet
  facet normal -4.033724e-04 8.299394e-01 5.578535e-01
    outer loop
      vertex   7.000000e-02 3.878141e-02 3.657919e-02
      vertex   4.375000e-02 3.895214e-02 3.630621e-02
      vertex   3.625000e-02 3.836374e-02 3.717618e-02
    endloop
  endfacet
  facet normal 6.470170e-04 8.746264e-01 4.847972e-01
    outer loop
      vertex   7.000000e-02 3.935159e-02 3.555052e-02
      vertex   4.375000e-02 3.895214e-02 3.630621e-02
      vertex   7.000000e-02 3.878141e-02 3.657919e-02
    endloop
  endfacet
  facet normal -9.449153e-04 8.972751e-01 4.414708e-01
    outer loop
      vertex   7.000000e-02 3.935159e-02 3.555052e-02
      vertex   3.250000e-02 3.949866e-02 3.517135e-02
      vertex   4.375000e-02 3.895214e-02 3.630621e-02
    endloop
  endfacet
  facet normal 4.160365e-04 9.455135e-01 3.255827e-01
    outer loop
      vertex   7.000000e-02 3.973452e-02 3.443849e-02
      vertex   3.250000e-02 3.949866e-02 3.517135e-02
      vertex   7.000000e-02 3.935159e-02 3.555052e-02
    endloop
  endfacet
  facet normal -1.141853e-03 9.674820e-01 2.529371e-01
    outer loop
      vertex   7.000000e-02 3.973452e-02 3.443849e-02
      vertex   4.375000e-02 3.988240e-02 3.375432e-02
      vertex   3.250000e-02 3.949866e-02 3.517135e-02
    endloop
  endfacet
  facet normal 3.402220e-02 9.928655e-01 1.142827e-01
    outer loop
      vertex   7.338806e-02 3.981196e-02 3.365604e-02
      vertex   7.405876e-02 4.000000e-02 3.182271e-02
      vertex   7.306854e-02 4.000000e-02 3.211751e-02
    endloop
  endfacet
  facet normal 5.079289e-02 9.914407e-01 1.202719e-01
    outer loop
      vertex   7.338806e-02 3.981196e-02 3.365604e-02
      vertex   7.548523e-02 4.000000e-02 3.122029e-02
      vertex   7.405876e-02 4.000000e-02 3.182271e-02
    endloop
  endfacet
  facet normal 6.312312e-02 9.894063e-01 1.307311e-01
    outer loop
      vertex   7.624275e-02 3.969554e-02 3.315876e-02
      vertex   7.548523e-02 4.000000e-02 3.122029e-02
      vertex   7.338806e-02 3.981196e-02 3.365604e-02
    endloop
  endfacet
  facet normal 7.129590e-02 9.892707e-01 1.275160e-01
    outer loop
      vertex   7.624275e-02 3.969554e-02 3.315876e-02
      vertex   7.683685e-02 4.000000e-02 3.046458e-02
      vertex   7.548523e-02 4.000000e-02 3.122029e-02
    endloop
  endfacet
  facet normal 2.831509e-03 9.936014e-01 1.129081e-01
    outer loop
      vertex   7.736191e-02 3.981196e-02 3.210619e-02
      vertex   7.683685e-02 4.000000e-02 3.046458e-02
      vertex   7.624275e-02 3.969554e-02 3.315876e-02
    endloop
  endfacet
  facet normal 6.614582e-02 9.934996e-01 9.264591e-02
    outer loop
      vertex   7.736191e-02 3.981196e-02 3.210619e-02
      vertex   7.767769e-02 4.000000e-02 2.986426e-02
      vertex   7.683685e-02 4.000000e-02 3.046458e-02
    endloop
  endfacet
  facet normal 6.024395e-02 9.939486e-01 9.185228e-02
    outer loop
      vertex   7.817093e-02 3.981196e-02 3.157557e-02
      vertex   7.767769e-02 4.000000e-02 2.986426e-02
      vertex   7.736191e-02 3.981196e-02 3.210619e-02
    endloop
  endfacet
  facet normal 6.794760e-02 9.936574e-01 8.959991e-02
    outer loop
      vertex   7.894180e-02 3.981196e-02 3.099098e-02
      vertex   7.767769e-02 4.000000e-02 2.986426e-02
      vertex   7.817093e-02 3.981196e-02 3.157557e-02
    endloop
  endfacet
  facet normal 7.408538e-02 9.938136e-01 8.273979e-02
    outer loop
      vertex   7.894180e-02 3.981196e-02 3.099098e-02
      vertex   7.883133e-02 4.000000e-02 2.883128e-02
      vertex   7.767769e-02 4.000000e-02 2.986426e-02
    endloop
  endfacet
  facet normal 2.391688e-01 9.682994e-01 7.207391e-02
    outer loop
      vertex   8.041908e-02 3.944566e-02 3.100993e-02
      vertex   7.883133e-02 4.000000e-02 2.883128e-02
      vertex   7.894180e-02 3.981196e-02 3.099098e-02
    endloop
  endfacet
  facet normal 1.644390e-01 9.779178e-01 1.289828e-01
    outer loop
      vertex   8.041908e-02 3.944566e-02 3.100993e-02
      vertex   8.057892e-02 4.000000e-02 2.660330e-02
      vertex   7.883133e-02 4.000000e-02 2.883128e-02
    endloop
  endfacet
  facet normal 1.112336e-01 9.935206e-01 2.332375e-02
    outer loop
      vertex   8.299591e-02 3.981196e-02 2.564491e-02
      vertex   8.250000e-02 4.000000e-02 2.000000e-02
      vertex   8.144714e-02 4.000000e-02 2.502119e-02
    endloop
  endfacet
  facet normal 3.971517e-01 9.177428e-01 -4.318710e-03
    outer loop
      vertex   8.343109e-02 3.962485e-02 2.590365e-02
      vertex   8.250000e-02 4.000000e-02 2.000000e-02
      vertex   8.299591e-02 3.981196e-02 2.564491e-02
    endloop
  endfacet
  facet normal 1.787472e-01 9.836540e-01 2.177738e-02
    outer loop
      vertex   8.470589e-02 3.959915e-02 2.000000e-02
      vertex   8.250000e-02 4.000000e-02 2.000000e-02
      vertex   8.463394e-02 3.954599e-02 2.299159e-02
    endloop
  endfacet
  facet normal 9.641725e-03 9.675827e-01 2.523703e-01
    outer loop
      vertex   7.354401e-02 3.957912e-02 3.454277e-02
      vertex   7.338806e-02 3.981196e-02 3.365604e-02
      vertex   7.000000e-02 3.935159e-02 3.555052e-02
    endloop
  endfacet
  facet normal 1.460182e-01 9.628521e-01 2.271442e-01
    outer loop
      vertex   7.469803e-02 3.933773e-02 3.482417e-02
      vertex   7.338806e-02 3.981196e-02 3.365604e-02
      vertex   7.354401e-02 3.957912e-02 3.454277e-02
    endloop
  endfacet
  facet normal 8.895807e-02 9.536692e-01 2.874048e-01
    outer loop
      vertex   7.624275e-02 3.969554e-02 3.315876e-02
      vertex   7.338806e-02 3.981196e-02 3.365604e-02
      vertex   7.469803e-02 3.933773e-02 3.482417e-02
    endloop
  endfacet
  facet normal 1.223766e-01 9.638391e-01 2.367238e-01
    outer loop
      vertex   7.689041e-02 3.957912e-02 3.329794e-02
      vertex   7.736191e-02 3.981196e-02 3.210619e-02
      vertex   7.624275e-02 3.969554e-02 3.315876e-02
    endloop
  endfacet
  facet normal 2.791127e-01 9.156375e-01 2.893166e-01
    outer loop
      vertex   7.745743e-02 3.923602e-02 3.383678e-02
      vertex   7.736191e-02 3.981196e-02 3.210619e-02
      vertex   7.689041e-02 3.957912e-02 3.329794e-02
    endloop
  endfacet
  facet normal 1.966433e-01 9.335103e-01 2.998165e-01
    outer loop
      vertex   7.745743e-02 3.923602e-02 3.383678e-02
      vertex   7.817093e-02 3.981196e-02 3.157557e-02
      vertex   7.736191e-02 3.981196e-02 3.210619e-02
    endloop
  endfacet
  facet normal 2.278416e-01 9.239584e-01 3.072279e-01
    outer loop
      vertex   8.041908e-02 3.944566e-02 3.100993e-02
      vertex   7.817093e-02 3.981196e-02 3.157557e-02
      vertex   7.745743e-02 3.923602e-02 3.383678e-02
    endloop
  endfacet
  facet normal 2.261138e-01 9.273449e-01 2.981677e-01
    outer loop
      vertex   8.041908e-02 3.944566e-02 3.100993e-02
      vertex   7.894180e-02 3.981196e-02 3.099098e-02
      vertex   7.817093e-02 3.981196e-02 3.157557e-02
    endloop
  endfacet
  facet normal 2.010028e-01 9.710012e-01 1.294389e-01
    outer loop
      vertex   8.319885e-02 3.917518e-02 2.872233e-02
      vertex   8.057892e-02 4.000000e-02 2.660330e-02
      vertex   8.041908e-02 3.944566e-02 3.100993e-02
    endloop
  endfacet
  facet normal 1.691371e-01 9.710221e-01 1.688452e-01
    outer loop
      vertex   8.343109e-02 3.962485e-02 2.590365e-02
      vertex   8.057892e-02 4.000000e-02 2.660330e-02
      vertex   8.319885e-02 3.917518e-02 2.872233e-02
    endloop
  endfacet
  facet normal 1.497568e-01 9.853014e-01 8.218327e-02
    outer loop
      vertex   8.343109e-02 3.962485e-02 2.590365e-02
      vertex   8.144714e-02 4.000000e-02 2.502119e-02
      vertex   8.057892e-02 4.000000e-02 2.660330e-02
    endloop
  endfacet
  facet normal -2.677410e-01 5.087560e-01 8.182189e-01
    outer loop
      vertex   8.343109e-02 3.962485e-02 2.590365e-02
      vertex   8.299591e-02 3.981196e-02 2.564491e-02
      vertex   8.144714e-02 4.000000e-02 2.502119e-02
    endloop
  endfacet
  facet normal 1.566988e-01 9.869151e-01 3.799976e-02
    outer loop
      vertex   8.463394e-02 3.954599e-02 2.299159e-02
      vertex   8.250000e-02 4.000000e-02 2.000000e-02
      vertex   8.343109e-02 3.962485e-02 2.590365e-02
    endloop
  endfacet
  facet normal 7.348690e-02 8.856978e-01 4.584092e-01
    outer loop
      vertex   7.469803e-02 3.933773e-02 3.482417e-02
      vertex   7.354401e-02 3.957912e-02 3.454277e-02
      vertex   7.000000e-02 3.935159e-02 3.555052e-02
    endloop
  endfacet
  facet normal 1.575258e-01 9.253218e-01 3.449133e-01
    outer loop
      vertex   7.745743e-02 3.923602e-02 3.383678e-02
      vertex   7.624275e-02 3.969554e-02 3.315876e-02
      vertex   7.469803e-02 3.933773e-02 3.482417e-02
    endloop
  endfacet
  facet normal 4.794872e-02 8.646419e-01 5.000953e-01
    outer loop
      vertex   7.745743e-02 3.923602e-02 3.383678e-02
      vertex   7.689041e-02 3.957912e-02 3.329794e-02
      vertex   7.624275e-02 3.969554e-02 3.315876e-02
    endloop
  endfacet
  facet normal 2.810884e-01 9.313558e-01 2.314424e-01
    outer loop
      vertex   8.238388e-02 3.899301e-02 3.044520e-02
      vertex   8.319885e-02 3.917518e-02 2.872233e-02
      vertex   8.041908e-02 3.944566e-02 3.100993e-02
    endloop
  endfacet
  facet normal 6.901334e-02 8.725412e-01 4.836414e-01
    outer loop
      vertex   7.372559e-02 3.853703e-02 3.648846e-02
      vertex   7.000000e-02 3.935159e-02 3.555052e-02
      vertex   7.000000e-02 3.878141e-02 3.657919e-02
    endloop
  endfacet
  facet normal 7.488041e-02 8.808076e-01 4.675157e-01
    outer loop
      vertex   7.372559e-02 3.853703e-02 3.648846e-02
      vertex   7.469803e-02 3.933773e-02 3.482417e-02
      vertex   7.000000e-02 3.935159e-02 3.555052e-02
    endloop
  endfacet
  facet normal 1.726154e-01 8.444164e-01 5.071142e-01
    outer loop
      vertex   7.635246e-02 3.850200e-02 3.565263e-02
      vertex   7.469803e-02 3.933773e-02 3.482417e-02
      vertex   7.372559e-02 3.853703e-02 3.648846e-02
    endloop
  endfacet
  facet normal 1.995982e-01 8.602425e-01 4.691944e-01
    outer loop
      vertex   7.635246e-02 3.850200e-02 3.565263e-02
      vertex   7.745743e-02 3.923602e-02 3.383678e-02
      vertex   7.469803e-02 3.933773e-02 3.482417e-02
    endloop
  endfacet
  facet normal 3.167854e-01 8.500324e-01 4.208229e-01
    outer loop
      vertex   8.238388e-02 3.899301e-02 3.044520e-02
      vertex   8.041908e-02 3.944566e-02 3.100993e-02
      vertex   8.213455e-02 3.804841e-02 3.254092e-02
    endloop
  endfacet
  facet normal 4.153689e-01 9.096522e-01 1.258711e-03
    outer loop
      vertex   8.676285e-02 3.810516e-02 2.469678e-02
      vertex   8.343109e-02 3.962485e-02 2.590365e-02
      vertex   8.512505e-02 3.885043e-02 2.656973e-02
    endloop
  endfacet
  facet normal 4.583029e-01 8.732214e-01 1.656585e-01
    outer loop
      vertex   8.676285e-02 3.810516e-02 2.469678e-02
      vertex   8.463394e-02 3.954599e-02 2.299159e-02
      vertex   8.343109e-02 3.962485e-02 2.590365e-02
    endloop
  endfacet
  facet normal 4.212193e-01 9.065792e-01 2.623908e-02
    outer loop
      vertex   8.673172e-02 3.865790e-02 2.000000e-02
      vertex   8.470589e-02 3.959915e-02 2.000000e-02
      vertex   8.463394e-02 3.954599e-02 2.299159e-02
    endloop
  endfacet
  facet normal 2.984403e-01 8.078908e-01 5.081790e-01
    outer loop
      vertex   8.033707e-02 3.790347e-02 3.426411e-02
      vertex   7.745743e-02 3.923602e-02 3.383678e-02
      vertex   7.635246e-02 3.850200e-02 3.565263e-02
    endloop
  endfacet
  facet normal 3.319821e-01 8.491423e-01 4.107861e-01
    outer loop
      vertex   8.033707e-02 3.790347e-02 3.426411e-02
      vertex   8.041908e-02 3.944566e-02 3.100993e-02
      vertex   7.745743e-02 3.923602e-02 3.383678e-02
    endloop
  endfacet
  facet normal 3.259243e-01 8.511093e-01 4.115656e-01
    outer loop
      vertex   8.033707e-02 3.790347e-02 3.426411e-02
      vertex   8.213455e-02 3.804841e-02 3.254092e-02
      vertex   8.041908e-02 3.944566e-02 3.100993e-02
    endloop
  endfacet
  facet normal 4.980033e-01 8.056708e-01 3.207604e-01
    outer loop
      vertex   8.525566e-02 3.792306e-02 2.867400e-02
      vertex   8.319885e-02 3.917518e-02 2.872233e-02
      vertex   8.238388e-02 3.899301e-02 3.044520e-02
    endloop
  endfacet
  facet normal 5.148688e-01 8.389529e-01 1.762616e-01
    outer loop
      vertex   8.525566e-02 3.792306e-02 2.867400e-02
      vertex   8.343109e-02 3.962485e-02 2.590365e-02
      vertex   8.319885e-02 3.917518e-02 2.872233e-02
    endloop
  endfacet
  facet normal 2.588867e-01 8.897071e-01 3.760305e-01
    outer loop
      vertex   8.525566e-02 3.792306e-02 2.867400e-02
      vertex   8.512505e-02 3.885043e-02 2.656973e-02
      vertex   8.343109e-02 3.962485e-02 2.590365e-02
    endloop
  endfacet
  facet normal 6.412244e-01 7.160838e-01 2.757812e-01
    outer loop
      vertex   8.525566e-02 3.792306e-02 2.867400e-02
      vertex   8.676285e-02 3.810516e-02 2.469678e-02
      vertex   8.512505e-02 3.885043e-02 2.656973e-02
    endloop
  endfacet
  facet normal 5.029368e-01 8.587800e-01 9.773137e-02
    outer loop
      vertex   8.673172e-02 3.865790e-02 2.000000e-02
      vertex   8.463394e-02 3.954599e-02 2.299159e-02
      vertex   8.676285e-02 3.810516e-02 2.469678e-02
    endloop
  endfacet
  facet normal 6.715002e-02 8.046830e-01 5.898951e-01
    outer loop
      vertex   7.242424e-02 3.780330e-02 3.763748e-02
      vertex   7.372559e-02 3.853703e-02 3.648846e-02
      vertex   7.000000e-02 3.878141e-02 3.657919e-02
    endloop
  endfacet
  facet normal 2.175676e-01 7.250804e-01 6.533933e-01
    outer loop
      vertex   7.527657e-02 3.698999e-02 3.768878e-02
      vertex   7.635246e-02 3.850200e-02 3.565263e-02
      vertex   7.372559e-02 3.853703e-02 3.648846e-02
    endloop
  endfacet
  facet normal 5.264764e-01 7.498797e-01 4.006283e-01
    outer loop
      vertex   8.213455e-02 3.804841e-02 3.254092e-02
      vertex   8.525566e-02 3.792306e-02 2.867400e-02
      vertex   8.238388e-02 3.899301e-02 3.044520e-02
    endloop
  endfacet
  facet normal 2.002877e-01 7.069728e-01 6.782878e-01
    outer loop
      vertex   7.311836e-02 3.717618e-02 3.808617e-02
      vertex   7.372559e-02 3.853703e-02 3.648846e-02
      vertex   7.242424e-02 3.780330e-02 3.763748e-02
    endloop
  endfacet
  facet normal 1.860958e-01 7.119445e-01 6.771287e-01
    outer loop
      vertex   7.311836e-02 3.717618e-02 3.808617e-02
      vertex   7.527657e-02 3.698999e-02 3.768878e-02
      vertex   7.372559e-02 3.853703e-02 3.648846e-02
    endloop
  endfacet
  facet normal 3.026086e-01 6.817017e-01 6.661163e-01
    outer loop
      vertex   7.707687e-02 3.636895e-02 3.750649e-02
      vertex   7.635246e-02 3.850200e-02 3.565263e-02
      vertex   7.527657e-02 3.698999e-02 3.768878e-02
    endloop
  endfacet
  facet normal 3.301548e-01 6.805841e-01 6.540666e-01
    outer loop
      vertex   7.707687e-02 3.636895e-02 3.750649e-02
      vertex   8.033707e-02 3.790347e-02 3.426411e-02
      vertex   7.635246e-02 3.850200e-02 3.565263e-02
    endloop
  endfacet
  facet normal 5.867438e-01 6.720210e-01 4.517958e-01
    outer loop
      vertex   8.506729e-02 3.623116e-02 3.143526e-02
      vertex   8.525566e-02 3.792306e-02 2.867400e-02
      vertex   8.213455e-02 3.804841e-02 3.254092e-02
    endloop
  endfacet
  facet normal 7.538905e-01 5.781053e-01 3.121592e-01
    outer loop
      vertex   8.825989e-02 3.531825e-02 2.624254e-02
      vertex   8.676285e-02 3.810516e-02 2.469678e-02
      vertex   8.525566e-02 3.792306e-02 2.867400e-02
    endloop
  endfacet
  facet normal 7.434587e-01 6.647524e-01 7.330338e-02
    outer loop
      vertex   8.868805e-02 3.646994e-02 2.000000e-02
      vertex   8.673172e-02 3.865790e-02 2.000000e-02
      vertex   8.676285e-02 3.810516e-02 2.469678e-02
    endloop
  endfacet
  facet normal 1.361306e-01 5.083039e-01 8.503503e-01
    outer loop
      vertex   7.453613e-02 3.593816e-02 3.859923e-02
      vertex   7.311836e-02 3.717618e-02 3.808617e-02
      vertex   7.263031e-02 3.554964e-02 3.913657e-02
    endloop
  endfacet
  facet normal 1.965472e-01 5.589381e-01 8.055789e-01
    outer loop
      vertex   7.453613e-02 3.593816e-02 3.859923e-02
      vertex   7.527657e-02 3.698999e-02 3.768878e-02
      vertex   7.311836e-02 3.717618e-02 3.808617e-02
    endloop
  endfacet
  facet normal 5.372403e-01 5.830522e-01 6.094448e-01
    outer loop
      vertex   8.272987e-02 3.549493e-02 3.445903e-02
      vertex   8.213455e-02 3.804841e-02 3.254092e-02
      vertex   8.033707e-02 3.790347e-02 3.426411e-02
    endloop
  endfacet
  facet normal 5.751292e-01 5.728101e-01 5.840504e-01
    outer loop
      vertex   8.272987e-02 3.549493e-02 3.445903e-02
      vertex   8.506729e-02 3.623116e-02 3.143526e-02
      vertex   8.213455e-02 3.804841e-02 3.254092e-02
    endloop
  endfacet
  facet normal 7.444566e-01 3.034705e-01 5.947185e-01
    outer loop
      vertex   8.825989e-02 3.531825e-02 2.624254e-02
      vertex   8.525566e-02 3.792306e-02 2.867400e-02
      vertex   8.855141e-02 3.250000e-02 2.731571e-02
    endloop
  endfacet
  facet normal 8.317479e-01 5.329672e-01 1.553751e-01
    outer loop
      vertex   8.825989e-02 3.531825e-02 2.624254e-02
      vertex   8.868805e-02 3.646994e-02 2.000000e-02
      vertex   8.676285e-02 3.810516e-02 2.469678e-02
    endloop
  endfacet
  facet normal 2.616442e-01 5.197612e-01 8.132592e-01
    outer loop
      vertex   7.453613e-02 3.593816e-02 3.859923e-02
      vertex   7.707687e-02 3.636895e-02 3.750649e-02
      vertex   7.527657e-02 3.698999e-02 3.768878e-02
    endloop
  endfacet
  facet normal 2.951480e-01 4.271538e-01 8.546504e-01
    outer loop
      vertex   7.656868e-02 3.476726e-02 3.848252e-02
      vertex   7.707687e-02 3.636895e-02 3.750649e-02
      vertex   7.453613e-02 3.593816e-02 3.859923e-02
    endloop
  endfacet
  facet normal 4.520914e-01 5.398377e-01 7.100623e-01
    outer loop
      vertex   7.973358e-02 3.484237e-02 3.697560e-02
      vertex   8.033707e-02 3.790347e-02 3.426411e-02
      vertex   7.707687e-02 3.636895e-02 3.750649e-02
    endloop
  endfacet
  facet normal 4.752517e-01 5.290420e-01 7.030294e-01
    outer loop
      vertex   7.973358e-02 3.484237e-02 3.697560e-02
      vertex   8.272987e-02 3.549493e-02 3.445903e-02
      vertex   8.033707e-02 3.790347e-02 3.426411e-02
    endloop
  endfacet
  facet normal 8.427184e-01 4.315196e-01 3.218952e-01
    outer loop
      vertex   8.855141e-02 3.250000e-02 2.731571e-02
      vertex   8.525566e-02 3.792306e-02 2.867400e-02
      vertex   8.506729e-02 3.623116e-02 3.143526e-02
    endloop
  endfacet
  facet normal 1.767494e-01 3.854974e-01 9.056221e-01
    outer loop
      vertex   7.400711e-02 3.457300e-02 3.928359e-02
      vertex   7.453613e-02 3.593816e-02 3.859923e-02
      vertex   7.263031e-02 3.554964e-02 3.913657e-02
    endloop
  endfacet
  facet normal 1.844856e-01 3.823871e-01 9.053978e-01
    outer loop
      vertex   7.528236e-02 3.497709e-02 3.885308e-02
      vertex   7.453613e-02 3.593816e-02 3.859923e-02
      vertex   7.400711e-02 3.457300e-02 3.928359e-02
    endloop
  endfacet
  facet normal 3.142769e-01 4.629353e-01 8.288069e-01
    outer loop
      vertex   7.528236e-02 3.497709e-02 3.885308e-02
      vertex   7.656868e-02 3.476726e-02 3.848252e-02
      vertex   7.453613e-02 3.593816e-02 3.859923e-02
    endloop
  endfacet
  facet normal 3.389598e-01 4.087997e-01 8.473423e-01
    outer loop
      vertex   7.784676e-02 3.457300e-02 3.806498e-02
      vertex   7.707687e-02 3.636895e-02 3.750649e-02
      vertex   7.656868e-02 3.476726e-02 3.848252e-02
    endloop
  endfacet
  facet normal 4.061363e-01 4.255702e-01 8.086676e-01
    outer loop
      vertex   7.973358e-02 3.484237e-02 3.697560e-02
      vertex   7.707687e-02 3.636895e-02 3.750649e-02
      vertex   7.784676e-02 3.457300e-02 3.806498e-02
    endloop
  endfacet
  facet normal 8.430182e-01 2.804152e-01 4.590072e-01
    outer loop
      vertex   8.611404e-02 3.250000e-02 3.179220e-02
      vertex   8.855141e-02 3.250000e-02 2.731571e-02
      vertex   8.506729e-02 3.623116e-02 3.143526e-02
    endloop
  endfacet
  facet normal 5.729048e-02 2.271119e-01 9.721821e-01
    outer loop
      vertex   7.204407e-02 3.250000e-02 3.988355e-02
      vertex   7.400711e-02 3.457300e-02 3.928359e-02
      vertex   7.263031e-02 3.554964e-02 3.913657e-02
    endloop
  endfacet
  facet normal 2.672757e-01 1.675117e-01 9.489486e-01
    outer loop
      vertex   7.539597e-02 3.250000e-02 3.925835e-02
      vertex   7.528236e-02 3.497709e-02 3.885308e-02
      vertex   7.400711e-02 3.457300e-02 3.928359e-02
    endloop
  endfacet
  facet normal 2.980319e-01 1.674188e-01 9.397595e-01
    outer loop
      vertex   7.539597e-02 3.250000e-02 3.925835e-02
      vertex   7.656868e-02 3.476726e-02 3.848252e-02
      vertex   7.528236e-02 3.497709e-02 3.885308e-02
    endloop
  endfacet
  facet normal 7.231764e-01 2.860066e-01 6.286621e-01
    outer loop
      vertex   8.461670e-02 3.250000e-02 3.365106e-02
      vertex   8.506729e-02 3.623116e-02 3.143526e-02
      vertex   8.272987e-02 3.549493e-02 3.445903e-02
    endloop
  endfacet
  facet normal 7.502188e-01 2.682819e-01 6.043150e-01
    outer loop
      vertex   8.611404e-02 3.250000e-02 3.179220e-02
      vertex   8.506729e-02 3.623116e-02 3.143526e-02
      vertex   8.461670e-02 3.250000e-02 3.365106e-02
    endloop
  endfacet
  facet normal 9.661982e-01 1.727957e-01 1.913181e-01
    outer loop
      vertex   9.000000e-02 3.250000e-02 2.000000e-02
      vertex   8.825989e-02 3.531825e-02 2.624254e-02
      vertex   8.855141e-02 3.250000e-02 2.731571e-02
    endloop
  endfacet
  facet normal 9.423920e-01 3.114333e-01 1.220930e-01
    outer loop
      vertex   9.000000e-02 3.250000e-02 2.000000e-02
      vertex   8.868805e-02 3.646994e-02 2.000000e-02
      vertex   8.825989e-02 3.531825e-02 2.624254e-02
    endloop
  endfacet
  facet normal 1.458757e-01 1.450848e-01 9.786065e-01
    outer loop
      vertex   7.406914e-02 3.250000e-02 3.958168e-02
      vertex   7.400711e-02 3.457300e-02 3.928359e-02
      vertex   7.204407e-02 3.250000e-02 3.988355e-02
    endloop
  endfacet
  facet normal 2.342503e-01 1.452356e-01 9.612666e-01
    outer loop
      vertex   7.406914e-02 3.250000e-02 3.958168e-02
      vertex   7.539597e-02 3.250000e-02 3.925835e-02
      vertex   7.400711e-02 3.457300e-02 3.928359e-02
    endloop
  endfacet
  facet normal 3.275419e-01 1.498029e-01 9.328855e-01
    outer loop
      vertex   7.539597e-02 3.250000e-02 3.925835e-02
      vertex   7.784676e-02 3.457300e-02 3.806498e-02
      vertex   7.656868e-02 3.476726e-02 3.848252e-02
    endloop
  endfacet
  facet normal 3.743730e-01 8.875825e-02 9.230205e-01
    outer loop
      vertex   7.870735e-02 3.250000e-02 3.791526e-02
      vertex   7.784676e-02 3.457300e-02 3.806498e-02
      vertex   7.539597e-02 3.250000e-02 3.925835e-02
    endloop
  endfacet
  facet normal 4.805603e-01 1.369447e-01 8.662032e-01
    outer loop
      vertex   7.870735e-02 3.250000e-02 3.791526e-02
      vertex   7.973358e-02 3.484237e-02 3.697560e-02
      vertex   7.784676e-02 3.457300e-02 3.806498e-02
    endloop
  endfacet
  facet normal 5.942291e-01 2.363399e-01 7.687881e-01
    outer loop
      vertex   8.313644e-02 3.250000e-02 3.506547e-02
      vertex   8.272987e-02 3.549493e-02 3.445903e-02
      vertex   7.973358e-02 3.484237e-02 3.697560e-02
    endloop
  endfacet
  facet normal 4.518298e-01 2.355674e-01 8.604405e-01
    outer loop
      vertex   8.361885e-02 3.333973e-02 3.458225e-02
      vertex   8.272987e-02 3.549493e-02 3.445903e-02
      vertex   8.313644e-02 3.250000e-02 3.506547e-02
    endloop
  endfacet
  facet normal 7.795375e-01 3.511977e-01 5.186342e-01
    outer loop
      vertex   8.361885e-02 3.333973e-02 3.458225e-02
      vertex   8.461670e-02 3.250000e-02 3.365106e-02
      vertex   8.272987e-02 3.549493e-02 3.445903e-02
    endloop
  endfacet
  facet normal 6.907162e-01 1.917043e-02 7.228718e-01
    outer loop
      vertex   8.361885e-02 3.333973e-02 3.458225e-02
      vertex   8.313644e-02 3.250000e-02 3.506547e-02
      vertex   8.461670e-02 3.250000e-02 3.365106e-02
    endloop
  endfacet
  facet normal 5.383949e-01 9.979608e-02 8.367626e-01
    outer loop
      vertex   7.973358e-02 3.484237e-02 3.697560e-02
      vertex   7.870735e-02 3.250000e-02 3.791526e-02
      vertex   8.313644e-02 3.250000e-02 3.506547e-02
    endloop
  endfacet
  facet normal 5.666338e-02 8.700325e-02 9.945952e-01
    outer loop
      vertex   7.000000e-02 3.367165e-02 3.989751e-02
      vertex   7.000000e-02 3.250000e-02 4.000000e-02
      vertex   7.204407e-02 3.250000e-02 3.988355e-02
    endloop
  endfacet
  facet normal 1.614018e-02 3.906683e-01 9.203900e-01
    outer loop
      vertex   7.131416e-02 3.575413e-02 3.921237e-02
      vertex   7.000000e-02 3.590026e-02 3.917339e-02
      vertex   7.000000e-02 3.481763e-02 3.963293e-02
    endloop
  endfacet
  facet normal 3.794455e-02 5.617016e-01 8.264693e-01
    outer loop
      vertex   7.000000e-02 3.751848e-02 3.807359e-02
      vertex   7.000000e-02 3.590026e-02 3.917339e-02
      vertex   7.131416e-02 3.575413e-02 3.921237e-02
    endloop
  endfacet
  facet normal 1.000000e+00 0.000000e+00 0.000000e+00
    outer loop
      vertex   7.000000e-02 3.690839e-02 3.856763e-02
      vertex   7.000000e-02 3.590026e-02 3.917339e-02
      vertex   7.000000e-02 3.751848e-02 3.807359e-02
    endloop
  endfacet
  facet normal 1.000000e+00 0.000000e+00 0.000000e+00
    outer loop
      vertex   7.000000e-02 3.995892e-02 3.328396e-02
      vertex   7.000000e-02 3.973452e-02 3.443849e-02
      vertex   7.000000e-02 3.935159e-02 3.555052e-02
    endloop
  endfacet
  facet normal 1.284602e-01 2.125692e-01 9.686652e-01
    outer loop
      vertex   7.263031e-02 3.554964e-02 3.913657e-02
      vertex   7.000000e-02 3.367165e-02 3.989751e-02
      vertex   7.204407e-02 3.250000e-02 3.988355e-02
    endloop
  endfacet
  facet normal 1.203803e-01 2.233254e-01 9.672819e-01
    outer loop
      vertex   7.263031e-02 3.554964e-02 3.913657e-02
      vertex   7.000000e-02 3.481763e-02 3.963293e-02
      vertex   7.000000e-02 3.367165e-02 3.989751e-02
    endloop
  endfacet
  facet normal 9.959498e-02 2.879559e-01 9.524507e-01
    outer loop
      vertex   7.263031e-02 3.554964e-02 3.913657e-02
      vertex   7.131416e-02 3.575413e-02 3.921237e-02
      vertex   7.000000e-02 3.481763e-02 3.963293e-02
    endloop
  endfacet
  facet normal 1.395064e-01 6.082519e-01 7.813882e-01
    outer loop
      vertex   7.263031e-02 3.554964e-02 3.913657e-02
      vertex   7.000000e-02 3.751848e-02 3.807359e-02
      vertex   7.131416e-02 3.575413e-02 3.921237e-02
    endloop
  endfacet
  facet normal 5.476884e-02 5.300387e-01 8.462029e-01
    outer loop
      vertex   7.311836e-02 3.717618e-02 3.808617e-02
      vertex   7.000000e-02 3.751848e-02 3.807359e-02
      vertex   7.263031e-02 3.554964e-02 3.913657e-02
    endloop
  endfacet
  facet normal 6.577851e-02 6.277431e-01 7.756363e-01
    outer loop
      vertex   7.242424e-02 3.780330e-02 3.763748e-02
      vertex   7.000000e-02 3.751848e-02 3.807359e-02
      vertex   7.311836e-02 3.717618e-02 3.808617e-02
    endloop
  endfacet
  facet normal 4.408313e-02 7.064194e-01 7.064194e-01
    outer loop
      vertex   7.242424e-02 3.780330e-02 3.763748e-02
      vertex   7.000000e-02 3.807359e-02 3.751848e-02
      vertex   7.000000e-02 3.751848e-02 3.807359e-02
    endloop
  endfacet
  facet normal 5.939297e-02 7.972171e-01 6.007640e-01
    outer loop
      vertex   7.000000e-02 3.878141e-02 3.657919e-02
      vertex   7.000000e-02 3.807359e-02 3.751848e-02
      vertex   7.242424e-02 3.780330e-02 3.763748e-02
    endloop
  endfacet
  facet normal 1.347176e-02 9.658381e-01 2.587959e-01
    outer loop
      vertex   7.338806e-02 3.981196e-02 3.365604e-02
      vertex   7.000000e-02 3.995892e-02 3.328396e-02
      vertex   7.000000e-02 3.935159e-02 3.555052e-02
    endloop
  endfacet
  facet normal 3.043372e-02 9.928955e-01 1.150316e-01
    outer loop
      vertex   7.306854e-02 4.000000e-02 3.211751e-02
      vertex   7.000000e-02 3.995892e-02 3.328396e-02
      vertex   7.338806e-02 3.981196e-02 3.365604e-02
    endloop
  endfacet
  facet normal 6.523323e-03 9.986084e-01 5.233296e-02
    outer loop
      vertex   7.000000e-02 4.000000e-02 3.250000e-02
      vertex   7.000000e-02 3.995892e-02 3.328396e-02
      vertex   7.306854e-02 4.000000e-02 3.211751e-02
    endloop
  endfacet
  facet normal 9.493098e-01 3.137194e-01 1.977236e-02
    outer loop
      vertex   8.965004e-02 3.456048e-02 4.109538e-03
      vertex   8.868805e-02 3.646994e-02 2.000000e-02
      vertex   9.000000e-02 3.250000e-02 2.000000e-02
    endloop
  endfacet
  facet normal 8.752073e-01 4.837208e-01 -5.141763e-03
    outer loop
      vertex   8.804840e-02 3.745836e-02 4.109538e-03
      vertex   8.868805e-02 3.646994e-02 2.000000e-02
      vertex   8.965004e-02 3.456048e-02 4.109538e-03
    endloop
  endfacet
  facet normal 7.454154e-01 6.665019e-01 1.145221e-02
    outer loop
      vertex   8.804840e-02 3.745836e-02 4.109538e-03
      vertex   8.673172e-02 3.865790e-02 2.000000e-02
      vertex   8.868805e-02 3.646994e-02 2.000000e-02
    endloop
  endfacet
  facet normal 5.331696e-01 8.457797e-01 -1.966773e-02
    outer loop
      vertex   8.465195e-02 3.959945e-02 4.109538e-03
      vertex   8.673172e-02 3.865790e-02 2.000000e-02
      vertex   8.804840e-02 3.745836e-02 4.109538e-03
    endloop
  endfacet
  facet normal 4.213640e-01 9.068905e-01 -1.413438e-03
    outer loop
      vertex   8.465195e-02 3.959945e-02 4.109538e-03
      vertex   8.470589e-02 3.959915e-02 2.000000e-02
      vertex   8.673172e-02 3.865790e-02 2.000000e-02
    endloop
  endfacet
  facet normal 1.787896e-01 9.838872e-01 -5.885922e-04
    outer loop
      vertex   8.250000e-02 4.000000e-02 2.000000e-02
      vertex   8.470589e-02 3.959915e-02 2.000000e-02
      vertex   8.465195e-02 3.959945e-02 4.109538e-03
    endloop
  endfacet
  facet normal 1.829920e-01 9.831144e-01 0.000000e+00
    outer loop
      vertex   8.465195e-02 3.959945e-02 4.109538e-03
      vertex   8.250000e-02 4.000000e-02 -1.000000e-02
      vertex   8.250000e-02 4.000000e-02 2.000000e-02
    endloop
  endfacet
  facet normal 1.498345e-01 9.886973e-01 5.215592e-03
    outer loop
      vertex   8.465195e-02 3.959945e-02 4.109538e-03
      vertex   8.457520e-02 3.968656e-02 -1.019833e-02
      vertex   8.250000e-02 4.000000e-02 -1.000000e-02
    endloop
  endfacet
  facet normal 4.336590e-01 9.010715e-01 3.159592e-03
    outer loop
      vertex   8.465195e-02 3.959945e-02 4.109538e-03
      vertex   8.675896e-02 3.863785e-02 -1.084757e-02
      vertex   8.457520e-02 3.968656e-02 -1.019833e-02
    endloop
  endfacet
  facet normal 5.331582e-01 8.457615e-01 2.073194e-02
    outer loop
      vertex   8.804840e-02 3.745836e-02 4.109538e-03
      vertex   8.675896e-02 3.863785e-02 -1.084757e-02
      vertex   8.465195e-02 3.959945e-02 4.109538e-03
    endloop
  endfacet
  facet normal 6.415818e-01 7.670371e-01 5.176729e-03
    outer loop
      vertex   8.804840e-02 3.745836e-02 4.109538e-03
      vertex   8.785973e-02 3.771976e-02 -1.123749e-02
      vertex   8.675896e-02 3.863785e-02 -1.084757e-02
    endloop
  endfacet
  facet normal 8.031869e-01 5.957271e-01 2.721970e-04
    outer loop
      vertex   8.804840e-02 3.745836e-02 4.109538e-03
      vertex   8.908752e-02 3.606450e-02 -1.150128e-02
      vertex   8.785973e-02 3.771976e-02 -1.123749e-02
    endloop
  endfacet
  facet normal 8.751195e-01 4.836723e-01 1.506552e-02
    outer loop
      vertex   8.965004e-02 3.456048e-02 4.109538e-03
      vertex   8.908752e-02 3.606450e-02 -1.150128e-02
      vertex   8.804840e-02 3.745836e-02 4.109538e-03
    endloop
  endfacet
  facet normal 9.206880e-01 3.902742e-01 4.425097e-03
    outer loop
      vertex   8.965004e-02 3.456048e-02 4.109538e-03
      vertex   8.963867e-02 3.476564e-02 -1.161941e-02
      vertex   8.908752e-02 3.606450e-02 -1.150128e-02
    endloop
  endfacet
  facet normal 9.654844e-01 2.604469e-01 2.699331e-03
    outer loop
      vertex   8.965004e-02 3.456048e-02 4.109538e-03
      vertex   8.985756e-02 3.395486e-02 -1.168129e-02
      vertex   8.963867e-02 3.476564e-02 -1.161941e-02
    endloop
  endfacet
  facet normal 9.901090e-01 1.400924e-01 7.638867e-03
    outer loop
      vertex   8.965004e-02 3.456048e-02 4.109538e-03
      vertex   8.996002e-02 3.323344e-02 -1.173160e-02
      vertex   8.985756e-02 3.395486e-02 -1.168129e-02
    endloop
  endfacet
  facet normal 9.858812e-01 1.674461e-01 -0.000000e+00
    outer loop
      vertex   9.000000e-02 3.250000e-02 -1.178093e-02
      vertex   8.965004e-02 3.456048e-02 4.109538e-03
      vertex   9.000000e-02 3.250000e-02 2.000000e-02
    endloop
  endfacet
  facet normal 9.984590e-01 5.341031e-02 1.506376e-02
    outer loop
      vertex   8.996002e-02 3.323344e-02 -1.173160e-02
      vertex   8.965004e-02 3.456048e-02 4.109538e-03
      vertex   9.000000e-02 3.250000e-02 -1.178093e-02
    endloop
  endfacet
endsolid
