solid ASCII
  facet normal -7.071068e-01 0.000000e+00 7.071068e-01
    outer loop
      vertex   -9.714447e-02 8.000000e-02 -1.123595e-02
      vertex   -1.324998e-01 7.000000e-02 -4.659129e-02
      vertex   -9.714447e-02 7.000000e-02 -1.123595e-02
    endloop
  endfacet
  facet normal -7.071068e-01 0.000000e+00 7.071068e-01
    outer loop
      vertex   -1.324998e-01 8.000000e-02 -4.659129e-02
      vertex   -1.324998e-01 7.000000e-02 -4.659129e-02
      vertex   -9.714447e-02 8.000000e-02 -1.123595e-02
    endloop
  endfacet
  facet normal 7.071068e-01 4.906539e-16 -7.071068e-01
    outer loop
      vertex   -2.643380e-02 7.000000e-02 -8.194662e-02
      vertex   -6.178914e-02 8.000000e-02 -1.173020e-01
      vertex   -2.643380e-02 8.000000e-02 -8.194662e-02
    endloop
  endfacet
  facet normal 7.071068e-01 1.471962e-15 -7.071068e-01
    outer loop
      vertex   -6.178914e-02 7.000000e-02 -1.173020e-01
      vertex   -6.178914e-02 8.000000e-02 -1.173020e-01
      vertex   -2.643380e-02 7.000000e-02 -8.194662e-02
    endloop
  endfacet
  facet normal -5.887847e-16 1.000000e+00 1.962616e-16
    outer loop
      vertex   -1.324998e-01 8.000000e-02 -4.659129e-02
      vertex   -9.714447e-02 8.000000e-02 -1.123595e-02
      vertex   -2.643380e-02 8.000000e-02 -8.194662e-02
    endloop
  endfacet
  facet normal -3.458141e-15 1.000000e+00 -5.562667e-15
    outer loop
      vertex   -1.279941e-01 8.000000e-02 -1.211222e-01
      vertex   -1.088614e-01 8.000000e-02 -1.305216e-01
      vertex   -1.182150e-01 8.000000e-02 -1.272016e-01
    endloop
  endfacet
  facet normal 4.395370e-16 1.000000e+00 2.371139e-15
    outer loop
      vertex   -1.355188e-01 8.000000e-02 -1.138746e-01
      vertex   -1.088614e-01 8.000000e-02 -1.305216e-01
      vertex   -1.279941e-01 8.000000e-02 -1.211222e-01
    endloop
  endfacet
  facet normal -1.744243e-15 1.000000e+00 -1.125805e-15
    outer loop
      vertex   -1.419102e-01 8.000000e-02 -1.039722e-01
      vertex   -1.088614e-01 8.000000e-02 -1.305216e-01
      vertex   -1.355188e-01 8.000000e-02 -1.138746e-01
    endloop
  endfacet
  facet normal 1.940281e-16 1.000000e+00 1.286956e-15
    outer loop
      vertex   -1.458587e-01 8.000000e-02 -9.259347e-02
      vertex   -1.088614e-01 8.000000e-02 -1.305216e-01
      vertex   -1.419102e-01 8.000000e-02 -1.039722e-01
    endloop
  endfacet
  facet normal 2.150836e-16 1.000000e+00 1.307494e-15
    outer loop
      vertex   -1.458587e-01 8.000000e-02 -9.259347e-02
      vertex   -1.019728e-01 8.000000e-02 -1.316548e-01
      vertex   -1.088614e-01 8.000000e-02 -1.305216e-01
    endloop
  endfacet
  facet normal -2.432913e-15 1.000000e+00 -1.667559e-15
    outer loop
      vertex   -1.470837e-01 8.000000e-02 -8.248394e-02
      vertex   -1.019728e-01 8.000000e-02 -1.316548e-01
      vertex   -1.458587e-01 8.000000e-02 -9.259347e-02
    endloop
  endfacet
  facet normal -1.743585e-15 1.000000e+00 -1.035148e-15
    outer loop
      vertex   -1.470837e-01 8.000000e-02 -8.248394e-02
      vertex   -9.392092e-02 8.000000e-02 -1.318107e-01
      vertex   -1.019728e-01 8.000000e-02 -1.316548e-01
    endloop
  endfacet
  facet normal -7.318896e-16 1.000000e+00 5.522474e-17
    outer loop
      vertex   -1.464377e-01 8.000000e-02 -7.392174e-02
      vertex   -9.392092e-02 8.000000e-02 -1.318107e-01
      vertex   -1.470837e-01 8.000000e-02 -8.248394e-02
    endloop
  endfacet
  facet normal 7.723175e-16 1.000000e+00 1.419838e-15
    outer loop
      vertex   -1.442249e-01 8.000000e-02 -6.535114e-02
      vertex   -9.392092e-02 8.000000e-02 -1.318107e-01
      vertex   -1.464377e-01 8.000000e-02 -7.392174e-02
    endloop
  endfacet
  facet normal -6.671572e-16 1.000000e+00 3.302829e-16
    outer loop
      vertex   -1.389959e-01 8.000000e-02 -5.478872e-02
      vertex   -9.392092e-02 8.000000e-02 -1.318107e-01
      vertex   -1.442249e-01 8.000000e-02 -6.535114e-02
    endloop
  endfacet
  facet normal -5.231401e-16 1.000000e+00 4.145649e-16
    outer loop
      vertex   -1.324998e-01 8.000000e-02 -4.659129e-02
      vertex   -9.392092e-02 8.000000e-02 -1.318107e-01
      vertex   -1.389959e-01 8.000000e-02 -5.478872e-02
    endloop
  endfacet
  facet normal -5.147510e-16 1.000000e+00 4.183627e-16
    outer loop
      vertex   -2.643380e-02 8.000000e-02 -8.194662e-02
      vertex   -9.392092e-02 8.000000e-02 -1.318107e-01
      vertex   -1.324998e-01 8.000000e-02 -4.659129e-02
    endloop
  endfacet
  facet normal 6.326680e-17 1.000000e+00 -3.639389e-16
    outer loop
      vertex   -8.441133e-02 8.000000e-02 -1.301576e-01
      vertex   -9.392092e-02 8.000000e-02 -1.318107e-01
      vertex   -2.643380e-02 8.000000e-02 -8.194662e-02
    endloop
  endfacet
  facet normal 1.902180e-16 1.000000e+00 -5.166079e-16
    outer loop
      vertex   -7.485506e-02 8.000000e-02 -1.266389e-01
      vertex   -8.441133e-02 8.000000e-02 -1.301576e-01
      vertex   -2.643380e-02 8.000000e-02 -8.194662e-02
    endloop
  endfacet
  facet normal 5.621639e-16 1.000000e+00 -9.195879e-16
    outer loop
      vertex   -2.643380e-02 8.000000e-02 -8.194662e-02
      vertex   -6.752902e-02 8.000000e-02 -1.221603e-01
      vertex   -7.485506e-02 8.000000e-02 -1.266389e-01
    endloop
  endfacet
  facet normal 2.163348e-15 1.000000e+00 -2.555871e-15
    outer loop
      vertex   -2.643380e-02 8.000000e-02 -8.194662e-02
      vertex   -6.178914e-02 8.000000e-02 -1.173020e-01
      vertex   -6.752902e-02 8.000000e-02 -1.221603e-01
    endloop
  endfacet
  facet normal -7.837451e-01 0.000000e+00 6.210826e-01
    outer loop
      vertex   -1.389959e-01 8.000000e-02 -5.478872e-02
      vertex   -1.324998e-01 7.000000e-02 -4.659129e-02
      vertex   -1.324998e-01 8.000000e-02 -4.659129e-02
    endloop
  endfacet
  facet normal -7.774758e-01 1.042067e-02 6.288266e-01
    outer loop
      vertex   -1.389959e-01 8.000000e-02 -5.478872e-02
      vertex   -1.389140e-01 7.000000e-02 -5.452178e-02
      vertex   -1.324998e-01 7.000000e-02 -4.659129e-02
    endloop
  endfacet
  facet normal -8.789710e-01 5.532803e-03 4.768431e-01
    outer loop
      vertex   -1.389959e-01 8.000000e-02 -5.478872e-02
      vertex   -1.427543e-01 7.000000e-02 -6.160061e-02
      vertex   -1.389140e-01 7.000000e-02 -5.452178e-02
    endloop
  endfacet
  facet normal -8.956550e-01 3.458237e-02 4.434030e-01
    outer loop
      vertex   -1.442249e-01 8.000000e-02 -6.535114e-02
      vertex   -1.427543e-01 7.000000e-02 -6.160061e-02
      vertex   -1.389959e-01 8.000000e-02 -5.478872e-02
    endloop
  endfacet
  facet normal -9.381752e-01 -8.178037e-03 3.460642e-01
    outer loop
      vertex   -1.442249e-01 8.000000e-02 -6.535114e-02
      vertex   -1.451703e-01 7.000000e-02 -6.815038e-02
      vertex   -1.427543e-01 7.000000e-02 -6.160061e-02
    endloop
  endfacet
  facet normal -9.680262e-01 2.155677e-02 2.499211e-01
    outer loop
      vertex   -1.464377e-01 8.000000e-02 -7.392174e-02
      vertex   -1.451703e-01 7.000000e-02 -6.815038e-02
      vertex   -1.442249e-01 8.000000e-02 -6.535114e-02
    endloop
  endfacet
  facet normal -9.817869e-01 -1.512644e-02 1.893821e-01
    outer loop
      vertex   -1.464377e-01 8.000000e-02 -7.392174e-02
      vertex   -1.467460e-01 7.000000e-02 -7.631869e-02
      vertex   -1.451703e-01 7.000000e-02 -6.815038e-02
    endloop
  endfacet
  facet normal -9.970849e-01 1.270560e-02 7.523505e-02
    outer loop
      vertex   -1.470837e-01 8.000000e-02 -8.248394e-02
      vertex   -1.467460e-01 7.000000e-02 -7.631869e-02
      vertex   -1.464377e-01 8.000000e-02 -7.392174e-02
    endloop
  endfacet
  facet normal -9.994404e-01 -1.547484e-02 2.965559e-02
    outer loop
      vertex   -1.470837e-01 8.000000e-02 -8.248394e-02
      vertex   -1.470086e-01 7.000000e-02 -8.516981e-02
      vertex   -1.467460e-01 7.000000e-02 -7.631869e-02
    endloop
  endfacet
  facet normal -9.924314e-01 2.484351e-02 -1.202611e-01
    outer loop
      vertex   -1.458587e-01 8.000000e-02 -9.259347e-02
      vertex   -1.470086e-01 7.000000e-02 -8.516981e-02
      vertex   -1.470837e-01 8.000000e-02 -8.248394e-02
    endloop
  endfacet
  facet normal -9.889917e-01 3.915515e-03 -1.479193e-01
    outer loop
      vertex   -1.458587e-01 8.000000e-02 -9.259347e-02
      vertex   -1.458173e-01 7.000000e-02 -9.313462e-02
      vertex   -1.470086e-01 7.000000e-02 -8.516981e-02
    endloop
  endfacet
  facet normal -9.516429e-01 1.267556e-02 -3.069449e-01
    outer loop
      vertex   -1.458587e-01 8.000000e-02 -9.259347e-02
      vertex   -1.431815e-01 7.000000e-02 -1.013066e-01
      vertex   -1.458173e-01 7.000000e-02 -9.313462e-02
    endloop
  endfacet
  facet normal -9.442314e-01 3.270441e-02 -3.276547e-01
    outer loop
      vertex   -1.419102e-01 8.000000e-02 -1.039722e-01
      vertex   -1.431815e-01 7.000000e-02 -1.013066e-01
      vertex   -1.458587e-01 8.000000e-02 -9.259347e-02
    endloop
  endfacet
  facet normal -8.694112e-01 -2.105298e-02 -4.936406e-01
    outer loop
      vertex   -1.419102e-01 8.000000e-02 -1.039722e-01
      vertex   -1.378915e-01 7.000000e-02 -1.106234e-01
      vertex   -1.431815e-01 7.000000e-02 -1.013066e-01
    endloop
  endfacet
  facet normal -8.399666e-01 2.304376e-02 -5.421487e-01
    outer loop
      vertex   -1.355188e-01 8.000000e-02 -1.138746e-01
      vertex   -1.378915e-01 7.000000e-02 -1.106234e-01
      vertex   -1.419102e-01 8.000000e-02 -1.039722e-01
    endloop
  endfacet
  facet normal -7.578973e-01 -3.200965e-02 -6.515882e-01
    outer loop
      vertex   -1.355188e-01 8.000000e-02 -1.138746e-01
      vertex   -1.309069e-01 7.000000e-02 -1.187477e-01
      vertex   -1.378915e-01 7.000000e-02 -1.106234e-01
    endloop
  endfacet
  facet normal -6.933906e-01 3.102574e-02 -7.198937e-01
    outer loop
      vertex   -1.279941e-01 8.000000e-02 -1.211222e-01
      vertex   -1.309069e-01 7.000000e-02 -1.187477e-01
      vertex   -1.355188e-01 8.000000e-02 -1.138746e-01
    endloop
  endfacet
  facet normal -6.257939e-01 -2.932325e-03 -7.799829e-01
    outer loop
      vertex   -1.279941e-01 8.000000e-02 -1.211222e-01
      vertex   -1.254617e-01 7.000000e-02 -1.231164e-01
      vertex   -1.309069e-01 7.000000e-02 -1.187477e-01
    endloop
  endfacet
  facet normal -4.950906e-01 4.762716e-02 -8.675350e-01
    outer loop
      vertex   -1.279941e-01 8.000000e-02 -1.211222e-01
      vertex   -1.184671e-01 7.000000e-02 -1.271081e-01
      vertex   -1.254617e-01 7.000000e-02 -1.231164e-01
    endloop
  endfacet
  facet normal -5.279559e-01 5.374128e-03 -8.492548e-01
    outer loop
      vertex   -1.182150e-01 8.000000e-02 -1.272016e-01
      vertex   -1.184671e-01 7.000000e-02 -1.271081e-01
      vertex   -1.279941e-01 8.000000e-02 -1.211222e-01
    endloop
  endfacet
  facet normal -3.296659e-01 -5.130591e-04 -9.440975e-01
    outer loop
      vertex   -1.182150e-01 8.000000e-02 -1.272016e-01
      vertex   -1.093588e-01 7.000000e-02 -1.302887e-01
      vertex   -1.184671e-01 7.000000e-02 -1.271081e-01
    endloop
  endfacet
  facet normal -3.344954e-01 -5.319596e-03 -9.423824e-01
    outer loop
      vertex   -1.088614e-01 8.000000e-02 -1.305216e-01
      vertex   -1.093588e-01 7.000000e-02 -1.302887e-01
      vertex   -1.182150e-01 8.000000e-02 -1.272016e-01
    endloop
  endfacet
  facet normal -1.623010e-01 -1.491462e-02 -9.866286e-01
    outer loop
      vertex   -1.019728e-01 8.000000e-02 -1.316548e-01
      vertex   -1.093588e-01 7.000000e-02 -1.302887e-01
      vertex   -1.088614e-01 8.000000e-02 -1.305216e-01
    endloop
  endfacet
  facet normal -1.307844e-01 -3.874246e-02 -9.906535e-01
    outer loop
      vertex   -1.019728e-01 8.000000e-02 -1.316548e-01
      vertex   -9.741360e-02 7.000000e-02 -1.318656e-01
      vertex   -1.093588e-01 7.000000e-02 -1.302887e-01
    endloop
  endfacet
  facet normal -1.935593e-02 1.225171e-02 -9.997376e-01
    outer loop
      vertex   -9.392092e-02 8.000000e-02 -1.318107e-01
      vertex   -9.741360e-02 7.000000e-02 -1.318656e-01
      vertex   -1.019728e-01 8.000000e-02 -1.316548e-01
    endloop
  endfacet
  facet normal 9.719021e-02 -2.848090e-02 -9.948582e-01
    outer loop
      vertex   -9.392092e-02 8.000000e-02 -1.318107e-01
      vertex   -8.700632e-02 7.000000e-02 -1.308489e-01
      vertex   -9.741360e-02 7.000000e-02 -1.318656e-01
    endloop
  endfacet
  facet normal 1.712225e-01 2.366261e-02 -9.849482e-01
    outer loop
      vertex   -8.441133e-02 8.000000e-02 -1.301576e-01
      vertex   -8.700632e-02 7.000000e-02 -1.308489e-01
      vertex   -9.392092e-02 8.000000e-02 -1.318107e-01
    endloop
  endfacet
  facet normal 2.864118e-01 -8.086876e-03 -9.580725e-01
    outer loop
      vertex   -8.441133e-02 8.000000e-02 -1.301576e-01
      vertex   -7.877953e-02 7.000000e-02 -1.283896e-01
      vertex   -8.700632e-02 7.000000e-02 -1.308489e-01
    endloop
  endfacet
  facet normal 3.453854e-01 2.867069e-02 -9.380229e-01
    outer loop
      vertex   -7.485506e-02 8.000000e-02 -1.266389e-01
      vertex   -7.877953e-02 7.000000e-02 -1.283896e-01
      vertex   -8.441133e-02 8.000000e-02 -1.301576e-01
    endloop
  endfacet
  facet normal 4.462287e-01 -1.848447e-02 -8.947280e-01
    outer loop
      vertex   -7.485506e-02 8.000000e-02 -1.266389e-01
      vertex   -7.109561e-02 7.000000e-02 -1.245573e-01
      vertex   -7.877953e-02 7.000000e-02 -1.283896e-01
    endloop
  endfacet
  facet normal 5.214916e-01 1.848448e-02 -8.530562e-01
    outer loop
      vertex   -6.752902e-02 8.000000e-02 -1.221603e-01
      vertex   -7.109561e-02 7.000000e-02 -1.245573e-01
      vertex   -7.485506e-02 8.000000e-02 -1.266389e-01
    endloop
  endfacet
  facet normal 6.145578e-01 -3.023245e-02 -7.882923e-01
    outer loop
      vertex   -6.752902e-02 8.000000e-02 -1.221603e-01
      vertex   -6.178914e-02 7.000000e-02 -1.173020e-01
      vertex   -7.109561e-02 7.000000e-02 -1.245573e-01
    endloop
  endfacet
  facet normal 6.460619e-01 1.344887e-15 -7.632850e-01
    outer loop
      vertex   -6.178914e-02 8.000000e-02 -1.173020e-01
      vertex   -6.178914e-02 7.000000e-02 -1.173020e-01
      vertex   -6.752902e-02 8.000000e-02 -1.221603e-01
    endloop
  endfacet
  facet normal -1.421424e-15 -1.000000e+00 2.206470e-15
    outer loop
      vertex   -3.068190e-02 7.000000e-02 -8.468328e-02
      vertex   -6.178914e-02 7.000000e-02 -1.173020e-01
      vertex   -2.643380e-02 7.000000e-02 -8.194662e-02
    endloop
  endfacet
  facet normal -2.586078e-15 -1.000000e+00 3.317158e-15
    outer loop
      vertex   -3.068190e-02 7.000000e-02 -8.468328e-02
      vertex   -7.109561e-02 7.000000e-02 -1.245573e-01
      vertex   -6.178914e-02 7.000000e-02 -1.173020e-01
    endloop
  endfacet
  facet normal 2.924482e-15 -1.000000e+00 -2.267980e-15
    outer loop
      vertex   -3.806009e-02 7.000000e-02 -8.807820e-02
      vertex   -7.109561e-02 7.000000e-02 -1.245573e-01
      vertex   -3.068190e-02 7.000000e-02 -8.468328e-02
    endloop
  endfacet
  facet normal 3.061245e-15 -1.000000e+00 -2.391832e-15
    outer loop
      vertex   -4.350998e-02 7.000000e-02 -8.925122e-02
      vertex   -7.109561e-02 7.000000e-02 -1.245573e-01
      vertex   -3.806009e-02 7.000000e-02 -8.807820e-02
    endloop
  endfacet
  facet normal 0.000000e+00 -1.000000e+00 -0.000000e+00
    outer loop
      vertex   -4.943533e-02 7.000000e-02 -8.911772e-02
      vertex   -7.109561e-02 7.000000e-02 -1.245573e-01
      vertex   -4.350998e-02 7.000000e-02 -8.925122e-02
    endloop
  endfacet
  facet normal 0.000000e+00 -1.000000e+00 -0.000000e+00
    outer loop
      vertex   -5.661483e-02 7.000000e-02 -8.454019e-02
      vertex   -7.109561e-02 7.000000e-02 -1.245573e-01
      vertex   -4.943533e-02 7.000000e-02 -8.911772e-02
    endloop
  endfacet
  facet normal 0.000000e+00 -1.000000e+00 -0.000000e+00
    outer loop
      vertex   -6.256855e-02 7.000000e-02 -8.056855e-02
      vertex   -7.109561e-02 7.000000e-02 -1.245573e-01
      vertex   -5.661483e-02 7.000000e-02 -8.454019e-02
    endloop
  endfacet
  facet normal 0.000000e+00 -1.000000e+00 0.000000e+00
    outer loop
      vertex   -7.877953e-02 7.000000e-02 -1.283896e-01
      vertex   -7.109561e-02 7.000000e-02 -1.245573e-01
      vertex   -6.256855e-02 7.000000e-02 -8.056855e-02
    endloop
  endfacet
  facet normal 0.000000e+00 -1.000000e+00 0.000000e+00
    outer loop
      vertex   -6.256855e-02 7.000000e-02 -8.056855e-02
      vertex   -8.700632e-02 7.000000e-02 -1.308489e-01
      vertex   -7.877953e-02 7.000000e-02 -1.283896e-01
    endloop
  endfacet
  facet normal 0.000000e+00 -1.000000e+00 0.000000e+00
    outer loop
      vertex   -6.256855e-02 7.000000e-02 -8.056855e-02
      vertex   -9.741360e-02 7.000000e-02 -1.318656e-01
      vertex   -8.700632e-02 7.000000e-02 -1.308489e-01
    endloop
  endfacet
  facet normal 2.132359e-15 -1.000000e+00 -1.448468e-15
    outer loop
      vertex   -6.256855e-02 7.000000e-02 -8.056855e-02
      vertex   -1.093588e-01 7.000000e-02 -1.302887e-01
      vertex   -9.741360e-02 7.000000e-02 -1.318656e-01
    endloop
  endfacet
  facet normal 1.467162e-16 -1.000000e+00 4.201659e-16
    outer loop
      vertex   -6.256855e-02 7.000000e-02 -8.056855e-02
      vertex   -1.184671e-01 7.000000e-02 -1.271081e-01
      vertex   -1.093588e-01 7.000000e-02 -1.302887e-01
    endloop
  endfacet
  facet normal 2.019340e-16 -1.000000e+00 3.538439e-16
    outer loop
      vertex   -6.256855e-02 7.000000e-02 -8.056855e-02
      vertex   -1.254617e-01 7.000000e-02 -1.231164e-01
      vertex   -1.184671e-01 7.000000e-02 -1.271081e-01
    endloop
  endfacet
  facet normal 1.405331e-15 -1.000000e+00 -1.424984e-15
    outer loop
      vertex   -6.256855e-02 7.000000e-02 -8.056855e-02
      vertex   -1.309069e-01 7.000000e-02 -1.187477e-01
      vertex   -1.254617e-01 7.000000e-02 -1.231164e-01
    endloop
  endfacet
  facet normal 4.115509e-16 -1.000000e+00 3.538233e-16
    outer loop
      vertex   -1.378915e-01 7.000000e-02 -1.106234e-01
      vertex   -1.309069e-01 7.000000e-02 -1.187477e-01
      vertex   -6.256855e-02 7.000000e-02 -8.056855e-02
    endloop
  endfacet
  facet normal 4.506372e-16 -1.000000e+00 2.558660e-16
    outer loop
      vertex   -1.431815e-01 7.000000e-02 -1.013066e-01
      vertex   -1.378915e-01 7.000000e-02 -1.106234e-01
      vertex   -6.256855e-02 7.000000e-02 -8.056855e-02
    endloop
  endfacet
  facet normal 4.768897e-16 -1.000000e+00 1.538170e-16
    outer loop
      vertex   -6.256855e-02 7.000000e-02 -8.056855e-02
      vertex   -1.458173e-01 7.000000e-02 -9.313462e-02
      vertex   -1.431815e-01 7.000000e-02 -1.013066e-01
    endloop
  endfacet
  facet normal 7.462664e-16 -1.000000e+00 -1.630773e-15
    outer loop
      vertex   -6.256855e-02 7.000000e-02 -8.056855e-02
      vertex   -1.470086e-01 7.000000e-02 -8.516981e-02
      vertex   -1.458173e-01 7.000000e-02 -9.313462e-02
    endloop
  endfacet
  facet normal 5.728916e-16 -1.000000e+00 1.550914e-15
    outer loop
      vertex   -6.256855e-02 7.000000e-02 -8.056855e-02
      vertex   -1.467460e-01 7.000000e-02 -7.631869e-02
      vertex   -1.470086e-01 7.000000e-02 -8.516981e-02
    endloop
  endfacet
  facet normal 4.048715e-16 -1.000000e+00 -1.777078e-15
    outer loop
      vertex   -6.256855e-02 7.000000e-02 -8.056855e-02
      vertex   -1.451703e-01 7.000000e-02 -6.815038e-02
      vertex   -1.467460e-01 7.000000e-02 -7.631869e-02
    endloop
  endfacet
  facet normal 6.367238e-16 -1.000000e+00 -2.348680e-16
    outer loop
      vertex   -6.256855e-02 7.000000e-02 -8.056855e-02
      vertex   -1.427543e-01 7.000000e-02 -6.160061e-02
      vertex   -1.451703e-01 7.000000e-02 -6.815038e-02
    endloop
  endfacet
  facet normal 6.135462e-16 -1.000000e+00 -3.328498e-16
    outer loop
      vertex   -6.256855e-02 7.000000e-02 -8.056855e-02
      vertex   -1.389140e-01 7.000000e-02 -5.452178e-02
      vertex   -1.427543e-01 7.000000e-02 -6.160061e-02
    endloop
  endfacet
  facet normal 5.698580e-16 -1.000000e+00 -4.609042e-16
    outer loop
      vertex   -6.256855e-02 7.000000e-02 -8.056855e-02
      vertex   -1.324998e-01 7.000000e-02 -4.659129e-02
      vertex   -1.389140e-01 7.000000e-02 -5.452178e-02
    endloop
  endfacet
  facet normal 5.976329e-16 -1.000000e+00 -2.051098e-16
    outer loop
      vertex   -6.256854e-02 7.000000e-02 -4.581188e-02
      vertex   -9.714447e-02 7.000000e-02 -1.123595e-02
      vertex   -1.324998e-01 7.000000e-02 -4.659129e-02
    endloop
  endfacet
  facet normal 5.997970e-16 -1.000000e+00 -3.992842e-16
    outer loop
      vertex   -6.256854e-02 7.000000e-02 -4.581188e-02
      vertex   -1.324998e-01 7.000000e-02 -4.659129e-02
      vertex   -6.256855e-02 7.000000e-02 -8.056855e-02
    endloop
  endfacet
  facet normal 7.243576e-02 6.879809e-01 -7.221048e-01
    outer loop
      vertex   -5.046482e-02 6.695553e-02 -9.227178e-02
      vertex   -5.023544e-02 6.332334e-02 -9.570932e-02
      vertex   -5.687838e-02 6.218979e-02 -9.745567e-02
    endloop
  endfacet
  facet normal 5.729181e-02 7.237286e-01 -6.877023e-01
    outer loop
      vertex   -5.023544e-02 6.332334e-02 -9.570932e-02
      vertex   -5.656079e-02 5.766481e-02 -1.021912e-01
      vertex   -5.687838e-02 6.218979e-02 -9.745567e-02
    endloop
  endfacet
  facet normal 3.203129e-01 4.697749e-01 -8.226246e-01
    outer loop
      vertex   -3.638497e-02 6.750544e-02 -8.851145e-02
      vertex   -4.184576e-02 6.448299e-02 -9.236380e-02
      vertex   -4.121058e-02 6.800860e-02 -9.010310e-02
    endloop
  endfacet
  facet normal 1.579328e-01 6.176535e-01 -7.704294e-01
    outer loop
      vertex   -4.121058e-02 6.800860e-02 -9.010310e-02
      vertex   -5.023544e-02 6.332334e-02 -9.570932e-02
      vertex   -4.594797e-02 6.858767e-02 -9.061000e-02
    endloop
  endfacet
  facet normal -1.014433e-01 7.917430e-01 -6.023722e-01
    outer loop
      vertex   -5.046482e-02 6.695553e-02 -9.227178e-02
      vertex   -5.687838e-02 6.218979e-02 -9.745567e-02
      vertex   -5.682276e-02 6.678829e-02 -9.142088e-02
    endloop
  endfacet
  facet normal 2.011331e-01 6.322444e-01 -7.482062e-01
    outer loop
      vertex   -4.818875e-02 6.169112e-02 -9.653837e-02
      vertex   -5.656079e-02 5.766481e-02 -1.021912e-01
      vertex   -5.023544e-02 6.332334e-02 -9.570932e-02
    endloop
  endfacet
  facet normal 2.667605e-01 5.532568e-01 -7.891424e-01
    outer loop
      vertex   -4.817111e-02 5.935539e-02 -9.816995e-02
      vertex   -5.656079e-02 5.766481e-02 -1.021912e-01
      vertex   -4.818875e-02 6.169112e-02 -9.653837e-02
    endloop
  endfacet
  facet normal -1.555175e-01 7.864086e-01 -5.978091e-01
    outer loop
      vertex   -5.687838e-02 6.218979e-02 -9.745567e-02
      vertex   -6.256854e-02 6.429029e-02 -9.321222e-02
      vertex   -5.682276e-02 6.678829e-02 -9.142088e-02
    endloop
  endfacet
  facet normal -1.268054e-01 8.108213e-01 -5.713924e-01
    outer loop
      vertex   -5.687838e-02 6.218979e-02 -9.745567e-02
      vertex   -6.256855e-02 5.645736e-02 -1.043274e-01
      vertex   -6.256854e-02 6.429029e-02 -9.321222e-02
    endloop
  endfacet
  facet normal 9.796414e-02 7.227956e-01 -6.840830e-01
    outer loop
      vertex   -5.656079e-02 5.766481e-02 -1.021912e-01
      vertex   -6.256855e-02 5.645736e-02 -1.043274e-01
      vertex   -5.687838e-02 6.218979e-02 -9.745567e-02
    endloop
  endfacet
  facet normal 8.922080e-02 7.384727e-01 -6.683544e-01
    outer loop
      vertex   -5.656079e-02 5.766481e-02 -1.021912e-01
      vertex   -6.256854e-02 5.230506e-02 -1.089153e-01
      vertex   -6.256855e-02 5.645736e-02 -1.043274e-01
    endloop
  endfacet
  facet normal 2.098527e-01 6.645266e-01 -7.171933e-01
    outer loop
      vertex   -6.256854e-02 5.230506e-02 -1.089153e-01
      vertex   -5.656079e-02 5.766481e-02 -1.021912e-01
      vertex   -4.817111e-02 5.935539e-02 -9.816995e-02
    endloop
  endfacet
  facet normal -1.091662e-01 7.327623e-01 -6.716711e-01
    outer loop
      vertex   -5.046482e-02 6.695553e-02 -9.227178e-02
      vertex   -5.682276e-02 6.678829e-02 -9.142088e-02
      vertex   -4.943533e-02 7.000000e-02 -8.911772e-02
    endloop
  endfacet
  facet normal 2.751340e-01 5.519495e-01 -7.871804e-01
    outer loop
      vertex   -4.817111e-02 5.935539e-02 -9.816995e-02
      vertex   -4.818875e-02 6.169112e-02 -9.653837e-02
      vertex   -4.184576e-02 6.448299e-02 -9.236380e-02
    endloop
  endfacet
  facet normal 1.839278e-02 6.878735e-01 -7.255975e-01
    outer loop
      vertex   -4.594797e-02 6.858767e-02 -9.061000e-02
      vertex   -5.023544e-02 6.332334e-02 -9.570932e-02
      vertex   -5.046482e-02 6.695553e-02 -9.227178e-02
    endloop
  endfacet
  facet normal 1.683499e-01 6.059916e-01 -7.774526e-01
    outer loop
      vertex   -4.121058e-02 6.800860e-02 -9.010310e-02
      vertex   -4.818875e-02 6.169112e-02 -9.653837e-02
      vertex   -5.023544e-02 6.332334e-02 -9.570932e-02
    endloop
  endfacet
  facet normal 3.345979e-01 4.652135e-01 -8.195246e-01
    outer loop
      vertex   -4.121058e-02 6.800860e-02 -9.010310e-02
      vertex   -4.184576e-02 6.448299e-02 -9.236380e-02
      vertex   -4.818875e-02 6.169112e-02 -9.653837e-02
    endloop
  endfacet
  facet normal 1.879143e-01 6.255824e-01 -7.571888e-01
    outer loop
      vertex   -3.638497e-02 6.750544e-02 -8.851145e-02
      vertex   -4.817111e-02 5.935539e-02 -9.816995e-02
      vertex   -4.184576e-02 6.448299e-02 -9.236380e-02
    endloop
  endfacet
  facet normal 4.715944e-01 3.004884e-01 -8.290388e-01
    outer loop
      vertex   -3.638497e-02 6.750544e-02 -8.851145e-02
      vertex   -3.123294e-02 6.764989e-02 -8.552839e-02
      vertex   -4.817111e-02 5.935539e-02 -9.816995e-02
    endloop
  endfacet
  facet normal 5.334241e-01 1.726904e-01 -8.280318e-01
    outer loop
      vertex   -2.643380e-02 7.000000e-02 -8.194662e-02
      vertex   -3.123294e-02 6.764989e-02 -8.552839e-02
      vertex   -3.068190e-02 7.000000e-02 -8.468328e-02
    endloop
  endfacet
  facet normal 4.877277e-01 1.918962e-01 -8.516440e-01
    outer loop
      vertex   -3.638497e-02 6.750544e-02 -8.851145e-02
      vertex   -3.068190e-02 7.000000e-02 -8.468328e-02
      vertex   -3.123294e-02 6.764989e-02 -8.552839e-02
    endloop
  endfacet
  facet normal 3.828190e-01 4.015656e-01 -8.319824e-01
    outer loop
      vertex   -3.638497e-02 6.750544e-02 -8.851145e-02
      vertex   -3.806009e-02 7.000000e-02 -8.807820e-02
      vertex   -3.068190e-02 7.000000e-02 -8.468328e-02
    endloop
  endfacet
  facet normal 3.255810e-01 3.697693e-01 -8.702113e-01
    outer loop
      vertex   -4.121058e-02 6.800860e-02 -9.010310e-02
      vertex   -3.806009e-02 7.000000e-02 -8.807820e-02
      vertex   -3.638497e-02 6.750544e-02 -8.851145e-02
    endloop
  endfacet
  facet normal 1.755224e-01 5.515219e-01 -8.154848e-01
    outer loop
      vertex   -4.350998e-02 7.000000e-02 -8.925122e-02
      vertex   -3.806009e-02 7.000000e-02 -8.807820e-02
      vertex   -4.121058e-02 6.800860e-02 -9.010310e-02
    endloop
  endfacet
  facet normal 1.542075e-01 5.337464e-01 -8.314654e-01
    outer loop
      vertex   -4.594797e-02 6.858767e-02 -9.061000e-02
      vertex   -4.350998e-02 7.000000e-02 -8.925122e-02
      vertex   -4.121058e-02 6.800860e-02 -9.010310e-02
    endloop
  endfacet
  facet normal -1.592048e-02 7.073618e-01 -7.066723e-01
    outer loop
      vertex   -4.594797e-02 6.858767e-02 -9.061000e-02
      vertex   -4.943533e-02 7.000000e-02 -8.911772e-02
      vertex   -4.350998e-02 7.000000e-02 -8.925122e-02
    endloop
  endfacet
  facet normal -5.092092e-03 7.203160e-01 -6.936274e-01
    outer loop
      vertex   -5.046482e-02 6.695553e-02 -9.227178e-02
      vertex   -4.943533e-02 7.000000e-02 -8.911772e-02
      vertex   -4.594797e-02 6.858767e-02 -9.061000e-02
    endloop
  endfacet
  facet normal -1.000000e+00 -5.947624e-16 9.701010e-08
    outer loop
      vertex   -6.256855e-02 -7.000000e-02 -8.056855e-02
      vertex   -6.256854e-02 -7.000000e-02 -4.581188e-02
      vertex   -6.256854e-02 7.000000e-02 -4.581188e-02
    endloop
  endfacet
  facet normal -1.000000e+00 -6.633094e-16 -1.469838e-06
    outer loop
      vertex   -6.256855e-02 -5.645736e-02 -1.043274e-01
      vertex   -6.256854e-02 5.230506e-02 -1.089153e-01
      vertex   -6.256854e-02 -5.230506e-02 -1.089153e-01
    endloop
  endfacet
  facet normal -1.000000e+00 -6.145249e-16 -1.469838e-06
    outer loop
      vertex   -6.256855e-02 -5.645736e-02 -1.043274e-01
      vertex   -6.256855e-02 5.645736e-02 -1.043274e-01
      vertex   -6.256854e-02 5.230506e-02 -1.089153e-01
    endloop
  endfacet
  facet normal -1.000000e+00 -6.145254e-16 6.066949e-07
    outer loop
      vertex   -6.256854e-02 -6.429029e-02 -9.321222e-02
      vertex   -6.256855e-02 5.645736e-02 -1.043274e-01
      vertex   -6.256855e-02 -5.645736e-02 -1.043274e-01
    endloop
  endfacet
  facet normal -1.000000e+00 -5.396535e-16 6.066949e-07
    outer loop
      vertex   -6.256854e-02 -6.429029e-02 -9.321222e-02
      vertex   -6.256854e-02 6.429029e-02 -9.321222e-02
      vertex   -6.256855e-02 5.645736e-02 -1.043274e-01
    endloop
  endfacet
  facet normal -1.000000e+00 -5.396534e-16 2.320669e-07
    outer loop
      vertex   -6.256854e-02 -6.786878e-02 -8.594762e-02
      vertex   -6.256854e-02 6.429029e-02 -9.321222e-02
      vertex   -6.256854e-02 -6.429029e-02 -9.321222e-02
    endloop
  endfacet
  facet normal -1.000000e+00 -3.945762e-08 -4.857535e-07
    outer loop
      vertex   -6.256855e-02 -7.000000e-02 -8.056855e-02
      vertex   -6.256854e-02 6.429029e-02 -9.321222e-02
      vertex   -6.256854e-02 -6.786878e-02 -8.594762e-02
    endloop
  endfacet
  facet normal -1.000000e+00 1.117326e-08 5.200415e-08
    outer loop
      vertex   -6.256854e-02 7.000000e-02 -4.581188e-02
      vertex   -6.256854e-02 6.429029e-02 -9.321222e-02
      vertex   -6.256855e-02 -7.000000e-02 -8.056855e-02
    endloop
  endfacet
  facet normal -1.000000e+00 4.400606e-07 3.415615e-10
    outer loop
      vertex   -6.256854e-02 6.811524e-02 -8.542384e-02
      vertex   -6.256854e-02 6.429029e-02 -9.321222e-02
      vertex   -6.256854e-02 7.000000e-02 -4.581188e-02
    endloop
  endfacet
  facet normal -1.000000e+00 -1.591624e-06 9.701010e-08
    outer loop
      vertex   -6.256855e-02 7.000000e-02 -8.056855e-02
      vertex   -6.256854e-02 6.811524e-02 -8.542384e-02
      vertex   -6.256854e-02 7.000000e-02 -4.581188e-02
    endloop
  endfacet
  facet normal -2.414159e-01 8.710467e-01 -4.277803e-01
    outer loop
      vertex   -6.256854e-02 6.429029e-02 -9.321222e-02
      vertex   -6.256854e-02 6.811524e-02 -8.542384e-02
      vertex   -6.097299e-02 6.814490e-02 -8.626389e-02
    endloop
  endfacet
  facet normal -2.377301e-01 8.644557e-01 -4.429455e-01
    outer loop
      vertex   -6.256854e-02 6.429029e-02 -9.321222e-02
      vertex   -5.864546e-02 6.694941e-02 -9.012819e-02
      vertex   -5.682276e-02 6.678829e-02 -9.142088e-02
    endloop
  endfacet
  facet normal -2.377297e-01 8.644561e-01 -4.429451e-01
    outer loop
      vertex   -5.864546e-02 6.694941e-02 -9.012819e-02
      vertex   -4.943533e-02 7.000000e-02 -8.911772e-02
      vertex   -5.682276e-02 6.678829e-02 -9.142088e-02
    endloop
  endfacet
  facet normal -2.501410e-01 8.851607e-01 -3.923263e-01
    outer loop
      vertex   -5.864546e-02 6.694941e-02 -9.012819e-02
      vertex   -5.661483e-02 7.000000e-02 -8.454019e-02
      vertex   -4.943533e-02 7.000000e-02 -8.911772e-02
    endloop
  endfacet
  facet normal -2.563171e-01 8.690103e-01 -4.232288e-01
    outer loop
      vertex   -6.256854e-02 6.429029e-02 -9.321222e-02
      vertex   -6.097299e-02 6.814490e-02 -8.626389e-02
      vertex   -5.864546e-02 6.694941e-02 -9.012819e-02
    endloop
  endfacet
  facet normal -2.174631e-01 8.877890e-01 -4.056360e-01
    outer loop
      vertex   -6.097299e-02 6.814490e-02 -8.626389e-02
      vertex   -5.661483e-02 7.000000e-02 -8.454019e-02
      vertex   -5.864546e-02 6.694941e-02 -9.012819e-02
    endloop
  endfacet
  facet normal -2.407647e-01 9.009824e-01 -3.609199e-01
    outer loop
      vertex   -6.097299e-02 6.814490e-02 -8.626389e-02
      vertex   -6.256855e-02 7.000000e-02 -8.056855e-02
      vertex   -5.661483e-02 7.000000e-02 -8.454019e-02
    endloop
  endfacet
  facet normal -2.035058e-01 9.127178e-01 -3.543043e-01
    outer loop
      vertex   -6.256854e-02 6.811524e-02 -8.542384e-02
      vertex   -6.256855e-02 7.000000e-02 -8.056855e-02
      vertex   -6.097299e-02 6.814490e-02 -8.626389e-02
    endloop
  endfacet
  facet normal -7.071068e-01 0.000000e+00 7.071068e-01
    outer loop
      vertex   -9.714447e-02 -7.000000e-02 -1.123595e-02
      vertex   -1.324998e-01 -8.000000e-02 -4.659129e-02
      vertex   -9.714447e-02 -8.000000e-02 -1.123595e-02
    endloop
  endfacet
  facet normal -7.071068e-01 0.000000e+00 7.071068e-01
    outer loop
      vertex   -1.324998e-01 -7.000000e-02 -4.659129e-02
      vertex   -1.324998e-01 -8.000000e-02 -4.659129e-02
      vertex   -9.714447e-02 -7.000000e-02 -1.123595e-02
    endloop
  endfacet
  facet normal 7.071068e-01 7.359808e-16 -7.071068e-01
    outer loop
      vertex   -2.643380e-02 -8.000000e-02 -8.194662e-02
      vertex   -6.178914e-02 -7.000000e-02 -1.173020e-01
      vertex   -2.643380e-02 -7.000000e-02 -8.194662e-02
    endloop
  endfacet
  facet normal 7.071068e-01 1.471962e-15 -7.071068e-01
    outer loop
      vertex   -6.178914e-02 -8.000000e-02 -1.173020e-01
      vertex   -6.178914e-02 -7.000000e-02 -1.173020e-01
      vertex   -2.643380e-02 -8.000000e-02 -8.194662e-02
    endloop
  endfacet
  facet normal 0.000000e+00 -1.000000e+00 0.000000e+00
    outer loop
      vertex   -6.752902e-02 -8.000000e-02 -1.221603e-01
      vertex   -6.178914e-02 -8.000000e-02 -1.173020e-01
      vertex   -2.643380e-02 -8.000000e-02 -8.194662e-02
    endloop
  endfacet
  facet normal 6.289645e-15 -1.000000e+00 -6.427519e-15
    outer loop
      vertex   -2.643380e-02 -8.000000e-02 -8.194662e-02
      vertex   -7.781726e-02 -8.000000e-02 -1.279096e-01
      vertex   -6.752902e-02 -8.000000e-02 -1.221603e-01
    endloop
  endfacet
  facet normal -3.006763e-16 -1.000000e+00 9.400027e-16
    outer loop
      vertex   -2.643380e-02 -8.000000e-02 -8.194662e-02
      vertex   -8.700632e-02 -8.000000e-02 -1.308489e-01
      vertex   -7.781726e-02 -8.000000e-02 -1.279096e-01
    endloop
  endfacet
  facet normal -9.537914e-17 -1.000000e+00 6.857127e-16
    outer loop
      vertex   -2.643380e-02 -8.000000e-02 -8.194662e-02
      vertex   -9.392092e-02 -8.000000e-02 -1.318107e-01
      vertex   -8.700632e-02 -8.000000e-02 -1.308489e-01
    endloop
  endfacet
  facet normal 3.319686e-15 -1.000000e+00 7.190594e-15
    outer loop
      vertex   -1.218177e-01 -8.000000e-02 -1.253983e-01
      vertex   -1.145059e-01 -8.000000e-02 -1.287740e-01
      vertex   -1.051578e-01 -8.000000e-02 -1.311597e-01
    endloop
  endfacet
  facet normal 1.676614e-15 -1.000000e+00 2.439411e-15
    outer loop
      vertex   -1.286761e-01 -8.000000e-02 -1.206845e-01
      vertex   -1.218177e-01 -8.000000e-02 -1.253983e-01
      vertex   -1.051578e-01 -8.000000e-02 -1.311597e-01
    endloop
  endfacet
  facet normal 1.077229e-15 -1.000000e+00 1.093706e-15
    outer loop
      vertex   -1.351738e-01 -8.000000e-02 -1.142847e-01
      vertex   -1.286761e-01 -8.000000e-02 -1.206845e-01
      vertex   -1.051578e-01 -8.000000e-02 -1.311597e-01
    endloop
  endfacet
  facet normal -1.174430e-15 -1.000000e+00 -2.911375e-15
    outer loop
      vertex   -1.051578e-01 -8.000000e-02 -1.311597e-01
      vertex   -1.400554e-01 -8.000000e-02 -1.075487e-01
      vertex   -1.351738e-01 -8.000000e-02 -1.142847e-01
    endloop
  endfacet
  facet normal 1.172392e-15 -1.000000e+00 5.572872e-16
    outer loop
      vertex   -1.051578e-01 -8.000000e-02 -1.311597e-01
      vertex   -1.438570e-01 -8.000000e-02 -9.955125e-02
      vertex   -1.400554e-01 -8.000000e-02 -1.075487e-01
    endloop
  endfacet
  facet normal 9.404564e-16 -1.000000e+00 2.733221e-16
    outer loop
      vertex   -1.051578e-01 -8.000000e-02 -1.311597e-01
      vertex   -1.461786e-01 -8.000000e-02 -9.156290e-02
      vertex   -1.438570e-01 -8.000000e-02 -9.955125e-02
    endloop
  endfacet
  facet normal -9.336227e-16 -1.000000e+00 -1.668153e-15
    outer loop
      vertex   -1.051578e-01 -8.000000e-02 -1.311597e-01
      vertex   -1.470577e-01 -8.000000e-02 -8.275163e-02
      vertex   -1.461786e-01 -8.000000e-02 -9.156290e-02
    endloop
  endfacet
  facet normal -5.245740e-17 -1.000000e+00 -9.054548e-16
    outer loop
      vertex   -9.392092e-02 -8.000000e-02 -1.318107e-01
      vertex   -1.470577e-01 -8.000000e-02 -8.275163e-02
      vertex   -1.051578e-01 -8.000000e-02 -1.311597e-01
    endloop
  endfacet
  facet normal 7.239320e-16 -1.000000e+00 -6.453304e-17
    outer loop
      vertex   -1.461535e-01 -8.000000e-02 -7.260806e-02
      vertex   -1.470577e-01 -8.000000e-02 -8.275163e-02
      vertex   -9.392092e-02 -8.000000e-02 -1.318107e-01
    endloop
  endfacet
  facet normal 5.839466e-16 -1.000000e+00 -1.880376e-16
    outer loop
      vertex   -9.392092e-02 -8.000000e-02 -1.318107e-01
      vertex   -1.424618e-01 -8.000000e-02 -6.114348e-02
      vertex   -1.461535e-01 -8.000000e-02 -7.260806e-02
    endloop
  endfacet
  facet normal 4.653472e-16 -1.000000e+00 -2.695027e-16
    outer loop
      vertex   -9.392092e-02 -8.000000e-02 -1.318107e-01
      vertex   -1.373582e-01 -8.000000e-02 -5.233116e-02
      vertex   -1.424618e-01 -8.000000e-02 -6.114348e-02
    endloop
  endfacet
  facet normal 3.760557e-16 -1.000000e+00 -3.183024e-16
    outer loop
      vertex   -1.324998e-01 -8.000000e-02 -4.659129e-02
      vertex   -1.373582e-01 -8.000000e-02 -5.233116e-02
      vertex   -9.392092e-02 -8.000000e-02 -1.318107e-01
    endloop
  endfacet
  facet normal 5.887847e-16 -1.000000e+00 -1.962616e-16
    outer loop
      vertex   -1.324998e-01 -8.000000e-02 -4.659129e-02
      vertex   -2.643380e-02 -8.000000e-02 -8.194662e-02
      vertex   -9.714447e-02 -8.000000e-02 -1.123595e-02
    endloop
  endfacet
  facet normal 5.786805e-16 -1.000000e+00 -2.265740e-16
    outer loop
      vertex   -1.324998e-01 -8.000000e-02 -4.659129e-02
      vertex   -9.392092e-02 -8.000000e-02 -1.318107e-01
      vertex   -2.643380e-02 -8.000000e-02 -8.194662e-02
    endloop
  endfacet
  facet normal 6.460619e-01 1.306599e-15 -7.632850e-01
    outer loop
      vertex   -6.752902e-02 -8.000000e-02 -1.221603e-01
      vertex   -6.178914e-02 -7.000000e-02 -1.173020e-01
      vertex   -6.178914e-02 -8.000000e-02 -1.173020e-01
    endloop
  endfacet
  facet normal 5.972432e-01 4.621246e-02 -8.007278e-01
    outer loop
      vertex   -6.752902e-02 -8.000000e-02 -1.221603e-01
      vertex   -7.252264e-02 -7.000000e-02 -1.253078e-01
      vertex   -6.178914e-02 -7.000000e-02 -1.173020e-01
    endloop
  endfacet
  facet normal 4.875848e-01 -3.114328e-02 -8.725200e-01
    outer loop
      vertex   -7.781726e-02 -8.000000e-02 -1.279096e-01
      vertex   -7.252264e-02 -7.000000e-02 -1.253078e-01
      vertex   -6.752902e-02 -8.000000e-02 -1.221603e-01
    endloop
  endfacet
  facet normal 3.773958e-01 4.089073e-02 -9.251488e-01
    outer loop
      vertex   -7.781726e-02 -8.000000e-02 -1.279096e-01
      vertex   -8.441133e-02 -7.000000e-02 -1.301576e-01
      vertex   -7.252264e-02 -7.000000e-02 -1.253078e-01
    endloop
  endfacet
  facet normal 3.046346e-01 -1.320939e-02 -9.523777e-01
    outer loop
      vertex   -8.700632e-02 -8.000000e-02 -1.308489e-01
      vertex   -8.441133e-02 -7.000000e-02 -1.301576e-01
      vertex   -7.781726e-02 -8.000000e-02 -1.279096e-01
    endloop
  endfacet
  facet normal 1.712225e-01 2.366261e-02 -9.849482e-01
    outer loop
      vertex   -8.700632e-02 -8.000000e-02 -1.308489e-01
      vertex   -9.392092e-02 -7.000000e-02 -1.318107e-01
      vertex   -8.441133e-02 -7.000000e-02 -1.301576e-01
    endloop
  endfacet
  facet normal 1.377685e-01 1.911923e-16 -9.904645e-01
    outer loop
      vertex   -9.392092e-02 -8.000000e-02 -1.318107e-01
      vertex   -9.392092e-02 -7.000000e-02 -1.318107e-01
      vertex   -8.700632e-02 -8.000000e-02 -1.308489e-01
    endloop
  endfacet
  facet normal -1.935738e-02 -2.686376e-17 -9.998126e-01
    outer loop
      vertex   -9.392092e-02 -8.000000e-02 -1.318107e-01
      vertex   -1.019728e-01 -7.000000e-02 -1.316548e-01
      vertex   -9.392092e-02 -7.000000e-02 -1.318107e-01
    endloop
  endfacet
  facet normal -5.781009e-02 -3.099236e-02 -9.978464e-01
    outer loop
      vertex   -1.051578e-01 -8.000000e-02 -1.311597e-01
      vertex   -1.019728e-01 -7.000000e-02 -1.316548e-01
      vertex   -9.392092e-02 -8.000000e-02 -1.318107e-01
    endloop
  endfacet
  facet normal -1.623184e-01 2.843875e-03 -9.867343e-01
    outer loop
      vertex   -1.051578e-01 -8.000000e-02 -1.311597e-01
      vertex   -1.088614e-01 -7.000000e-02 -1.305216e-01
      vertex   -1.019728e-01 -7.000000e-02 -1.316548e-01
    endloop
  endfacet
  facet normal -2.471763e-01 -2.974646e-02 -9.685138e-01
    outer loop
      vertex   -1.145059e-01 -8.000000e-02 -1.287740e-01
      vertex   -1.088614e-01 -7.000000e-02 -1.305216e-01
      vertex   -1.051578e-01 -8.000000e-02 -1.311597e-01
    endloop
  endfacet
  facet normal -3.099741e-01 8.812310e-03 -9.507042e-01
    outer loop
      vertex   -1.145059e-01 -8.000000e-02 -1.287740e-01
      vertex   -1.157522e-01 -7.000000e-02 -1.282749e-01
      vertex   -1.088614e-01 -7.000000e-02 -1.305216e-01
    endloop
  endfacet
  facet normal -4.191471e-01 -6.930042e-03 -9.078919e-01
    outer loop
      vertex   -1.218177e-01 -8.000000e-02 -1.253983e-01
      vertex   -1.157522e-01 -7.000000e-02 -1.282749e-01
      vertex   -1.145059e-01 -8.000000e-02 -1.287740e-01
    endloop
  endfacet
  facet normal -4.389735e-01 7.807178e-03 -8.984661e-01
    outer loop
      vertex   -1.218177e-01 -8.000000e-02 -1.253983e-01
      vertex   -1.227466e-01 -7.000000e-02 -1.248576e-01
      vertex   -1.157522e-01 -7.000000e-02 -1.282749e-01
    endloop
  endfacet
  facet normal -5.664000e-01 -8.050982e-03 -8.240911e-01
    outer loop
      vertex   -1.286761e-01 -8.000000e-02 -1.206845e-01
      vertex   -1.227466e-01 -7.000000e-02 -1.248576e-01
      vertex   -1.218177e-01 -8.000000e-02 -1.253983e-01
    endloop
  endfacet
  facet normal -5.781234e-01 2.299348e-03 -8.159461e-01
    outer loop
      vertex   -1.286761e-01 -8.000000e-02 -1.206845e-01
      vertex   -1.286604e-01 -7.000000e-02 -1.206675e-01
      vertex   -1.227466e-01 -7.000000e-02 -1.248576e-01
    endloop
  endfacet
  facet normal -7.017180e-01 2.316207e-03 -7.124511e-01
    outer loop
      vertex   -1.351738e-01 -8.000000e-02 -1.142847e-01
      vertex   -1.286604e-01 -7.000000e-02 -1.206675e-01
      vertex   -1.286761e-01 -8.000000e-02 -1.206845e-01
    endloop
  endfacet
  facet normal -7.001152e-01 2.646225e-04 -7.140298e-01
    outer loop
      vertex   -1.351738e-01 -8.000000e-02 -1.142847e-01
      vertex   -1.353640e-01 -7.000000e-02 -1.140945e-01
      vertex   -1.286604e-01 -7.000000e-02 -1.206675e-01
    endloop
  endfacet
  facet normal -8.127908e-01 -4.378848e-03 -5.825392e-01
    outer loop
      vertex   -1.351738e-01 -8.000000e-02 -1.142847e-01
      vertex   -1.400554e-01 -7.000000e-02 -1.075487e-01
      vertex   -1.353640e-01 -7.000000e-02 -1.140945e-01
    endloop
  endfacet
  facet normal -8.097209e-01 -2.247427e-15 -5.868152e-01
    outer loop
      vertex   -1.400554e-01 -8.000000e-02 -1.075487e-01
      vertex   -1.400554e-01 -7.000000e-02 -1.075487e-01
      vertex   -1.351738e-01 -8.000000e-02 -1.142847e-01
    endloop
  endfacet
  facet normal -8.966470e-01 -2.488695e-15 -4.427461e-01
    outer loop
      vertex   -1.400554e-01 -8.000000e-02 -1.075487e-01
      vertex   -1.432641e-01 -7.000000e-02 -1.010506e-01
      vertex   -1.400554e-01 -7.000000e-02 -1.075487e-01
    endloop
  endfacet
  facet normal -9.031048e-01 -1.081997e-02 -4.292838e-01
    outer loop
      vertex   -1.438570e-01 -8.000000e-02 -9.955125e-02
      vertex   -1.432641e-01 -7.000000e-02 -1.010506e-01
      vertex   -1.400554e-01 -8.000000e-02 -1.075487e-01
    endloop
  endfacet
  facet normal -9.524622e-01 1.082138e-02 -3.044645e-01
    outer loop
      vertex   -1.438570e-01 -8.000000e-02 -9.955125e-02
      vertex   -1.459603e-01 -7.000000e-02 -9.261606e-02
      vertex   -1.432641e-01 -7.000000e-02 -1.010506e-01
    endloop
  endfacet
  facet normal -9.602338e-01 -8.424782e-03 -2.790700e-01
    outer loop
      vertex   -1.461786e-01 -8.000000e-02 -9.156290e-02
      vertex   -1.459603e-01 -7.000000e-02 -9.261606e-02
      vertex   -1.438570e-01 -8.000000e-02 -9.955125e-02
    endloop
  endfacet
  facet normal -9.938179e-01 1.005463e-02 -1.105658e-01
    outer loop
      vertex   -1.461786e-01 -8.000000e-02 -9.156290e-02
      vertex   -1.470577e-01 -7.000000e-02 -8.275163e-02
      vertex   -1.459603e-01 -7.000000e-02 -9.261606e-02
    endloop
  endfacet
  facet normal -9.950597e-01 0.000000e+00 -9.927863e-02
    outer loop
      vertex   -1.470577e-01 -8.000000e-02 -8.275163e-02
      vertex   -1.470577e-01 -7.000000e-02 -8.275163e-02
      vertex   -1.461786e-01 -8.000000e-02 -9.156290e-02
    endloop
  endfacet
  facet normal -9.975435e-01 0.000000e+00 7.005011e-02
    outer loop
      vertex   -1.470577e-01 -8.000000e-02 -8.275163e-02
      vertex   -1.464377e-01 -7.000000e-02 -7.392174e-02
      vertex   -1.470577e-01 -7.000000e-02 -8.275163e-02
    endloop
  endfacet
  facet normal -9.959125e-01 -1.663767e-02 8.877803e-02
    outer loop
      vertex   -1.461535e-01 -8.000000e-02 -7.260806e-02
      vertex   -1.464377e-01 -7.000000e-02 -7.392174e-02
      vertex   -1.470577e-01 -8.000000e-02 -8.275163e-02
    endloop
  endfacet
  facet normal -9.646613e-01 7.189463e-03 2.633950e-01
    outer loop
      vertex   -1.461535e-01 -8.000000e-02 -7.260806e-02
      vertex   -1.438964e-01 -7.000000e-02 -6.461474e-02
      vertex   -1.464377e-01 -7.000000e-02 -7.392174e-02
    endloop
  endfacet
  facet normal -9.514340e-01 -3.014956e-02 3.063728e-01
    outer loop
      vertex   -1.424618e-01 -8.000000e-02 -6.114348e-02
      vertex   -1.438964e-01 -7.000000e-02 -6.461474e-02
      vertex   -1.461535e-01 -8.000000e-02 -7.260806e-02
    endloop
  endfacet
  facet normal -8.927722e-01 2.799746e-02 4.496376e-01
    outer loop
      vertex   -1.424618e-01 -8.000000e-02 -6.114348e-02
      vertex   -1.385951e-01 -7.000000e-02 -5.408867e-02
      vertex   -1.438964e-01 -7.000000e-02 -6.461474e-02
    endloop
  endfacet
  facet normal -8.651973e-01 -1.895177e-02 5.010733e-01
    outer loop
      vertex   -1.373582e-01 -8.000000e-02 -5.233116e-02
      vertex   -1.385951e-01 -7.000000e-02 -5.408867e-02
      vertex   -1.424618e-01 -8.000000e-02 -6.114348e-02
    endloop
  endfacet
  facet normal -7.758437e-01 1.489093e-02 6.307494e-01
    outer loop
      vertex   -1.373582e-01 -8.000000e-02 -5.233116e-02
      vertex   -1.324998e-01 -7.000000e-02 -4.659129e-02
      vertex   -1.385951e-01 -7.000000e-02 -5.408867e-02
    endloop
  endfacet
  facet normal -7.632848e-01 0.000000e+00 6.460622e-01
    outer loop
      vertex   -1.324998e-01 -8.000000e-02 -4.659129e-02
      vertex   -1.324998e-01 -7.000000e-02 -4.659129e-02
      vertex   -1.373582e-01 -8.000000e-02 -5.233116e-02
    endloop
  endfacet
  facet normal 1.356904e-15 1.000000e+00 -2.141951e-15
    outer loop
      vertex   -6.178914e-02 -7.000000e-02 -1.173020e-01
      vertex   -3.102947e-02 -7.000000e-02 -8.485794e-02
      vertex   -2.643380e-02 -7.000000e-02 -8.194662e-02
    endloop
  endfacet
  facet normal 2.178916e-15 1.000000e+00 -2.921286e-15
    outer loop
      vertex   -7.252264e-02 -7.000000e-02 -1.253078e-01
      vertex   -3.102947e-02 -7.000000e-02 -8.485794e-02
      vertex   -6.178914e-02 -7.000000e-02 -1.173020e-01
    endloop
  endfacet
  facet normal -3.130451e-15 1.000000e+00 2.525020e-15
    outer loop
      vertex   -7.252264e-02 -7.000000e-02 -1.253078e-01
      vertex   -3.806009e-02 -7.000000e-02 -8.807820e-02
      vertex   -3.102947e-02 -7.000000e-02 -8.485794e-02
    endloop
  endfacet
  facet normal -2.965095e-15 1.000000e+00 2.371954e-15
    outer loop
      vertex   -7.252264e-02 -7.000000e-02 -1.253078e-01
      vertex   -4.370059e-02 -7.000000e-02 -8.927840e-02
      vertex   -3.806009e-02 -7.000000e-02 -8.807820e-02
    endloop
  endfacet
  facet normal 0.000000e+00 1.000000e+00 0.000000e+00
    outer loop
      vertex   -4.943533e-02 -7.000000e-02 -8.911772e-02
      vertex   -4.370059e-02 -7.000000e-02 -8.927840e-02
      vertex   -7.252264e-02 -7.000000e-02 -1.253078e-01
    endloop
  endfacet
  facet normal 0.000000e+00 1.000000e+00 0.000000e+00
    outer loop
      vertex   -7.252264e-02 -7.000000e-02 -1.253078e-01
      vertex   -5.500544e-02 -7.000000e-02 -8.561704e-02
      vertex   -4.943533e-02 -7.000000e-02 -8.911772e-02
    endloop
  endfacet
  facet normal 0.000000e+00 1.000000e+00 0.000000e+00
    outer loop
      vertex   -7.252264e-02 -7.000000e-02 -1.253078e-01
      vertex   -6.256855e-02 -7.000000e-02 -8.056855e-02
      vertex   -5.500544e-02 -7.000000e-02 -8.561704e-02
    endloop
  endfacet
  facet normal 0.000000e+00 1.000000e+00 0.000000e+00
    outer loop
      vertex   -8.441133e-02 -7.000000e-02 -1.301576e-01
      vertex   -6.256855e-02 -7.000000e-02 -8.056855e-02
      vertex   -7.252264e-02 -7.000000e-02 -1.253078e-01
    endloop
  endfacet
  facet normal 0.000000e+00 1.000000e+00 0.000000e+00
    outer loop
      vertex   -9.392092e-02 -7.000000e-02 -1.318107e-01
      vertex   -6.256855e-02 -7.000000e-02 -8.056855e-02
      vertex   -8.441133e-02 -7.000000e-02 -1.301576e-01
    endloop
  endfacet
  facet normal -3.406731e-15 1.000000e+00 2.084399e-15
    outer loop
      vertex   -1.019728e-01 -7.000000e-02 -1.316548e-01
      vertex   -6.256855e-02 -7.000000e-02 -8.056855e-02
      vertex   -9.392092e-02 -7.000000e-02 -1.318107e-01
    endloop
  endfacet
  facet normal -7.931117e-17 1.000000e+00 -4.821330e-16
    outer loop
      vertex   -1.088614e-01 -7.000000e-02 -1.305216e-01
      vertex   -6.256855e-02 -7.000000e-02 -8.056855e-02
      vertex   -1.019728e-01 -7.000000e-02 -1.316548e-01
    endloop
  endfacet
  facet normal -1.391248e-16 1.000000e+00 -4.267021e-16
    outer loop
      vertex   -1.157522e-01 -7.000000e-02 -1.282749e-01
      vertex   -6.256855e-02 -7.000000e-02 -8.056855e-02
      vertex   -1.088614e-01 -7.000000e-02 -1.305216e-01
    endloop
  endfacet
  facet normal -1.840234e-16 1.000000e+00 -3.766487e-16
    outer loop
      vertex   -1.227466e-01 -7.000000e-02 -1.248576e-01
      vertex   -6.256855e-02 -7.000000e-02 -8.056855e-02
      vertex   -1.157522e-01 -7.000000e-02 -1.282749e-01
    endloop
  endfacet
  facet normal -2.262321e-16 1.000000e+00 -3.192973e-16
    outer loop
      vertex   -1.286604e-01 -7.000000e-02 -1.206675e-01
      vertex   -6.256855e-02 -7.000000e-02 -8.056855e-02
      vertex   -1.227466e-01 -7.000000e-02 -1.248576e-01
    endloop
  endfacet
  facet normal -1.050761e-15 1.000000e+00 1.039708e-15
    outer loop
      vertex   -1.353640e-01 -7.000000e-02 -1.140945e-01
      vertex   -6.256855e-02 -7.000000e-02 -8.056855e-02
      vertex   -1.286604e-01 -7.000000e-02 -1.206675e-01
    endloop
  endfacet
  facet normal -1.164092e-15 1.000000e+00 1.285785e-15
    outer loop
      vertex   -1.400554e-01 -7.000000e-02 -1.075487e-01
      vertex   -6.256855e-02 -7.000000e-02 -8.056855e-02
      vertex   -1.353640e-01 -7.000000e-02 -1.140945e-01
    endloop
  endfacet
  facet normal -6.112946e-16 1.000000e+00 -3.018448e-16
    outer loop
      vertex   -1.432641e-01 -7.000000e-02 -1.010506e-01
      vertex   -6.256855e-02 -7.000000e-02 -8.056855e-02
      vertex   -1.400554e-01 -7.000000e-02 -1.075487e-01
    endloop
  endfacet
  facet normal -6.362832e-16 1.000000e+00 -2.033945e-16
    outer loop
      vertex   -1.459603e-01 -7.000000e-02 -9.261606e-02
      vertex   -6.256855e-02 -7.000000e-02 -8.056855e-02
      vertex   -1.432641e-01 -7.000000e-02 -1.010506e-01
    endloop
  endfacet
  facet normal -6.551375e-16 1.000000e+00 -7.288642e-17
    outer loop
      vertex   -1.470577e-01 -7.000000e-02 -8.275163e-02
      vertex   -6.256855e-02 -7.000000e-02 -8.056855e-02
      vertex   -1.459603e-01 -7.000000e-02 -9.261606e-02
    endloop
  endfacet
  facet normal -6.582151e-16 1.000000e+00 4.622159e-17
    outer loop
      vertex   -1.464377e-01 -7.000000e-02 -7.392174e-02
      vertex   -6.256855e-02 -7.000000e-02 -8.056855e-02
      vertex   -1.470577e-01 -7.000000e-02 -8.275163e-02
    endloop
  endfacet
  facet normal -6.478591e-16 1.000000e+00 1.768941e-16
    outer loop
      vertex   -1.438964e-01 -7.000000e-02 -6.461474e-02
      vertex   -6.256855e-02 -7.000000e-02 -8.056855e-02
      vertex   -1.464377e-01 -7.000000e-02 -7.392174e-02
    endloop
  endfacet
  facet normal -6.211878e-16 1.000000e+00 3.128563e-16
    outer loop
      vertex   -1.385951e-01 -7.000000e-02 -5.408867e-02
      vertex   -6.256855e-02 -7.000000e-02 -8.056855e-02
      vertex   -1.438964e-01 -7.000000e-02 -6.461474e-02
    endloop
  endfacet
  facet normal -5.690284e-16 1.000000e+00 4.626116e-16
    outer loop
      vertex   -1.324998e-01 -7.000000e-02 -4.659129e-02
      vertex   -6.256855e-02 -7.000000e-02 -8.056855e-02
      vertex   -1.385951e-01 -7.000000e-02 -5.408867e-02
    endloop
  endfacet
  facet normal -5.997970e-16 1.000000e+00 3.992842e-16
    outer loop
      vertex   -1.324998e-01 -7.000000e-02 -4.659129e-02
      vertex   -6.256854e-02 -7.000000e-02 -4.581188e-02
      vertex   -6.256855e-02 -7.000000e-02 -8.056855e-02
    endloop
  endfacet
  facet normal -5.976329e-16 1.000000e+00 2.051098e-16
    outer loop
      vertex   -9.714447e-02 -7.000000e-02 -1.123595e-02
      vertex   -6.256854e-02 -7.000000e-02 -4.581188e-02
      vertex   -1.324998e-01 -7.000000e-02 -4.659129e-02
    endloop
  endfacet
  facet normal 2.110968e-01 -6.247030e-01 -7.517874e-01
    outer loop
      vertex   -4.868278e-02 -6.588723e-02 -9.322298e-02
      vertex   -5.600500e-02 -5.745147e-02 -1.022888e-01
      vertex   -4.830344e-02 -6.260266e-02 -9.584580e-02
    endloop
  endfacet
  facet normal 2.647636e-02 -6.975592e-01 -7.160378e-01
    outer loop
      vertex   -4.937971e-02 -6.827061e-02 -9.092688e-02
      vertex   -5.874422e-02 -6.260729e-02 -9.679031e-02
      vertex   -4.868278e-02 -6.588723e-02 -9.322298e-02
    endloop
  endfacet
  facet normal -1.214191e-01 -8.037697e-01 -5.824189e-01
    outer loop
      vertex   -5.682276e-02 -6.678829e-02 -9.142088e-02
      vertex   -5.874422e-02 -6.260729e-02 -9.679031e-02
      vertex   -4.937971e-02 -6.827061e-02 -9.092688e-02
    endloop
  endfacet
  facet normal 1.305096e-01 -6.710554e-01 -7.298301e-01
    outer loop
      vertex   -5.600500e-02 -5.745147e-02 -1.022888e-01
      vertex   -4.868278e-02 -6.588723e-02 -9.322298e-02
      vertex   -5.902212e-02 -5.785715e-02 -1.024553e-01
    endloop
  endfacet
  facet normal -2.238611e-02 -7.666150e-01 -6.417167e-01
    outer loop
      vertex   -4.868278e-02 -6.588723e-02 -9.322298e-02
      vertex   -5.874422e-02 -6.260729e-02 -9.679031e-02
      vertex   -5.902212e-02 -5.785715e-02 -1.024553e-01
    endloop
  endfacet
  facet normal 1.567775e-01 -6.272701e-01 -7.628585e-01
    outer loop
      vertex   -4.830344e-02 -6.260266e-02 -9.584580e-02
      vertex   -4.257799e-02 -6.654696e-02 -9.142589e-02
      vertex   -4.868278e-02 -6.588723e-02 -9.322298e-02
    endloop
  endfacet
  facet normal 2.080483e-01 -5.803139e-01 -7.873701e-01
    outer loop
      vertex   -4.830344e-02 -6.260266e-02 -9.584580e-02
      vertex   -4.845341e-02 -5.921715e-02 -9.838064e-02
      vertex   -4.257799e-02 -6.654696e-02 -9.142589e-02
    endloop
  endfacet
  facet normal 2.961127e-01 -5.217580e-01 -8.000537e-01
    outer loop
      vertex   -4.257799e-02 -6.654696e-02 -9.142589e-02
      vertex   -4.845341e-02 -5.921715e-02 -9.838064e-02
      vertex   -3.660552e-02 -6.738131e-02 -8.867126e-02
    endloop
  endfacet
  facet normal 4.696398e-01 -3.041407e-01 -8.288165e-01
    outer loop
      vertex   -3.193870e-02 -6.730429e-02 -8.605513e-02
      vertex   -3.660552e-02 -6.738131e-02 -8.867126e-02
      vertex   -4.845341e-02 -5.921715e-02 -9.838064e-02
    endloop
  endfacet
  facet normal 2.687726e-01 -5.696394e-01 -7.767060e-01
    outer loop
      vertex   -4.845341e-02 -5.921715e-02 -9.838064e-02
      vertex   -4.830344e-02 -6.260266e-02 -9.584580e-02
      vertex   -5.600500e-02 -5.745147e-02 -1.022888e-01
    endloop
  endfacet
  facet normal 2.240728e-01 -6.496347e-01 -7.264751e-01
    outer loop
      vertex   -6.256854e-02 -5.230506e-02 -1.089153e-01
      vertex   -4.845341e-02 -5.921715e-02 -9.838064e-02
      vertex   -5.600500e-02 -5.745147e-02 -1.022888e-01
    endloop
  endfacet
  facet normal 1.339336e-01 -7.140192e-01 -6.871960e-01
    outer loop
      vertex   -5.902212e-02 -5.785715e-02 -1.024553e-01
      vertex   -6.256854e-02 -5.230506e-02 -1.089153e-01
      vertex   -5.600500e-02 -5.745147e-02 -1.022888e-01
    endloop
  endfacet
  facet normal 6.145891e-02 -7.400281e-01 -6.697621e-01
    outer loop
      vertex   -6.256855e-02 -5.645736e-02 -1.043274e-01
      vertex   -6.256854e-02 -5.230506e-02 -1.089153e-01
      vertex   -5.902212e-02 -5.785715e-02 -1.024553e-01
    endloop
  endfacet
  facet normal 3.762817e-02 -7.648144e-01 -6.431509e-01
    outer loop
      vertex   -5.874422e-02 -6.260729e-02 -9.679031e-02
      vertex   -6.256855e-02 -5.645736e-02 -1.043274e-01
      vertex   -5.902212e-02 -5.785715e-02 -1.024553e-01
    endloop
  endfacet
  facet normal -1.764145e-01 -8.045994e-01 -5.670077e-01
    outer loop
      vertex   -5.874422e-02 -6.260729e-02 -9.679031e-02
      vertex   -6.256854e-02 -6.429029e-02 -9.321222e-02
      vertex   -6.256855e-02 -5.645736e-02 -1.043274e-01
    endloop
  endfacet
  facet normal -1.742204e-01 -8.061973e-01 -5.654142e-01
    outer loop
      vertex   -5.682276e-02 -6.678829e-02 -9.142088e-02
      vertex   -6.256854e-02 -6.429029e-02 -9.321222e-02
      vertex   -5.874422e-02 -6.260729e-02 -9.679031e-02
    endloop
  endfacet
  facet normal -9.723384e-02 -7.179423e-01 -6.892782e-01
    outer loop
      vertex   -4.943533e-02 -7.000000e-02 -8.911772e-02
      vertex   -5.682276e-02 -6.678829e-02 -9.142088e-02
      vertex   -4.937971e-02 -6.827061e-02 -9.092688e-02
    endloop
  endfacet
  facet normal -1.936505e-02 -7.224293e-01 -6.911735e-01
    outer loop
      vertex   -4.370059e-02 -7.000000e-02 -8.927840e-02
      vertex   -4.943533e-02 -7.000000e-02 -8.911772e-02
      vertex   -4.937971e-02 -6.827061e-02 -9.092688e-02
    endloop
  endfacet
  facet normal -2.048059e-03 -6.934858e-01 -7.204674e-01
    outer loop
      vertex   -4.868278e-02 -6.588723e-02 -9.322298e-02
      vertex   -4.370059e-02 -7.000000e-02 -8.927840e-02
      vertex   -4.937971e-02 -6.827061e-02 -9.092688e-02
    endloop
  endfacet
  facet normal 1.774897e-01 -5.606930e-01 -8.087773e-01
    outer loop
      vertex   -4.257799e-02 -6.654696e-02 -9.142589e-02
      vertex   -4.370059e-02 -7.000000e-02 -8.927840e-02
      vertex   -4.868278e-02 -6.588723e-02 -9.322298e-02
    endloop
  endfacet
  facet normal 1.724262e-01 -5.600180e-01 -8.103389e-01
    outer loop
      vertex   -4.370059e-02 -7.000000e-02 -8.927840e-02
      vertex   -4.257799e-02 -6.654696e-02 -9.142589e-02
      vertex   -3.806009e-02 -7.000000e-02 -8.807820e-02
    endloop
  endfacet
  facet normal 3.418962e-01 -3.841419e-01 -8.576375e-01
    outer loop
      vertex   -3.806009e-02 -7.000000e-02 -8.807820e-02
      vertex   -4.257799e-02 -6.654696e-02 -9.142589e-02
      vertex   -3.660552e-02 -6.738131e-02 -8.867126e-02
    endloop
  endfacet
  facet normal 3.815554e-01 -4.005977e-01 -8.330288e-01
    outer loop
      vertex   -3.806009e-02 -7.000000e-02 -8.807820e-02
      vertex   -3.660552e-02 -6.738131e-02 -8.867126e-02
      vertex   -3.102947e-02 -7.000000e-02 -8.485794e-02
    endloop
  endfacet
  facet normal 4.801915e-01 -2.156392e-01 -8.502446e-01
    outer loop
      vertex   -3.193870e-02 -6.730429e-02 -8.605513e-02
      vertex   -3.102947e-02 -7.000000e-02 -8.485794e-02
      vertex   -3.660552e-02 -6.738131e-02 -8.867126e-02
    endloop
  endfacet
  facet normal 5.252862e-01 -1.910805e-01 -8.291940e-01
    outer loop
      vertex   -2.643380e-02 -7.000000e-02 -8.194662e-02
      vertex   -3.102947e-02 -7.000000e-02 -8.485794e-02
      vertex   -3.193870e-02 -6.730429e-02 -8.605513e-02
    endloop
  endfacet
  facet normal -2.417079e-01 -8.675984e-01 -4.345691e-01
    outer loop
      vertex   -5.851685e-02 -6.782681e-02 -8.840527e-02
      vertex   -6.256854e-02 -6.429029e-02 -9.321222e-02
      vertex   -5.682276e-02 -6.678829e-02 -9.142088e-02
    endloop
  endfacet
  facet normal -2.504968e-01 -8.684685e-01 -4.278012e-01
    outer loop
      vertex   -5.851685e-02 -6.782681e-02 -8.840527e-02
      vertex   -6.256854e-02 -6.786878e-02 -8.594762e-02
      vertex   -6.256854e-02 -6.429029e-02 -9.321222e-02
    endloop
  endfacet
  facet normal -2.553413e-01 -8.988696e-01 -3.561381e-01
    outer loop
      vertex   -6.052336e-02 -6.925957e-02 -8.390368e-02
      vertex   -6.256855e-02 -7.000000e-02 -8.056855e-02
      vertex   -6.256854e-02 -6.786878e-02 -8.594762e-02
    endloop
  endfacet
  facet normal -2.286329e-01 -9.112695e-01 -3.425127e-01
    outer loop
      vertex   -5.500544e-02 -7.000000e-02 -8.561704e-02
      vertex   -6.256855e-02 -7.000000e-02 -8.056855e-02
      vertex   -6.052336e-02 -6.925957e-02 -8.390368e-02
    endloop
  endfacet
  facet normal -2.403881e-01 -8.888591e-01 -3.900552e-01
    outer loop
      vertex   -5.500544e-02 -7.000000e-02 -8.561704e-02
      vertex   -6.052336e-02 -6.925957e-02 -8.390368e-02
      vertex   -5.851685e-02 -6.782681e-02 -8.840527e-02
    endloop
  endfacet
  facet normal -2.241908e-01 -8.953194e-01 -3.848917e-01
    outer loop
      vertex   -6.256854e-02 -6.786878e-02 -8.594762e-02
      vertex   -5.851685e-02 -6.782681e-02 -8.840527e-02
      vertex   -6.052336e-02 -6.925957e-02 -8.390368e-02
    endloop
  endfacet
  facet normal -2.432004e-01 -8.894430e-01 -3.869685e-01
    outer loop
      vertex   -5.851685e-02 -6.782681e-02 -8.840527e-02
      vertex   -4.943533e-02 -7.000000e-02 -8.911772e-02
      vertex   -5.500544e-02 -7.000000e-02 -8.561704e-02
    endloop
  endfacet
  facet normal -2.417073e-01 -8.675987e-01 -4.345689e-01
    outer loop
      vertex   -5.682276e-02 -6.678829e-02 -9.142088e-02
      vertex   -4.943533e-02 -7.000000e-02 -8.911772e-02
      vertex   -5.851685e-02 -6.782681e-02 -8.840527e-02
    endloop
  endfacet
  facet normal 5.981188e-01 5.792396e-16 -8.014074e-01
    outer loop
      vertex   -2.643380e-02 -7.000000e-02 -8.194662e-02
      vertex   -3.123294e-02 6.764989e-02 -8.552839e-02
      vertex   -2.643380e-02 7.000000e-02 -8.194662e-02
    endloop
  endfacet
  facet normal 5.981188e-01 7.820022e-10 -8.014074e-01
    outer loop
      vertex   -3.193870e-02 -6.730429e-02 -8.605513e-02
      vertex   -3.123294e-02 6.764989e-02 -8.552839e-02
      vertex   -2.643380e-02 -7.000000e-02 -8.194662e-02
    endloop
  endfacet
  facet normal 5.981190e-01 -7.506063e-10 -8.014073e-01
    outer loop
      vertex   -3.193870e-02 -6.730429e-02 -8.605513e-02
      vertex   -4.817111e-02 5.935539e-02 -9.816995e-02
      vertex   -3.123294e-02 6.764989e-02 -8.552839e-02
    endloop
  endfacet
  facet normal 5.981190e-01 6.547148e-10 -8.014073e-01
    outer loop
      vertex   -4.845341e-02 -5.921715e-02 -9.838064e-02
      vertex   -4.817111e-02 5.935539e-02 -9.816995e-02
      vertex   -3.193870e-02 -6.730429e-02 -8.605513e-02
    endloop
  endfacet
  facet normal 5.981189e-01 9.295235e-10 -8.014073e-01
    outer loop
      vertex   -4.845341e-02 -5.921715e-02 -9.838064e-02
      vertex   -6.256854e-02 5.230506e-02 -1.089153e-01
      vertex   -4.817111e-02 5.935539e-02 -9.816995e-02
    endloop
  endfacet
  facet normal 5.981189e-01 7.156871e-16 -8.014073e-01
    outer loop
      vertex   -6.256854e-02 -5.230506e-02 -1.089153e-01
      vertex   -6.256854e-02 5.230506e-02 -1.089153e-01
      vertex   -4.845341e-02 -5.921715e-02 -9.838064e-02
    endloop
  endfacet
  facet normal 7.071068e-01 0.000000e+00 7.071068e-01
    outer loop
      vertex   -9.714447e-02 8.000000e-02 -1.123595e-02
      vertex   -9.714447e-02 7.000000e-02 -1.123595e-02
      vertex   -6.256854e-02 7.000000e-02 -4.581188e-02
    endloop
  endfacet
  facet normal 7.071068e-01 4.680500e-16 7.071068e-01
    outer loop
      vertex   -3.104056e-02 7.000000e-02 -7.733986e-02
      vertex   -2.643380e-02 7.000000e-02 -8.194662e-02
      vertex   -2.643380e-02 8.000000e-02 -8.194662e-02
    endloop
  endfacet
  facet normal 7.071068e-01 0.000000e+00 7.071068e-01
    outer loop
      vertex   -6.256854e-02 7.000000e-02 -4.581188e-02
      vertex   -2.643380e-02 8.000000e-02 -8.194662e-02
      vertex   -9.714447e-02 8.000000e-02 -1.123595e-02
    endloop
  endfacet
  facet normal 7.071068e-01 9.726555e-16 7.071068e-01
    outer loop
      vertex   -6.256854e-02 7.000000e-02 -4.581188e-02
      vertex   -3.104056e-02 7.000000e-02 -7.733986e-02
      vertex   -2.643380e-02 8.000000e-02 -8.194662e-02
    endloop
  endfacet
  facet normal 7.071068e-01 2.102802e-16 7.071068e-01
    outer loop
      vertex   -6.256854e-02 -7.000000e-02 -4.581188e-02
      vertex   -3.104056e-02 7.000000e-02 -7.733986e-02
      vertex   -6.256854e-02 7.000000e-02 -4.581188e-02
    endloop
  endfacet
  facet normal 7.071068e-01 1.927569e-16 7.071068e-01
    outer loop
      vertex   -3.104056e-02 -7.000000e-02 -7.733986e-02
      vertex   -3.104056e-02 7.000000e-02 -7.733986e-02
      vertex   -6.256854e-02 -7.000000e-02 -4.581188e-02
    endloop
  endfacet
  facet normal 7.071068e-01 -0.000000e+00 7.071068e-01
    outer loop
      vertex   -9.714447e-02 -8.000000e-02 -1.123595e-02
      vertex   -6.256854e-02 -7.000000e-02 -4.581188e-02
      vertex   -9.714447e-02 -7.000000e-02 -1.123595e-02
    endloop
  endfacet
  facet normal 7.071068e-01 4.336809e-16 7.071068e-01
    outer loop
      vertex   -2.643380e-02 -8.000000e-02 -8.194662e-02
      vertex   -6.256854e-02 -7.000000e-02 -4.581188e-02
      vertex   -9.714447e-02 -8.000000e-02 -1.123595e-02
    endloop
  endfacet
  facet normal 7.071068e-01 4.863278e-16 7.071068e-01
    outer loop
      vertex   -2.643380e-02 -8.000000e-02 -8.194662e-02
      vertex   -3.104056e-02 -7.000000e-02 -7.733986e-02
      vertex   -6.256854e-02 -7.000000e-02 -4.581188e-02
    endloop
  endfacet
  facet normal 7.071068e-01 7.359808e-16 7.071068e-01
    outer loop
      vertex   -2.643380e-02 -7.000000e-02 -8.194662e-02
      vertex   -3.104056e-02 -7.000000e-02 -7.733986e-02
      vertex   -2.643380e-02 -8.000000e-02 -8.194662e-02
    endloop
  endfacet
  facet normal 8.229517e-01 5.945019e-16 -5.681113e-01
    outer loop
      vertex   -1.813257e-02 -6.281143e-02 -6.992167e-02
      vertex   -5.999998e-03 5.230506e-02 -5.234673e-02
      vertex   -5.999998e-03 -5.230506e-02 -5.234673e-02
    endloop
  endfacet
  facet normal 8.229518e-01 -2.384429e-08 -5.681112e-01
    outer loop
      vertex   -1.813257e-02 -6.281143e-02 -6.992167e-02
      vertex   -1.637654e-02 6.129078e-02 -6.737792e-02
      vertex   -5.999998e-03 5.230506e-02 -5.234673e-02
    endloop
  endfacet
  facet normal 8.229519e-01 -2.716067e-08 -5.681111e-01
    outer loop
      vertex   -2.643380e-02 -7.000000e-02 -8.194662e-02
      vertex   -1.637654e-02 6.129078e-02 -6.737792e-02
      vertex   -1.813257e-02 -6.281143e-02 -6.992167e-02
    endloop
  endfacet
  facet normal 8.229518e-01 6.380121e-16 -5.681113e-01
    outer loop
      vertex   -2.643380e-02 7.000000e-02 -8.194662e-02
      vertex   -1.637654e-02 6.129078e-02 -6.737792e-02
      vertex   -2.643380e-02 -7.000000e-02 -8.194662e-02
    endloop
  endfacet
  facet normal 1.000000e+00 5.969789e-16 2.295353e-07
    outer loop
      vertex   -5.999998e-03 -5.230506e-02 -5.234673e-02
      vertex   -6.000000e-03 5.230506e-02 -4.500200e-02
      vertex   -6.000000e-03 -5.230506e-02 -4.500200e-02
    endloop
  endfacet
  facet normal 1.000000e+00 1.611578e-08 3.778981e-15
    outer loop
      vertex   -5.999998e-03 -5.230506e-02 -5.234673e-02
      vertex   -6.000000e-03 5.230506e-02 -4.867437e-02
      vertex   -6.000000e-03 5.230506e-02 -4.500200e-02
    endloop
  endfacet
  facet normal 1.000000e+00 5.886875e-16 4.590704e-07
    outer loop
      vertex   -5.999998e-03 5.230506e-02 -5.234673e-02
      vertex   -6.000000e-03 5.230506e-02 -4.867437e-02
      vertex   -5.999998e-03 -5.230506e-02 -5.234673e-02
    endloop
  endfacet
  facet normal -7.906670e-01 -6.327354e-16 6.122465e-01
    outer loop
      vertex   -3.104056e-02 -7.000000e-02 -7.733986e-02
      vertex   -1.734650e-02 6.032308e-02 -5.965509e-02
      vertex   -3.104056e-02 7.000000e-02 -7.733986e-02
    endloop
  endfacet
  facet normal -7.906670e-01 2.493195e-09 6.122465e-01
    outer loop
      vertex   -2.321538e-02 -6.447033e-02 -6.723428e-02
      vertex   -1.734650e-02 6.032308e-02 -5.965509e-02
      vertex   -3.104056e-02 -7.000000e-02 -7.733986e-02
    endloop
  endfacet
  facet normal -7.906669e-01 -1.278059e-08 6.122466e-01
    outer loop
      vertex   -1.226014e-02 -5.672880e-02 -5.308647e-02
      vertex   -1.734650e-02 6.032308e-02 -5.965509e-02
      vertex   -2.321538e-02 -6.447033e-02 -6.723428e-02
    endloop
  endfacet
  facet normal -7.906669e-01 -2.087104e-08 6.122465e-01
    outer loop
      vertex   -1.226014e-02 -5.672880e-02 -5.308647e-02
      vertex   -6.000000e-03 5.230506e-02 -4.500200e-02
      vertex   -1.734650e-02 6.032308e-02 -5.965509e-02
    endloop
  endfacet
  facet normal -7.906671e-01 -6.344552e-16 6.122463e-01
    outer loop
      vertex   -6.000000e-03 -5.230506e-02 -4.500200e-02
      vertex   -6.000000e-03 5.230506e-02 -4.500200e-02
      vertex   -1.226014e-02 -5.672880e-02 -5.308647e-02
    endloop
  endfacet
  facet normal 4.863973e-01 8.603427e-01 1.524075e-01
    outer loop
      vertex   -9.599306e-03 5.517358e-02 -5.447526e-02
      vertex   -1.637654e-02 6.129078e-02 -6.737792e-02
      vertex   -2.146961e-02 6.511402e-02 -7.270602e-02
    endloop
  endfacet
  facet normal 3.900640e-01 8.911061e-01 2.319054e-01
    outer loop
      vertex   -9.599306e-03 5.517358e-02 -5.447526e-02
      vertex   -2.146961e-02 6.511402e-02 -7.270602e-02
      vertex   -2.184910e-02 6.428889e-02 -6.889712e-02
    endloop
  endfacet
  facet normal 6.232459e-01 7.820259e-01 2.405461e-15
    outer loop
      vertex   -9.599306e-03 5.517358e-02 -5.447526e-02
      vertex   -6.000000e-03 5.230506e-02 -4.500200e-02
      vertex   -6.000000e-03 5.230506e-02 -4.867437e-02
    endloop
  endfacet
  facet normal 5.258622e-01 8.486461e-01 5.717298e-02
    outer loop
      vertex   -9.599306e-03 5.517358e-02 -5.447526e-02
      vertex   -1.734650e-02 6.032308e-02 -5.965509e-02
      vertex   -6.000000e-03 5.230506e-02 -4.500200e-02
    endloop
  endfacet
  facet normal 6.232456e-01 7.820262e-01 2.861136e-07
    outer loop
      vertex   -5.999998e-03 5.230506e-02 -5.234673e-02
      vertex   -9.599306e-03 5.517358e-02 -5.447526e-02
      vertex   -6.000000e-03 5.230506e-02 -4.867437e-02
    endloop
  endfacet
  facet normal 5.984316e-01 7.985908e-01 6.428378e-02
    outer loop
      vertex   -1.637654e-02 6.129078e-02 -6.737792e-02
      vertex   -9.599306e-03 5.517358e-02 -5.447526e-02
      vertex   -5.999998e-03 5.230506e-02 -5.234673e-02
    endloop
  endfacet
  facet normal 4.843294e-01 8.644127e-01 1.349657e-01
    outer loop
      vertex   -2.184910e-02 6.428889e-02 -6.889712e-02
      vertex   -1.734650e-02 6.032308e-02 -5.965509e-02
      vertex   -9.599306e-03 5.517358e-02 -5.447526e-02
    endloop
  endfacet
  facet normal 3.720813e-01 9.048256e-01 2.069930e-01
    outer loop
      vertex   -1.734650e-02 6.032308e-02 -5.965509e-02
      vertex   -2.184910e-02 6.428889e-02 -6.889712e-02
      vertex   -3.104056e-02 7.000000e-02 -7.733986e-02
    endloop
  endfacet
  facet normal 3.977625e-01 8.820082e-01 2.526789e-01
    outer loop
      vertex   -2.643380e-02 7.000000e-02 -8.194662e-02
      vertex   -2.146961e-02 6.511402e-02 -7.270602e-02
      vertex   -1.637654e-02 6.129078e-02 -6.737792e-02
    endloop
  endfacet
  facet normal 4.280931e-01 8.734814e-01 2.318763e-01
    outer loop
      vertex   -2.643380e-02 7.000000e-02 -8.194662e-02
      vertex   -2.184910e-02 6.428889e-02 -6.889712e-02
      vertex   -2.146961e-02 6.511402e-02 -7.270602e-02
    endloop
  endfacet
  facet normal 2.944502e-01 9.091744e-01 2.944502e-01
    outer loop
      vertex   -3.104056e-02 7.000000e-02 -7.733986e-02
      vertex   -2.184910e-02 6.428889e-02 -6.889712e-02
      vertex   -2.643380e-02 7.000000e-02 -8.194662e-02
    endloop
  endfacet
  facet normal 4.725367e-01 -8.664578e-01 1.611210e-01
    outer loop
      vertex   -1.664228e-02 -6.036629e-02 -6.180392e-02
      vertex   -1.692761e-02 -6.135990e-02 -6.631042e-02
      vertex   -9.360397e-03 -5.500078e-02 -5.430625e-02
    endloop
  endfacet
  facet normal 4.611736e-01 -8.721903e-01 1.631044e-01
    outer loop
      vertex   -1.664228e-02 -6.036629e-02 -6.180392e-02
      vertex   -2.586864e-02 -6.799549e-02 -7.651329e-02
      vertex   -1.692761e-02 -6.135990e-02 -6.631042e-02
    endloop
  endfacet
  facet normal 3.130841e-01 -9.140828e-01 2.577423e-01
    outer loop
      vertex   -2.321538e-02 -6.447033e-02 -6.723428e-02
      vertex   -3.104056e-02 -7.000000e-02 -7.733986e-02
      vertex   -2.586864e-02 -6.799549e-02 -7.651329e-02
    endloop
  endfacet
  facet normal 4.260729e-01 -8.908654e-01 1.575458e-01
    outer loop
      vertex   -1.664228e-02 -6.036629e-02 -6.180392e-02
      vertex   -1.226014e-02 -5.672880e-02 -5.308647e-02
      vertex   -2.321538e-02 -6.447033e-02 -6.723428e-02
    endloop
  endfacet
  facet normal 5.353389e-01 -8.406789e-01 8.167823e-02
    outer loop
      vertex   -9.360397e-03 -5.500078e-02 -5.430625e-02
      vertex   -1.226014e-02 -5.672880e-02 -5.308647e-02
      vertex   -1.664228e-02 -6.036629e-02 -6.180392e-02
    endloop
  endfacet
  facet normal 5.280620e-01 -8.474353e-01 5.480768e-02
    outer loop
      vertex   -9.360397e-03 -5.500078e-02 -5.430625e-02
      vertex   -6.000000e-03 -5.230506e-02 -4.500200e-02
      vertex   -1.226014e-02 -5.672880e-02 -5.308647e-02
    endloop
  endfacet
  facet normal 6.257410e-01 -7.800309e-01 1.436296e-07
    outer loop
      vertex   -5.999998e-03 -5.230506e-02 -5.234673e-02
      vertex   -6.000000e-03 -5.230506e-02 -4.500200e-02
      vertex   -9.360397e-03 -5.500078e-02 -5.430625e-02
    endloop
  endfacet
  facet normal 6.036601e-01 -7.950868e-01 5.857922e-02
    outer loop
      vertex   -9.360397e-03 -5.500078e-02 -5.430625e-02
      vertex   -1.813257e-02 -6.281143e-02 -6.992167e-02
      vertex   -5.999998e-03 -5.230506e-02 -5.234673e-02
    endloop
  endfacet
  facet normal 3.848920e-01 -8.936453e-01 2.307730e-01
    outer loop
      vertex   -1.692761e-02 -6.135990e-02 -6.631042e-02
      vertex   -1.813257e-02 -6.281143e-02 -6.992167e-02
      vertex   -9.360397e-03 -5.500078e-02 -5.430625e-02
    endloop
  endfacet
  facet normal 3.658605e-01 -8.999163e-01 2.372694e-01
    outer loop
      vertex   -1.664228e-02 -6.036629e-02 -6.180392e-02
      vertex   -2.321538e-02 -6.447033e-02 -6.723428e-02
      vertex   -2.586864e-02 -6.799549e-02 -7.651329e-02
    endloop
  endfacet
  facet normal 4.059477e-01 -8.867759e-01 2.209863e-01
    outer loop
      vertex   -1.813257e-02 -6.281143e-02 -6.992167e-02
      vertex   -1.692761e-02 -6.135990e-02 -6.631042e-02
      vertex   -2.586864e-02 -6.799549e-02 -7.651329e-02
    endloop
  endfacet
  facet normal 3.477376e-01 -8.908074e-01 2.924735e-01
    outer loop
      vertex   -2.586864e-02 -6.799549e-02 -7.651329e-02
      vertex   -2.643380e-02 -7.000000e-02 -8.194662e-02
      vertex   -1.813257e-02 -6.281143e-02 -6.992167e-02
    endloop
  endfacet
  facet normal 3.021294e-01 -9.041215e-01 3.021294e-01
    outer loop
      vertex   -2.643380e-02 -7.000000e-02 -8.194662e-02
      vertex   -2.586864e-02 -6.799549e-02 -7.651329e-02
      vertex   -3.104056e-02 -7.000000e-02 -7.733986e-02
    endloop
  endfacet
  facet normal -1.000000e+00 -1.553421e-07 3.855678e-08
    outer loop
      vertex   -5.999998e-03 5.178709e-02 -5.202606e-02
      vertex   -6.000000e-03 7.356949e-02 2.940080e-03
      vertex   -6.000000e-03 6.978141e-02 -2.325289e-02
    endloop
  endfacet
  facet normal -1.000000e+00 5.761272e-08 -4.583456e-08
    outer loop
      vertex   -5.999998e-03 5.178709e-02 -5.202606e-02
      vertex   -6.000001e-03 6.930473e-02 2.516570e-02
      vertex   -6.000000e-03 7.356949e-02 2.940080e-03
    endloop
  endfacet
  facet normal -1.000000e+00 -8.101288e-08 -1.437532e-08
    outer loop
      vertex   -5.999998e-03 5.178709e-02 -5.202606e-02
      vertex   -6.000000e-03 5.466815e-02 4.901319e-02
      vertex   -6.000001e-03 6.930473e-02 2.516570e-02
    endloop
  endfacet
  facet normal -1.000000e+00 -7.149830e-08 -1.464662e-08
    outer loop
      vertex   -5.999998e-03 5.178709e-02 -5.202606e-02
      vertex   -5.999998e-03 2.717237e-02 6.813207e-02
      vertex   -6.000000e-03 5.466815e-02 4.901319e-02
    endloop
  endfacet
  facet normal -1.000000e+00 1.344428e-07 2.754098e-08
    outer loop
      vertex   -6.000002e-03 2.984645e-02 -6.734817e-02
      vertex   -5.999998e-03 2.717237e-02 6.813207e-02
      vertex   -5.999998e-03 5.178709e-02 -5.202606e-02
    endloop
  endfacet
  facet normal -1.000000e+00 -6.640837e-09 2.475630e-08
    outer loop
      vertex   -6.000002e-03 6.870577e-03 -7.351140e-02
      vertex   -5.999998e-03 2.717237e-02 6.813207e-02
      vertex   -6.000002e-03 2.984645e-02 -6.734817e-02
    endloop
  endfacet
  facet normal -1.000000e+00 4.904431e-09 2.310151e-08
    outer loop
      vertex   -6.000002e-03 6.870577e-03 -7.351140e-02
      vertex   -5.999998e-03 3.282894e-04 7.383104e-02
      vertex   -5.999998e-03 2.717237e-02 6.813207e-02
    endloop
  endfacet
  facet normal -1.000000e+00 -1.487010e-07 7.018782e-09
    outer loop
      vertex   -6.000000e-03 -6.988828e-02 2.329036e-02
      vertex   -6.000000e-03 -7.179960e-02 -1.720317e-02
      vertex   -6.000000e-03 -7.372926e-02 1.963407e-03
    endloop
  endfacet
  facet normal -1.000000e+00 1.271405e-07 -6.001119e-09
    outer loop
      vertex   -6.000000e-03 -6.988828e-02 2.329036e-02
      vertex   -5.999998e-03 -5.973680e-02 -4.256561e-02
      vertex   -6.000000e-03 -7.179960e-02 -1.720317e-02
    endloop
  endfacet
  facet normal -1.000000e+00 3.607533e-08 -2.003852e-08
    outer loop
      vertex   -6.000000e-03 -5.670763e-02 4.701947e-02
      vertex   -5.999998e-03 -5.973680e-02 -4.256561e-02
      vertex   -6.000000e-03 -6.988828e-02 2.329036e-02
    endloop
  endfacet
  facet normal -1.000000e+00 -1.882838e-07 -1.245220e-08
    outer loop
      vertex   -6.000000e-03 -5.670763e-02 4.701947e-02
      vertex   -6.000002e-03 -4.057893e-02 -6.146731e-02
      vertex   -5.999998e-03 -5.973680e-02 -4.256561e-02
    endloop
  endfacet
  facet normal -1.000000e+00 -2.163868e-07 -1.663027e-08
    outer loop
      vertex   -6.000003e-03 -4.216963e-02 6.060407e-02
      vertex   -6.000002e-03 -4.057893e-02 -6.146731e-02
      vertex   -6.000000e-03 -5.670763e-02 4.701947e-02
    endloop
  endfacet
  facet normal -1.000000e+00 2.464985e-07 -1.059847e-08
    outer loop
      vertex   -5.999998e-03 -2.122979e-02 7.041840e-02
      vertex   -6.000002e-03 -4.057893e-02 -6.146731e-02
      vertex   -6.000003e-03 -4.216963e-02 6.060407e-02
    endloop
  endfacet
  facet normal -1.000000e+00 1.345591e-07 5.824319e-09
    outer loop
      vertex   -5.999998e-03 -2.122979e-02 7.041840e-02
      vertex   -5.999998e-03 -1.506553e-02 -7.199425e-02
      vertex   -6.000002e-03 -4.057893e-02 -6.146731e-02
    endloop
  endfacet
  facet normal -1.000000e+00 -4.589334e-16 -3.454897e-15
    outer loop
      vertex   -5.999998e-03 3.282894e-04 7.383104e-02
      vertex   -5.999998e-03 -1.506553e-02 -7.199425e-02
      vertex   -5.999998e-03 -2.122979e-02 7.041840e-02
    endloop
  endfacet
  facet normal -1.000000e+00 -1.525936e-07 1.610830e-08
    outer loop
      vertex   -5.999998e-03 3.282894e-04 7.383104e-02
      vertex   -6.000002e-03 6.870577e-03 -7.351140e-02
      vertex   -5.999998e-03 -1.506553e-02 -7.199425e-02
    endloop
  endfacet
  facet normal 1.000000e+00 8.529680e-16 3.412275e-15
    outer loop
      vertex   2.027572e-16 -6.811957e-02 -4.074002e-02
      vertex   1.623970e-17 -7.777666e-02 1.633470e-02
      vertex   1.139393e-16 -7.881843e-02 -1.203670e-02
    endloop
  endfacet
  facet normal 1.000000e+00 9.028271e-16 3.420711e-15
    outer loop
      vertex   2.027572e-16 -6.811957e-02 -4.074002e-02
      vertex   -7.257815e-17 -6.904367e-02 3.999453e-02
      vertex   1.623970e-17 -7.777666e-02 1.633470e-02
    endloop
  endfacet
  facet normal 1.000000e+00 5.748807e-16 3.416958e-15
    outer loop
      vertex   2.027572e-16 -6.811957e-02 -4.074002e-02
      vertex   -1.391915e-16 -5.552991e-02 5.721587e-02
      vertex   -7.257815e-17 -6.904367e-02 3.999453e-02
    endloop
  endfacet
  facet normal 1.000000e+00 4.567937e-16 3.432135e-15
    outer loop
      vertex   2.738114e-16 -4.682229e-02 -6.427719e-02
      vertex   -1.391915e-16 -5.552991e-02 5.721587e-02
      vertex   2.027572e-16 -6.811957e-02 -4.074002e-02
    endloop
  endfacet
  facet normal 1.000000e+00 5.808417e-16 3.441025e-15
    outer loop
      vertex   2.738114e-16 -4.682229e-02 -6.427719e-02
      vertex   -2.013640e-16 -3.428500e-02 7.169776e-02
      vertex   -1.391915e-16 -5.552991e-02 5.721587e-02
    endloop
  endfacet
  facet normal 1.000000e+00 3.527513e-16 3.462056e-15
    outer loop
      vertex   3.048977e-16 -2.641207e-02 -7.533593e-02
      vertex   -2.013640e-16 -3.428500e-02 7.169776e-02
      vertex   2.738114e-16 -4.682229e-02 -6.427719e-02
    endloop
  endfacet
  facet normal 1.000000e+00 8.148892e-16 3.486801e-15
    outer loop
      vertex   3.048977e-16 -2.641207e-02 -7.533593e-02
      vertex   -2.457729e-16 -1.120855e-02 7.904093e-02
      vertex   -2.013640e-16 -3.428500e-02 7.169776e-02
    endloop
  endfacet
  facet normal 1.000000e+00 7.721705e-16 3.491008e-15
    outer loop
      vertex   3.048977e-16 -7.824225e-03 -7.944735e-02
      vertex   -2.457729e-16 -1.120855e-02 7.904093e-02
      vertex   3.048977e-16 -2.641207e-02 -7.533593e-02
    endloop
  endfacet
  facet normal 1.000000e+00 2.828112e-16 3.457970e-15
    outer loop
      vertex   -7.923948e-17 7.751539e-02 1.696545e-02
      vertex   1.072780e-16 7.044918e-02 -3.639506e-02
      vertex   2.068059e-17 7.881843e-02 -1.203670e-02
    endloop
  endfacet
  facet normal 1.000000e+00 5.471992e-16 3.422959e-15
    outer loop
      vertex   -1.747187e-16 6.444405e-02 4.694881e-02
      vertex   1.072780e-16 7.044918e-02 -3.639506e-02
      vertex   -7.923948e-17 7.751539e-02 1.696545e-02
    endloop
  endfacet
  facet normal 1.000000e+00 6.291458e-16 3.428863e-15
    outer loop
      vertex   -1.747187e-16 6.444405e-02 4.694881e-02
      vertex   1.983163e-16 5.299809e-02 -5.974362e-02
      vertex   1.072780e-16 7.044918e-02 -3.639506e-02
    endloop
  endfacet
  facet normal 1.000000e+00 5.513142e-16 3.437213e-15
    outer loop
      vertex   -2.235685e-16 4.739276e-02 6.389581e-02
      vertex   1.983163e-16 5.299809e-02 -5.974362e-02
      vertex   -1.747187e-16 6.444405e-02 4.694881e-02
    endloop
  endfacet
  facet normal 1.000000e+00 6.448097e-16 3.441452e-15
    outer loop
      vertex   -2.235685e-16 4.739276e-02 6.389581e-02
      vertex   2.516070e-16 3.450513e-02 -7.176363e-02
      vertex   1.983163e-16 5.299809e-02 -5.974362e-02
    endloop
  endfacet
  facet normal 1.000000e+00 5.105504e-16 3.454206e-15
    outer loop
      vertex   -2.546547e-16 1.888580e-02 7.710883e-02
      vertex   2.516070e-16 3.450513e-02 -7.176363e-02
      vertex   -2.235685e-16 4.739276e-02 6.389581e-02
    endloop
  endfacet
  facet normal 1.000000e+00 6.939576e-16 3.473449e-15
    outer loop
      vertex   -2.546547e-16 1.888580e-02 7.710883e-02
      vertex   2.915750e-16 1.220741e-02 -7.881551e-02
      vertex   2.516070e-16 3.450513e-02 -7.176363e-02
    endloop
  endfacet
  facet normal 1.000000e+00 5.553349e-16 3.479386e-15
    outer loop
      vertex   -2.546547e-16 1.888580e-02 7.710883e-02
      vertex   3.048977e-16 -7.824225e-03 -7.944735e-02
      vertex   2.915750e-16 1.220741e-02 -7.881551e-02
    endloop
  endfacet
  facet normal 1.000000e+00 5.189126e-16 3.485600e-15
    outer loop
      vertex   -2.457729e-16 -1.120855e-02 7.904093e-02
      vertex   3.048977e-16 -7.824225e-03 -7.944735e-02
      vertex   -2.546547e-16 1.888580e-02 7.710883e-02
    endloop
  endfacet
  facet normal -7.569285e-01 -1.021763e-01 6.454605e-01
    outer loop
      vertex   -5.999998e-03 -2.122979e-02 7.041840e-02
      vertex   -2.457729e-16 -1.120855e-02 7.904093e-02
      vertex   -5.999998e-03 3.282894e-04 7.383104e-02
    endloop
  endfacet
  facet normal -6.533322e-01 -2.295655e-01 7.214268e-01
    outer loop
      vertex   -5.999998e-03 -2.122979e-02 7.041840e-02
      vertex   -2.013640e-16 -3.428500e-02 7.169776e-02
      vertex   -2.457729e-16 -1.120855e-02 7.904093e-02
    endloop
  endfacet
  facet normal -7.448982e-01 -2.831440e-01 6.041161e-01
    outer loop
      vertex   -6.000003e-03 -4.216963e-02 6.060407e-02
      vertex   -2.013640e-16 -3.428500e-02 7.169776e-02
      vertex   -5.999998e-03 -2.122979e-02 7.041840e-02
    endloop
  endfacet
  facet normal -6.187329e-01 -4.424900e-01 6.491319e-01
    outer loop
      vertex   -6.000003e-03 -4.216963e-02 6.060407e-02
      vertex   -1.391915e-16 -5.552991e-02 5.721587e-02
      vertex   -2.013640e-16 -3.428500e-02 7.169776e-02
    endloop
  endfacet
  facet normal -7.422608e-01 -4.575135e-01 4.896226e-01
    outer loop
      vertex   -6.000000e-03 -5.670763e-02 4.701947e-02
      vertex   -1.391915e-16 -5.552991e-02 5.721587e-02
      vertex   -6.000003e-03 -4.216963e-02 6.060407e-02
    endloop
  endfacet
  facet normal -6.667700e-01 -5.863002e-01 4.600759e-01
    outer loop
      vertex   -6.000000e-03 -5.670763e-02 4.701947e-02
      vertex   -7.257815e-17 -6.904367e-02 3.999453e-02
      vertex   -1.391915e-16 -5.552991e-02 5.721587e-02
    endloop
  endfacet
  facet normal -7.756232e-01 -5.517864e-01 3.064970e-01
    outer loop
      vertex   -6.000000e-03 -6.988828e-02 2.329036e-02
      vertex   -7.257815e-17 -6.904367e-02 3.999453e-02
      vertex   -6.000000e-03 -5.670763e-02 4.701947e-02
    endloop
  endfacet
  facet normal -6.395658e-01 -7.211781e-01 2.661911e-01
    outer loop
      vertex   -6.000000e-03 -6.988828e-02 2.329036e-02
      vertex   1.623970e-17 -7.777666e-02 1.633470e-02
      vertex   -7.257815e-17 -6.904367e-02 3.999453e-02
    endloop
  endfacet
  facet normal -7.363890e-01 -6.658459e-01 1.199187e-01
    outer loop
      vertex   -6.000000e-03 -7.372926e-02 1.963407e-03
      vertex   1.623970e-17 -7.777666e-02 1.633470e-02
      vertex   -6.000000e-03 -6.988828e-02 2.329036e-02
    endloop
  endfacet
  facet normal -6.060928e-01 -7.948583e-01 2.918628e-02
    outer loop
      vertex   -6.000000e-03 -7.372926e-02 1.963407e-03
      vertex   1.139393e-16 -7.881843e-02 -1.203670e-02
      vertex   1.623970e-17 -7.777666e-02 1.633470e-02
    endloop
  endfacet
  facet normal -7.330271e-01 -6.767781e-01 -6.813691e-02
    outer loop
      vertex   -6.000000e-03 -7.179960e-02 -1.720317e-02
      vertex   1.139393e-16 -7.881843e-02 -1.203670e-02
      vertex   -6.000000e-03 -7.372926e-02 1.963407e-03
    endloop
  endfacet
  facet normal -6.224927e-01 -7.333388e-01 -2.733442e-01
    outer loop
      vertex   -6.000000e-03 -7.179960e-02 -1.720317e-02
      vertex   2.027572e-16 -6.811957e-02 -4.074002e-02
      vertex   1.139393e-16 -7.881843e-02 -1.203670e-02
    endloop
  endfacet
  facet normal -7.491634e-01 -5.981747e-01 -2.845019e-01
    outer loop
      vertex   -5.999998e-03 -5.973680e-02 -4.256561e-02
      vertex   2.027572e-16 -6.811957e-02 -4.074002e-02
      vertex   -6.000000e-03 -7.179960e-02 -1.720317e-02
    endloop
  endfacet
  facet normal -6.395059e-01 -5.700614e-01 -5.158122e-01
    outer loop
      vertex   -5.999998e-03 -5.973680e-02 -4.256561e-02
      vertex   2.738114e-16 -4.682229e-02 -6.427719e-02
      vertex   2.027572e-16 -6.811957e-02 -4.074002e-02
    endloop
  endfacet
  facet normal -7.287422e-01 -4.809484e-01 -4.874663e-01
    outer loop
      vertex   -6.000002e-03 -4.057893e-02 -6.146731e-02
      vertex   2.738114e-16 -4.682229e-02 -6.427719e-02
      vertex   -5.999998e-03 -5.973680e-02 -4.256561e-02
    endloop
  endfacet
  facet normal -6.720149e-01 -3.527846e-01 -6.511060e-01
    outer loop
      vertex   -6.000002e-03 -4.057893e-02 -6.146731e-02
      vertex   3.048977e-16 -2.641207e-02 -7.533593e-02
      vertex   2.738114e-16 -4.682229e-02 -6.427719e-02
    endloop
  endfacet
  facet normal -7.774533e-01 -2.398862e-01 -5.813957e-01
    outer loop
      vertex   -5.999998e-03 -1.506553e-02 -7.199425e-02
      vertex   3.048977e-16 -2.641207e-02 -7.533593e-02
      vertex   -6.000002e-03 -4.057893e-02 -6.146731e-02
    endloop
  endfacet
  facet normal -6.895939e-01 -1.564035e-01 -7.071055e-01
    outer loop
      vertex   -5.999998e-03 -1.506553e-02 -7.199425e-02
      vertex   3.048977e-16 -7.824225e-03 -7.944735e-02
      vertex   3.048977e-16 -2.641207e-02 -7.533593e-02
    endloop
  endfacet
  facet normal -7.562795e-01 -4.514172e-02 -6.526895e-01
    outer loop
      vertex   -6.000002e-03 6.870577e-03 -7.351140e-02
      vertex   3.048977e-16 -7.824225e-03 -7.944735e-02
      vertex   -5.999998e-03 -1.506553e-02 -7.199425e-02
    endloop
  endfacet
  facet normal -6.736954e-01 2.329827e-02 -7.386418e-01
    outer loop
      vertex   -6.000002e-03 6.870577e-03 -7.351140e-02
      vertex   2.915750e-16 1.220741e-02 -7.881551e-02
      vertex   3.048977e-16 -7.824225e-03 -7.944735e-02
    endloop
  endfacet
  facet normal -7.350997e-01 1.756514e-01 -6.548091e-01
    outer loop
      vertex   -6.000002e-03 2.984645e-02 -6.734817e-02
      vertex   2.915750e-16 1.220741e-02 -7.881551e-02
      vertex   -6.000002e-03 6.870577e-03 -7.351140e-02
    endloop
  endfacet
  facet normal -6.832747e-01 2.201725e-01 -6.961751e-01
    outer loop
      vertex   -6.000002e-03 2.984645e-02 -6.734817e-02
      vertex   2.516070e-16 3.450513e-02 -7.176363e-02
      vertex   2.915750e-16 1.220741e-02 -7.881551e-02
    endloop
  endfacet
  facet normal -7.234498e-01 3.952757e-01 -5.660189e-01
    outer loop
      vertex   -5.999998e-03 5.178709e-02 -5.202606e-02
      vertex   2.516070e-16 3.450513e-02 -7.176363e-02
      vertex   -6.000002e-03 2.984645e-02 -6.734817e-02
    endloop
  endfacet
  facet normal -7.651683e-01 3.508714e-01 -5.398211e-01
    outer loop
      vertex   -5.999998e-03 5.178709e-02 -5.202606e-02
      vertex   1.983163e-16 5.299809e-02 -5.974362e-02
      vertex   2.516070e-16 3.450513e-02 -7.176363e-02
    endloop
  endfacet
  facet normal -6.816867e-01 5.860414e-01 -4.380167e-01
    outer loop
      vertex   -5.999998e-03 5.178709e-02 -5.202606e-02
      vertex   1.072780e-16 7.044918e-02 -3.639506e-02
      vertex   1.983163e-16 5.299809e-02 -5.974362e-02
    endloop
  endfacet
  facet normal -7.822686e-01 5.281616e-01 -3.303045e-01
    outer loop
      vertex   -6.000000e-03 6.978141e-02 -2.325289e-02
      vertex   1.072780e-16 7.044918e-02 -3.639506e-02
      vertex   -5.999998e-03 5.178709e-02 -5.202606e-02
    endloop
  endfacet
  facet normal -6.326887e-01 7.323820e-01 -2.516378e-01
    outer loop
      vertex   -6.000000e-03 6.978141e-02 -2.325289e-02
      vertex   2.068059e-17 7.881843e-02 -1.203670e-02
      vertex   1.072780e-16 7.044918e-02 -3.639506e-02
    endloop
  endfacet
  facet normal -7.741785e-01 6.264500e-01 -9.059845e-02
    outer loop
      vertex   -6.000000e-03 7.356949e-02 2.940080e-03
      vertex   2.068059e-17 7.881843e-02 -1.203670e-02
      vertex   -6.000000e-03 6.978141e-02 -2.325289e-02
    endloop
  endfacet
  facet normal -6.060439e-01 7.946296e-01 3.570180e-02
    outer loop
      vertex   -6.000000e-03 7.356949e-02 2.940080e-03
      vertex   -7.923948e-17 7.751539e-02 1.696545e-02
      vertex   2.068059e-17 7.881843e-02 -1.203670e-02
    endloop
  endfacet
  facet normal -7.357500e-01 6.651191e-01 1.276261e-01
    outer loop
      vertex   -6.000001e-03 6.930473e-02 2.516570e-02
      vertex   -7.923948e-17 7.751539e-02 1.696545e-02
      vertex   -6.000000e-03 7.356949e-02 2.940080e-03
    endloop
  endfacet
  facet normal -5.779695e-01 7.480621e-01 3.261202e-01
    outer loop
      vertex   -6.000001e-03 6.930473e-02 2.516570e-02
      vertex   -1.747187e-16 6.444405e-02 4.694881e-02
      vertex   -7.923948e-17 7.751539e-02 1.696545e-02
    endloop
  endfacet
  facet normal -7.704770e-01 5.432988e-01 3.334541e-01
    outer loop
      vertex   -6.000000e-03 5.466815e-02 4.901319e-02
      vertex   -1.747187e-16 6.444405e-02 4.694881e-02
      vertex   -6.000001e-03 6.930473e-02 2.516570e-02
    endloop
  endfacet
  facet normal -6.708178e-01 5.227949e-01 5.260122e-01
    outer loop
      vertex   -6.000000e-03 5.466815e-02 4.901319e-02
      vertex   -2.235685e-16 4.739276e-02 6.389581e-02
      vertex   -1.747187e-16 6.444405e-02 4.694881e-02
    endloop
  endfacet
  facet normal -8.023419e-01 3.407448e-01 4.900413e-01
    outer loop
      vertex   -5.999998e-03 2.717237e-02 6.813207e-02
      vertex   -2.235685e-16 4.739276e-02 6.389581e-02
      vertex   -6.000000e-03 5.466815e-02 4.901319e-02
    endloop
  endfacet
  facet normal -6.133708e-01 3.321292e-01 7.165657e-01
    outer loop
      vertex   -5.999998e-03 2.717237e-02 6.813207e-02
      vertex   -2.546547e-16 1.888580e-02 7.710883e-02
      vertex   -2.235685e-16 4.739276e-02 6.389581e-02
    endloop
  endfacet
  facet normal -7.620006e-01 1.344827e-01 6.334583e-01
    outer loop
      vertex   -5.999998e-03 3.282894e-04 7.383104e-02
      vertex   -2.546547e-16 1.888580e-02 7.710883e-02
      vertex   -5.999998e-03 2.717237e-02 6.813207e-02
    endloop
  endfacet
  facet normal -5.965724e-01 5.141975e-02 8.009103e-01
    outer loop
      vertex   -2.457729e-16 -1.120855e-02 7.904093e-02
      vertex   -2.546547e-16 1.888580e-02 7.710883e-02
      vertex   -5.999998e-03 3.282894e-04 7.383104e-02
    endloop
  endfacet
  facet normal -1.618994e-01 -9.545255e-01 2.503389e-01
    outer loop
      vertex   -7.481408e-02 -7.180044e-02 -2.970221e-02
      vertex   -6.927606e-02 -7.233805e-02 -2.817050e-02
      vertex   -7.055381e-02 -7.082479e-02 -2.322688e-02
    endloop
  endfacet
  facet normal 6.929242e-01 6.134826e-01 -3.788075e-01
    outer loop
      vertex   -1.910802e-02 5.028236e-02 -7.941764e-02
      vertex   -1.847891e-02 4.767096e-02 -8.249605e-02
      vertex   -2.115493e-02 5.160875e-02 -8.101378e-02
    endloop
  endfacet
  facet normal 8.431725e-01 4.343038e-01 -3.169234e-01
    outer loop
      vertex   -1.275360e-02 4.003634e-02 -8.009749e-02
      vertex   -1.470792e-02 4.109420e-02 -8.384730e-02
      vertex   -1.423507e-02 4.388197e-02 -7.876899e-02
    endloop
  endfacet
  facet normal 8.918004e-01 3.550082e-01 -2.804661e-01
    outer loop
      vertex   -1.258853e-02 3.609773e-02 -8.465398e-02
      vertex   -1.050232e-02 3.498793e-02 -7.942520e-02
      vertex   -1.201950e-02 3.276865e-02 -8.705850e-02
    endloop
  endfacet
  facet normal 8.711924e-01 3.865912e-01 -3.026073e-01
    outer loop
      vertex   -1.462936e-02 3.818362e-02 -8.786463e-02
      vertex   -1.275360e-02 4.003634e-02 -8.009749e-02
      vertex   -1.258853e-02 3.609773e-02 -8.465398e-02
    endloop
  endfacet
  facet normal 8.376501e-01 4.499717e-01 -3.096252e-01
    outer loop
      vertex   -1.470792e-02 4.109420e-02 -8.384730e-02
      vertex   -1.275360e-02 4.003634e-02 -8.009749e-02
      vertex   -1.462936e-02 3.818362e-02 -8.786463e-02
    endloop
  endfacet
  facet normal 8.143052e-01 4.734810e-01 -3.357422e-01
    outer loop
      vertex   -1.647719e-02 4.306269e-02 -8.536239e-02
      vertex   -1.423507e-02 4.388197e-02 -7.876899e-02
      vertex   -1.470792e-02 4.109420e-02 -8.384730e-02
    endloop
  endfacet
  facet normal 7.848012e-01 5.233769e-01 -3.319092e-01
    outer loop
      vertex   -1.737246e-02 4.494618e-02 -8.450925e-02
      vertex   -1.423507e-02 4.388197e-02 -7.876899e-02
      vertex   -1.647719e-02 4.306269e-02 -8.536239e-02
    endloop
  endfacet
  facet normal 5.711851e-01 7.245681e-01 -3.856796e-01
    outer loop
      vertex   -2.503172e-02 5.754908e-02 -7.620140e-02
      vertex   -2.312376e-02 5.526128e-02 -7.767379e-02
      vertex   -2.269313e-02 5.288706e-02 -8.149643e-02
    endloop
  endfacet
  facet normal -1.533784e-01 -9.615606e-01 2.277635e-01
    outer loop
      vertex   -5.808964e-02 -7.140302e-02 -1.668998e-02
      vertex   -6.927606e-02 -7.233805e-02 -2.817050e-02
      vertex   -6.273225e-02 -7.268568e-02 -2.523143e-02
    endloop
  endfacet
  facet normal 9.558157e-01 -2.200473e-01 -1.949246e-01
    outer loop
      vertex   -1.000262e-02 -2.608732e-02 -8.701323e-02
      vertex   -1.083468e-02 -2.313280e-02 -9.442853e-02
      vertex   -1.005540e-02 -2.095487e-02 -9.306594e-02
    endloop
  endfacet
  facet normal 9.062284e-01 -3.190394e-01 -2.774237e-01
    outer loop
      vertex   -1.162480e-02 -3.528810e-02 -8.265390e-02
      vertex   -1.100448e-02 -3.134729e-02 -8.515955e-02
      vertex   -1.053225e-02 -3.399802e-02 -8.056859e-02
    endloop
  endfacet
  facet normal 9.184952e-01 -3.047743e-01 -2.519510e-01
    outer loop
      vertex   -1.162480e-02 -3.528810e-02 -8.265390e-02
      vertex   -1.254476e-02 -3.171658e-02 -9.032796e-02
      vertex   -1.100448e-02 -3.134729e-02 -8.515955e-02
    endloop
  endfacet
  facet normal 5.362492e-01 -7.656794e-01 -3.552068e-01
    outer loop
      vertex   -2.543911e-02 -5.808597e-02 -7.576240e-02
      vertex   -2.548749e-02 -6.098216e-02 -6.959243e-02
      vertex   -2.804102e-02 -5.967117e-02 -7.627341e-02
    endloop
  endfacet
  facet normal 5.217824e-01 -7.738005e-01 -3.591322e-01
    outer loop
      vertex   -2.548749e-02 -6.098216e-02 -6.959243e-02
      vertex   -2.543911e-02 -5.808597e-02 -7.576240e-02
      vertex   -2.015751e-02 -6.052818e-02 -6.282667e-02
    endloop
  endfacet
  facet normal 4.682682e-01 -8.108346e-01 -3.511012e-01
    outer loop
      vertex   -2.429116e-02 -6.435958e-02 -6.019706e-02
      vertex   -2.548749e-02 -6.098216e-02 -6.959243e-02
      vertex   -2.085911e-02 -6.332442e-02 -5.801028e-02
    endloop
  endfacet
  facet normal 4.962080e-01 -7.949863e-01 -3.489618e-01
    outer loop
      vertex   -2.429116e-02 -6.435958e-02 -6.019706e-02
      vertex   -2.843095e-02 -6.194877e-02 -7.157582e-02
      vertex   -2.548749e-02 -6.098216e-02 -6.959243e-02
    endloop
  endfacet
  facet normal 1.688561e-01 -9.750304e-01 -1.442338e-01
    outer loop
      vertex   -4.352897e-02 -7.258595e-02 -5.446393e-02
      vertex   -4.326302e-02 -7.378460e-02 -4.604959e-02
      vertex   -4.769157e-02 -7.346254e-02 -5.341134e-02
    endloop
  endfacet
  facet normal 8.059458e-02 -9.937384e-01 -7.738584e-02
    outer loop
      vertex   -3.110820e-02 -7.427271e-02 -2.712286e-02
      vertex   -4.326302e-02 -7.378460e-02 -4.604959e-02
      vertex   -2.871695e-02 -7.396002e-02 -2.864777e-02
    endloop
  endfacet
  facet normal 5.860177e-02 -9.968995e-01 -5.250913e-02
    outer loop
      vertex   -5.152680e-02 -7.480401e-02 -3.982383e-02
      vertex   -3.110820e-02 -7.427271e-02 -2.712286e-02
      vertex   -3.570645e-02 -7.449006e-02 -2.812817e-02
    endloop
  endfacet
  facet normal -1.995860e-01 -9.333565e-01 2.983471e-01
    outer loop
      vertex   -7.055381e-02 -7.082479e-02 -2.322688e-02
      vertex   -6.878586e-02 -6.923230e-02 -1.706221e-02
      vertex   -7.704946e-02 -7.009648e-02 -2.529384e-02
    endloop
  endfacet
  facet normal -2.070373e-01 -9.312228e-01 2.999329e-01
    outer loop
      vertex   -4.858711e-02 -7.071610e-02 -7.726313e-03
      vertex   -6.878586e-02 -6.923230e-02 -1.706221e-02
      vertex   -7.055381e-02 -7.082479e-02 -2.322688e-02
    endloop
  endfacet
  facet normal -2.110951e-01 -9.272231e-01 3.093480e-01
    outer loop
      vertex   -6.878586e-02 -6.923230e-02 -1.706221e-02
      vertex   -4.858711e-02 -7.071610e-02 -7.726313e-03
      vertex   -3.339215e-02 -6.887663e-02 8.156079e-03
    endloop
  endfacet
  facet normal -2.624137e-01 -8.849360e-01 3.847432e-01
    outer loop
      vertex   -5.811675e-02 -6.778266e-02 -5.966235e-03
      vertex   -5.490956e-02 -6.642276e-02 -6.509126e-04
      vertex   -7.529007e-02 -6.790243e-02 -1.795476e-02
    endloop
  endfacet
  facet normal -4.008178e-01 6.742480e-01 6.202698e-01
    outer loop
      vertex   -8.300291e-02 5.036038e-02 4.389770e-03
      vertex   -7.410963e-02 5.330546e-02 6.935223e-03
      vertex   -8.485213e-02 5.288333e-02 4.522997e-04
    endloop
  endfacet
  facet normal -4.008882e-01 6.789835e-01 6.150367e-01
    outer loop
      vertex   -7.410963e-02 5.330546e-02 6.935223e-03
      vertex   -8.300291e-02 5.036038e-02 4.389770e-03
      vertex   -5.748168e-02 5.340526e-02 1.766335e-02
    endloop
  endfacet
  facet normal -3.888131e-01 7.024858e-01 5.961024e-01
    outer loop
      vertex   -4.775269e-02 5.640344e-02 2.047591e-02
      vertex   -7.410963e-02 5.330546e-02 6.935223e-03
      vertex   -5.748168e-02 5.340526e-02 1.766335e-02
    endloop
  endfacet
  facet normal -3.854987e-01 7.071391e-01 5.927437e-01
    outer loop
      vertex   -8.270504e-02 5.518620e-02 -8.986315e-04
      vertex   -8.485213e-02 5.288333e-02 4.522997e-04
      vertex   -7.410963e-02 5.330546e-02 6.935223e-03
    endloop
  endfacet
  facet normal -3.884190e-01 7.035621e-01 5.950891e-01
    outer loop
      vertex   -4.775269e-02 5.640344e-02 2.047591e-02
      vertex   -8.270504e-02 5.518620e-02 -8.986315e-04
      vertex   -7.410963e-02 5.330546e-02 6.935223e-03
    endloop
  endfacet
  facet normal -3.703042e-01 7.434404e-01 5.569302e-01
    outer loop
      vertex   -6.622674e-02 5.949503e-02 4.065536e-03
      vertex   -4.775269e-02 5.640344e-02 2.047591e-02
      vertex   -4.322925e-02 5.870477e-02 2.041154e-02
    endloop
  endfacet
  facet normal -3.624150e-01 7.525980e-01 5.497741e-01
    outer loop
      vertex   -6.622674e-02 5.949503e-02 4.065536e-03
      vertex   -8.270504e-02 5.518620e-02 -8.986315e-04
      vertex   -4.775269e-02 5.640344e-02 2.047591e-02
    endloop
  endfacet
  facet normal -3.641634e-01 7.376618e-01 5.685421e-01
    outer loop
      vertex   -6.622674e-02 5.949503e-02 4.065536e-03
      vertex   -8.353304e-02 5.694774e-02 -3.714500e-03
      vertex   -8.270504e-02 5.518620e-02 -8.986315e-04
    endloop
  endfacet
  facet normal 1.006202e-01 9.909547e-01 -8.879370e-02
    outer loop
      vertex   -4.832051e-02 7.383889e-02 -5.124438e-02
      vertex   -5.131236e-02 7.456470e-02 -4.653460e-02
      vertex   -3.031417e-02 7.356562e-02 -3.388957e-02
    endloop
  endfacet
  facet normal 1.469118e-01 9.781707e-01 -1.469662e-01
    outer loop
      vertex   -4.832051e-02 7.383889e-02 -5.124438e-02
      vertex   -4.347199e-02 7.334699e-02 -4.967165e-02
      vertex   -4.485695e-02 7.280875e-02 -5.463845e-02
    endloop
  endfacet
  facet normal 1.548684e-01 9.771924e-01 -1.452952e-01
    outer loop
      vertex   -3.218649e-02 7.287560e-02 -4.052604e-02
      vertex   -4.832051e-02 7.383889e-02 -5.124438e-02
      vertex   -3.031417e-02 7.356562e-02 -3.388957e-02
    endloop
  endfacet
  facet normal 1.388770e-01 9.829256e-01 -1.207085e-01
    outer loop
      vertex   -4.347199e-02 7.334699e-02 -4.967165e-02
      vertex   -4.832051e-02 7.383889e-02 -5.124438e-02
      vertex   -3.218649e-02 7.287560e-02 -4.052604e-02
    endloop
  endfacet
  facet normal 8.133631e-01 4.915207e-01 -3.112038e-01
    outer loop
      vertex   -1.647719e-02 4.306269e-02 -8.536239e-02
      vertex   -1.470792e-02 4.109420e-02 -8.384730e-02
      vertex   -1.636691e-02 4.021207e-02 -8.957648e-02
    endloop
  endfacet
  facet normal 8.354573e-01 4.526642e-01 -3.116187e-01
    outer loop
      vertex   -1.470792e-02 4.109420e-02 -8.384730e-02
      vertex   -1.462936e-02 3.818362e-02 -8.786463e-02
      vertex   -1.636691e-02 4.021207e-02 -8.957648e-02
    endloop
  endfacet
  facet normal 8.657676e-01 4.137651e-01 -2.815047e-01
    outer loop
      vertex   -1.462936e-02 3.818362e-02 -8.786463e-02
      vertex   -1.258853e-02 3.609773e-02 -8.465398e-02
      vertex   -1.382706e-02 3.465365e-02 -9.058562e-02
    endloop
  endfacet
  facet normal 8.921364e-01 3.697282e-01 -2.596031e-01
    outer loop
      vertex   -1.382706e-02 3.465365e-02 -9.058562e-02
      vertex   -1.201950e-02 3.276865e-02 -8.705850e-02
      vertex   -1.273798e-02 3.203614e-02 -9.057083e-02
    endloop
  endfacet
  facet normal 8.963223e-01 3.499111e-01 -2.723391e-01
    outer loop
      vertex   -1.258853e-02 3.609773e-02 -8.465398e-02
      vertex   -1.201950e-02 3.276865e-02 -8.705850e-02
      vertex   -1.382706e-02 3.465365e-02 -9.058562e-02
    endloop
  endfacet
  facet normal 9.071082e-01 3.345990e-01 -2.553394e-01
    outer loop
      vertex   -1.201950e-02 3.276865e-02 -8.705850e-02
      vertex   -1.195765e-02 2.886014e-02 -9.196055e-02
      vertex   -1.273798e-02 3.203614e-02 -9.057083e-02
    endloop
  endfacet
  facet normal 9.561492e-01 2.186889e-01 -1.948175e-01
    outer loop
      vertex   -9.732874e-03 2.362522e-02 -8.837836e-02
      vertex   -9.889384e-03 1.976207e-02 -9.348301e-02
      vertex   -1.077253e-02 2.368832e-02 -9.341008e-02
    endloop
  endfacet
  facet normal 9.691846e-01 1.812156e-01 -1.668593e-01
    outer loop
      vertex   -9.889384e-03 1.976207e-02 -9.348301e-02
      vertex   -8.848394e-03 1.939853e-02 -8.783135e-02
      vertex   -9.666022e-03 1.638691e-02 -9.585119e-02
    endloop
  endfacet
  facet normal 9.788730e-01 1.382571e-01 -1.506405e-01
    outer loop
      vertex   -9.666022e-03 1.638691e-02 -9.585119e-02
      vertex   -8.215557e-03 1.599853e-02 -8.678242e-02
      vertex   -8.950595e-03 1.263515e-02 -9.464564e-02
    endloop
  endfacet
  facet normal 9.792014e-01 1.357337e-01 -1.508011e-01
    outer loop
      vertex   -8.848394e-03 1.939853e-02 -8.783135e-02
      vertex   -8.215557e-03 1.599853e-02 -8.678242e-02
      vertex   -9.666022e-03 1.638691e-02 -9.585119e-02
    endloop
  endfacet
  facet normal 9.866569e-01 9.443869e-02 -1.326254e-01
    outer loop
      vertex   -8.215557e-03 1.599853e-02 -8.678242e-02
      vertex   -8.495682e-03 8.861780e-03 -9.394826e-02
      vertex   -8.950595e-03 1.263515e-02 -9.464564e-02
    endloop
  endfacet
  facet normal 8.978876e-01 -3.536290e-01 -2.621916e-01
    outer loop
      vertex   -1.254476e-02 -3.171658e-02 -9.032796e-02
      vertex   -1.307104e-02 -3.841259e-02 -8.309903e-02
      vertex   -1.360894e-02 -3.328711e-02 -9.185406e-02
    endloop
  endfacet
  facet normal 8.860787e-01 -3.704463e-01 -2.786289e-01
    outer loop
      vertex   -1.162480e-02 -3.528810e-02 -8.265390e-02
      vertex   -1.307104e-02 -3.841259e-02 -8.309903e-02
      vertex   -1.254476e-02 -3.171658e-02 -9.032796e-02
    endloop
  endfacet
  facet normal 4.483580e-01 -8.273198e-01 -3.384036e-01
    outer loop
      vertex   -2.843095e-02 -6.194877e-02 -7.157582e-02
      vertex   -2.429116e-02 -6.435958e-02 -6.019706e-02
      vertex   -2.946626e-02 -6.425327e-02 -6.731354e-02
    endloop
  endfacet
  facet normal -3.434893e-03 -9.997746e-01 2.095299e-02
    outer loop
      vertex   -3.991509e-02 -7.455678e-02 -2.612365e-02
      vertex   -5.047423e-02 -7.465385e-02 -3.248679e-02
      vertex   -5.152680e-02 -7.480401e-02 -3.982383e-02
    endloop
  endfacet
  facet normal -2.885935e-04 -9.996803e-01 2.528397e-02
    outer loop
      vertex   -2.224619e-02 -7.411424e-02 -8.425039e-03
      vertex   -3.991509e-02 -7.455678e-02 -2.612365e-02
      vertex   -3.065363e-02 -7.443678e-02 -2.127352e-02
    endloop
  endfacet
  facet normal -2.906037e-01 -8.522350e-01 4.350230e-01
    outer loop
      vertex   -5.490956e-02 -6.642276e-02 -6.509126e-04
      vertex   -7.236615e-02 -6.346087e-02 -6.509729e-03
      vertex   -8.096955e-02 -6.509580e-02 -1.545990e-02
    endloop
  endfacet
  facet normal -2.882081e-01 -8.581337e-01 4.249030e-01
    outer loop
      vertex   -4.234720e-02 -6.471282e-02 1.132342e-02
      vertex   -7.236615e-02 -6.346087e-02 -6.509729e-03
      vertex   -5.490956e-02 -6.642276e-02 -6.509126e-04
    endloop
  endfacet
  facet normal -3.095075e-01 -8.307421e-01 4.626798e-01
    outer loop
      vertex   -4.234720e-02 -6.471282e-02 1.132342e-02
      vertex   -3.837159e-02 -6.267020e-02 1.765042e-02
      vertex   -7.236615e-02 -6.346087e-02 -6.509729e-03
    endloop
  endfacet
  facet normal -3.197544e-01 -8.188445e-01 4.767083e-01
    outer loop
      vertex   -7.236615e-02 -6.346087e-02 -6.509729e-03
      vertex   -3.837159e-02 -6.267020e-02 1.765042e-02
      vertex   -7.400856e-02 -6.110928e-02 -3.572050e-03
    endloop
  endfacet
  facet normal -5.256804e-01 -3.656333e-02 8.498960e-01
    outer loop
      vertex   -5.488257e-02 -7.124458e-03 4.327773e-02
      vertex   -1.000117e-01 -1.340003e-03 1.561317e-02
      vertex   -9.720087e-02 -4.516876e-03 1.721505e-02
    endloop
  endfacet
  facet normal -5.279096e-01 -7.103541e-02 8.463246e-01
    outer loop
      vertex   -5.488257e-02 -7.124458e-03 4.327773e-02
      vertex   -6.292465e-02 -3.631247e-03 3.855454e-02
      vertex   -1.000117e-01 -1.340003e-03 1.561317e-02
    endloop
  endfacet
  facet normal -5.268876e-01 -2.092193e-02 8.496774e-01
    outer loop
      vertex   -6.292465e-02 -3.631247e-03 3.855454e-02
      vertex   -5.578355e-02 2.406634e-04 4.307810e-02
      vertex   -1.000117e-01 -1.340003e-03 1.561317e-02
    endloop
  endfacet
  facet normal -5.276165e-01 2.945915e-03 8.494776e-01
    outer loop
      vertex   -1.000117e-01 -1.340003e-03 1.561317e-02
      vertex   -5.578355e-02 2.406634e-04 4.307810e-02
      vertex   -9.865121e-02 1.949158e-03 1.644677e-02
    endloop
  endfacet
  facet normal -3.489451e-01 7.664675e-01 5.392262e-01
    outer loop
      vertex   -8.353304e-02 5.694774e-02 -3.714500e-03
      vertex   -7.240557e-02 6.071537e-02 -1.869068e-03
      vertex   -8.787330e-02 5.841676e-02 -8.611276e-03
    endloop
  endfacet
  facet normal -3.498395e-01 7.766013e-01 5.239300e-01
    outer loop
      vertex   -8.353304e-02 5.694774e-02 -3.714500e-03
      vertex   -6.622674e-02 5.949503e-02 4.065536e-03
      vertex   -7.240557e-02 6.071537e-02 -1.869068e-03
    endloop
  endfacet
  facet normal -3.395466e-01 7.833963e-01 5.205750e-01
    outer loop
      vertex   -8.787330e-02 5.841676e-02 -8.611276e-03
      vertex   -6.689167e-02 6.207278e-02 -4.277770e-04
      vertex   -8.575166e-02 6.030975e-02 -1.007614e-02
    endloop
  endfacet
  facet normal -3.239730e-01 8.257415e-01 4.617278e-01
    outer loop
      vertex   -8.787330e-02 5.841676e-02 -8.611276e-03
      vertex   -7.240557e-02 6.071537e-02 -1.869068e-03
      vertex   -6.689167e-02 6.207278e-02 -4.277770e-04
    endloop
  endfacet
  facet normal -3.286001e-01 7.974248e-01 5.060984e-01
    outer loop
      vertex   -6.622674e-02 5.949503e-02 4.065536e-03
      vertex   -6.689167e-02 6.207278e-02 -4.277770e-04
      vertex   -7.240557e-02 6.071537e-02 -1.869068e-03
    endloop
  endfacet
  facet normal -3.321969e-01 7.960838e-01 5.058614e-01
    outer loop
      vertex   -4.322925e-02 5.870477e-02 2.041154e-02
      vertex   -6.689167e-02 6.207278e-02 -4.277770e-04
      vertex   -6.622674e-02 5.949503e-02 4.065536e-03
    endloop
  endfacet
  facet normal -3.510150e-01 7.760316e-01 5.239880e-01
    outer loop
      vertex   -4.322925e-02 5.870477e-02 2.041154e-02
      vertex   -3.346995e-02 6.140822e-02 2.294537e-02
      vertex   -6.689167e-02 6.207278e-02 -4.277770e-04
    endloop
  endfacet
  facet normal 1.632247e-01 9.749394e-01 -1.511648e-01
    outer loop
      vertex   -3.218649e-02 7.287560e-02 -4.052604e-02
      vertex   -4.485695e-02 7.280875e-02 -5.463845e-02
      vertex   -4.347199e-02 7.334699e-02 -4.967165e-02
    endloop
  endfacet
  facet normal 1.972088e-01 9.633910e-01 -1.816218e-01
    outer loop
      vertex   -3.218649e-02 7.287560e-02 -4.052604e-02
      vertex   -4.076470e-02 7.187815e-02 -5.513128e-02
      vertex   -4.485695e-02 7.280875e-02 -5.463845e-02
    endloop
  endfacet
  facet normal 2.325844e-01 9.514559e-01 -2.015841e-01
    outer loop
      vertex   -3.218649e-02 7.287560e-02 -4.052604e-02
      vertex   -3.258567e-02 7.078444e-02 -5.085661e-02
      vertex   -4.076470e-02 7.187815e-02 -5.513128e-02
    endloop
  endfacet
  facet normal 2.068905e-01 9.573302e-01 -2.017803e-01
    outer loop
      vertex   -3.218649e-02 7.287560e-02 -4.052604e-02
      vertex   -2.526614e-02 7.195323e-02 -3.780653e-02
      vertex   -3.258567e-02 7.078444e-02 -5.085661e-02
    endloop
  endfacet
  facet normal 2.533575e-01 9.405219e-01 -2.263374e-01
    outer loop
      vertex   -3.258567e-02 7.078444e-02 -5.085661e-02
      vertex   -2.526614e-02 7.195323e-02 -3.780653e-02
      vertex   -2.008346e-02 7.063915e-02 -3.746564e-02
    endloop
  endfacet
  facet normal 8.016208e-01 4.860973e-01 -3.480135e-01
    outer loop
      vertex   -1.503494e-02 4.685915e-02 -7.645298e-02
      vertex   -1.423507e-02 4.388197e-02 -7.876899e-02
      vertex   -1.737246e-02 4.494618e-02 -8.450925e-02
    endloop
  endfacet
  facet normal 9.189119e-01 2.903212e-01 -2.670479e-01
    outer loop
      vertex   -1.050232e-02 3.498793e-02 -7.942520e-02
      vertex   -1.073699e-02 3.062181e-02 -8.497933e-02
      vertex   -1.201950e-02 3.276865e-02 -8.705850e-02
    endloop
  endfacet
  facet normal 9.259005e-01 2.769962e-01 -2.568683e-01
    outer loop
      vertex   -1.050232e-02 3.498793e-02 -7.942520e-02
      vertex   -9.429750e-03 3.185610e-02 -7.893629e-02
      vertex   -1.073699e-02 3.062181e-02 -8.497933e-02
    endloop
  endfacet
  facet normal 9.416217e-01 2.257218e-01 -2.497963e-01
    outer loop
      vertex   -9.429750e-03 3.185610e-02 -7.893629e-02
      vertex   -8.878416e-03 2.868697e-02 -7.972170e-02
      vertex   -1.073699e-02 3.062181e-02 -8.497933e-02
    endloop
  endfacet
  facet normal 9.506496e-01 2.349043e-01 -2.026951e-01
    outer loop
      vertex   -1.073699e-02 3.062181e-02 -8.497933e-02
      vertex   -9.732874e-03 2.362522e-02 -8.837836e-02
      vertex   -1.090556e-02 2.667140e-02 -9.034811e-02
    endloop
  endfacet
  facet normal 9.432873e-01 2.444814e-01 -2.245836e-01
    outer loop
      vertex   -1.073699e-02 3.062181e-02 -8.497933e-02
      vertex   -8.975657e-03 2.656116e-02 -8.200188e-02
      vertex   -9.732874e-03 2.362522e-02 -8.837836e-02
    endloop
  endfacet
  facet normal 9.416992e-01 2.251241e-01 -2.500436e-01
    outer loop
      vertex   -8.878416e-03 2.868697e-02 -7.972170e-02
      vertex   -8.975657e-03 2.656116e-02 -8.200188e-02
      vertex   -1.073699e-02 3.062181e-02 -8.497933e-02
    endloop
  endfacet
  facet normal 9.510404e-01 2.410122e-01 -1.934820e-01
    outer loop
      vertex   -1.090556e-02 2.667140e-02 -9.034811e-02
      vertex   -9.732874e-03 2.362522e-02 -8.837836e-02
      vertex   -1.077253e-02 2.368832e-02 -9.341008e-02
    endloop
  endfacet
  facet normal 9.641299e-01 1.783303e-01 -1.966007e-01
    outer loop
      vertex   -8.975657e-03 2.656116e-02 -8.200188e-02
      vertex   -8.864416e-03 2.357832e-02 -8.416199e-02
      vertex   -9.732874e-03 2.362522e-02 -8.837836e-02
    endloop
  endfacet
  facet normal 9.691843e-01 1.812175e-01 -1.668591e-01
    outer loop
      vertex   -9.732874e-03 2.362522e-02 -8.837836e-02
      vertex   -8.848394e-03 1.939853e-02 -8.783135e-02
      vertex   -9.889384e-03 1.976207e-02 -9.348301e-02
    endloop
  endfacet
  facet normal 9.644716e-01 1.763702e-01 -1.966929e-01
    outer loop
      vertex   -8.864416e-03 2.357832e-02 -8.416199e-02
      vertex   -8.848394e-03 1.939853e-02 -8.783135e-02
      vertex   -9.732874e-03 2.362522e-02 -8.837836e-02
    endloop
  endfacet
  facet normal 9.705788e-01 1.609428e-01 -1.790927e-01
    outer loop
      vertex   -8.864416e-03 2.357832e-02 -8.416199e-02
      vertex   -8.222280e-03 2.107434e-02 -8.293220e-02
      vertex   -8.848394e-03 1.939853e-02 -8.783135e-02
    endloop
  endfacet
  facet normal 9.770155e-01 1.296474e-01 -1.692104e-01
    outer loop
      vertex   -8.222280e-03 2.107434e-02 -8.293220e-02
      vertex   -8.215557e-03 1.599853e-02 -8.678242e-02
      vertex   -8.848394e-03 1.939853e-02 -8.783135e-02
    endloop
  endfacet
  facet normal 9.893108e-01 7.451978e-02 -1.253431e-01
    outer loop
      vertex   -7.723245e-03 1.195518e-02 -8.601244e-02
      vertex   -6.828427e-03 1.051340e-02 -7.980697e-02
      vertex   -8.495682e-03 8.861780e-03 -9.394826e-02
    endloop
  endfacet
  facet normal 9.915960e-01 5.897554e-02 -1.151489e-01
    outer loop
      vertex   -8.495682e-03 8.861780e-03 -9.394826e-02
      vertex   -7.182946e-03 5.831145e-03 -8.419592e-02
      vertex   -8.426217e-03 4.124705e-03 -9.577624e-02
    endloop
  endfacet
  facet normal 9.918388e-01 3.875807e-02 -1.214643e-01
    outer loop
      vertex   -6.828427e-03 1.051340e-02 -7.980697e-02
      vertex   -7.182946e-03 5.831145e-03 -8.419592e-02
      vertex   -8.495682e-03 8.861780e-03 -9.394826e-02
    endloop
  endfacet
  facet normal 9.937138e-01 2.153738e-02 -1.098595e-01
    outer loop
      vertex   -7.182946e-03 5.831145e-03 -8.419592e-02
      vertex   -7.621782e-03 1.896630e-03 -8.893667e-02
      vertex   -8.426217e-03 4.124705e-03 -9.577624e-02
    endloop
  endfacet
  facet normal 9.823839e-01 -1.173393e-01 -1.454420e-01
    outer loop
      vertex   -8.807676e-03 -8.891107e-03 -9.652107e-02
      vertex   -8.682494e-03 -1.482867e-02 -9.088523e-02
      vertex   -9.260661e-03 -1.498706e-02 -9.466266e-02
    endloop
  endfacet
  facet normal 9.893619e-01 -7.733401e-02 -1.232173e-01
    outer loop
      vertex   -7.602705e-03 -9.965764e-03 -8.617138e-02
      vertex   -7.861055e-03 -1.481333e-02 -8.520333e-02
      vertex   -8.807676e-03 -8.891107e-03 -9.652107e-02
    endloop
  endfacet
  facet normal 9.574568e-01 -1.679155e-01 -2.346933e-01
    outer loop
      vertex   -8.171431e-03 -2.706488e-02 -7.815287e-02
      vertex   -7.632943e-03 -3.063314e-02 -7.340307e-02
      vertex   -9.862275e-03 -2.801876e-02 -8.436838e-02
    endloop
  endfacet
  facet normal 8.020195e-01 -5.019354e-01 -3.237677e-01
    outer loop
      vertex   -1.744323e-02 -4.246680e-02 -8.866665e-02
      vertex   -1.470124e-02 -4.234713e-02 -8.205987e-02
      vertex   -1.673292e-02 -4.489581e-02 -8.314143e-02
    endloop
  endfacet
  facet normal 8.109753e-01 -4.846314e-01 -3.277980e-01
    outer loop
      vertex   -1.510201e-02 -3.803976e-02 -8.941960e-02
      vertex   -1.470124e-02 -4.234713e-02 -8.205987e-02
      vertex   -1.744323e-02 -4.246680e-02 -8.866665e-02
    endloop
  endfacet
  facet normal 8.501237e-01 -4.329782e-01 -2.996992e-01
    outer loop
      vertex   -1.427829e-02 -3.933373e-02 -8.521362e-02
      vertex   -1.470124e-02 -4.234713e-02 -8.205987e-02
      vertex   -1.510201e-02 -3.803976e-02 -8.941960e-02
    endloop
  endfacet
  facet normal 8.514248e-01 -4.315089e-01 -2.981207e-01
    outer loop
      vertex   -1.307104e-02 -3.841259e-02 -8.309903e-02
      vertex   -1.470124e-02 -4.234713e-02 -8.205987e-02
      vertex   -1.427829e-02 -3.933373e-02 -8.521362e-02
    endloop
  endfacet
  facet normal 8.831376e-01 -3.501668e-01 -3.121716e-01
    outer loop
      vertex   -1.066376e-02 -3.884163e-02 -7.580756e-02
      vertex   -1.118161e-02 -4.252559e-02 -7.314021e-02
      vertex   -1.307104e-02 -3.841259e-02 -8.309903e-02
    endloop
  endfacet
  facet normal 9.040399e-01 -2.740648e-01 -3.280249e-01
    outer loop
      vertex   -7.971581e-03 -4.339783e-02 -6.458118e-02
      vertex   -1.066376e-02 -3.884163e-02 -7.580756e-02
      vertex   -8.035108e-03 -3.938916e-02 -6.810550e-02
    endloop
  endfacet
  facet normal 8.528938e-01 -3.794939e-01 -3.585478e-01
    outer loop
      vertex   -1.118161e-02 -4.252559e-02 -7.314021e-02
      vertex   -1.066376e-02 -3.884163e-02 -7.580756e-02
      vertex   -7.971581e-03 -4.339783e-02 -6.458118e-02
    endloop
  endfacet
  facet normal 7.424840e-01 -5.644198e-01 -3.607601e-01
    outer loop
      vertex   -1.409589e-02 -4.879414e-02 -7.179860e-02
      vertex   -1.592939e-02 -5.035712e-02 -7.312680e-02
      vertex   -1.851614e-02 -4.728765e-02 -8.325289e-02
    endloop
  endfacet
  facet normal 6.869178e-01 -6.155338e-01 -3.863444e-01
    outer loop
      vertex   -1.464088e-02 -5.340643e-02 -6.623221e-02
      vertex   -1.583363e-02 -5.677737e-02 -6.298223e-02
      vertex   -1.790474e-02 -5.268416e-02 -7.318607e-02
    endloop
  endfacet
  facet normal 6.655880e-01 -6.265106e-01 -4.055578e-01
    outer loop
      vertex   -1.464088e-02 -5.340643e-02 -6.623221e-02
      vertex   -1.040997e-02 -5.507712e-02 -5.670767e-02
      vertex   -1.583363e-02 -5.677737e-02 -6.298223e-02
    endloop
  endfacet
  facet normal 7.351860e-01 -5.321362e-01 -4.199198e-01
    outer loop
      vertex   -1.040997e-02 -5.507712e-02 -5.670767e-02
      vertex   -1.464088e-02 -5.340643e-02 -6.623221e-02
      vertex   -9.990715e-03 -5.251372e-02 -5.922207e-02
    endloop
  endfacet
  facet normal 5.876809e-01 -7.058099e-01 -3.955547e-01
    outer loop
      vertex   -1.191004e-02 -5.918272e-02 -5.314402e-02
      vertex   -1.557606e-02 -6.097899e-02 -5.538548e-02
      vertex   -1.785058e-02 -5.881812e-02 -6.262053e-02
    endloop
  endfacet
  facet normal 5.434849e-01 -7.353030e-01 -4.049118e-01
    outer loop
      vertex   -1.149732e-02 -6.439828e-02 -4.349451e-02
      vertex   -2.085911e-02 -6.332442e-02 -5.801028e-02
      vertex   -1.115100e-02 -6.185997e-02 -4.763913e-02
    endloop
  endfacet
  facet normal 2.964495e-01 -9.187065e-01 -2.609520e-01
    outer loop
      vertex   -3.531064e-02 -6.815341e-02 -6.344082e-02
      vertex   -2.645814e-02 -6.991332e-02 -4.718819e-02
      vertex   -3.658427e-02 -7.025101e-02 -5.750293e-02
    endloop
  endfacet
  facet normal 3.530270e-01 -8.858446e-01 -3.010835e-01
    outer loop
      vertex   -2.585684e-02 -6.853928e-02 -5.097466e-02
      vertex   -1.770996e-02 -6.849207e-02 -4.156117e-02
      vertex   -1.331012e-02 -7.037032e-02 -3.087610e-02
    endloop
  endfacet
  facet normal 1.526026e-01 -9.777252e-01 -1.441039e-01
    outer loop
      vertex   -2.283881e-02 -7.300822e-02 -2.968849e-02
      vertex   -4.326302e-02 -7.378460e-02 -4.604959e-02
      vertex   -4.352897e-02 -7.258595e-02 -5.446393e-02
    endloop
  endfacet
  facet normal -1.071837e-01 -9.819736e-01 1.556903e-01
    outer loop
      vertex   -5.107310e-02 -7.380403e-02 -2.374527e-02
      vertex   -3.459499e-02 -7.321476e-02 -8.684420e-03
      vertex   -5.307786e-02 -7.314445e-02 -2.096537e-02
    endloop
  endfacet
  facet normal -2.229796e-01 -9.198687e-01 3.226790e-01
    outer loop
      vertex   -2.306714e-02 -7.041997e-02 1.089129e-02
      vertex   -3.339215e-02 -6.887663e-02 8.156079e-03
      vertex   -3.977275e-02 -7.029963e-02 -3.096462e-04
    endloop
  endfacet
  facet normal -3.424169e-01 -7.843137e-01 5.173032e-01
    outer loop
      vertex   -3.837159e-02 -6.267020e-02 1.765042e-02
      vertex   -6.465497e-02 -5.864502e-02 6.355549e-03
      vertex   -7.400856e-02 -6.110928e-02 -3.572050e-03
    endloop
  endfacet
  facet normal -3.392529e-01 -7.923193e-01 5.070874e-01
    outer loop
      vertex   -2.880349e-02 -6.099650e-02 2.666683e-02
      vertex   -6.465497e-02 -5.864502e-02 6.355549e-03
      vertex   -3.837159e-02 -6.267020e-02 1.765042e-02
    endloop
  endfacet
  facet normal -4.906521e-01 -3.842043e-01 7.820790e-01
    outer loop
      vertex   -5.973952e-02 -3.328529e-02 3.217368e-02
      vertex   -6.942617e-02 -2.822072e-02 2.858460e-02
      vertex   -8.965706e-02 -3.121713e-02 1.442035e-02
    endloop
  endfacet
  facet normal -5.258322e-01 4.579833e-02 8.493545e-01
    outer loop
      vertex   -5.578355e-02 2.406634e-04 4.307810e-02
      vertex   -9.292277e-02 5.285854e-03 1.981330e-02
      vertex   -9.865121e-02 1.949158e-03 1.644677e-02
    endloop
  endfacet
  facet normal -5.280993e-01 2.642132e-02 8.487715e-01
    outer loop
      vertex   -5.578355e-02 2.406634e-04 4.307810e-02
      vertex   -5.272228e-02 4.249369e-03 4.485801e-02
      vertex   -9.292277e-02 5.285854e-03 1.981330e-02
    endloop
  endfacet
  facet normal -4.464385e-01 5.519390e-01 7.043125e-01
    outer loop
      vertex   -8.186978e-02 4.106995e-02 1.322871e-02
      vertex   -7.664407e-02 4.520011e-02 1.330447e-02
      vertex   -9.174947e-02 4.275360e-02 5.646922e-03
    endloop
  endfacet
  facet normal -4.489315e-01 5.551691e-01 7.001770e-01
    outer loop
      vertex   -5.720519e-02 4.332869e-02 2.725191e-02
      vertex   -7.664407e-02 4.520011e-02 1.330447e-02
      vertex   -8.186978e-02 4.106995e-02 1.322871e-02
    endloop
  endfacet
  facet normal -4.459534e-01 5.597918e-01 6.983973e-01
    outer loop
      vertex   -2.455477e-02 4.307846e-02 4.830103e-02
      vertex   -4.462642e-02 4.619680e-02 3.298504e-02
      vertex   -5.720519e-02 4.332869e-02 2.725191e-02
    endloop
  endfacet
  facet normal -8.728886e-02 9.848831e-01 1.496194e-01
    outer loop
      vertex   -3.724844e-02 7.289947e-02 -8.795397e-03
      vertex   -3.342639e-02 7.400764e-02 -1.386021e-02
      vertex   -4.171976e-02 7.361281e-02 -1.609967e-02
    endloop
  endfacet
  facet normal -9.941276e-02 9.850753e-01 1.405124e-01
    outer loop
      vertex   -3.342639e-02 7.400764e-02 -1.386021e-02
      vertex   -3.724844e-02 7.289947e-02 -8.795397e-03
      vertex   -1.788856e-02 7.338175e-02 1.520668e-03
    endloop
  endfacet
  facet normal 1.570113e-01 9.767669e-01 -1.458555e-01
    outer loop
      vertex   -1.626988e-02 7.270390e-02 -2.454188e-02
      vertex   -3.218649e-02 7.287560e-02 -4.052604e-02
      vertex   -3.031417e-02 7.356562e-02 -3.388957e-02
    endloop
  endfacet
  facet normal 2.035478e-01 9.599791e-01 -1.923757e-01
    outer loop
      vertex   -1.626988e-02 7.270390e-02 -2.454188e-02
      vertex   -2.526614e-02 7.195323e-02 -3.780653e-02
      vertex   -3.218649e-02 7.287560e-02 -4.052604e-02
    endloop
  endfacet
  facet normal 5.480748e-01 7.544985e-01 -3.610346e-01
    outer loop
      vertex   -2.376863e-02 6.038220e-02 -6.836322e-02
      vertex   -2.503172e-02 5.754908e-02 -7.620140e-02
      vertex   -2.753682e-02 5.906051e-02 -7.684569e-02
    endloop
  endfacet
  facet normal 5.698193e-01 7.392011e-01 -3.590094e-01
    outer loop
      vertex   -2.376863e-02 6.038220e-02 -6.836322e-02
      vertex   -2.006262e-02 5.738123e-02 -6.866005e-02
      vertex   -2.503172e-02 5.754908e-02 -7.620140e-02
    endloop
  endfacet
  facet normal 5.616299e-01 7.317689e-01 -3.861166e-01
    outer loop
      vertex   -1.894956e-02 5.980406e-02 -6.244929e-02
      vertex   -2.006262e-02 5.738123e-02 -6.866005e-02
      vertex   -2.376863e-02 6.038220e-02 -6.836322e-02
    endloop
  endfacet
  facet normal 5.901369e-01 7.106709e-01 -3.829951e-01
    outer loop
      vertex   -1.894956e-02 5.980406e-02 -6.244929e-02
      vertex   -1.591007e-02 5.831419e-02 -6.053043e-02
      vertex   -2.006262e-02 5.738123e-02 -6.866005e-02
    endloop
  endfacet
  facet normal 6.488047e-01 6.329785e-01 -4.223632e-01
    outer loop
      vertex   -1.591007e-02 5.831419e-02 -6.053043e-02
      vertex   -1.170623e-02 5.990119e-02 -5.169442e-02
      vertex   -1.010310e-02 5.703094e-02 -5.353332e-02
    endloop
  endfacet
  facet normal 9.374851e-01 2.282137e-01 -2.627549e-01
    outer loop
      vertex   -7.474808e-03 3.174967e-02 -7.205367e-02
      vertex   -8.878416e-03 2.868697e-02 -7.972170e-02
      vertex   -9.429750e-03 3.185610e-02 -7.893629e-02
    endloop
  endfacet
  facet normal 9.585857e-01 1.867736e-01 -2.150095e-01
    outer loop
      vertex   -7.039532e-03 2.590441e-02 -7.394047e-02
      vertex   -8.975657e-03 2.656116e-02 -8.200188e-02
      vertex   -8.878416e-03 2.868697e-02 -7.972170e-02
    endloop
  endfacet
  facet normal 9.578599e-01 1.910493e-01 -2.144869e-01
    outer loop
      vertex   -8.975657e-03 2.656116e-02 -8.200188e-02
      vertex   -7.039532e-03 2.590441e-02 -7.394047e-02
      vertex   -8.864416e-03 2.357832e-02 -8.416199e-02
    endloop
  endfacet
  facet normal 9.706864e-01 1.615084e-01 -1.779972e-01
    outer loop
      vertex   -8.864416e-03 2.357832e-02 -8.416199e-02
      vertex   -6.925226e-03 2.099999e-02 -7.592633e-02
      vertex   -8.222280e-03 2.107434e-02 -8.293220e-02
    endloop
  endfacet
  facet normal 9.749289e-01 1.026601e-01 -1.974197e-01
    outer loop
      vertex   -7.039532e-03 2.590441e-02 -7.394047e-02
      vertex   -6.925226e-03 2.099999e-02 -7.592633e-02
      vertex   -8.864416e-03 2.357832e-02 -8.416199e-02
    endloop
  endfacet
  facet normal 9.818417e-01 1.154697e-01 -1.505112e-01
    outer loop
      vertex   -8.222280e-03 2.107434e-02 -8.293220e-02
      vertex   -6.820065e-03 1.623325e-02 -7.749902e-02
      vertex   -8.215557e-03 1.599853e-02 -8.678242e-02
    endloop
  endfacet
  facet normal 9.801961e-01 8.121309e-02 -1.806099e-01
    outer loop
      vertex   -6.925226e-03 2.099999e-02 -7.592633e-02
      vertex   -6.820065e-03 1.623325e-02 -7.749902e-02
      vertex   -8.222280e-03 2.107434e-02 -8.293220e-02
    endloop
  endfacet
  facet normal 9.844230e-01 9.124251e-02 -1.502867e-01
    outer loop
      vertex   -6.820065e-03 1.623325e-02 -7.749902e-02
      vertex   -7.723245e-03 1.195518e-02 -8.601244e-02
      vertex   -8.215557e-03 1.599853e-02 -8.678242e-02
    endloop
  endfacet
  facet normal 9.833120e-01 -1.139112e-01 -1.418510e-01
    outer loop
      vertex   -7.861055e-03 -1.481333e-02 -8.520333e-02
      vertex   -8.682494e-03 -1.482867e-02 -9.088523e-02
      vertex   -8.807676e-03 -8.891107e-03 -9.652107e-02
    endloop
  endfacet
  facet normal 9.854878e-01 -8.218166e-02 -1.485261e-01
    outer loop
      vertex   -7.602705e-03 -9.965764e-03 -8.617138e-02
      vertex   -6.693762e-03 -1.627439e-02 -7.664979e-02
      vertex   -7.861055e-03 -1.481333e-02 -8.520333e-02
    endloop
  endfacet
  facet normal 9.362742e-01 -2.474238e-01 -2.493433e-01
    outer loop
      vertex   -9.862275e-03 -2.801876e-02 -8.436838e-02
      vertex   -7.632943e-03 -3.063314e-02 -7.340307e-02
      vertex   -9.704450e-03 -3.433928e-02 -7.750389e-02
    endloop
  endfacet
  facet normal 9.355973e-01 -2.043910e-01 -2.878924e-01
    outer loop
      vertex   -7.632943e-03 -3.063314e-02 -7.340307e-02
      vertex   -7.722452e-03 -3.554186e-02 -7.020899e-02
      vertex   -9.704450e-03 -3.433928e-02 -7.750389e-02
    endloop
  endfacet
  facet normal 7.995469e-01 -4.899347e-01 -3.474027e-01
    outer loop
      vertex   -1.470124e-02 -4.234713e-02 -8.205987e-02
      vertex   -1.468098e-02 -4.597911e-02 -7.689116e-02
      vertex   -1.673292e-02 -4.489581e-02 -8.314143e-02
    endloop
  endfacet
  facet normal 8.477678e-01 -4.323777e-01 -3.071472e-01
    outer loop
      vertex   -1.307104e-02 -3.841259e-02 -8.309903e-02
      vertex   -1.468098e-02 -4.597911e-02 -7.689116e-02
      vertex   -1.470124e-02 -4.234713e-02 -8.205987e-02
    endloop
  endfacet
  facet normal 8.029869e-01 -4.707465e-01 -3.655267e-01
    outer loop
      vertex   -1.307104e-02 -3.841259e-02 -8.309903e-02
      vertex   -1.249308e-02 -4.596519e-02 -7.210269e-02
      vertex   -1.468098e-02 -4.597911e-02 -7.689116e-02
    endloop
  endfacet
  facet normal 8.426872e-01 -4.221147e-01 -3.342116e-01
    outer loop
      vertex   -1.118161e-02 -4.252559e-02 -7.314021e-02
      vertex   -1.249308e-02 -4.596519e-02 -7.210269e-02
      vertex   -1.307104e-02 -3.841259e-02 -8.309903e-02
    endloop
  endfacet
  facet normal 8.569166e-01 -3.698142e-01 -3.590700e-01
    outer loop
      vertex   -1.118161e-02 -4.252559e-02 -7.314021e-02
      vertex   -7.971581e-03 -4.339783e-02 -6.458118e-02
      vertex   -9.519697e-03 -4.599972e-02 -6.559599e-02
    endloop
  endfacet
  facet normal 7.028646e-01 -6.082721e-01 -3.687633e-01
    outer loop
      vertex   -1.851614e-02 -4.728765e-02 -8.325289e-02
      vertex   -1.790474e-02 -5.268416e-02 -7.318607e-02
      vertex   -1.917501e-02 -5.001827e-02 -8.000456e-02
    endloop
  endfacet
  facet normal 7.147123e-01 -5.974346e-01 -3.636733e-01
    outer loop
      vertex   -1.592939e-02 -5.035712e-02 -7.312680e-02
      vertex   -1.790474e-02 -5.268416e-02 -7.318607e-02
      vertex   -1.851614e-02 -4.728765e-02 -8.325289e-02
    endloop
  endfacet
  facet normal 7.445119e-01 -5.412902e-01 -3.907775e-01
    outer loop
      vertex   -1.409589e-02 -4.879414e-02 -7.179860e-02
      vertex   -1.282785e-02 -5.117643e-02 -6.608284e-02
      vertex   -1.592939e-02 -5.035712e-02 -7.312680e-02
    endloop
  endfacet
  facet normal 7.587501e-01 -5.241185e-01 -3.867792e-01
    outer loop
      vertex   -1.409589e-02 -4.879414e-02 -7.179860e-02
      vertex   -9.052000e-03 -4.960197e-02 -6.080923e-02
      vertex   -1.282785e-02 -5.117643e-02 -6.608284e-02
    endloop
  endfacet
  facet normal 6.926372e-01 -6.186156e-01 -3.709021e-01
    outer loop
      vertex   -1.917501e-02 -5.001827e-02 -8.000456e-02
      vertex   -1.790474e-02 -5.268416e-02 -7.318607e-02
      vertex   -2.113801e-02 -5.123921e-02 -8.163397e-02
    endloop
  endfacet
  facet normal 7.281349e-01 -5.661040e-01 -3.864527e-01
    outer loop
      vertex   -1.592939e-02 -5.035712e-02 -7.312680e-02
      vertex   -1.282785e-02 -5.117643e-02 -6.608284e-02
      vertex   -1.464088e-02 -5.340643e-02 -6.623221e-02
    endloop
  endfacet
  facet normal 7.762066e-01 -4.757532e-01 -4.137176e-01
    outer loop
      vertex   -9.052000e-03 -4.960197e-02 -6.080923e-02
      vertex   -9.990715e-03 -5.251372e-02 -5.922207e-02
      vertex   -1.282785e-02 -5.117643e-02 -6.608284e-02
    endloop
  endfacet
  facet normal 6.527595e-01 -6.479975e-01 -3.924337e-01
    outer loop
      vertex   -1.790474e-02 -5.268416e-02 -7.318607e-02
      vertex   -1.583363e-02 -5.677737e-02 -6.298223e-02
      vertex   -1.881542e-02 -5.500109e-02 -7.087507e-02
    endloop
  endfacet
  facet normal 6.831066e-01 -5.898459e-01 -4.306358e-01
    outer loop
      vertex   -1.040997e-02 -5.507712e-02 -5.670767e-02
      vertex   -1.010985e-02 -5.711601e-02 -5.343891e-02
      vertex   -1.583363e-02 -5.677737e-02 -6.298223e-02
    endloop
  endfacet
  facet normal 6.376701e-01 -6.680801e-01 -3.834655e-01
    outer loop
      vertex   -1.881542e-02 -5.500109e-02 -7.087507e-02
      vertex   -1.785058e-02 -5.881812e-02 -6.262053e-02
      vertex   -2.211118e-02 -5.580315e-02 -7.495829e-02
    endloop
  endfacet
  facet normal 6.203037e-01 -6.817993e-01 -3.877796e-01
    outer loop
      vertex   -1.583363e-02 -5.677737e-02 -6.298223e-02
      vertex   -1.785058e-02 -5.881812e-02 -6.262053e-02
      vertex   -1.881542e-02 -5.500109e-02 -7.087507e-02
    endloop
  endfacet
  facet normal 5.697074e-01 -7.210052e-01 -3.944426e-01
    outer loop
      vertex   -1.785058e-02 -5.881812e-02 -6.262053e-02
      vertex   -1.557606e-02 -6.097899e-02 -5.538548e-02
      vertex   -2.015751e-02 -6.052818e-02 -6.282667e-02
    endloop
  endfacet
  facet normal 5.926017e-01 -6.892131e-01 -4.169034e-01
    outer loop
      vertex   -1.191004e-02 -5.918272e-02 -5.314402e-02
      vertex   -1.115100e-02 -6.185997e-02 -4.763913e-02
      vertex   -1.557606e-02 -6.097899e-02 -5.538548e-02
    endloop
  endfacet
  facet normal 3.566613e-01 -8.896120e-01 -2.852776e-01
    outer loop
      vertex   -2.663733e-02 -6.651281e-02 -5.771330e-02
      vertex   -3.531064e-02 -6.815341e-02 -6.344082e-02
      vertex   -3.373878e-02 -6.652757e-02 -6.654569e-02
    endloop
  endfacet
  facet normal 3.684739e-01 -8.776239e-01 -3.065996e-01
    outer loop
      vertex   -2.663733e-02 -6.651281e-02 -5.771330e-02
      vertex   -2.585684e-02 -6.853928e-02 -5.097466e-02
      vertex   -3.531064e-02 -6.815341e-02 -6.344082e-02
    endloop
  endfacet
  facet normal 4.152304e-01 -8.464888e-01 -3.332274e-01
    outer loop
      vertex   -1.617083e-02 -6.590938e-02 -4.620402e-02
      vertex   -1.770996e-02 -6.849207e-02 -4.156117e-02
      vertex   -2.663733e-02 -6.651281e-02 -5.771330e-02
    endloop
  endfacet
  facet normal 3.951671e-01 -8.521574e-01 -3.430318e-01
    outer loop
      vertex   -1.617083e-02 -6.590938e-02 -4.620402e-02
      vertex   -1.334612e-02 -6.740534e-02 -3.923374e-02
      vertex   -1.770996e-02 -6.849207e-02 -4.156117e-02
    endloop
  endfacet
  facet normal 2.950877e-01 -9.195310e-01 -2.595881e-01
    outer loop
      vertex   -2.645814e-02 -6.991332e-02 -4.718819e-02
      vertex   -1.677567e-02 -7.153968e-02 -3.042062e-02
      vertex   -3.658427e-02 -7.025101e-02 -5.750293e-02
    endloop
  endfacet
  facet normal 1.370808e-01 -9.827059e-01 -1.244911e-01
    outer loop
      vertex   -2.283881e-02 -7.300822e-02 -2.968849e-02
      vertex   -2.871695e-02 -7.396002e-02 -2.864777e-02
      vertex   -4.326302e-02 -7.378460e-02 -4.604959e-02
    endloop
  endfacet
  facet normal -3.866571e-02 -9.969093e-01 6.838732e-02
    outer loop
      vertex   -5.047423e-02 -7.465385e-02 -3.248679e-02
      vertex   -3.967392e-02 -7.420417e-02 -1.982512e-02
      vertex   -6.137267e-02 -7.452228e-02 -3.673063e-02
    endloop
  endfacet
  facet normal -2.507340e-02 -9.980687e-01 5.683436e-02
    outer loop
      vertex   -3.991509e-02 -7.455678e-02 -2.612365e-02
      vertex   -3.967392e-02 -7.420417e-02 -1.982512e-02
      vertex   -5.047423e-02 -7.465385e-02 -3.248679e-02
    endloop
  endfacet
  facet normal -3.219888e-02 -9.978494e-01 5.709492e-02
    outer loop
      vertex   -2.224619e-02 -7.411424e-02 -8.425039e-03
      vertex   -3.967392e-02 -7.420417e-02 -1.982512e-02
      vertex   -3.991509e-02 -7.455678e-02 -2.612365e-02
    endloop
  endfacet
  facet normal -1.227761e-01 -9.761234e-01 1.791904e-01
    outer loop
      vertex   -3.459499e-02 -7.321476e-02 -8.684420e-03
      vertex   -1.846230e-02 -7.273881e-02 4.961926e-03
      vertex   -5.307786e-02 -7.314445e-02 -2.096537e-02
    endloop
  endfacet
  facet normal -4.796467e-02 -9.946589e-01 9.139497e-02
    outer loop
      vertex   -5.107310e-02 -7.380403e-02 -2.374527e-02
      vertex   -1.846230e-02 -7.273881e-02 4.961926e-03
      vertex   -3.459499e-02 -7.321476e-02 -8.684420e-03
    endloop
  endfacet
  facet normal -1.617456e-01 -9.591848e-01 2.319546e-01
    outer loop
      vertex   -6.273225e-02 -7.268568e-02 -2.523143e-02
      vertex   -4.093564e-02 -7.185080e-02 -6.579895e-03
      vertex   -5.808964e-02 -7.140302e-02 -1.668998e-02
    endloop
  endfacet
  facet normal -2.352842e-01 -9.138486e-01 3.309411e-01
    outer loop
      vertex   -3.977275e-02 -7.029963e-02 -3.096462e-04
      vertex   -3.339215e-02 -6.887663e-02 8.156079e-03
      vertex   -4.858711e-02 -7.071610e-02 -7.726313e-03
    endloop
  endfacet
  facet normal -3.566635e-01 -7.613634e-01 5.414027e-01
    outer loop
      vertex   -2.880349e-02 -6.099650e-02 2.666683e-02
      vertex   -3.176144e-02 -5.789848e-02 2.907488e-02
      vertex   -6.465497e-02 -5.864502e-02 6.355549e-03
    endloop
  endfacet
  facet normal -3.635832e-01 -7.510756e-01 5.510832e-01
    outer loop
      vertex   -6.465497e-02 -5.864502e-02 6.355549e-03
      vertex   -3.176144e-02 -5.789848e-02 2.907488e-02
      vertex   -7.791502e-02 -5.609278e-02 1.085554e-03
    endloop
  endfacet
  facet normal -4.993078e-01 -3.337460e-01 7.995657e-01
    outer loop
      vertex   -6.942617e-02 -2.822072e-02 2.858460e-02
      vertex   -4.573000e-02 -2.426780e-02 4.503222e-02
      vertex   -6.959143e-02 -2.523040e-02 2.972958e-02
    endloop
  endfacet
  facet normal -5.086405e-01 -2.883384e-01 8.112619e-01
    outer loop
      vertex   -4.573000e-02 -2.426780e-02 4.503222e-02
      vertex   -6.631307e-02 -2.178012e-02 3.301133e-02
      vertex   -6.959143e-02 -2.523040e-02 2.972958e-02
    endloop
  endfacet
  facet normal -5.101385e-01 -2.614531e-01 8.193906e-01
    outer loop
      vertex   -4.573000e-02 -2.426780e-02 4.503222e-02
      vertex   -2.973767e-02 -1.873010e-02 5.675575e-02
      vertex   -6.631307e-02 -2.178012e-02 3.301133e-02
    endloop
  endfacet
  facet normal -5.123353e-01 -2.331709e-01 8.265252e-01
    outer loop
      vertex   -6.631307e-02 -2.178012e-02 3.301133e-02
      vertex   -4.704077e-02 -1.465613e-02 4.696733e-02
      vertex   -7.822455e-02 -1.655529e-02 2.710178e-02
    endloop
  endfacet
  facet normal -5.188228e-01 -2.165507e-01 8.269999e-01
    outer loop
      vertex   -6.631307e-02 -2.178012e-02 3.301133e-02
      vertex   -2.973767e-02 -1.873010e-02 5.675575e-02
      vertex   -4.704077e-02 -1.465613e-02 4.696733e-02
    endloop
  endfacet
  facet normal -5.263496e-01 6.685038e-02 8.476362e-01
    outer loop
      vertex   -5.272228e-02 4.249369e-03 4.485801e-02
      vertex   -6.496851e-02 6.639934e-03 3.706503e-02
      vertex   -9.292277e-02 5.285854e-03 1.981330e-02
    endloop
  endfacet
  facet normal -5.261463e-01 8.837219e-02 8.457898e-01
    outer loop
      vertex   -9.292277e-02 5.285854e-03 1.981330e-02
      vertex   -9.452787e-02 8.976599e-03 1.842918e-02
      vertex   -1.059510e-01 9.133732e-03 1.130666e-02
    endloop
  endfacet
  facet normal -5.258026e-01 1.119025e-01 8.432138e-01
    outer loop
      vertex   -6.496851e-02 6.639934e-03 3.706503e-02
      vertex   -6.635886e-02 1.112949e-02 3.560225e-02
      vertex   -9.292277e-02 5.285854e-03 1.981330e-02
    endloop
  endfacet
  facet normal -5.236586e-01 8.179638e-02 8.479923e-01
    outer loop
      vertex   -5.272228e-02 4.249369e-03 4.485801e-02
      vertex   -4.431092e-02 9.778267e-03 4.951894e-02
      vertex   -6.496851e-02 6.639934e-03 3.706503e-02
    endloop
  endfacet
  facet normal -5.227674e-01 1.367373e-01 8.414376e-01
    outer loop
      vertex   -9.452787e-02 8.976599e-03 1.842918e-02
      vertex   -8.854035e-02 1.248952e-02 2.157823e-02
      vertex   -1.059510e-01 9.133732e-03 1.130666e-02
    endloop
  endfacet
  facet normal -5.083560e-01 9.969693e-02 8.553565e-01
    outer loop
      vertex   -9.292277e-02 5.285854e-03 1.981330e-02
      vertex   -8.854035e-02 1.248952e-02 2.157823e-02
      vertex   -9.452787e-02 8.976599e-03 1.842918e-02
    endloop
  endfacet
  facet normal -5.259621e-01 1.134581e-01 8.429064e-01
    outer loop
      vertex   -9.292277e-02 5.285854e-03 1.981330e-02
      vertex   -6.635886e-02 1.112949e-02 3.560225e-02
      vertex   -8.854035e-02 1.248952e-02 2.157823e-02
    endloop
  endfacet
  facet normal -5.254829e-01 1.120596e-01 8.433922e-01
    outer loop
      vertex   -6.496851e-02 6.639934e-03 3.706503e-02
      vertex   -4.431092e-02 9.778267e-03 4.951894e-02
      vertex   -6.635886e-02 1.112949e-02 3.560225e-02
    endloop
  endfacet
  facet normal -5.209842e-01 1.558146e-01 8.392242e-01
    outer loop
      vertex   -1.059510e-01 9.133732e-03 1.130666e-02
      vertex   -8.875193e-02 1.555652e-02 2.079126e-02
      vertex   -1.091460e-01 1.474250e-02 8.281916e-03
    endloop
  endfacet
  facet normal -5.251993e-01 1.773303e-01 8.322978e-01
    outer loop
      vertex   -8.854035e-02 1.248952e-02 2.157823e-02
      vertex   -8.875193e-02 1.555652e-02 2.079126e-02
      vertex   -1.059510e-01 9.133732e-03 1.130666e-02
    endloop
  endfacet
  facet normal -4.368796e-01 5.808648e-01 6.868278e-01
    outer loop
      vertex   -5.720519e-02 4.332869e-02 2.725191e-02
      vertex   -5.962003e-02 4.821762e-02 2.158121e-02
      vertex   -7.664407e-02 4.520011e-02 1.330447e-02
    endloop
  endfacet
  facet normal -4.440828e-01 5.763548e-01 6.860070e-01
    outer loop
      vertex   -5.720519e-02 4.332869e-02 2.725191e-02
      vertex   -4.462642e-02 4.619680e-02 3.298504e-02
      vertex   -5.962003e-02 4.821762e-02 2.158121e-02
    endloop
  endfacet
  facet normal -4.205652e-01 6.321089e-01 6.508173e-01
    outer loop
      vertex   -5.962003e-02 4.821762e-02 2.158121e-02
      vertex   -3.309847e-02 5.181770e-02 3.522313e-02
      vertex   -8.300291e-02 5.036038e-02 4.389770e-03
    endloop
  endfacet
  facet normal -4.029180e-01 6.729444e-01 6.203248e-01
    outer loop
      vertex   -3.309847e-02 5.181770e-02 3.522313e-02
      vertex   -5.748168e-02 5.340526e-02 1.766335e-02
      vertex   -8.300291e-02 5.036038e-02 4.389770e-03
    endloop
  endfacet
  facet normal -7.821784e-02 9.902724e-01 1.150766e-01
    outer loop
      vertex   -4.171976e-02 7.361281e-02 -1.609967e-02
      vertex   -3.342639e-02 7.400764e-02 -1.386021e-02
      vertex   -5.120701e-02 7.445302e-02 -2.977843e-02
    endloop
  endfacet
  facet normal -4.022854e-02 9.965336e-01 7.281779e-02
    outer loop
      vertex   -3.342639e-02 7.400764e-02 -1.386021e-02
      vertex   -4.553425e-02 7.452116e-02 -2.757694e-02
      vertex   -5.120701e-02 7.445302e-02 -2.977843e-02
    endloop
  endfacet
  facet normal -2.974781e-02 9.975318e-01 6.360374e-02
    outer loop
      vertex   -3.342639e-02 7.400764e-02 -1.386021e-02
      vertex   -2.278191e-02 7.427169e-02 -1.302302e-02
      vertex   -4.553425e-02 7.452116e-02 -2.757694e-02
    endloop
  endfacet
  facet normal -2.821023e-02 9.986462e-01 4.370264e-02
    outer loop
      vertex   -1.897211e-02 7.407624e-02 -6.097656e-03
      vertex   -2.278191e-02 7.427169e-02 -1.302302e-02
      vertex   -3.342639e-02 7.400764e-02 -1.386021e-02
    endloop
  endfacet
  facet normal -9.128987e-03 9.994651e-01 3.140319e-02
    outer loop
      vertex   -4.553425e-02 7.452116e-02 -2.757694e-02
      vertex   -2.278191e-02 7.427169e-02 -1.302302e-02
      vertex   -4.860607e-02 7.475560e-02 -3.593162e-02
    endloop
  endfacet
  facet normal 2.751697e-02 9.995723e-01 -9.904408e-03
    outer loop
      vertex   -2.278191e-02 7.427169e-02 -1.302302e-02
      vertex   -4.696304e-02 7.469044e-02 -3.794341e-02
      vertex   -4.860607e-02 7.475560e-02 -3.593162e-02
    endloop
  endfacet
  facet normal 2.845704e-02 9.995365e-01 -1.081720e-02
    outer loop
      vertex   -2.278191e-02 7.427169e-02 -1.302302e-02
      vertex   -2.193823e-02 7.420107e-02 -1.732896e-02
      vertex   -4.696304e-02 7.469044e-02 -3.794341e-02
    endloop
  endfacet
  facet normal 5.937155e-02 9.972368e-01 -4.465273e-02
    outer loop
      vertex   -4.696304e-02 7.469044e-02 -3.794341e-02
      vertex   -2.407814e-02 7.398654e-02 -2.323535e-02
      vertex   -5.131236e-02 7.456470e-02 -4.653460e-02
    endloop
  endfacet
  facet normal 7.021599e-02 9.956278e-01 -6.160306e-02
    outer loop
      vertex   -2.193823e-02 7.420107e-02 -1.732896e-02
      vertex   -2.407814e-02 7.398654e-02 -2.323535e-02
      vertex   -4.696304e-02 7.469044e-02 -3.794341e-02
    endloop
  endfacet
  facet normal 6.328328e-01 6.633432e-01 -3.993725e-01
    outer loop
      vertex   -1.591007e-02 5.831419e-02 -6.053043e-02
      vertex   -1.504783e-02 5.647560e-02 -6.221800e-02
      vertex   -2.006262e-02 5.738123e-02 -6.866005e-02
    endloop
  endfacet
  facet normal 6.305622e-01 6.642248e-01 -4.014931e-01
    outer loop
      vertex   -1.591007e-02 5.831419e-02 -6.053043e-02
      vertex   -1.010310e-02 5.703094e-02 -5.353332e-02
      vertex   -1.504783e-02 5.647560e-02 -6.221800e-02
    endloop
  endfacet
  facet normal 5.835275e-01 7.237315e-01 -3.683862e-01
    outer loop
      vertex   -2.006262e-02 5.738123e-02 -6.866005e-02
      vertex   -2.312376e-02 5.526128e-02 -7.767379e-02
      vertex   -2.503172e-02 5.754908e-02 -7.620140e-02
    endloop
  endfacet
  facet normal 6.398294e-01 6.707851e-01 -3.750542e-01
    outer loop
      vertex   -2.006262e-02 5.738123e-02 -6.866005e-02
      vertex   -1.886615e-02 5.412903e-02 -7.243548e-02
      vertex   -2.312376e-02 5.526128e-02 -7.767379e-02
    endloop
  endfacet
  facet normal 6.414401e-01 6.699384e-01 -3.738143e-01
    outer loop
      vertex   -2.006262e-02 5.738123e-02 -6.866005e-02
      vertex   -1.500272e-02 5.417964e-02 -6.571539e-02
      vertex   -1.886615e-02 5.412903e-02 -7.243548e-02
    endloop
  endfacet
  facet normal 6.463228e-01 6.416898e-01 -4.129178e-01
    outer loop
      vertex   -1.504783e-02 5.647560e-02 -6.221800e-02
      vertex   -1.500272e-02 5.417964e-02 -6.571539e-02
      vertex   -2.006262e-02 5.738123e-02 -6.866005e-02
    endloop
  endfacet
  facet normal 6.814039e-01 6.158475e-01 -3.955004e-01
    outer loop
      vertex   -1.504783e-02 5.647560e-02 -6.221800e-02
      vertex   -9.640793e-03 5.397825e-02 -5.679098e-02
      vertex   -1.500272e-02 5.417964e-02 -6.571539e-02
    endloop
  endfacet
  facet normal 6.984625e-01 5.689813e-01 -4.340627e-01
    outer loop
      vertex   -1.010310e-02 5.703094e-02 -5.353332e-02
      vertex   -9.640793e-03 5.397825e-02 -5.679098e-02
      vertex   -1.504783e-02 5.647560e-02 -6.221800e-02
    endloop
  endfacet
  facet normal 6.260895e-01 6.920412e-01 -3.592922e-01
    outer loop
      vertex   -2.312376e-02 5.526128e-02 -7.767379e-02
      vertex   -1.886615e-02 5.412903e-02 -7.243548e-02
      vertex   -2.269313e-02 5.288706e-02 -8.149643e-02
    endloop
  endfacet
  facet normal 6.715476e-01 6.295113e-01 -3.908189e-01
    outer loop
      vertex   -1.886615e-02 5.412903e-02 -7.243548e-02
      vertex   -1.500272e-02 5.417964e-02 -6.571539e-02
      vertex   -1.724204e-02 5.267571e-02 -7.198569e-02
    endloop
  endfacet
  facet normal 6.598351e-01 6.548754e-01 -3.684507e-01
    outer loop
      vertex   -1.886615e-02 5.412903e-02 -7.243548e-02
      vertex   -2.115493e-02 5.160875e-02 -8.101378e-02
      vertex   -2.269313e-02 5.288706e-02 -8.149643e-02
    endloop
  endfacet
  facet normal 6.745682e-01 6.399502e-01 -3.679967e-01
    outer loop
      vertex   -1.886615e-02 5.412903e-02 -7.243548e-02
      vertex   -1.724204e-02 5.267571e-02 -7.198569e-02
      vertex   -2.115493e-02 5.160875e-02 -8.101378e-02
    endloop
  endfacet
  facet normal 7.217771e-01 5.688859e-01 -3.942165e-01
    outer loop
      vertex   -1.500272e-02 5.417964e-02 -6.571539e-02
      vertex   -1.345031e-02 5.088576e-02 -6.762639e-02
      vertex   -1.724204e-02 5.267571e-02 -7.198569e-02
    endloop
  endfacet
  facet normal 7.279782e-01 5.668450e-01 -3.856611e-01
    outer loop
      vertex   -1.500272e-02 5.417964e-02 -6.571539e-02
      vertex   -9.204944e-03 5.071607e-02 -5.986220e-02
      vertex   -1.345031e-02 5.088576e-02 -6.762639e-02
    endloop
  endfacet
  facet normal 7.429916e-01 5.087315e-01 -4.349205e-01
    outer loop
      vertex   -9.640793e-03 5.397825e-02 -5.679098e-02
      vertex   -9.204944e-03 5.071607e-02 -5.986220e-02
      vertex   -1.500272e-02 5.417964e-02 -6.571539e-02
    endloop
  endfacet
  facet normal 6.916000e-01 6.186018e-01 -3.728555e-01
    outer loop
      vertex   -1.724204e-02 5.267571e-02 -7.198569e-02
      vertex   -1.910802e-02 5.028236e-02 -7.941764e-02
      vertex   -2.115493e-02 5.160875e-02 -8.101378e-02
    endloop
  endfacet
  facet normal 7.249286e-01 5.814800e-01 -3.692689e-01
    outer loop
      vertex   -1.724204e-02 5.267571e-02 -7.198569e-02
      vertex   -1.623078e-02 4.930954e-02 -7.530109e-02
      vertex   -1.910802e-02 5.028236e-02 -7.941764e-02
    endloop
  endfacet
  facet normal 7.140463e-01 5.883057e-01 -3.795184e-01
    outer loop
      vertex   -1.724204e-02 5.267571e-02 -7.198569e-02
      vertex   -1.345031e-02 5.088576e-02 -6.762639e-02
      vertex   -1.623078e-02 4.930954e-02 -7.530109e-02
    endloop
  endfacet
  facet normal 7.168973e-01 5.970568e-01 -3.599743e-01
    outer loop
      vertex   -1.910802e-02 5.028236e-02 -7.941764e-02
      vertex   -1.623078e-02 4.930954e-02 -7.530109e-02
      vertex   -1.847891e-02 4.767096e-02 -8.249605e-02
    endloop
  endfacet
  facet normal 7.467966e-01 5.441749e-01 -3.823200e-01
    outer loop
      vertex   -1.345031e-02 5.088576e-02 -6.762639e-02
      vertex   -1.503494e-02 4.685915e-02 -7.645298e-02
      vertex   -1.623078e-02 4.930954e-02 -7.530109e-02
    endloop
  endfacet
  facet normal 7.860290e-01 4.968806e-01 -3.677881e-01
    outer loop
      vertex   -1.345031e-02 5.088576e-02 -6.762639e-02
      vertex   -1.236720e-02 4.718417e-02 -7.031243e-02
      vertex   -1.503494e-02 4.685915e-02 -7.645298e-02
    endloop
  endfacet
  facet normal 7.817957e-01 4.995434e-01 -3.731647e-01
    outer loop
      vertex   -1.345031e-02 5.088576e-02 -6.762639e-02
      vertex   -8.797232e-03 4.725741e-02 -6.273515e-02
      vertex   -1.236720e-02 4.718417e-02 -7.031243e-02
    endloop
  endfacet
  facet normal 7.902238e-01 4.440052e-01 -4.223810e-01
    outer loop
      vertex   -9.204944e-03 5.071607e-02 -5.986220e-02
      vertex   -8.797232e-03 4.725741e-02 -6.273515e-02
      vertex   -1.345031e-02 5.088576e-02 -6.762639e-02
    endloop
  endfacet
  facet normal 7.601550e-01 5.404874e-01 -3.606075e-01
    outer loop
      vertex   -1.623078e-02 4.930954e-02 -7.530109e-02
      vertex   -1.503494e-02 4.685915e-02 -7.645298e-02
      vertex   -1.847891e-02 4.767096e-02 -8.249605e-02
    endloop
  endfacet
  facet normal 9.608362e-01 1.473148e-01 -2.347173e-01
    outer loop
      vertex   -7.474808e-03 3.174967e-02 -7.205367e-02
      vertex   -7.039532e-03 2.590441e-02 -7.394047e-02
      vertex   -8.878416e-03 2.868697e-02 -7.972170e-02
    endloop
  endfacet
  facet normal 9.939515e-01 -2.881710e-03 -1.097817e-01
    outer loop
      vertex   -7.539390e-03 -2.744172e-03 -8.806889e-02
      vertex   -8.797413e-03 1.984320e-03 -9.958301e-02
      vertex   -7.621782e-03 1.896630e-03 -8.893667e-02
    endloop
  endfacet
  facet normal 9.929120e-01 -2.078432e-02 -1.170202e-01
    outer loop
      vertex   -7.539390e-03 -2.744172e-03 -8.806889e-02
      vertex   -8.945952e-03 -5.948017e-03 -9.943447e-02
      vertex   -8.797413e-03 1.984320e-03 -9.958301e-02
    endloop
  endfacet
  facet normal 9.928386e-01 -1.581623e-02 -1.184116e-01
    outer loop
      vertex   -8.387337e-03 -5.816182e-03 -9.476829e-02
      vertex   -8.945952e-03 -5.948017e-03 -9.943447e-02
      vertex   -7.539390e-03 -2.744172e-03 -8.806889e-02
    endloop
  endfacet
  facet normal 9.756053e-01 -1.569766e-01 -1.534686e-01
    outer loop
      vertex   -9.260661e-03 -1.498706e-02 -9.466266e-02
      vertex   -1.015399e-02 -1.705492e-02 -9.822643e-02
      vertex   -9.431932e-03 -1.186146e-02 -9.894849e-02
    endloop
  endfacet
  facet normal 9.747072e-01 -1.689451e-01 -1.462988e-01
    outer loop
      vertex   -1.005540e-02 -2.095487e-02 -9.306594e-02
      vertex   -1.015399e-02 -1.705492e-02 -9.822643e-02
      vertex   -9.260661e-03 -1.498706e-02 -9.466266e-02
    endloop
  endfacet
  facet normal 9.561681e-01 -2.245339e-01 -1.879549e-01
    outer loop
      vertex   -1.083468e-02 -2.313280e-02 -9.442853e-02
      vertex   -1.015399e-02 -1.705492e-02 -9.822643e-02
      vertex   -1.005540e-02 -2.095487e-02 -9.306594e-02
    endloop
  endfacet
  facet normal 9.493965e-01 -2.359001e-01 -2.073581e-01
    outer loop
      vertex   -1.157961e-02 -2.404557e-02 -9.680081e-02
      vertex   -1.015399e-02 -1.705492e-02 -9.822643e-02
      vertex   -1.083468e-02 -2.313280e-02 -9.442853e-02
    endloop
  endfacet
  facet normal 9.422087e-01 -2.762247e-01 -1.895855e-01
    outer loop
      vertex   -1.221170e-02 -2.891777e-02 -9.284346e-02
      vertex   -1.157961e-02 -2.404557e-02 -9.680081e-02
      vertex   -1.083468e-02 -2.313280e-02 -9.442853e-02
    endloop
  endfacet
  facet normal 9.391737e-01 -2.517120e-01 -2.336530e-01
    outer loop
      vertex   -1.221170e-02 -2.891777e-02 -9.284346e-02
      vertex   -1.000262e-02 -2.608732e-02 -8.701323e-02
      vertex   -9.862275e-03 -2.801876e-02 -8.436838e-02
    endloop
  endfacet
  facet normal 9.345164e-01 -2.819608e-01 -2.172032e-01
    outer loop
      vertex   -1.221170e-02 -2.891777e-02 -9.284346e-02
      vertex   -1.083468e-02 -2.313280e-02 -9.442853e-02
      vertex   -1.000262e-02 -2.608732e-02 -8.701323e-02
    endloop
  endfacet
  facet normal 9.211558e-01 -3.103061e-01 -2.349085e-01
    outer loop
      vertex   -1.307354e-02 -2.961131e-02 -9.530688e-02
      vertex   -1.157961e-02 -2.404557e-02 -9.680081e-02
      vertex   -1.221170e-02 -2.891777e-02 -9.284346e-02
    endloop
  endfacet
  facet normal 9.357922e-01 -2.661727e-01 -2.311817e-01
    outer loop
      vertex   -1.100448e-02 -3.134729e-02 -8.515955e-02
      vertex   -1.221170e-02 -2.891777e-02 -9.284346e-02
      vertex   -9.862275e-03 -2.801876e-02 -8.436838e-02
    endloop
  endfacet
  facet normal 9.330777e-01 -2.614912e-01 -2.469582e-01
    outer loop
      vertex   -1.100448e-02 -3.134729e-02 -8.515955e-02
      vertex   -9.862275e-03 -2.801876e-02 -8.436838e-02
      vertex   -1.053225e-02 -3.399802e-02 -8.056859e-02
    endloop
  endfacet
  facet normal 9.105427e-01 -3.309876e-01 -2.477081e-01
    outer loop
      vertex   -1.254476e-02 -3.171658e-02 -9.032796e-02
      vertex   -1.221170e-02 -2.891777e-02 -9.284346e-02
      vertex   -1.100448e-02 -3.134729e-02 -8.515955e-02
    endloop
  endfacet
  facet normal 8.982920e-01 -3.480038e-01 -2.682627e-01
    outer loop
      vertex   -1.360894e-02 -3.328711e-02 -9.185406e-02
      vertex   -1.221170e-02 -2.891777e-02 -9.284346e-02
      vertex   -1.254476e-02 -3.171658e-02 -9.032796e-02
    endloop
  endfacet
  facet normal 9.127366e-01 -3.423597e-01 -2.229388e-01
    outer loop
      vertex   -1.360894e-02 -3.328711e-02 -9.185406e-02
      vertex   -1.307354e-02 -2.961131e-02 -9.530688e-02
      vertex   -1.221170e-02 -2.891777e-02 -9.284346e-02
    endloop
  endfacet
  facet normal 8.809782e-01 -3.857262e-01 -2.740303e-01
    outer loop
      vertex   -1.360894e-02 -3.328711e-02 -9.185406e-02
      vertex   -1.467186e-02 -3.439728e-02 -9.370856e-02
      vertex   -1.307354e-02 -2.961131e-02 -9.530688e-02
    endloop
  endfacet
  facet normal 8.759815e-01 -4.074370e-01 -2.581695e-01
    outer loop
      vertex   -1.510201e-02 -3.803976e-02 -8.941960e-02
      vertex   -1.467186e-02 -3.439728e-02 -9.370856e-02
      vertex   -1.360894e-02 -3.328711e-02 -9.185406e-02
    endloop
  endfacet
  facet normal 9.120893e-01 -2.997335e-01 -2.797373e-01
    outer loop
      vertex   -1.053225e-02 -3.399802e-02 -8.056859e-02
      vertex   -9.704450e-03 -3.433928e-02 -7.750389e-02
      vertex   -1.066376e-02 -3.884163e-02 -7.580756e-02
    endloop
  endfacet
  facet normal 9.079246e-01 -3.060926e-01 -2.863218e-01
    outer loop
      vertex   -1.066376e-02 -3.884163e-02 -7.580756e-02
      vertex   -1.162480e-02 -3.528810e-02 -8.265390e-02
      vertex   -1.053225e-02 -3.399802e-02 -8.056859e-02
    endloop
  endfacet
  facet normal 8.531202e-01 -4.256854e-01 -3.016254e-01
    outer loop
      vertex   -1.427829e-02 -3.933373e-02 -8.521362e-02
      vertex   -1.360894e-02 -3.328711e-02 -9.185406e-02
      vertex   -1.307104e-02 -3.841259e-02 -8.309903e-02
    endloop
  endfacet
  facet normal 8.566653e-01 -4.214868e-01 -2.974450e-01
    outer loop
      vertex   -1.510201e-02 -3.803976e-02 -8.941960e-02
      vertex   -1.360894e-02 -3.328711e-02 -9.185406e-02
      vertex   -1.427829e-02 -3.933373e-02 -8.521362e-02
    endloop
  endfacet
  facet normal 8.319402e-01 -4.613069e-01 -3.083366e-01
    outer loop
      vertex   -1.676233e-02 -3.956459e-02 -9.161809e-02
      vertex   -1.467186e-02 -3.439728e-02 -9.370856e-02
      vertex   -1.510201e-02 -3.803976e-02 -8.941960e-02
    endloop
  endfacet
  facet normal 8.785233e-01 -3.622859e-01 -3.113612e-01
    outer loop
      vertex   -1.307104e-02 -3.841259e-02 -8.309903e-02
      vertex   -1.162480e-02 -3.528810e-02 -8.265390e-02
      vertex   -1.066376e-02 -3.884163e-02 -7.580756e-02
    endloop
  endfacet
  facet normal 8.258048e-01 -4.855197e-01 -2.869097e-01
    outer loop
      vertex   -1.744323e-02 -4.246680e-02 -8.866665e-02
      vertex   -1.676233e-02 -3.956459e-02 -9.161809e-02
      vertex   -1.510201e-02 -3.803976e-02 -8.941960e-02
    endloop
  endfacet
  facet normal 7.483863e-01 -5.510214e-01 -3.691794e-01
    outer loop
      vertex   -1.744323e-02 -4.246680e-02 -8.866665e-02
      vertex   -1.997162e-02 -4.607358e-02 -8.840880e-02
      vertex   -1.676233e-02 -3.956459e-02 -9.161809e-02
    endloop
  endfacet
  facet normal 7.569826e-01 -5.552792e-01 -3.444450e-01
    outer loop
      vertex   -1.851614e-02 -4.728765e-02 -8.325289e-02
      vertex   -1.997162e-02 -4.607358e-02 -8.840880e-02
      vertex   -1.744323e-02 -4.246680e-02 -8.866665e-02
    endloop
  endfacet
  facet normal 8.215210e-01 -4.271557e-01 -3.776787e-01
    outer loop
      vertex   -1.249308e-02 -4.596519e-02 -7.210269e-02
      vertex   -1.118161e-02 -4.252559e-02 -7.314021e-02
      vertex   -9.519697e-03 -4.599972e-02 -6.559599e-02
    endloop
  endfacet
  facet normal 7.613548e-01 -5.517584e-01 -3.404432e-01
    outer loop
      vertex   -1.851614e-02 -4.728765e-02 -8.325289e-02
      vertex   -1.744323e-02 -4.246680e-02 -8.866665e-02
      vertex   -1.673292e-02 -4.489581e-02 -8.314143e-02
    endloop
  endfacet
  facet normal 6.984596e-01 -6.219704e-01 -3.539873e-01
    outer loop
      vertex   -2.113801e-02 -5.123921e-02 -8.163397e-02
      vertex   -2.267154e-02 -5.064215e-02 -8.570888e-02
      vertex   -1.997162e-02 -4.607358e-02 -8.840880e-02
    endloop
  endfacet
  facet normal 6.361622e-01 -6.921932e-01 -3.408317e-01
    outer loop
      vertex   -2.565149e-02 -5.484819e-02 -8.272893e-02
      vertex   -2.267154e-02 -5.064215e-02 -8.570888e-02
      vertex   -2.113801e-02 -5.123921e-02 -8.163397e-02
    endloop
  endfacet
  facet normal 6.330766e-01 -6.789191e-01 -3.718640e-01
    outer loop
      vertex   -2.211118e-02 -5.580315e-02 -7.495829e-02
      vertex   -2.565149e-02 -5.484819e-02 -8.272893e-02
      vertex   -2.113801e-02 -5.123921e-02 -8.163397e-02
    endloop
  endfacet
  facet normal 5.855594e-01 -7.281454e-01 -3.562647e-01
    outer loop
      vertex   -2.543911e-02 -5.808597e-02 -7.576240e-02
      vertex   -2.565149e-02 -5.484819e-02 -8.272893e-02
      vertex   -2.211118e-02 -5.580315e-02 -7.495829e-02
    endloop
  endfacet
  facet normal 5.526914e-01 -7.491845e-01 -3.650409e-01
    outer loop
      vertex   -2.883338e-02 -5.874593e-02 -7.954704e-02
      vertex   -2.565149e-02 -5.484819e-02 -8.272893e-02
      vertex   -2.543911e-02 -5.808597e-02 -7.576240e-02
    endloop
  endfacet
  facet normal 5.367093e-01 -7.689988e-01 -3.472521e-01
    outer loop
      vertex   -2.804102e-02 -5.967117e-02 -7.627341e-02
      vertex   -2.883338e-02 -5.874593e-02 -7.954704e-02
      vertex   -2.543911e-02 -5.808597e-02 -7.576240e-02
    endloop
  endfacet
  facet normal 4.957469e-01 -7.969035e-01 -3.452244e-01
    outer loop
      vertex   -2.843095e-02 -6.194877e-02 -7.157582e-02
      vertex   -2.883338e-02 -5.874593e-02 -7.954704e-02
      vertex   -2.804102e-02 -5.967117e-02 -7.627341e-02
    endloop
  endfacet
  facet normal 4.947069e-01 -7.974065e-01 -3.455546e-01
    outer loop
      vertex   -2.843095e-02 -6.194877e-02 -7.157582e-02
      vertex   -2.804102e-02 -5.967117e-02 -7.627341e-02
      vertex   -2.548749e-02 -6.098216e-02 -6.959243e-02
    endloop
  endfacet
  facet normal 4.886372e-01 -8.007673e-01 -3.464179e-01
    outer loop
      vertex   -3.184563e-02 -6.188716e-02 -7.653479e-02
      vertex   -2.883338e-02 -5.874593e-02 -7.954704e-02
      vertex   -2.843095e-02 -6.194877e-02 -7.157582e-02
    endloop
  endfacet
  facet normal 4.655346e-01 -8.208992e-01 -3.307599e-01
    outer loop
      vertex   -2.946626e-02 -6.425327e-02 -6.731354e-02
      vertex   -3.184563e-02 -6.188716e-02 -7.653479e-02
      vertex   -2.843095e-02 -6.194877e-02 -7.157582e-02
    endloop
  endfacet
  facet normal 4.282793e-01 -8.425241e-01 -3.266956e-01
    outer loop
      vertex   -2.946626e-02 -6.425327e-02 -6.731354e-02
      vertex   -3.500706e-02 -6.472008e-02 -7.337335e-02
      vertex   -3.184563e-02 -6.188716e-02 -7.653479e-02
    endloop
  endfacet
  facet normal 4.046375e-01 -8.626345e-01 -3.035295e-01
    outer loop
      vertex   -3.373878e-02 -6.652757e-02 -6.654569e-02
      vertex   -3.500706e-02 -6.472008e-02 -7.337335e-02
      vertex   -2.946626e-02 -6.425327e-02 -6.731354e-02
    endloop
  endfacet
  facet normal 4.736660e-01 -8.020944e-01 -3.637102e-01
    outer loop
      vertex   -1.617083e-02 -6.590938e-02 -4.620402e-02
      vertex   -2.429116e-02 -6.435958e-02 -6.019706e-02
      vertex   -2.085911e-02 -6.332442e-02 -5.801028e-02
    endloop
  endfacet
  facet normal 4.294308e-01 -8.426444e-01 -3.248686e-01
    outer loop
      vertex   -2.663733e-02 -6.651281e-02 -5.771330e-02
      vertex   -2.946626e-02 -6.425327e-02 -6.731354e-02
      vertex   -2.429116e-02 -6.435958e-02 -6.019706e-02
    endloop
  endfacet
  facet normal 3.997357e-01 -8.589738e-01 -3.199616e-01
    outer loop
      vertex   -3.373878e-02 -6.652757e-02 -6.654569e-02
      vertex   -2.946626e-02 -6.425327e-02 -6.731354e-02
      vertex   -2.663733e-02 -6.651281e-02 -5.771330e-02
    endloop
  endfacet
  facet normal 3.687301e-01 -8.793549e-01 -3.012859e-01
    outer loop
      vertex   -3.830192e-02 -6.723057e-02 -7.007850e-02
      vertex   -3.500706e-02 -6.472008e-02 -7.337335e-02
      vertex   -3.373878e-02 -6.652757e-02 -6.654569e-02
    endloop
  endfacet
  facet normal 4.183894e-01 -8.437357e-01 -3.362445e-01
    outer loop
      vertex   -2.663733e-02 -6.651281e-02 -5.771330e-02
      vertex   -2.429116e-02 -6.435958e-02 -6.019706e-02
      vertex   -1.617083e-02 -6.590938e-02 -4.620402e-02
    endloop
  endfacet
  facet normal 3.574945e-01 -8.894413e-01 -2.847664e-01
    outer loop
      vertex   -3.531064e-02 -6.815341e-02 -6.344082e-02
      vertex   -3.830192e-02 -6.723057e-02 -7.007850e-02
      vertex   -3.373878e-02 -6.652757e-02 -6.654569e-02
    endloop
  endfacet
  facet normal 3.594559e-01 -8.813313e-01 -3.066701e-01
    outer loop
      vertex   -2.585684e-02 -6.853928e-02 -5.097466e-02
      vertex   -2.663733e-02 -6.651281e-02 -5.771330e-02
      vertex   -1.770996e-02 -6.849207e-02 -4.156117e-02
    endloop
  endfacet
  facet normal 3.154652e-01 -9.101006e-01 -2.686980e-01
    outer loop
      vertex   -3.914624e-02 -6.926901e-02 -6.416542e-02
      vertex   -3.830192e-02 -6.723057e-02 -7.007850e-02
      vertex   -3.531064e-02 -6.815341e-02 -6.344082e-02
    endloop
  endfacet
  facet normal 3.113634e-01 -9.112246e-01 -2.696712e-01
    outer loop
      vertex   -4.171379e-02 -6.940612e-02 -6.666662e-02
      vertex   -3.830192e-02 -6.723057e-02 -7.007850e-02
      vertex   -3.914624e-02 -6.926901e-02 -6.416542e-02
    endloop
  endfacet
  facet normal 2.071954e-01 -9.597620e-01 -1.895441e-01
    outer loop
      vertex   -4.352897e-02 -7.258595e-02 -5.446393e-02
      vertex   -4.522568e-02 -7.123589e-02 -6.315474e-02
      vertex   -3.500627e-02 -7.170699e-02 -4.959819e-02
    endloop
  endfacet
  facet normal 2.048704e-01 -9.603330e-01 -1.891789e-01
    outer loop
      vertex   -4.882008e-02 -7.271076e-02 -5.956033e-02
      vertex   -4.522568e-02 -7.123589e-02 -6.315474e-02
      vertex   -4.352897e-02 -7.258595e-02 -5.446393e-02
    endloop
  endfacet
  facet normal 1.673154e-01 -9.744499e-01 -1.498433e-01
    outer loop
      vertex   -4.769157e-02 -7.346254e-02 -5.341134e-02
      vertex   -4.882008e-02 -7.271076e-02 -5.956033e-02
      vertex   -4.352897e-02 -7.258595e-02 -5.446393e-02
    endloop
  endfacet
  facet normal 1.501944e-01 -9.776530e-01 -1.470927e-01
    outer loop
      vertex   -4.769157e-02 -7.346254e-02 -5.341134e-02
      vertex   -5.247910e-02 -7.382340e-02 -5.590132e-02
      vertex   -4.882008e-02 -7.271076e-02 -5.956033e-02
    endloop
  endfacet
  facet normal 1.402265e-01 -9.819003e-01 -1.273118e-01
    outer loop
      vertex   -4.326302e-02 -7.378460e-02 -4.604959e-02
      vertex   -5.247910e-02 -7.382340e-02 -5.590132e-02
      vertex   -4.769157e-02 -7.346254e-02 -5.341134e-02
    endloop
  endfacet
  facet normal 1.048372e-01 -9.900204e-01 -9.417386e-02
    outer loop
      vertex   -4.326302e-02 -7.378460e-02 -4.604959e-02
      vertex   -5.618450e-02 -7.456825e-02 -5.219592e-02
      vertex   -5.247910e-02 -7.382340e-02 -5.590132e-02
    endloop
  endfacet
  facet normal 1.039646e-01 -9.902884e-01 -9.230515e-02
    outer loop
      vertex   -3.110820e-02 -7.427271e-02 -2.712286e-02
      vertex   -5.618450e-02 -7.456825e-02 -5.219592e-02
      vertex   -4.326302e-02 -7.378460e-02 -4.604959e-02
    endloop
  endfacet
  facet normal 6.404045e-02 -9.965758e-01 -5.230178e-02
    outer loop
      vertex   -5.898245e-02 -7.489489e-02 -4.939797e-02
      vertex   -5.618450e-02 -7.456825e-02 -5.219592e-02
      vertex   -3.110820e-02 -7.427271e-02 -2.712286e-02
    endloop
  endfacet
  facet normal 3.897486e-02 -9.990223e-01 -2.086729e-02
    outer loop
      vertex   -5.152680e-02 -7.480401e-02 -3.982383e-02
      vertex   -5.898245e-02 -7.489489e-02 -4.939797e-02
      vertex   -3.110820e-02 -7.427271e-02 -2.712286e-02
    endloop
  endfacet
  facet normal 1.157438e-02 -9.999329e-01 4.788473e-04
    outer loop
      vertex   -5.152680e-02 -7.480401e-02 -3.982383e-02
      vertex   -6.319248e-02 -7.494161e-02 -4.518794e-02
      vertex   -5.898245e-02 -7.489489e-02 -4.939797e-02
    endloop
  endfacet
  facet normal 1.447116e-02 -9.998911e-01 -2.895011e-03
    outer loop
      vertex   -3.991509e-02 -7.455678e-02 -2.612365e-02
      vertex   -3.570645e-02 -7.449006e-02 -2.812817e-02
      vertex   -3.065363e-02 -7.443678e-02 -2.127352e-02
    endloop
  endfacet
  facet normal 1.741341e-02 -9.998430e-01 3.284063e-03
    outer loop
      vertex   -5.152680e-02 -7.480401e-02 -3.982383e-02
      vertex   -3.570645e-02 -7.449006e-02 -2.812817e-02
      vertex   -3.991509e-02 -7.455678e-02 -2.612365e-02
    endloop
  endfacet
  facet normal 2.275965e-01 -8.510823e-01 -4.731371e-01
    outer loop
      vertex   -5.976847e-02 -7.493546e-02 -4.355192e-02
      vertex   -6.319248e-02 -7.494161e-02 -4.518794e-02
      vertex   -5.152680e-02 -7.480401e-02 -3.982383e-02
    endloop
  endfacet
  facet normal 7.155715e-03 -9.997855e-01 1.943389e-02
    outer loop
      vertex   -5.976847e-02 -7.493546e-02 -4.355192e-02
      vertex   -5.152680e-02 -7.480401e-02 -3.982383e-02
      vertex   -5.047423e-02 -7.465385e-02 -3.248679e-02
    endloop
  endfacet
  facet normal -1.729729e-02 -9.990518e-01 3.995471e-02
    outer loop
      vertex   -5.047423e-02 -7.465385e-02 -3.248679e-02
      vertex   -6.319248e-02 -7.494161e-02 -4.518794e-02
      vertex   -5.976847e-02 -7.493546e-02 -4.355192e-02
    endloop
  endfacet
  facet normal -3.301375e-02 -9.979035e-01 5.566633e-02
    outer loop
      vertex   -5.047423e-02 -7.465385e-02 -3.248679e-02
      vertex   -6.739378e-02 -7.456825e-02 -4.098664e-02
      vertex   -6.319248e-02 -7.494161e-02 -4.518794e-02
    endloop
  endfacet
  facet normal -3.615569e-02 -9.974257e-01 6.192541e-02
    outer loop
      vertex   -6.137267e-02 -7.452228e-02 -3.673063e-02
      vertex   -6.739378e-02 -7.456825e-02 -4.098664e-02
      vertex   -5.047423e-02 -7.465385e-02 -3.248679e-02
    endloop
  endfacet
  facet normal -1.061096e-01 -9.819674e-01 1.564634e-01
    outer loop
      vertex   -5.307786e-02 -7.314445e-02 -2.096537e-02
      vertex   -7.247492e-02 -7.342896e-02 -3.590550e-02
      vertex   -5.107310e-02 -7.380403e-02 -2.374527e-02
    endloop
  endfacet
  facet normal 2.263295e-01 -7.711041e-01 -5.951247e-01
    outer loop
      vertex   -6.927606e-02 -7.233805e-02 -2.817050e-02
      vertex   -5.307786e-02 -7.314445e-02 -2.096537e-02
      vertex   -6.273225e-02 -7.268568e-02 -2.523143e-02
    endloop
  endfacet
  facet normal -1.340341e-01 -9.720941e-01 1.925303e-01
    outer loop
      vertex   -6.927606e-02 -7.233805e-02 -2.817050e-02
      vertex   -7.247492e-02 -7.342896e-02 -3.590550e-02
      vertex   -5.307786e-02 -7.314445e-02 -2.096537e-02
    endloop
  endfacet
  facet normal -1.400476e-01 -9.707867e-01 1.948329e-01
    outer loop
      vertex   -7.656459e-02 -7.201819e-02 -3.181582e-02
      vertex   -7.247492e-02 -7.342896e-02 -3.590550e-02
      vertex   -6.927606e-02 -7.233805e-02 -2.817050e-02
    endloop
  endfacet
  facet normal -1.565030e-01 -9.608571e-01 2.286055e-01
    outer loop
      vertex   -7.481408e-02 -7.180044e-02 -2.970221e-02
      vertex   -7.656459e-02 -7.201819e-02 -3.181582e-02
      vertex   -6.927606e-02 -7.233805e-02 -2.817050e-02
    endloop
  endfacet
  facet normal -1.737246e-01 -9.533367e-01 2.469186e-01
    outer loop
      vertex   -7.055381e-02 -7.082479e-02 -2.322688e-02
      vertex   -6.927606e-02 -7.233805e-02 -2.817050e-02
      vertex   -5.808964e-02 -7.140302e-02 -1.668998e-02
    endloop
  endfacet
  facet normal -2.564881e-01 -9.165466e-01 3.068488e-01
    outer loop
      vertex   -7.055381e-02 -7.082479e-02 -2.322688e-02
      vertex   -7.656459e-02 -7.201819e-02 -3.181582e-02
      vertex   -7.481408e-02 -7.180044e-02 -2.970221e-02
    endloop
  endfacet
  facet normal -1.819625e-01 -9.485443e-01 2.591396e-01
    outer loop
      vertex   -8.011996e-02 -7.036484e-02 -2.826046e-02
      vertex   -7.656459e-02 -7.201819e-02 -3.181582e-02
      vertex   -7.055381e-02 -7.082479e-02 -2.322688e-02
    endloop
  endfacet
  facet normal -1.843944e-01 -9.456236e-01 2.679454e-01
    outer loop
      vertex   -7.055381e-02 -7.082479e-02 -2.322688e-02
      vertex   -5.808964e-02 -7.140302e-02 -1.668998e-02
      vertex   -4.858711e-02 -7.071610e-02 -7.726313e-03
    endloop
  endfacet
  facet normal -1.968709e-01 -9.370136e-01 2.885262e-01
    outer loop
      vertex   -7.704946e-02 -7.009648e-02 -2.529384e-02
      vertex   -8.011996e-02 -7.036484e-02 -2.826046e-02
      vertex   -7.055381e-02 -7.082479e-02 -2.322688e-02
    endloop
  endfacet
  facet normal -3.751520e-01 -8.041820e-01 4.610339e-01
    outer loop
      vertex   -6.878586e-02 -6.923230e-02 -1.706221e-02
      vertex   -8.011996e-02 -7.036484e-02 -2.826046e-02
      vertex   -7.704946e-02 -7.009648e-02 -2.529384e-02
    endloop
  endfacet
  facet normal -2.190712e-01 -9.234218e-01 3.151191e-01
    outer loop
      vertex   -6.878586e-02 -6.923230e-02 -1.706221e-02
      vertex   -8.358399e-02 -6.836093e-02 -2.479643e-02
      vertex   -8.011996e-02 -7.036484e-02 -2.826046e-02
    endloop
  endfacet
  facet normal -2.390155e-01 -9.064215e-01 3.482407e-01
    outer loop
      vertex   -5.811675e-02 -6.778266e-02 -5.966235e-03
      vertex   -6.878586e-02 -6.923230e-02 -1.706221e-02
      vertex   -3.339215e-02 -6.887663e-02 8.156079e-03
    endloop
  endfacet
  facet normal -2.331218e-01 -9.099356e-01 3.430327e-01
    outer loop
      vertex   -7.529007e-02 -6.790243e-02 -1.795476e-02
      vertex   -6.878586e-02 -6.923230e-02 -1.706221e-02
      vertex   -5.811675e-02 -6.778266e-02 -5.966235e-03
    endloop
  endfacet
  facet normal -2.331547e-01 -9.097091e-01 3.436105e-01
    outer loop
      vertex   -7.529007e-02 -6.790243e-02 -1.795476e-02
      vertex   -8.358399e-02 -6.836093e-02 -2.479643e-02
      vertex   -6.878586e-02 -6.923230e-02 -1.706221e-02
    endloop
  endfacet
  facet normal -3.996782e-01 -7.447459e-01 5.344257e-01
    outer loop
      vertex   -5.490956e-02 -6.642276e-02 -6.509126e-04
      vertex   -8.358399e-02 -6.836093e-02 -2.479643e-02
      vertex   -7.529007e-02 -6.790243e-02 -1.795476e-02
    endloop
  endfacet
  facet normal -2.571976e-01 -8.898429e-01 3.768674e-01
    outer loop
      vertex   -5.490956e-02 -6.642276e-02 -6.509126e-04
      vertex   -8.734334e-02 -6.568217e-02 -2.103708e-02
      vertex   -8.358399e-02 -6.836093e-02 -2.479643e-02
    endloop
  endfacet
  facet normal -2.751026e-01 -8.714731e-01 4.060212e-01
    outer loop
      vertex   -8.096955e-02 -6.509580e-02 -1.545990e-02
      vertex   -8.734334e-02 -6.568217e-02 -2.103708e-02
      vertex   -5.490956e-02 -6.642276e-02 -6.509126e-04
    endloop
  endfacet
  facet normal -3.447420e-01 -8.073655e-01 4.788673e-01
    outer loop
      vertex   -7.236615e-02 -6.346087e-02 -6.509729e-03
      vertex   -8.734334e-02 -6.568217e-02 -2.103708e-02
      vertex   -8.096955e-02 -6.509580e-02 -1.545990e-02
    endloop
  endfacet
  facet normal -3.076228e-01 -8.406709e-01 4.456913e-01
    outer loop
      vertex   -7.236615e-02 -6.346087e-02 -6.509729e-03
      vertex   -9.287216e-02 -6.072787e-02 -1.550826e-02
      vertex   -8.734334e-02 -6.568217e-02 -2.103708e-02
    endloop
  endfacet
  facet normal -3.186257e-01 -8.188938e-01 4.773789e-01
    outer loop
      vertex   -7.400856e-02 -6.110928e-02 -3.572050e-03
      vertex   -9.287216e-02 -6.072787e-02 -1.550826e-02
      vertex   -7.236615e-02 -6.346087e-02 -6.509729e-03
    endloop
  endfacet
  facet normal -3.437830e-01 -7.830693e-01 5.182814e-01
    outer loop
      vertex   -6.465497e-02 -5.864502e-02 6.355549e-03
      vertex   -9.287216e-02 -6.072787e-02 -1.550826e-02
      vertex   -7.400856e-02 -6.110928e-02 -3.572050e-03
    endloop
  endfacet
  facet normal -3.444810e-01 -7.822192e-01 5.191011e-01
    outer loop
      vertex   -6.465497e-02 -5.864502e-02 6.355549e-03
      vertex   -9.619036e-02 -5.706452e-02 -1.219006e-02
      vertex   -9.287216e-02 -6.072787e-02 -1.550826e-02
    endloop
  endfacet
  facet normal -3.649684e-01 -7.460037e-01 5.570248e-01
    outer loop
      vertex   -7.791502e-02 -5.609278e-02 1.085554e-03
      vertex   -9.619036e-02 -5.706452e-02 -1.219006e-02
      vertex   -6.465497e-02 -5.864502e-02 6.355549e-03
    endloop
  endfacet
  facet normal -3.851529e-01 -7.157418e-01 5.825554e-01
    outer loop
      vertex   -5.051720e-02 -5.343148e-02 2.216289e-02
      vertex   -3.176144e-02 -5.789848e-02 2.907488e-02
      vertex   -2.592387e-02 -5.552701e-02 3.584801e-02
    endloop
  endfacet
  facet normal -3.865597e-01 -7.073575e-01 5.917913e-01
    outer loop
      vertex   -5.051720e-02 -5.343148e-02 2.216289e-02
      vertex   -7.791502e-02 -5.609278e-02 1.085554e-03
      vertex   -3.176144e-02 -5.789848e-02 2.907488e-02
    endloop
  endfacet
  facet normal -3.822793e-01 -7.136319e-01 5.870196e-01
    outer loop
      vertex   -7.424952e-02 -5.333674e-02 6.823082e-03
      vertex   -7.791502e-02 -5.609278e-02 1.085554e-03
      vertex   -5.051720e-02 -5.343148e-02 2.216289e-02
    endloop
  endfacet
  facet normal -3.754642e-01 -7.305714e-01 5.703438e-01
    outer loop
      vertex   -9.895096e-02 -5.349061e-02 -9.429454e-03
      vertex   -9.619036e-02 -5.706452e-02 -1.219006e-02
      vertex   -7.791502e-02 -5.609278e-02 1.085554e-03
    endloop
  endfacet
  facet normal -4.008875e-01 -6.991867e-01 5.919689e-01
    outer loop
      vertex   -8.137055e-02 -5.103757e-02 4.716242e-03
      vertex   -7.791502e-02 -5.609278e-02 1.085554e-03
      vertex   -7.424952e-02 -5.333674e-02 6.823082e-03
    endloop
  endfacet
  facet normal -3.835454e-01 -6.971750e-01 6.056731e-01
    outer loop
      vertex   -8.748453e-02 -5.389524e-02 -2.444844e-03
      vertex   -7.791502e-02 -5.609278e-02 1.085554e-03
      vertex   -8.137055e-02 -5.103757e-02 4.716242e-03
    endloop
  endfacet
  facet normal -3.798075e-01 -7.191581e-01 5.818573e-01
    outer loop
      vertex   -8.748453e-02 -5.389524e-02 -2.444844e-03
      vertex   -9.895096e-02 -5.349061e-02 -9.429454e-03
      vertex   -7.791502e-02 -5.609278e-02 1.085554e-03
    endloop
  endfacet
  facet normal -4.065266e-01 -6.665824e-01 6.248232e-01
    outer loop
      vertex   -4.408634e-02 -5.136530e-02 2.855125e-02
      vertex   -7.424952e-02 -5.333674e-02 6.823082e-03
      vertex   -5.051720e-02 -5.343148e-02 2.216289e-02
    endloop
  endfacet
  facet normal -4.011463e-01 -6.759478e-01 6.182040e-01
    outer loop
      vertex   -8.137055e-02 -5.103757e-02 4.716242e-03
      vertex   -7.424952e-02 -5.333674e-02 6.823082e-03
      vertex   -4.408634e-02 -5.136530e-02 2.855125e-02
    endloop
  endfacet
  facet normal -3.968479e-01 -6.842099e-01 6.118567e-01
    outer loop
      vertex   -8.137055e-02 -5.103757e-02 4.716242e-03
      vertex   -9.895096e-02 -5.349061e-02 -9.429454e-03
      vertex   -8.748453e-02 -5.389524e-02 -2.444844e-03
    endloop
  endfacet
  facet normal -4.033991e-01 -6.745037e-01 6.183154e-01
    outer loop
      vertex   -1.018237e-01 -4.913908e-02 -6.556711e-03
      vertex   -9.895096e-02 -5.349061e-02 -9.429454e-03
      vertex   -8.137055e-02 -5.103757e-02 4.716242e-03
    endloop
  endfacet
  facet normal -4.184049e-01 -6.387431e-01 6.457125e-01
    outer loop
      vertex   -5.797060e-02 -4.887583e-02 2.201722e-02
      vertex   -8.137055e-02 -5.103757e-02 4.716242e-03
      vertex   -4.408634e-02 -5.136530e-02 2.855125e-02
    endloop
  endfacet
  facet normal -4.140186e-01 -6.447119e-01 6.426003e-01
    outer loop
      vertex   -9.865393e-02 -4.814493e-02 -3.517057e-03
      vertex   -1.018237e-01 -4.913908e-02 -6.556711e-03
      vertex   -8.137055e-02 -5.103757e-02 4.716242e-03
    endloop
  endfacet
  facet normal -3.967593e-01 -6.565195e-01 6.415326e-01
    outer loop
      vertex   -5.010246e-02 -4.710447e-02 2.869604e-02
      vertex   -5.797060e-02 -4.887583e-02 2.201722e-02
      vertex   -3.283304e-02 -4.500016e-02 4.152988e-02
    endloop
  endfacet
  facet normal -4.237488e-01 -6.290374e-01 6.517276e-01
    outer loop
      vertex   -7.231362e-02 -4.696727e-02 1.453359e-02
      vertex   -8.137055e-02 -5.103757e-02 4.716242e-03
      vertex   -5.797060e-02 -4.887583e-02 2.201722e-02
    endloop
  endfacet
  facet normal -4.080185e-01 -6.466288e-01 6.445092e-01
    outer loop
      vertex   -7.231362e-02 -4.696727e-02 1.453359e-02
      vertex   -8.421057e-02 -4.872428e-02 5.239217e-03
      vertex   -8.137055e-02 -5.103757e-02 4.716242e-03
    endloop
  endfacet
  facet normal -4.125881e-01 -6.506563e-01 6.375088e-01
    outer loop
      vertex   -8.421057e-02 -4.872428e-02 5.239217e-03
      vertex   -9.865393e-02 -4.814493e-02 -3.517057e-03
      vertex   -8.137055e-02 -5.103757e-02 4.716242e-03
    endloop
  endfacet
  facet normal -4.668222e-01 -4.884328e-01 7.372316e-01
    outer loop
      vertex   -8.480031e-02 -3.643892e-02 1.450836e-02
      vertex   -1.077752e-01 -3.729267e-02 -6.051984e-04
      vertex   -1.003308e-01 -3.903952e-02 2.951318e-03
    endloop
  endfacet
  facet normal -4.813956e-01 -4.422110e-01 7.567745e-01
    outer loop
      vertex   -8.480031e-02 -3.643892e-02 1.450836e-02
      vertex   -1.103049e-01 -3.020974e-02 1.924459e-03
      vertex   -1.077752e-01 -3.729267e-02 -6.051984e-04
    endloop
  endfacet
  facet normal -4.816170e-01 -4.351258e-01 7.607303e-01
    outer loop
      vertex   -8.965706e-02 -3.121713e-02 1.442035e-02
      vertex   -1.103049e-01 -3.020974e-02 1.924459e-03
      vertex   -8.480031e-02 -3.643892e-02 1.450836e-02
    endloop
  endfacet
  facet normal -4.927860e-01 -3.779201e-01 7.837974e-01
    outer loop
      vertex   -6.942617e-02 -2.822072e-02 2.858460e-02
      vertex   -1.103049e-01 -3.020974e-02 1.924459e-03
      vertex   -8.965706e-02 -3.121713e-02 1.442035e-02
    endloop
  endfacet
  facet normal -4.969106e-01 -3.615471e-01 7.889002e-01
    outer loop
      vertex   -6.942617e-02 -2.822072e-02 2.858460e-02
      vertex   -1.118604e-01 -2.467782e-02 3.479937e-03
      vertex   -1.103049e-01 -3.020974e-02 1.924459e-03
    endloop
  endfacet
  facet normal -5.014173e-01 -3.256402e-01 8.015854e-01
    outer loop
      vertex   -1.002125e-01 -2.402401e-02 1.103162e-02
      vertex   -1.118604e-01 -2.467782e-02 3.479937e-03
      vertex   -6.942617e-02 -2.822072e-02 2.858460e-02
    endloop
  endfacet
  facet normal -5.079508e-01 -2.829045e-01 8.136037e-01
    outer loop
      vertex   -9.216247e-02 -2.024944e-02 1.736995e-02
      vertex   -1.002125e-01 -2.402401e-02 1.103162e-02
      vertex   -6.959143e-02 -2.523040e-02 2.972958e-02
    endloop
  endfacet
  facet normal -5.122840e-01 -2.741396e-01 8.138874e-01
    outer loop
      vertex   -9.216247e-02 -2.024944e-02 1.736995e-02
      vertex   -1.118604e-01 -2.467782e-02 3.479937e-03
      vertex   -1.002125e-01 -2.402401e-02 1.103162e-02
    endloop
  endfacet
  facet normal -5.075712e-01 -2.886359e-01 8.118256e-01
    outer loop
      vertex   -1.129665e-01 -1.962139e-02 4.586100e-03
      vertex   -1.118604e-01 -2.467782e-02 3.479937e-03
      vertex   -9.216247e-02 -2.024944e-02 1.736995e-02
    endloop
  endfacet
  facet normal -5.135269e-01 -2.358856e-01 8.250140e-01
    outer loop
      vertex   -7.822455e-02 -1.655529e-02 2.710178e-02
      vertex   -9.633533e-02 -1.694723e-02 1.571673e-02
      vertex   -9.216247e-02 -2.024944e-02 1.736995e-02
    endloop
  endfacet
  facet normal -5.138636e-01 -2.365049e-01 8.246269e-01
    outer loop
      vertex   -9.633533e-02 -1.694723e-02 1.571673e-02
      vertex   -1.129665e-01 -1.962139e-02 4.586100e-03
      vertex   -9.216247e-02 -2.024944e-02 1.736995e-02
    endloop
  endfacet
  facet normal -5.174244e-01 -2.219379e-01 8.264476e-01
    outer loop
      vertex   -1.138177e-01 -1.446720e-02 5.437304e-03
      vertex   -1.129665e-01 -1.962139e-02 4.586100e-03
      vertex   -9.633533e-02 -1.694723e-02 1.571673e-02
    endloop
  endfacet
  facet normal -5.199545e-01 -1.866817e-01 8.335450e-01
    outer loop
      vertex   -8.747961e-02 -1.244493e-02 2.224915e-02
      vertex   -9.633533e-02 -1.694723e-02 1.571673e-02
      vertex   -7.822455e-02 -1.655529e-02 2.710178e-02
    endloop
  endfacet
  facet normal -5.227423e-01 -1.650895e-01 8.363528e-01
    outer loop
      vertex   -7.456441e-02 -1.007360e-02 3.066889e-02
      vertex   -7.822455e-02 -1.655529e-02 2.710178e-02
      vertex   -4.704077e-02 -1.465613e-02 4.696733e-02
    endloop
  endfacet
  facet normal -5.159334e-01 -1.706444e-01 8.394600e-01
    outer loop
      vertex   -8.747961e-02 -1.244493e-02 2.224915e-02
      vertex   -7.822455e-02 -1.655529e-02 2.710178e-02
      vertex   -7.456441e-02 -1.007360e-02 3.066889e-02
    endloop
  endfacet
  facet normal -5.182071e-01 -1.904580e-01 8.337788e-01
    outer loop
      vertex   -8.747961e-02 -1.244493e-02 2.224915e-02
      vertex   -1.064286e-01 -1.290353e-02 1.036728e-02
      vertex   -9.633533e-02 -1.694723e-02 1.571673e-02
    endloop
  endfacet
  facet normal -5.174984e-01 -1.871026e-01 8.349779e-01
    outer loop
      vertex   -1.064286e-01 -1.290353e-02 1.036728e-02
      vertex   -1.138177e-01 -1.446720e-02 5.437304e-03
      vertex   -9.633533e-02 -1.694723e-02 1.571673e-02
    endloop
  endfacet
  facet normal -5.291169e-01 -1.389004e-01 8.371033e-01
    outer loop
      vertex   -1.145499e-01 -7.265681e-03 6.169466e-03
      vertex   -1.138177e-01 -1.446720e-02 5.437304e-03
      vertex   -1.064286e-01 -1.290353e-02 1.036728e-02
    endloop
  endfacet
  facet normal -5.243609e-01 -1.313137e-01 8.413099e-01
    outer loop
      vertex   -7.456441e-02 -1.007360e-02 3.066889e-02
      vertex   -1.064286e-01 -1.290353e-02 1.036728e-02
      vertex   -8.747961e-02 -1.244493e-02 2.224915e-02
    endloop
  endfacet
  facet normal -5.246428e-01 -1.292119e-01 8.414595e-01
    outer loop
      vertex   -7.456441e-02 -1.007360e-02 3.066889e-02
      vertex   -1.145499e-01 -7.265681e-03 6.169466e-03
      vertex   -1.064286e-01 -1.290353e-02 1.036728e-02
    endloop
  endfacet
  facet normal -5.262389e-01 -9.889292e-02 8.445666e-01
    outer loop
      vertex   -9.720087e-02 -4.516876e-03 1.721505e-02
      vertex   -7.456441e-02 -1.007360e-02 3.066889e-02
      vertex   -5.488257e-02 -7.124458e-03 4.327773e-02
    endloop
  endfacet
  facet normal -5.249032e-01 -8.870533e-02 8.465270e-01
    outer loop
      vertex   -9.720087e-02 -4.516876e-03 1.721505e-02
      vertex   -1.145499e-01 -7.265681e-03 6.169466e-03
      vertex   -7.456441e-02 -1.007360e-02 3.066889e-02
    endloop
  endfacet
  facet normal -5.315927e-01 -4.382664e-02 8.458655e-01
    outer loop
      vertex   -1.000117e-01 -1.340003e-03 1.561317e-02
      vertex   -1.145499e-01 -7.265681e-03 6.169466e-03
      vertex   -9.720087e-02 -4.516876e-03 1.721505e-02
    endloop
  endfacet
  facet normal -5.267147e-01 -5.916517e-02 8.479806e-01
    outer loop
      vertex   -1.000117e-01 -1.340003e-03 1.561317e-02
      vertex   -1.148056e-01 -1.323430e-03 6.425213e-03
      vertex   -1.145499e-01 -7.265681e-03 6.169466e-03
    endloop
  endfacet
  facet normal -5.275865e-01 2.928756e-03 8.494963e-01
    outer loop
      vertex   -9.865121e-02 1.949158e-03 1.644677e-02
      vertex   -1.148056e-01 -1.323430e-03 6.425213e-03
      vertex   -1.000117e-01 -1.340003e-03 1.561317e-02
    endloop
  endfacet
  facet normal -5.306270e-01 2.484304e-02 8.472413e-01
    outer loop
      vertex   -9.865121e-02 1.949158e-03 1.644677e-02
      vertex   -1.146983e-01 4.627883e-03 6.317910e-03
      vertex   -1.148056e-01 -1.323430e-03 6.425213e-03
    endloop
  endfacet
  facet normal -5.272213e-01 4.924740e-02 8.482997e-01
    outer loop
      vertex   -9.292277e-02 5.285854e-03 1.981330e-02
      vertex   -1.146983e-01 4.627883e-03 6.317910e-03
      vertex   -9.865121e-02 1.949158e-03 1.644677e-02
    endloop
  endfacet
  facet normal -5.267055e-01 8.620436e-02 8.456655e-01
    outer loop
      vertex   -1.059510e-01 9.133732e-03 1.130666e-02
      vertex   -1.146983e-01 4.627883e-03 6.317910e-03
      vertex   -9.292277e-02 5.285854e-03 1.981330e-02
    endloop
  endfacet
  facet normal -5.328514e-01 1.047385e-01 8.397018e-01
    outer loop
      vertex   -1.059510e-01 9.133732e-03 1.130666e-02
      vertex   -1.141463e-01 1.186146e-02 5.765922e-03
      vertex   -1.146983e-01 4.627883e-03 6.317910e-03
    endloop
  endfacet
  facet normal -5.157393e-01 1.601114e-01 8.416516e-01
    outer loop
      vertex   -1.091460e-01 1.474250e-02 8.281916e-03
      vertex   -1.141463e-01 1.186146e-02 5.765922e-03
      vertex   -1.059510e-01 9.133732e-03 1.130666e-02
    endloop
  endfacet
  facet normal -5.238586e-01 1.585473e-01 8.369199e-01
    outer loop
      vertex   -4.588099e-02 1.681596e-02 4.720295e-02
      vertex   -4.431092e-02 9.778267e-03 4.951894e-02
      vertex   -1.947991e-02 1.415553e-02 6.423234e-02
    endloop
  endfacet
  facet normal -5.198360e-01 1.601677e-01 8.391167e-01
    outer loop
      vertex   -4.588099e-02 1.681596e-02 4.720295e-02
      vertex   -6.635886e-02 1.112949e-02 3.560225e-02
      vertex   -4.431092e-02 9.778267e-03 4.951894e-02
    endloop
  endfacet
  facet normal -5.201391e-01 1.625959e-01 8.384616e-01
    outer loop
      vertex   -4.588099e-02 1.681596e-02 4.720295e-02
      vertex   -8.854035e-02 1.248952e-02 2.157823e-02
      vertex   -6.635886e-02 1.112949e-02 3.560225e-02
    endloop
  endfacet
  facet normal -5.258977e-01 1.884305e-01 8.294127e-01
    outer loop
      vertex   -1.134243e-01 1.705492e-02 5.043868e-03
      vertex   -1.141463e-01 1.186146e-02 5.765922e-03
      vertex   -1.091460e-01 1.474250e-02 8.281916e-03
    endloop
  endfacet
  facet normal -5.198963e-01 1.784857e-01 8.353746e-01
    outer loop
      vertex   -8.875193e-02 1.555652e-02 2.079126e-02
      vertex   -8.854035e-02 1.248952e-02 2.157823e-02
      vertex   -4.588099e-02 1.681596e-02 4.720295e-02
    endloop
  endfacet
  facet normal -5.169379e-01 2.140049e-01 8.288409e-01
    outer loop
      vertex   -9.666371e-02 1.833582e-02 1.513917e-02
      vertex   -1.091460e-01 1.474250e-02 8.281916e-03
      vertex   -8.875193e-02 1.555652e-02 2.079126e-02
    endloop
  endfacet
  facet normal -5.162849e-01 2.080904e-01 8.307516e-01
    outer loop
      vertex   -9.666371e-02 1.833582e-02 1.513917e-02
      vertex   -1.134243e-01 1.705492e-02 5.043868e-03
      vertex   -1.091460e-01 1.474250e-02 8.281916e-03
    endloop
  endfacet
  facet normal -5.168616e-01 2.308003e-01 8.243696e-01
    outer loop
      vertex   -6.308922e-02 2.202179e-02 3.495628e-02
      vertex   -4.588099e-02 1.681596e-02 4.720295e-02
      vertex   -3.770036e-02 2.063959e-02 5.126152e-02
    endloop
  endfacet
  facet normal -5.145815e-01 2.373308e-01 8.239417e-01
    outer loop
      vertex   -6.308922e-02 2.202179e-02 3.495628e-02
      vertex   -8.875193e-02 1.555652e-02 2.079126e-02
      vertex   -4.588099e-02 1.681596e-02 4.720295e-02
    endloop
  endfacet
  facet normal -5.135414e-01 2.230934e-01 8.285557e-01
    outer loop
      vertex   -9.666371e-02 1.833582e-02 1.513917e-02
      vertex   -8.875193e-02 1.555652e-02 2.079126e-02
      vertex   -6.308922e-02 2.202179e-02 3.495628e-02
    endloop
  endfacet
  facet normal -5.124744e-01 2.628833e-01 8.174731e-01
    outer loop
      vertex   -1.122910e-01 2.278836e-02 3.910570e-03
      vertex   -1.134243e-01 1.705492e-02 5.043868e-03
      vertex   -9.666371e-02 1.833582e-02 1.513917e-02
    endloop
  endfacet
  facet normal -5.117788e-01 2.609471e-01 8.185286e-01
    outer loop
      vertex   -9.039778e-02 2.223605e-02 1.781350e-02
      vertex   -9.666371e-02 1.833582e-02 1.513917e-02
      vertex   -6.308922e-02 2.202179e-02 3.495628e-02
    endloop
  endfacet
  facet normal -5.129534e-01 2.640138e-01 8.168081e-01
    outer loop
      vertex   -1.079715e-01 2.360655e-02 6.334246e-03
      vertex   -9.666371e-02 1.833582e-02 1.513917e-02
      vertex   -9.039778e-02 2.223605e-02 1.781350e-02
    endloop
  endfacet
  facet normal -5.095584e-01 2.710161e-01 8.166398e-01
    outer loop
      vertex   -1.079715e-01 2.360655e-02 6.334246e-03
      vertex   -1.122910e-01 2.278836e-02 3.910570e-03
      vertex   -9.666371e-02 1.833582e-02 1.513917e-02
    endloop
  endfacet
  facet normal -5.075416e-01 2.819425e-01 8.141928e-01
    outer loop
      vertex   -5.291866e-02 2.487793e-02 4.030724e-02
      vertex   -6.308922e-02 2.202179e-02 3.495628e-02
      vertex   -3.770036e-02 2.063959e-02 5.126152e-02
    endloop
  endfacet
  facet normal -5.078420e-01 2.860505e-01 8.125710e-01
    outer loop
      vertex   -5.291866e-02 2.487793e-02 4.030724e-02
      vertex   -9.039778e-02 2.223605e-02 1.781350e-02
      vertex   -6.308922e-02 2.202179e-02 3.495628e-02
    endloop
  endfacet
  facet normal -5.195929e-01 2.906847e-01 8.034461e-01
    outer loop
      vertex   -9.648292e-02 2.686007e-02 1.220525e-02
      vertex   -9.039778e-02 2.223605e-02 1.781350e-02
      vertex   -9.061715e-02 2.438078e-02 1.689568e-02
    endloop
  endfacet
  facet normal -5.012279e-01 3.169530e-01 8.051778e-01
    outer loop
      vertex   -9.648292e-02 2.686007e-02 1.220525e-02
      vertex   -1.079715e-01 2.360655e-02 6.334246e-03
      vertex   -9.039778e-02 2.223605e-02 1.781350e-02
    endloop
  endfacet
  facet normal -4.839935e-01 4.329914e-01 7.604398e-01
    outer loop
      vertex   -1.082333e-01 3.613937e-02 -1.470790e-04
      vertex   -1.105047e-01 2.961131e-02 2.124312e-03
      vertex   -8.722673e-02 3.383538e-02 1.453479e-02
    endloop
  endfacet
  facet normal -4.736934e-01 4.613859e-01 7.501584e-01
    outer loop
      vertex   -8.976479e-02 3.790085e-02 1.043163e-02
      vertex   -1.082333e-01 3.613937e-02 -1.470790e-04
      vertex   -8.722673e-02 3.383538e-02 1.453479e-02
    endloop
  endfacet
  facet normal -4.648530e-01 5.045898e-01 7.275307e-01
    outer loop
      vertex   -1.060716e-01 4.124770e-02 -2.308808e-03
      vertex   -1.082333e-01 3.613937e-02 -1.470790e-04
      vertex   -8.976479e-02 3.790085e-02 1.043163e-02
    endloop
  endfacet
  facet normal -4.629215e-01 5.190988e-01 7.184985e-01
    outer loop
      vertex   -9.174947e-02 4.275360e-02 5.646922e-03
      vertex   -8.976479e-02 3.790085e-02 1.043163e-02
      vertex   -8.186978e-02 4.106995e-02 1.322871e-02
    endloop
  endfacet
  facet normal -4.550650e-01 5.238551e-01 7.200637e-01
    outer loop
      vertex   -9.174947e-02 4.275360e-02 5.646922e-03
      vertex   -1.060716e-01 4.124770e-02 -2.308808e-03
      vertex   -8.976479e-02 3.790085e-02 1.043163e-02
    endloop
  endfacet
  facet normal -4.462274e-01 5.612093e-01 6.970834e-01
    outer loop
      vertex   -1.007435e-01 4.423503e-02 -1.303140e-03
      vertex   -1.060716e-01 4.124770e-02 -2.308808e-03
      vertex   -9.174947e-02 4.275360e-02 5.646922e-03
    endloop
  endfacet
  facet normal -4.497692e-01 5.709931e-01 6.867856e-01
    outer loop
      vertex   -1.039039e-01 4.556245e-02 -4.476491e-03
      vertex   -1.060716e-01 4.124770e-02 -2.308808e-03
      vertex   -1.007435e-01 4.423503e-02 -1.303140e-03
    endloop
  endfacet
  facet normal -4.404346e-01 5.720873e-01 6.919057e-01
    outer loop
      vertex   -5.962003e-02 4.821762e-02 2.158121e-02
      vertex   -1.007435e-01 4.423503e-02 -1.303140e-03
      vertex   -9.174947e-02 4.275360e-02 5.646922e-03
    endloop
  endfacet
  facet normal -3.958009e-01 7.395008e-01 5.445000e-01
    outer loop
      vertex   -5.962003e-02 4.821762e-02 2.158121e-02
      vertex   -9.174947e-02 4.275360e-02 5.646922e-03
      vertex   -7.664407e-02 4.520011e-02 1.330447e-02
    endloop
  endfacet
  facet normal -4.356980e-01 5.892477e-01 6.804076e-01
    outer loop
      vertex   -5.962003e-02 4.821762e-02 2.158121e-02
      vertex   -1.039039e-01 4.556245e-02 -4.476491e-03
      vertex   -1.007435e-01 4.423503e-02 -1.303140e-03
    endloop
  endfacet
  facet normal -4.212207e-01 6.309073e-01 6.515590e-01
    outer loop
      vertex   -8.300291e-02 5.036038e-02 4.389770e-03
      vertex   -1.039039e-01 4.556245e-02 -4.476491e-03
      vertex   -5.962003e-02 4.821762e-02 2.158121e-02
    endloop
  endfacet
  facet normal -4.199835e-01 6.393743e-01 6.440608e-01
    outer loop
      vertex   -8.300291e-02 5.036038e-02 4.389770e-03
      vertex   -1.005725e-01 5.110658e-02 -7.807906e-03
      vertex   -1.039039e-01 4.556245e-02 -4.476491e-03
    endloop
  endfacet
  facet normal -4.020679e-01 6.734396e-01 6.203390e-01
    outer loop
      vertex   -8.485213e-02 5.288333e-02 4.522997e-04
      vertex   -1.005725e-01 5.110658e-02 -7.807906e-03
      vertex   -8.300291e-02 5.036038e-02 4.389770e-03
    endloop
  endfacet
  facet normal -3.893896e-01 7.083903e-01 5.886926e-01
    outer loop
      vertex   -8.270504e-02 5.518620e-02 -8.986315e-04
      vertex   -1.005725e-01 5.110658e-02 -7.807906e-03
      vertex   -8.485213e-02 5.288333e-02 4.522997e-04
    endloop
  endfacet
  facet normal -3.885919e-01 7.125641e-01 5.841650e-01
    outer loop
      vertex   -8.270504e-02 5.518620e-02 -8.986315e-04
      vertex   -9.653555e-02 5.661764e-02 -1.184487e-02
      vertex   -1.005725e-01 5.110658e-02 -7.807906e-03
    endloop
  endfacet
  facet normal -3.740261e-01 7.328134e-01 5.684092e-01
    outer loop
      vertex   -8.353304e-02 5.694774e-02 -3.714500e-03
      vertex   -9.653555e-02 5.661764e-02 -1.184487e-02
      vertex   -8.270504e-02 5.518620e-02 -8.986315e-04
    endloop
  endfacet
  facet normal -3.609844e-01 7.555711e-01 5.466284e-01
    outer loop
      vertex   -8.787330e-02 5.841676e-02 -8.611276e-03
      vertex   -9.653555e-02 5.661764e-02 -1.184487e-02
      vertex   -8.353304e-02 5.694774e-02 -3.714500e-03
    endloop
  endfacet
  facet normal -3.564638e-01 7.729661e-01 5.248400e-01
    outer loop
      vertex   -8.787330e-02 5.841676e-02 -8.611276e-03
      vertex   -9.325837e-02 6.035414e-02 -1.512205e-02
      vertex   -9.653555e-02 5.661764e-02 -1.184487e-02
    endloop
  endfacet
  facet normal -3.428668e-01 7.843328e-01 5.169763e-01
    outer loop
      vertex   -8.575166e-02 6.030975e-02 -1.007614e-02
      vertex   -9.325837e-02 6.035414e-02 -1.512205e-02
      vertex   -8.787330e-02 5.841676e-02 -8.611276e-03
    endloop
  endfacet
  facet normal -3.292564e-01 8.029251e-01 4.968918e-01
    outer loop
      vertex   -6.689167e-02 6.207278e-02 -4.277770e-04
      vertex   -9.325837e-02 6.035414e-02 -1.512205e-02
      vertex   -8.575166e-02 6.030975e-02 -1.007614e-02
    endloop
  endfacet
  facet normal -3.183614e-01 8.201916e-01 4.753228e-01
    outer loop
      vertex   -9.016960e-02 6.334308e-02 -1.821081e-02
      vertex   -9.325837e-02 6.035414e-02 -1.512205e-02
      vertex   -6.689167e-02 6.207278e-02 -4.277770e-04
    endloop
  endfacet
  facet normal -3.346611e-01 8.074387e-01 4.858443e-01
    outer loop
      vertex   -3.722005e-02 6.428646e-02 1.557878e-02
      vertex   -3.346995e-02 6.140822e-02 2.294537e-02
      vertex   -2.901956e-02 6.294302e-02 2.346017e-02
    endloop
  endfacet
  facet normal -3.207942e-01 8.153953e-01 4.818938e-01
    outer loop
      vertex   -3.722005e-02 6.428646e-02 1.557878e-02
      vertex   -6.689167e-02 6.207278e-02 -4.277770e-04
      vertex   -3.346995e-02 6.140822e-02 2.294537e-02
    endloop
  endfacet
  facet normal -3.065438e-01 8.329043e-01 4.607618e-01
    outer loop
      vertex   -7.055078e-02 6.448755e-02 -7.227274e-03
      vertex   -9.016960e-02 6.334308e-02 -1.821081e-02
      vertex   -6.689167e-02 6.207278e-02 -4.277770e-04
    endloop
  endfacet
  facet normal -3.113845e-01 8.301940e-01 4.624042e-01
    outer loop
      vertex   -7.055078e-02 6.448755e-02 -7.227274e-03
      vertex   -6.689167e-02 6.207278e-02 -4.277770e-04
      vertex   -3.722005e-02 6.428646e-02 1.557878e-02
    endloop
  endfacet
  facet normal -2.891174e-01 8.567090e-01 4.271543e-01
    outer loop
      vertex   -8.166978e-02 6.560786e-02 -1.700003e-02
      vertex   -9.016960e-02 6.334308e-02 -1.821081e-02
      vertex   -7.055078e-02 6.448755e-02 -7.227274e-03
    endloop
  endfacet
  facet normal -2.890680e-01 8.592441e-01 4.220655e-01
    outer loop
      vertex   -8.693944e-02 6.601645e-02 -2.144098e-02
      vertex   -9.016960e-02 6.334308e-02 -1.821081e-02
      vertex   -8.166978e-02 6.560786e-02 -1.700003e-02
    endloop
  endfacet
  facet normal -2.907076e-01 8.535380e-01 4.323911e-01
    outer loop
      vertex   -3.454759e-02 6.637450e-02 1.325376e-02
      vertex   -7.055078e-02 6.448755e-02 -7.227274e-03
      vertex   -3.722005e-02 6.428646e-02 1.557878e-02
    endloop
  endfacet
  facet normal -2.814966e-01 8.651153e-01 4.151327e-01
    outer loop
      vertex   -6.637039e-02 6.649810e-02 -8.582484e-03
      vertex   -7.055078e-02 6.448755e-02 -7.227274e-03
      vertex   -3.454759e-02 6.637450e-02 1.325376e-02
    endloop
  endfacet
  facet normal -2.801874e-01 8.642287e-01 4.178561e-01
    outer loop
      vertex   -6.637039e-02 6.649810e-02 -8.582484e-03
      vertex   -8.166978e-02 6.560786e-02 -1.700003e-02
      vertex   -7.055078e-02 6.448755e-02 -7.227274e-03
    endloop
  endfacet
  facet normal -2.602286e-01 8.880273e-01 3.790628e-01
    outer loop
      vertex   -6.877884e-02 6.771333e-02 -1.308279e-02
      vertex   -8.166978e-02 6.560786e-02 -1.700003e-02
      vertex   -6.637039e-02 6.649810e-02 -8.582484e-03
    endloop
  endfacet
  facet normal -2.594117e-01 8.898146e-01 3.754139e-01
    outer loop
      vertex   -7.788427e-02 6.825603e-02 -2.066101e-02
      vertex   -8.166978e-02 6.560786e-02 -1.700003e-02
      vertex   -6.877884e-02 6.771333e-02 -1.308279e-02
    endloop
  endfacet
  facet normal -2.527638e-01 8.890411e-01 3.817282e-01
    outer loop
      vertex   -7.788427e-02 6.825603e-02 -2.066101e-02
      vertex   -8.693944e-02 6.601645e-02 -2.144098e-02
      vertex   -8.166978e-02 6.560786e-02 -1.700003e-02
    endloop
  endfacet
  facet normal -2.529429e-01 8.934027e-01 3.712836e-01
    outer loop
      vertex   -8.358399e-02 6.836093e-02 -2.479643e-02
      vertex   -8.693944e-02 6.601645e-02 -2.144098e-02
      vertex   -7.788427e-02 6.825603e-02 -2.066101e-02
    endloop
  endfacet
  facet normal -2.623077e-01 8.838629e-01 3.872740e-01
    outer loop
      vertex   -3.123944e-02 6.839356e-02 1.088639e-02
      vertex   -6.637039e-02 6.649810e-02 -8.582484e-03
      vertex   -3.454759e-02 6.637450e-02 1.325376e-02
    endloop
  endfacet
  facet normal -2.459065e-01 9.015687e-01 3.559549e-01
    outer loop
      vertex   -5.647665e-02 6.931393e-02 -8.879508e-03
      vertex   -6.637039e-02 6.649810e-02 -8.582484e-03
      vertex   -3.123944e-02 6.839356e-02 1.088639e-02
    endloop
  endfacet
  facet normal -2.437077e-01 8.955624e-01 3.722560e-01
    outer loop
      vertex   -5.647665e-02 6.931393e-02 -8.879508e-03
      vertex   -6.877884e-02 6.771333e-02 -1.308279e-02
      vertex   -6.637039e-02 6.649810e-02 -8.582484e-03
    endloop
  endfacet
  facet normal -1.402879e-01 9.685351e-01 2.055701e-01
    outer loop
      vertex   -6.583197e-02 7.325692e-02 -3.032853e-02
      vertex   -7.611083e-02 7.218006e-02 -3.226959e-02
      vertex   -7.183617e-02 7.197081e-02 -2.836651e-02
    endloop
  endfacet
  facet normal -1.365124e-01 9.736364e-01 1.827469e-01
    outer loop
      vertex   -7.109917e-02 7.382340e-02 -3.728124e-02
      vertex   -7.611083e-02 7.218006e-02 -3.226959e-02
      vertex   -6.583197e-02 7.325692e-02 -3.032853e-02
    endloop
  endfacet
  facet normal -8.072444e-02 9.866354e-01 1.415424e-01
    outer loop
      vertex   -6.555383e-02 7.436983e-02 -3.792754e-02
      vertex   -7.109917e-02 7.382340e-02 -3.728124e-02
      vertex   -6.583197e-02 7.325692e-02 -3.032853e-02
    endloop
  endfacet
  facet normal -9.758175e-02 9.852288e-01 1.407194e-01
    outer loop
      vertex   -6.555383e-02 7.436983e-02 -3.792754e-02
      vertex   -6.583197e-02 7.325692e-02 -3.032853e-02
      vertex   -4.171976e-02 7.361281e-02 -1.609967e-02
    endloop
  endfacet
  facet normal -8.415259e-02 9.898158e-01 1.148173e-01
    outer loop
      vertex   -6.739378e-02 7.456825e-02 -4.098664e-02
      vertex   -7.109917e-02 7.382340e-02 -3.728124e-02
      vertex   -6.555383e-02 7.436983e-02 -3.792754e-02
    endloop
  endfacet
  facet normal -6.660063e-02 9.920123e-01 1.071261e-01
    outer loop
      vertex   -5.120701e-02 7.445302e-02 -2.977843e-02
      vertex   -6.555383e-02 7.436983e-02 -3.792754e-02
      vertex   -4.171976e-02 7.361281e-02 -1.609967e-02
    endloop
  endfacet
  facet normal -2.538730e-02 9.990823e-01 3.449629e-02
    outer loop
      vertex   -4.553425e-02 7.452116e-02 -2.757694e-02
      vertex   -6.555383e-02 7.436983e-02 -3.792754e-02
      vertex   -5.120701e-02 7.445302e-02 -2.977843e-02
    endloop
  endfacet
  facet normal -5.923680e-02 9.932173e-01 1.000519e-01
    outer loop
      vertex   -4.553425e-02 7.452116e-02 -2.757694e-02
      vertex   -6.739378e-02 7.456825e-02 -4.098664e-02
      vertex   -6.555383e-02 7.436983e-02 -3.792754e-02
    endloop
  endfacet
  facet normal -3.659001e-02 9.973331e-01 6.314918e-02
    outer loop
      vertex   -6.366046e-02 7.494161e-02 -4.471996e-02
      vertex   -6.739378e-02 7.456825e-02 -4.098664e-02
      vertex   -4.553425e-02 7.452116e-02 -2.757694e-02
    endloop
  endfacet
  facet normal -5.124111e-03 9.995388e-01 2.993276e-02
    outer loop
      vertex   -4.860607e-02 7.475560e-02 -3.593162e-02
      vertex   -6.366046e-02 7.494161e-02 -4.471996e-02
      vertex   -4.553425e-02 7.452116e-02 -2.757694e-02
    endloop
  endfacet
  facet normal 7.800840e-03 9.999391e-01 7.800840e-03
    outer loop
      vertex   -5.991782e-02 7.494161e-02 -4.846260e-02
      vertex   -6.366046e-02 7.494161e-02 -4.471996e-02
      vertex   -4.860607e-02 7.475560e-02 -3.593162e-02
    endloop
  endfacet
  facet normal 2.746001e-02 9.995734e-01 -9.950964e-03
    outer loop
      vertex   -4.696304e-02 7.469044e-02 -3.794341e-02
      vertex   -5.991782e-02 7.494161e-02 -4.846260e-02
      vertex   -4.860607e-02 7.475560e-02 -3.593162e-02
    endloop
  endfacet
  facet normal 5.298089e-02 9.977359e-01 -4.142475e-02
    outer loop
      vertex   -5.131236e-02 7.456470e-02 -4.653460e-02
      vertex   -5.991782e-02 7.494161e-02 -4.846260e-02
      vertex   -4.696304e-02 7.469044e-02 -3.794341e-02
    endloop
  endfacet
  facet normal 5.595558e-02 9.969249e-01 -5.486057e-02
    outer loop
      vertex   -5.131236e-02 7.456470e-02 -4.653460e-02
      vertex   -5.572118e-02 7.447512e-02 -5.265924e-02
      vertex   -5.991782e-02 7.494161e-02 -4.846260e-02
    endloop
  endfacet
  facet normal 1.019928e-01 9.908930e-01 -8.791223e-02
    outer loop
      vertex   -4.832051e-02 7.383889e-02 -5.124438e-02
      vertex   -5.572118e-02 7.447512e-02 -5.265924e-02
      vertex   -5.131236e-02 7.456470e-02 -4.653460e-02
    endloop
  endfacet
  facet normal 1.075032e-01 9.871260e-01 -1.184289e-01
    outer loop
      vertex   -4.832051e-02 7.383889e-02 -5.124438e-02
      vertex   -5.064265e-02 7.331275e-02 -5.773777e-02
      vertex   -5.572118e-02 7.447512e-02 -5.265924e-02
    endloop
  endfacet
  facet normal 1.579055e-01 9.780827e-01 -1.357207e-01
    outer loop
      vertex   -4.485695e-02 7.280875e-02 -5.463845e-02
      vertex   -5.064265e-02 7.331275e-02 -5.773777e-02
      vertex   -4.832051e-02 7.383889e-02 -5.124438e-02
    endloop
  endfacet
  facet normal 1.756572e-01 9.696208e-01 -1.702351e-01
    outer loop
      vertex   -4.485695e-02 7.280875e-02 -5.463845e-02
      vertex   -4.701368e-02 7.201819e-02 -6.136674e-02
      vertex   -5.064265e-02 7.331275e-02 -5.773777e-02
    endloop
  endfacet
  facet normal 1.979673e-01 9.641426e-01 -1.767428e-01
    outer loop
      vertex   -4.076470e-02 7.187815e-02 -5.513128e-02
      vertex   -4.701368e-02 7.201819e-02 -6.136674e-02
      vertex   -4.485695e-02 7.280875e-02 -5.463845e-02
    endloop
  endfacet
  facet normal 2.312721e-01 9.498568e-01 -2.104406e-01
    outer loop
      vertex   -4.076470e-02 7.187815e-02 -5.513128e-02
      vertex   -4.345832e-02 7.036484e-02 -6.492210e-02
      vertex   -4.701368e-02 7.201819e-02 -6.136674e-02
    endloop
  endfacet
  facet normal 2.374964e-01 9.480022e-01 -2.118663e-01
    outer loop
      vertex   -3.258567e-02 7.078444e-02 -5.085661e-02
      vertex   -4.345832e-02 7.036484e-02 -6.492210e-02
      vertex   -4.076470e-02 7.187815e-02 -5.513128e-02
    endloop
  endfacet
  facet normal 3.015579e-01 9.133438e-01 -2.736163e-01
    outer loop
      vertex   -2.009213e-02 6.930575e-02 -4.192616e-02
      vertex   -2.008346e-02 7.063915e-02 -3.746564e-02
      vertex   -1.207759e-02 7.035539e-02 -2.958942e-02
    endloop
  endfacet
  facet normal 3.034902e-01 9.127552e-01 -2.734441e-01
    outer loop
      vertex   -2.009213e-02 6.930575e-02 -4.192616e-02
      vertex   -3.258567e-02 7.078444e-02 -5.085661e-02
      vertex   -2.008346e-02 7.063915e-02 -3.746564e-02
    endloop
  endfacet
  facet normal 2.850216e-01 9.265977e-01 -2.453148e-01
    outer loop
      vertex   -3.551660e-02 6.966883e-02 -5.847583e-02
      vertex   -3.258567e-02 7.078444e-02 -5.085661e-02
      vertex   -2.009213e-02 6.930575e-02 -4.192616e-02
    endloop
  endfacet
  facet normal 2.789129e-01 9.289811e-01 -2.433139e-01
    outer loop
      vertex   -3.551660e-02 6.966883e-02 -5.847583e-02
      vertex   -4.345832e-02 7.036484e-02 -6.492210e-02
      vertex   -3.258567e-02 7.078444e-02 -5.085661e-02
    endloop
  endfacet
  facet normal 3.206855e-01 9.051554e-01 -2.790243e-01
    outer loop
      vertex   -3.014569e-02 6.800404e-02 -5.770357e-02
      vertex   -3.551660e-02 6.966883e-02 -5.847583e-02
      vertex   -2.009213e-02 6.930575e-02 -4.192616e-02
    endloop
  endfacet
  facet normal 2.936680e-01 9.191433e-01 -2.625542e-01
    outer loop
      vertex   -3.872854e-02 6.750260e-02 -6.965188e-02
      vertex   -4.345832e-02 7.036484e-02 -6.492210e-02
      vertex   -3.551660e-02 6.966883e-02 -5.847583e-02
    endloop
  endfacet
  facet normal 5.171860e-01 7.782992e-01 -3.560462e-01
    outer loop
      vertex   -2.753682e-02 5.906051e-02 -7.684569e-02
      vertex   -2.738791e-02 5.706452e-02 -8.099251e-02
      vertex   -3.031990e-02 6.035414e-02 -7.806052e-02
    endloop
  endfacet
  facet normal 5.483208e-01 7.610489e-01 -3.466251e-01
    outer loop
      vertex   -2.503172e-02 5.754908e-02 -7.620140e-02
      vertex   -2.738791e-02 5.706452e-02 -8.099251e-02
      vertex   -2.753682e-02 5.906051e-02 -7.684569e-02
    endloop
  endfacet
  facet normal 5.940179e-01 7.170591e-01 -3.646492e-01
    outer loop
      vertex   -2.503172e-02 5.754908e-02 -7.620140e-02
      vertex   -2.364942e-02 5.206638e-02 -8.473100e-02
      vertex   -2.738791e-02 5.706452e-02 -8.099251e-02
    endloop
  endfacet
  facet normal 6.044552e-01 7.110991e-01 -3.591268e-01
    outer loop
      vertex   -2.269313e-02 5.288706e-02 -8.149643e-02
      vertex   -2.364942e-02 5.206638e-02 -8.473100e-02
      vertex   -2.503172e-02 5.754908e-02 -7.620140e-02
    endloop
  endfacet
  facet normal 6.603459e-01 6.578707e-01 -3.621455e-01
    outer loop
      vertex   -2.115493e-02 5.160875e-02 -8.101378e-02
      vertex   -2.364942e-02 5.206638e-02 -8.473100e-02
      vertex   -2.269313e-02 5.288706e-02 -8.149643e-02
    endloop
  endfacet
  facet normal 6.718035e-01 6.405639e-01 -3.719650e-01
    outer loop
      vertex   -2.115493e-02 5.160875e-02 -8.101378e-02
      vertex   -1.997162e-02 4.607358e-02 -8.840880e-02
      vertex   -2.364942e-02 5.206638e-02 -8.473100e-02
    endloop
  endfacet
  facet normal 7.108180e-01 6.129319e-01 -3.450395e-01
    outer loop
      vertex   -1.847891e-02 4.767096e-02 -8.249605e-02
      vertex   -1.997162e-02 4.607358e-02 -8.840880e-02
      vertex   -2.115493e-02 5.160875e-02 -8.101378e-02
    endloop
  endfacet
  facet normal 7.553030e-01 5.592131e-01 -3.417575e-01
    outer loop
      vertex   -1.737246e-02 4.494618e-02 -8.450925e-02
      vertex   -1.997162e-02 4.607358e-02 -8.840880e-02
      vertex   -1.847891e-02 4.767096e-02 -8.249605e-02
    endloop
  endfacet
  facet normal 7.689641e-01 5.284614e-01 -3.597536e-01
    outer loop
      vertex   -1.647719e-02 4.306269e-02 -8.536239e-02
      vertex   -1.997162e-02 4.607358e-02 -8.840880e-02
      vertex   -1.737246e-02 4.494618e-02 -8.450925e-02
    endloop
  endfacet
  facet normal 7.639907e-01 5.567776e-01 -3.260627e-01
    outer loop
      vertex   -1.750666e-02 4.124770e-02 -9.087376e-02
      vertex   -1.997162e-02 4.607358e-02 -8.840880e-02
      vertex   -1.647719e-02 4.306269e-02 -8.536239e-02
    endloop
  endfacet
  facet normal 8.091016e-01 4.963708e-01 -3.145961e-01
    outer loop
      vertex   -1.636691e-02 4.021207e-02 -8.957648e-02
      vertex   -1.750666e-02 4.124770e-02 -9.087376e-02
      vertex   -1.647719e-02 4.306269e-02 -8.536239e-02
    endloop
  endfacet
  facet normal 8.108740e-01 4.882525e-01 -3.226342e-01
    outer loop
      vertex   -1.555959e-02 3.672746e-02 -9.282083e-02
      vertex   -1.750666e-02 4.124770e-02 -9.087376e-02
      vertex   -1.636691e-02 4.021207e-02 -8.957648e-02
    endloop
  endfacet
  facet normal 8.342135e-01 4.667207e-01 -2.937001e-01
    outer loop
      vertex   -1.462936e-02 3.818362e-02 -8.786463e-02
      vertex   -1.555959e-02 3.672746e-02 -9.282083e-02
      vertex   -1.636691e-02 4.021207e-02 -8.957648e-02
    endloop
  endfacet
  facet normal 8.640454e-01 4.154870e-01 -2.842464e-01
    outer loop
      vertex   -1.382706e-02 3.465365e-02 -9.058562e-02
      vertex   -1.555959e-02 3.672746e-02 -9.282083e-02
      vertex   -1.462936e-02 3.818362e-02 -8.786463e-02
    endloop
  endfacet
  facet normal 8.636812e-01 4.180445e-01 -2.815912e-01
    outer loop
      vertex   -1.384284e-02 3.202425e-02 -9.453758e-02
      vertex   -1.555959e-02 3.672746e-02 -9.282083e-02
      vertex   -1.382706e-02 3.465365e-02 -9.058562e-02
    endloop
  endfacet
  facet normal 8.943994e-01 3.707227e-01 -2.502287e-01
    outer loop
      vertex   -1.273798e-02 3.203614e-02 -9.057083e-02
      vertex   -1.384284e-02 3.202425e-02 -9.453758e-02
      vertex   -1.382706e-02 3.465365e-02 -9.058562e-02
    endloop
  endfacet
  facet normal 9.077201e-01 3.340884e-01 -2.538290e-01
    outer loop
      vertex   -1.195765e-02 2.886014e-02 -9.196055e-02
      vertex   -1.384284e-02 3.202425e-02 -9.453758e-02
      vertex   -1.273798e-02 3.203614e-02 -9.057083e-02
    endloop
  endfacet
  facet normal 9.072235e-01 3.476838e-01 -2.367732e-01
    outer loop
      vertex   -1.195765e-02 2.886014e-02 -9.196055e-02
      vertex   -1.236494e-02 2.716149e-02 -9.601547e-02
      vertex   -1.384284e-02 3.202425e-02 -9.453758e-02
    endloop
  endfacet
  facet normal 9.325968e-01 2.898296e-01 -2.150860e-01
    outer loop
      vertex   -1.090556e-02 2.667140e-02 -9.034811e-02
      vertex   -1.236494e-02 2.716149e-02 -9.601547e-02
      vertex   -1.195765e-02 2.886014e-02 -9.196055e-02
    endloop
  endfacet
  facet normal 9.387387e-01 2.663468e-01 -2.186983e-01
    outer loop
      vertex   -1.077253e-02 2.368832e-02 -9.341008e-02
      vertex   -1.236494e-02 2.716149e-02 -9.601547e-02
      vertex   -1.090556e-02 2.667140e-02 -9.034811e-02
    endloop
  endfacet
  facet normal 9.388015e-01 2.695917e-01 -2.144111e-01
    outer loop
      vertex   -1.077253e-02 2.368832e-02 -9.341008e-02
      vertex   -1.075007e-02 2.025364e-02 -9.763035e-02
      vertex   -1.236494e-02 2.716149e-02 -9.601547e-02
    endloop
  endfacet
  facet normal 9.601709e-01 2.191934e-01 -1.732806e-01
    outer loop
      vertex   -9.889384e-03 1.976207e-02 -9.348301e-02
      vertex   -1.075007e-02 2.025364e-02 -9.763035e-02
      vertex   -1.077253e-02 2.368832e-02 -9.341008e-02
    endloop
  endfacet
  facet normal 9.646432e-01 1.952370e-01 -1.770481e-01
    outer loop
      vertex   -9.889384e-03 1.976207e-02 -9.348301e-02
      vertex   -9.760546e-03 1.446720e-02 -9.861987e-02
      vertex   -1.075007e-02 2.025364e-02 -9.763035e-02
    endloop
  endfacet
  facet normal 9.735401e-01 1.708818e-01 -1.517207e-01
    outer loop
      vertex   -9.666022e-03 1.638691e-02 -9.585119e-02
      vertex   -9.760546e-03 1.446720e-02 -9.861987e-02
      vertex   -9.889384e-03 1.976207e-02 -9.348301e-02
    endloop
  endfacet
  facet normal 9.805285e-01 1.441131e-01 -1.333987e-01
    outer loop
      vertex   -8.950595e-03 1.263515e-02 -9.464564e-02
      vertex   -9.760546e-03 1.446720e-02 -9.861987e-02
      vertex   -9.666022e-03 1.638691e-02 -9.585119e-02
    endloop
  endfacet
  facet normal 9.817388e-01 1.272255e-01 -1.414303e-01
    outer loop
      vertex   -8.950595e-03 1.263515e-02 -9.464564e-02
      vertex   -9.168548e-03 9.240940e-03 -9.921187e-02
      vertex   -9.760546e-03 1.446720e-02 -9.861987e-02
    endloop
  endfacet
  facet normal 9.880991e-01 9.707170e-02 -1.193196e-01
    outer loop
      vertex   -8.495682e-03 8.861780e-03 -9.394826e-02
      vertex   -9.168548e-03 9.240940e-03 -9.921187e-02
      vertex   -8.950595e-03 1.263515e-02 -9.464564e-02
    endloop
  endfacet
  facet normal 9.908263e-01 5.694335e-02 -1.225589e-01
    outer loop
      vertex   -8.495682e-03 8.861780e-03 -9.394826e-02
      vertex   -8.797413e-03 1.984320e-03 -9.958301e-02
      vertex   -9.168548e-03 9.240940e-03 -9.921187e-02
    endloop
  endfacet
  facet normal 9.888394e-01 6.603616e-02 -1.335506e-01
    outer loop
      vertex   -8.426217e-03 4.124705e-03 -9.577624e-02
      vertex   -8.797413e-03 1.984320e-03 -9.958301e-02
      vertex   -8.495682e-03 8.861780e-03 -9.394826e-02
    endloop
  endfacet
  facet normal 7.482748e-01 5.630450e-01 -3.508065e-01
    outer loop
      vertex   -1.737246e-02 4.494618e-02 -8.450925e-02
      vertex   -1.847891e-02 4.767096e-02 -8.249605e-02
      vertex   -1.503494e-02 4.685915e-02 -7.645298e-02
    endloop
  endfacet
  facet normal 9.179375e-01 3.157590e-01 -2.401812e-01
    outer loop
      vertex   -1.073699e-02 3.062181e-02 -8.497933e-02
      vertex   -1.195765e-02 2.886014e-02 -9.196055e-02
      vertex   -1.201950e-02 3.276865e-02 -8.705850e-02
    endloop
  endfacet
  facet normal 9.323428e-01 2.766372e-01 -2.328278e-01
    outer loop
      vertex   -1.090556e-02 2.667140e-02 -9.034811e-02
      vertex   -1.195765e-02 2.886014e-02 -9.196055e-02
      vertex   -1.073699e-02 3.062181e-02 -8.497933e-02
    endloop
  endfacet
  facet normal 9.865743e-01 9.479983e-02 -1.329819e-01
    outer loop
      vertex   -8.495682e-03 8.861780e-03 -9.394826e-02
      vertex   -8.215557e-03 1.599853e-02 -8.678242e-02
      vertex   -7.723245e-03 1.195518e-02 -8.601244e-02
    endloop
  endfacet
  facet normal 9.937269e-01 2.249864e-02 -1.095479e-01
    outer loop
      vertex   -8.797413e-03 1.984320e-03 -9.958301e-02
      vertex   -8.426217e-03 4.124705e-03 -9.577624e-02
      vertex   -7.621782e-03 1.896630e-03 -8.893667e-02
    endloop
  endfacet
  facet normal 9.900734e-01 5.134524e-02 -1.308374e-01
    outer loop
      vertex   -6.828427e-03 1.051340e-02 -7.980697e-02
      vertex   -7.723245e-03 1.195518e-02 -8.601244e-02
      vertex   -6.820065e-03 1.623325e-02 -7.749902e-02
    endloop
  endfacet
  facet normal 9.941727e-01 -2.501636e-03 -1.077701e-01
    outer loop
      vertex   -7.621782e-03 1.896630e-03 -8.893667e-02
      vertex   -5.999998e-03 -3.274620e-04 -7.392420e-02
      vertex   -7.539390e-03 -2.744172e-03 -8.806889e-02
    endloop
  endfacet
  facet normal 9.943386e-01 1.571925e-02 -1.050887e-01
    outer loop
      vertex   -7.182946e-03 5.831145e-03 -8.419592e-02
      vertex   -5.999998e-03 -3.274620e-04 -7.392420e-02
      vertex   -7.621782e-03 1.896630e-03 -8.893667e-02
    endloop
  endfacet
  facet normal 9.939546e-01 8.328724e-03 -1.094756e-01
    outer loop
      vertex   -7.182946e-03 5.831145e-03 -8.419592e-02
      vertex   -5.999998e-03 1.143437e-02 -7.302938e-02
      vertex   -5.999998e-03 -3.274620e-04 -7.392420e-02
    endloop
  endfacet
  facet normal 9.909060e-01 4.412522e-02 -1.271148e-01
    outer loop
      vertex   -6.828427e-03 1.051340e-02 -7.980697e-02
      vertex   -5.999998e-03 1.143437e-02 -7.302938e-02
      vertex   -7.182946e-03 5.831145e-03 -8.419592e-02
    endloop
  endfacet
  facet normal 9.905198e-01 5.015406e-02 -1.278868e-01
    outer loop
      vertex   -6.820065e-03 1.623325e-02 -7.749902e-02
      vertex   -5.999998e-03 1.143437e-02 -7.302938e-02
      vertex   -6.828427e-03 1.051340e-02 -7.980697e-02
    endloop
  endfacet
  facet normal 9.886914e-01 3.262423e-02 -1.463724e-01
    outer loop
      vertex   -6.820065e-03 1.623325e-02 -7.749902e-02
      vertex   -6.000002e-03 2.135408e-02 -7.081844e-02
      vertex   -5.999998e-03 1.143437e-02 -7.302938e-02
    endloop
  endfacet
  facet normal 9.796583e-01 8.203552e-02 -1.831386e-01
    outer loop
      vertex   -6.925226e-03 2.099999e-02 -7.592633e-02
      vertex   -6.000002e-03 2.135408e-02 -7.081844e-02
      vertex   -6.820065e-03 1.623325e-02 -7.749902e-02
    endloop
  endfacet
  facet normal 9.781178e-01 9.726638e-02 -1.839154e-01
    outer loop
      vertex   -7.039532e-03 2.590441e-02 -7.394047e-02
      vertex   -6.000002e-03 2.135408e-02 -7.081844e-02
      vertex   -6.925226e-03 2.099999e-02 -7.592633e-02
    endloop
  endfacet
  facet normal 9.574410e-01 1.507472e-01 -2.461341e-01
    outer loop
      vertex   -7.474808e-03 3.174967e-02 -7.205367e-02
      vertex   -5.999998e-03 2.876065e-02 -6.814744e-02
      vertex   -7.039532e-03 2.590441e-02 -7.394047e-02
    endloop
  endfacet
  facet normal 9.563620e-01 1.297440e-01 -2.617982e-01
    outer loop
      vertex   -6.000002e-03 3.640110e-02 -6.436094e-02
      vertex   -5.999998e-03 2.876065e-02 -6.814744e-02
      vertex   -7.474808e-03 3.174967e-02 -7.205367e-02
    endloop
  endfacet
  facet normal 9.255339e-01 2.765985e-01 -2.586121e-01
    outer loop
      vertex   -1.050232e-02 3.498793e-02 -7.942520e-02
      vertex   -7.474808e-03 3.174967e-02 -7.205367e-02
      vertex   -9.429750e-03 3.185610e-02 -7.893629e-02
    endloop
  endfacet
  facet normal 9.337331e-01 2.050987e-01 -2.933889e-01
    outer loop
      vertex   -7.630147e-03 3.633535e-02 -6.934235e-02
      vertex   -7.474808e-03 3.174967e-02 -7.205367e-02
      vertex   -1.050232e-02 3.498793e-02 -7.942520e-02
    endloop
  endfacet
  facet normal 9.278417e-01 2.126149e-01 -3.064386e-01
    outer loop
      vertex   -7.630147e-03 3.633535e-02 -6.934235e-02
      vertex   -6.000002e-03 3.640110e-02 -6.436094e-02
      vertex   -7.474808e-03 3.174967e-02 -7.205367e-02
    endloop
  endfacet
  facet normal 9.033903e-01 3.078876e-01 -2.984817e-01
    outer loop
      vertex   -1.009188e-02 3.795621e-02 -7.512114e-02
      vertex   -7.630147e-03 3.633535e-02 -6.934235e-02
      vertex   -1.050232e-02 3.498793e-02 -7.942520e-02
    endloop
  endfacet
  facet normal 8.807980e-01 3.408810e-01 -3.286260e-01
    outer loop
      vertex   -1.080282e-02 4.090737e-02 -7.396543e-02
      vertex   -1.009188e-02 3.795621e-02 -7.512114e-02
      vertex   -1.275360e-02 4.003634e-02 -8.009749e-02
    endloop
  endfacet
  facet normal 8.729120e-01 3.452724e-01 -3.446905e-01
    outer loop
      vertex   -8.241402e-03 4.173288e-02 -6.665185e-02
      vertex   -1.009188e-02 3.795621e-02 -7.512114e-02
      vertex   -1.080282e-02 4.090737e-02 -7.396543e-02
    endloop
  endfacet
  facet normal 9.124048e-01 2.606322e-01 -3.155762e-01
    outer loop
      vertex   -8.241402e-03 4.173288e-02 -6.665185e-02
      vertex   -7.630147e-03 3.633535e-02 -6.934235e-02
      vertex   -1.009188e-02 3.795621e-02 -7.512114e-02
    endloop
  endfacet
  facet normal 9.178943e-01 2.553576e-01 -3.037475e-01
    outer loop
      vertex   -8.241402e-03 4.173288e-02 -6.665185e-02
      vertex   -6.000002e-03 3.640110e-02 -6.436094e-02
      vertex   -7.630147e-03 3.633535e-02 -6.934235e-02
    endloop
  endfacet
  facet normal 9.054003e-01 2.262598e-01 -3.592447e-01
    outer loop
      vertex   -5.999998e-03 4.306316e-02 -6.016502e-02
      vertex   -6.000002e-03 3.640110e-02 -6.436094e-02
      vertex   -8.241402e-03 4.173288e-02 -6.665185e-02
    endloop
  endfacet
  facet normal 8.274759e-01 4.394982e-01 -3.494639e-01
    outer loop
      vertex   -1.235422e-02 4.287163e-02 -7.558606e-02
      vertex   -1.275360e-02 4.003634e-02 -8.009749e-02
      vertex   -1.423507e-02 4.388197e-02 -7.876899e-02
    endloop
  endfacet
  facet normal 8.539959e-01 4.031018e-01 -3.289376e-01
    outer loop
      vertex   -1.235422e-02 4.287163e-02 -7.558606e-02
      vertex   -1.080282e-02 4.090737e-02 -7.396543e-02
      vertex   -1.275360e-02 4.003634e-02 -8.009749e-02
    endloop
  endfacet
  facet normal 8.538933e-01 3.912386e-01 -3.432179e-01
    outer loop
      vertex   -1.235422e-02 4.287163e-02 -7.558606e-02
      vertex   -8.241402e-03 4.173288e-02 -6.665185e-02
      vertex   -1.080282e-02 4.090737e-02 -7.396543e-02
    endloop
  endfacet
  facet normal 8.293525e-01 4.335192e-01 -3.524707e-01
    outer loop
      vertex   -1.236720e-02 4.718417e-02 -7.031243e-02
      vertex   -1.235422e-02 4.287163e-02 -7.558606e-02
      vertex   -1.423507e-02 4.388197e-02 -7.876899e-02
    endloop
  endfacet
  facet normal 8.207204e-01 4.432661e-01 -3.604625e-01
    outer loop
      vertex   -1.002611e-02 4.461659e-02 -6.813949e-02
      vertex   -1.235422e-02 4.287163e-02 -7.558606e-02
      vertex   -1.236720e-02 4.718417e-02 -7.031243e-02
    endloop
  endfacet
  facet normal 8.660078e-01 3.535515e-01 -3.535984e-01
    outer loop
      vertex   -1.002611e-02 4.461659e-02 -6.813949e-02
      vertex   -8.241402e-03 4.173288e-02 -6.665185e-02
      vertex   -1.235422e-02 4.287163e-02 -7.558606e-02
    endloop
  endfacet
  facet normal 8.634396e-01 3.440658e-01 -3.689049e-01
    outer loop
      vertex   -1.002611e-02 4.461659e-02 -6.813949e-02
      vertex   -5.999998e-03 4.306316e-02 -6.016502e-02
      vertex   -8.241402e-03 4.173288e-02 -6.665185e-02
    endloop
  endfacet
  facet normal 8.746449e-01 2.959582e-01 -3.839336e-01
    outer loop
      vertex   -5.999998e-03 4.722260e-02 -5.695869e-02
      vertex   -5.999998e-03 4.306316e-02 -6.016502e-02
      vertex   -1.002611e-02 4.461659e-02 -6.813949e-02
    endloop
  endfacet
  facet normal 7.858551e-01 4.971990e-01 -3.677294e-01
    outer loop
      vertex   -1.503494e-02 4.685915e-02 -7.645298e-02
      vertex   -1.236720e-02 4.718417e-02 -7.031243e-02
      vertex   -1.423507e-02 4.388197e-02 -7.876899e-02
    endloop
  endfacet
  facet normal 8.204404e-01 4.175232e-01 -3.905790e-01
    outer loop
      vertex   -8.797232e-03 4.725741e-02 -6.273515e-02
      vertex   -1.002611e-02 4.461659e-02 -6.813949e-02
      vertex   -1.236720e-02 4.718417e-02 -7.031243e-02
    endloop
  endfacet
  facet normal 8.161984e-01 4.238120e-01 -3.926875e-01
    outer loop
      vertex   -8.797232e-03 4.725741e-02 -6.273515e-02
      vertex   -5.999998e-03 4.722260e-02 -5.695869e-02
      vertex   -1.002611e-02 4.461659e-02 -6.813949e-02
    endloop
  endfacet
  facet normal 8.166807e-01 4.226586e-01 -3.929280e-01
    outer loop
      vertex   -9.204944e-03 5.071607e-02 -5.986220e-02
      vertex   -5.999998e-03 4.722260e-02 -5.695869e-02
      vertex   -8.797232e-03 4.725741e-02 -6.273515e-02
    endloop
  endfacet
  facet normal 8.146613e-01 3.926898e-01 -4.267572e-01
    outer loop
      vertex   -9.204944e-03 5.071607e-02 -5.986220e-02
      vertex   -6.000000e-03 5.253488e-02 -5.207049e-02
      vertex   -5.999998e-03 4.722260e-02 -5.695869e-02
    endloop
  endfacet
  facet normal 7.522185e-01 5.021541e-01 -4.266247e-01
    outer loop
      vertex   -9.640793e-03 5.397825e-02 -5.679098e-02
      vertex   -6.000000e-03 5.253488e-02 -5.207049e-02
      vertex   -9.204944e-03 5.071607e-02 -5.986220e-02
    endloop
  endfacet
  facet normal 7.601975e-01 4.778122e-01 -4.402217e-01
    outer loop
      vertex   -9.640793e-03 5.397825e-02 -5.679098e-02
      vertex   -6.000000e-03 5.653738e-02 -4.772621e-02
      vertex   -6.000000e-03 5.253488e-02 -5.207049e-02
    endloop
  endfacet
  facet normal 6.911107e-01 5.737252e-01 -4.395514e-01
    outer loop
      vertex   -1.010310e-02 5.703094e-02 -5.353332e-02
      vertex   -6.000000e-03 5.653738e-02 -4.772621e-02
      vertex   -9.640793e-03 5.397825e-02 -5.679098e-02
    endloop
  endfacet
  facet normal 6.957382e-01 5.649769e-01 -4.435645e-01
    outer loop
      vertex   -1.010310e-02 5.703094e-02 -5.353332e-02
      vertex   -6.000002e-03 5.978049e-02 -4.359540e-02
      vertex   -6.000000e-03 5.653738e-02 -4.772621e-02
    endloop
  endfacet
  facet normal 6.354658e-01 6.357056e-01 -4.382484e-01
    outer loop
      vertex   -1.170623e-02 5.990119e-02 -5.169442e-02
      vertex   -6.000002e-03 5.978049e-02 -4.359540e-02
      vertex   -1.010310e-02 5.703094e-02 -5.353332e-02
    endloop
  endfacet
  facet normal 5.015077e-01 7.928139e-01 -3.463181e-01
    outer loop
      vertex   -2.888967e-02 6.209046e-02 -7.186839e-02
      vertex   -2.376863e-02 6.038220e-02 -6.836322e-02
      vertex   -2.753682e-02 5.906051e-02 -7.684569e-02
    endloop
  endfacet
  facet normal 5.963832e-01 6.913332e-01 -4.079038e-01
    outer loop
      vertex   -1.894956e-02 5.980406e-02 -6.244929e-02
      vertex   -1.170623e-02 5.990119e-02 -5.169442e-02
      vertex   -1.591007e-02 5.831419e-02 -6.053043e-02
    endloop
  endfacet
  facet normal 6.009600e-01 6.855511e-01 -4.109340e-01
    outer loop
      vertex   -1.212753e-02 6.186874e-02 -4.902813e-02
      vertex   -1.170623e-02 5.990119e-02 -5.169442e-02
      vertex   -1.894956e-02 5.980406e-02 -6.244929e-02
    endloop
  endfacet
  facet normal 5.099896e-01 7.786017e-01 -3.656365e-01
    outer loop
      vertex   -2.057114e-02 6.350503e-02 -5.725348e-02
      vertex   -2.376863e-02 6.038220e-02 -6.836322e-02
      vertex   -2.888967e-02 6.209046e-02 -7.186839e-02
    endloop
  endfacet
  facet normal 4.977286e-01 7.870338e-01 -3.644778e-01
    outer loop
      vertex   -1.722985e-02 6.265773e-02 -5.452025e-02
      vertex   -2.376863e-02 6.038220e-02 -6.836322e-02
      vertex   -2.057114e-02 6.350503e-02 -5.725348e-02
    endloop
  endfacet
  facet normal 5.608284e-01 7.327793e-01 -3.853648e-01
    outer loop
      vertex   -1.722985e-02 6.265773e-02 -5.452025e-02
      vertex   -1.894956e-02 5.980406e-02 -6.244929e-02
      vertex   -2.376863e-02 6.038220e-02 -6.836322e-02
    endloop
  endfacet
  facet normal 5.324831e-01 7.530419e-01 -3.865095e-01
    outer loop
      vertex   -1.722985e-02 6.265773e-02 -5.452025e-02
      vertex   -1.212753e-02 6.186874e-02 -4.902813e-02
      vertex   -1.894956e-02 5.980406e-02 -6.244929e-02
    endloop
  endfacet
  facet normal 5.991798e-01 6.865136e-01 -4.119256e-01
    outer loop
      vertex   -1.212753e-02 6.186874e-02 -4.902813e-02
      vertex   -6.000002e-03 5.978049e-02 -4.359540e-02
      vertex   -1.170623e-02 5.990119e-02 -5.169442e-02
    endloop
  endfacet
  facet normal 6.145239e-01 6.535033e-01 -4.419206e-01
    outer loop
      vertex   -5.999998e-03 6.272242e-02 -3.924493e-02
      vertex   -6.000002e-03 5.978049e-02 -4.359540e-02
      vertex   -1.212753e-02 6.186874e-02 -4.902813e-02
    endloop
  endfacet
  facet normal 4.424771e-01 8.301286e-01 -3.392647e-01
    outer loop
      vertex   -2.134017e-02 6.547089e-02 -5.375079e-02
      vertex   -2.888967e-02 6.209046e-02 -7.186839e-02
      vertex   -3.056200e-02 6.418340e-02 -6.892841e-02
    endloop
  endfacet
  facet normal 4.755446e-01 8.075714e-01 -3.488350e-01
    outer loop
      vertex   -2.134017e-02 6.547089e-02 -5.375079e-02
      vertex   -2.057114e-02 6.350503e-02 -5.725348e-02
      vertex   -2.888967e-02 6.209046e-02 -7.186839e-02
    endloop
  endfacet
  facet normal 4.080100e-01 8.549013e-01 -3.204242e-01
    outer loop
      vertex   -2.134017e-02 6.547089e-02 -5.375079e-02
      vertex   -3.056200e-02 6.418340e-02 -6.892841e-02
      vertex   -2.665530e-02 6.593924e-02 -5.926920e-02
    endloop
  endfacet
  facet normal 5.107430e-01 7.680766e-01 -3.862641e-01
    outer loop
      vertex   -1.149428e-02 6.427001e-02 -4.373032e-02
      vertex   -1.722985e-02 6.265773e-02 -5.452025e-02
      vertex   -2.057114e-02 6.350503e-02 -5.725348e-02
    endloop
  endfacet
  facet normal 5.440782e-01 7.378387e-01 -3.994657e-01
    outer loop
      vertex   -1.149428e-02 6.427001e-02 -4.373032e-02
      vertex   -1.212753e-02 6.186874e-02 -4.902813e-02
      vertex   -1.722985e-02 6.265773e-02 -5.452025e-02
    endloop
  endfacet
  facet normal 5.363904e-01 7.427440e-01 -4.007702e-01
    outer loop
      vertex   -1.149428e-02 6.427001e-02 -4.373032e-02
      vertex   -5.999998e-03 6.272242e-02 -3.924493e-02
      vertex   -1.212753e-02 6.186874e-02 -4.902813e-02
    endloop
  endfacet
  facet normal 5.462387e-01 7.254083e-01 -4.188151e-01
    outer loop
      vertex   -6.000000e-03 6.534832e-02 -3.469674e-02
      vertex   -5.999998e-03 6.272242e-02 -3.924493e-02
      vertex   -1.149428e-02 6.427001e-02 -4.373032e-02
    endloop
  endfacet
  facet normal 3.966123e-01 8.615102e-01 -3.170157e-01
    outer loop
      vertex   -2.665530e-02 6.593924e-02 -5.926920e-02
      vertex   -3.056200e-02 6.418340e-02 -6.892841e-02
      vertex   -3.387285e-02 6.670070e-02 -6.622962e-02
    endloop
  endfacet
  facet normal 4.607829e-01 8.132953e-01 -3.552884e-01
    outer loop
      vertex   -2.134017e-02 6.547089e-02 -5.375079e-02
      vertex   -1.149428e-02 6.427001e-02 -4.373032e-02
      vertex   -2.057114e-02 6.350503e-02 -5.725348e-02
    endloop
  endfacet
  facet normal 4.855470e-01 7.858930e-01 -3.829050e-01
    outer loop
      vertex   -1.190124e-02 6.591866e-02 -4.086261e-02
      vertex   -1.149428e-02 6.427001e-02 -4.373032e-02
      vertex   -2.134017e-02 6.547089e-02 -5.375079e-02
    endloop
  endfacet
  facet normal 4.789572e-01 7.886889e-01 -3.854476e-01
    outer loop
      vertex   -1.190124e-02 6.591866e-02 -4.086261e-02
      vertex   -6.000000e-03 6.534832e-02 -3.469674e-02
      vertex   -1.149428e-02 6.427001e-02 -4.373032e-02
    endloop
  endfacet
  facet normal 4.210803e-01 8.432890e-01 -3.339985e-01
    outer loop
      vertex   -2.120435e-02 6.694646e-02 -4.985399e-02
      vertex   -2.134017e-02 6.547089e-02 -5.375079e-02
      vertex   -2.665530e-02 6.593924e-02 -5.926920e-02
    endloop
  endfacet
  facet normal 4.777541e-01 7.900402e-01 -3.841712e-01
    outer loop
      vertex   -6.000000e-03 6.764497e-02 -2.997373e-02
      vertex   -6.000000e-03 6.534832e-02 -3.469674e-02
      vertex   -1.190124e-02 6.591866e-02 -4.086261e-02
    endloop
  endfacet
  facet normal 3.821019e-01 8.738573e-01 -3.006185e-01
    outer loop
      vertex   -3.014569e-02 6.800404e-02 -5.770357e-02
      vertex   -2.665530e-02 6.593924e-02 -5.926920e-02
      vertex   -3.387285e-02 6.670070e-02 -6.622962e-02
    endloop
  endfacet
  facet normal 3.765152e-01 8.725322e-01 -3.113259e-01
    outer loop
      vertex   -3.014569e-02 6.800404e-02 -5.770357e-02
      vertex   -2.120435e-02 6.694646e-02 -4.985399e-02
      vertex   -2.665530e-02 6.593924e-02 -5.926920e-02
    endloop
  endfacet
  facet normal 4.101046e-01 8.481114e-01 -3.354420e-01
    outer loop
      vertex   -1.574833e-02 6.821985e-02 -3.996399e-02
      vertex   -2.134017e-02 6.547089e-02 -5.375079e-02
      vertex   -2.120435e-02 6.694646e-02 -4.985399e-02
    endloop
  endfacet
  facet normal 4.232899e-01 8.401033e-01 -3.391931e-01
    outer loop
      vertex   -1.574833e-02 6.821985e-02 -3.996399e-02
      vertex   -1.190124e-02 6.591866e-02 -4.086261e-02
      vertex   -2.134017e-02 6.547089e-02 -5.375079e-02
    endloop
  endfacet
  facet normal 4.162719e-01 8.357532e-01 -3.580981e-01
    outer loop
      vertex   -1.574833e-02 6.821985e-02 -3.996399e-02
      vertex   -6.000000e-03 6.764497e-02 -2.997373e-02
      vertex   -1.190124e-02 6.591866e-02 -4.086261e-02
    endloop
  endfacet
  facet normal 9.741257e-01 7.667037e-02 -2.126047e-01
    outer loop
      vertex   -7.039532e-03 2.590441e-02 -7.394047e-02
      vertex   -5.999998e-03 2.876065e-02 -6.814744e-02
      vertex   -6.000002e-03 2.135408e-02 -7.081844e-02
    endloop
  endfacet
  facet normal 9.051303e-01 3.047145e-01 -2.964593e-01
    outer loop
      vertex   -1.258853e-02 3.609773e-02 -8.465398e-02
      vertex   -1.009188e-02 3.795621e-02 -7.512114e-02
      vertex   -1.050232e-02 3.498793e-02 -7.942520e-02
    endloop
  endfacet
  facet normal 8.704109e-01 3.876264e-01 -3.035304e-01
    outer loop
      vertex   -1.258853e-02 3.609773e-02 -8.465398e-02
      vertex   -1.275360e-02 4.003634e-02 -8.009749e-02
      vertex   -1.009188e-02 3.795621e-02 -7.512114e-02
    endloop
  endfacet
  facet normal 5.142924e-01 7.875067e-01 -3.396124e-01
    outer loop
      vertex   -3.031990e-02 6.035414e-02 -7.806052e-02
      vertex   -2.888967e-02 6.209046e-02 -7.186839e-02
      vertex   -2.753682e-02 5.906051e-02 -7.684569e-02
    endloop
  endfacet
  facet normal 4.508212e-01 8.269553e-01 -3.360138e-01
    outer loop
      vertex   -3.381257e-02 6.367736e-02 -7.456785e-02
      vertex   -2.888967e-02 6.209046e-02 -7.186839e-02
      vertex   -3.031990e-02 6.035414e-02 -7.806052e-02
    endloop
  endfacet
  facet normal 4.500013e-01 8.283345e-01 -3.337077e-01
    outer loop
      vertex   -3.381257e-02 6.367736e-02 -7.456785e-02
      vertex   -3.056200e-02 6.418340e-02 -6.892841e-02
      vertex   -2.888967e-02 6.209046e-02 -7.186839e-02
    endloop
  endfacet
  facet normal 4.027323e-01 8.614284e-01 -3.094315e-01
    outer loop
      vertex   -3.381257e-02 6.367736e-02 -7.456785e-02
      vertex   -3.387285e-02 6.670070e-02 -6.622962e-02
      vertex   -3.056200e-02 6.418340e-02 -6.892841e-02
    endloop
  endfacet
  facet normal 3.664733e-01 8.755509e-01 -3.148143e-01
    outer loop
      vertex   -3.872854e-02 6.750260e-02 -6.965188e-02
      vertex   -3.387285e-02 6.670070e-02 -6.622962e-02
      vertex   -3.381257e-02 6.367736e-02 -7.456785e-02
    endloop
  endfacet
  facet normal 3.511704e-01 8.903915e-01 -2.896243e-01
    outer loop
      vertex   -3.872854e-02 6.750260e-02 -6.965188e-02
      vertex   -3.014569e-02 6.800404e-02 -5.770357e-02
      vertex   -3.387285e-02 6.670070e-02 -6.622962e-02
    endloop
  endfacet
  facet normal 3.201921e-01 9.086143e-01 -2.681363e-01
    outer loop
      vertex   -3.551660e-02 6.966883e-02 -5.847583e-02
      vertex   -3.014569e-02 6.800404e-02 -5.770357e-02
      vertex   -3.872854e-02 6.750260e-02 -6.965188e-02
    endloop
  endfacet
  facet normal 3.773548e-01 8.717917e-01 -3.123821e-01
    outer loop
      vertex   -2.009213e-02 6.930575e-02 -4.192616e-02
      vertex   -2.120435e-02 6.694646e-02 -4.985399e-02
      vertex   -3.014569e-02 6.800404e-02 -5.770357e-02
    endloop
  endfacet
  facet normal 3.607177e-01 8.788853e-01 -3.121590e-01
    outer loop
      vertex   -1.574833e-02 6.821985e-02 -3.996399e-02
      vertex   -2.120435e-02 6.694646e-02 -4.985399e-02
      vertex   -2.009213e-02 6.930575e-02 -4.192616e-02
    endloop
  endfacet
  facet normal 3.552128e-01 8.868241e-01 -2.955788e-01
    outer loop
      vertex   -2.009213e-02 6.930575e-02 -4.192616e-02
      vertex   -6.000000e-03 6.764497e-02 -2.997373e-02
      vertex   -1.574833e-02 6.821985e-02 -3.996399e-02
    endloop
  endfacet
  facet normal 3.913279e-01 8.540555e-01 -3.427123e-01
    outer loop
      vertex   -2.009213e-02 6.930575e-02 -4.192616e-02
      vertex   -6.000000e-03 6.960080e-02 -2.509970e-02
      vertex   -6.000000e-03 6.764497e-02 -2.997373e-02
    endloop
  endfacet
  facet normal 3.241114e-01 9.013547e-01 -2.872481e-01
    outer loop
      vertex   -1.207759e-02 7.035539e-02 -2.958942e-02
      vertex   -6.000000e-03 6.960080e-02 -2.509970e-02
      vertex   -2.009213e-02 6.930575e-02 -4.192616e-02
    endloop
  endfacet
  facet normal 3.252942e-01 9.003630e-01 -2.890158e-01
    outer loop
      vertex   -6.000000e-03 7.120595e-02 -2.009921e-02
      vertex   -6.000000e-03 6.960080e-02 -2.509970e-02
      vertex   -1.207759e-02 7.035539e-02 -2.958942e-02
    endloop
  endfacet
  facet normal 2.729510e-01 9.268239e-01 -2.578665e-01
    outer loop
      vertex   -2.526614e-02 7.195323e-02 -3.780653e-02
      vertex   -6.000000e-03 7.120595e-02 -2.009921e-02
      vertex   -1.207759e-02 7.035539e-02 -2.958942e-02
    endloop
  endfacet
  facet normal 2.478231e-01 9.411265e-01 -2.299229e-01
    outer loop
      vertex   -6.000001e-03 7.245234e-02 -1.499745e-02
      vertex   -6.000000e-03 7.120595e-02 -2.009921e-02
      vertex   -2.526614e-02 7.195323e-02 -3.780653e-02
    endloop
  endfacet
  facet normal 2.003978e-01 9.610549e-01 -1.903003e-01
    outer loop
      vertex   -1.626988e-02 7.270390e-02 -2.454188e-02
      vertex   -6.000001e-03 7.245234e-02 -1.499745e-02
      vertex   -2.526614e-02 7.195323e-02 -3.780653e-02
    endloop
  endfacet
  facet normal 1.772590e-01 9.702066e-01 -1.651615e-01
    outer loop
      vertex   -6.000000e-03 7.333370e-02 -9.820134e-03
      vertex   -6.000001e-03 7.245234e-02 -1.499745e-02
      vertex   -1.626988e-02 7.270390e-02 -2.454188e-02
    endloop
  endfacet
  facet normal 1.633688e-01 9.742104e-01 -1.556430e-01
    outer loop
      vertex   -3.031417e-02 7.356562e-02 -3.388957e-02
      vertex   -6.000000e-03 7.333370e-02 -9.820134e-03
      vertex   -1.626988e-02 7.270390e-02 -2.454188e-02
    endloop
  endfacet
  facet normal 1.089755e-01 9.887098e-01 -1.028458e-01
    outer loop
      vertex   -2.407814e-02 7.398654e-02 -2.323535e-02
      vertex   -3.031417e-02 7.356562e-02 -3.388957e-02
      vertex   -5.131236e-02 7.456470e-02 -4.653460e-02
    endloop
  endfacet
  facet normal 1.142566e-01 9.877907e-01 -1.059005e-01
    outer loop
      vertex   -2.407814e-02 7.398654e-02 -2.323535e-02
      vertex   -6.000000e-03 7.333370e-02 -9.820134e-03
      vertex   -3.031417e-02 7.356562e-02 -3.388957e-02
    endloop
  endfacet
  facet normal 9.594871e-02 9.920834e-01 -8.102027e-02
    outer loop
      vertex   -2.407814e-02 7.398654e-02 -2.323535e-02
      vertex   -6.000000e-03 7.392130e-02 -2.625022e-03
      vertex   -6.000000e-03 7.333370e-02 -9.820134e-03
    endloop
  endfacet
  facet normal 7.631894e-02 9.950406e-01 -6.379285e-02
    outer loop
      vertex   -2.193823e-02 7.420107e-02 -1.732896e-02
      vertex   -6.000000e-03 7.392130e-02 -2.625022e-03
      vertex   -2.407814e-02 7.398654e-02 -2.323535e-02
    endloop
  endfacet
  facet normal 2.766803e-02 9.995569e-01 -1.097212e-02
    outer loop
      vertex   -2.278191e-02 7.427169e-02 -1.302302e-02
      vertex   -6.000000e-03 7.392130e-02 -2.625022e-03
      vertex   -2.193823e-02 7.420107e-02 -1.732896e-02
    endloop
  endfacet
  facet normal 2.026163e-02 9.997942e-01 9.894722e-04
    outer loop
      vertex   -2.278191e-02 7.427169e-02 -1.302302e-02
      vertex   -6.000000e-03 7.391545e-02 3.281989e-03
      vertex   -6.000000e-03 7.392130e-02 -2.625022e-03
    endloop
  endfacet
  facet normal -1.329286e-02 9.992808e-01 3.551416e-02
    outer loop
      vertex   -1.897211e-02 7.407624e-02 -6.097656e-03
      vertex   -6.000000e-03 7.391545e-02 3.281989e-03
      vertex   -2.278191e-02 7.427169e-02 -1.302302e-02
    endloop
  endfacet
  facet normal -5.392673e-02 9.943322e-01 9.162622e-02
    outer loop
      vertex   -3.342639e-02 7.400764e-02 -1.386021e-02
      vertex   -6.000000e-03 7.391545e-02 3.281989e-03
      vertex   -1.897211e-02 7.407624e-02 -6.097656e-03
    endloop
  endfacet
  facet normal -4.646719e-02 9.957353e-01 7.969900e-02
    outer loop
      vertex   -3.342639e-02 7.400764e-02 -1.386021e-02
      vertex   -6.000000e-03 7.349644e-02 8.517047e-03
      vertex   -6.000000e-03 7.391545e-02 3.281989e-03
    endloop
  endfacet
  facet normal -8.193740e-02 9.890160e-01 1.230191e-01
    outer loop
      vertex   -1.788856e-02 7.338175e-02 1.520668e-03
      vertex   -6.000000e-03 7.349644e-02 8.517047e-03
      vertex   -3.342639e-02 7.400764e-02 -1.386021e-02
    endloop
  endfacet
  facet normal -9.751941e-02 9.839287e-01 1.495801e-01
    outer loop
      vertex   -1.788856e-02 7.338175e-02 1.520668e-03
      vertex   -6.000000e-03 7.270711e-02 1.370919e-02
      vertex   -6.000000e-03 7.349644e-02 8.517047e-03
    endloop
  endfacet
  facet normal -1.110894e-01 9.802296e-01 1.637345e-01
    outer loop
      vertex   -3.724844e-02 7.289947e-02 -8.795397e-03
      vertex   -4.171976e-02 7.361281e-02 -1.609967e-02
      vertex   -6.583197e-02 7.325692e-02 -3.032853e-02
    endloop
  endfacet
  facet normal -1.110658e-01 9.804213e-01 1.625990e-01
    outer loop
      vertex   -3.724844e-02 7.289947e-02 -8.795397e-03
      vertex   -6.000000e-03 7.270711e-02 1.370919e-02
      vertex   -1.788856e-02 7.338175e-02 1.520668e-03
    endloop
  endfacet
  facet normal -1.364154e-01 9.708266e-01 1.971967e-01
    outer loop
      vertex   -6.103546e-02 7.233311e-02 -2.246237e-02
      vertex   -3.724844e-02 7.289947e-02 -8.795397e-03
      vertex   -6.583197e-02 7.325692e-02 -3.032853e-02
    endloop
  endfacet
  facet normal -1.391846e-01 9.695387e-01 2.015500e-01
    outer loop
      vertex   -3.397399e-02 7.227048e-02 -3.508469e-03
      vertex   -6.000000e-03 7.270711e-02 1.370919e-02
      vertex   -3.724844e-02 7.289947e-02 -8.795397e-03
    endloop
  endfacet
  facet normal -1.489814e-01 9.646026e-01 2.175923e-01
    outer loop
      vertex   -6.000000e-03 7.155146e-02 1.883227e-02
      vertex   -6.000000e-03 7.270711e-02 1.370919e-02
      vertex   -3.397399e-02 7.227048e-02 -3.508469e-03
    endloop
  endfacet
  facet normal -1.512609e-01 9.629275e-01 2.233622e-01
    outer loop
      vertex   -4.649270e-02 7.156303e-02 -9.294172e-03
      vertex   -3.724844e-02 7.289947e-02 -8.795397e-03
      vertex   -6.103546e-02 7.233311e-02 -2.246237e-02
    endloop
  endfacet
  facet normal -1.509460e-01 9.663144e-01 2.084508e-01
    outer loop
      vertex   -4.649270e-02 7.156303e-02 -9.294172e-03
      vertex   -3.397399e-02 7.227048e-02 -3.508469e-03
      vertex   -3.724844e-02 7.289947e-02 -8.795397e-03
    endloop
  endfacet
  facet normal -1.762016e-01 9.517459e-01 2.512623e-01
    outer loop
      vertex   -1.709599e-02 7.106034e-02 1.291132e-02
      vertex   -6.000000e-03 7.155146e-02 1.883227e-02
      vertex   -3.397399e-02 7.227048e-02 -3.508469e-03
    endloop
  endfacet
  facet normal -1.713771e-01 9.516024e-01 2.551133e-01
    outer loop
      vertex   -6.639895e-02 7.059384e-02 -1.957772e-02
      vertex   -6.103546e-02 7.233311e-02 -2.246237e-02
      vertex   -7.183617e-02 7.197081e-02 -2.836651e-02
    endloop
  endfacet
  facet normal -1.749958e-01 9.525707e-01 2.489690e-01
    outer loop
      vertex   -6.639895e-02 7.059384e-02 -1.957772e-02
      vertex   -4.649270e-02 7.156303e-02 -9.294172e-03
      vertex   -6.103546e-02 7.233311e-02 -2.246237e-02
    endloop
  endfacet
  facet normal -1.650511e-01 9.565993e-01 2.401583e-01
    outer loop
      vertex   -1.709599e-02 7.106034e-02 1.291132e-02
      vertex   -3.397399e-02 7.227048e-02 -3.508469e-03
      vertex   -4.649270e-02 7.156303e-02 -9.294172e-03
    endloop
  endfacet
  facet normal -1.927425e-01 9.394699e-01 2.832784e-01
    outer loop
      vertex   -6.000001e-03 7.003531e-02 2.386046e-02
      vertex   -6.000000e-03 7.155146e-02 1.883227e-02
      vertex   -1.709599e-02 7.106034e-02 1.291132e-02
    endloop
  endfacet
  facet normal -1.982365e-01 9.344984e-01 2.956603e-01
    outer loop
      vertex   -5.647665e-02 6.931393e-02 -8.879508e-03
      vertex   -4.649270e-02 7.156303e-02 -9.294172e-03
      vertex   -6.639895e-02 7.059384e-02 -1.957772e-02
    endloop
  endfacet
  facet normal -1.993552e-01 9.375248e-01 2.851399e-01
    outer loop
      vertex   -5.647665e-02 6.931393e-02 -8.879508e-03
      vertex   -1.709599e-02 7.106034e-02 1.291132e-02
      vertex   -4.649270e-02 7.156303e-02 -9.294172e-03
    endloop
  endfacet
  facet normal -2.043529e-01 9.335498e-01 2.944904e-01
    outer loop
      vertex   -5.647665e-02 6.931393e-02 -8.879508e-03
      vertex   -6.000001e-03 7.003531e-02 2.386046e-02
      vertex   -1.709599e-02 7.106034e-02 1.291132e-02
    endloop
  endfacet
  facet normal -2.060707e-01 9.306189e-01 3.024622e-01
    outer loop
      vertex   -5.647665e-02 6.931393e-02 -8.879508e-03
      vertex   -6.639895e-02 7.059384e-02 -1.957772e-02
      vertex   -7.362200e-02 6.957388e-02 -2.136063e-02
    endloop
  endfacet
  facet normal -2.354489e-01 9.093616e-01 3.429654e-01
    outer loop
      vertex   -3.123944e-02 6.839356e-02 1.088639e-02
      vertex   -6.000001e-03 7.003531e-02 2.386046e-02
      vertex   -5.647665e-02 6.931393e-02 -8.879508e-03
    endloop
  endfacet
  facet normal -2.367937e-01 9.079532e-01 3.457598e-01
    outer loop
      vertex   -6.000000e-03 6.816629e-02 2.876843e-02
      vertex   -6.000001e-03 7.003531e-02 2.386046e-02
      vertex   -3.123944e-02 6.839356e-02 1.088639e-02
    endloop
  endfacet
  facet normal -2.352531e-01 9.097325e-01 3.421151e-01
    outer loop
      vertex   -6.877884e-02 6.771333e-02 -1.308279e-02
      vertex   -5.647665e-02 6.931393e-02 -8.879508e-03
      vertex   -7.362200e-02 6.957388e-02 -2.136063e-02
    endloop
  endfacet
  facet normal 2.533443e-01 9.411785e-01 -2.236063e-01
    outer loop
      vertex   -2.008346e-02 7.063915e-02 -3.746564e-02
      vertex   -2.526614e-02 7.195323e-02 -3.780653e-02
      vertex   -1.207759e-02 7.035539e-02 -2.958942e-02
    endloop
  endfacet
  facet normal -1.421162e-01 9.693316e-01 2.004972e-01
    outer loop
      vertex   -6.583197e-02 7.325692e-02 -3.032853e-02
      vertex   -7.183617e-02 7.197081e-02 -2.836651e-02
      vertex   -6.103546e-02 7.233311e-02 -2.246237e-02
    endloop
  endfacet
  facet normal -2.033394e-01 9.402474e-01 2.731078e-01
    outer loop
      vertex   -7.611083e-02 7.218006e-02 -3.226959e-02
      vertex   -6.639895e-02 7.059384e-02 -1.957772e-02
      vertex   -7.183617e-02 7.197081e-02 -2.836651e-02
    endloop
  endfacet
  facet normal -1.765895e-01 9.509532e-01 2.539767e-01
    outer loop
      vertex   -8.011996e-02 7.036484e-02 -2.826046e-02
      vertex   -6.639895e-02 7.059384e-02 -1.957772e-02
      vertex   -7.611083e-02 7.218006e-02 -3.226959e-02
    endloop
  endfacet
  facet normal -2.056816e-01 9.313511e-01 3.004668e-01
    outer loop
      vertex   -8.011996e-02 7.036484e-02 -2.826046e-02
      vertex   -7.362200e-02 6.957388e-02 -2.136063e-02
      vertex   -6.639895e-02 7.059384e-02 -1.957772e-02
    endloop
  endfacet
  facet normal -2.206229e-01 9.235545e-01 3.136441e-01
    outer loop
      vertex   -8.358399e-02 6.836093e-02 -2.479643e-02
      vertex   -7.362200e-02 6.957388e-02 -2.136063e-02
      vertex   -8.011996e-02 7.036484e-02 -2.826046e-02
    endloop
  endfacet
  facet normal -2.273172e-01 9.138414e-01 3.364829e-01
    outer loop
      vertex   -7.788427e-02 6.825603e-02 -2.066101e-02
      vertex   -7.362200e-02 6.957388e-02 -2.136063e-02
      vertex   -8.358399e-02 6.836093e-02 -2.479643e-02
    endloop
  endfacet
  facet normal -2.269119e-01 9.133633e-01 3.380509e-01
    outer loop
      vertex   -6.877884e-02 6.771333e-02 -1.308279e-02
      vertex   -7.362200e-02 6.957388e-02 -2.136063e-02
      vertex   -7.788427e-02 6.825603e-02 -2.066101e-02
    endloop
  endfacet
  facet normal -2.645267e-01 8.843675e-01 3.846035e-01
    outer loop
      vertex   -3.454759e-02 6.637450e-02 1.325376e-02
      vertex   -6.000000e-03 6.816629e-02 2.876843e-02
      vertex   -3.123944e-02 6.839356e-02 1.088639e-02
    endloop
  endfacet
  facet normal -2.748632e-01 8.719998e-01 4.050513e-01
    outer loop
      vertex   -3.454759e-02 6.637450e-02 1.325376e-02
      vertex   -6.000000e-03 6.595383e-02 3.353146e-02
      vertex   -6.000000e-03 6.816629e-02 2.876843e-02
    endloop
  endfacet
  facet normal -2.929522e-01 8.539067e-01 4.301422e-01
    outer loop
      vertex   -3.722005e-02 6.428646e-02 1.557878e-02
      vertex   -6.000000e-03 6.595383e-02 3.353146e-02
      vertex   -3.454759e-02 6.637450e-02 1.325376e-02
    endloop
  endfacet
  facet normal -3.336261e-01 8.002778e-01 4.982460e-01
    outer loop
      vertex   -3.346995e-02 6.140822e-02 2.294537e-02
      vertex   -6.000002e-03 6.340906e-02 3.812554e-02
      vertex   -2.901956e-02 6.294302e-02 2.346017e-02
    endloop
  endfacet
  facet normal -3.407457e-01 7.880263e-01 5.127446e-01
    outer loop
      vertex   -6.000002e-03 6.054482e-02 4.252754e-02
      vertex   -6.000002e-03 6.340906e-02 3.812554e-02
      vertex   -3.346995e-02 6.140822e-02 2.294537e-02
    endloop
  endfacet
  facet normal -3.511936e-01 7.740547e-01 5.267849e-01
    outer loop
      vertex   -4.322925e-02 5.870477e-02 2.041154e-02
      vertex   -6.000002e-03 6.054482e-02 4.252754e-02
      vertex   -3.346995e-02 6.140822e-02 2.294537e-02
    endloop
  endfacet
  facet normal -3.725011e-01 7.355611e-01 5.658558e-01
    outer loop
      vertex   -6.000000e-03 5.694309e-02 4.720946e-02
      vertex   -6.000002e-03 6.054482e-02 4.252754e-02
      vertex   -4.322925e-02 5.870477e-02 2.041154e-02
    endloop
  endfacet
  facet normal -3.689344e-01 7.408686e-01 5.612496e-01
    outer loop
      vertex   -4.775269e-02 5.640344e-02 2.047591e-02
      vertex   -6.000000e-03 5.694309e-02 4.720946e-02
      vertex   -4.322925e-02 5.870477e-02 2.041154e-02
    endloop
  endfacet
  facet normal -3.887341e-01 7.052409e-01 5.928921e-01
    outer loop
      vertex   -5.748168e-02 5.340526e-02 1.766335e-02
      vertex   -6.000000e-03 5.694309e-02 4.720946e-02
      vertex   -4.775269e-02 5.640344e-02 2.047591e-02
    endloop
  endfacet
  facet normal -4.013157e-01 6.757134e-01 6.183503e-01
    outer loop
      vertex   -3.309847e-02 5.181770e-02 3.522313e-02
      vertex   -6.000000e-03 5.694309e-02 4.720946e-02
      vertex   -5.748168e-02 5.340526e-02 1.766335e-02
    endloop
  endfacet
  facet normal -4.008721e-01 6.776453e-01 6.165212e-01
    outer loop
      vertex   -3.309847e-02 5.181770e-02 3.522313e-02
      vertex   -5.999998e-03 5.208495e-02 5.254925e-02
      vertex   -6.000000e-03 5.694309e-02 4.720946e-02
    endloop
  endfacet
  facet normal -4.183776e-01 6.400036e-01 6.444809e-01
    outer loop
      vertex   -5.962003e-02 4.821762e-02 2.158121e-02
      vertex   -5.999998e-03 5.208495e-02 5.254925e-02
      vertex   -3.309847e-02 5.181770e-02 3.522313e-02
    endloop
  endfacet
  facet normal -4.297533e-01 6.072286e-01 6.682706e-01
    outer loop
      vertex   -5.962003e-02 4.821762e-02 2.158121e-02
      vertex   -6.000000e-03 4.771317e-02 5.652169e-02
      vertex   -5.999998e-03 5.208495e-02 5.254925e-02
    endloop
  endfacet
  facet normal -4.368854e-01 5.900295e-01 6.789672e-01
    outer loop
      vertex   -4.462642e-02 4.619680e-02 3.298504e-02
      vertex   -6.000000e-03 4.771317e-02 5.652169e-02
      vertex   -5.962003e-02 4.821762e-02 2.158121e-02
    endloop
  endfacet
  facet normal -4.489996e-01 5.538477e-01 7.011791e-01
    outer loop
      vertex   -2.455477e-02 4.307846e-02 4.830103e-02
      vertex   -6.000000e-03 4.771317e-02 5.652169e-02
      vertex   -4.462642e-02 4.619680e-02 3.298504e-02
    endloop
  endfacet
  facet normal -4.497203e-01 5.441550e-01 7.082704e-01
    outer loop
      vertex   -2.455477e-02 4.307846e-02 4.830103e-02
      vertex   -6.000000e-03 4.198856e-02 6.091984e-02
      vertex   -6.000000e-03 4.771317e-02 5.652169e-02
    endloop
  endfacet
  facet normal -4.564402e-01 5.252007e-01 7.182107e-01
    outer loop
      vertex   -4.950757e-02 3.998269e-02 3.459074e-02
      vertex   -5.720519e-02 4.332869e-02 2.725191e-02
      vertex   -8.186978e-02 4.106995e-02 1.322871e-02
    endloop
  endfacet
  facet normal -4.599270e-01 5.202308e-01 7.196021e-01
    outer loop
      vertex   -4.950757e-02 3.998269e-02 3.459074e-02
      vertex   -2.455477e-02 4.307846e-02 4.830103e-02
      vertex   -5.720519e-02 4.332869e-02 2.725191e-02
    endloop
  endfacet
  facet normal -4.607714e-01 5.160194e-01 7.220898e-01
    outer loop
      vertex   -4.950757e-02 3.998269e-02 3.459074e-02
      vertex   -6.000000e-03 4.198856e-02 6.091984e-02
      vertex   -2.455477e-02 4.307846e-02 4.830103e-02
    endloop
  endfacet
  facet normal -4.618299e-01 5.101048e-01 7.256075e-01
    outer loop
      vertex   -8.976479e-02 3.790085e-02 1.043163e-02
      vertex   -4.950757e-02 3.998269e-02 3.459074e-02
      vertex   -8.186978e-02 4.106995e-02 1.322871e-02
    endloop
  endfacet
  facet normal -4.703939e-01 4.795768e-01 7.407669e-01
    outer loop
      vertex   -5.478665e-02 3.684655e-02 3.326883e-02
      vertex   -6.000000e-03 4.198856e-02 6.091984e-02
      vertex   -4.950757e-02 3.998269e-02 3.459074e-02
    endloop
  endfacet
  facet normal -4.713775e-01 4.744113e-01 7.434630e-01
    outer loop
      vertex   -6.000002e-03 3.756132e-02 6.374491e-02
      vertex   -6.000000e-03 4.198856e-02 6.091984e-02
      vertex   -5.478665e-02 3.684655e-02 3.326883e-02
    endloop
  endfacet
  facet normal -4.699357e-01 4.783486e-01 7.418511e-01
    outer loop
      vertex   -5.478665e-02 3.684655e-02 3.326883e-02
      vertex   -4.950757e-02 3.998269e-02 3.459074e-02
      vertex   -8.976479e-02 3.790085e-02 1.043163e-02
    endloop
  endfacet
  facet normal -4.814972e-01 4.355305e-01 7.605746e-01
    outer loop
      vertex   -4.505749e-02 3.393598e-02 4.109477e-02
      vertex   -6.000002e-03 3.756132e-02 6.374491e-02
      vertex   -5.478665e-02 3.684655e-02 3.326883e-02
    endloop
  endfacet
  facet normal -4.757150e-01 4.598095e-01 7.498470e-01
    outer loop
      vertex   -8.722673e-02 3.383538e-02 1.453479e-02
      vertex   -5.478665e-02 3.684655e-02 3.326883e-02
      vertex   -8.976479e-02 3.790085e-02 1.043163e-02
    endloop
  endfacet
  facet normal -4.866675e-01 4.040556e-01 7.745281e-01
    outer loop
      vertex   -5.999998e-03 3.116085e-02 6.708390e-02
      vertex   -6.000002e-03 3.756132e-02 6.374491e-02
      vertex   -4.505749e-02 3.393598e-02 4.109477e-02
    endloop
  endfacet
  facet normal -4.794309e-01 4.396195e-01 7.595266e-01
    outer loop
      vertex   -4.505749e-02 3.393598e-02 4.109477e-02
      vertex   -5.478665e-02 3.684655e-02 3.326883e-02
      vertex   -8.722673e-02 3.383538e-02 1.453479e-02
    endloop
  endfacet
  facet normal -4.886197e-01 3.973807e-01 7.767492e-01
    outer loop
      vertex   -4.185530e-02 3.083213e-02 4.469704e-02
      vertex   -5.999998e-03 3.116085e-02 6.708390e-02
      vertex   -4.505749e-02 3.393598e-02 4.109477e-02
    endloop
  endfacet
  facet normal -4.879515e-01 4.137177e-01 7.685968e-01
    outer loop
      vertex   -9.810702e-02 2.942491e-02 1.000137e-02
      vertex   -8.205588e-02 3.241265e-02 1.858337e-02
      vertex   -8.722673e-02 3.383538e-02 1.453479e-02
    endloop
  endfacet
  facet normal -4.792625e-01 4.320741e-01 7.639499e-01
    outer loop
      vertex   -4.185530e-02 3.083213e-02 4.469704e-02
      vertex   -8.722673e-02 3.383538e-02 1.453479e-02
      vertex   -8.205588e-02 3.241265e-02 1.858337e-02
    endloop
  endfacet
  facet normal -4.901127e-01 3.957280e-01 7.766523e-01
    outer loop
      vertex   -4.185530e-02 3.083213e-02 4.469704e-02
      vertex   -4.505749e-02 3.393598e-02 4.109477e-02
      vertex   -8.722673e-02 3.383538e-02 1.453479e-02
    endloop
  endfacet
  facet normal -4.898758e-01 3.848663e-01 7.822401e-01
    outer loop
      vertex   -6.580719e-02 2.766598e-02 3.109446e-02
      vertex   -8.205588e-02 3.241265e-02 1.858337e-02
      vertex   -9.810702e-02 2.942491e-02 1.000137e-02
    endloop
  endfacet
  facet normal -4.949249e-01 3.735969e-01 7.845220e-01
    outer loop
      vertex   -6.580719e-02 2.766598e-02 3.109446e-02
      vertex   -4.185530e-02 3.083213e-02 4.469704e-02
      vertex   -8.205588e-02 3.241265e-02 1.858337e-02
    endloop
  endfacet
  facet normal -4.998830e-01 3.422581e-01 7.955981e-01
    outer loop
      vertex   -5.291866e-02 2.487793e-02 4.030724e-02
      vertex   -5.999998e-03 3.116085e-02 6.708390e-02
      vertex   -4.185530e-02 3.083213e-02 4.469704e-02
    endloop
  endfacet
  facet normal -5.003967e-01 3.358541e-01 7.980008e-01
    outer loop
      vertex   -6.000005e-03 2.571638e-02 6.937531e-02
      vertex   -5.999998e-03 3.116085e-02 6.708390e-02
      vertex   -5.291866e-02 2.487793e-02 4.030724e-02
    endloop
  endfacet
  facet normal -4.952546e-01 3.641411e-01 7.887485e-01
    outer loop
      vertex   -9.648292e-02 2.686007e-02 1.220525e-02
      vertex   -6.580719e-02 2.766598e-02 3.109446e-02
      vertex   -9.810702e-02 2.942491e-02 1.000137e-02
    endloop
  endfacet
  facet normal -5.015841e-01 3.278607e-01 8.005753e-01
    outer loop
      vertex   -9.061715e-02 2.438078e-02 1.689568e-02
      vertex   -6.580719e-02 2.766598e-02 3.109446e-02
      vertex   -9.648292e-02 2.686007e-02 1.220525e-02
    endloop
  endfacet
  facet normal -4.982549e-01 3.367534e-01 7.989613e-01
    outer loop
      vertex   -5.291866e-02 2.487793e-02 4.030724e-02
      vertex   -4.185530e-02 3.083213e-02 4.469704e-02
      vertex   -6.580719e-02 2.766598e-02 3.109446e-02
    endloop
  endfacet
  facet normal -3.093897e-01 8.318432e-01 4.607765e-01
    outer loop
      vertex   -3.722005e-02 6.428646e-02 1.557878e-02
      vertex   -6.000002e-03 6.340906e-02 3.812554e-02
      vertex   -6.000000e-03 6.595383e-02 3.353146e-02
    endloop
  endfacet
  facet normal -3.153424e-01 8.251215e-01 4.687576e-01
    outer loop
      vertex   -3.722005e-02 6.428646e-02 1.557878e-02
      vertex   -2.901956e-02 6.294302e-02 2.346017e-02
      vertex   -6.000002e-03 6.340906e-02 3.812554e-02
    endloop
  endfacet
  facet normal -4.864169e-01 4.032332e-01 7.751139e-01
    outer loop
      vertex   -1.105047e-01 2.961131e-02 2.124312e-03
      vertex   -9.810702e-02 2.942491e-02 1.000137e-02
      vertex   -8.722673e-02 3.383538e-02 1.453479e-02
    endloop
  endfacet
  facet normal -5.007716e-01 3.395491e-01 7.961998e-01
    outer loop
      vertex   -1.122910e-01 2.278836e-02 3.910570e-03
      vertex   -9.810702e-02 2.942491e-02 1.000137e-02
      vertex   -1.105047e-01 2.961131e-02 2.124312e-03
    endloop
  endfacet
  facet normal -5.070137e-01 3.684935e-01 7.791981e-01
    outer loop
      vertex   -1.079715e-01 2.360655e-02 6.334246e-03
      vertex   -9.810702e-02 2.942491e-02 1.000137e-02
      vertex   -1.122910e-01 2.278836e-02 3.910570e-03
    endloop
  endfacet
  facet normal -5.032674e-01 3.573687e-01 7.867716e-01
    outer loop
      vertex   -1.079715e-01 2.360655e-02 6.334246e-03
      vertex   -9.648292e-02 2.686007e-02 1.220525e-02
      vertex   -9.810702e-02 2.942491e-02 1.000137e-02
    endloop
  endfacet
  facet normal -5.036848e-01 2.958261e-01 8.116579e-01
    outer loop
      vertex   -9.039778e-02 2.223605e-02 1.781350e-02
      vertex   -6.580719e-02 2.766598e-02 3.109446e-02
      vertex   -9.061715e-02 2.438078e-02 1.689568e-02
    endloop
  endfacet
  facet normal -5.039534e-01 3.205738e-01 8.020370e-01
    outer loop
      vertex   -5.291866e-02 2.487793e-02 4.030724e-02
      vertex   -6.580719e-02 2.766598e-02 3.109446e-02
      vertex   -9.039778e-02 2.223605e-02 1.781350e-02
    endloop
  endfacet
  facet normal -5.098027e-01 2.756986e-01 8.149181e-01
    outer loop
      vertex   -3.770036e-02 2.063959e-02 5.126152e-02
      vertex   -6.000005e-03 2.571638e-02 6.937531e-02
      vertex   -5.291866e-02 2.487793e-02 4.030724e-02
    endloop
  endfacet
  facet normal -5.099289e-01 2.701738e-01 8.166876e-01
    outer loop
      vertex   -3.770036e-02 2.063959e-02 5.126152e-02
      vertex   -6.000002e-03 2.073033e-02 7.102478e-02
      vertex   -6.000005e-03 2.571638e-02 6.937531e-02
    endloop
  endfacet
  facet normal -5.157688e-01 2.264605e-01 8.262555e-01
    outer loop
      vertex   -4.588099e-02 1.681596e-02 4.720295e-02
      vertex   -6.000002e-03 2.073033e-02 7.102478e-02
      vertex   -3.770036e-02 2.063959e-02 5.126152e-02
    endloop
  endfacet
  facet normal -5.164562e-01 2.105999e-01 8.300125e-01
    outer loop
      vertex   -4.588099e-02 1.681596e-02 4.720295e-02
      vertex   -5.999998e-03 1.563984e-02 7.231640e-02
      vertex   -6.000002e-03 2.073033e-02 7.102478e-02
    endloop
  endfacet
  facet normal -5.204236e-01 1.793949e-01 8.348514e-01
    outer loop
      vertex   -1.947991e-02 1.415553e-02 6.423234e-02
      vertex   -5.999998e-03 1.563984e-02 7.231640e-02
      vertex   -4.588099e-02 1.681596e-02 4.720295e-02
    endloop
  endfacet
  facet normal -5.205680e-01 1.441194e-01 8.415691e-01
    outer loop
      vertex   -1.947991e-02 1.415553e-02 6.423234e-02
      vertex   -5.999998e-03 9.817581e-03 7.331347e-02
      vertex   -5.999998e-03 1.563984e-02 7.231640e-02
    endloop
  endfacet
  facet normal -5.227304e-01 1.370621e-01 8.414077e-01
    outer loop
      vertex   -4.431092e-02 9.778267e-03 4.951894e-02
      vertex   -5.999998e-03 9.817581e-03 7.331347e-02
      vertex   -1.947991e-02 1.415553e-02 6.423234e-02
    endloop
  endfacet
  facet normal -5.257014e-01 8.635185e-02 8.462750e-01
    outer loop
      vertex   -5.272228e-02 4.249369e-03 4.485801e-02
      vertex   -5.999998e-03 9.817581e-03 7.331347e-02
      vertex   -4.431092e-02 9.778267e-03 4.951894e-02
    endloop
  endfacet
  facet normal -4.637499e-01 -5.283069e-01 7.112158e-01
    outer loop
      vertex   -1.003308e-01 -3.903952e-02 2.951318e-03
      vertex   -1.077752e-01 -3.729267e-02 -6.051984e-04
      vertex   -1.050147e-01 -4.343213e-02 -3.365723e-03
    endloop
  endfacet
  facet normal -5.008466e-01 -3.335015e-01 7.987048e-01
    outer loop
      vertex   -6.959143e-02 -2.523040e-02 2.972958e-02
      vertex   -1.002125e-01 -2.402401e-02 1.103162e-02
      vertex   -6.942617e-02 -2.822072e-02 2.858460e-02
    endloop
  endfacet
  facet normal -5.276322e-01 2.592899e-02 8.490771e-01
    outer loop
      vertex   -6.000002e-03 2.625901e-03 7.394167e-02
      vertex   -5.272228e-02 4.249369e-03 4.485801e-02
      vertex   -5.578355e-02 2.406634e-04 4.307810e-02
    endloop
  endfacet
  facet normal -5.251525e-01 7.405546e-02 8.477799e-01
    outer loop
      vertex   -5.999998e-03 9.817581e-03 7.331347e-02
      vertex   -5.272228e-02 4.249369e-03 4.485801e-02
      vertex   -6.000002e-03 2.625901e-03 7.394167e-02
    endloop
  endfacet
  facet normal -5.266684e-01 -6.703670e-03 8.500444e-01
    outer loop
      vertex   -5.999998e-03 -3.280929e-03 7.389509e-02
      vertex   -6.000002e-03 2.625901e-03 7.394167e-02
      vertex   -5.578355e-02 2.406634e-04 4.307810e-02
    endloop
  endfacet
  facet normal -5.274058e-01 -2.382251e-02 8.492794e-01
    outer loop
      vertex   -2.638664e-02 -4.190337e-03 6.120940e-02
      vertex   -5.999998e-03 -3.280929e-03 7.389509e-02
      vertex   -5.578355e-02 2.406634e-04 4.307810e-02
    endloop
  endfacet
  facet normal -5.223005e-01 -1.017925e-01 8.466643e-01
    outer loop
      vertex   -5.488257e-02 -7.124458e-03 4.327773e-02
      vertex   -5.999998e-03 -3.280929e-03 7.389509e-02
      vertex   -2.638664e-02 -4.190337e-03 6.120940e-02
    endloop
  endfacet
  facet normal -5.235131e-01 -9.056422e-02 8.471908e-01
    outer loop
      vertex   -6.000002e-03 -1.241335e-02 7.291884e-02
      vertex   -5.999998e-03 -3.280929e-03 7.389509e-02
      vertex   -5.488257e-02 -7.124458e-03 4.327773e-02
    endloop
  endfacet
  facet normal -5.240693e-01 -1.120912e-01 8.442671e-01
    outer loop
      vertex   -7.456441e-02 -1.007360e-02 3.066889e-02
      vertex   -6.000002e-03 -1.241335e-02 7.291884e-02
      vertex   -5.488257e-02 -7.124458e-03 4.327773e-02
    endloop
  endfacet
  facet normal -5.222405e-01 -1.524278e-01 8.390653e-01
    outer loop
      vertex   -4.704077e-02 -1.465613e-02 4.696733e-02
      vertex   -6.000002e-03 -1.241335e-02 7.291884e-02
      vertex   -7.456441e-02 -1.007360e-02 3.066889e-02
    endloop
  endfacet
  facet normal -5.170448e-01 -1.916148e-01 8.342353e-01
    outer loop
      vertex   -2.973767e-02 -1.873010e-02 5.675575e-02
      vertex   -6.000002e-03 -1.241335e-02 7.291884e-02
      vertex   -4.704077e-02 -1.465613e-02 4.696733e-02
    endloop
  endfacet
  facet normal -5.222720e-01 -1.736841e-01 8.349046e-01
    outer loop
      vertex   -2.973767e-02 -1.873010e-02 5.675575e-02
      vertex   -5.999998e-03 -1.819655e-02 7.171577e-02
      vertex   -6.000002e-03 -1.241335e-02 7.291884e-02
    endloop
  endfacet
  facet normal -5.136642e-01 -2.403955e-01 8.236256e-01
    outer loop
      vertex   -2.973767e-02 -1.873010e-02 5.675575e-02
      vertex   -5.999998e-03 -2.323800e-02 7.024430e-02
      vertex   -5.999998e-03 -1.819655e-02 7.171577e-02
    endloop
  endfacet
  facet normal -5.138338e-01 -2.520986e-01 8.200129e-01
    outer loop
      vertex   -4.573000e-02 -2.426780e-02 4.503222e-02
      vertex   -5.999998e-03 -2.323800e-02 7.024430e-02
      vertex   -2.973767e-02 -1.873010e-02 5.675575e-02
    endloop
  endfacet
  facet normal -5.055942e-01 -2.998761e-01 8.089801e-01
    outer loop
      vertex   -4.573000e-02 -2.426780e-02 4.503222e-02
      vertex   -6.000002e-03 -2.816236e-02 6.841891e-02
      vertex   -5.999998e-03 -2.323800e-02 7.024430e-02
    endloop
  endfacet
  facet normal -5.037470e-01 -3.195901e-01 8.025591e-01
    outer loop
      vertex   -6.942617e-02 -2.822072e-02 2.858460e-02
      vertex   -6.000002e-03 -2.816236e-02 6.841891e-02
      vertex   -4.573000e-02 -2.426780e-02 4.503222e-02
    endloop
  endfacet
  facet normal -4.962099e-01 -3.587520e-01 7.906154e-01
    outer loop
      vertex   -6.942617e-02 -2.822072e-02 2.858460e-02
      vertex   -5.999998e-03 -3.294484e-02 6.624880e-02
      vertex   -6.000002e-03 -2.816236e-02 6.841891e-02
    endloop
  endfacet
  facet normal -4.917510e-01 -3.881947e-01 7.794138e-01
    outer loop
      vertex   -5.973952e-02 -3.328529e-02 3.217368e-02
      vertex   -5.999998e-03 -3.294484e-02 6.624880e-02
      vertex   -6.942617e-02 -2.822072e-02 2.858460e-02
    endloop
  endfacet
  facet normal -4.815476e-01 -4.350599e-01 7.608119e-01
    outer loop
      vertex   -8.480031e-02 -3.643892e-02 1.450836e-02
      vertex   -5.973952e-02 -3.328529e-02 3.217368e-02
      vertex   -8.965706e-02 -3.121713e-02 1.442035e-02
    endloop
  endfacet
  facet normal -4.821267e-01 -4.334738e-01 7.613503e-01
    outer loop
      vertex   -4.390759e-02 -3.625114e-02 4.051068e-02
      vertex   -5.973952e-02 -3.328529e-02 3.217368e-02
      vertex   -8.480031e-02 -3.643892e-02 1.450836e-02
    endloop
  endfacet
  facet normal -4.828211e-01 -4.249592e-01 7.656980e-01
    outer loop
      vertex   -4.390759e-02 -3.625114e-02 4.051068e-02
      vertex   -5.999998e-03 -3.294484e-02 6.624880e-02
      vertex   -5.973952e-02 -3.328529e-02 3.217368e-02
    endloop
  endfacet
  facet normal -4.833134e-01 -4.234415e-01 7.662281e-01
    outer loop
      vertex   -5.999998e-03 -3.811490e-02 6.339167e-02
      vertex   -5.999998e-03 -3.294484e-02 6.624880e-02
      vertex   -4.390759e-02 -3.625114e-02 4.051068e-02
    endloop
  endfacet
  facet normal -4.715602e-01 -4.717964e-01 7.450095e-01
    outer loop
      vertex   -4.947220e-02 -3.957699e-02 3.488233e-02
      vertex   -4.390759e-02 -3.625114e-02 4.051068e-02
      vertex   -8.480031e-02 -3.643892e-02 1.450836e-02
    endloop
  endfacet
  facet normal -4.665386e-01 -4.890641e-01 7.369926e-01
    outer loop
      vertex   -8.208844e-02 -4.012069e-02 1.378186e-02
      vertex   -8.480031e-02 -3.643892e-02 1.450836e-02
      vertex   -1.003308e-01 -3.903952e-02 2.951318e-03
    endloop
  endfacet
  facet normal -4.627554e-01 -4.870142e-01 7.407257e-01
    outer loop
      vertex   -7.226315e-02 -4.164723e-02 1.891636e-02
      vertex   -8.480031e-02 -3.643892e-02 1.450836e-02
      vertex   -8.208844e-02 -4.012069e-02 1.378186e-02
    endloop
  endfacet
  facet normal -4.650085e-01 -5.024188e-01 7.289324e-01
    outer loop
      vertex   -4.947220e-02 -3.957699e-02 3.488233e-02
      vertex   -8.480031e-02 -3.643892e-02 1.450836e-02
      vertex   -7.226315e-02 -4.164723e-02 1.891636e-02
    endloop
  endfacet
  facet normal -4.729652e-01 -4.699322e-01 7.452970e-01
    outer loop
      vertex   -4.947220e-02 -3.957699e-02 3.488233e-02
      vertex   -5.999998e-03 -3.811490e-02 6.339167e-02
      vertex   -4.390759e-02 -3.625114e-02 4.051068e-02
    endloop
  endfacet
  facet normal -4.564978e-01 -5.278823e-01 7.162053e-01
    outer loop
      vertex   -1.002039e-01 -4.210744e-02 7.709940e-04
      vertex   -8.208844e-02 -4.012069e-02 1.378186e-02
      vertex   -1.003308e-01 -3.903952e-02 2.951318e-03
    endloop
  endfacet
  facet normal -4.562423e-01 -5.284648e-01 7.159385e-01
    outer loop
      vertex   -7.226315e-02 -4.164723e-02 1.891636e-02
      vertex   -8.208844e-02 -4.012069e-02 1.378186e-02
      vertex   -1.002039e-01 -4.210744e-02 7.709940e-04
    endloop
  endfacet
  facet normal -4.635368e-01 -5.061152e-01 7.273109e-01
    outer loop
      vertex   -4.283637e-02 -4.177720e-02 3.758048e-02
      vertex   -4.947220e-02 -3.957699e-02 3.488233e-02
      vertex   -7.226315e-02 -4.164723e-02 1.891636e-02
    endloop
  endfacet
  facet normal -4.632675e-01 -4.995197e-01 7.320269e-01
    outer loop
      vertex   -4.283637e-02 -4.177720e-02 3.758048e-02
      vertex   -5.999998e-03 -3.811490e-02 6.339167e-02
      vertex   -4.947220e-02 -3.957699e-02 3.488233e-02
    endloop
  endfacet
  facet normal -4.670384e-01 -4.899951e-01 7.360571e-01
    outer loop
      vertex   -6.000002e-03 -4.412420e-02 5.939126e-02
      vertex   -5.999998e-03 -3.811490e-02 6.339167e-02
      vertex   -4.283637e-02 -4.177720e-02 3.758048e-02
    endloop
  endfacet
  facet normal -4.443150e-01 -5.610897e-01 6.984000e-01
    outer loop
      vertex   -9.312217e-02 -4.444838e-02 3.395643e-03
      vertex   -7.226315e-02 -4.164723e-02 1.891636e-02
      vertex   -1.002039e-01 -4.210744e-02 7.709940e-04
    endloop
  endfacet
  facet normal -4.501001e-01 -5.492979e-01 7.040467e-01
    outer loop
      vertex   -6.334056e-02 -4.449774e-02 2.239664e-02
      vertex   -7.226315e-02 -4.164723e-02 1.891636e-02
      vertex   -9.312217e-02 -4.444838e-02 3.395643e-03
    endloop
  endfacet
  facet normal -4.500713e-01 -5.470728e-01 7.057954e-01
    outer loop
      vertex   -6.334056e-02 -4.449774e-02 2.239664e-02
      vertex   -4.283637e-02 -4.177720e-02 3.758048e-02
      vertex   -7.226315e-02 -4.164723e-02 1.891636e-02
    endloop
  endfacet
  facet normal -4.538191e-01 -5.391987e-01 7.094455e-01
    outer loop
      vertex   -3.283304e-02 -4.500016e-02 4.152988e-02
      vertex   -4.283637e-02 -4.177720e-02 3.758048e-02
      vertex   -6.334056e-02 -4.449774e-02 2.239664e-02
    endloop
  endfacet
  facet normal -4.361379e-01 -5.870019e-01 6.820648e-01
    outer loop
      vertex   -7.231362e-02 -4.696727e-02 1.453359e-02
      vertex   -6.334056e-02 -4.449774e-02 2.239664e-02
      vertex   -9.312217e-02 -4.444838e-02 3.395643e-03
    endloop
  endfacet
  facet normal -4.408454e-01 -5.767347e-01 6.877736e-01
    outer loop
      vertex   -5.010246e-02 -4.710447e-02 2.869604e-02
      vertex   -3.283304e-02 -4.500016e-02 4.152988e-02
      vertex   -6.334056e-02 -4.449774e-02 2.239664e-02
    endloop
  endfacet
  facet normal -4.538440e-01 -5.406530e-01 7.083219e-01
    outer loop
      vertex   -3.283304e-02 -4.500016e-02 4.152988e-02
      vertex   -6.000002e-03 -4.412420e-02 5.939126e-02
      vertex   -4.283637e-02 -4.177720e-02 3.758048e-02
    endloop
  endfacet
  facet normal -4.468644e-01 -5.586618e-01 6.987197e-01
    outer loop
      vertex   -6.000000e-03 -4.822607e-02 5.611161e-02
      vertex   -6.000002e-03 -4.412420e-02 5.939126e-02
      vertex   -3.283304e-02 -4.500016e-02 4.152988e-02
    endloop
  endfacet
  facet normal -3.594480e-01 -7.593581e-01 5.423766e-01
    outer loop
      vertex   -2.880349e-02 -6.099650e-02 2.666683e-02
      vertex   -6.000000e-03 -6.201601e-02 4.035196e-02
      vertex   -6.000000e-03 -5.858272e-02 4.515876e-02
    endloop
  endfacet
  facet normal -3.402000e-01 -7.913804e-01 5.079182e-01
    outer loop
      vertex   -3.837159e-02 -6.267020e-02 1.765042e-02
      vertex   -6.000000e-03 -6.201601e-02 4.035196e-02
      vertex   -2.880349e-02 -6.099650e-02 2.666683e-02
    endloop
  endfacet
  facet normal -3.253287e-01 -8.103942e-01 4.872601e-01
    outer loop
      vertex   -3.837159e-02 -6.267020e-02 1.765042e-02
      vertex   -6.000000e-03 -6.472222e-02 3.585109e-02
      vertex   -6.000000e-03 -6.201601e-02 4.035196e-02
    endloop
  endfacet
  facet normal -3.136340e-01 -8.282014e-01 4.644525e-01
    outer loop
      vertex   -4.234720e-02 -6.471282e-02 1.132342e-02
      vertex   -6.000000e-03 -6.472222e-02 3.585109e-02
      vertex   -3.837159e-02 -6.267020e-02 1.765042e-02
    endloop
  endfacet
  facet normal -2.848052e-01 -8.608363e-01 4.217189e-01
    outer loop
      vertex   -5.490956e-02 -6.642276e-02 -6.509126e-04
      vertex   -6.000000e-03 -6.472222e-02 3.585109e-02
      vertex   -4.234720e-02 -6.471282e-02 1.132342e-02
    endloop
  endfacet
  facet normal -2.936883e-01 -8.520989e-01 4.332144e-01
    outer loop
      vertex   -5.490956e-02 -6.642276e-02 -6.509126e-04
      vertex   -5.999999e-03 -6.710234e-02 3.116958e-02
      vertex   -6.000000e-03 -6.472222e-02 3.585109e-02
    endloop
  endfacet
  facet normal -2.577509e-01 -8.872648e-01 3.825255e-01
    outer loop
      vertex   -3.339215e-02 -6.887663e-02 8.156079e-03
      vertex   -5.490956e-02 -6.642276e-02 -6.509126e-04
      vertex   -5.811675e-02 -6.778266e-02 -5.966235e-03
    endloop
  endfacet
  facet normal -2.536471e-01 -8.934093e-01 3.707870e-01
    outer loop
      vertex   -3.339215e-02 -6.887663e-02 8.156079e-03
      vertex   -5.999999e-03 -6.710234e-02 3.116958e-02
      vertex   -5.490956e-02 -6.642276e-02 -6.509126e-04
    endloop
  endfacet
  facet normal -2.579575e-01 -8.901313e-01 3.756649e-01
    outer loop
      vertex   -6.000000e-03 -6.914436e-02 2.633104e-02
      vertex   -5.999999e-03 -6.710234e-02 3.116958e-02
      vertex   -3.339215e-02 -6.887663e-02 8.156079e-03
    endloop
  endfacet
  facet normal -2.229291e-01 -9.199673e-01 3.224327e-01
    outer loop
      vertex   -2.306714e-02 -7.041997e-02 1.089129e-02
      vertex   -6.000000e-03 -6.914436e-02 2.633104e-02
      vertex   -3.339215e-02 -6.887663e-02 8.156079e-03
    endloop
  endfacet
  facet normal -2.157853e-01 -9.242727e-01 3.148916e-01
    outer loop
      vertex   -6.000000e-03 -7.083801e-02 2.135982e-02
      vertex   -6.000000e-03 -6.914436e-02 2.633104e-02
      vertex   -2.306714e-02 -7.041997e-02 1.089129e-02
    endloop
  endfacet
  facet normal -1.867844e-01 -9.450182e-01 2.684256e-01
    outer loop
      vertex   -4.093564e-02 -7.185080e-02 -6.579895e-03
      vertex   -2.306714e-02 -7.041997e-02 1.089129e-02
      vertex   -3.977275e-02 -7.029963e-02 -3.096462e-04
    endloop
  endfacet
  facet normal -1.800200e-01 -9.477220e-01 2.634689e-01
    outer loop
      vertex   -4.093564e-02 -7.185080e-02 -6.579895e-03
      vertex   -4.858711e-02 -7.071610e-02 -7.726313e-03
      vertex   -5.808964e-02 -7.140302e-02 -1.668998e-02
    endloop
  endfacet
  facet normal -1.804563e-01 -9.464771e-01 2.676129e-01
    outer loop
      vertex   -4.093564e-02 -7.185080e-02 -6.579895e-03
      vertex   -3.977275e-02 -7.029963e-02 -3.096462e-04
      vertex   -4.858711e-02 -7.071610e-02 -7.726313e-03
    endloop
  endfacet
  facet normal -1.892518e-01 -9.438341e-01 2.708521e-01
    outer loop
      vertex   -4.093564e-02 -7.185080e-02 -6.579895e-03
      vertex   -6.000000e-03 -7.083801e-02 2.135982e-02
      vertex   -2.306714e-02 -7.041997e-02 1.089129e-02
    endloop
  endfacet
  facet normal -1.728825e-01 -9.525030e-01 2.506983e-01
    outer loop
      vertex   -4.093564e-02 -7.185080e-02 -6.579895e-03
      vertex   -6.000000e-03 -7.217476e-02 1.628099e-02
      vertex   -6.000000e-03 -7.083801e-02 2.135982e-02
    endloop
  endfacet
  facet normal -1.350135e-01 -9.701993e-01 2.012078e-01
    outer loop
      vertex   -5.307786e-02 -7.314445e-02 -2.096537e-02
      vertex   -4.093564e-02 -7.185080e-02 -6.579895e-03
      vertex   -6.273225e-02 -7.268568e-02 -2.523143e-02
    endloop
  endfacet
  facet normal -1.462277e-01 -9.666279e-01 2.103522e-01
    outer loop
      vertex   -5.307786e-02 -7.314445e-02 -2.096537e-02
      vertex   -1.846230e-02 -7.273881e-02 4.961926e-03
      vertex   -4.093564e-02 -7.185080e-02 -6.579895e-03
    endloop
  endfacet
  facet normal -1.449378e-01 -9.673775e-01 2.077829e-01
    outer loop
      vertex   -1.846230e-02 -7.273881e-02 4.961926e-03
      vertex   -6.000000e-03 -7.217476e-02 1.628099e-02
      vertex   -4.093564e-02 -7.185080e-02 -6.579895e-03
    endloop
  endfacet
  facet normal -1.086164e-01 -9.797149e-01 1.684078e-01
    outer loop
      vertex   -1.846230e-02 -7.273881e-02 4.961926e-03
      vertex   -6.000000e-03 -7.339774e-02 9.166270e-03
      vertex   -6.000000e-03 -7.217476e-02 1.628099e-02
    endloop
  endfacet
  facet normal -1.041641e-01 -9.824419e-01 1.547830e-01
    outer loop
      vertex   -5.107310e-02 -7.380403e-02 -2.374527e-02
      vertex   -6.000000e-03 -7.339774e-02 9.166270e-03
      vertex   -1.846230e-02 -7.273881e-02 4.961926e-03
    endloop
  endfacet
  facet normal -7.369718e-02 -9.908396e-01 1.131616e-01
    outer loop
      vertex   -3.967392e-02 -7.420417e-02 -1.982512e-02
      vertex   -6.000000e-03 -7.339774e-02 9.166270e-03
      vertex   -5.107310e-02 -7.380403e-02 -2.374527e-02
    endloop
  endfacet
  facet normal 1.574547e-02 -9.998367e-01 8.874108e-03
    outer loop
      vertex   -1.398747e-02 -7.411751e-02 -5.311050e-03
      vertex   -6.000000e-03 -7.396206e-02 -1.969607e-03
      vertex   -6.000000e-03 -7.391545e-02 3.281989e-03
    endloop
  endfacet
  facet normal 1.969305e-02 -9.998059e-01 -5.637245e-04
    outer loop
      vertex   -3.065363e-02 -7.443678e-02 -2.127352e-02
      vertex   -6.000000e-03 -7.396206e-02 -1.969607e-03
      vertex   -1.398747e-02 -7.411751e-02 -5.311050e-03
    endloop
  endfacet
  facet normal 5.421557e-02 -9.980097e-01 -3.220676e-02
    outer loop
      vertex   -3.110820e-02 -7.427271e-02 -2.712286e-02
      vertex   -3.065363e-02 -7.443678e-02 -2.127352e-02
      vertex   -3.570645e-02 -7.449006e-02 -2.812817e-02
    endloop
  endfacet
  facet normal 4.382493e-02 -9.985452e-01 -3.141430e-02
    outer loop
      vertex   -3.110820e-02 -7.427271e-02 -2.712286e-02
      vertex   -6.000000e-03 -7.396206e-02 -1.969607e-03
      vertex   -3.065363e-02 -7.443678e-02 -2.127352e-02
    endloop
  endfacet
  facet normal 7.433553e-02 -9.953097e-01 -6.191020e-02
    outer loop
      vertex   -6.000000e-03 -7.363602e-02 -7.211278e-03
      vertex   -6.000000e-03 -7.396206e-02 -1.969607e-03
      vertex   -3.110820e-02 -7.427271e-02 -2.712286e-02
    endloop
  endfacet
  facet normal 8.326521e-02 -9.938340e-01 -7.321757e-02
    outer loop
      vertex   -2.871695e-02 -7.396002e-02 -2.864777e-02
      vertex   -6.000000e-03 -7.363602e-02 -7.211278e-03
      vertex   -3.110820e-02 -7.427271e-02 -2.712286e-02
    endloop
  endfacet
  facet normal 1.190391e-01 -9.866387e-01 -1.112371e-01
    outer loop
      vertex   -1.875810e-02 -7.352243e-02 -2.187174e-02
      vertex   -6.000000e-03 -7.363602e-02 -7.211278e-03
      vertex   -2.871695e-02 -7.396002e-02 -2.864777e-02
    endloop
  endfacet
  facet normal 1.422301e-01 -9.810765e-01 -1.313757e-01
    outer loop
      vertex   -6.000000e-03 -7.293898e-02 -1.241662e-02
      vertex   -6.000000e-03 -7.363602e-02 -7.211278e-03
      vertex   -1.875810e-02 -7.352243e-02 -2.187174e-02
    endloop
  endfacet
  facet normal 1.350288e-01 -9.815932e-01 -1.350633e-01
    outer loop
      vertex   -2.283881e-02 -7.300822e-02 -2.968849e-02
      vertex   -1.875810e-02 -7.352243e-02 -2.187174e-02
      vertex   -2.871695e-02 -7.396002e-02 -2.864777e-02
    endloop
  endfacet
  facet normal 1.507428e-01 -9.781696e-01 -1.430415e-01
    outer loop
      vertex   -2.283881e-02 -7.300822e-02 -2.968849e-02
      vertex   -6.000000e-03 -7.293898e-02 -1.241662e-02
      vertex   -1.875810e-02 -7.352243e-02 -2.187174e-02
    endloop
  endfacet
  facet normal 2.070447e-01 -9.598498e-01 -1.892642e-01
    outer loop
      vertex   -3.500627e-02 -7.170699e-02 -4.959819e-02
      vertex   -2.283881e-02 -7.300822e-02 -2.968849e-02
      vertex   -4.352897e-02 -7.258595e-02 -5.446393e-02
    endloop
  endfacet
  facet normal 2.092889e-01 -9.591010e-01 -1.905868e-01
    outer loop
      vertex   -1.677567e-02 -7.153968e-02 -3.042062e-02
      vertex   -2.283881e-02 -7.300822e-02 -2.968849e-02
      vertex   -3.500627e-02 -7.170699e-02 -4.959819e-02
    endloop
  endfacet
  facet normal 2.079477e-01 -9.577050e-01 -1.988941e-01
    outer loop
      vertex   -1.677567e-02 -7.153968e-02 -3.042062e-02
      vertex   -6.000000e-03 -7.293898e-02 -1.241662e-02
      vertex   -2.283881e-02 -7.300822e-02 -2.968849e-02
    endloop
  endfacet
  facet normal 2.069343e-01 -9.580448e-01 -1.983140e-01
    outer loop
      vertex   -6.000000e-03 -7.187443e-02 -1.755940e-02
      vertex   -6.000000e-03 -7.293898e-02 -1.241662e-02
      vertex   -1.677567e-02 -7.153968e-02 -3.042062e-02
    endloop
  endfacet
  facet normal 2.425739e-01 -9.443067e-01 -2.223573e-01
    outer loop
      vertex   -1.677567e-02 -7.153968e-02 -3.042062e-02
      vertex   -3.500627e-02 -7.170699e-02 -4.959819e-02
      vertex   -3.658427e-02 -7.025101e-02 -5.750293e-02
    endloop
  endfacet
  facet normal 2.784101e-01 -9.253430e-01 -2.573483e-01
    outer loop
      vertex   -1.331012e-02 -7.037032e-02 -3.087610e-02
      vertex   -6.000000e-03 -7.187443e-02 -1.755940e-02
      vertex   -1.677567e-02 -7.153968e-02 -3.042062e-02
    endloop
  endfacet
  facet normal 2.845719e-01 -9.226047e-01 -2.604215e-01
    outer loop
      vertex   -6.000000e-03 -7.044776e-02 -2.261370e-02
      vertex   -6.000000e-03 -7.187443e-02 -1.755940e-02
      vertex   -1.331012e-02 -7.037032e-02 -3.087610e-02
    endloop
  endfacet
  facet normal 2.588877e-01 -9.394052e-01 -2.247111e-01
    outer loop
      vertex   -3.658427e-02 -7.025101e-02 -5.750293e-02
      vertex   -3.500627e-02 -7.170699e-02 -4.959819e-02
      vertex   -4.188418e-02 -7.054263e-02 -6.238977e-02
    endloop
  endfacet
  facet normal 2.796303e-01 -9.266229e-01 -2.513501e-01
    outer loop
      vertex   -1.331012e-02 -7.037032e-02 -3.087610e-02
      vertex   -1.677567e-02 -7.153968e-02 -3.042062e-02
      vertex   -2.645814e-02 -6.991332e-02 -4.718819e-02
    endloop
  endfacet
  facet normal 3.148478e-01 -9.071512e-01 -2.791908e-01
    outer loop
      vertex   -2.585684e-02 -6.853928e-02 -5.097466e-02
      vertex   -1.331012e-02 -7.037032e-02 -3.087610e-02
      vertex   -2.645814e-02 -6.991332e-02 -4.718819e-02
    endloop
  endfacet
  facet normal 3.176794e-01 -9.029136e-01 -2.895287e-01
    outer loop
      vertex   -1.770996e-02 -6.849207e-02 -4.156117e-02
      vertex   -6.000000e-03 -7.044776e-02 -2.261370e-02
      vertex   -1.331012e-02 -7.037032e-02 -3.087610e-02
    endloop
  endfacet
  facet normal 3.648022e-01 -8.758718e-01 -3.158605e-01
    outer loop
      vertex   -1.770996e-02 -6.849207e-02 -4.156117e-02
      vertex   -6.000000e-03 -6.866614e-02 -2.755407e-02
      vertex   -6.000000e-03 -7.044776e-02 -2.261370e-02
    endloop
  endfacet
  facet normal 3.270887e-01 -9.037828e-01 -2.760246e-01
    outer loop
      vertex   -2.585684e-02 -6.853928e-02 -5.097466e-02
      vertex   -2.645814e-02 -6.991332e-02 -4.718819e-02
      vertex   -3.531064e-02 -6.815341e-02 -6.344082e-02
    endloop
  endfacet
  facet normal 4.794029e-01 -7.872340e-01 -3.878601e-01
    outer loop
      vertex   -1.149732e-02 -6.439828e-02 -4.349451e-02
      vertex   -6.000000e-03 -6.653856e-02 -3.235562e-02
      vertex   -1.617083e-02 -6.590938e-02 -4.620402e-02
    endloop
  endfacet
  facet normal 5.280864e-01 -7.468628e-01 -4.041295e-01
    outer loop
      vertex   -6.000000e-03 -6.372742e-02 -3.755083e-02
      vertex   -6.000000e-03 -6.653856e-02 -3.235562e-02
      vertex   -1.149732e-02 -6.439828e-02 -4.349451e-02
    endloop
  endfacet
  facet normal 4.704751e-01 -8.043223e-01 -3.629309e-01
    outer loop
      vertex   -1.149732e-02 -6.439828e-02 -4.349451e-02
      vertex   -1.617083e-02 -6.590938e-02 -4.620402e-02
      vertex   -2.085911e-02 -6.332442e-02 -5.801028e-02
    endloop
  endfacet
  facet normal 5.327766e-01 -7.407706e-01 -4.091551e-01
    outer loop
      vertex   -1.115100e-02 -6.185997e-02 -4.763913e-02
      vertex   -6.000000e-03 -6.372742e-02 -3.755083e-02
      vertex   -1.149732e-02 -6.439828e-02 -4.349451e-02
    endloop
  endfacet
  facet normal 5.280224e-01 -7.556350e-01 -3.875669e-01
    outer loop
      vertex   -1.557606e-02 -6.097899e-02 -5.538548e-02
      vertex   -1.115100e-02 -6.185997e-02 -4.763913e-02
      vertex   -2.085911e-02 -6.332442e-02 -5.801028e-02
    endloop
  endfacet
  facet normal 5.241396e-01 -7.674430e-01 -3.692005e-01
    outer loop
      vertex   -1.557606e-02 -6.097899e-02 -5.538548e-02
      vertex   -2.085911e-02 -6.332442e-02 -5.801028e-02
      vertex   -2.015751e-02 -6.052818e-02 -6.282667e-02
    endloop
  endfacet
  facet normal 6.153023e-01 -6.568951e-01 -4.357659e-01
    outer loop
      vertex   -5.999998e-03 -5.937498e-02 -4.411191e-02
      vertex   -6.000000e-03 -6.372742e-02 -3.755083e-02
      vertex   -1.115100e-02 -6.185997e-02 -4.763913e-02
    endloop
  endfacet
  facet normal 6.093821e-01 -6.767302e-01 -4.131461e-01
    outer loop
      vertex   -1.191004e-02 -5.918272e-02 -5.314402e-02
      vertex   -5.999998e-03 -5.937498e-02 -4.411191e-02
      vertex   -1.115100e-02 -6.185997e-02 -4.763913e-02
    endloop
  endfacet
  facet normal 5.843327e-01 -7.199333e-01 -3.745014e-01
    outer loop
      vertex   -2.211118e-02 -5.580315e-02 -7.495829e-02
      vertex   -2.015751e-02 -6.052818e-02 -6.282667e-02
      vertex   -2.543911e-02 -5.808597e-02 -7.576240e-02
    endloop
  endfacet
  facet normal 5.732757e-01 -7.280562e-01 -3.758845e-01
    outer loop
      vertex   -1.785058e-02 -5.881812e-02 -6.262053e-02
      vertex   -2.015751e-02 -6.052818e-02 -6.282667e-02
      vertex   -2.211118e-02 -5.580315e-02 -7.495829e-02
    endloop
  endfacet
  facet normal 6.115769e-01 -6.770109e-01 -4.094264e-01
    outer loop
      vertex   -1.583363e-02 -5.677737e-02 -6.298223e-02
      vertex   -1.191004e-02 -5.918272e-02 -5.314402e-02
      vertex   -1.785058e-02 -5.881812e-02 -6.262053e-02
    endloop
  endfacet
  facet normal 6.556466e-01 -6.303966e-01 -4.156051e-01
    outer loop
      vertex   -1.010985e-02 -5.711601e-02 -5.343891e-02
      vertex   -1.191004e-02 -5.918272e-02 -5.314402e-02
      vertex   -1.583363e-02 -5.677737e-02 -6.298223e-02
    endloop
  endfacet
  facet normal 6.466727e-01 -6.255553e-01 -4.364574e-01
    outer loop
      vertex   -1.010985e-02 -5.711601e-02 -5.343891e-02
      vertex   -5.999998e-03 -5.937498e-02 -4.411191e-02
      vertex   -1.191004e-02 -5.918272e-02 -5.314402e-02
    endloop
  endfacet
  facet normal 6.631201e-01 -6.062403e-01 -4.390267e-01
    outer loop
      vertex   -1.040997e-02 -5.507712e-02 -5.670767e-02
      vertex   -5.999998e-03 -5.937498e-02 -4.411191e-02
      vertex   -1.010985e-02 -5.711601e-02 -5.343891e-02
    endloop
  endfacet
  facet normal 7.248531e-01 -5.335193e-01 -4.358270e-01
    outer loop
      vertex   -1.040997e-02 -5.507712e-02 -5.670767e-02
      vertex   -6.000000e-03 -5.480792e-02 -4.970270e-02
      vertex   -5.999998e-03 -5.937498e-02 -4.411191e-02
    endloop
  endfacet
  facet normal 7.203200e-01 -5.421821e-01 -4.326403e-01
    outer loop
      vertex   -9.990715e-03 -5.251372e-02 -5.922207e-02
      vertex   -6.000000e-03 -5.480792e-02 -4.970270e-02
      vertex   -1.040997e-02 -5.507712e-02 -5.670767e-02
    endloop
  endfacet
  facet normal 6.292226e-01 -6.812963e-01 -3.740511e-01
    outer loop
      vertex   -2.113801e-02 -5.123921e-02 -8.163397e-02
      vertex   -1.881542e-02 -5.500109e-02 -7.087507e-02
      vertex   -2.211118e-02 -5.580315e-02 -7.495829e-02
    endloop
  endfacet
  facet normal 7.853987e-01 -4.400605e-01 -4.353110e-01
    outer loop
      vertex   -6.000002e-03 -5.065376e-02 -5.390219e-02
      vertex   -6.000000e-03 -5.480792e-02 -4.970270e-02
      vertex   -9.990715e-03 -5.251372e-02 -5.922207e-02
    endloop
  endfacet
  facet normal 6.793131e-01 -6.345981e-01 -3.685363e-01
    outer loop
      vertex   -1.790474e-02 -5.268416e-02 -7.318607e-02
      vertex   -1.881542e-02 -5.500109e-02 -7.087507e-02
      vertex   -2.113801e-02 -5.123921e-02 -8.163397e-02
    endloop
  endfacet
  facet normal 7.060601e-01 -5.893529e-01 -3.926096e-01
    outer loop
      vertex   -1.592939e-02 -5.035712e-02 -7.312680e-02
      vertex   -1.464088e-02 -5.340643e-02 -6.623221e-02
      vertex   -1.790474e-02 -5.268416e-02 -7.318607e-02
    endloop
  endfacet
  facet normal 7.217358e-01 -5.594905e-01 -4.075142e-01
    outer loop
      vertex   -1.282785e-02 -5.117643e-02 -6.608284e-02
      vertex   -9.990715e-03 -5.251372e-02 -5.922207e-02
      vertex   -1.464088e-02 -5.340643e-02 -6.623221e-02
    endloop
  endfacet
  facet normal 7.752330e-01 -4.761711e-01 -4.150601e-01
    outer loop
      vertex   -9.052000e-03 -4.960197e-02 -6.080923e-02
      vertex   -6.000002e-03 -5.065376e-02 -5.390219e-02
      vertex   -9.990715e-03 -5.251372e-02 -5.922207e-02
    endloop
  endfacet
  facet normal 6.939057e-01 -6.143103e-01 -3.756564e-01
    outer loop
      vertex   -1.851614e-02 -4.728765e-02 -8.325289e-02
      vertex   -1.917501e-02 -5.001827e-02 -8.000456e-02
      vertex   -2.113801e-02 -5.123921e-02 -8.163397e-02
    endloop
  endfacet
  facet normal 7.550052e-01 -5.459656e-01 -3.631649e-01
    outer loop
      vertex   -1.673292e-02 -4.489581e-02 -8.314143e-02
      vertex   -1.409589e-02 -4.879414e-02 -7.179860e-02
      vertex   -1.851614e-02 -4.728765e-02 -8.325289e-02
    endloop
  endfacet
  facet normal 8.171585e-01 -4.595681e-01 -3.479213e-01
    outer loop
      vertex   -1.468098e-02 -4.597911e-02 -7.689116e-02
      vertex   -1.409589e-02 -4.879414e-02 -7.179860e-02
      vertex   -1.673292e-02 -4.489581e-02 -8.314143e-02
    endloop
  endfacet
  facet normal 7.940562e-01 -4.887425e-01 -3.613939e-01
    outer loop
      vertex   -1.249308e-02 -4.596519e-02 -7.210269e-02
      vertex   -1.409589e-02 -4.879414e-02 -7.179860e-02
      vertex   -1.468098e-02 -4.597911e-02 -7.689116e-02
    endloop
  endfacet
  facet normal 7.927175e-01 -4.883545e-01 -3.648409e-01
    outer loop
      vertex   -9.519697e-03 -4.599972e-02 -6.559599e-02
      vertex   -1.409589e-02 -4.879414e-02 -7.179860e-02
      vertex   -1.249308e-02 -4.596519e-02 -7.210269e-02
    endloop
  endfacet
  facet normal 8.081459e-01 -4.299653e-01 -4.025296e-01
    outer loop
      vertex   -9.519697e-03 -4.599972e-02 -6.559599e-02
      vertex   -9.052000e-03 -4.960197e-02 -6.080923e-02
      vertex   -1.409589e-02 -4.879414e-02 -7.179860e-02
    endloop
  endfacet
  facet normal 7.884165e-01 -4.520345e-01 -4.172100e-01
    outer loop
      vertex   -9.519697e-03 -4.599972e-02 -6.559599e-02
      vertex   -6.000002e-03 -5.065376e-02 -5.390219e-02
      vertex   -9.052000e-03 -4.960197e-02 -6.080923e-02
    endloop
  endfacet
  facet normal 8.569773e-01 -3.352800e-01 -3.913786e-01
    outer loop
      vertex   -6.000000e-03 -4.517134e-02 -5.859878e-02
      vertex   -6.000002e-03 -5.065376e-02 -5.390219e-02
      vertex   -9.519697e-03 -4.599972e-02 -6.559599e-02
    endloop
  endfacet
  facet normal -5.290492e-01 -4.174593e-02 8.475637e-01
    outer loop
      vertex   -5.578355e-02 2.406634e-04 4.307810e-02
      vertex   -5.488257e-02 -7.124458e-03 4.327773e-02
      vertex   -2.638664e-02 -4.190337e-03 6.120940e-02
    endloop
  endfacet
  facet normal -5.189866e-01 -4.034512e-02 8.538297e-01
    outer loop
      vertex   -6.292465e-02 -3.631247e-03 3.855454e-02
      vertex   -5.488257e-02 -7.124458e-03 4.327773e-02
      vertex   -5.578355e-02 2.406634e-04 4.307810e-02
    endloop
  endfacet
  facet normal -5.131893e-01 -2.369267e-01 8.249258e-01
    outer loop
      vertex   -9.216247e-02 -2.024944e-02 1.736995e-02
      vertex   -6.631307e-02 -2.178012e-02 3.301133e-02
      vertex   -7.822455e-02 -1.655529e-02 2.710178e-02
    endloop
  endfacet
  facet normal -5.080776e-01 -2.889887e-01 8.113832e-01
    outer loop
      vertex   -9.216247e-02 -2.024944e-02 1.736995e-02
      vertex   -6.959143e-02 -2.523040e-02 2.972958e-02
      vertex   -6.631307e-02 -2.178012e-02 3.301133e-02
    endloop
  endfacet
  facet normal -4.672123e-01 -5.249405e-01 7.114423e-01
    outer loop
      vertex   -1.050147e-01 -4.343213e-02 -3.365723e-03
      vertex   -1.002039e-01 -4.210744e-02 7.709940e-04
      vertex   -1.003308e-01 -3.903952e-02 2.951318e-03
    endloop
  endfacet
  facet normal -4.443595e-01 -5.628042e-01 6.969907e-01
    outer loop
      vertex   -1.050147e-01 -4.343213e-02 -3.365723e-03
      vertex   -9.312217e-02 -4.444838e-02 3.395643e-03
      vertex   -1.002039e-01 -4.210744e-02 7.709940e-04
    endloop
  endfacet
  facet normal -4.320804e-01 -6.046553e-01 6.691028e-01
    outer loop
      vertex   -1.050147e-01 -4.343213e-02 -3.365723e-03
      vertex   -9.865393e-02 -4.814493e-02 -3.517057e-03
      vertex   -9.312217e-02 -4.444838e-02 3.395643e-03
    endloop
  endfacet
  facet normal -4.383636e-01 -6.127643e-01 6.575388e-01
    outer loop
      vertex   -1.018237e-01 -4.913908e-02 -6.556711e-03
      vertex   -9.865393e-02 -4.814493e-02 -3.517057e-03
      vertex   -1.050147e-01 -4.343213e-02 -3.365723e-03
    endloop
  endfacet
  facet normal -4.374827e-01 -5.991928e-01 6.705049e-01
    outer loop
      vertex   -9.865393e-02 -4.814493e-02 -3.517057e-03
      vertex   -8.946825e-02 -4.650990e-02 3.937436e-03
      vertex   -9.312217e-02 -4.444838e-02 3.395643e-03
    endloop
  endfacet
  facet normal -4.245870e-01 -6.205295e-01 6.592943e-01
    outer loop
      vertex   -8.421057e-02 -4.872428e-02 5.239217e-03
      vertex   -8.946825e-02 -4.650990e-02 3.937436e-03
      vertex   -9.865393e-02 -4.814493e-02 -3.517057e-03
    endloop
  endfacet
  facet normal -4.054915e-01 -5.213816e-01 7.508248e-01
    outer loop
      vertex   -8.421057e-02 -4.872428e-02 5.239217e-03
      vertex   -9.312217e-02 -4.444838e-02 3.395643e-03
      vertex   -8.946825e-02 -4.650990e-02 3.937436e-03
    endloop
  endfacet
  facet normal -4.302079e-01 -6.095118e-01 6.658953e-01
    outer loop
      vertex   -8.421057e-02 -4.872428e-02 5.239217e-03
      vertex   -7.231362e-02 -4.696727e-02 1.453359e-02
      vertex   -9.312217e-02 -4.444838e-02 3.395643e-03
    endloop
  endfacet
  facet normal -4.336128e-01 -5.908147e-01 6.803807e-01
    outer loop
      vertex   -5.797060e-02 -4.887583e-02 2.201722e-02
      vertex   -6.334056e-02 -4.449774e-02 2.239664e-02
      vertex   -7.231362e-02 -4.696727e-02 1.453359e-02
    endloop
  endfacet
  facet normal -4.378100e-01 -5.953819e-01 6.736785e-01
    outer loop
      vertex   -5.797060e-02 -4.887583e-02 2.201722e-02
      vertex   -5.010246e-02 -4.710447e-02 2.869604e-02
      vertex   -6.334056e-02 -4.449774e-02 2.239664e-02
    endloop
  endfacet
  facet normal -4.415728e-01 -5.804659e-01 6.841585e-01
    outer loop
      vertex   -5.797060e-02 -4.887583e-02 2.201722e-02
      vertex   -6.000000e-03 -4.822607e-02 5.611161e-02
      vertex   -3.283304e-02 -4.500016e-02 4.152988e-02
    endloop
  endfacet
  facet normal -4.201306e-01 -6.307321e-01 6.524318e-01
    outer loop
      vertex   -4.408634e-02 -5.136530e-02 2.855125e-02
      vertex   -6.000000e-03 -4.822607e-02 5.611161e-02
      vertex   -5.797060e-02 -4.887583e-02 2.201722e-02
    endloop
  endfacet
  facet normal -4.264212e-01 -6.187716e-01 6.597626e-01
    outer loop
      vertex   -4.408634e-02 -5.136530e-02 2.855125e-02
      vertex   -6.000002e-03 -5.253466e-02 5.207071e-02
      vertex   -6.000000e-03 -4.822607e-02 5.611161e-02
    endloop
  endfacet
  facet normal -4.061995e-01 -6.669721e-01 6.246200e-01
    outer loop
      vertex   -5.051720e-02 -5.343148e-02 2.216289e-02
      vertex   -6.000002e-03 -5.253466e-02 5.207071e-02
      vertex   -4.408634e-02 -5.136530e-02 2.855125e-02
    endloop
  endfacet
  facet normal -4.013191e-01 -6.763633e-01 6.176372e-01
    outer loop
      vertex   -2.592387e-02 -5.552701e-02 3.584801e-02
      vertex   -6.000002e-03 -5.253466e-02 5.207071e-02
      vertex   -5.051720e-02 -5.343148e-02 2.216289e-02
    endloop
  endfacet
  facet normal -3.897008e-01 -6.930737e-01 6.064505e-01
    outer loop
      vertex   -2.592387e-02 -5.552701e-02 3.584801e-02
      vertex   -6.000000e-03 -5.858272e-02 4.515876e-02
      vertex   -6.000002e-03 -5.253466e-02 5.207071e-02
    endloop
  endfacet
  facet normal -3.816683e-01 -7.190889e-01 5.807240e-01
    outer loop
      vertex   -3.176144e-02 -5.789848e-02 2.907488e-02
      vertex   -6.000000e-03 -5.858272e-02 4.515876e-02
      vertex   -2.592387e-02 -5.552701e-02 3.584801e-02
    endloop
  endfacet
  facet normal -3.576546e-01 -7.615724e-01 5.404541e-01
    outer loop
      vertex   -2.880349e-02 -6.099650e-02 2.666683e-02
      vertex   -6.000000e-03 -5.858272e-02 4.515876e-02
      vertex   -3.176144e-02 -5.789848e-02 2.907488e-02
    endloop
  endfacet
  facet normal -9.124069e-02 -9.872899e-01 1.301302e-01
    outer loop
      vertex   -6.739378e-02 -7.456825e-02 -4.098664e-02
      vertex   -5.107310e-02 -7.380403e-02 -2.374527e-02
      vertex   -7.247492e-02 -7.342896e-02 -3.590550e-02
    endloop
  endfacet
  facet normal -7.098412e-02 -9.912674e-01 1.111316e-01
    outer loop
      vertex   -6.739378e-02 -7.456825e-02 -4.098664e-02
      vertex   -6.137267e-02 -7.452228e-02 -3.673063e-02
      vertex   -5.107310e-02 -7.380403e-02 -2.374527e-02
    endloop
  endfacet
  facet normal -7.374228e-02 -9.908211e-01 1.132946e-01
    outer loop
      vertex   -3.967392e-02 -7.420417e-02 -1.982512e-02
      vertex   -5.107310e-02 -7.380403e-02 -2.374527e-02
      vertex   -6.137267e-02 -7.452228e-02 -3.673063e-02
    endloop
  endfacet
  facet normal -5.396498e-02 -9.944476e-01 9.034274e-02
    outer loop
      vertex   -2.224619e-02 -7.411424e-02 -8.425039e-03
      vertex   -6.000000e-03 -7.339774e-02 9.166270e-03
      vertex   -3.967392e-02 -7.420417e-02 -1.982512e-02
    endloop
  endfacet
  facet normal -5.090109e-02 -9.948606e-01 8.752995e-02
    outer loop
      vertex   -2.224619e-02 -7.411424e-02 -8.425039e-03
      vertex   -6.000000e-03 -7.391545e-02 3.281989e-03
      vertex   -6.000000e-03 -7.339774e-02 9.166270e-03
    endloop
  endfacet
  facet normal -1.424797e-02 -9.992233e-01 3.673942e-02
    outer loop
      vertex   -2.224619e-02 -7.411424e-02 -8.425039e-03
      vertex   -1.398747e-02 -7.411751e-02 -5.311050e-03
      vertex   -6.000000e-03 -7.391545e-02 3.281989e-03
    endloop
  endfacet
  facet normal -1.308203e-02 -9.993482e-01 3.364705e-02
    outer loop
      vertex   -2.224619e-02 -7.411424e-02 -8.425039e-03
      vertex   -3.065363e-02 -7.443678e-02 -2.127352e-02
      vertex   -1.398747e-02 -7.411751e-02 -5.311050e-03
    endloop
  endfacet
  facet normal 2.458849e-01 -9.444255e-01 -2.181766e-01
    outer loop
      vertex   -4.522568e-02 -7.123589e-02 -6.315474e-02
      vertex   -4.188418e-02 -7.054263e-02 -6.238977e-02
      vertex   -3.500627e-02 -7.170699e-02 -4.959819e-02
    endloop
  endfacet
  facet normal 2.494784e-01 -9.383203e-01 -2.394065e-01
    outer loop
      vertex   -4.171379e-02 -6.940612e-02 -6.666662e-02
      vertex   -4.188418e-02 -7.054263e-02 -6.238977e-02
      vertex   -4.522568e-02 -7.123589e-02 -6.315474e-02
    endloop
  endfacet
  facet normal 2.700735e-01 -9.331609e-01 -2.372150e-01
    outer loop
      vertex   -4.171379e-02 -6.940612e-02 -6.666662e-02
      vertex   -3.658427e-02 -7.025101e-02 -5.750293e-02
      vertex   -4.188418e-02 -7.054263e-02 -6.238977e-02
    endloop
  endfacet
  facet normal 2.910314e-01 -9.239842e-01 -2.481005e-01
    outer loop
      vertex   -4.171379e-02 -6.940612e-02 -6.666662e-02
      vertex   -3.914624e-02 -6.926901e-02 -6.416542e-02
      vertex   -3.658427e-02 -7.025101e-02 -5.750293e-02
    endloop
  endfacet
  facet normal 3.142102e-01 -9.143017e-01 -2.555865e-01
    outer loop
      vertex   -3.531064e-02 -6.815341e-02 -6.344082e-02
      vertex   -3.658427e-02 -7.025101e-02 -5.750293e-02
      vertex   -3.914624e-02 -6.926901e-02 -6.416542e-02
    endloop
  endfacet
  facet normal 3.939809e-01 -8.539273e-01 -3.399812e-01
    outer loop
      vertex   -1.334612e-02 -6.740534e-02 -3.923374e-02
      vertex   -6.000000e-03 -6.866614e-02 -2.755407e-02
      vertex   -1.770996e-02 -6.849207e-02 -4.156117e-02
    endloop
  endfacet
  facet normal 4.379704e-01 -8.219154e-01 -3.641935e-01
    outer loop
      vertex   -1.334612e-02 -6.740534e-02 -3.923374e-02
      vertex   -6.000000e-03 -6.653856e-02 -3.235562e-02
      vertex   -6.000000e-03 -6.866614e-02 -2.755407e-02
    endloop
  endfacet
  facet normal 4.278459e-01 -8.324715e-01 -3.520499e-01
    outer loop
      vertex   -1.617083e-02 -6.590938e-02 -4.620402e-02
      vertex   -6.000000e-03 -6.653856e-02 -3.235562e-02
      vertex   -1.334612e-02 -6.740534e-02 -3.923374e-02
    endloop
  endfacet
  facet normal 5.303840e-01 -7.644233e-01 -3.665377e-01
    outer loop
      vertex   -2.548749e-02 -6.098216e-02 -6.959243e-02
      vertex   -2.015751e-02 -6.052818e-02 -6.282667e-02
      vertex   -2.085911e-02 -6.332442e-02 -5.801028e-02
    endloop
  endfacet
  facet normal 7.108111e-01 -6.129652e-01 -3.449946e-01
    outer loop
      vertex   -1.997162e-02 -4.607358e-02 -8.840880e-02
      vertex   -1.851614e-02 -4.728765e-02 -8.325289e-02
      vertex   -2.113801e-02 -5.123921e-02 -8.163397e-02
    endloop
  endfacet
  facet normal 8.511044e-01 -3.558570e-01 -3.859884e-01
    outer loop
      vertex   -7.971581e-03 -4.339783e-02 -6.458118e-02
      vertex   -6.000000e-03 -4.517134e-02 -5.859878e-02
      vertex   -9.519697e-03 -4.599972e-02 -6.559599e-02
    endloop
  endfacet
  facet normal 9.857788e-01 -9.254138e-02 -1.402717e-01
    outer loop
      vertex   -8.807676e-03 -8.891107e-03 -9.652107e-02
      vertex   -9.431932e-03 -1.186146e-02 -9.894849e-02
      vertex   -8.945952e-03 -5.948017e-03 -9.943447e-02
    endloop
  endfacet
  facet normal 9.867537e-01 -1.097461e-01 -1.194695e-01
    outer loop
      vertex   -8.807676e-03 -8.891107e-03 -9.652107e-02
      vertex   -9.260661e-03 -1.498706e-02 -9.466266e-02
      vertex   -9.431932e-03 -1.186146e-02 -9.894849e-02
    endloop
  endfacet
  facet normal 8.917982e-01 -3.130739e-01 -3.266200e-01
    outer loop
      vertex   -8.035108e-03 -3.938916e-02 -6.810550e-02
      vertex   -1.066376e-02 -3.884163e-02 -7.580756e-02
      vertex   -9.704450e-03 -3.433928e-02 -7.750389e-02
    endloop
  endfacet
  facet normal 8.899015e-01 -2.931525e-01 -3.494810e-01
    outer loop
      vertex   -6.000002e-03 -4.090073e-02 -6.165547e-02
      vertex   -7.971581e-03 -4.339783e-02 -6.458118e-02
      vertex   -8.035108e-03 -3.938916e-02 -6.810550e-02
    endloop
  endfacet
  facet normal 8.892321e-01 -2.662515e-01 -3.719899e-01
    outer loop
      vertex   -6.000000e-03 -4.517134e-02 -5.859878e-02
      vertex   -7.971581e-03 -4.339783e-02 -6.458118e-02
      vertex   -6.000002e-03 -4.090073e-02 -6.165547e-02
    endloop
  endfacet
  facet normal 9.179035e-01 -2.074796e-01 -3.382387e-01
    outer loop
      vertex   -8.035108e-03 -3.938916e-02 -6.810550e-02
      vertex   -6.000002e-03 -3.642405e-02 -6.440151e-02
      vertex   -6.000002e-03 -4.090073e-02 -6.165547e-02
    endloop
  endfacet
  facet normal 9.190216e-01 -2.439767e-01 -3.096363e-01
    outer loop
      vertex   -7.722452e-03 -3.554186e-02 -7.020899e-02
      vertex   -6.000002e-03 -3.642405e-02 -6.440151e-02
      vertex   -8.035108e-03 -3.938916e-02 -6.810550e-02
    endloop
  endfacet
  facet normal 9.406397e-01 -1.541183e-01 -3.023980e-01
    outer loop
      vertex   -5.999998e-03 -3.116113e-02 -6.708377e-02
      vertex   -6.000002e-03 -3.642405e-02 -6.440151e-02
      vertex   -7.722452e-03 -3.554186e-02 -7.020899e-02
    endloop
  endfacet
  facet normal 9.472817e-01 -1.867036e-01 -2.603827e-01
    outer loop
      vertex   -7.632943e-03 -3.063314e-02 -7.340307e-02
      vertex   -5.999998e-03 -3.116113e-02 -6.708377e-02
      vertex   -7.722452e-03 -3.554186e-02 -7.020899e-02
    endloop
  endfacet
  facet normal 9.433683e-01 -2.049170e-01 -2.608932e-01
    outer loop
      vertex   -8.171431e-03 -2.706488e-02 -7.815287e-02
      vertex   -5.999998e-03 -3.116113e-02 -6.708377e-02
      vertex   -7.632943e-03 -3.063314e-02 -7.340307e-02
    endloop
  endfacet
  facet normal 9.634715e-01 -1.267583e-01 -2.359133e-01
    outer loop
      vertex   -7.281981e-03 -2.353594e-02 -7.641647e-02
      vertex   -5.999998e-03 -3.116113e-02 -6.708377e-02
      vertex   -8.171431e-03 -2.706488e-02 -7.815287e-02
    endloop
  endfacet
  facet normal 9.781726e-01 -7.345150e-02 -1.943790e-01
    outer loop
      vertex   -5.999998e-03 -2.165414e-02 -7.067625e-02
      vertex   -5.999998e-03 -3.116113e-02 -6.708377e-02
      vertex   -7.281981e-03 -2.353594e-02 -7.641647e-02
    endloop
  endfacet
  facet normal 9.572688e-01 -2.069985e-01 -2.019607e-01
    outer loop
      vertex   -9.309480e-03 -2.239695e-02 -8.751025e-02
      vertex   -9.862275e-03 -2.801876e-02 -8.436838e-02
      vertex   -1.000262e-02 -2.608732e-02 -8.701323e-02
    endloop
  endfacet
  facet normal 9.495119e-01 -2.189445e-01 -2.247007e-01
    outer loop
      vertex   -9.309480e-03 -2.239695e-02 -8.751025e-02
      vertex   -8.171431e-03 -2.706488e-02 -7.815287e-02
      vertex   -9.862275e-03 -2.801876e-02 -8.436838e-02
    endloop
  endfacet
  facet normal 9.728967e-01 -1.366924e-01 -1.865133e-01
    outer loop
      vertex   -8.027147e-03 -1.994257e-02 -8.262007e-02
      vertex   -8.171431e-03 -2.706488e-02 -7.815287e-02
      vertex   -9.309480e-03 -2.239695e-02 -8.751025e-02
    endloop
  endfacet
  facet normal 9.688074e-01 -1.454639e-01 -2.006303e-01
    outer loop
      vertex   -7.281981e-03 -2.353594e-02 -7.641647e-02
      vertex   -8.171431e-03 -2.706488e-02 -7.815287e-02
      vertex   -8.027147e-03 -1.994257e-02 -8.262007e-02
    endloop
  endfacet
  facet normal 9.779826e-01 -8.533987e-02 -1.904392e-01
    outer loop
      vertex   -6.693762e-03 -1.627439e-02 -7.664979e-02
      vertex   -5.999998e-03 -2.165414e-02 -7.067625e-02
      vertex   -7.281981e-03 -2.353594e-02 -7.641647e-02
    endloop
  endfacet
  facet normal 9.685779e-01 -1.760026e-01 -1.757271e-01
    outer loop
      vertex   -9.260661e-03 -1.498706e-02 -9.466266e-02
      vertex   -9.309480e-03 -2.239695e-02 -8.751025e-02
      vertex   -1.005540e-02 -2.095487e-02 -9.306594e-02
    endloop
  endfacet
  facet normal 9.789057e-01 -1.451966e-01 -1.437416e-01
    outer loop
      vertex   -8.682494e-03 -1.482867e-02 -9.088523e-02
      vertex   -9.309480e-03 -2.239695e-02 -8.751025e-02
      vertex   -9.260661e-03 -1.498706e-02 -9.466266e-02
    endloop
  endfacet
  facet normal 9.716734e-01 -1.586201e-01 -1.751870e-01
    outer loop
      vertex   -8.682494e-03 -1.482867e-02 -9.088523e-02
      vertex   -8.027147e-03 -1.994257e-02 -8.262007e-02
      vertex   -9.309480e-03 -2.239695e-02 -8.751025e-02
    endloop
  endfacet
  facet normal 9.822594e-01 -8.493923e-02 -1.671878e-01
    outer loop
      vertex   -6.693762e-03 -1.627439e-02 -7.664979e-02
      vertex   -7.281981e-03 -2.353594e-02 -7.641647e-02
      vertex   -8.027147e-03 -1.994257e-02 -8.262007e-02
    endloop
  endfacet
  facet normal 9.844435e-01 -1.034156e-01 -1.420429e-01
    outer loop
      vertex   -7.861055e-03 -1.481333e-02 -8.520333e-02
      vertex   -8.027147e-03 -1.994257e-02 -8.262007e-02
      vertex   -8.682494e-03 -1.482867e-02 -9.088523e-02
    endloop
  endfacet
  facet normal 9.822930e-01 -1.086703e-01 -1.526147e-01
    outer loop
      vertex   -7.861055e-03 -1.481333e-02 -8.520333e-02
      vertex   -6.693762e-03 -1.627439e-02 -7.664979e-02
      vertex   -8.027147e-03 -1.994257e-02 -8.262007e-02
    endloop
  endfacet
  facet normal 9.891018e-01 -3.201850e-02 -1.437096e-01
    outer loop
      vertex   -6.693762e-03 -1.627439e-02 -7.664979e-02
      vertex   -5.999998e-03 -9.817273e-03 -7.331351e-02
      vertex   -5.999998e-03 -2.165414e-02 -7.067625e-02
    endloop
  endfacet
  facet normal 9.914668e-01 -4.292720e-02 -1.230884e-01
    outer loop
      vertex   -7.602705e-03 -9.965764e-03 -8.617138e-02
      vertex   -5.999998e-03 -9.817273e-03 -7.331351e-02
      vertex   -6.693762e-03 -1.627439e-02 -7.664979e-02
    endloop
  endfacet
  facet normal 9.916364e-01 -3.858711e-02 -1.231597e-01
    outer loop
      vertex   -6.950818e-03 -7.149743e-03 -8.180492e-02
      vertex   -5.999998e-03 -9.817273e-03 -7.331351e-02
      vertex   -7.602705e-03 -9.965764e-03 -8.617138e-02
    endloop
  endfacet
  facet normal 9.903333e-01 -6.576128e-02 -1.221287e-01
    outer loop
      vertex   -8.387337e-03 -5.816182e-03 -9.476829e-02
      vertex   -7.602705e-03 -9.965764e-03 -8.617138e-02
      vertex   -8.807676e-03 -8.891107e-03 -9.652107e-02
    endloop
  endfacet
  facet normal 9.910476e-01 -4.587016e-02 -1.253817e-01
    outer loop
      vertex   -7.539390e-03 -2.744172e-03 -8.806889e-02
      vertex   -5.999998e-03 -9.817273e-03 -7.331351e-02
      vertex   -6.950818e-03 -7.149743e-03 -8.180492e-02
    endloop
  endfacet
  facet normal 9.942322e-01 -6.887450e-03 -1.070273e-01
    outer loop
      vertex   -5.999998e-03 -3.274620e-04 -7.392420e-02
      vertex   -5.999998e-03 -9.817273e-03 -7.331351e-02
      vertex   -7.539390e-03 -2.744172e-03 -8.806889e-02
    endloop
  endfacet
  facet normal 9.276874e-01 -2.343147e-01 -2.906763e-01
    outer loop
      vertex   -9.704450e-03 -3.433928e-02 -7.750389e-02
      vertex   -7.722452e-03 -3.554186e-02 -7.020899e-02
      vertex   -8.035108e-03 -3.938916e-02 -6.810550e-02
    endloop
  endfacet
  facet normal 9.183631e-01 -2.803809e-01 -2.792770e-01
    outer loop
      vertex   -1.053225e-02 -3.399802e-02 -8.056859e-02
      vertex   -9.862275e-03 -2.801876e-02 -8.436838e-02
      vertex   -9.704450e-03 -3.433928e-02 -7.750389e-02
    endloop
  endfacet
  facet normal 9.615874e-01 -2.051698e-01 -1.823594e-01
    outer loop
      vertex   -1.005540e-02 -2.095487e-02 -9.306594e-02
      vertex   -9.309480e-03 -2.239695e-02 -8.751025e-02
      vertex   -1.000262e-02 -2.608732e-02 -8.701323e-02
    endloop
  endfacet
  facet normal 9.907761e-01 -6.893692e-02 -1.166638e-01
    outer loop
      vertex   -8.387337e-03 -5.816182e-03 -9.476829e-02
      vertex   -8.807676e-03 -8.891107e-03 -9.652107e-02
      vertex   -8.945952e-03 -5.948017e-03 -9.943447e-02
    endloop
  endfacet
  facet normal 9.933818e-01 -3.725727e-02 -1.086485e-01
    outer loop
      vertex   -7.539390e-03 -2.744172e-03 -8.806889e-02
      vertex   -7.602705e-03 -9.965764e-03 -8.617138e-02
      vertex   -8.387337e-03 -5.816182e-03 -9.476829e-02
    endloop
  endfacet
  facet normal 9.917187e-01 -4.070064e-02 -1.218089e-01
    outer loop
      vertex   -7.539390e-03 -2.744172e-03 -8.806889e-02
      vertex   -6.950818e-03 -7.149743e-03 -8.180492e-02
      vertex   -7.602705e-03 -9.965764e-03 -8.617138e-02
    endloop
  endfacet
  facet normal 1.000000e+00 2.110659e-06 2.747227e-06
    outer loop
      vertex   -6.000000e-03 4.198856e-02 6.091984e-02
      vertex   -5.999998e-03 5.208495e-02 5.254925e-02
      vertex   -6.000000e-03 4.771317e-02 5.652169e-02
    endloop
  endfacet
  facet normal 1.000000e+00 -1.744827e-06 -1.903161e-06
    outer loop
      vertex   -6.000000e-03 5.694309e-02 4.720946e-02
      vertex   -5.999998e-03 5.208495e-02 5.254925e-02
      vertex   -6.000000e-03 4.198856e-02 6.091984e-02
    endloop
  endfacet
  facet normal 1.000000e+00 -1.120143e-06 -1.221790e-06
    outer loop
      vertex   -6.000002e-03 6.054482e-02 4.252754e-02
      vertex   -6.000000e-03 5.694309e-02 4.720946e-02
      vertex   -6.000000e-03 4.198856e-02 6.091984e-02
    endloop
  endfacet
  facet normal 1.000000e+00 2.558638e-07 1.664828e-07
    outer loop
      vertex   -6.000000e-03 4.198856e-02 6.091984e-02
      vertex   -6.000002e-03 6.340906e-02 3.812554e-02
      vertex   -6.000002e-03 6.054482e-02 4.252754e-02
    endloop
  endfacet
  facet normal 1.000000e+00 1.142865e-06 1.000025e-06
    outer loop
      vertex   -6.000000e-03 4.198856e-02 6.091984e-02
      vertex   -6.000000e-03 6.595383e-02 3.353146e-02
      vertex   -6.000002e-03 6.340906e-02 3.812554e-02
    endloop
  endfacet
  facet normal 1.000000e+00 8.874593e-16 3.690086e-15
    outer loop
      vertex   -6.000000e-03 6.816629e-02 2.876843e-02
      vertex   -6.000000e-03 6.595383e-02 3.353146e-02
      vertex   -6.000000e-03 4.198856e-02 6.091984e-02
    endloop
  endfacet
  facet normal 1.000000e+00 -3.962915e-07 -3.226612e-07
    outer loop
      vertex   -6.000000e-03 4.198856e-02 6.091984e-02
      vertex   -6.000001e-03 7.003531e-02 2.386046e-02
      vertex   -6.000000e-03 6.816629e-02 2.876843e-02
    endloop
  endfacet
  facet normal 1.000000e+00 6.022920e-07 4.330724e-07
    outer loop
      vertex   -6.000000e-03 4.198856e-02 6.091984e-02
      vertex   -6.000000e-03 7.155146e-02 1.883227e-02
      vertex   -6.000001e-03 7.003531e-02 2.386046e-02
    endloop
  endfacet
  facet normal 1.000000e+00 -1.935310e-07 -1.259248e-07
    outer loop
      vertex   -6.000000e-03 7.270711e-02 1.370919e-02
      vertex   -6.000000e-03 7.155146e-02 1.883227e-02
      vertex   -6.000000e-03 4.198856e-02 6.091984e-02
    endloop
  endfacet
  facet normal 1.000000e+00 1.627891e-07 1.059220e-07
    outer loop
      vertex   -6.000000e-03 4.198856e-02 6.091984e-02
      vertex   -6.000000e-03 7.349644e-02 8.517047e-03
      vertex   -6.000000e-03 7.270711e-02 1.370919e-02
    endloop
  endfacet
  facet normal 1.000000e+00 -1.698922e-07 -9.410706e-08
    outer loop
      vertex   -6.000000e-03 4.198856e-02 6.091984e-02
      vertex   -6.000000e-03 7.391545e-02 3.281989e-03
      vertex   -6.000000e-03 7.349644e-02 8.517047e-03
    endloop
  endfacet
  facet normal 1.000000e+00 3.226006e-08 1.786957e-08
    outer loop
      vertex   -6.000000e-03 4.198856e-02 6.091984e-02
      vertex   -6.000000e-03 7.392130e-02 -2.625022e-03
      vertex   -6.000000e-03 7.391545e-02 3.281989e-03
    endloop
  endfacet
  facet normal 1.000000e+00 7.236460e-08 3.802302e-08
    outer loop
      vertex   -6.000000e-03 4.198856e-02 6.091984e-02
      vertex   -6.000000e-03 7.333370e-02 -9.820134e-03
      vertex   -6.000000e-03 7.392130e-02 -2.625022e-03
    endloop
  endfacet
  facet normal 1.000000e+00 -4.078966e-07 -1.747824e-07
    outer loop
      vertex   -6.000001e-03 7.245234e-02 -1.499745e-02
      vertex   -6.000000e-03 7.333370e-02 -9.820134e-03
      vertex   -6.000000e-03 4.198856e-02 6.091984e-02
    endloop
  endfacet
  facet normal 1.000000e+00 2.731306e-07 9.849738e-08
    outer loop
      vertex   -6.000000e-03 4.198856e-02 6.091984e-02
      vertex   -6.000000e-03 7.120595e-02 -2.009921e-02
      vertex   -6.000001e-03 7.245234e-02 -1.499745e-02
    endloop
  endfacet
  facet normal 1.000000e+00 5.692955e-16 3.459819e-15
    outer loop
      vertex   -6.000000e-03 4.198856e-02 6.091984e-02
      vertex   -6.000000e-03 6.960080e-02 -2.509970e-02
      vertex   -6.000000e-03 7.120595e-02 -2.009921e-02
    endloop
  endfacet
  facet normal 1.000000e+00 3.904869e-16 3.402422e-15
    outer loop
      vertex   -6.000000e-03 6.764497e-02 -2.997373e-02
      vertex   -6.000000e-03 6.960080e-02 -2.509970e-02
      vertex   -6.000000e-03 4.198856e-02 6.091984e-02
    endloop
  endfacet
  facet normal 1.000000e+00 7.343384e-16 3.499480e-15
    outer loop
      vertex   -6.000000e-03 4.198856e-02 6.091984e-02
      vertex   -6.000000e-03 6.534832e-02 -3.469674e-02
      vertex   -6.000000e-03 6.764497e-02 -2.997373e-02
    endloop
  endfacet
  facet normal 1.000000e+00 4.511234e-07 1.102124e-07
    outer loop
      vertex   -6.000000e-03 4.198856e-02 6.091984e-02
      vertex   -5.999998e-03 6.272242e-02 -3.924493e-02
      vertex   -6.000000e-03 6.534832e-02 -3.469674e-02
    endloop
  endfacet
  facet normal 1.000000e+00 -8.965539e-07 -1.687534e-07
    outer loop
      vertex   -6.000002e-03 5.978049e-02 -4.359540e-02
      vertex   -5.999998e-03 6.272242e-02 -3.924493e-02
      vertex   -6.000000e-03 4.198856e-02 6.091984e-02
    endloop
  endfacet
  facet normal 1.000000e+00 4.440868e-07 5.946779e-08
    outer loop
      vertex   -6.000000e-03 4.198856e-02 6.091984e-02
      vertex   -6.000000e-03 5.653738e-02 -4.772621e-02
      vertex   -6.000002e-03 5.978049e-02 -4.359540e-02
    endloop
  endfacet
  facet normal 1.000000e+00 5.687721e-16 3.469097e-15
    outer loop
      vertex   -6.000000e-03 4.198856e-02 6.091984e-02
      vertex   -6.000000e-03 5.253488e-02 -5.207049e-02
      vertex   -6.000000e-03 5.653738e-02 -4.772621e-02
    endloop
  endfacet
  facet normal 1.000000e+00 2.922533e-07 2.727841e-08
    outer loop
      vertex   -6.000000e-03 4.198856e-02 6.091984e-02
      vertex   -5.999998e-03 4.722260e-02 -5.695869e-02
      vertex   -6.000000e-03 5.253488e-02 -5.207049e-02
    endloop
  endfacet
  facet normal 1.000000e+00 -1.065979e-08 1.382848e-08
    outer loop
      vertex   -5.999998e-03 4.306316e-02 -6.016502e-02
      vertex   -5.999998e-03 4.722260e-02 -5.695869e-02
      vertex   -6.000000e-03 4.198856e-02 6.091984e-02
    endloop
  endfacet
  facet normal 1.000000e+00 -5.120189e-07 9.379011e-09
    outer loop
      vertex   -6.000000e-03 4.198856e-02 6.091984e-02
      vertex   -6.000002e-03 3.640110e-02 -6.436094e-02
      vertex   -5.999998e-03 4.306316e-02 -6.016502e-02
    endloop
  endfacet
  facet normal 1.000000e+00 -3.786079e-07 3.428949e-09
    outer loop
      vertex   -6.000002e-03 3.756132e-02 6.374491e-02
      vertex   -6.000002e-03 3.640110e-02 -6.436094e-02
      vertex   -6.000000e-03 4.198856e-02 6.091984e-02
    endloop
  endfacet
  facet normal 1.000000e+00 5.243196e-07 -4.748612e-09
    outer loop
      vertex   -5.999998e-03 3.116085e-02 6.708390e-02
      vertex   -6.000002e-03 3.640110e-02 -6.436094e-02
      vertex   -6.000002e-03 3.756132e-02 6.374491e-02
    endloop
  endfacet
  facet normal 1.000000e+00 4.452182e-07 -7.902113e-09
    outer loop
      vertex   -5.999998e-03 3.116085e-02 6.708390e-02
      vertex   -5.999998e-03 2.876065e-02 -6.814744e-02
      vertex   -6.000002e-03 3.640110e-02 -6.436094e-02
    endloop
  endfacet
  facet normal 1.000000e+00 -1.229412e-06 2.182067e-08
    outer loop
      vertex   -6.000005e-03 2.571638e-02 6.937531e-02
      vertex   -5.999998e-03 2.876065e-02 -6.814744e-02
      vertex   -5.999998e-03 3.116085e-02 6.708390e-02
    endloop
  endfacet
  facet normal 1.000000e+00 -4.691759e-07 3.864960e-08
    outer loop
      vertex   -6.000005e-03 2.571638e-02 6.937531e-02
      vertex   -6.000002e-03 2.135408e-02 -7.081844e-02
      vertex   -5.999998e-03 2.876065e-02 -6.814744e-02
    endloop
  endfacet
  facet normal 1.000000e+00 6.772218e-07 2.978063e-09
    outer loop
      vertex   -6.000002e-03 2.073033e-02 7.102478e-02
      vertex   -6.000002e-03 2.135408e-02 -7.081844e-02
      vertex   -6.000005e-03 2.571638e-02 6.937531e-02
    endloop
  endfacet
  facet normal 1.000000e+00 6.631012e-07 2.915968e-09
    outer loop
      vertex   -5.999998e-03 1.563984e-02 7.231640e-02
      vertex   -6.000002e-03 2.135408e-02 -7.081844e-02
      vertex   -6.000002e-03 2.073033e-02 7.102478e-02
    endloop
  endfacet
  facet normal 1.000000e+00 3.421101e-07 -9.898679e-09
    outer loop
      vertex   -5.999998e-03 1.563984e-02 7.231640e-02
      vertex   -5.999998e-03 1.143437e-02 -7.302938e-02
      vertex   -6.000002e-03 2.135408e-02 -7.081844e-02
    endloop
  endfacet
  facet normal 1.000000e+00 5.928606e-16 3.461942e-15
    outer loop
      vertex   -5.999998e-03 9.817581e-03 7.331347e-02
      vertex   -5.999998e-03 1.143437e-02 -7.302938e-02
      vertex   -5.999998e-03 1.563984e-02 7.231640e-02
    endloop
  endfacet
  facet normal 1.000000e+00 -4.692930e-07 -5.184732e-09
    outer loop
      vertex   -6.000002e-03 2.625901e-03 7.394167e-02
      vertex   -5.999998e-03 1.143437e-02 -7.302938e-02
      vertex   -5.999998e-03 9.817581e-03 7.331347e-02
    endloop
  endfacet
  facet normal 1.000000e+00 -1.737436e-09 2.283745e-08
    outer loop
      vertex   -6.000002e-03 2.625901e-03 7.394167e-02
      vertex   -5.999998e-03 -3.274620e-04 -7.392420e-02
      vertex   -5.999998e-03 1.143437e-02 -7.302938e-02
    endloop
  endfacet
  facet normal 1.000000e+00 4.231543e-07 3.637194e-08
    outer loop
      vertex   -6.000000e-03 -7.363602e-02 -7.211278e-03
      vertex   -6.000000e-03 -7.391545e-02 3.281989e-03
      vertex   -6.000000e-03 -7.396206e-02 -1.969607e-03
    endloop
  endfacet
  facet normal 1.000000e+00 -5.315040e-07 1.094978e-08
    outer loop
      vertex   -6.000000e-03 -7.363602e-02 -7.211278e-03
      vertex   -6.000000e-03 -7.339774e-02 9.166270e-03
      vertex   -6.000000e-03 -7.391545e-02 3.281989e-03
    endloop
  endfacet
  facet normal 1.000000e+00 3.625389e-07 -2.057833e-09
    outer loop
      vertex   -6.000000e-03 -7.293898e-02 -1.241662e-02
      vertex   -6.000000e-03 -7.339774e-02 9.166270e-03
      vertex   -6.000000e-03 -7.363602e-02 -7.211278e-03
    endloop
  endfacet
  facet normal 1.000000e+00 -1.027981e-07 -1.194902e-08
    outer loop
      vertex   -6.000000e-03 -7.293898e-02 -1.241662e-02
      vertex   -6.000000e-03 -7.217476e-02 1.628099e-02
      vertex   -6.000000e-03 -7.339774e-02 9.166270e-03
    endloop
  endfacet
  facet normal 1.000000e+00 -6.286273e-08 -1.301250e-08
    outer loop
      vertex   -6.000000e-03 -7.187443e-02 -1.755940e-02
      vertex   -6.000000e-03 -7.217476e-02 1.628099e-02
      vertex   -6.000000e-03 -7.293898e-02 -1.241662e-02
    endloop
  endfacet
  facet normal 1.000000e+00 3.507860e-07 -9.341395e-09
    outer loop
      vertex   -6.000000e-03 -7.187443e-02 -1.755940e-02
      vertex   -6.000000e-03 -7.083801e-02 2.135982e-02
      vertex   -6.000000e-03 -7.217476e-02 1.628099e-02
    endloop
  endfacet
  facet normal 1.000000e+00 -4.836997e-16 3.467243e-15
    outer loop
      vertex   -6.000000e-03 -7.044776e-02 -2.261370e-02
      vertex   -6.000000e-03 -7.083801e-02 2.135982e-02
      vertex   -6.000000e-03 -7.187443e-02 -1.755940e-02
    endloop
  endfacet
  facet normal 1.000000e+00 1.548868e-15 3.485281e-15
    outer loop
      vertex   -6.000000e-03 -7.044776e-02 -2.261370e-02
      vertex   -6.000000e-03 -6.914436e-02 2.633104e-02
      vertex   -6.000000e-03 -7.083801e-02 2.135982e-02
    endloop
  endfacet
  facet normal 1.000000e+00 1.852709e-15 3.477190e-15
    outer loop
      vertex   -6.000000e-03 -6.866614e-02 -2.755407e-02
      vertex   -6.000000e-03 -6.914436e-02 2.633104e-02
      vertex   -6.000000e-03 -7.044776e-02 -2.261370e-02
    endloop
  endfacet
  facet normal 1.000000e+00 -4.042926e-07 -3.588015e-09
    outer loop
      vertex   -6.000000e-03 -6.866614e-02 -2.755407e-02
      vertex   -5.999999e-03 -6.710234e-02 3.116958e-02
      vertex   -6.000000e-03 -6.914436e-02 2.633104e-02
    endloop
  endfacet
  facet normal 1.000000e+00 -3.055840e-08 -1.354053e-08
    outer loop
      vertex   -6.000000e-03 -6.653856e-02 -3.235562e-02
      vertex   -5.999999e-03 -6.710234e-02 3.116958e-02
      vertex   -6.000000e-03 -6.866614e-02 -2.755407e-02
    endloop
  endfacet
  facet normal 1.000000e+00 3.737334e-07 -9.952515e-09
    outer loop
      vertex   -6.000000e-03 -6.653856e-02 -3.235562e-02
      vertex   -6.000000e-03 -6.472222e-02 3.585109e-02
      vertex   -5.999999e-03 -6.710234e-02 3.116958e-02
    endloop
  endfacet
  facet normal 1.000000e+00 -1.501587e-16 3.424781e-15
    outer loop
      vertex   -6.000000e-03 -6.372742e-02 -3.755083e-02
      vertex   -6.000000e-03 -6.472222e-02 3.585109e-02
      vertex   -6.000000e-03 -6.653856e-02 -3.235562e-02
    endloop
  endfacet
  facet normal 1.000000e+00 2.262346e-15 3.457477e-15
    outer loop
      vertex   -6.000000e-03 -6.372742e-02 -3.755083e-02
      vertex   -6.000000e-03 -6.201601e-02 4.035196e-02
      vertex   -6.000000e-03 -6.472222e-02 3.585109e-02
    endloop
  endfacet
  facet normal 1.000000e+00 -3.749242e-07 8.236521e-09
    outer loop
      vertex   -5.999998e-03 -5.937498e-02 -4.411191e-02
      vertex   -6.000000e-03 -6.201601e-02 4.035196e-02
      vertex   -6.000000e-03 -6.372742e-02 -3.755083e-02
    endloop
  endfacet
  facet normal 1.000000e+00 -2.677269e-08 1.912258e-08
    outer loop
      vertex   -5.999998e-03 -5.937498e-02 -4.411191e-02
      vertex   -6.000000e-03 -5.858272e-02 4.515876e-02
      vertex   -6.000000e-03 -6.201601e-02 4.035196e-02
    endloop
  endfacet
  facet normal 1.000000e+00 3.880400e-07 1.544119e-08
    outer loop
      vertex   -6.000000e-03 -5.480792e-02 -4.970270e-02
      vertex   -6.000000e-03 -5.858272e-02 4.515876e-02
      vertex   -5.999998e-03 -5.937498e-02 -4.411191e-02
    endloop
  endfacet
  facet normal 1.000000e+00 2.666210e-07 1.060959e-08
    outer loop
      vertex   -6.000000e-03 -5.480792e-02 -4.970270e-02
      vertex   -6.000002e-03 -5.253466e-02 5.207071e-02
      vertex   -6.000000e-03 -5.858272e-02 4.515876e-02
    endloop
  endfacet
  facet normal 1.000000e+00 4.132423e-07 7.334584e-09
    outer loop
      vertex   -6.000002e-03 -5.065376e-02 -5.390219e-02
      vertex   -6.000002e-03 -5.253466e-02 5.207071e-02
      vertex   -6.000000e-03 -5.480792e-02 -4.970270e-02
    endloop
  endfacet
  facet normal 1.000000e+00 -3.848753e-07 -6.831096e-09
    outer loop
      vertex   -6.000002e-03 -5.065376e-02 -5.390219e-02
      vertex   -6.000000e-03 -4.822607e-02 5.611161e-02
      vertex   -6.000002e-03 -5.253466e-02 5.207071e-02
    endloop
  endfacet
  facet normal 1.000000e+00 -3.146842e-07 -8.380013e-09
    outer loop
      vertex   -6.000000e-03 -4.517134e-02 -5.859878e-02
      vertex   -6.000000e-03 -4.822607e-02 5.611161e-02
      vertex   -6.000002e-03 -5.065376e-02 -5.390219e-02
    endloop
  endfacet
  facet normal 1.000000e+00 4.024330e-07 1.071676e-08
    outer loop
      vertex   -6.000000e-03 -4.517134e-02 -5.859878e-02
      vertex   -6.000002e-03 -4.412420e-02 5.939126e-02
      vertex   -6.000000e-03 -4.822607e-02 5.611161e-02
    endloop
  endfacet
  facet normal 1.000000e+00 4.024323e-07 1.071677e-08
    outer loop
      vertex   -6.000002e-03 -4.090073e-02 -6.165547e-02
      vertex   -6.000002e-03 -4.412420e-02 5.939126e-02
      vertex   -6.000000e-03 -4.517134e-02 -5.859878e-02
    endloop
  endfacet
  facet normal 1.000000e+00 -5.513150e-07 -1.468150e-08
    outer loop
      vertex   -6.000002e-03 -4.090073e-02 -6.165547e-02
      vertex   -5.999998e-03 -3.811490e-02 6.339167e-02
      vertex   -6.000002e-03 -4.412420e-02 5.939126e-02
    endloop
  endfacet
  facet normal 1.000000e+00 -1.631694e-08 -2.660030e-08
    outer loop
      vertex   -6.000002e-03 -3.642405e-02 -6.440151e-02
      vertex   -5.999998e-03 -3.811490e-02 6.339167e-02
      vertex   -6.000002e-03 -4.090073e-02 -6.165547e-02
    endloop
  endfacet
  facet normal 1.000000e+00 1.447501e-08 -2.619289e-08
    outer loop
      vertex   -6.000002e-03 -3.642405e-02 -6.440151e-02
      vertex   -5.999998e-03 -3.294484e-02 6.624880e-02
      vertex   -5.999998e-03 -3.811490e-02 6.339167e-02
    endloop
  endfacet
  facet normal 1.000000e+00 -6.450593e-07 -8.629511e-09
    outer loop
      vertex   -5.999998e-03 -3.116113e-02 -6.708377e-02
      vertex   -5.999998e-03 -3.294484e-02 6.624880e-02
      vertex   -6.000002e-03 -3.642405e-02 -6.440151e-02
    endloop
  endfacet
  facet normal 1.000000e+00 7.007678e-07 9.374778e-09
    outer loop
      vertex   -5.999998e-03 -3.116113e-02 -6.708377e-02
      vertex   -6.000002e-03 -2.816236e-02 6.841891e-02
      vertex   -5.999998e-03 -3.294484e-02 6.624880e-02
    endloop
  endfacet
  facet normal 1.000000e+00 9.324850e-09 2.467689e-08
    outer loop
      vertex   -5.999998e-03 -2.165414e-02 -7.067625e-02
      vertex   -6.000002e-03 -2.816236e-02 6.841891e-02
      vertex   -5.999998e-03 -3.116113e-02 -6.708377e-02
    endloop
  endfacet
  facet normal 1.000000e+00 -6.818661e-07 -7.663750e-09
    outer loop
      vertex   -5.999998e-03 -2.165414e-02 -7.067625e-02
      vertex   -5.999998e-03 -2.323800e-02 7.024430e-02
      vertex   -6.000002e-03 -2.816236e-02 6.841891e-02
    endloop
  endfacet
  facet normal 1.000000e+00 7.156780e-16 3.442517e-15
    outer loop
      vertex   -5.999998e-03 -2.165414e-02 -7.067625e-02
      vertex   -5.999998e-03 -1.819655e-02 7.171577e-02
      vertex   -5.999998e-03 -2.323800e-02 7.024430e-02
    endloop
  endfacet
  facet normal 1.000000e+00 5.859844e-07 -1.422897e-08
    outer loop
      vertex   -5.999998e-03 -2.165414e-02 -7.067625e-02
      vertex   -6.000002e-03 -1.241335e-02 7.291884e-02
      vertex   -5.999998e-03 -1.819655e-02 7.171577e-02
    endloop
  endfacet
  facet normal 1.000000e+00 5.157605e-09 2.314904e-08
    outer loop
      vertex   -5.999998e-03 -9.817273e-03 -7.331351e-02
      vertex   -6.000002e-03 -1.241335e-02 7.291884e-02
      vertex   -5.999998e-03 -2.165414e-02 -7.067625e-02
    endloop
  endfacet
  facet normal 1.000000e+00 -3.709673e-07 1.647166e-08
    outer loop
      vertex   -5.999998e-03 -9.817273e-03 -7.331351e-02
      vertex   -5.999998e-03 -3.280929e-03 7.389509e-02
      vertex   -6.000002e-03 -1.241335e-02 7.291884e-02
    endloop
  endfacet
  facet normal 1.000000e+00 7.714168e-16 3.465631e-15
    outer loop
      vertex   -5.999998e-03 -3.274620e-04 -7.392420e-02
      vertex   -5.999998e-03 -3.280929e-03 7.389509e-02
      vertex   -5.999998e-03 -9.817273e-03 -7.331351e-02
    endloop
  endfacet
  facet normal 1.000000e+00 5.707320e-07 1.140337e-08
    outer loop
      vertex   -5.999998e-03 -3.274620e-04 -7.392420e-02
      vertex   -6.000002e-03 2.625901e-03 7.394167e-02
      vertex   -5.999998e-03 -3.280929e-03 7.389509e-02
    endloop
  endfacet
  facet normal -7.071068e-01 -3.272779e-14 -7.071068e-01
    outer loop
      vertex   -6.319248e-02 -7.494161e-02 -4.518794e-02
      vertex   -5.618450e-02 -7.456825e-02 -5.219592e-02
      vertex   -5.898245e-02 -7.489489e-02 -4.939797e-02
    endloop
  endfacet
  facet normal -7.071068e-01 2.289849e-14 -7.071068e-01
    outer loop
      vertex   -6.739378e-02 -7.456825e-02 -4.098664e-02
      vertex   -5.618450e-02 -7.456825e-02 -5.219592e-02
      vertex   -6.319248e-02 -7.494161e-02 -4.518794e-02
    endloop
  endfacet
  facet normal -7.071068e-01 1.606896e-14 -7.071068e-01
    outer loop
      vertex   -6.739378e-02 -7.456825e-02 -4.098664e-02
      vertex   -5.247910e-02 -7.382340e-02 -5.590132e-02
      vertex   -5.618450e-02 -7.456825e-02 -5.219592e-02
    endloop
  endfacet
  facet normal -7.071068e-01 -1.844947e-15 -7.071068e-01
    outer loop
      vertex   -7.247492e-02 -7.342896e-02 -3.590550e-02
      vertex   -5.247910e-02 -7.382340e-02 -5.590132e-02
      vertex   -6.739378e-02 -7.456825e-02 -4.098664e-02
    endloop
  endfacet
  facet normal -7.071068e-01 -8.089895e-15 -7.071068e-01
    outer loop
      vertex   -7.247492e-02 -7.342896e-02 -3.590550e-02
      vertex   -4.882008e-02 -7.271076e-02 -5.956033e-02
      vertex   -5.247910e-02 -7.382340e-02 -5.590132e-02
    endloop
  endfacet
  facet normal -7.071068e-01 2.639342e-16 -7.071068e-01
    outer loop
      vertex   -7.656459e-02 -7.201819e-02 -3.181582e-02
      vertex   -4.882008e-02 -7.271076e-02 -5.956033e-02
      vertex   -7.247492e-02 -7.342896e-02 -3.590550e-02
    endloop
  endfacet
  facet normal -7.071068e-01 5.298289e-15 -7.071068e-01
    outer loop
      vertex   -7.656459e-02 -7.201819e-02 -3.181582e-02
      vertex   -4.522568e-02 -7.123589e-02 -6.315474e-02
      vertex   -4.882008e-02 -7.271076e-02 -5.956033e-02
    endloop
  endfacet
  facet normal -7.071068e-01 -7.021137e-16 -7.071068e-01
    outer loop
      vertex   -8.011996e-02 -7.036484e-02 -2.826046e-02
      vertex   -4.522568e-02 -7.123589e-02 -6.315474e-02
      vertex   -7.656459e-02 -7.201819e-02 -3.181582e-02
    endloop
  endfacet
  facet normal -7.071068e-01 -9.166656e-15 -7.071068e-01
    outer loop
      vertex   -8.011996e-02 -7.036484e-02 -2.826046e-02
      vertex   -4.171379e-02 -6.940612e-02 -6.666662e-02
      vertex   -4.522568e-02 -7.123589e-02 -6.315474e-02
    endloop
  endfacet
  facet normal -7.071068e-01 9.549249e-16 -7.071068e-01
    outer loop
      vertex   -8.358399e-02 -6.836093e-02 -2.479643e-02
      vertex   -4.171379e-02 -6.940612e-02 -6.666662e-02
      vertex   -8.011996e-02 -7.036484e-02 -2.826046e-02
    endloop
  endfacet
  facet normal -7.071068e-01 6.479382e-15 -7.071068e-01
    outer loop
      vertex   -8.358399e-02 -6.836093e-02 -2.479643e-02
      vertex   -3.830192e-02 -6.723057e-02 -7.007850e-02
      vertex   -4.171379e-02 -6.940612e-02 -6.666662e-02
    endloop
  endfacet
  facet normal -7.071068e-01 -1.221270e-15 -7.071068e-01
    outer loop
      vertex   -8.734334e-02 -6.568217e-02 -2.103708e-02
      vertex   -3.830192e-02 -6.723057e-02 -7.007850e-02
      vertex   -8.358399e-02 -6.836093e-02 -2.479643e-02
    endloop
  endfacet
  facet normal -7.071068e-01 -2.391669e-15 -7.071068e-01
    outer loop
      vertex   -8.734334e-02 -6.568217e-02 -2.103708e-02
      vertex   -3.500706e-02 -6.472008e-02 -7.337335e-02
      vertex   -3.830192e-02 -6.723057e-02 -7.007850e-02
    endloop
  endfacet
  facet normal -7.071068e-01 -2.111643e-15 -7.071068e-01
    outer loop
      vertex   -8.734334e-02 -6.568217e-02 -2.103708e-02
      vertex   -3.184563e-02 -6.188716e-02 -7.653479e-02
      vertex   -3.500706e-02 -6.472008e-02 -7.337335e-02
    endloop
  endfacet
  facet normal -7.071068e-01 0.000000e+00 -7.071068e-01
    outer loop
      vertex   -9.287216e-02 -6.072787e-02 -1.550826e-02
      vertex   -3.184563e-02 -6.188716e-02 -7.653479e-02
      vertex   -8.734334e-02 -6.568217e-02 -2.103708e-02
    endloop
  endfacet
  facet normal -7.071068e-01 0.000000e+00 -7.071068e-01
    outer loop
      vertex   -9.287216e-02 -6.072787e-02 -1.550826e-02
      vertex   -2.883338e-02 -5.874593e-02 -7.954704e-02
      vertex   -3.184563e-02 -6.188716e-02 -7.653479e-02
    endloop
  endfacet
  facet normal -7.071068e-01 -2.860943e-15 -7.071068e-01
    outer loop
      vertex   -9.619036e-02 -5.706452e-02 -1.219006e-02
      vertex   -2.883338e-02 -5.874593e-02 -7.954704e-02
      vertex   -9.287216e-02 -6.072787e-02 -1.550826e-02
    endloop
  endfacet
  facet normal -7.071068e-01 -2.289441e-15 -7.071068e-01
    outer loop
      vertex   -9.619036e-02 -5.706452e-02 -1.219006e-02
      vertex   -2.565149e-02 -5.484819e-02 -8.272893e-02
      vertex   -2.883338e-02 -5.874593e-02 -7.954704e-02
    endloop
  endfacet
  facet normal -7.071068e-01 7.051336e-15 -7.071068e-01
    outer loop
      vertex   -9.895096e-02 -5.349061e-02 -9.429454e-03
      vertex   -2.565149e-02 -5.484819e-02 -8.272893e-02
      vertex   -9.619036e-02 -5.706452e-02 -1.219006e-02
    endloop
  endfacet
  facet normal -7.071068e-01 3.927163e-15 -7.071068e-01
    outer loop
      vertex   -9.895096e-02 -5.349061e-02 -9.429454e-03
      vertex   -2.267154e-02 -5.064215e-02 -8.570888e-02
      vertex   -2.565149e-02 -5.484819e-02 -8.272893e-02
    endloop
  endfacet
  facet normal -7.071068e-01 -4.113696e-15 -7.071068e-01
    outer loop
      vertex   -1.018237e-01 -4.913908e-02 -6.556711e-03
      vertex   -2.267154e-02 -5.064215e-02 -8.570888e-02
      vertex   -9.895096e-02 -5.349061e-02 -9.429454e-03
    endloop
  endfacet
  facet normal -7.071068e-01 0.000000e+00 -7.071068e-01
    outer loop
      vertex   -1.018237e-01 -4.913908e-02 -6.556711e-03
      vertex   -1.997162e-02 -4.607358e-02 -8.840880e-02
      vertex   -2.267154e-02 -5.064215e-02 -8.570888e-02
    endloop
  endfacet
  facet normal -7.071068e-01 2.411307e-16 -7.071068e-01
    outer loop
      vertex   -1.050147e-01 -4.343213e-02 -3.365723e-03
      vertex   -1.997162e-02 -4.607358e-02 -8.840880e-02
      vertex   -1.018237e-01 -4.913908e-02 -6.556711e-03
    endloop
  endfacet
  facet normal -7.071068e-01 -1.091270e-15 -7.071068e-01
    outer loop
      vertex   -1.050147e-01 -4.343213e-02 -3.365723e-03
      vertex   -1.676233e-02 -3.956459e-02 -9.161809e-02
      vertex   -1.997162e-02 -4.607358e-02 -8.840880e-02
    endloop
  endfacet
  facet normal -7.071068e-01 -1.526359e-15 -7.071068e-01
    outer loop
      vertex   -1.077752e-01 -3.729267e-02 -6.051984e-04
      vertex   -1.676233e-02 -3.956459e-02 -9.161809e-02
      vertex   -1.050147e-01 -4.343213e-02 -3.365723e-03
    endloop
  endfacet
  facet normal -7.071068e-01 0.000000e+00 -7.071068e-01
    outer loop
      vertex   -1.077752e-01 -3.729267e-02 -6.051984e-04
      vertex   -1.467186e-02 -3.439728e-02 -9.370856e-02
      vertex   -1.676233e-02 -3.956459e-02 -9.161809e-02
    endloop
  endfacet
  facet normal -7.071068e-01 6.611321e-16 -7.071068e-01
    outer loop
      vertex   -1.103049e-01 -3.020974e-02 1.924459e-03
      vertex   -1.467186e-02 -3.439728e-02 -9.370856e-02
      vertex   -1.077752e-01 -3.729267e-02 -6.051984e-04
    endloop
  endfacet
  facet normal -7.071068e-01 -2.641392e-15 -7.071068e-01
    outer loop
      vertex   -1.103049e-01 -3.020974e-02 1.924459e-03
      vertex   -1.307354e-02 -2.961131e-02 -9.530688e-02
      vertex   -1.467186e-02 -3.439728e-02 -9.370856e-02
    endloop
  endfacet
  facet normal -7.071068e-01 2.270409e-15 -7.071068e-01
    outer loop
      vertex   -1.103049e-01 -3.020974e-02 1.924459e-03
      vertex   -1.157961e-02 -2.404557e-02 -9.680081e-02
      vertex   -1.307354e-02 -2.961131e-02 -9.530688e-02
    endloop
  endfacet
  facet normal -7.071068e-01 1.655440e-15 -7.071068e-01
    outer loop
      vertex   -1.118604e-01 -2.467782e-02 3.479937e-03
      vertex   -1.157961e-02 -2.404557e-02 -9.680081e-02
      vertex   -1.103049e-01 -3.020974e-02 1.924459e-03
    endloop
  endfacet
  facet normal -7.071068e-01 -3.793509e-15 -7.071068e-01
    outer loop
      vertex   -1.129665e-01 -1.962139e-02 4.586100e-03
      vertex   -1.157961e-02 -2.404557e-02 -9.680081e-02
      vertex   -1.118604e-01 -2.467782e-02 3.479937e-03
    endloop
  endfacet
  facet normal -7.071068e-01 0.000000e+00 -7.071068e-01
    outer loop
      vertex   -1.129665e-01 -1.962139e-02 4.586100e-03
      vertex   -1.015399e-02 -1.705492e-02 -9.822643e-02
      vertex   -1.157961e-02 -2.404557e-02 -9.680081e-02
    endloop
  endfacet
  facet normal -7.071068e-01 4.268356e-15 -7.071068e-01
    outer loop
      vertex   -1.138177e-01 -1.446720e-02 5.437304e-03
      vertex   -1.015399e-02 -1.705492e-02 -9.822643e-02
      vertex   -1.129665e-01 -1.962139e-02 4.586100e-03
    endloop
  endfacet
  facet normal -7.071068e-01 0.000000e+00 -7.071068e-01
    outer loop
      vertex   -1.138177e-01 -1.446720e-02 5.437304e-03
      vertex   -9.431932e-03 -1.186146e-02 -9.894849e-02
      vertex   -1.015399e-02 -1.705492e-02 -9.822643e-02
    endloop
  endfacet
  facet normal -7.071068e-01 -1.716614e-15 -7.071068e-01
    outer loop
      vertex   -1.145499e-01 -7.265681e-03 6.169466e-03
      vertex   -9.431932e-03 -1.186146e-02 -9.894849e-02
      vertex   -1.138177e-01 -1.446720e-02 5.437304e-03
    endloop
  endfacet
  facet normal -7.071068e-01 -3.932514e-15 -7.071068e-01
    outer loop
      vertex   -1.145499e-01 -7.265681e-03 6.169466e-03
      vertex   -8.945952e-03 -5.948017e-03 -9.943447e-02
      vertex   -9.431932e-03 -1.186146e-02 -9.894849e-02
    endloop
  endfacet
  facet normal -7.071068e-01 -1.961301e-15 -7.071068e-01
    outer loop
      vertex   -1.148056e-01 -1.323430e-03 6.425213e-03
      vertex   -8.945952e-03 -5.948017e-03 -9.943447e-02
      vertex   -1.145499e-01 -7.265681e-03 6.169466e-03
    endloop
  endfacet
  facet normal -7.071068e-01 0.000000e+00 -7.071068e-01
    outer loop
      vertex   -5.991782e-02 7.494161e-02 -4.846260e-02
      vertex   -6.739378e-02 7.456825e-02 -4.098664e-02
      vertex   -6.366046e-02 7.494161e-02 -4.471996e-02
    endloop
  endfacet
  facet normal -7.071068e-01 -1.137618e-14 -7.071068e-01
    outer loop
      vertex   -5.572118e-02 7.447512e-02 -5.265924e-02
      vertex   -6.739378e-02 7.456825e-02 -4.098664e-02
      vertex   -5.991782e-02 7.494161e-02 -4.846260e-02
    endloop
  endfacet
  facet normal -7.071068e-01 1.060144e-14 -7.071068e-01
    outer loop
      vertex   -5.572118e-02 7.447512e-02 -5.265924e-02
      vertex   -7.109917e-02 7.382340e-02 -3.728124e-02
      vertex   -6.739378e-02 7.456825e-02 -4.098664e-02
    endloop
  endfacet
  facet normal -7.071068e-01 9.047211e-16 -7.071068e-01
    outer loop
      vertex   -5.064265e-02 7.331275e-02 -5.773777e-02
      vertex   -7.109917e-02 7.382340e-02 -3.728124e-02
      vertex   -5.572118e-02 7.447512e-02 -5.265924e-02
    endloop
  endfacet
  facet normal -7.071068e-01 0.000000e+00 -7.071068e-01
    outer loop
      vertex   -5.064265e-02 7.331275e-02 -5.773777e-02
      vertex   -7.611083e-02 7.218006e-02 -3.226959e-02
      vertex   -7.109917e-02 7.382340e-02 -3.728124e-02
    endloop
  endfacet
  facet normal -7.071068e-01 -1.033757e-15 -7.071068e-01
    outer loop
      vertex   -4.701368e-02 7.201819e-02 -6.136674e-02
      vertex   -7.611083e-02 7.218006e-02 -3.226959e-02
      vertex   -5.064265e-02 7.331275e-02 -5.773777e-02
    endloop
  endfacet
  facet normal -7.071068e-01 -5.735496e-15 -7.071068e-01
    outer loop
      vertex   -4.701368e-02 7.201819e-02 -6.136674e-02
      vertex   -8.011996e-02 7.036484e-02 -2.826046e-02
      vertex   -7.611083e-02 7.218006e-02 -3.226959e-02
    endloop
  endfacet
  facet normal -7.071068e-01 1.264789e-15 -7.071068e-01
    outer loop
      vertex   -4.345832e-02 7.036484e-02 -6.492210e-02
      vertex   -8.011996e-02 7.036484e-02 -2.826046e-02
      vertex   -4.701368e-02 7.201819e-02 -6.136674e-02
    endloop
  endfacet
  facet normal -7.071068e-01 2.087063e-15 -7.071068e-01
    outer loop
      vertex   -4.345832e-02 7.036484e-02 -6.492210e-02
      vertex   -8.358399e-02 6.836093e-02 -2.479643e-02
      vertex   -8.011996e-02 7.036484e-02 -2.826046e-02
    endloop
  endfacet
  facet normal -7.071068e-01 9.249538e-16 -7.071068e-01
    outer loop
      vertex   -3.872854e-02 6.750260e-02 -6.965188e-02
      vertex   -8.358399e-02 6.836093e-02 -2.479643e-02
      vertex   -4.345832e-02 7.036484e-02 -6.492210e-02
    endloop
  endfacet
  facet normal -7.071068e-01 0.000000e+00 -7.071068e-01
    outer loop
      vertex   -3.872854e-02 6.750260e-02 -6.965188e-02
      vertex   -8.693944e-02 6.601645e-02 -2.144098e-02
      vertex   -8.358399e-02 6.836093e-02 -2.479643e-02
    endloop
  endfacet
  facet normal -7.071068e-01 -3.998697e-16 -7.071068e-01
    outer loop
      vertex   -3.381257e-02 6.367736e-02 -7.456785e-02
      vertex   -8.693944e-02 6.601645e-02 -2.144098e-02
      vertex   -3.872854e-02 6.750260e-02 -6.965188e-02
    endloop
  endfacet
  facet normal -7.071068e-01 0.000000e+00 -7.071068e-01
    outer loop
      vertex   -3.381257e-02 6.367736e-02 -7.456785e-02
      vertex   -9.016960e-02 6.334308e-02 -1.821081e-02
      vertex   -8.693944e-02 6.601645e-02 -2.144098e-02
    endloop
  endfacet
  facet normal -7.071068e-01 -1.831725e-15 -7.071068e-01
    outer loop
      vertex   -3.381257e-02 6.367736e-02 -7.456785e-02
      vertex   -9.325837e-02 6.035414e-02 -1.512205e-02
      vertex   -9.016960e-02 6.334308e-02 -1.821081e-02
    endloop
  endfacet
  facet normal -7.071068e-01 -2.107601e-15 -7.071068e-01
    outer loop
      vertex   -3.031990e-02 6.035414e-02 -7.806052e-02
      vertex   -9.325837e-02 6.035414e-02 -1.512205e-02
      vertex   -3.381257e-02 6.367736e-02 -7.456785e-02
    endloop
  endfacet
  facet normal -7.071068e-01 -2.607979e-15 -7.071068e-01
    outer loop
      vertex   -3.031990e-02 6.035414e-02 -7.806052e-02
      vertex   -9.653555e-02 5.661764e-02 -1.184487e-02
      vertex   -9.325837e-02 6.035414e-02 -1.512205e-02
    endloop
  endfacet
  facet normal -7.071068e-01 -8.377569e-17 -7.071068e-01
    outer loop
      vertex   -2.738791e-02 5.706452e-02 -8.099251e-02
      vertex   -9.653555e-02 5.661764e-02 -1.184487e-02
      vertex   -3.031990e-02 6.035414e-02 -7.806052e-02
    endloop
  endfacet
  facet normal -7.071068e-01 -2.207572e-16 -7.071068e-01
    outer loop
      vertex   -2.364942e-02 5.206638e-02 -8.473100e-02
      vertex   -9.653555e-02 5.661764e-02 -1.184487e-02
      vertex   -2.738791e-02 5.706452e-02 -8.099251e-02
    endloop
  endfacet
  facet normal -7.071068e-01 -1.460094e-15 -7.071068e-01
    outer loop
      vertex   -2.364942e-02 5.206638e-02 -8.473100e-02
      vertex   -1.005725e-01 5.110658e-02 -7.807906e-03
      vertex   -9.653555e-02 5.661764e-02 -1.184487e-02
    endloop
  endfacet
  facet normal -7.071068e-01 -3.300849e-16 -7.071068e-01
    outer loop
      vertex   -1.997162e-02 4.607358e-02 -8.840880e-02
      vertex   -1.005725e-01 5.110658e-02 -7.807906e-03
      vertex   -2.364942e-02 5.206638e-02 -8.473100e-02
    endloop
  endfacet
  facet normal -7.071068e-01 -1.322863e-15 -7.071068e-01
    outer loop
      vertex   -1.997162e-02 4.607358e-02 -8.840880e-02
      vertex   -1.039039e-01 4.556245e-02 -4.476491e-03
      vertex   -1.005725e-01 5.110658e-02 -7.807906e-03
    endloop
  endfacet
  facet normal -7.071068e-01 0.000000e+00 -7.071068e-01
    outer loop
      vertex   -1.997162e-02 4.607358e-02 -8.840880e-02
      vertex   -1.060716e-01 4.124770e-02 -2.308808e-03
      vertex   -1.039039e-01 4.556245e-02 -4.476491e-03
    endloop
  endfacet
  facet normal -7.071068e-01 2.376694e-15 -7.071068e-01
    outer loop
      vertex   -1.750666e-02 4.124770e-02 -9.087376e-02
      vertex   -1.060716e-01 4.124770e-02 -2.308808e-03
      vertex   -1.997162e-02 4.607358e-02 -8.840880e-02
    endloop
  endfacet
  facet normal -7.071068e-01 2.711282e-15 -7.071068e-01
    outer loop
      vertex   -1.750666e-02 4.124770e-02 -9.087376e-02
      vertex   -1.082333e-01 3.613937e-02 -1.470790e-04
      vertex   -1.060716e-01 4.124770e-02 -2.308808e-03
    endloop
  endfacet
  facet normal -7.071068e-01 -2.783308e-15 -7.071068e-01
    outer loop
      vertex   -1.555959e-02 3.672746e-02 -9.282083e-02
      vertex   -1.082333e-01 3.613937e-02 -1.470790e-04
      vertex   -1.750666e-02 4.124770e-02 -9.087376e-02
    endloop
  endfacet
  facet normal -7.071068e-01 1.798717e-15 -7.071068e-01
    outer loop
      vertex   -1.384284e-02 3.202425e-02 -9.453758e-02
      vertex   -1.082333e-01 3.613937e-02 -1.470790e-04
      vertex   -1.555959e-02 3.672746e-02 -9.282083e-02
    endloop
  endfacet
  facet normal -7.071068e-01 -1.960939e-15 -7.071068e-01
    outer loop
      vertex   -1.384284e-02 3.202425e-02 -9.453758e-02
      vertex   -1.105047e-01 2.961131e-02 2.124312e-03
      vertex   -1.082333e-01 3.613937e-02 -1.470790e-04
    endloop
  endfacet
  facet normal -7.071068e-01 -2.347161e-15 -7.071068e-01
    outer loop
      vertex   -1.236494e-02 2.716149e-02 -9.601547e-02
      vertex   -1.105047e-01 2.961131e-02 2.124312e-03
      vertex   -1.384284e-02 3.202425e-02 -9.453758e-02
    endloop
  endfacet
  facet normal -7.071068e-01 0.000000e+00 -7.071068e-01
    outer loop
      vertex   -1.236494e-02 2.716149e-02 -9.601547e-02
      vertex   -1.122910e-01 2.278836e-02 3.910570e-03
      vertex   -1.105047e-01 2.961131e-02 2.124312e-03
    endloop
  endfacet
  facet normal -7.071068e-01 -9.894544e-16 -7.071068e-01
    outer loop
      vertex   -1.075007e-02 2.025364e-02 -9.763035e-02
      vertex   -1.122910e-01 2.278836e-02 3.910570e-03
      vertex   -1.236494e-02 2.716149e-02 -9.601547e-02
    endloop
  endfacet
  facet normal -7.071068e-01 -2.096625e-15 -7.071068e-01
    outer loop
      vertex   -1.075007e-02 2.025364e-02 -9.763035e-02
      vertex   -1.134243e-01 1.705492e-02 5.043868e-03
      vertex   -1.122910e-01 2.278836e-02 3.910570e-03
    endloop
  endfacet
  facet normal -7.071068e-01 1.668623e-15 -7.071068e-01
    outer loop
      vertex   -9.760546e-03 1.446720e-02 -9.861987e-02
      vertex   -1.134243e-01 1.705492e-02 5.043868e-03
      vertex   -1.075007e-02 2.025364e-02 -9.763035e-02
    endloop
  endfacet
  facet normal -7.071068e-01 0.000000e+00 -7.071068e-01
    outer loop
      vertex   -9.760546e-03 1.446720e-02 -9.861987e-02
      vertex   -1.141463e-01 1.186146e-02 5.765922e-03
      vertex   -1.134243e-01 1.705492e-02 5.043868e-03
    endloop
  endfacet
  facet normal -7.071068e-01 5.430105e-16 -7.071068e-01
    outer loop
      vertex   -9.168548e-03 9.240940e-03 -9.921187e-02
      vertex   -1.141463e-01 1.186146e-02 5.765922e-03
      vertex   -9.760546e-03 1.446720e-02 -9.861987e-02
    endloop
  endfacet
  facet normal -7.071068e-01 0.000000e+00 -7.071068e-01
    outer loop
      vertex   -9.168548e-03 9.240940e-03 -9.921187e-02
      vertex   -1.146983e-01 4.627883e-03 6.317910e-03
      vertex   -1.141463e-01 1.186146e-02 5.765922e-03
    endloop
  endfacet
  facet normal -7.071068e-01 -2.453514e-15 -7.071068e-01
    outer loop
      vertex   -8.797413e-03 1.984320e-03 -9.958301e-02
      vertex   -1.146983e-01 4.627883e-03 6.317910e-03
      vertex   -9.168548e-03 9.240940e-03 -9.921187e-02
    endloop
  endfacet
  facet normal -7.071068e-01 1.945393e-15 -7.071068e-01
    outer loop
      vertex   -8.797413e-03 1.984320e-03 -9.958301e-02
      vertex   -1.148056e-01 -1.323430e-03 6.425213e-03
      vertex   -1.146983e-01 4.627883e-03 6.317910e-03
    endloop
  endfacet
  facet normal -7.071068e-01 1.297089e-15 -7.071068e-01
    outer loop
      vertex   -8.945952e-03 -5.948017e-03 -9.943447e-02
      vertex   -1.148056e-01 -1.323430e-03 6.425213e-03
      vertex   -8.797413e-03 1.984320e-03 -9.958301e-02
    endloop
  endfacet
endsolid
