solid ASCII
  facet normal 5.176236e-02 -8.198352e-03 9.986258e-01
    outer loop
      vertex   5.197792e-05 -5.463100e-06 4.972609e-04
      vertex   -3.061617e-20 3.749399e-36 5.000000e-04
      vertex   5.112213e-05 -1.086634e-05 4.972609e-04
    endloop
  endfacet
  facet normal 5.062184e-02 -1.356408e-02 9.986258e-01
    outer loop
      vertex   5.112213e-05 -1.086634e-05 4.972609e-04
      vertex   -3.061617e-20 3.749399e-36 5.000000e-04
      vertex   4.970624e-05 -1.615054e-05 4.972609e-04
    endloop
  endfacet
  facet normal 4.892669e-02 -1.878120e-02 9.986258e-01
    outer loop
      vertex   4.970624e-05 -1.615054e-05 4.972609e-04
      vertex   -3.061617e-20 3.749399e-36 5.000000e-04
      vertex   4.774575e-05 -2.125778e-05 4.972609e-04
    endloop
  endfacet
  facet normal 4.669550e-02 -2.379254e-02 9.986258e-01
    outer loop
      vertex   4.774575e-05 -2.125778e-05 4.972609e-04
      vertex   -3.061617e-20 3.749399e-36 5.000000e-04
      vertex   4.526215e-05 -2.613212e-05 4.972609e-04
    endloop
  endfacet
  facet normal 4.395270e-02 -2.854321e-02 9.986258e-01
    outer loop
      vertex   4.526215e-05 -2.613212e-05 4.972609e-04
      vertex   -3.061617e-20 3.749399e-36 5.000000e-04
      vertex   4.228265e-05 -3.072014e-05 4.972609e-04
    endloop
  endfacet
  facet normal 4.072834e-02 -3.298116e-02 9.986258e-01
    outer loop
      vertex   4.228265e-05 -3.072014e-05 4.972609e-04
      vertex   -3.061617e-20 3.749399e-36 5.000000e-04
      vertex   3.883989e-05 -3.497160e-05 4.972609e-04
    endloop
  endfacet
  facet normal 3.705776e-02 -3.705776e-02 9.986258e-01
    outer loop
      vertex   3.883989e-05 -3.497160e-05 4.972609e-04
      vertex   -3.061617e-20 3.749399e-36 5.000000e-04
      vertex   3.497160e-05 -3.883989e-05 4.972609e-04
    endloop
  endfacet
  facet normal 3.298116e-02 -4.072834e-02 9.986258e-01
    outer loop
      vertex   3.497160e-05 -3.883989e-05 4.972609e-04
      vertex   -3.061617e-20 3.749399e-36 5.000000e-04
      vertex   3.072014e-05 -4.228265e-05 4.972609e-04
    endloop
  endfacet
  facet normal 2.854321e-02 -4.395270e-02 9.986258e-01
    outer loop
      vertex   3.072014e-05 -4.228265e-05 4.972609e-04
      vertex   -3.061617e-20 3.749399e-36 5.000000e-04
      vertex   2.613212e-05 -4.526215e-05 4.972609e-04
    endloop
  endfacet
  facet normal 2.379254e-02 -4.669550e-02 9.986258e-01
    outer loop
      vertex   2.613212e-05 -4.526215e-05 4.972609e-04
      vertex   -3.061617e-20 3.749399e-36 5.000000e-04
      vertex   2.125778e-05 -4.774575e-05 4.972609e-04
    endloop
  endfacet
  facet normal 1.878120e-02 -4.892669e-02 9.986258e-01
    outer loop
      vertex   2.125778e-05 -4.774575e-05 4.972609e-04
      vertex   -3.061617e-20 3.749399e-36 5.000000e-04
      vertex   1.615054e-05 -4.970624e-05 4.972609e-04
    endloop
  endfacet
  facet normal 1.356408e-02 -5.062184e-02 9.986258e-01
    outer loop
      vertex   1.615054e-05 -4.970624e-05 4.972609e-04
      vertex   -3.061617e-20 3.749399e-36 5.000000e-04
      vertex   1.086634e-05 -5.112213e-05 4.972609e-04
    endloop
  endfacet
  facet normal 8.198352e-03 -5.176236e-02 9.986258e-01
    outer loop
      vertex   1.086634e-05 -5.112213e-05 4.972609e-04
      vertex   -3.061617e-20 3.749399e-36 5.000000e-04
      vertex   5.463100e-06 -5.197792e-05 4.972609e-04
    endloop
  endfacet
  facet normal 2.742801e-03 -5.233576e-02 9.986258e-01
    outer loop
      vertex   5.463100e-06 -5.197792e-05 4.972609e-04
      vertex   -3.061617e-20 3.749399e-36 5.000000e-04
      vertex   3.200261e-21 -5.226423e-05 4.972609e-04
    endloop
  endfacet
  facet normal -2.742801e-03 -5.233576e-02 9.986258e-01
    outer loop
      vertex   3.200261e-21 -5.226423e-05 4.972609e-04
      vertex   -3.061617e-20 3.749399e-36 5.000000e-04
      vertex   -5.463100e-06 -5.197792e-05 4.972609e-04
    endloop
  endfacet
  facet normal -8.198352e-03 -5.176236e-02 9.986258e-01
    outer loop
      vertex   -5.463100e-06 -5.197792e-05 4.972609e-04
      vertex   -3.061617e-20 3.749399e-36 5.000000e-04
      vertex   -1.086634e-05 -5.112213e-05 4.972609e-04
    endloop
  endfacet
  facet normal -1.356408e-02 -5.062184e-02 9.986258e-01
    outer loop
      vertex   -1.086634e-05 -5.112213e-05 4.972609e-04
      vertex   -3.061617e-20 3.749399e-36 5.000000e-04
      vertex   -1.615054e-05 -4.970624e-05 4.972609e-04
    endloop
  endfacet
  facet normal -1.878120e-02 -4.892669e-02 9.986258e-01
    outer loop
      vertex   -1.615054e-05 -4.970624e-05 4.972609e-04
      vertex   -3.061617e-20 3.749399e-36 5.000000e-04
      vertex   -2.125778e-05 -4.774575e-05 4.972609e-04
    endloop
  endfacet
  facet normal -2.379254e-02 -4.669550e-02 9.986258e-01
    outer loop
      vertex   -2.125778e-05 -4.774575e-05 4.972609e-04
      vertex   -3.061617e-20 3.749399e-36 5.000000e-04
      vertex   -2.613212e-05 -4.526215e-05 4.972609e-04
    endloop
  endfacet
  facet normal -2.854321e-02 -4.395270e-02 9.986258e-01
    outer loop
      vertex   -2.613212e-05 -4.526215e-05 4.972609e-04
      vertex   -3.061617e-20 3.749399e-36 5.000000e-04
      vertex   -3.072014e-05 -4.228265e-05 4.972609e-04
    endloop
  endfacet
  facet normal -3.298116e-02 -4.072834e-02 9.986258e-01
    outer loop
      vertex   -3.072014e-05 -4.228265e-05 4.972609e-04
      vertex   -3.061617e-20 3.749399e-36 5.000000e-04
      vertex   -3.497160e-05 -3.883989e-05 4.972609e-04
    endloop
  endfacet
  facet normal -3.705776e-02 -3.705776e-02 9.986258e-01
    outer loop
      vertex   -3.497160e-05 -3.883989e-05 4.972609e-04
      vertex   -3.061617e-20 3.749399e-36 5.000000e-04
      vertex   -3.883989e-05 -3.497160e-05 4.972609e-04
    endloop
  endfacet
  facet normal -4.072834e-02 -3.298116e-02 9.986258e-01
    outer loop
      vertex   -3.883989e-05 -3.497160e-05 4.972609e-04
      vertex   -3.061617e-20 3.749399e-36 5.000000e-04
      vertex   -4.228265e-05 -3.072014e-05 4.972609e-04
    endloop
  endfacet
  facet normal -4.395270e-02 -2.854321e-02 9.986258e-01
    outer loop
      vertex   -4.228265e-05 -3.072014e-05 4.972609e-04
      vertex   -3.061617e-20 3.749399e-36 5.000000e-04
      vertex   -4.526215e-05 -2.613212e-05 4.972609e-04
    endloop
  endfacet
  facet normal -4.669550e-02 -2.379254e-02 9.986258e-01
    outer loop
      vertex   -4.526215e-05 -2.613212e-05 4.972609e-04
      vertex   -3.061617e-20 3.749399e-36 5.000000e-04
      vertex   -4.774575e-05 -2.125778e-05 4.972609e-04
    endloop
  endfacet
  facet normal -4.892669e-02 -1.878120e-02 9.986258e-01
    outer loop
      vertex   -4.774575e-05 -2.125778e-05 4.972609e-04
      vertex   -3.061617e-20 3.749399e-36 5.000000e-04
      vertex   -4.970624e-05 -1.615054e-05 4.972609e-04
    endloop
  endfacet
  facet normal -5.062184e-02 -1.356408e-02 9.986258e-01
    outer loop
      vertex   -4.970624e-05 -1.615054e-05 4.972609e-04
      vertex   -3.061617e-20 3.749399e-36 5.000000e-04
      vertex   -5.112213e-05 -1.086634e-05 4.972609e-04
    endloop
  endfacet
  facet normal -5.176236e-02 -8.198352e-03 9.986258e-01
    outer loop
      vertex   -5.112213e-05 -1.086634e-05 4.972609e-04
      vertex   -3.061617e-20 3.749399e-36 5.000000e-04
      vertex   -5.197792e-05 -5.463100e-06 4.972609e-04
    endloop
  endfacet
  facet normal -5.233576e-02 -2.742801e-03 9.986258e-01
    outer loop
      vertex   -5.197792e-05 -5.463100e-06 4.972609e-04
      vertex   -3.061617e-20 3.749399e-36 5.000000e-04
      vertex   -5.226423e-05 -6.400522e-21 4.972609e-04
    endloop
  endfacet
  facet normal -5.176236e-02 -8.198352e-03 -9.986258e-01
    outer loop
      vertex   -5.197792e-05 -5.463100e-06 -4.972609e-04
      vertex   -3.061617e-20 -3.749399e-36 -5.000000e-04
      vertex   -5.112213e-05 -1.086634e-05 -4.972609e-04
    endloop
  endfacet
  facet normal -5.062184e-02 -1.356408e-02 -9.986258e-01
    outer loop
      vertex   -5.112213e-05 -1.086634e-05 -4.972609e-04
      vertex   -3.061617e-20 -3.749399e-36 -5.000000e-04
      vertex   -4.970624e-05 -1.615054e-05 -4.972609e-04
    endloop
  endfacet
  facet normal -4.892669e-02 -1.878120e-02 -9.986258e-01
    outer loop
      vertex   -4.970624e-05 -1.615054e-05 -4.972609e-04
      vertex   -3.061617e-20 -3.749399e-36 -5.000000e-04
      vertex   -4.774575e-05 -2.125778e-05 -4.972609e-04
    endloop
  endfacet
  facet normal -4.669550e-02 -2.379254e-02 -9.986258e-01
    outer loop
      vertex   -4.774575e-05 -2.125778e-05 -4.972609e-04
      vertex   -3.061617e-20 -3.749399e-36 -5.000000e-04
      vertex   -4.526215e-05 -2.613212e-05 -4.972609e-04
    endloop
  endfacet
  facet normal -4.395270e-02 -2.854321e-02 -9.986258e-01
    outer loop
      vertex   -4.526215e-05 -2.613212e-05 -4.972609e-04
      vertex   -3.061617e-20 -3.749399e-36 -5.000000e-04
      vertex   -4.228265e-05 -3.072014e-05 -4.972609e-04
    endloop
  endfacet
  facet normal -4.072834e-02 -3.298116e-02 -9.986258e-01
    outer loop
      vertex   -4.228265e-05 -3.072014e-05 -4.972609e-04
      vertex   -3.061617e-20 -3.749399e-36 -5.000000e-04
      vertex   -3.883989e-05 -3.497160e-05 -4.972609e-04
    endloop
  endfacet
  facet normal -3.705776e-02 -3.705776e-02 -9.986258e-01
    outer loop
      vertex   -3.883989e-05 -3.497160e-05 -4.972609e-04
      vertex   -3.061617e-20 -3.749399e-36 -5.000000e-04
      vertex   -3.497160e-05 -3.883989e-05 -4.972609e-04
    endloop
  endfacet
  facet normal -3.298116e-02 -4.072834e-02 -9.986258e-01
    outer loop
      vertex   -3.497160e-05 -3.883989e-05 -4.972609e-04
      vertex   -3.061617e-20 -3.749399e-36 -5.000000e-04
      vertex   -3.072014e-05 -4.228265e-05 -4.972609e-04
    endloop
  endfacet
  facet normal -2.854321e-02 -4.395270e-02 -9.986258e-01
    outer loop
      vertex   -3.072014e-05 -4.228265e-05 -4.972609e-04
      vertex   -3.061617e-20 -3.749399e-36 -5.000000e-04
      vertex   -2.613212e-05 -4.526215e-05 -4.972609e-04
    endloop
  endfacet
  facet normal -2.379254e-02 -4.669550e-02 -9.986258e-01
    outer loop
      vertex   -2.613212e-05 -4.526215e-05 -4.972609e-04
      vertex   -3.061617e-20 -3.749399e-36 -5.000000e-04
      vertex   -2.125778e-05 -4.774575e-05 -4.972609e-04
    endloop
  endfacet
  facet normal -1.878120e-02 -4.892669e-02 -9.986258e-01
    outer loop
      vertex   -2.125778e-05 -4.774575e-05 -4.972609e-04
      vertex   -3.061617e-20 -3.749399e-36 -5.000000e-04
      vertex   -1.615054e-05 -4.970624e-05 -4.972609e-04
    endloop
  endfacet
  facet normal -1.356408e-02 -5.062184e-02 -9.986258e-01
    outer loop
      vertex   -1.615054e-05 -4.970624e-05 -4.972609e-04
      vertex   -3.061617e-20 -3.749399e-36 -5.000000e-04
      vertex   -1.086634e-05 -5.112213e-05 -4.972609e-04
    endloop
  endfacet
  facet normal -8.198352e-03 -5.176236e-02 -9.986258e-01
    outer loop
      vertex   -1.086634e-05 -5.112213e-05 -4.972609e-04
      vertex   -3.061617e-20 -3.749399e-36 -5.000000e-04
      vertex   -5.463100e-06 -5.197792e-05 -4.972609e-04
    endloop
  endfacet
  facet normal -2.742801e-03 -5.233576e-02 -9.986258e-01
    outer loop
      vertex   -5.463100e-06 -5.197792e-05 -4.972609e-04
      vertex   -3.061617e-20 -3.749399e-36 -5.000000e-04
      vertex   3.200261e-21 -5.226423e-05 -4.972609e-04
    endloop
  endfacet
  facet normal 2.742801e-03 -5.233576e-02 -9.986258e-01
    outer loop
      vertex   3.200261e-21 -5.226423e-05 -4.972609e-04
      vertex   -3.061617e-20 -3.749399e-36 -5.000000e-04
      vertex   5.463100e-06 -5.197792e-05 -4.972609e-04
    endloop
  endfacet
  facet normal 8.198352e-03 -5.176236e-02 -9.986258e-01
    outer loop
      vertex   5.463100e-06 -5.197792e-05 -4.972609e-04
      vertex   -3.061617e-20 -3.749399e-36 -5.000000e-04
      vertex   1.086634e-05 -5.112213e-05 -4.972609e-04
    endloop
  endfacet
  facet normal 1.356408e-02 -5.062184e-02 -9.986258e-01
    outer loop
      vertex   1.086634e-05 -5.112213e-05 -4.972609e-04
      vertex   -3.061617e-20 -3.749399e-36 -5.000000e-04
      vertex   1.615054e-05 -4.970624e-05 -4.972609e-04
    endloop
  endfacet
  facet normal 1.878120e-02 -4.892669e-02 -9.986258e-01
    outer loop
      vertex   1.615054e-05 -4.970624e-05 -4.972609e-04
      vertex   -3.061617e-20 -3.749399e-36 -5.000000e-04
      vertex   2.125778e-05 -4.774575e-05 -4.972609e-04
    endloop
  endfacet
  facet normal 2.379254e-02 -4.669550e-02 -9.986258e-01
    outer loop
      vertex   2.125778e-05 -4.774575e-05 -4.972609e-04
      vertex   -3.061617e-20 -3.749399e-36 -5.000000e-04
      vertex   2.613212e-05 -4.526215e-05 -4.972609e-04
    endloop
  endfacet
  facet normal 2.854321e-02 -4.395270e-02 -9.986258e-01
    outer loop
      vertex   2.613212e-05 -4.526215e-05 -4.972609e-04
      vertex   -3.061617e-20 -3.749399e-36 -5.000000e-04
      vertex   3.072014e-05 -4.228265e-05 -4.972609e-04
    endloop
  endfacet
  facet normal 3.298116e-02 -4.072834e-02 -9.986258e-01
    outer loop
      vertex   3.072014e-05 -4.228265e-05 -4.972609e-04
      vertex   -3.061617e-20 -3.749399e-36 -5.000000e-04
      vertex   3.497160e-05 -3.883989e-05 -4.972609e-04
    endloop
  endfacet
  facet normal 3.705776e-02 -3.705776e-02 -9.986258e-01
    outer loop
      vertex   3.497160e-05 -3.883989e-05 -4.972609e-04
      vertex   -3.061617e-20 -3.749399e-36 -5.000000e-04
      vertex   3.883989e-05 -3.497160e-05 -4.972609e-04
    endloop
  endfacet
  facet normal 4.072834e-02 -3.298116e-02 -9.986258e-01
    outer loop
      vertex   3.883989e-05 -3.497160e-05 -4.972609e-04
      vertex   -3.061617e-20 -3.749399e-36 -5.000000e-04
      vertex   4.228265e-05 -3.072014e-05 -4.972609e-04
    endloop
  endfacet
  facet normal 4.395270e-02 -2.854321e-02 -9.986258e-01
    outer loop
      vertex   4.228265e-05 -3.072014e-05 -4.972609e-04
      vertex   -3.061617e-20 -3.749399e-36 -5.000000e-04
      vertex   4.526215e-05 -2.613212e-05 -4.972609e-04
    endloop
  endfacet
  facet normal 4.669550e-02 -2.379254e-02 -9.986258e-01
    outer loop
      vertex   4.526215e-05 -2.613212e-05 -4.972609e-04
      vertex   -3.061617e-20 -3.749399e-36 -5.000000e-04
      vertex   4.774575e-05 -2.125778e-05 -4.972609e-04
    endloop
  endfacet
  facet normal 4.892669e-02 -1.878120e-02 -9.986258e-01
    outer loop
      vertex   4.774575e-05 -2.125778e-05 -4.972609e-04
      vertex   -3.061617e-20 -3.749399e-36 -5.000000e-04
      vertex   4.970624e-05 -1.615054e-05 -4.972609e-04
    endloop
  endfacet
  facet normal 5.062184e-02 -1.356408e-02 -9.986258e-01
    outer loop
      vertex   4.970624e-05 -1.615054e-05 -4.972609e-04
      vertex   -3.061617e-20 -3.749399e-36 -5.000000e-04
      vertex   5.112213e-05 -1.086634e-05 -4.972609e-04
    endloop
  endfacet
  facet normal 5.176236e-02 -8.198352e-03 -9.986258e-01
    outer loop
      vertex   5.112213e-05 -1.086634e-05 -4.972609e-04
      vertex   -3.061617e-20 -3.749399e-36 -5.000000e-04
      vertex   5.197792e-05 -5.463100e-06 -4.972609e-04
    endloop
  endfacet
  facet normal 5.233576e-02 -2.742801e-03 -9.986258e-01
    outer loop
      vertex   5.197792e-05 -5.463100e-06 -4.972609e-04
      vertex   -3.061617e-20 -3.749399e-36 -5.000000e-04
      vertex   5.226423e-05 0.000000e+00 -4.972609e-04
    endloop
  endfacet
  facet normal 5.176236e-02 8.198352e-03 -9.986258e-01
    outer loop
      vertex   5.197792e-05 5.463100e-06 -4.972609e-04
      vertex   -3.061617e-20 -3.749399e-36 -5.000000e-04
      vertex   5.112213e-05 1.086634e-05 -4.972609e-04
    endloop
  endfacet
  facet normal 5.062184e-02 1.356408e-02 -9.986258e-01
    outer loop
      vertex   5.112213e-05 1.086634e-05 -4.972609e-04
      vertex   -3.061617e-20 -3.749399e-36 -5.000000e-04
      vertex   4.970624e-05 1.615054e-05 -4.972609e-04
    endloop
  endfacet
  facet normal 4.892669e-02 1.878120e-02 -9.986258e-01
    outer loop
      vertex   4.970624e-05 1.615054e-05 -4.972609e-04
      vertex   -3.061617e-20 -3.749399e-36 -5.000000e-04
      vertex   4.774575e-05 2.125778e-05 -4.972609e-04
    endloop
  endfacet
  facet normal 4.669550e-02 2.379254e-02 -9.986258e-01
    outer loop
      vertex   4.774575e-05 2.125778e-05 -4.972609e-04
      vertex   -3.061617e-20 -3.749399e-36 -5.000000e-04
      vertex   4.526215e-05 2.613212e-05 -4.972609e-04
    endloop
  endfacet
  facet normal 4.395270e-02 2.854321e-02 -9.986258e-01
    outer loop
      vertex   4.526215e-05 2.613212e-05 -4.972609e-04
      vertex   -3.061617e-20 -3.749399e-36 -5.000000e-04
      vertex   4.228265e-05 3.072014e-05 -4.972609e-04
    endloop
  endfacet
  facet normal 4.072834e-02 3.298116e-02 -9.986258e-01
    outer loop
      vertex   4.228265e-05 3.072014e-05 -4.972609e-04
      vertex   -3.061617e-20 -3.749399e-36 -5.000000e-04
      vertex   3.883989e-05 3.497160e-05 -4.972609e-04
    endloop
  endfacet
  facet normal 3.705776e-02 3.705776e-02 -9.986258e-01
    outer loop
      vertex   3.883989e-05 3.497160e-05 -4.972609e-04
      vertex   -3.061617e-20 -3.749399e-36 -5.000000e-04
      vertex   3.497160e-05 3.883989e-05 -4.972609e-04
    endloop
  endfacet
  facet normal 3.298116e-02 4.072834e-02 -9.986258e-01
    outer loop
      vertex   3.497160e-05 3.883989e-05 -4.972609e-04
      vertex   -3.061617e-20 -3.749399e-36 -5.000000e-04
      vertex   3.072014e-05 4.228265e-05 -4.972609e-04
    endloop
  endfacet
  facet normal 2.854321e-02 4.395270e-02 -9.986258e-01
    outer loop
      vertex   3.072014e-05 4.228265e-05 -4.972609e-04
      vertex   -3.061617e-20 -3.749399e-36 -5.000000e-04
      vertex   2.613212e-05 4.526215e-05 -4.972609e-04
    endloop
  endfacet
  facet normal 2.379254e-02 4.669550e-02 -9.986258e-01
    outer loop
      vertex   2.613212e-05 4.526215e-05 -4.972609e-04
      vertex   -3.061617e-20 -3.749399e-36 -5.000000e-04
      vertex   2.125778e-05 4.774575e-05 -4.972609e-04
    endloop
  endfacet
  facet normal 1.878120e-02 4.892669e-02 -9.986258e-01
    outer loop
      vertex   2.125778e-05 4.774575e-05 -4.972609e-04
      vertex   -3.061617e-20 -3.749399e-36 -5.000000e-04
      vertex   1.615054e-05 4.970624e-05 -4.972609e-04
    endloop
  endfacet
  facet normal 1.356408e-02 5.062184e-02 -9.986258e-01
    outer loop
      vertex   1.615054e-05 4.970624e-05 -4.972609e-04
      vertex   -3.061617e-20 -3.749399e-36 -5.000000e-04
      vertex   1.086634e-05 5.112213e-05 -4.972609e-04
    endloop
  endfacet
  facet normal 8.198352e-03 5.176236e-02 -9.986258e-01
    outer loop
      vertex   1.086634e-05 5.112213e-05 -4.972609e-04
      vertex   -3.061617e-20 -3.749399e-36 -5.000000e-04
      vertex   5.463100e-06 5.197792e-05 -4.972609e-04
    endloop
  endfacet
  facet normal 2.742801e-03 5.233576e-02 -9.986258e-01
    outer loop
      vertex   5.463100e-06 5.197792e-05 -4.972609e-04
      vertex   -3.061617e-20 -3.749399e-36 -5.000000e-04
      vertex   3.200261e-21 5.226423e-05 -4.972609e-04
    endloop
  endfacet
  facet normal -2.742801e-03 5.233576e-02 -9.986258e-01
    outer loop
      vertex   3.200261e-21 5.226423e-05 -4.972609e-04
      vertex   -3.061617e-20 -3.749399e-36 -5.000000e-04
      vertex   -5.463100e-06 5.197792e-05 -4.972609e-04
    endloop
  endfacet
  facet normal -8.198352e-03 5.176236e-02 -9.986258e-01
    outer loop
      vertex   -5.463100e-06 5.197792e-05 -4.972609e-04
      vertex   -3.061617e-20 -3.749399e-36 -5.000000e-04
      vertex   -1.086634e-05 5.112213e-05 -4.972609e-04
    endloop
  endfacet
  facet normal -1.356408e-02 5.062184e-02 -9.986258e-01
    outer loop
      vertex   -1.086634e-05 5.112213e-05 -4.972609e-04
      vertex   -3.061617e-20 -3.749399e-36 -5.000000e-04
      vertex   -1.615054e-05 4.970624e-05 -4.972609e-04
    endloop
  endfacet
  facet normal -1.878120e-02 4.892669e-02 -9.986258e-01
    outer loop
      vertex   -1.615054e-05 4.970624e-05 -4.972609e-04
      vertex   -3.061617e-20 -3.749399e-36 -5.000000e-04
      vertex   -2.125778e-05 4.774575e-05 -4.972609e-04
    endloop
  endfacet
  facet normal -2.379254e-02 4.669550e-02 -9.986258e-01
    outer loop
      vertex   -2.125778e-05 4.774575e-05 -4.972609e-04
      vertex   -3.061617e-20 -3.749399e-36 -5.000000e-04
      vertex   -2.613212e-05 4.526215e-05 -4.972609e-04
    endloop
  endfacet
  facet normal -2.854321e-02 4.395270e-02 -9.986258e-01
    outer loop
      vertex   -2.613212e-05 4.526215e-05 -4.972609e-04
      vertex   -3.061617e-20 -3.749399e-36 -5.000000e-04
      vertex   -3.072014e-05 4.228265e-05 -4.972609e-04
    endloop
  endfacet
  facet normal -3.298116e-02 4.072834e-02 -9.986258e-01
    outer loop
      vertex   -3.072014e-05 4.228265e-05 -4.972609e-04
      vertex   -3.061617e-20 -3.749399e-36 -5.000000e-04
      vertex   -3.497160e-05 3.883989e-05 -4.972609e-04
    endloop
  endfacet
  facet normal -3.705776e-02 3.705776e-02 -9.986258e-01
    outer loop
      vertex   -3.497160e-05 3.883989e-05 -4.972609e-04
      vertex   -3.061617e-20 -3.749399e-36 -5.000000e-04
      vertex   -3.883989e-05 3.497160e-05 -4.972609e-04
    endloop
  endfacet
  facet normal -4.072834e-02 3.298116e-02 -9.986258e-01
    outer loop
      vertex   -3.883989e-05 3.497160e-05 -4.972609e-04
      vertex   -3.061617e-20 -3.749399e-36 -5.000000e-04
      vertex   -4.228265e-05 3.072014e-05 -4.972609e-04
    endloop
  endfacet
  facet normal -4.395270e-02 2.854321e-02 -9.986258e-01
    outer loop
      vertex   -4.228265e-05 3.072014e-05 -4.972609e-04
      vertex   -3.061617e-20 -3.749399e-36 -5.000000e-04
      vertex   -4.526215e-05 2.613212e-05 -4.972609e-04
    endloop
  endfacet
  facet normal -4.669550e-02 2.379254e-02 -9.986258e-01
    outer loop
      vertex   -4.526215e-05 2.613212e-05 -4.972609e-04
      vertex   -3.061617e-20 -3.749399e-36 -5.000000e-04
      vertex   -4.774575e-05 2.125778e-05 -4.972609e-04
    endloop
  endfacet
  facet normal -4.892669e-02 1.878120e-02 -9.986258e-01
    outer loop
      vertex   -4.774575e-05 2.125778e-05 -4.972609e-04
      vertex   -3.061617e-20 -3.749399e-36 -5.000000e-04
      vertex   -4.970624e-05 1.615054e-05 -4.972609e-04
    endloop
  endfacet
  facet normal -5.062184e-02 1.356408e-02 -9.986258e-01
    outer loop
      vertex   -4.970624e-05 1.615054e-05 -4.972609e-04
      vertex   -3.061617e-20 -3.749399e-36 -5.000000e-04
      vertex   -5.112213e-05 1.086634e-05 -4.972609e-04
    endloop
  endfacet
  facet normal -5.176236e-02 8.198352e-03 -9.986258e-01
    outer loop
      vertex   -5.112213e-05 1.086634e-05 -4.972609e-04
      vertex   -3.061617e-20 -3.749399e-36 -5.000000e-04
      vertex   -5.197792e-05 5.463100e-06 -4.972609e-04
    endloop
  endfacet
  facet normal -5.233576e-02 2.742801e-03 -9.986258e-01
    outer loop
      vertex   -5.197792e-05 5.463100e-06 -4.972609e-04
      vertex   -3.061617e-20 -3.749399e-36 -5.000000e-04
      vertex   -5.226423e-05 -6.400522e-21 -4.972609e-04
    endloop
  endfacet
  facet normal -5.176236e-02 8.198352e-03 9.986258e-01
    outer loop
      vertex   -5.197792e-05 5.463100e-06 4.972609e-04
      vertex   -3.061617e-20 3.749399e-36 5.000000e-04
      vertex   -5.112213e-05 1.086634e-05 4.972609e-04
    endloop
  endfacet
  facet normal -5.062184e-02 1.356408e-02 9.986258e-01
    outer loop
      vertex   -5.112213e-05 1.086634e-05 4.972609e-04
      vertex   -3.061617e-20 3.749399e-36 5.000000e-04
      vertex   -4.970624e-05 1.615054e-05 4.972609e-04
    endloop
  endfacet
  facet normal -4.892669e-02 1.878120e-02 9.986258e-01
    outer loop
      vertex   -4.970624e-05 1.615054e-05 4.972609e-04
      vertex   -3.061617e-20 3.749399e-36 5.000000e-04
      vertex   -4.774575e-05 2.125778e-05 4.972609e-04
    endloop
  endfacet
  facet normal -4.669550e-02 2.379254e-02 9.986258e-01
    outer loop
      vertex   -4.774575e-05 2.125778e-05 4.972609e-04
      vertex   -3.061617e-20 3.749399e-36 5.000000e-04
      vertex   -4.526215e-05 2.613212e-05 4.972609e-04
    endloop
  endfacet
  facet normal -4.395270e-02 2.854321e-02 9.986258e-01
    outer loop
      vertex   -4.526215e-05 2.613212e-05 4.972609e-04
      vertex   -3.061617e-20 3.749399e-36 5.000000e-04
      vertex   -4.228265e-05 3.072014e-05 4.972609e-04
    endloop
  endfacet
  facet normal -4.072834e-02 3.298116e-02 9.986258e-01
    outer loop
      vertex   -4.228265e-05 3.072014e-05 4.972609e-04
      vertex   -3.061617e-20 3.749399e-36 5.000000e-04
      vertex   -3.883989e-05 3.497160e-05 4.972609e-04
    endloop
  endfacet
  facet normal -3.705776e-02 3.705776e-02 9.986258e-01
    outer loop
      vertex   -3.883989e-05 3.497160e-05 4.972609e-04
      vertex   -3.061617e-20 3.749399e-36 5.000000e-04
      vertex   -3.497160e-05 3.883989e-05 4.972609e-04
    endloop
  endfacet
  facet normal -3.298116e-02 4.072834e-02 9.986258e-01
    outer loop
      vertex   -3.497160e-05 3.883989e-05 4.972609e-04
      vertex   -3.061617e-20 3.749399e-36 5.000000e-04
      vertex   -3.072014e-05 4.228265e-05 4.972609e-04
    endloop
  endfacet
  facet normal -2.854321e-02 4.395270e-02 9.986258e-01
    outer loop
      vertex   -3.072014e-05 4.228265e-05 4.972609e-04
      vertex   -3.061617e-20 3.749399e-36 5.000000e-04
      vertex   -2.613212e-05 4.526215e-05 4.972609e-04
    endloop
  endfacet
  facet normal -2.379254e-02 4.669550e-02 9.986258e-01
    outer loop
      vertex   -2.613212e-05 4.526215e-05 4.972609e-04
      vertex   -3.061617e-20 3.749399e-36 5.000000e-04
      vertex   -2.125778e-05 4.774575e-05 4.972609e-04
    endloop
  endfacet
  facet normal -1.878120e-02 4.892669e-02 9.986258e-01
    outer loop
      vertex   -2.125778e-05 4.774575e-05 4.972609e-04
      vertex   -3.061617e-20 3.749399e-36 5.000000e-04
      vertex   -1.615054e-05 4.970624e-05 4.972609e-04
    endloop
  endfacet
  facet normal -1.356408e-02 5.062184e-02 9.986258e-01
    outer loop
      vertex   -1.615054e-05 4.970624e-05 4.972609e-04
      vertex   -3.061617e-20 3.749399e-36 5.000000e-04
      vertex   -1.086634e-05 5.112213e-05 4.972609e-04
    endloop
  endfacet
  facet normal -8.198352e-03 5.176236e-02 9.986258e-01
    outer loop
      vertex   -1.086634e-05 5.112213e-05 4.972609e-04
      vertex   -3.061617e-20 3.749399e-36 5.000000e-04
      vertex   -5.463100e-06 5.197792e-05 4.972609e-04
    endloop
  endfacet
  facet normal -2.742801e-03 5.233576e-02 9.986258e-01
    outer loop
      vertex   -5.463100e-06 5.197792e-05 4.972609e-04
      vertex   -3.061617e-20 3.749399e-36 5.000000e-04
      vertex   3.200261e-21 5.226423e-05 4.972609e-04
    endloop
  endfacet
  facet normal 2.742801e-03 5.233576e-02 9.986258e-01
    outer loop
      vertex   3.200261e-21 5.226423e-05 4.972609e-04
      vertex   -3.061617e-20 3.749399e-36 5.000000e-04
      vertex   5.463100e-06 5.197792e-05 4.972609e-04
    endloop
  endfacet
  facet normal 8.198352e-03 5.176236e-02 9.986258e-01
    outer loop
      vertex   5.463100e-06 5.197792e-05 4.972609e-04
      vertex   -3.061617e-20 3.749399e-36 5.000000e-04
      vertex   1.086634e-05 5.112213e-05 4.972609e-04
    endloop
  endfacet
  facet normal 1.356408e-02 5.062184e-02 9.986258e-01
    outer loop
      vertex   1.086634e-05 5.112213e-05 4.972609e-04
      vertex   -3.061617e-20 3.749399e-36 5.000000e-04
      vertex   1.615054e-05 4.970624e-05 4.972609e-04
    endloop
  endfacet
  facet normal 1.878120e-02 4.892669e-02 9.986258e-01
    outer loop
      vertex   1.615054e-05 4.970624e-05 4.972609e-04
      vertex   -3.061617e-20 3.749399e-36 5.000000e-04
      vertex   2.125778e-05 4.774575e-05 4.972609e-04
    endloop
  endfacet
  facet normal 2.379254e-02 4.669550e-02 9.986258e-01
    outer loop
      vertex   2.125778e-05 4.774575e-05 4.972609e-04
      vertex   -3.061617e-20 3.749399e-36 5.000000e-04
      vertex   2.613212e-05 4.526215e-05 4.972609e-04
    endloop
  endfacet
  facet normal 2.854321e-02 4.395270e-02 9.986258e-01
    outer loop
      vertex   2.613212e-05 4.526215e-05 4.972609e-04
      vertex   -3.061617e-20 3.749399e-36 5.000000e-04
      vertex   3.072014e-05 4.228265e-05 4.972609e-04
    endloop
  endfacet
  facet normal 3.298116e-02 4.072834e-02 9.986258e-01
    outer loop
      vertex   3.072014e-05 4.228265e-05 4.972609e-04
      vertex   -3.061617e-20 3.749399e-36 5.000000e-04
      vertex   3.497160e-05 3.883989e-05 4.972609e-04
    endloop
  endfacet
  facet normal 3.705776e-02 3.705776e-02 9.986258e-01
    outer loop
      vertex   3.497160e-05 3.883989e-05 4.972609e-04
      vertex   -3.061617e-20 3.749399e-36 5.000000e-04
      vertex   3.883989e-05 3.497160e-05 4.972609e-04
    endloop
  endfacet
  facet normal 4.072834e-02 3.298116e-02 9.986258e-01
    outer loop
      vertex   3.883989e-05 3.497160e-05 4.972609e-04
      vertex   -3.061617e-20 3.749399e-36 5.000000e-04
      vertex   4.228265e-05 3.072014e-05 4.972609e-04
    endloop
  endfacet
  facet normal 4.395270e-02 2.854321e-02 9.986258e-01
    outer loop
      vertex   4.228265e-05 3.072014e-05 4.972609e-04
      vertex   -3.061617e-20 3.749399e-36 5.000000e-04
      vertex   4.526215e-05 2.613212e-05 4.972609e-04
    endloop
  endfacet
  facet normal 4.669550e-02 2.379254e-02 9.986258e-01
    outer loop
      vertex   4.526215e-05 2.613212e-05 4.972609e-04
      vertex   -3.061617e-20 3.749399e-36 5.000000e-04
      vertex   4.774575e-05 2.125778e-05 4.972609e-04
    endloop
  endfacet
  facet normal 4.892669e-02 1.878120e-02 9.986258e-01
    outer loop
      vertex   4.774575e-05 2.125778e-05 4.972609e-04
      vertex   -3.061617e-20 3.749399e-36 5.000000e-04
      vertex   4.970624e-05 1.615054e-05 4.972609e-04
    endloop
  endfacet
  facet normal 5.062184e-02 1.356408e-02 9.986258e-01
    outer loop
      vertex   4.970624e-05 1.615054e-05 4.972609e-04
      vertex   -3.061617e-20 3.749399e-36 5.000000e-04
      vertex   5.112213e-05 1.086634e-05 4.972609e-04
    endloop
  endfacet
  facet normal 5.176236e-02 8.198352e-03 9.986258e-01
    outer loop
      vertex   5.112213e-05 1.086634e-05 4.972609e-04
      vertex   -3.061617e-20 3.749399e-36 5.000000e-04
      vertex   5.197792e-05 5.463100e-06 4.972609e-04
    endloop
  endfacet
  facet normal 5.233576e-02 2.742801e-03 9.986258e-01
    outer loop
      vertex   5.197792e-05 5.463100e-06 4.972609e-04
      vertex   -3.061617e-20 3.749399e-36 5.000000e-04
      vertex   5.226423e-05 0.000000e+00 4.972609e-04
    endloop
  endfacet
  facet normal 1.564292e-01 -8.198107e-03 -9.876551e-01
    outer loop
      vertex   5.226423e-05 0.000000e+00 -4.972609e-04
      vertex   1.039558e-04 0.000000e+00 -4.890738e-04
      vertex   5.197792e-05 -5.463100e-06 -4.972609e-04
    endloop
  endfacet
  facet normal 1.564292e-01 -8.198107e-03 -9.876551e-01
    outer loop
      vertex   5.197792e-05 -5.463100e-06 -4.972609e-04
      vertex   1.039558e-04 0.000000e+00 -4.890738e-04
      vertex   1.033864e-04 -1.086634e-05 -4.890738e-04
    endloop
  endfacet
  facet normal 1.547153e-01 -2.450450e-02 -9.876551e-01
    outer loop
      vertex   5.197792e-05 -5.463100e-06 -4.972609e-04
      vertex   1.033864e-04 -1.086634e-05 -4.890738e-04
      vertex   5.112213e-05 -1.086634e-05 -4.972609e-04
    endloop
  endfacet
  facet normal 1.547153e-01 -2.450450e-02 -9.876551e-01
    outer loop
      vertex   5.112213e-05 -1.086634e-05 -4.972609e-04
      vertex   1.033864e-04 -1.086634e-05 -4.890738e-04
      vertex   1.016842e-04 -2.161364e-05 -4.890738e-04
    endloop
  endfacet
  facet normal 1.513064e-01 -4.054242e-02 -9.876551e-01
    outer loop
      vertex   5.112213e-05 -1.086634e-05 -4.972609e-04
      vertex   1.016842e-04 -2.161364e-05 -4.890738e-04
      vertex   4.970624e-05 -1.615054e-05 -4.972609e-04
    endloop
  endfacet
  facet normal 1.513064e-01 -4.054242e-02 -9.876551e-01
    outer loop
      vertex   4.970624e-05 -1.615054e-05 -4.972609e-04
      vertex   1.016842e-04 -2.161364e-05 -4.890738e-04
      vertex   9.886788e-05 -3.212412e-05 -4.890738e-04
    endloop
  endfacet
  facet normal 1.462397e-01 -5.613615e-02 -9.876551e-01
    outer loop
      vertex   4.970624e-05 -1.615054e-05 -4.972609e-04
      vertex   9.886788e-05 -3.212412e-05 -4.890738e-04
      vertex   4.774575e-05 -2.125778e-05 -4.972609e-04
    endloop
  endfacet
  facet normal 1.462397e-01 -5.613615e-02 -9.876551e-01
    outer loop
      vertex   4.774575e-05 -2.125778e-05 -4.972609e-04
      vertex   9.886788e-05 -3.212412e-05 -4.890738e-04
      vertex   9.496839e-05 -4.228265e-05 -4.890738e-04
    endloop
  endfacet
  facet normal 1.395707e-01 -7.111483e-02 -9.876551e-01
    outer loop
      vertex   4.774575e-05 -2.125778e-05 -4.972609e-04
      vertex   9.496839e-05 -4.228265e-05 -4.890738e-04
      vertex   4.526215e-05 -2.613212e-05 -4.972609e-04
    endloop
  endfacet
  facet normal 1.395707e-01 -7.111483e-02 -9.876551e-01
    outer loop
      vertex   4.526215e-05 -2.613212e-05 -4.972609e-04
      vertex   9.496839e-05 -4.228265e-05 -4.890738e-04
      vertex   9.002840e-05 -5.197792e-05 -4.890738e-04
    endloop
  endfacet
  facet normal 1.313726e-01 -8.531437e-02 -9.876551e-01
    outer loop
      vertex   4.526215e-05 -2.613212e-05 -4.972609e-04
      vertex   9.002840e-05 -5.197792e-05 -4.890738e-04
      vertex   4.228265e-05 -3.072014e-05 -4.972609e-04
    endloop
  endfacet
  facet normal 1.313726e-01 -8.531437e-02 -9.876551e-01
    outer loop
      vertex   4.228265e-05 -3.072014e-05 -4.972609e-04
      vertex   9.002840e-05 -5.197792e-05 -4.890738e-04
      vertex   8.410205e-05 -6.110371e-05 -4.890738e-04
    endloop
  endfacet
  facet normal 1.217352e-01 -9.857919e-02 -9.876551e-01
    outer loop
      vertex   4.228265e-05 -3.072014e-05 -4.972609e-04
      vertex   8.410205e-05 -6.110371e-05 -4.890738e-04
      vertex   3.883989e-05 -3.497160e-05 -4.972609e-04
    endloop
  endfacet
  facet normal 1.217352e-01 -9.857919e-02 -9.876551e-01
    outer loop
      vertex   3.883989e-05 -3.497160e-05 -4.972609e-04
      vertex   8.410205e-05 -6.110371e-05 -4.890738e-04
      vertex   7.725425e-05 -6.956004e-05 -4.890738e-04
    endloop
  endfacet
  facet normal 1.107640e-01 -1.107640e-01 -9.876551e-01
    outer loop
      vertex   3.883989e-05 -3.497160e-05 -4.972609e-04
      vertex   7.725425e-05 -6.956004e-05 -4.890738e-04
      vertex   3.497160e-05 -3.883989e-05 -4.972609e-04
    endloop
  endfacet
  facet normal 1.107640e-01 -1.107640e-01 -9.876551e-01
    outer loop
      vertex   3.497160e-05 -3.883989e-05 -4.972609e-04
      vertex   7.725425e-05 -6.956004e-05 -4.890738e-04
      vertex   6.956004e-05 -7.725425e-05 -4.890738e-04
    endloop
  endfacet
  facet normal 9.857919e-02 -1.217352e-01 -9.876551e-01
    outer loop
      vertex   3.497160e-05 -3.883989e-05 -4.972609e-04
      vertex   6.956004e-05 -7.725425e-05 -4.890738e-04
      vertex   3.072014e-05 -4.228265e-05 -4.972609e-04
    endloop
  endfacet
  facet normal 9.857919e-02 -1.217352e-01 -9.876551e-01
    outer loop
      vertex   3.072014e-05 -4.228265e-05 -4.972609e-04
      vertex   6.956004e-05 -7.725425e-05 -4.890738e-04
      vertex   6.110371e-05 -8.410205e-05 -4.890738e-04
    endloop
  endfacet
  facet normal 8.531437e-02 -1.313726e-01 -9.876551e-01
    outer loop
      vertex   3.072014e-05 -4.228265e-05 -4.972609e-04
      vertex   6.110371e-05 -8.410205e-05 -4.890738e-04
      vertex   2.613212e-05 -4.526215e-05 -4.972609e-04
    endloop
  endfacet
  facet normal 8.531437e-02 -1.313726e-01 -9.876551e-01
    outer loop
      vertex   2.613212e-05 -4.526215e-05 -4.972609e-04
      vertex   6.110371e-05 -8.410205e-05 -4.890738e-04
      vertex   5.197792e-05 -9.002840e-05 -4.890738e-04
    endloop
  endfacet
  facet normal 7.111483e-02 -1.395707e-01 -9.876551e-01
    outer loop
      vertex   2.613212e-05 -4.526215e-05 -4.972609e-04
      vertex   5.197792e-05 -9.002840e-05 -4.890738e-04
      vertex   2.125778e-05 -4.774575e-05 -4.972609e-04
    endloop
  endfacet
  facet normal 7.111483e-02 -1.395707e-01 -9.876551e-01
    outer loop
      vertex   2.125778e-05 -4.774575e-05 -4.972609e-04
      vertex   5.197792e-05 -9.002840e-05 -4.890738e-04
      vertex   4.228265e-05 -9.496839e-05 -4.890738e-04
    endloop
  endfacet
  facet normal 5.613615e-02 -1.462397e-01 -9.876551e-01
    outer loop
      vertex   2.125778e-05 -4.774575e-05 -4.972609e-04
      vertex   4.228265e-05 -9.496839e-05 -4.890738e-04
      vertex   1.615054e-05 -4.970624e-05 -4.972609e-04
    endloop
  endfacet
  facet normal 5.613615e-02 -1.462397e-01 -9.876551e-01
    outer loop
      vertex   1.615054e-05 -4.970624e-05 -4.972609e-04
      vertex   4.228265e-05 -9.496839e-05 -4.890738e-04
      vertex   3.212412e-05 -9.886788e-05 -4.890738e-04
    endloop
  endfacet
  facet normal 4.054242e-02 -1.513064e-01 -9.876551e-01
    outer loop
      vertex   1.615054e-05 -4.970624e-05 -4.972609e-04
      vertex   3.212412e-05 -9.886788e-05 -4.890738e-04
      vertex   1.086634e-05 -5.112213e-05 -4.972609e-04
    endloop
  endfacet
  facet normal 4.054242e-02 -1.513064e-01 -9.876551e-01
    outer loop
      vertex   1.086634e-05 -5.112213e-05 -4.972609e-04
      vertex   3.212412e-05 -9.886788e-05 -4.890738e-04
      vertex   2.161364e-05 -1.016842e-04 -4.890738e-04
    endloop
  endfacet
  facet normal 2.450450e-02 -1.547153e-01 -9.876551e-01
    outer loop
      vertex   1.086634e-05 -5.112213e-05 -4.972609e-04
      vertex   2.161364e-05 -1.016842e-04 -4.890738e-04
      vertex   5.463100e-06 -5.197792e-05 -4.972609e-04
    endloop
  endfacet
  facet normal 2.450450e-02 -1.547153e-01 -9.876551e-01
    outer loop
      vertex   5.463100e-06 -5.197792e-05 -4.972609e-04
      vertex   2.161364e-05 -1.016842e-04 -4.890738e-04
      vertex   1.086634e-05 -1.033864e-04 -4.890738e-04
    endloop
  endfacet
  facet normal 8.198107e-03 -1.564292e-01 -9.876551e-01
    outer loop
      vertex   5.463100e-06 -5.197792e-05 -4.972609e-04
      vertex   1.086634e-05 -1.033864e-04 -4.890738e-04
      vertex   3.200261e-21 -5.226423e-05 -4.972609e-04
    endloop
  endfacet
  facet normal 8.198107e-03 -1.564292e-01 -9.876551e-01
    outer loop
      vertex   3.200261e-21 -5.226423e-05 -4.972609e-04
      vertex   1.086634e-05 -1.033864e-04 -4.890738e-04
      vertex   6.365460e-21 -1.039558e-04 -4.890738e-04
    endloop
  endfacet
  facet normal -8.198107e-03 -1.564292e-01 -9.876551e-01
    outer loop
      vertex   3.200261e-21 -5.226423e-05 -4.972609e-04
      vertex   6.365460e-21 -1.039558e-04 -4.890738e-04
      vertex   -5.463100e-06 -5.197792e-05 -4.972609e-04
    endloop
  endfacet
  facet normal -8.198107e-03 -1.564292e-01 -9.876551e-01
    outer loop
      vertex   -5.463100e-06 -5.197792e-05 -4.972609e-04
      vertex   6.365460e-21 -1.039558e-04 -4.890738e-04
      vertex   -1.086634e-05 -1.033864e-04 -4.890738e-04
    endloop
  endfacet
  facet normal -2.450450e-02 -1.547153e-01 -9.876551e-01
    outer loop
      vertex   -5.463100e-06 -5.197792e-05 -4.972609e-04
      vertex   -1.086634e-05 -1.033864e-04 -4.890738e-04
      vertex   -1.086634e-05 -5.112213e-05 -4.972609e-04
    endloop
  endfacet
  facet normal -2.450450e-02 -1.547153e-01 -9.876551e-01
    outer loop
      vertex   -1.086634e-05 -5.112213e-05 -4.972609e-04
      vertex   -1.086634e-05 -1.033864e-04 -4.890738e-04
      vertex   -2.161364e-05 -1.016842e-04 -4.890738e-04
    endloop
  endfacet
  facet normal -4.054242e-02 -1.513064e-01 -9.876551e-01
    outer loop
      vertex   -1.086634e-05 -5.112213e-05 -4.972609e-04
      vertex   -2.161364e-05 -1.016842e-04 -4.890738e-04
      vertex   -1.615054e-05 -4.970624e-05 -4.972609e-04
    endloop
  endfacet
  facet normal -4.054242e-02 -1.513064e-01 -9.876551e-01
    outer loop
      vertex   -1.615054e-05 -4.970624e-05 -4.972609e-04
      vertex   -2.161364e-05 -1.016842e-04 -4.890738e-04
      vertex   -3.212412e-05 -9.886788e-05 -4.890738e-04
    endloop
  endfacet
  facet normal -5.613615e-02 -1.462397e-01 -9.876551e-01
    outer loop
      vertex   -1.615054e-05 -4.970624e-05 -4.972609e-04
      vertex   -3.212412e-05 -9.886788e-05 -4.890738e-04
      vertex   -2.125778e-05 -4.774575e-05 -4.972609e-04
    endloop
  endfacet
  facet normal -5.613615e-02 -1.462397e-01 -9.876551e-01
    outer loop
      vertex   -2.125778e-05 -4.774575e-05 -4.972609e-04
      vertex   -3.212412e-05 -9.886788e-05 -4.890738e-04
      vertex   -4.228265e-05 -9.496839e-05 -4.890738e-04
    endloop
  endfacet
  facet normal -7.111483e-02 -1.395707e-01 -9.876551e-01
    outer loop
      vertex   -2.125778e-05 -4.774575e-05 -4.972609e-04
      vertex   -4.228265e-05 -9.496839e-05 -4.890738e-04
      vertex   -2.613212e-05 -4.526215e-05 -4.972609e-04
    endloop
  endfacet
  facet normal -7.111483e-02 -1.395707e-01 -9.876551e-01
    outer loop
      vertex   -2.613212e-05 -4.526215e-05 -4.972609e-04
      vertex   -4.228265e-05 -9.496839e-05 -4.890738e-04
      vertex   -5.197792e-05 -9.002840e-05 -4.890738e-04
    endloop
  endfacet
  facet normal -8.531437e-02 -1.313726e-01 -9.876551e-01
    outer loop
      vertex   -2.613212e-05 -4.526215e-05 -4.972609e-04
      vertex   -5.197792e-05 -9.002840e-05 -4.890738e-04
      vertex   -3.072014e-05 -4.228265e-05 -4.972609e-04
    endloop
  endfacet
  facet normal -8.531437e-02 -1.313726e-01 -9.876551e-01
    outer loop
      vertex   -3.072014e-05 -4.228265e-05 -4.972609e-04
      vertex   -5.197792e-05 -9.002840e-05 -4.890738e-04
      vertex   -6.110371e-05 -8.410205e-05 -4.890738e-04
    endloop
  endfacet
  facet normal -9.857919e-02 -1.217352e-01 -9.876551e-01
    outer loop
      vertex   -3.072014e-05 -4.228265e-05 -4.972609e-04
      vertex   -6.110371e-05 -8.410205e-05 -4.890738e-04
      vertex   -3.497160e-05 -3.883989e-05 -4.972609e-04
    endloop
  endfacet
  facet normal -9.857919e-02 -1.217352e-01 -9.876551e-01
    outer loop
      vertex   -3.497160e-05 -3.883989e-05 -4.972609e-04
      vertex   -6.110371e-05 -8.410205e-05 -4.890738e-04
      vertex   -6.956004e-05 -7.725425e-05 -4.890738e-04
    endloop
  endfacet
  facet normal -1.107640e-01 -1.107640e-01 -9.876551e-01
    outer loop
      vertex   -3.497160e-05 -3.883989e-05 -4.972609e-04
      vertex   -6.956004e-05 -7.725425e-05 -4.890738e-04
      vertex   -3.883989e-05 -3.497160e-05 -4.972609e-04
    endloop
  endfacet
  facet normal -1.107640e-01 -1.107640e-01 -9.876551e-01
    outer loop
      vertex   -3.883989e-05 -3.497160e-05 -4.972609e-04
      vertex   -6.956004e-05 -7.725425e-05 -4.890738e-04
      vertex   -7.725425e-05 -6.956004e-05 -4.890738e-04
    endloop
  endfacet
  facet normal -1.217352e-01 -9.857919e-02 -9.876551e-01
    outer loop
      vertex   -3.883989e-05 -3.497160e-05 -4.972609e-04
      vertex   -7.725425e-05 -6.956004e-05 -4.890738e-04
      vertex   -4.228265e-05 -3.072014e-05 -4.972609e-04
    endloop
  endfacet
  facet normal -1.217352e-01 -9.857919e-02 -9.876551e-01
    outer loop
      vertex   -4.228265e-05 -3.072014e-05 -4.972609e-04
      vertex   -7.725425e-05 -6.956004e-05 -4.890738e-04
      vertex   -8.410205e-05 -6.110371e-05 -4.890738e-04
    endloop
  endfacet
  facet normal -1.313726e-01 -8.531437e-02 -9.876551e-01
    outer loop
      vertex   -4.228265e-05 -3.072014e-05 -4.972609e-04
      vertex   -8.410205e-05 -6.110371e-05 -4.890738e-04
      vertex   -4.526215e-05 -2.613212e-05 -4.972609e-04
    endloop
  endfacet
  facet normal -1.313726e-01 -8.531437e-02 -9.876551e-01
    outer loop
      vertex   -4.526215e-05 -2.613212e-05 -4.972609e-04
      vertex   -8.410205e-05 -6.110371e-05 -4.890738e-04
      vertex   -9.002840e-05 -5.197792e-05 -4.890738e-04
    endloop
  endfacet
  facet normal -1.395707e-01 -7.111483e-02 -9.876551e-01
    outer loop
      vertex   -4.526215e-05 -2.613212e-05 -4.972609e-04
      vertex   -9.002840e-05 -5.197792e-05 -4.890738e-04
      vertex   -4.774575e-05 -2.125778e-05 -4.972609e-04
    endloop
  endfacet
  facet normal -1.395707e-01 -7.111483e-02 -9.876551e-01
    outer loop
      vertex   -4.774575e-05 -2.125778e-05 -4.972609e-04
      vertex   -9.002840e-05 -5.197792e-05 -4.890738e-04
      vertex   -9.496839e-05 -4.228265e-05 -4.890738e-04
    endloop
  endfacet
  facet normal -1.462397e-01 -5.613615e-02 -9.876551e-01
    outer loop
      vertex   -4.774575e-05 -2.125778e-05 -4.972609e-04
      vertex   -9.496839e-05 -4.228265e-05 -4.890738e-04
      vertex   -4.970624e-05 -1.615054e-05 -4.972609e-04
    endloop
  endfacet
  facet normal -1.462397e-01 -5.613615e-02 -9.876551e-01
    outer loop
      vertex   -4.970624e-05 -1.615054e-05 -4.972609e-04
      vertex   -9.496839e-05 -4.228265e-05 -4.890738e-04
      vertex   -9.886788e-05 -3.212412e-05 -4.890738e-04
    endloop
  endfacet
  facet normal -1.513064e-01 -4.054242e-02 -9.876551e-01
    outer loop
      vertex   -4.970624e-05 -1.615054e-05 -4.972609e-04
      vertex   -9.886788e-05 -3.212412e-05 -4.890738e-04
      vertex   -5.112213e-05 -1.086634e-05 -4.972609e-04
    endloop
  endfacet
  facet normal -1.513064e-01 -4.054242e-02 -9.876551e-01
    outer loop
      vertex   -5.112213e-05 -1.086634e-05 -4.972609e-04
      vertex   -9.886788e-05 -3.212412e-05 -4.890738e-04
      vertex   -1.016842e-04 -2.161364e-05 -4.890738e-04
    endloop
  endfacet
  facet normal -1.547153e-01 -2.450450e-02 -9.876551e-01
    outer loop
      vertex   -5.112213e-05 -1.086634e-05 -4.972609e-04
      vertex   -1.016842e-04 -2.161364e-05 -4.890738e-04
      vertex   -5.197792e-05 -5.463100e-06 -4.972609e-04
    endloop
  endfacet
  facet normal -1.547153e-01 -2.450450e-02 -9.876551e-01
    outer loop
      vertex   -5.197792e-05 -5.463100e-06 -4.972609e-04
      vertex   -1.016842e-04 -2.161364e-05 -4.890738e-04
      vertex   -1.033864e-04 -1.086634e-05 -4.890738e-04
    endloop
  endfacet
  facet normal -1.564292e-01 -8.198107e-03 -9.876551e-01
    outer loop
      vertex   -5.197792e-05 -5.463100e-06 -4.972609e-04
      vertex   -1.033864e-04 -1.086634e-05 -4.890738e-04
      vertex   -5.226423e-05 -6.400522e-21 -4.972609e-04
    endloop
  endfacet
  facet normal -1.564292e-01 -8.198107e-03 -9.876551e-01
    outer loop
      vertex   -5.226423e-05 -6.400522e-21 -4.972609e-04
      vertex   -1.033864e-04 -1.086634e-05 -4.890738e-04
      vertex   -1.039558e-04 -1.273092e-20 -4.890738e-04
    endloop
  endfacet
  facet normal -1.564292e-01 8.198107e-03 -9.876551e-01
    outer loop
      vertex   -5.226423e-05 -6.400522e-21 -4.972609e-04
      vertex   -1.039558e-04 -1.273092e-20 -4.890738e-04
      vertex   -5.197792e-05 5.463100e-06 -4.972609e-04
    endloop
  endfacet
  facet normal -1.564292e-01 8.198107e-03 -9.876551e-01
    outer loop
      vertex   -5.197792e-05 5.463100e-06 -4.972609e-04
      vertex   -1.039558e-04 -1.273092e-20 -4.890738e-04
      vertex   -1.033864e-04 1.086634e-05 -4.890738e-04
    endloop
  endfacet
  facet normal -1.547153e-01 2.450450e-02 -9.876551e-01
    outer loop
      vertex   -5.197792e-05 5.463100e-06 -4.972609e-04
      vertex   -1.033864e-04 1.086634e-05 -4.890738e-04
      vertex   -5.112213e-05 1.086634e-05 -4.972609e-04
    endloop
  endfacet
  facet normal -1.547153e-01 2.450450e-02 -9.876551e-01
    outer loop
      vertex   -5.112213e-05 1.086634e-05 -4.972609e-04
      vertex   -1.033864e-04 1.086634e-05 -4.890738e-04
      vertex   -1.016842e-04 2.161364e-05 -4.890738e-04
    endloop
  endfacet
  facet normal -1.513064e-01 4.054242e-02 -9.876551e-01
    outer loop
      vertex   -5.112213e-05 1.086634e-05 -4.972609e-04
      vertex   -1.016842e-04 2.161364e-05 -4.890738e-04
      vertex   -4.970624e-05 1.615054e-05 -4.972609e-04
    endloop
  endfacet
  facet normal -1.513064e-01 4.054242e-02 -9.876551e-01
    outer loop
      vertex   -4.970624e-05 1.615054e-05 -4.972609e-04
      vertex   -1.016842e-04 2.161364e-05 -4.890738e-04
      vertex   -9.886788e-05 3.212412e-05 -4.890738e-04
    endloop
  endfacet
  facet normal -1.462397e-01 5.613615e-02 -9.876551e-01
    outer loop
      vertex   -4.970624e-05 1.615054e-05 -4.972609e-04
      vertex   -9.886788e-05 3.212412e-05 -4.890738e-04
      vertex   -4.774575e-05 2.125778e-05 -4.972609e-04
    endloop
  endfacet
  facet normal -1.462397e-01 5.613615e-02 -9.876551e-01
    outer loop
      vertex   -4.774575e-05 2.125778e-05 -4.972609e-04
      vertex   -9.886788e-05 3.212412e-05 -4.890738e-04
      vertex   -9.496839e-05 4.228265e-05 -4.890738e-04
    endloop
  endfacet
  facet normal -1.395707e-01 7.111483e-02 -9.876551e-01
    outer loop
      vertex   -4.774575e-05 2.125778e-05 -4.972609e-04
      vertex   -9.496839e-05 4.228265e-05 -4.890738e-04
      vertex   -4.526215e-05 2.613212e-05 -4.972609e-04
    endloop
  endfacet
  facet normal -1.395707e-01 7.111483e-02 -9.876551e-01
    outer loop
      vertex   -4.526215e-05 2.613212e-05 -4.972609e-04
      vertex   -9.496839e-05 4.228265e-05 -4.890738e-04
      vertex   -9.002840e-05 5.197792e-05 -4.890738e-04
    endloop
  endfacet
  facet normal -1.313726e-01 8.531437e-02 -9.876551e-01
    outer loop
      vertex   -4.526215e-05 2.613212e-05 -4.972609e-04
      vertex   -9.002840e-05 5.197792e-05 -4.890738e-04
      vertex   -4.228265e-05 3.072014e-05 -4.972609e-04
    endloop
  endfacet
  facet normal -1.313726e-01 8.531437e-02 -9.876551e-01
    outer loop
      vertex   -4.228265e-05 3.072014e-05 -4.972609e-04
      vertex   -9.002840e-05 5.197792e-05 -4.890738e-04
      vertex   -8.410205e-05 6.110371e-05 -4.890738e-04
    endloop
  endfacet
  facet normal -1.217352e-01 9.857919e-02 -9.876551e-01
    outer loop
      vertex   -4.228265e-05 3.072014e-05 -4.972609e-04
      vertex   -8.410205e-05 6.110371e-05 -4.890738e-04
      vertex   -3.883989e-05 3.497160e-05 -4.972609e-04
    endloop
  endfacet
  facet normal -1.217352e-01 9.857919e-02 -9.876551e-01
    outer loop
      vertex   -3.883989e-05 3.497160e-05 -4.972609e-04
      vertex   -8.410205e-05 6.110371e-05 -4.890738e-04
      vertex   -7.725425e-05 6.956004e-05 -4.890738e-04
    endloop
  endfacet
  facet normal -1.107640e-01 1.107640e-01 -9.876551e-01
    outer loop
      vertex   -3.883989e-05 3.497160e-05 -4.972609e-04
      vertex   -7.725425e-05 6.956004e-05 -4.890738e-04
      vertex   -3.497160e-05 3.883989e-05 -4.972609e-04
    endloop
  endfacet
  facet normal -1.107640e-01 1.107640e-01 -9.876551e-01
    outer loop
      vertex   -3.497160e-05 3.883989e-05 -4.972609e-04
      vertex   -7.725425e-05 6.956004e-05 -4.890738e-04
      vertex   -6.956004e-05 7.725425e-05 -4.890738e-04
    endloop
  endfacet
  facet normal -9.857919e-02 1.217352e-01 -9.876551e-01
    outer loop
      vertex   -3.497160e-05 3.883989e-05 -4.972609e-04
      vertex   -6.956004e-05 7.725425e-05 -4.890738e-04
      vertex   -3.072014e-05 4.228265e-05 -4.972609e-04
    endloop
  endfacet
  facet normal -9.857919e-02 1.217352e-01 -9.876551e-01
    outer loop
      vertex   -3.072014e-05 4.228265e-05 -4.972609e-04
      vertex   -6.956004e-05 7.725425e-05 -4.890738e-04
      vertex   -6.110371e-05 8.410205e-05 -4.890738e-04
    endloop
  endfacet
  facet normal -8.531437e-02 1.313726e-01 -9.876551e-01
    outer loop
      vertex   -3.072014e-05 4.228265e-05 -4.972609e-04
      vertex   -6.110371e-05 8.410205e-05 -4.890738e-04
      vertex   -2.613212e-05 4.526215e-05 -4.972609e-04
    endloop
  endfacet
  facet normal -8.531437e-02 1.313726e-01 -9.876551e-01
    outer loop
      vertex   -2.613212e-05 4.526215e-05 -4.972609e-04
      vertex   -6.110371e-05 8.410205e-05 -4.890738e-04
      vertex   -5.197792e-05 9.002840e-05 -4.890738e-04
    endloop
  endfacet
  facet normal -7.111483e-02 1.395707e-01 -9.876551e-01
    outer loop
      vertex   -2.613212e-05 4.526215e-05 -4.972609e-04
      vertex   -5.197792e-05 9.002840e-05 -4.890738e-04
      vertex   -2.125778e-05 4.774575e-05 -4.972609e-04
    endloop
  endfacet
  facet normal -7.111483e-02 1.395707e-01 -9.876551e-01
    outer loop
      vertex   -2.125778e-05 4.774575e-05 -4.972609e-04
      vertex   -5.197792e-05 9.002840e-05 -4.890738e-04
      vertex   -4.228265e-05 9.496839e-05 -4.890738e-04
    endloop
  endfacet
  facet normal -5.613615e-02 1.462397e-01 -9.876551e-01
    outer loop
      vertex   -2.125778e-05 4.774575e-05 -4.972609e-04
      vertex   -4.228265e-05 9.496839e-05 -4.890738e-04
      vertex   -1.615054e-05 4.970624e-05 -4.972609e-04
    endloop
  endfacet
  facet normal -5.613615e-02 1.462397e-01 -9.876551e-01
    outer loop
      vertex   -1.615054e-05 4.970624e-05 -4.972609e-04
      vertex   -4.228265e-05 9.496839e-05 -4.890738e-04
      vertex   -3.212412e-05 9.886788e-05 -4.890738e-04
    endloop
  endfacet
  facet normal -4.054242e-02 1.513064e-01 -9.876551e-01
    outer loop
      vertex   -1.615054e-05 4.970624e-05 -4.972609e-04
      vertex   -3.212412e-05 9.886788e-05 -4.890738e-04
      vertex   -1.086634e-05 5.112213e-05 -4.972609e-04
    endloop
  endfacet
  facet normal -4.054242e-02 1.513064e-01 -9.876551e-01
    outer loop
      vertex   -1.086634e-05 5.112213e-05 -4.972609e-04
      vertex   -3.212412e-05 9.886788e-05 -4.890738e-04
      vertex   -2.161364e-05 1.016842e-04 -4.890738e-04
    endloop
  endfacet
  facet normal -2.450450e-02 1.547153e-01 -9.876551e-01
    outer loop
      vertex   -1.086634e-05 5.112213e-05 -4.972609e-04
      vertex   -2.161364e-05 1.016842e-04 -4.890738e-04
      vertex   -5.463100e-06 5.197792e-05 -4.972609e-04
    endloop
  endfacet
  facet normal -2.450450e-02 1.547153e-01 -9.876551e-01
    outer loop
      vertex   -5.463100e-06 5.197792e-05 -4.972609e-04
      vertex   -2.161364e-05 1.016842e-04 -4.890738e-04
      vertex   -1.086634e-05 1.033864e-04 -4.890738e-04
    endloop
  endfacet
  facet normal -8.198107e-03 1.564292e-01 -9.876551e-01
    outer loop
      vertex   -5.463100e-06 5.197792e-05 -4.972609e-04
      vertex   -1.086634e-05 1.033864e-04 -4.890738e-04
      vertex   3.200261e-21 5.226423e-05 -4.972609e-04
    endloop
  endfacet
  facet normal -8.198107e-03 1.564292e-01 -9.876551e-01
    outer loop
      vertex   3.200261e-21 5.226423e-05 -4.972609e-04
      vertex   -1.086634e-05 1.033864e-04 -4.890738e-04
      vertex   6.365460e-21 1.039558e-04 -4.890738e-04
    endloop
  endfacet
  facet normal 8.198107e-03 1.564292e-01 -9.876551e-01
    outer loop
      vertex   3.200261e-21 5.226423e-05 -4.972609e-04
      vertex   6.365460e-21 1.039558e-04 -4.890738e-04
      vertex   5.463100e-06 5.197792e-05 -4.972609e-04
    endloop
  endfacet
  facet normal 8.198107e-03 1.564292e-01 -9.876551e-01
    outer loop
      vertex   5.463100e-06 5.197792e-05 -4.972609e-04
      vertex   6.365460e-21 1.039558e-04 -4.890738e-04
      vertex   1.086634e-05 1.033864e-04 -4.890738e-04
    endloop
  endfacet
  facet normal 2.450450e-02 1.547153e-01 -9.876551e-01
    outer loop
      vertex   5.463100e-06 5.197792e-05 -4.972609e-04
      vertex   1.086634e-05 1.033864e-04 -4.890738e-04
      vertex   1.086634e-05 5.112213e-05 -4.972609e-04
    endloop
  endfacet
  facet normal 2.450450e-02 1.547153e-01 -9.876551e-01
    outer loop
      vertex   1.086634e-05 5.112213e-05 -4.972609e-04
      vertex   1.086634e-05 1.033864e-04 -4.890738e-04
      vertex   2.161364e-05 1.016842e-04 -4.890738e-04
    endloop
  endfacet
  facet normal 4.054242e-02 1.513064e-01 -9.876551e-01
    outer loop
      vertex   1.086634e-05 5.112213e-05 -4.972609e-04
      vertex   2.161364e-05 1.016842e-04 -4.890738e-04
      vertex   1.615054e-05 4.970624e-05 -4.972609e-04
    endloop
  endfacet
  facet normal 4.054242e-02 1.513064e-01 -9.876551e-01
    outer loop
      vertex   1.615054e-05 4.970624e-05 -4.972609e-04
      vertex   2.161364e-05 1.016842e-04 -4.890738e-04
      vertex   3.212412e-05 9.886788e-05 -4.890738e-04
    endloop
  endfacet
  facet normal 5.613615e-02 1.462397e-01 -9.876551e-01
    outer loop
      vertex   1.615054e-05 4.970624e-05 -4.972609e-04
      vertex   3.212412e-05 9.886788e-05 -4.890738e-04
      vertex   2.125778e-05 4.774575e-05 -4.972609e-04
    endloop
  endfacet
  facet normal 5.613615e-02 1.462397e-01 -9.876551e-01
    outer loop
      vertex   2.125778e-05 4.774575e-05 -4.972609e-04
      vertex   3.212412e-05 9.886788e-05 -4.890738e-04
      vertex   4.228265e-05 9.496839e-05 -4.890738e-04
    endloop
  endfacet
  facet normal 7.111483e-02 1.395707e-01 -9.876551e-01
    outer loop
      vertex   2.125778e-05 4.774575e-05 -4.972609e-04
      vertex   4.228265e-05 9.496839e-05 -4.890738e-04
      vertex   2.613212e-05 4.526215e-05 -4.972609e-04
    endloop
  endfacet
  facet normal 7.111483e-02 1.395707e-01 -9.876551e-01
    outer loop
      vertex   2.613212e-05 4.526215e-05 -4.972609e-04
      vertex   4.228265e-05 9.496839e-05 -4.890738e-04
      vertex   5.197792e-05 9.002840e-05 -4.890738e-04
    endloop
  endfacet
  facet normal 8.531437e-02 1.313726e-01 -9.876551e-01
    outer loop
      vertex   2.613212e-05 4.526215e-05 -4.972609e-04
      vertex   5.197792e-05 9.002840e-05 -4.890738e-04
      vertex   3.072014e-05 4.228265e-05 -4.972609e-04
    endloop
  endfacet
  facet normal 8.531437e-02 1.313726e-01 -9.876551e-01
    outer loop
      vertex   3.072014e-05 4.228265e-05 -4.972609e-04
      vertex   5.197792e-05 9.002840e-05 -4.890738e-04
      vertex   6.110371e-05 8.410205e-05 -4.890738e-04
    endloop
  endfacet
  facet normal 9.857919e-02 1.217352e-01 -9.876551e-01
    outer loop
      vertex   3.072014e-05 4.228265e-05 -4.972609e-04
      vertex   6.110371e-05 8.410205e-05 -4.890738e-04
      vertex   3.497160e-05 3.883989e-05 -4.972609e-04
    endloop
  endfacet
  facet normal 9.857919e-02 1.217352e-01 -9.876551e-01
    outer loop
      vertex   3.497160e-05 3.883989e-05 -4.972609e-04
      vertex   6.110371e-05 8.410205e-05 -4.890738e-04
      vertex   6.956004e-05 7.725425e-05 -4.890738e-04
    endloop
  endfacet
  facet normal 1.107640e-01 1.107640e-01 -9.876551e-01
    outer loop
      vertex   3.497160e-05 3.883989e-05 -4.972609e-04
      vertex   6.956004e-05 7.725425e-05 -4.890738e-04
      vertex   3.883989e-05 3.497160e-05 -4.972609e-04
    endloop
  endfacet
  facet normal 1.107640e-01 1.107640e-01 -9.876551e-01
    outer loop
      vertex   3.883989e-05 3.497160e-05 -4.972609e-04
      vertex   6.956004e-05 7.725425e-05 -4.890738e-04
      vertex   7.725425e-05 6.956004e-05 -4.890738e-04
    endloop
  endfacet
  facet normal 1.217352e-01 9.857919e-02 -9.876551e-01
    outer loop
      vertex   3.883989e-05 3.497160e-05 -4.972609e-04
      vertex   7.725425e-05 6.956004e-05 -4.890738e-04
      vertex   4.228265e-05 3.072014e-05 -4.972609e-04
    endloop
  endfacet
  facet normal 1.217352e-01 9.857919e-02 -9.876551e-01
    outer loop
      vertex   4.228265e-05 3.072014e-05 -4.972609e-04
      vertex   7.725425e-05 6.956004e-05 -4.890738e-04
      vertex   8.410205e-05 6.110371e-05 -4.890738e-04
    endloop
  endfacet
  facet normal 1.313726e-01 8.531437e-02 -9.876551e-01
    outer loop
      vertex   4.228265e-05 3.072014e-05 -4.972609e-04
      vertex   8.410205e-05 6.110371e-05 -4.890738e-04
      vertex   4.526215e-05 2.613212e-05 -4.972609e-04
    endloop
  endfacet
  facet normal 1.313726e-01 8.531437e-02 -9.876551e-01
    outer loop
      vertex   4.526215e-05 2.613212e-05 -4.972609e-04
      vertex   8.410205e-05 6.110371e-05 -4.890738e-04
      vertex   9.002840e-05 5.197792e-05 -4.890738e-04
    endloop
  endfacet
  facet normal 1.395707e-01 7.111483e-02 -9.876551e-01
    outer loop
      vertex   4.526215e-05 2.613212e-05 -4.972609e-04
      vertex   9.002840e-05 5.197792e-05 -4.890738e-04
      vertex   4.774575e-05 2.125778e-05 -4.972609e-04
    endloop
  endfacet
  facet normal 1.395707e-01 7.111483e-02 -9.876551e-01
    outer loop
      vertex   4.774575e-05 2.125778e-05 -4.972609e-04
      vertex   9.002840e-05 5.197792e-05 -4.890738e-04
      vertex   9.496839e-05 4.228265e-05 -4.890738e-04
    endloop
  endfacet
  facet normal 1.462397e-01 5.613615e-02 -9.876551e-01
    outer loop
      vertex   4.774575e-05 2.125778e-05 -4.972609e-04
      vertex   9.496839e-05 4.228265e-05 -4.890738e-04
      vertex   4.970624e-05 1.615054e-05 -4.972609e-04
    endloop
  endfacet
  facet normal 1.462397e-01 5.613615e-02 -9.876551e-01
    outer loop
      vertex   4.970624e-05 1.615054e-05 -4.972609e-04
      vertex   9.496839e-05 4.228265e-05 -4.890738e-04
      vertex   9.886788e-05 3.212412e-05 -4.890738e-04
    endloop
  endfacet
  facet normal 1.513064e-01 4.054242e-02 -9.876551e-01
    outer loop
      vertex   4.970624e-05 1.615054e-05 -4.972609e-04
      vertex   9.886788e-05 3.212412e-05 -4.890738e-04
      vertex   5.112213e-05 1.086634e-05 -4.972609e-04
    endloop
  endfacet
  facet normal 1.513064e-01 4.054242e-02 -9.876551e-01
    outer loop
      vertex   5.112213e-05 1.086634e-05 -4.972609e-04
      vertex   9.886788e-05 3.212412e-05 -4.890738e-04
      vertex   1.016842e-04 2.161364e-05 -4.890738e-04
    endloop
  endfacet
  facet normal 1.547153e-01 2.450450e-02 -9.876551e-01
    outer loop
      vertex   5.112213e-05 1.086634e-05 -4.972609e-04
      vertex   1.016842e-04 2.161364e-05 -4.890738e-04
      vertex   5.197792e-05 5.463100e-06 -4.972609e-04
    endloop
  endfacet
  facet normal 1.547153e-01 2.450450e-02 -9.876551e-01
    outer loop
      vertex   5.197792e-05 5.463100e-06 -4.972609e-04
      vertex   1.016842e-04 2.161364e-05 -4.890738e-04
      vertex   1.033864e-04 1.086634e-05 -4.890738e-04
    endloop
  endfacet
  facet normal 1.564292e-01 8.198107e-03 -9.876551e-01
    outer loop
      vertex   5.197792e-05 5.463100e-06 -4.972609e-04
      vertex   1.033864e-04 1.086634e-05 -4.890738e-04
      vertex   5.226423e-05 0.000000e+00 -4.972609e-04
    endloop
  endfacet
  facet normal 1.564292e-01 8.198107e-03 -9.876551e-01
    outer loop
      vertex   5.226423e-05 0.000000e+00 -4.972609e-04
      vertex   1.033864e-04 1.086634e-05 -4.890738e-04
      vertex   1.039558e-04 0.000000e+00 -4.890738e-04
    endloop
  endfacet
  facet normal 5.233576e-02 2.742801e-03 -9.986258e-01
    outer loop
      vertex   5.226423e-05 0.000000e+00 -4.972609e-04
      vertex   -3.061617e-20 -3.749399e-36 -5.000000e-04
      vertex   5.197792e-05 5.463100e-06 -4.972609e-04
    endloop
  endfacet
  facet normal 2.587952e-01 -1.356288e-02 -9.658370e-01
    outer loop
      vertex   1.039558e-04 0.000000e+00 -4.890738e-04
      vertex   1.545085e-04 0.000000e+00 -4.755283e-04
      vertex   1.033864e-04 -1.086634e-05 -4.890738e-04
    endloop
  endfacet
  facet normal 2.587952e-01 -1.356288e-02 -9.658370e-01
    outer loop
      vertex   1.033864e-04 -1.086634e-05 -4.890738e-04
      vertex   1.545085e-04 0.000000e+00 -4.755283e-04
      vertex   1.536621e-04 -1.615054e-05 -4.755283e-04
    endloop
  endfacet
  facet normal 2.559598e-01 -4.054005e-02 -9.658370e-01
    outer loop
      vertex   1.033864e-04 -1.086634e-05 -4.890738e-04
      vertex   1.536621e-04 -1.615054e-05 -4.755283e-04
      vertex   1.016842e-04 -2.161364e-05 -4.890738e-04
    endloop
  endfacet
  facet normal 2.559598e-01 -4.054005e-02 -9.658370e-01
    outer loop
      vertex   1.016842e-04 -2.161364e-05 -4.890738e-04
      vertex   1.536621e-04 -1.615054e-05 -4.755283e-04
      vertex   1.511321e-04 -3.212412e-05 -4.755283e-04
    endloop
  endfacet
  facet normal 2.503201e-01 -6.707306e-02 -9.658370e-01
    outer loop
      vertex   1.016842e-04 -2.161364e-05 -4.890738e-04
      vertex   1.511321e-04 -3.212412e-05 -4.755283e-04
      vertex   9.886788e-05 -3.212412e-05 -4.890738e-04
    endloop
  endfacet
  facet normal 2.503201e-01 -6.707306e-02 -9.658370e-01
    outer loop
      vertex   9.886788e-05 -3.212412e-05 -4.890738e-04
      vertex   1.511321e-04 -3.212412e-05 -4.755283e-04
      vertex   1.469463e-04 -4.774575e-05 -4.755283e-04
    endloop
  endfacet
  facet normal 2.419377e-01 -9.287120e-02 -9.658370e-01
    outer loop
      vertex   9.886788e-05 -3.212412e-05 -4.890738e-04
      vertex   1.469463e-04 -4.774575e-05 -4.755283e-04
      vertex   9.496839e-05 -4.228265e-05 -4.890738e-04
    endloop
  endfacet
  facet normal 2.419377e-01 -9.287120e-02 -9.658370e-01
    outer loop
      vertex   9.496839e-05 -4.228265e-05 -4.890738e-04
      vertex   1.469463e-04 -4.774575e-05 -4.755283e-04
      vertex   1.411505e-04 -6.284427e-05 -4.755283e-04
    endloop
  endfacet
  facet normal 2.309047e-01 -1.176518e-01 -9.658370e-01
    outer loop
      vertex   9.496839e-05 -4.228265e-05 -4.890738e-04
      vertex   1.411505e-04 -6.284427e-05 -4.755283e-04
      vertex   9.002840e-05 -5.197792e-05 -4.890738e-04
    endloop
  endfacet
  facet normal 2.309047e-01 -1.176518e-01 -9.658370e-01
    outer loop
      vertex   9.002840e-05 -5.197792e-05 -4.890738e-04
      vertex   1.411505e-04 -6.284427e-05 -4.755283e-04
      vertex   1.338083e-04 -7.725425e-05 -4.755283e-04
    endloop
  endfacet
  facet normal 2.173418e-01 -1.411434e-01 -9.658370e-01
    outer loop
      vertex   9.002840e-05 -5.197792e-05 -4.890738e-04
      vertex   1.338083e-04 -7.725425e-05 -4.755283e-04
      vertex   8.410205e-05 -6.110371e-05 -4.890738e-04
    endloop
  endfacet
  facet normal 2.173418e-01 -1.411434e-01 -9.658370e-01
    outer loop
      vertex   8.410205e-05 -6.110371e-05 -4.890738e-04
      vertex   1.338083e-04 -7.725425e-05 -4.755283e-04
      vertex   1.250000e-04 -9.081782e-05 -4.755283e-04
    endloop
  endfacet
  facet normal 2.013977e-01 -1.630886e-01 -9.658370e-01
    outer loop
      vertex   8.410205e-05 -6.110371e-05 -4.890738e-04
      vertex   1.250000e-04 -9.081782e-05 -4.755283e-04
      vertex   7.725425e-05 -6.956004e-05 -4.890738e-04
    endloop
  endfacet
  facet normal 2.013977e-01 -1.630886e-01 -9.658370e-01
    outer loop
      vertex   7.725425e-05 -6.956004e-05 -4.890738e-04
      vertex   1.250000e-04 -9.081782e-05 -4.755283e-04
      vertex   1.148222e-04 -1.033864e-04 -4.755283e-04
    endloop
  endfacet
  facet normal 1.832470e-01 -1.832470e-01 -9.658370e-01
    outer loop
      vertex   7.725425e-05 -6.956004e-05 -4.890738e-04
      vertex   1.148222e-04 -1.033864e-04 -4.755283e-04
      vertex   6.956004e-05 -7.725425e-05 -4.890738e-04
    endloop
  endfacet
  facet normal 1.832470e-01 -1.832470e-01 -9.658370e-01
    outer loop
      vertex   6.956004e-05 -7.725425e-05 -4.890738e-04
      vertex   1.148222e-04 -1.033864e-04 -4.755283e-04
      vertex   1.033864e-04 -1.148222e-04 -4.755283e-04
    endloop
  endfacet
  facet normal 1.630886e-01 -2.013977e-01 -9.658370e-01
    outer loop
      vertex   6.956004e-05 -7.725425e-05 -4.890738e-04
      vertex   1.033864e-04 -1.148222e-04 -4.755283e-04
      vertex   6.110371e-05 -8.410205e-05 -4.890738e-04
    endloop
  endfacet
  facet normal 1.630886e-01 -2.013977e-01 -9.658370e-01
    outer loop
      vertex   6.110371e-05 -8.410205e-05 -4.890738e-04
      vertex   1.033864e-04 -1.148222e-04 -4.755283e-04
      vertex   9.081782e-05 -1.250000e-04 -4.755283e-04
    endloop
  endfacet
  facet normal 1.411434e-01 -2.173418e-01 -9.658370e-01
    outer loop
      vertex   6.110371e-05 -8.410205e-05 -4.890738e-04
      vertex   9.081782e-05 -1.250000e-04 -4.755283e-04
      vertex   5.197792e-05 -9.002840e-05 -4.890738e-04
    endloop
  endfacet
  facet normal 1.411434e-01 -2.173418e-01 -9.658370e-01
    outer loop
      vertex   5.197792e-05 -9.002840e-05 -4.890738e-04
      vertex   9.081782e-05 -1.250000e-04 -4.755283e-04
      vertex   7.725425e-05 -1.338083e-04 -4.755283e-04
    endloop
  endfacet
  facet normal 1.176518e-01 -2.309047e-01 -9.658370e-01
    outer loop
      vertex   5.197792e-05 -9.002840e-05 -4.890738e-04
      vertex   7.725425e-05 -1.338083e-04 -4.755283e-04
      vertex   4.228265e-05 -9.496839e-05 -4.890738e-04
    endloop
  endfacet
  facet normal 1.176518e-01 -2.309047e-01 -9.658370e-01
    outer loop
      vertex   4.228265e-05 -9.496839e-05 -4.890738e-04
      vertex   7.725425e-05 -1.338083e-04 -4.755283e-04
      vertex   6.284427e-05 -1.411505e-04 -4.755283e-04
    endloop
  endfacet
  facet normal 9.287120e-02 -2.419377e-01 -9.658370e-01
    outer loop
      vertex   4.228265e-05 -9.496839e-05 -4.890738e-04
      vertex   6.284427e-05 -1.411505e-04 -4.755283e-04
      vertex   3.212412e-05 -9.886788e-05 -4.890738e-04
    endloop
  endfacet
  facet normal 9.287120e-02 -2.419377e-01 -9.658370e-01
    outer loop
      vertex   3.212412e-05 -9.886788e-05 -4.890738e-04
      vertex   6.284427e-05 -1.411505e-04 -4.755283e-04
      vertex   4.774575e-05 -1.469463e-04 -4.755283e-04
    endloop
  endfacet
  facet normal 6.707306e-02 -2.503201e-01 -9.658370e-01
    outer loop
      vertex   3.212412e-05 -9.886788e-05 -4.890738e-04
      vertex   4.774575e-05 -1.469463e-04 -4.755283e-04
      vertex   2.161364e-05 -1.016842e-04 -4.890738e-04
    endloop
  endfacet
  facet normal 6.707306e-02 -2.503201e-01 -9.658370e-01
    outer loop
      vertex   2.161364e-05 -1.016842e-04 -4.890738e-04
      vertex   4.774575e-05 -1.469463e-04 -4.755283e-04
      vertex   3.212412e-05 -1.511321e-04 -4.755283e-04
    endloop
  endfacet
  facet normal 4.054005e-02 -2.559598e-01 -9.658370e-01
    outer loop
      vertex   2.161364e-05 -1.016842e-04 -4.890738e-04
      vertex   3.212412e-05 -1.511321e-04 -4.755283e-04
      vertex   1.086634e-05 -1.033864e-04 -4.890738e-04
    endloop
  endfacet
  facet normal 4.054005e-02 -2.559598e-01 -9.658370e-01
    outer loop
      vertex   1.086634e-05 -1.033864e-04 -4.890738e-04
      vertex   3.212412e-05 -1.511321e-04 -4.755283e-04
      vertex   1.615054e-05 -1.536621e-04 -4.755283e-04
    endloop
  endfacet
  facet normal 1.356288e-02 -2.587952e-01 -9.658370e-01
    outer loop
      vertex   1.086634e-05 -1.033864e-04 -4.890738e-04
      vertex   1.615054e-05 -1.536621e-04 -4.755283e-04
      vertex   6.365460e-21 -1.039558e-04 -4.890738e-04
    endloop
  endfacet
  facet normal 1.356288e-02 -2.587952e-01 -9.658370e-01
    outer loop
      vertex   6.365460e-21 -1.039558e-04 -4.890738e-04
      vertex   1.615054e-05 -1.536621e-04 -4.755283e-04
      vertex   9.460917e-21 -1.545085e-04 -4.755283e-04
    endloop
  endfacet
  facet normal -1.356288e-02 -2.587952e-01 -9.658370e-01
    outer loop
      vertex   6.365460e-21 -1.039558e-04 -4.890738e-04
      vertex   9.460917e-21 -1.545085e-04 -4.755283e-04
      vertex   -1.086634e-05 -1.033864e-04 -4.890738e-04
    endloop
  endfacet
  facet normal -1.356288e-02 -2.587952e-01 -9.658370e-01
    outer loop
      vertex   -1.086634e-05 -1.033864e-04 -4.890738e-04
      vertex   9.460917e-21 -1.545085e-04 -4.755283e-04
      vertex   -1.615054e-05 -1.536621e-04 -4.755283e-04
    endloop
  endfacet
  facet normal -4.054005e-02 -2.559598e-01 -9.658370e-01
    outer loop
      vertex   -1.086634e-05 -1.033864e-04 -4.890738e-04
      vertex   -1.615054e-05 -1.536621e-04 -4.755283e-04
      vertex   -2.161364e-05 -1.016842e-04 -4.890738e-04
    endloop
  endfacet
  facet normal -4.054005e-02 -2.559598e-01 -9.658370e-01
    outer loop
      vertex   -2.161364e-05 -1.016842e-04 -4.890738e-04
      vertex   -1.615054e-05 -1.536621e-04 -4.755283e-04
      vertex   -3.212412e-05 -1.511321e-04 -4.755283e-04
    endloop
  endfacet
  facet normal -6.707306e-02 -2.503201e-01 -9.658370e-01
    outer loop
      vertex   -2.161364e-05 -1.016842e-04 -4.890738e-04
      vertex   -3.212412e-05 -1.511321e-04 -4.755283e-04
      vertex   -3.212412e-05 -9.886788e-05 -4.890738e-04
    endloop
  endfacet
  facet normal -6.707306e-02 -2.503201e-01 -9.658370e-01
    outer loop
      vertex   -3.212412e-05 -9.886788e-05 -4.890738e-04
      vertex   -3.212412e-05 -1.511321e-04 -4.755283e-04
      vertex   -4.774575e-05 -1.469463e-04 -4.755283e-04
    endloop
  endfacet
  facet normal -9.287120e-02 -2.419377e-01 -9.658370e-01
    outer loop
      vertex   -3.212412e-05 -9.886788e-05 -4.890738e-04
      vertex   -4.774575e-05 -1.469463e-04 -4.755283e-04
      vertex   -4.228265e-05 -9.496839e-05 -4.890738e-04
    endloop
  endfacet
  facet normal -9.287120e-02 -2.419377e-01 -9.658370e-01
    outer loop
      vertex   -4.228265e-05 -9.496839e-05 -4.890738e-04
      vertex   -4.774575e-05 -1.469463e-04 -4.755283e-04
      vertex   -6.284427e-05 -1.411505e-04 -4.755283e-04
    endloop
  endfacet
  facet normal -1.176518e-01 -2.309047e-01 -9.658370e-01
    outer loop
      vertex   -4.228265e-05 -9.496839e-05 -4.890738e-04
      vertex   -6.284427e-05 -1.411505e-04 -4.755283e-04
      vertex   -5.197792e-05 -9.002840e-05 -4.890738e-04
    endloop
  endfacet
  facet normal -1.176518e-01 -2.309047e-01 -9.658370e-01
    outer loop
      vertex   -5.197792e-05 -9.002840e-05 -4.890738e-04
      vertex   -6.284427e-05 -1.411505e-04 -4.755283e-04
      vertex   -7.725425e-05 -1.338083e-04 -4.755283e-04
    endloop
  endfacet
  facet normal -1.411434e-01 -2.173418e-01 -9.658370e-01
    outer loop
      vertex   -5.197792e-05 -9.002840e-05 -4.890738e-04
      vertex   -7.725425e-05 -1.338083e-04 -4.755283e-04
      vertex   -6.110371e-05 -8.410205e-05 -4.890738e-04
    endloop
  endfacet
  facet normal -1.411434e-01 -2.173418e-01 -9.658370e-01
    outer loop
      vertex   -6.110371e-05 -8.410205e-05 -4.890738e-04
      vertex   -7.725425e-05 -1.338083e-04 -4.755283e-04
      vertex   -9.081782e-05 -1.250000e-04 -4.755283e-04
    endloop
  endfacet
  facet normal -1.630886e-01 -2.013977e-01 -9.658370e-01
    outer loop
      vertex   -6.110371e-05 -8.410205e-05 -4.890738e-04
      vertex   -9.081782e-05 -1.250000e-04 -4.755283e-04
      vertex   -6.956004e-05 -7.725425e-05 -4.890738e-04
    endloop
  endfacet
  facet normal -1.630886e-01 -2.013977e-01 -9.658370e-01
    outer loop
      vertex   -6.956004e-05 -7.725425e-05 -4.890738e-04
      vertex   -9.081782e-05 -1.250000e-04 -4.755283e-04
      vertex   -1.033864e-04 -1.148222e-04 -4.755283e-04
    endloop
  endfacet
  facet normal -1.832470e-01 -1.832470e-01 -9.658370e-01
    outer loop
      vertex   -6.956004e-05 -7.725425e-05 -4.890738e-04
      vertex   -1.033864e-04 -1.148222e-04 -4.755283e-04
      vertex   -7.725425e-05 -6.956004e-05 -4.890738e-04
    endloop
  endfacet
  facet normal -1.832470e-01 -1.832470e-01 -9.658370e-01
    outer loop
      vertex   -7.725425e-05 -6.956004e-05 -4.890738e-04
      vertex   -1.033864e-04 -1.148222e-04 -4.755283e-04
      vertex   -1.148222e-04 -1.033864e-04 -4.755283e-04
    endloop
  endfacet
  facet normal -2.013977e-01 -1.630886e-01 -9.658370e-01
    outer loop
      vertex   -7.725425e-05 -6.956004e-05 -4.890738e-04
      vertex   -1.148222e-04 -1.033864e-04 -4.755283e-04
      vertex   -8.410205e-05 -6.110371e-05 -4.890738e-04
    endloop
  endfacet
  facet normal -2.013977e-01 -1.630886e-01 -9.658370e-01
    outer loop
      vertex   -8.410205e-05 -6.110371e-05 -4.890738e-04
      vertex   -1.148222e-04 -1.033864e-04 -4.755283e-04
      vertex   -1.250000e-04 -9.081782e-05 -4.755283e-04
    endloop
  endfacet
  facet normal -2.173418e-01 -1.411434e-01 -9.658370e-01
    outer loop
      vertex   -8.410205e-05 -6.110371e-05 -4.890738e-04
      vertex   -1.250000e-04 -9.081782e-05 -4.755283e-04
      vertex   -9.002840e-05 -5.197792e-05 -4.890738e-04
    endloop
  endfacet
  facet normal -2.173418e-01 -1.411434e-01 -9.658370e-01
    outer loop
      vertex   -9.002840e-05 -5.197792e-05 -4.890738e-04
      vertex   -1.250000e-04 -9.081782e-05 -4.755283e-04
      vertex   -1.338083e-04 -7.725425e-05 -4.755283e-04
    endloop
  endfacet
  facet normal -2.309047e-01 -1.176518e-01 -9.658370e-01
    outer loop
      vertex   -9.002840e-05 -5.197792e-05 -4.890738e-04
      vertex   -1.338083e-04 -7.725425e-05 -4.755283e-04
      vertex   -9.496839e-05 -4.228265e-05 -4.890738e-04
    endloop
  endfacet
  facet normal -2.309047e-01 -1.176518e-01 -9.658370e-01
    outer loop
      vertex   -9.496839e-05 -4.228265e-05 -4.890738e-04
      vertex   -1.338083e-04 -7.725425e-05 -4.755283e-04
      vertex   -1.411505e-04 -6.284427e-05 -4.755283e-04
    endloop
  endfacet
  facet normal -2.419377e-01 -9.287120e-02 -9.658370e-01
    outer loop
      vertex   -9.496839e-05 -4.228265e-05 -4.890738e-04
      vertex   -1.411505e-04 -6.284427e-05 -4.755283e-04
      vertex   -9.886788e-05 -3.212412e-05 -4.890738e-04
    endloop
  endfacet
  facet normal -2.419377e-01 -9.287120e-02 -9.658370e-01
    outer loop
      vertex   -9.886788e-05 -3.212412e-05 -4.890738e-04
      vertex   -1.411505e-04 -6.284427e-05 -4.755283e-04
      vertex   -1.469463e-04 -4.774575e-05 -4.755283e-04
    endloop
  endfacet
  facet normal -2.503201e-01 -6.707306e-02 -9.658370e-01
    outer loop
      vertex   -9.886788e-05 -3.212412e-05 -4.890738e-04
      vertex   -1.469463e-04 -4.774575e-05 -4.755283e-04
      vertex   -1.016842e-04 -2.161364e-05 -4.890738e-04
    endloop
  endfacet
  facet normal -2.503201e-01 -6.707306e-02 -9.658370e-01
    outer loop
      vertex   -1.016842e-04 -2.161364e-05 -4.890738e-04
      vertex   -1.469463e-04 -4.774575e-05 -4.755283e-04
      vertex   -1.511321e-04 -3.212412e-05 -4.755283e-04
    endloop
  endfacet
  facet normal -2.559598e-01 -4.054005e-02 -9.658370e-01
    outer loop
      vertex   -1.016842e-04 -2.161364e-05 -4.890738e-04
      vertex   -1.511321e-04 -3.212412e-05 -4.755283e-04
      vertex   -1.033864e-04 -1.086634e-05 -4.890738e-04
    endloop
  endfacet
  facet normal -2.559598e-01 -4.054005e-02 -9.658370e-01
    outer loop
      vertex   -1.033864e-04 -1.086634e-05 -4.890738e-04
      vertex   -1.511321e-04 -3.212412e-05 -4.755283e-04
      vertex   -1.536621e-04 -1.615054e-05 -4.755283e-04
    endloop
  endfacet
  facet normal -2.587952e-01 -1.356288e-02 -9.658370e-01
    outer loop
      vertex   -1.033864e-04 -1.086634e-05 -4.890738e-04
      vertex   -1.536621e-04 -1.615054e-05 -4.755283e-04
      vertex   -1.039558e-04 -1.273092e-20 -4.890738e-04
    endloop
  endfacet
  facet normal -2.587952e-01 -1.356288e-02 -9.658370e-01
    outer loop
      vertex   -1.039558e-04 -1.273092e-20 -4.890738e-04
      vertex   -1.536621e-04 -1.615054e-05 -4.755283e-04
      vertex   -1.545085e-04 -1.892183e-20 -4.755283e-04
    endloop
  endfacet
  facet normal -2.587952e-01 1.356288e-02 -9.658370e-01
    outer loop
      vertex   -1.039558e-04 -1.273092e-20 -4.890738e-04
      vertex   -1.545085e-04 -1.892183e-20 -4.755283e-04
      vertex   -1.033864e-04 1.086634e-05 -4.890738e-04
    endloop
  endfacet
  facet normal -2.587952e-01 1.356288e-02 -9.658370e-01
    outer loop
      vertex   -1.033864e-04 1.086634e-05 -4.890738e-04
      vertex   -1.545085e-04 -1.892183e-20 -4.755283e-04
      vertex   -1.536621e-04 1.615054e-05 -4.755283e-04
    endloop
  endfacet
  facet normal -2.559598e-01 4.054005e-02 -9.658370e-01
    outer loop
      vertex   -1.033864e-04 1.086634e-05 -4.890738e-04
      vertex   -1.536621e-04 1.615054e-05 -4.755283e-04
      vertex   -1.016842e-04 2.161364e-05 -4.890738e-04
    endloop
  endfacet
  facet normal -2.559598e-01 4.054005e-02 -9.658370e-01
    outer loop
      vertex   -1.016842e-04 2.161364e-05 -4.890738e-04
      vertex   -1.536621e-04 1.615054e-05 -4.755283e-04
      vertex   -1.511321e-04 3.212412e-05 -4.755283e-04
    endloop
  endfacet
  facet normal -2.503201e-01 6.707306e-02 -9.658370e-01
    outer loop
      vertex   -1.016842e-04 2.161364e-05 -4.890738e-04
      vertex   -1.511321e-04 3.212412e-05 -4.755283e-04
      vertex   -9.886788e-05 3.212412e-05 -4.890738e-04
    endloop
  endfacet
  facet normal -2.503201e-01 6.707306e-02 -9.658370e-01
    outer loop
      vertex   -9.886788e-05 3.212412e-05 -4.890738e-04
      vertex   -1.511321e-04 3.212412e-05 -4.755283e-04
      vertex   -1.469463e-04 4.774575e-05 -4.755283e-04
    endloop
  endfacet
  facet normal -2.419377e-01 9.287120e-02 -9.658370e-01
    outer loop
      vertex   -9.886788e-05 3.212412e-05 -4.890738e-04
      vertex   -1.469463e-04 4.774575e-05 -4.755283e-04
      vertex   -9.496839e-05 4.228265e-05 -4.890738e-04
    endloop
  endfacet
  facet normal -2.419377e-01 9.287120e-02 -9.658370e-01
    outer loop
      vertex   -9.496839e-05 4.228265e-05 -4.890738e-04
      vertex   -1.469463e-04 4.774575e-05 -4.755283e-04
      vertex   -1.411505e-04 6.284427e-05 -4.755283e-04
    endloop
  endfacet
  facet normal -2.309047e-01 1.176518e-01 -9.658370e-01
    outer loop
      vertex   -9.496839e-05 4.228265e-05 -4.890738e-04
      vertex   -1.411505e-04 6.284427e-05 -4.755283e-04
      vertex   -9.002840e-05 5.197792e-05 -4.890738e-04
    endloop
  endfacet
  facet normal -2.309047e-01 1.176518e-01 -9.658370e-01
    outer loop
      vertex   -9.002840e-05 5.197792e-05 -4.890738e-04
      vertex   -1.411505e-04 6.284427e-05 -4.755283e-04
      vertex   -1.338083e-04 7.725425e-05 -4.755283e-04
    endloop
  endfacet
  facet normal -2.173418e-01 1.411434e-01 -9.658370e-01
    outer loop
      vertex   -9.002840e-05 5.197792e-05 -4.890738e-04
      vertex   -1.338083e-04 7.725425e-05 -4.755283e-04
      vertex   -8.410205e-05 6.110371e-05 -4.890738e-04
    endloop
  endfacet
  facet normal -2.173418e-01 1.411434e-01 -9.658370e-01
    outer loop
      vertex   -8.410205e-05 6.110371e-05 -4.890738e-04
      vertex   -1.338083e-04 7.725425e-05 -4.755283e-04
      vertex   -1.250000e-04 9.081782e-05 -4.755283e-04
    endloop
  endfacet
  facet normal -2.013977e-01 1.630886e-01 -9.658370e-01
    outer loop
      vertex   -8.410205e-05 6.110371e-05 -4.890738e-04
      vertex   -1.250000e-04 9.081782e-05 -4.755283e-04
      vertex   -7.725425e-05 6.956004e-05 -4.890738e-04
    endloop
  endfacet
  facet normal -2.013977e-01 1.630886e-01 -9.658370e-01
    outer loop
      vertex   -7.725425e-05 6.956004e-05 -4.890738e-04
      vertex   -1.250000e-04 9.081782e-05 -4.755283e-04
      vertex   -1.148222e-04 1.033864e-04 -4.755283e-04
    endloop
  endfacet
  facet normal -1.832470e-01 1.832470e-01 -9.658370e-01
    outer loop
      vertex   -7.725425e-05 6.956004e-05 -4.890738e-04
      vertex   -1.148222e-04 1.033864e-04 -4.755283e-04
      vertex   -6.956004e-05 7.725425e-05 -4.890738e-04
    endloop
  endfacet
  facet normal -1.832470e-01 1.832470e-01 -9.658370e-01
    outer loop
      vertex   -6.956004e-05 7.725425e-05 -4.890738e-04
      vertex   -1.148222e-04 1.033864e-04 -4.755283e-04
      vertex   -1.033864e-04 1.148222e-04 -4.755283e-04
    endloop
  endfacet
  facet normal -1.630886e-01 2.013977e-01 -9.658370e-01
    outer loop
      vertex   -6.956004e-05 7.725425e-05 -4.890738e-04
      vertex   -1.033864e-04 1.148222e-04 -4.755283e-04
      vertex   -6.110371e-05 8.410205e-05 -4.890738e-04
    endloop
  endfacet
  facet normal -1.630886e-01 2.013977e-01 -9.658370e-01
    outer loop
      vertex   -6.110371e-05 8.410205e-05 -4.890738e-04
      vertex   -1.033864e-04 1.148222e-04 -4.755283e-04
      vertex   -9.081782e-05 1.250000e-04 -4.755283e-04
    endloop
  endfacet
  facet normal -1.411434e-01 2.173418e-01 -9.658370e-01
    outer loop
      vertex   -6.110371e-05 8.410205e-05 -4.890738e-04
      vertex   -9.081782e-05 1.250000e-04 -4.755283e-04
      vertex   -5.197792e-05 9.002840e-05 -4.890738e-04
    endloop
  endfacet
  facet normal -1.411434e-01 2.173418e-01 -9.658370e-01
    outer loop
      vertex   -5.197792e-05 9.002840e-05 -4.890738e-04
      vertex   -9.081782e-05 1.250000e-04 -4.755283e-04
      vertex   -7.725425e-05 1.338083e-04 -4.755283e-04
    endloop
  endfacet
  facet normal -1.176518e-01 2.309047e-01 -9.658370e-01
    outer loop
      vertex   -5.197792e-05 9.002840e-05 -4.890738e-04
      vertex   -7.725425e-05 1.338083e-04 -4.755283e-04
      vertex   -4.228265e-05 9.496839e-05 -4.890738e-04
    endloop
  endfacet
  facet normal -1.176518e-01 2.309047e-01 -9.658370e-01
    outer loop
      vertex   -4.228265e-05 9.496839e-05 -4.890738e-04
      vertex   -7.725425e-05 1.338083e-04 -4.755283e-04
      vertex   -6.284427e-05 1.411505e-04 -4.755283e-04
    endloop
  endfacet
  facet normal -9.287120e-02 2.419377e-01 -9.658370e-01
    outer loop
      vertex   -4.228265e-05 9.496839e-05 -4.890738e-04
      vertex   -6.284427e-05 1.411505e-04 -4.755283e-04
      vertex   -3.212412e-05 9.886788e-05 -4.890738e-04
    endloop
  endfacet
  facet normal -9.287120e-02 2.419377e-01 -9.658370e-01
    outer loop
      vertex   -3.212412e-05 9.886788e-05 -4.890738e-04
      vertex   -6.284427e-05 1.411505e-04 -4.755283e-04
      vertex   -4.774575e-05 1.469463e-04 -4.755283e-04
    endloop
  endfacet
  facet normal -6.707306e-02 2.503201e-01 -9.658370e-01
    outer loop
      vertex   -3.212412e-05 9.886788e-05 -4.890738e-04
      vertex   -4.774575e-05 1.469463e-04 -4.755283e-04
      vertex   -2.161364e-05 1.016842e-04 -4.890738e-04
    endloop
  endfacet
  facet normal -6.707306e-02 2.503201e-01 -9.658370e-01
    outer loop
      vertex   -2.161364e-05 1.016842e-04 -4.890738e-04
      vertex   -4.774575e-05 1.469463e-04 -4.755283e-04
      vertex   -3.212412e-05 1.511321e-04 -4.755283e-04
    endloop
  endfacet
  facet normal -4.054005e-02 2.559598e-01 -9.658370e-01
    outer loop
      vertex   -2.161364e-05 1.016842e-04 -4.890738e-04
      vertex   -3.212412e-05 1.511321e-04 -4.755283e-04
      vertex   -1.086634e-05 1.033864e-04 -4.890738e-04
    endloop
  endfacet
  facet normal -4.054005e-02 2.559598e-01 -9.658370e-01
    outer loop
      vertex   -1.086634e-05 1.033864e-04 -4.890738e-04
      vertex   -3.212412e-05 1.511321e-04 -4.755283e-04
      vertex   -1.615054e-05 1.536621e-04 -4.755283e-04
    endloop
  endfacet
  facet normal -1.356288e-02 2.587952e-01 -9.658370e-01
    outer loop
      vertex   -1.086634e-05 1.033864e-04 -4.890738e-04
      vertex   -1.615054e-05 1.536621e-04 -4.755283e-04
      vertex   6.365460e-21 1.039558e-04 -4.890738e-04
    endloop
  endfacet
  facet normal -1.356288e-02 2.587952e-01 -9.658370e-01
    outer loop
      vertex   6.365460e-21 1.039558e-04 -4.890738e-04
      vertex   -1.615054e-05 1.536621e-04 -4.755283e-04
      vertex   9.460917e-21 1.545085e-04 -4.755283e-04
    endloop
  endfacet
  facet normal 1.356288e-02 2.587952e-01 -9.658370e-01
    outer loop
      vertex   6.365460e-21 1.039558e-04 -4.890738e-04
      vertex   9.460917e-21 1.545085e-04 -4.755283e-04
      vertex   1.086634e-05 1.033864e-04 -4.890738e-04
    endloop
  endfacet
  facet normal 1.356288e-02 2.587952e-01 -9.658370e-01
    outer loop
      vertex   1.086634e-05 1.033864e-04 -4.890738e-04
      vertex   9.460917e-21 1.545085e-04 -4.755283e-04
      vertex   1.615054e-05 1.536621e-04 -4.755283e-04
    endloop
  endfacet
  facet normal 4.054005e-02 2.559598e-01 -9.658370e-01
    outer loop
      vertex   1.086634e-05 1.033864e-04 -4.890738e-04
      vertex   1.615054e-05 1.536621e-04 -4.755283e-04
      vertex   2.161364e-05 1.016842e-04 -4.890738e-04
    endloop
  endfacet
  facet normal 4.054005e-02 2.559598e-01 -9.658370e-01
    outer loop
      vertex   2.161364e-05 1.016842e-04 -4.890738e-04
      vertex   1.615054e-05 1.536621e-04 -4.755283e-04
      vertex   3.212412e-05 1.511321e-04 -4.755283e-04
    endloop
  endfacet
  facet normal 6.707306e-02 2.503201e-01 -9.658370e-01
    outer loop
      vertex   2.161364e-05 1.016842e-04 -4.890738e-04
      vertex   3.212412e-05 1.511321e-04 -4.755283e-04
      vertex   3.212412e-05 9.886788e-05 -4.890738e-04
    endloop
  endfacet
  facet normal 6.707306e-02 2.503201e-01 -9.658370e-01
    outer loop
      vertex   3.212412e-05 9.886788e-05 -4.890738e-04
      vertex   3.212412e-05 1.511321e-04 -4.755283e-04
      vertex   4.774575e-05 1.469463e-04 -4.755283e-04
    endloop
  endfacet
  facet normal 9.287120e-02 2.419377e-01 -9.658370e-01
    outer loop
      vertex   3.212412e-05 9.886788e-05 -4.890738e-04
      vertex   4.774575e-05 1.469463e-04 -4.755283e-04
      vertex   4.228265e-05 9.496839e-05 -4.890738e-04
    endloop
  endfacet
  facet normal 9.287120e-02 2.419377e-01 -9.658370e-01
    outer loop
      vertex   4.228265e-05 9.496839e-05 -4.890738e-04
      vertex   4.774575e-05 1.469463e-04 -4.755283e-04
      vertex   6.284427e-05 1.411505e-04 -4.755283e-04
    endloop
  endfacet
  facet normal 1.176518e-01 2.309047e-01 -9.658370e-01
    outer loop
      vertex   4.228265e-05 9.496839e-05 -4.890738e-04
      vertex   6.284427e-05 1.411505e-04 -4.755283e-04
      vertex   5.197792e-05 9.002840e-05 -4.890738e-04
    endloop
  endfacet
  facet normal 1.176518e-01 2.309047e-01 -9.658370e-01
    outer loop
      vertex   5.197792e-05 9.002840e-05 -4.890738e-04
      vertex   6.284427e-05 1.411505e-04 -4.755283e-04
      vertex   7.725425e-05 1.338083e-04 -4.755283e-04
    endloop
  endfacet
  facet normal 1.411434e-01 2.173418e-01 -9.658370e-01
    outer loop
      vertex   5.197792e-05 9.002840e-05 -4.890738e-04
      vertex   7.725425e-05 1.338083e-04 -4.755283e-04
      vertex   6.110371e-05 8.410205e-05 -4.890738e-04
    endloop
  endfacet
  facet normal 1.411434e-01 2.173418e-01 -9.658370e-01
    outer loop
      vertex   6.110371e-05 8.410205e-05 -4.890738e-04
      vertex   7.725425e-05 1.338083e-04 -4.755283e-04
      vertex   9.081782e-05 1.250000e-04 -4.755283e-04
    endloop
  endfacet
  facet normal 1.630886e-01 2.013977e-01 -9.658370e-01
    outer loop
      vertex   6.110371e-05 8.410205e-05 -4.890738e-04
      vertex   9.081782e-05 1.250000e-04 -4.755283e-04
      vertex   6.956004e-05 7.725425e-05 -4.890738e-04
    endloop
  endfacet
  facet normal 1.630886e-01 2.013977e-01 -9.658370e-01
    outer loop
      vertex   6.956004e-05 7.725425e-05 -4.890738e-04
      vertex   9.081782e-05 1.250000e-04 -4.755283e-04
      vertex   1.033864e-04 1.148222e-04 -4.755283e-04
    endloop
  endfacet
  facet normal 1.832470e-01 1.832470e-01 -9.658370e-01
    outer loop
      vertex   6.956004e-05 7.725425e-05 -4.890738e-04
      vertex   1.033864e-04 1.148222e-04 -4.755283e-04
      vertex   7.725425e-05 6.956004e-05 -4.890738e-04
    endloop
  endfacet
  facet normal 1.832470e-01 1.832470e-01 -9.658370e-01
    outer loop
      vertex   7.725425e-05 6.956004e-05 -4.890738e-04
      vertex   1.033864e-04 1.148222e-04 -4.755283e-04
      vertex   1.148222e-04 1.033864e-04 -4.755283e-04
    endloop
  endfacet
  facet normal 2.013977e-01 1.630886e-01 -9.658370e-01
    outer loop
      vertex   7.725425e-05 6.956004e-05 -4.890738e-04
      vertex   1.148222e-04 1.033864e-04 -4.755283e-04
      vertex   8.410205e-05 6.110371e-05 -4.890738e-04
    endloop
  endfacet
  facet normal 2.013977e-01 1.630886e-01 -9.658370e-01
    outer loop
      vertex   8.410205e-05 6.110371e-05 -4.890738e-04
      vertex   1.148222e-04 1.033864e-04 -4.755283e-04
      vertex   1.250000e-04 9.081782e-05 -4.755283e-04
    endloop
  endfacet
  facet normal 2.173418e-01 1.411434e-01 -9.658370e-01
    outer loop
      vertex   8.410205e-05 6.110371e-05 -4.890738e-04
      vertex   1.250000e-04 9.081782e-05 -4.755283e-04
      vertex   9.002840e-05 5.197792e-05 -4.890738e-04
    endloop
  endfacet
  facet normal 2.173418e-01 1.411434e-01 -9.658370e-01
    outer loop
      vertex   9.002840e-05 5.197792e-05 -4.890738e-04
      vertex   1.250000e-04 9.081782e-05 -4.755283e-04
      vertex   1.338083e-04 7.725425e-05 -4.755283e-04
    endloop
  endfacet
  facet normal 2.309047e-01 1.176518e-01 -9.658370e-01
    outer loop
      vertex   9.002840e-05 5.197792e-05 -4.890738e-04
      vertex   1.338083e-04 7.725425e-05 -4.755283e-04
      vertex   9.496839e-05 4.228265e-05 -4.890738e-04
    endloop
  endfacet
  facet normal 2.309047e-01 1.176518e-01 -9.658370e-01
    outer loop
      vertex   9.496839e-05 4.228265e-05 -4.890738e-04
      vertex   1.338083e-04 7.725425e-05 -4.755283e-04
      vertex   1.411505e-04 6.284427e-05 -4.755283e-04
    endloop
  endfacet
  facet normal 2.419377e-01 9.287120e-02 -9.658370e-01
    outer loop
      vertex   9.496839e-05 4.228265e-05 -4.890738e-04
      vertex   1.411505e-04 6.284427e-05 -4.755283e-04
      vertex   9.886788e-05 3.212412e-05 -4.890738e-04
    endloop
  endfacet
  facet normal 2.419377e-01 9.287120e-02 -9.658370e-01
    outer loop
      vertex   9.886788e-05 3.212412e-05 -4.890738e-04
      vertex   1.411505e-04 6.284427e-05 -4.755283e-04
      vertex   1.469463e-04 4.774575e-05 -4.755283e-04
    endloop
  endfacet
  facet normal 2.503201e-01 6.707306e-02 -9.658370e-01
    outer loop
      vertex   9.886788e-05 3.212412e-05 -4.890738e-04
      vertex   1.469463e-04 4.774575e-05 -4.755283e-04
      vertex   1.016842e-04 2.161364e-05 -4.890738e-04
    endloop
  endfacet
  facet normal 2.503201e-01 6.707306e-02 -9.658370e-01
    outer loop
      vertex   1.016842e-04 2.161364e-05 -4.890738e-04
      vertex   1.469463e-04 4.774575e-05 -4.755283e-04
      vertex   1.511321e-04 3.212412e-05 -4.755283e-04
    endloop
  endfacet
  facet normal 2.559598e-01 4.054005e-02 -9.658370e-01
    outer loop
      vertex   1.016842e-04 2.161364e-05 -4.890738e-04
      vertex   1.511321e-04 3.212412e-05 -4.755283e-04
      vertex   1.033864e-04 1.086634e-05 -4.890738e-04
    endloop
  endfacet
  facet normal 2.559598e-01 4.054005e-02 -9.658370e-01
    outer loop
      vertex   1.033864e-04 1.086634e-05 -4.890738e-04
      vertex   1.511321e-04 3.212412e-05 -4.755283e-04
      vertex   1.536621e-04 1.615054e-05 -4.755283e-04
    endloop
  endfacet
  facet normal 2.587952e-01 1.356288e-02 -9.658370e-01
    outer loop
      vertex   1.033864e-04 1.086634e-05 -4.890738e-04
      vertex   1.536621e-04 1.615054e-05 -4.755283e-04
      vertex   1.039558e-04 0.000000e+00 -4.890738e-04
    endloop
  endfacet
  facet normal 2.587952e-01 1.356288e-02 -9.658370e-01
    outer loop
      vertex   1.039558e-04 0.000000e+00 -4.890738e-04
      vertex   1.536621e-04 1.615054e-05 -4.755283e-04
      vertex   1.545085e-04 0.000000e+00 -4.755283e-04
    endloop
  endfacet
  facet normal 3.583048e-01 -1.877796e-02 -9.334158e-01
    outer loop
      vertex   1.545085e-04 0.000000e+00 -4.755283e-04
      vertex   2.033683e-04 0.000000e+00 -4.567727e-04
      vertex   1.536621e-04 -1.615054e-05 -4.755283e-04
    endloop
  endfacet
  facet normal 3.583048e-01 -1.877796e-02 -9.334158e-01
    outer loop
      vertex   1.536621e-04 -1.615054e-05 -4.755283e-04
      vertex   2.033683e-04 0.000000e+00 -4.567727e-04
      vertex   2.022542e-04 -2.125778e-05 -4.567727e-04
    endloop
  endfacet
  facet normal 3.543791e-01 -5.612814e-02 -9.334158e-01
    outer loop
      vertex   1.536621e-04 -1.615054e-05 -4.755283e-04
      vertex   2.022542e-04 -2.125778e-05 -4.567727e-04
      vertex   1.511321e-04 -3.212412e-05 -4.755283e-04
    endloop
  endfacet
  facet normal 3.543791e-01 -5.612814e-02 -9.334158e-01
    outer loop
      vertex   1.511321e-04 -3.212412e-05 -4.755283e-04
      vertex   2.022542e-04 -2.125778e-05 -4.567727e-04
      vertex   1.989242e-04 -4.228265e-05 -4.567727e-04
    endloop
  endfacet
  facet normal 3.465708e-01 -9.286336e-02 -9.334158e-01
    outer loop
      vertex   1.511321e-04 -3.212412e-05 -4.755283e-04
      vertex   1.989242e-04 -4.228265e-05 -4.567727e-04
      vertex   1.469463e-04 -4.774575e-05 -4.755283e-04
    endloop
  endfacet
  facet normal 3.465708e-01 -9.286336e-02 -9.334158e-01
    outer loop
      vertex   1.469463e-04 -4.774575e-05 -4.755283e-04
      vertex   1.989242e-04 -4.228265e-05 -4.567727e-04
      vertex   1.934148e-04 -6.284427e-05 -4.567727e-04
    endloop
  endfacet
  facet normal 3.349654e-01 -1.285812e-01 -9.334158e-01
    outer loop
      vertex   1.469463e-04 -4.774575e-05 -4.755283e-04
      vertex   1.934148e-04 -6.284427e-05 -4.567727e-04
      vertex   1.411505e-04 -6.284427e-05 -4.755283e-04
    endloop
  endfacet
  facet normal 3.349654e-01 -1.285812e-01 -9.334158e-01
    outer loop
      vertex   1.411505e-04 -6.284427e-05 -4.755283e-04
      vertex   1.934148e-04 -6.284427e-05 -4.567727e-04
      vertex   1.857862e-04 -8.271735e-05 -4.567727e-04
    endloop
  endfacet
  facet normal 3.196900e-01 -1.628902e-01 -9.334158e-01
    outer loop
      vertex   1.411505e-04 -6.284427e-05 -4.755283e-04
      vertex   1.857862e-04 -8.271735e-05 -4.567727e-04
      vertex   1.338083e-04 -7.725425e-05 -4.755283e-04
    endloop
  endfacet
  facet normal 3.196900e-01 -1.628902e-01 -9.334158e-01
    outer loop
      vertex   1.338083e-04 -7.725425e-05 -4.755283e-04
      vertex   1.857862e-04 -8.271735e-05 -4.567727e-04
      vertex   1.761221e-04 -1.016842e-04 -4.567727e-04
    endloop
  endfacet
  facet normal 3.009120e-01 -1.954146e-01 -9.334158e-01
    outer loop
      vertex   1.338083e-04 -7.725425e-05 -4.755283e-04
      vertex   1.761221e-04 -1.016842e-04 -4.567727e-04
      vertex   1.250000e-04 -9.081782e-05 -4.755283e-04
    endloop
  endfacet
  facet normal 3.009120e-01 -1.954146e-01 -9.334158e-01
    outer loop
      vertex   1.250000e-04 -9.081782e-05 -4.755283e-04
      vertex   1.761221e-04 -1.016842e-04 -4.567727e-04
      vertex   1.645284e-04 -1.195369e-04 -4.567727e-04
    endloop
  endfacet
  facet normal 2.788372e-01 -2.257979e-01 -9.334158e-01
    outer loop
      vertex   1.250000e-04 -9.081782e-05 -4.755283e-04
      vertex   1.645284e-04 -1.195369e-04 -4.567727e-04
      vertex   1.148222e-04 -1.033864e-04 -4.755283e-04
    endloop
  endfacet
  facet normal 2.788372e-01 -2.257979e-01 -9.334158e-01
    outer loop
      vertex   1.148222e-04 -1.033864e-04 -4.755283e-04
      vertex   1.645284e-04 -1.195369e-04 -4.567727e-04
      vertex   1.511321e-04 -1.360800e-04 -4.567727e-04
    endloop
  endfacet
  facet normal 2.537074e-01 -2.537074e-01 -9.334158e-01
    outer loop
      vertex   1.148222e-04 -1.033864e-04 -4.755283e-04
      vertex   1.511321e-04 -1.360800e-04 -4.567727e-04
      vertex   1.033864e-04 -1.148222e-04 -4.755283e-04
    endloop
  endfacet
  facet normal 2.537074e-01 -2.537074e-01 -9.334158e-01
    outer loop
      vertex   1.033864e-04 -1.148222e-04 -4.755283e-04
      vertex   1.511321e-04 -1.360800e-04 -4.567727e-04
      vertex   1.360800e-04 -1.511321e-04 -4.567727e-04
    endloop
  endfacet
  facet normal 2.257979e-01 -2.788372e-01 -9.334158e-01
    outer loop
      vertex   1.033864e-04 -1.148222e-04 -4.755283e-04
      vertex   1.360800e-04 -1.511321e-04 -4.567727e-04
      vertex   9.081782e-05 -1.250000e-04 -4.755283e-04
    endloop
  endfacet
  facet normal 2.257979e-01 -2.788372e-01 -9.334158e-01
    outer loop
      vertex   9.081782e-05 -1.250000e-04 -4.755283e-04
      vertex   1.360800e-04 -1.511321e-04 -4.567727e-04
      vertex   1.195369e-04 -1.645284e-04 -4.567727e-04
    endloop
  endfacet
  facet normal 1.954146e-01 -3.009120e-01 -9.334158e-01
    outer loop
      vertex   9.081782e-05 -1.250000e-04 -4.755283e-04
      vertex   1.195369e-04 -1.645284e-04 -4.567727e-04
      vertex   7.725425e-05 -1.338083e-04 -4.755283e-04
    endloop
  endfacet
  facet normal 1.954146e-01 -3.009120e-01 -9.334158e-01
    outer loop
      vertex   7.725425e-05 -1.338083e-04 -4.755283e-04
      vertex   1.195369e-04 -1.645284e-04 -4.567727e-04
      vertex   1.016842e-04 -1.761221e-04 -4.567727e-04
    endloop
  endfacet
  facet normal 1.628902e-01 -3.196900e-01 -9.334158e-01
    outer loop
      vertex   7.725425e-05 -1.338083e-04 -4.755283e-04
      vertex   1.016842e-04 -1.761221e-04 -4.567727e-04
      vertex   6.284427e-05 -1.411505e-04 -4.755283e-04
    endloop
  endfacet
  facet normal 1.628902e-01 -3.196900e-01 -9.334158e-01
    outer loop
      vertex   6.284427e-05 -1.411505e-04 -4.755283e-04
      vertex   1.016842e-04 -1.761221e-04 -4.567727e-04
      vertex   8.271735e-05 -1.857862e-04 -4.567727e-04
    endloop
  endfacet
  facet normal 1.285812e-01 -3.349654e-01 -9.334158e-01
    outer loop
      vertex   6.284427e-05 -1.411505e-04 -4.755283e-04
      vertex   8.271735e-05 -1.857862e-04 -4.567727e-04
      vertex   4.774575e-05 -1.469463e-04 -4.755283e-04
    endloop
  endfacet
  facet normal 1.285812e-01 -3.349654e-01 -9.334158e-01
    outer loop
      vertex   4.774575e-05 -1.469463e-04 -4.755283e-04
      vertex   8.271735e-05 -1.857862e-04 -4.567727e-04
      vertex   6.284427e-05 -1.934148e-04 -4.567727e-04
    endloop
  endfacet
  facet normal 9.286336e-02 -3.465708e-01 -9.334158e-01
    outer loop
      vertex   4.774575e-05 -1.469463e-04 -4.755283e-04
      vertex   6.284427e-05 -1.934148e-04 -4.567727e-04
      vertex   3.212412e-05 -1.511321e-04 -4.755283e-04
    endloop
  endfacet
  facet normal 9.286336e-02 -3.465708e-01 -9.334158e-01
    outer loop
      vertex   3.212412e-05 -1.511321e-04 -4.755283e-04
      vertex   6.284427e-05 -1.934148e-04 -4.567727e-04
      vertex   4.228265e-05 -1.989242e-04 -4.567727e-04
    endloop
  endfacet
  facet normal 5.612814e-02 -3.543791e-01 -9.334158e-01
    outer loop
      vertex   3.212412e-05 -1.511321e-04 -4.755283e-04
      vertex   4.228265e-05 -1.989242e-04 -4.567727e-04
      vertex   1.615054e-05 -1.536621e-04 -4.755283e-04
    endloop
  endfacet
  facet normal 5.612814e-02 -3.543791e-01 -9.334158e-01
    outer loop
      vertex   1.615054e-05 -1.536621e-04 -4.755283e-04
      vertex   4.228265e-05 -1.989242e-04 -4.567727e-04
      vertex   2.125778e-05 -2.022542e-04 -4.567727e-04
    endloop
  endfacet
  facet normal 1.877796e-02 -3.583048e-01 -9.334158e-01
    outer loop
      vertex   1.615054e-05 -1.536621e-04 -4.755283e-04
      vertex   2.125778e-05 -2.022542e-04 -4.567727e-04
      vertex   9.460917e-21 -1.545085e-04 -4.755283e-04
    endloop
  endfacet
  facet normal 1.877796e-02 -3.583048e-01 -9.334158e-01
    outer loop
      vertex   9.460917e-21 -1.545085e-04 -4.755283e-04
      vertex   2.125778e-05 -2.022542e-04 -4.567727e-04
      vertex   1.245272e-20 -2.033683e-04 -4.567727e-04
    endloop
  endfacet
  facet normal -1.877796e-02 -3.583048e-01 -9.334158e-01
    outer loop
      vertex   9.460917e-21 -1.545085e-04 -4.755283e-04
      vertex   1.245272e-20 -2.033683e-04 -4.567727e-04
      vertex   -1.615054e-05 -1.536621e-04 -4.755283e-04
    endloop
  endfacet
  facet normal -1.877796e-02 -3.583048e-01 -9.334158e-01
    outer loop
      vertex   -1.615054e-05 -1.536621e-04 -4.755283e-04
      vertex   1.245272e-20 -2.033683e-04 -4.567727e-04
      vertex   -2.125778e-05 -2.022542e-04 -4.567727e-04
    endloop
  endfacet
  facet normal -5.612814e-02 -3.543791e-01 -9.334158e-01
    outer loop
      vertex   -1.615054e-05 -1.536621e-04 -4.755283e-04
      vertex   -2.125778e-05 -2.022542e-04 -4.567727e-04
      vertex   -3.212412e-05 -1.511321e-04 -4.755283e-04
    endloop
  endfacet
  facet normal -5.612814e-02 -3.543791e-01 -9.334158e-01
    outer loop
      vertex   -3.212412e-05 -1.511321e-04 -4.755283e-04
      vertex   -2.125778e-05 -2.022542e-04 -4.567727e-04
      vertex   -4.228265e-05 -1.989242e-04 -4.567727e-04
    endloop
  endfacet
  facet normal -9.286336e-02 -3.465708e-01 -9.334158e-01
    outer loop
      vertex   -3.212412e-05 -1.511321e-04 -4.755283e-04
      vertex   -4.228265e-05 -1.989242e-04 -4.567727e-04
      vertex   -4.774575e-05 -1.469463e-04 -4.755283e-04
    endloop
  endfacet
  facet normal -9.286336e-02 -3.465708e-01 -9.334158e-01
    outer loop
      vertex   -4.774575e-05 -1.469463e-04 -4.755283e-04
      vertex   -4.228265e-05 -1.989242e-04 -4.567727e-04
      vertex   -6.284427e-05 -1.934148e-04 -4.567727e-04
    endloop
  endfacet
  facet normal -1.285812e-01 -3.349654e-01 -9.334158e-01
    outer loop
      vertex   -4.774575e-05 -1.469463e-04 -4.755283e-04
      vertex   -6.284427e-05 -1.934148e-04 -4.567727e-04
      vertex   -6.284427e-05 -1.411505e-04 -4.755283e-04
    endloop
  endfacet
  facet normal -1.285812e-01 -3.349654e-01 -9.334158e-01
    outer loop
      vertex   -6.284427e-05 -1.411505e-04 -4.755283e-04
      vertex   -6.284427e-05 -1.934148e-04 -4.567727e-04
      vertex   -8.271735e-05 -1.857862e-04 -4.567727e-04
    endloop
  endfacet
  facet normal -1.628902e-01 -3.196900e-01 -9.334158e-01
    outer loop
      vertex   -6.284427e-05 -1.411505e-04 -4.755283e-04
      vertex   -8.271735e-05 -1.857862e-04 -4.567727e-04
      vertex   -7.725425e-05 -1.338083e-04 -4.755283e-04
    endloop
  endfacet
  facet normal -1.628902e-01 -3.196900e-01 -9.334158e-01
    outer loop
      vertex   -7.725425e-05 -1.338083e-04 -4.755283e-04
      vertex   -8.271735e-05 -1.857862e-04 -4.567727e-04
      vertex   -1.016842e-04 -1.761221e-04 -4.567727e-04
    endloop
  endfacet
  facet normal -1.954146e-01 -3.009120e-01 -9.334158e-01
    outer loop
      vertex   -7.725425e-05 -1.338083e-04 -4.755283e-04
      vertex   -1.016842e-04 -1.761221e-04 -4.567727e-04
      vertex   -9.081782e-05 -1.250000e-04 -4.755283e-04
    endloop
  endfacet
  facet normal -1.954146e-01 -3.009120e-01 -9.334158e-01
    outer loop
      vertex   -9.081782e-05 -1.250000e-04 -4.755283e-04
      vertex   -1.016842e-04 -1.761221e-04 -4.567727e-04
      vertex   -1.195369e-04 -1.645284e-04 -4.567727e-04
    endloop
  endfacet
  facet normal -2.257979e-01 -2.788372e-01 -9.334158e-01
    outer loop
      vertex   -9.081782e-05 -1.250000e-04 -4.755283e-04
      vertex   -1.195369e-04 -1.645284e-04 -4.567727e-04
      vertex   -1.033864e-04 -1.148222e-04 -4.755283e-04
    endloop
  endfacet
  facet normal -2.257979e-01 -2.788372e-01 -9.334158e-01
    outer loop
      vertex   -1.033864e-04 -1.148222e-04 -4.755283e-04
      vertex   -1.195369e-04 -1.645284e-04 -4.567727e-04
      vertex   -1.360800e-04 -1.511321e-04 -4.567727e-04
    endloop
  endfacet
  facet normal -2.537074e-01 -2.537074e-01 -9.334158e-01
    outer loop
      vertex   -1.033864e-04 -1.148222e-04 -4.755283e-04
      vertex   -1.360800e-04 -1.511321e-04 -4.567727e-04
      vertex   -1.148222e-04 -1.033864e-04 -4.755283e-04
    endloop
  endfacet
  facet normal -2.537074e-01 -2.537074e-01 -9.334158e-01
    outer loop
      vertex   -1.148222e-04 -1.033864e-04 -4.755283e-04
      vertex   -1.360800e-04 -1.511321e-04 -4.567727e-04
      vertex   -1.511321e-04 -1.360800e-04 -4.567727e-04
    endloop
  endfacet
  facet normal -2.788372e-01 -2.257979e-01 -9.334158e-01
    outer loop
      vertex   -1.148222e-04 -1.033864e-04 -4.755283e-04
      vertex   -1.511321e-04 -1.360800e-04 -4.567727e-04
      vertex   -1.250000e-04 -9.081782e-05 -4.755283e-04
    endloop
  endfacet
  facet normal -2.788372e-01 -2.257979e-01 -9.334158e-01
    outer loop
      vertex   -1.250000e-04 -9.081782e-05 -4.755283e-04
      vertex   -1.511321e-04 -1.360800e-04 -4.567727e-04
      vertex   -1.645284e-04 -1.195369e-04 -4.567727e-04
    endloop
  endfacet
  facet normal -3.009120e-01 -1.954146e-01 -9.334158e-01
    outer loop
      vertex   -1.250000e-04 -9.081782e-05 -4.755283e-04
      vertex   -1.645284e-04 -1.195369e-04 -4.567727e-04
      vertex   -1.338083e-04 -7.725425e-05 -4.755283e-04
    endloop
  endfacet
  facet normal -3.009120e-01 -1.954146e-01 -9.334158e-01
    outer loop
      vertex   -1.338083e-04 -7.725425e-05 -4.755283e-04
      vertex   -1.645284e-04 -1.195369e-04 -4.567727e-04
      vertex   -1.761221e-04 -1.016842e-04 -4.567727e-04
    endloop
  endfacet
  facet normal -3.196900e-01 -1.628902e-01 -9.334158e-01
    outer loop
      vertex   -1.338083e-04 -7.725425e-05 -4.755283e-04
      vertex   -1.761221e-04 -1.016842e-04 -4.567727e-04
      vertex   -1.411505e-04 -6.284427e-05 -4.755283e-04
    endloop
  endfacet
  facet normal -3.196900e-01 -1.628902e-01 -9.334158e-01
    outer loop
      vertex   -1.411505e-04 -6.284427e-05 -4.755283e-04
      vertex   -1.761221e-04 -1.016842e-04 -4.567727e-04
      vertex   -1.857862e-04 -8.271735e-05 -4.567727e-04
    endloop
  endfacet
  facet normal -3.349654e-01 -1.285812e-01 -9.334158e-01
    outer loop
      vertex   -1.411505e-04 -6.284427e-05 -4.755283e-04
      vertex   -1.857862e-04 -8.271735e-05 -4.567727e-04
      vertex   -1.469463e-04 -4.774575e-05 -4.755283e-04
    endloop
  endfacet
  facet normal -3.349654e-01 -1.285812e-01 -9.334158e-01
    outer loop
      vertex   -1.469463e-04 -4.774575e-05 -4.755283e-04
      vertex   -1.857862e-04 -8.271735e-05 -4.567727e-04
      vertex   -1.934148e-04 -6.284427e-05 -4.567727e-04
    endloop
  endfacet
  facet normal -3.465708e-01 -9.286336e-02 -9.334158e-01
    outer loop
      vertex   -1.469463e-04 -4.774575e-05 -4.755283e-04
      vertex   -1.934148e-04 -6.284427e-05 -4.567727e-04
      vertex   -1.511321e-04 -3.212412e-05 -4.755283e-04
    endloop
  endfacet
  facet normal -3.465708e-01 -9.286336e-02 -9.334158e-01
    outer loop
      vertex   -1.511321e-04 -3.212412e-05 -4.755283e-04
      vertex   -1.934148e-04 -6.284427e-05 -4.567727e-04
      vertex   -1.989242e-04 -4.228265e-05 -4.567727e-04
    endloop
  endfacet
  facet normal -3.543791e-01 -5.612814e-02 -9.334158e-01
    outer loop
      vertex   -1.511321e-04 -3.212412e-05 -4.755283e-04
      vertex   -1.989242e-04 -4.228265e-05 -4.567727e-04
      vertex   -1.536621e-04 -1.615054e-05 -4.755283e-04
    endloop
  endfacet
  facet normal -3.543791e-01 -5.612814e-02 -9.334158e-01
    outer loop
      vertex   -1.536621e-04 -1.615054e-05 -4.755283e-04
      vertex   -1.989242e-04 -4.228265e-05 -4.567727e-04
      vertex   -2.022542e-04 -2.125778e-05 -4.567727e-04
    endloop
  endfacet
  facet normal -3.583048e-01 -1.877796e-02 -9.334158e-01
    outer loop
      vertex   -1.536621e-04 -1.615054e-05 -4.755283e-04
      vertex   -2.022542e-04 -2.125778e-05 -4.567727e-04
      vertex   -1.545085e-04 -1.892183e-20 -4.755283e-04
    endloop
  endfacet
  facet normal -3.583048e-01 -1.877796e-02 -9.334158e-01
    outer loop
      vertex   -1.545085e-04 -1.892183e-20 -4.755283e-04
      vertex   -2.022542e-04 -2.125778e-05 -4.567727e-04
      vertex   -2.033683e-04 -2.490544e-20 -4.567727e-04
    endloop
  endfacet
  facet normal -3.583048e-01 1.877796e-02 -9.334158e-01
    outer loop
      vertex   -1.545085e-04 -1.892183e-20 -4.755283e-04
      vertex   -2.033683e-04 -2.490544e-20 -4.567727e-04
      vertex   -1.536621e-04 1.615054e-05 -4.755283e-04
    endloop
  endfacet
  facet normal -3.583048e-01 1.877796e-02 -9.334158e-01
    outer loop
      vertex   -1.536621e-04 1.615054e-05 -4.755283e-04
      vertex   -2.033683e-04 -2.490544e-20 -4.567727e-04
      vertex   -2.022542e-04 2.125778e-05 -4.567727e-04
    endloop
  endfacet
  facet normal -3.543791e-01 5.612814e-02 -9.334158e-01
    outer loop
      vertex   -1.536621e-04 1.615054e-05 -4.755283e-04
      vertex   -2.022542e-04 2.125778e-05 -4.567727e-04
      vertex   -1.511321e-04 3.212412e-05 -4.755283e-04
    endloop
  endfacet
  facet normal -3.543791e-01 5.612814e-02 -9.334158e-01
    outer loop
      vertex   -1.511321e-04 3.212412e-05 -4.755283e-04
      vertex   -2.022542e-04 2.125778e-05 -4.567727e-04
      vertex   -1.989242e-04 4.228265e-05 -4.567727e-04
    endloop
  endfacet
  facet normal -3.465708e-01 9.286336e-02 -9.334158e-01
    outer loop
      vertex   -1.511321e-04 3.212412e-05 -4.755283e-04
      vertex   -1.989242e-04 4.228265e-05 -4.567727e-04
      vertex   -1.469463e-04 4.774575e-05 -4.755283e-04
    endloop
  endfacet
  facet normal -3.465708e-01 9.286336e-02 -9.334158e-01
    outer loop
      vertex   -1.469463e-04 4.774575e-05 -4.755283e-04
      vertex   -1.989242e-04 4.228265e-05 -4.567727e-04
      vertex   -1.934148e-04 6.284427e-05 -4.567727e-04
    endloop
  endfacet
  facet normal -3.349654e-01 1.285812e-01 -9.334158e-01
    outer loop
      vertex   -1.469463e-04 4.774575e-05 -4.755283e-04
      vertex   -1.934148e-04 6.284427e-05 -4.567727e-04
      vertex   -1.411505e-04 6.284427e-05 -4.755283e-04
    endloop
  endfacet
  facet normal -3.349654e-01 1.285812e-01 -9.334158e-01
    outer loop
      vertex   -1.411505e-04 6.284427e-05 -4.755283e-04
      vertex   -1.934148e-04 6.284427e-05 -4.567727e-04
      vertex   -1.857862e-04 8.271735e-05 -4.567727e-04
    endloop
  endfacet
  facet normal -3.196900e-01 1.628902e-01 -9.334158e-01
    outer loop
      vertex   -1.411505e-04 6.284427e-05 -4.755283e-04
      vertex   -1.857862e-04 8.271735e-05 -4.567727e-04
      vertex   -1.338083e-04 7.725425e-05 -4.755283e-04
    endloop
  endfacet
  facet normal -3.196900e-01 1.628902e-01 -9.334158e-01
    outer loop
      vertex   -1.338083e-04 7.725425e-05 -4.755283e-04
      vertex   -1.857862e-04 8.271735e-05 -4.567727e-04
      vertex   -1.761221e-04 1.016842e-04 -4.567727e-04
    endloop
  endfacet
  facet normal -3.009120e-01 1.954146e-01 -9.334158e-01
    outer loop
      vertex   -1.338083e-04 7.725425e-05 -4.755283e-04
      vertex   -1.761221e-04 1.016842e-04 -4.567727e-04
      vertex   -1.250000e-04 9.081782e-05 -4.755283e-04
    endloop
  endfacet
  facet normal -3.009120e-01 1.954146e-01 -9.334158e-01
    outer loop
      vertex   -1.250000e-04 9.081782e-05 -4.755283e-04
      vertex   -1.761221e-04 1.016842e-04 -4.567727e-04
      vertex   -1.645284e-04 1.195369e-04 -4.567727e-04
    endloop
  endfacet
  facet normal -2.788372e-01 2.257979e-01 -9.334158e-01
    outer loop
      vertex   -1.250000e-04 9.081782e-05 -4.755283e-04
      vertex   -1.645284e-04 1.195369e-04 -4.567727e-04
      vertex   -1.148222e-04 1.033864e-04 -4.755283e-04
    endloop
  endfacet
  facet normal -2.788372e-01 2.257979e-01 -9.334158e-01
    outer loop
      vertex   -1.148222e-04 1.033864e-04 -4.755283e-04
      vertex   -1.645284e-04 1.195369e-04 -4.567727e-04
      vertex   -1.511321e-04 1.360800e-04 -4.567727e-04
    endloop
  endfacet
  facet normal -2.537074e-01 2.537074e-01 -9.334158e-01
    outer loop
      vertex   -1.148222e-04 1.033864e-04 -4.755283e-04
      vertex   -1.511321e-04 1.360800e-04 -4.567727e-04
      vertex   -1.033864e-04 1.148222e-04 -4.755283e-04
    endloop
  endfacet
  facet normal -2.537074e-01 2.537074e-01 -9.334158e-01
    outer loop
      vertex   -1.033864e-04 1.148222e-04 -4.755283e-04
      vertex   -1.511321e-04 1.360800e-04 -4.567727e-04
      vertex   -1.360800e-04 1.511321e-04 -4.567727e-04
    endloop
  endfacet
  facet normal -2.257979e-01 2.788372e-01 -9.334158e-01
    outer loop
      vertex   -1.033864e-04 1.148222e-04 -4.755283e-04
      vertex   -1.360800e-04 1.511321e-04 -4.567727e-04
      vertex   -9.081782e-05 1.250000e-04 -4.755283e-04
    endloop
  endfacet
  facet normal -2.257979e-01 2.788372e-01 -9.334158e-01
    outer loop
      vertex   -9.081782e-05 1.250000e-04 -4.755283e-04
      vertex   -1.360800e-04 1.511321e-04 -4.567727e-04
      vertex   -1.195369e-04 1.645284e-04 -4.567727e-04
    endloop
  endfacet
  facet normal -1.954146e-01 3.009120e-01 -9.334158e-01
    outer loop
      vertex   -9.081782e-05 1.250000e-04 -4.755283e-04
      vertex   -1.195369e-04 1.645284e-04 -4.567727e-04
      vertex   -7.725425e-05 1.338083e-04 -4.755283e-04
    endloop
  endfacet
  facet normal -1.954146e-01 3.009120e-01 -9.334158e-01
    outer loop
      vertex   -7.725425e-05 1.338083e-04 -4.755283e-04
      vertex   -1.195369e-04 1.645284e-04 -4.567727e-04
      vertex   -1.016842e-04 1.761221e-04 -4.567727e-04
    endloop
  endfacet
  facet normal -1.628902e-01 3.196900e-01 -9.334158e-01
    outer loop
      vertex   -7.725425e-05 1.338083e-04 -4.755283e-04
      vertex   -1.016842e-04 1.761221e-04 -4.567727e-04
      vertex   -6.284427e-05 1.411505e-04 -4.755283e-04
    endloop
  endfacet
  facet normal -1.628902e-01 3.196900e-01 -9.334158e-01
    outer loop
      vertex   -6.284427e-05 1.411505e-04 -4.755283e-04
      vertex   -1.016842e-04 1.761221e-04 -4.567727e-04
      vertex   -8.271735e-05 1.857862e-04 -4.567727e-04
    endloop
  endfacet
  facet normal -1.285812e-01 3.349654e-01 -9.334158e-01
    outer loop
      vertex   -6.284427e-05 1.411505e-04 -4.755283e-04
      vertex   -8.271735e-05 1.857862e-04 -4.567727e-04
      vertex   -4.774575e-05 1.469463e-04 -4.755283e-04
    endloop
  endfacet
  facet normal -1.285812e-01 3.349654e-01 -9.334158e-01
    outer loop
      vertex   -4.774575e-05 1.469463e-04 -4.755283e-04
      vertex   -8.271735e-05 1.857862e-04 -4.567727e-04
      vertex   -6.284427e-05 1.934148e-04 -4.567727e-04
    endloop
  endfacet
  facet normal -9.286336e-02 3.465708e-01 -9.334158e-01
    outer loop
      vertex   -4.774575e-05 1.469463e-04 -4.755283e-04
      vertex   -6.284427e-05 1.934148e-04 -4.567727e-04
      vertex   -3.212412e-05 1.511321e-04 -4.755283e-04
    endloop
  endfacet
  facet normal -9.286336e-02 3.465708e-01 -9.334158e-01
    outer loop
      vertex   -3.212412e-05 1.511321e-04 -4.755283e-04
      vertex   -6.284427e-05 1.934148e-04 -4.567727e-04
      vertex   -4.228265e-05 1.989242e-04 -4.567727e-04
    endloop
  endfacet
  facet normal -5.612814e-02 3.543791e-01 -9.334158e-01
    outer loop
      vertex   -3.212412e-05 1.511321e-04 -4.755283e-04
      vertex   -4.228265e-05 1.989242e-04 -4.567727e-04
      vertex   -1.615054e-05 1.536621e-04 -4.755283e-04
    endloop
  endfacet
  facet normal -5.612814e-02 3.543791e-01 -9.334158e-01
    outer loop
      vertex   -1.615054e-05 1.536621e-04 -4.755283e-04
      vertex   -4.228265e-05 1.989242e-04 -4.567727e-04
      vertex   -2.125778e-05 2.022542e-04 -4.567727e-04
    endloop
  endfacet
  facet normal -1.877796e-02 3.583048e-01 -9.334158e-01
    outer loop
      vertex   -1.615054e-05 1.536621e-04 -4.755283e-04
      vertex   -2.125778e-05 2.022542e-04 -4.567727e-04
      vertex   9.460917e-21 1.545085e-04 -4.755283e-04
    endloop
  endfacet
  facet normal -1.877796e-02 3.583048e-01 -9.334158e-01
    outer loop
      vertex   9.460917e-21 1.545085e-04 -4.755283e-04
      vertex   -2.125778e-05 2.022542e-04 -4.567727e-04
      vertex   1.245272e-20 2.033683e-04 -4.567727e-04
    endloop
  endfacet
  facet normal 1.877796e-02 3.583048e-01 -9.334158e-01
    outer loop
      vertex   9.460917e-21 1.545085e-04 -4.755283e-04
      vertex   1.245272e-20 2.033683e-04 -4.567727e-04
      vertex   1.615054e-05 1.536621e-04 -4.755283e-04
    endloop
  endfacet
  facet normal 1.877796e-02 3.583048e-01 -9.334158e-01
    outer loop
      vertex   1.615054e-05 1.536621e-04 -4.755283e-04
      vertex   1.245272e-20 2.033683e-04 -4.567727e-04
      vertex   2.125778e-05 2.022542e-04 -4.567727e-04
    endloop
  endfacet
  facet normal 5.612814e-02 3.543791e-01 -9.334158e-01
    outer loop
      vertex   1.615054e-05 1.536621e-04 -4.755283e-04
      vertex   2.125778e-05 2.022542e-04 -4.567727e-04
      vertex   3.212412e-05 1.511321e-04 -4.755283e-04
    endloop
  endfacet
  facet normal 5.612814e-02 3.543791e-01 -9.334158e-01
    outer loop
      vertex   3.212412e-05 1.511321e-04 -4.755283e-04
      vertex   2.125778e-05 2.022542e-04 -4.567727e-04
      vertex   4.228265e-05 1.989242e-04 -4.567727e-04
    endloop
  endfacet
  facet normal 9.286336e-02 3.465708e-01 -9.334158e-01
    outer loop
      vertex   3.212412e-05 1.511321e-04 -4.755283e-04
      vertex   4.228265e-05 1.989242e-04 -4.567727e-04
      vertex   4.774575e-05 1.469463e-04 -4.755283e-04
    endloop
  endfacet
  facet normal 9.286336e-02 3.465708e-01 -9.334158e-01
    outer loop
      vertex   4.774575e-05 1.469463e-04 -4.755283e-04
      vertex   4.228265e-05 1.989242e-04 -4.567727e-04
      vertex   6.284427e-05 1.934148e-04 -4.567727e-04
    endloop
  endfacet
  facet normal 1.285812e-01 3.349654e-01 -9.334158e-01
    outer loop
      vertex   4.774575e-05 1.469463e-04 -4.755283e-04
      vertex   6.284427e-05 1.934148e-04 -4.567727e-04
      vertex   6.284427e-05 1.411505e-04 -4.755283e-04
    endloop
  endfacet
  facet normal 1.285812e-01 3.349654e-01 -9.334158e-01
    outer loop
      vertex   6.284427e-05 1.411505e-04 -4.755283e-04
      vertex   6.284427e-05 1.934148e-04 -4.567727e-04
      vertex   8.271735e-05 1.857862e-04 -4.567727e-04
    endloop
  endfacet
  facet normal 1.628902e-01 3.196900e-01 -9.334158e-01
    outer loop
      vertex   6.284427e-05 1.411505e-04 -4.755283e-04
      vertex   8.271735e-05 1.857862e-04 -4.567727e-04
      vertex   7.725425e-05 1.338083e-04 -4.755283e-04
    endloop
  endfacet
  facet normal 1.628902e-01 3.196900e-01 -9.334158e-01
    outer loop
      vertex   7.725425e-05 1.338083e-04 -4.755283e-04
      vertex   8.271735e-05 1.857862e-04 -4.567727e-04
      vertex   1.016842e-04 1.761221e-04 -4.567727e-04
    endloop
  endfacet
  facet normal 1.954146e-01 3.009120e-01 -9.334158e-01
    outer loop
      vertex   7.725425e-05 1.338083e-04 -4.755283e-04
      vertex   1.016842e-04 1.761221e-04 -4.567727e-04
      vertex   9.081782e-05 1.250000e-04 -4.755283e-04
    endloop
  endfacet
  facet normal 1.954146e-01 3.009120e-01 -9.334158e-01
    outer loop
      vertex   9.081782e-05 1.250000e-04 -4.755283e-04
      vertex   1.016842e-04 1.761221e-04 -4.567727e-04
      vertex   1.195369e-04 1.645284e-04 -4.567727e-04
    endloop
  endfacet
  facet normal 2.257979e-01 2.788372e-01 -9.334158e-01
    outer loop
      vertex   9.081782e-05 1.250000e-04 -4.755283e-04
      vertex   1.195369e-04 1.645284e-04 -4.567727e-04
      vertex   1.033864e-04 1.148222e-04 -4.755283e-04
    endloop
  endfacet
  facet normal 2.257979e-01 2.788372e-01 -9.334158e-01
    outer loop
      vertex   1.033864e-04 1.148222e-04 -4.755283e-04
      vertex   1.195369e-04 1.645284e-04 -4.567727e-04
      vertex   1.360800e-04 1.511321e-04 -4.567727e-04
    endloop
  endfacet
  facet normal 2.537074e-01 2.537074e-01 -9.334158e-01
    outer loop
      vertex   1.033864e-04 1.148222e-04 -4.755283e-04
      vertex   1.360800e-04 1.511321e-04 -4.567727e-04
      vertex   1.148222e-04 1.033864e-04 -4.755283e-04
    endloop
  endfacet
  facet normal 2.537074e-01 2.537074e-01 -9.334158e-01
    outer loop
      vertex   1.148222e-04 1.033864e-04 -4.755283e-04
      vertex   1.360800e-04 1.511321e-04 -4.567727e-04
      vertex   1.511321e-04 1.360800e-04 -4.567727e-04
    endloop
  endfacet
  facet normal 2.788372e-01 2.257979e-01 -9.334158e-01
    outer loop
      vertex   1.148222e-04 1.033864e-04 -4.755283e-04
      vertex   1.511321e-04 1.360800e-04 -4.567727e-04
      vertex   1.250000e-04 9.081782e-05 -4.755283e-04
    endloop
  endfacet
  facet normal 2.788372e-01 2.257979e-01 -9.334158e-01
    outer loop
      vertex   1.250000e-04 9.081782e-05 -4.755283e-04
      vertex   1.511321e-04 1.360800e-04 -4.567727e-04
      vertex   1.645284e-04 1.195369e-04 -4.567727e-04
    endloop
  endfacet
  facet normal 3.009120e-01 1.954146e-01 -9.334158e-01
    outer loop
      vertex   1.250000e-04 9.081782e-05 -4.755283e-04
      vertex   1.645284e-04 1.195369e-04 -4.567727e-04
      vertex   1.338083e-04 7.725425e-05 -4.755283e-04
    endloop
  endfacet
  facet normal 3.009120e-01 1.954146e-01 -9.334158e-01
    outer loop
      vertex   1.338083e-04 7.725425e-05 -4.755283e-04
      vertex   1.645284e-04 1.195369e-04 -4.567727e-04
      vertex   1.761221e-04 1.016842e-04 -4.567727e-04
    endloop
  endfacet
  facet normal 3.196900e-01 1.628902e-01 -9.334158e-01
    outer loop
      vertex   1.338083e-04 7.725425e-05 -4.755283e-04
      vertex   1.761221e-04 1.016842e-04 -4.567727e-04
      vertex   1.411505e-04 6.284427e-05 -4.755283e-04
    endloop
  endfacet
  facet normal 3.196900e-01 1.628902e-01 -9.334158e-01
    outer loop
      vertex   1.411505e-04 6.284427e-05 -4.755283e-04
      vertex   1.761221e-04 1.016842e-04 -4.567727e-04
      vertex   1.857862e-04 8.271735e-05 -4.567727e-04
    endloop
  endfacet
  facet normal 3.349654e-01 1.285812e-01 -9.334158e-01
    outer loop
      vertex   1.411505e-04 6.284427e-05 -4.755283e-04
      vertex   1.857862e-04 8.271735e-05 -4.567727e-04
      vertex   1.469463e-04 4.774575e-05 -4.755283e-04
    endloop
  endfacet
  facet normal 3.349654e-01 1.285812e-01 -9.334158e-01
    outer loop
      vertex   1.469463e-04 4.774575e-05 -4.755283e-04
      vertex   1.857862e-04 8.271735e-05 -4.567727e-04
      vertex   1.934148e-04 6.284427e-05 -4.567727e-04
    endloop
  endfacet
  facet normal 3.465708e-01 9.286336e-02 -9.334158e-01
    outer loop
      vertex   1.469463e-04 4.774575e-05 -4.755283e-04
      vertex   1.934148e-04 6.284427e-05 -4.567727e-04
      vertex   1.511321e-04 3.212412e-05 -4.755283e-04
    endloop
  endfacet
  facet normal 3.465708e-01 9.286336e-02 -9.334158e-01
    outer loop
      vertex   1.511321e-04 3.212412e-05 -4.755283e-04
      vertex   1.934148e-04 6.284427e-05 -4.567727e-04
      vertex   1.989242e-04 4.228265e-05 -4.567727e-04
    endloop
  endfacet
  facet normal 3.543791e-01 5.612814e-02 -9.334158e-01
    outer loop
      vertex   1.511321e-04 3.212412e-05 -4.755283e-04
      vertex   1.989242e-04 4.228265e-05 -4.567727e-04
      vertex   1.536621e-04 1.615054e-05 -4.755283e-04
    endloop
  endfacet
  facet normal 3.543791e-01 5.612814e-02 -9.334158e-01
    outer loop
      vertex   1.536621e-04 1.615054e-05 -4.755283e-04
      vertex   1.989242e-04 4.228265e-05 -4.567727e-04
      vertex   2.022542e-04 2.125778e-05 -4.567727e-04
    endloop
  endfacet
  facet normal 3.583048e-01 1.877796e-02 -9.334158e-01
    outer loop
      vertex   1.536621e-04 1.615054e-05 -4.755283e-04
      vertex   2.022542e-04 2.125778e-05 -4.567727e-04
      vertex   1.545085e-04 0.000000e+00 -4.755283e-04
    endloop
  endfacet
  facet normal 3.583048e-01 1.877796e-02 -9.334158e-01
    outer loop
      vertex   1.545085e-04 0.000000e+00 -4.755283e-04
      vertex   2.022542e-04 2.125778e-05 -4.567727e-04
      vertex   2.033683e-04 0.000000e+00 -4.567727e-04
    endloop
  endfacet
  facet normal 4.538621e-01 -2.378590e-02 -8.907544e-01
    outer loop
      vertex   2.033683e-04 0.000000e+00 -4.567727e-04
      vertex   2.500000e-04 0.000000e+00 -4.330127e-04
      vertex   2.022542e-04 -2.125778e-05 -4.567727e-04
    endloop
  endfacet
  facet normal 4.538621e-01 -2.378590e-02 -8.907544e-01
    outer loop
      vertex   2.022542e-04 -2.125778e-05 -4.567727e-04
      vertex   2.500000e-04 0.000000e+00 -4.330127e-04
      vertex   2.486305e-04 -2.613212e-05 -4.330127e-04
    endloop
  endfacet
  facet normal 4.488894e-01 -7.109710e-02 -8.907544e-01
    outer loop
      vertex   2.022542e-04 -2.125778e-05 -4.567727e-04
      vertex   2.486305e-04 -2.613212e-05 -4.330127e-04
      vertex   1.989242e-04 -4.228265e-05 -4.567727e-04
    endloop
  endfacet
  facet normal 4.488894e-01 -7.109710e-02 -8.907544e-01
    outer loop
      vertex   1.989242e-04 -4.228265e-05 -4.567727e-04
      vertex   2.486305e-04 -2.613212e-05 -4.330127e-04
      vertex   2.445369e-04 -5.197792e-05 -4.330127e-04
    endloop
  endfacet
  facet normal 4.389987e-01 -1.176294e-01 -8.907544e-01
    outer loop
      vertex   1.989242e-04 -4.228265e-05 -4.567727e-04
      vertex   2.445369e-04 -5.197792e-05 -4.330127e-04
      vertex   1.934148e-04 -6.284427e-05 -4.567727e-04
    endloop
  endfacet
  facet normal 4.389987e-01 -1.176294e-01 -8.907544e-01
    outer loop
      vertex   1.934148e-04 -6.284427e-05 -4.567727e-04
      vertex   2.445369e-04 -5.197792e-05 -4.330127e-04
      vertex   2.377641e-04 -7.725425e-05 -4.330127e-04
    endloop
  endfacet
  facet normal 4.242982e-01 -1.628728e-01 -8.907544e-01
    outer loop
      vertex   1.934148e-04 -6.284427e-05 -4.567727e-04
      vertex   2.377641e-04 -7.725425e-05 -4.330127e-04
      vertex   1.857862e-04 -8.271735e-05 -4.567727e-04
    endloop
  endfacet
  facet normal 4.242982e-01 -1.628728e-01 -8.907544e-01
    outer loop
      vertex   1.857862e-04 -8.271735e-05 -4.567727e-04
      vertex   2.377641e-04 -7.725425e-05 -4.330127e-04
      vertex   2.283864e-04 -1.016842e-04 -4.330127e-04
    endloop
  endfacet
  facet normal 4.049490e-01 -2.063318e-01 -8.907544e-01
    outer loop
      vertex   1.857862e-04 -8.271735e-05 -4.567727e-04
      vertex   2.283864e-04 -1.016842e-04 -4.330127e-04
      vertex   1.761221e-04 -1.016842e-04 -4.567727e-04
    endloop
  endfacet
  facet normal 4.049490e-01 -2.063318e-01 -8.907544e-01
    outer loop
      vertex   1.761221e-04 -1.016842e-04 -4.567727e-04
      vertex   2.283864e-04 -1.016842e-04 -4.330127e-04
      vertex   2.165064e-04 -1.250000e-04 -4.330127e-04
    endloop
  endfacet
  facet normal 3.811631e-01 -2.475302e-01 -8.907544e-01
    outer loop
      vertex   1.761221e-04 -1.016842e-04 -4.567727e-04
      vertex   2.165064e-04 -1.250000e-04 -4.330127e-04
      vertex   1.645284e-04 -1.195369e-04 -4.567727e-04
    endloop
  endfacet
  facet normal 3.811631e-01 -2.475302e-01 -8.907544e-01
    outer loop
      vertex   1.645284e-04 -1.195369e-04 -4.567727e-04
      vertex   2.165064e-04 -1.250000e-04 -4.330127e-04
      vertex   2.022542e-04 -1.469463e-04 -4.330127e-04
    endloop
  endfacet
  facet normal 3.532011e-01 -2.860166e-01 -8.907544e-01
    outer loop
      vertex   1.645284e-04 -1.195369e-04 -4.567727e-04
      vertex   2.022542e-04 -1.469463e-04 -4.330127e-04
      vertex   1.511321e-04 -1.360800e-04 -4.567727e-04
    endloop
  endfacet
  facet normal 3.532011e-01 -2.860166e-01 -8.907544e-01
    outer loop
      vertex   1.511321e-04 -1.360800e-04 -4.567727e-04
      vertex   2.022542e-04 -1.469463e-04 -4.330127e-04
      vertex   1.857862e-04 -1.672827e-04 -4.330127e-04
    endloop
  endfacet
  facet normal 3.213694e-01 -3.213694e-01 -8.907544e-01
    outer loop
      vertex   1.511321e-04 -1.360800e-04 -4.567727e-04
      vertex   1.857862e-04 -1.672827e-04 -4.330127e-04
      vertex   1.360800e-04 -1.511321e-04 -4.567727e-04
    endloop
  endfacet
  facet normal 3.213694e-01 -3.213694e-01 -8.907544e-01
    outer loop
      vertex   1.360800e-04 -1.511321e-04 -4.567727e-04
      vertex   1.857862e-04 -1.672827e-04 -4.330127e-04
      vertex   1.672827e-04 -1.857862e-04 -4.330127e-04
    endloop
  endfacet
  facet normal 2.860166e-01 -3.532011e-01 -8.907544e-01
    outer loop
      vertex   1.360800e-04 -1.511321e-04 -4.567727e-04
      vertex   1.672827e-04 -1.857862e-04 -4.330127e-04
      vertex   1.195369e-04 -1.645284e-04 -4.567727e-04
    endloop
  endfacet
  facet normal 2.860166e-01 -3.532011e-01 -8.907544e-01
    outer loop
      vertex   1.195369e-04 -1.645284e-04 -4.567727e-04
      vertex   1.672827e-04 -1.857862e-04 -4.330127e-04
      vertex   1.469463e-04 -2.022542e-04 -4.330127e-04
    endloop
  endfacet
  facet normal 2.475302e-01 -3.811631e-01 -8.907544e-01
    outer loop
      vertex   1.195369e-04 -1.645284e-04 -4.567727e-04
      vertex   1.469463e-04 -2.022542e-04 -4.330127e-04
      vertex   1.016842e-04 -1.761221e-04 -4.567727e-04
    endloop
  endfacet
  facet normal 2.475302e-01 -3.811631e-01 -8.907544e-01
    outer loop
      vertex   1.016842e-04 -1.761221e-04 -4.567727e-04
      vertex   1.469463e-04 -2.022542e-04 -4.330127e-04
      vertex   1.250000e-04 -2.165064e-04 -4.330127e-04
    endloop
  endfacet
  facet normal 2.063318e-01 -4.049490e-01 -8.907544e-01
    outer loop
      vertex   1.016842e-04 -1.761221e-04 -4.567727e-04
      vertex   1.250000e-04 -2.165064e-04 -4.330127e-04
      vertex   8.271735e-05 -1.857862e-04 -4.567727e-04
    endloop
  endfacet
  facet normal 2.063318e-01 -4.049490e-01 -8.907544e-01
    outer loop
      vertex   8.271735e-05 -1.857862e-04 -4.567727e-04
      vertex   1.250000e-04 -2.165064e-04 -4.330127e-04
      vertex   1.016842e-04 -2.283864e-04 -4.330127e-04
    endloop
  endfacet
  facet normal 1.628728e-01 -4.242982e-01 -8.907544e-01
    outer loop
      vertex   8.271735e-05 -1.857862e-04 -4.567727e-04
      vertex   1.016842e-04 -2.283864e-04 -4.330127e-04
      vertex   6.284427e-05 -1.934148e-04 -4.567727e-04
    endloop
  endfacet
  facet normal 1.628728e-01 -4.242982e-01 -8.907544e-01
    outer loop
      vertex   6.284427e-05 -1.934148e-04 -4.567727e-04
      vertex   1.016842e-04 -2.283864e-04 -4.330127e-04
      vertex   7.725425e-05 -2.377641e-04 -4.330127e-04
    endloop
  endfacet
  facet normal 1.176294e-01 -4.389987e-01 -8.907544e-01
    outer loop
      vertex   6.284427e-05 -1.934148e-04 -4.567727e-04
      vertex   7.725425e-05 -2.377641e-04 -4.330127e-04
      vertex   4.228265e-05 -1.989242e-04 -4.567727e-04
    endloop
  endfacet
  facet normal 1.176294e-01 -4.389987e-01 -8.907544e-01
    outer loop
      vertex   4.228265e-05 -1.989242e-04 -4.567727e-04
      vertex   7.725425e-05 -2.377641e-04 -4.330127e-04
      vertex   5.197792e-05 -2.445369e-04 -4.330127e-04
    endloop
  endfacet
  facet normal 7.109710e-02 -4.488894e-01 -8.907544e-01
    outer loop
      vertex   4.228265e-05 -1.989242e-04 -4.567727e-04
      vertex   5.197792e-05 -2.445369e-04 -4.330127e-04
      vertex   2.125778e-05 -2.022542e-04 -4.567727e-04
    endloop
  endfacet
  facet normal 7.109710e-02 -4.488894e-01 -8.907544e-01
    outer loop
      vertex   2.125778e-05 -2.022542e-04 -4.567727e-04
      vertex   5.197792e-05 -2.445369e-04 -4.330127e-04
      vertex   2.613212e-05 -2.486305e-04 -4.330127e-04
    endloop
  endfacet
  facet normal 2.378590e-02 -4.538621e-01 -8.907544e-01
    outer loop
      vertex   2.125778e-05 -2.022542e-04 -4.567727e-04
      vertex   2.613212e-05 -2.486305e-04 -4.330127e-04
      vertex   1.245272e-20 -2.033683e-04 -4.567727e-04
    endloop
  endfacet
  facet normal 2.378590e-02 -4.538621e-01 -8.907544e-01
    outer loop
      vertex   1.245272e-20 -2.033683e-04 -4.567727e-04
      vertex   2.613212e-05 -2.486305e-04 -4.330127e-04
      vertex   1.530808e-20 -2.500000e-04 -4.330127e-04
    endloop
  endfacet
  facet normal -2.378590e-02 -4.538621e-01 -8.907544e-01
    outer loop
      vertex   1.245272e-20 -2.033683e-04 -4.567727e-04
      vertex   1.530808e-20 -2.500000e-04 -4.330127e-04
      vertex   -2.125778e-05 -2.022542e-04 -4.567727e-04
    endloop
  endfacet
  facet normal -2.378590e-02 -4.538621e-01 -8.907544e-01
    outer loop
      vertex   -2.125778e-05 -2.022542e-04 -4.567727e-04
      vertex   1.530808e-20 -2.500000e-04 -4.330127e-04
      vertex   -2.613212e-05 -2.486305e-04 -4.330127e-04
    endloop
  endfacet
  facet normal -7.109710e-02 -4.488894e-01 -8.907544e-01
    outer loop
      vertex   -2.125778e-05 -2.022542e-04 -4.567727e-04
      vertex   -2.613212e-05 -2.486305e-04 -4.330127e-04
      vertex   -4.228265e-05 -1.989242e-04 -4.567727e-04
    endloop
  endfacet
  facet normal -7.109710e-02 -4.488894e-01 -8.907544e-01
    outer loop
      vertex   -4.228265e-05 -1.989242e-04 -4.567727e-04
      vertex   -2.613212e-05 -2.486305e-04 -4.330127e-04
      vertex   -5.197792e-05 -2.445369e-04 -4.330127e-04
    endloop
  endfacet
  facet normal -1.176294e-01 -4.389987e-01 -8.907544e-01
    outer loop
      vertex   -4.228265e-05 -1.989242e-04 -4.567727e-04
      vertex   -5.197792e-05 -2.445369e-04 -4.330127e-04
      vertex   -6.284427e-05 -1.934148e-04 -4.567727e-04
    endloop
  endfacet
  facet normal -1.176294e-01 -4.389987e-01 -8.907544e-01
    outer loop
      vertex   -6.284427e-05 -1.934148e-04 -4.567727e-04
      vertex   -5.197792e-05 -2.445369e-04 -4.330127e-04
      vertex   -7.725425e-05 -2.377641e-04 -4.330127e-04
    endloop
  endfacet
  facet normal -1.628728e-01 -4.242982e-01 -8.907544e-01
    outer loop
      vertex   -6.284427e-05 -1.934148e-04 -4.567727e-04
      vertex   -7.725425e-05 -2.377641e-04 -4.330127e-04
      vertex   -8.271735e-05 -1.857862e-04 -4.567727e-04
    endloop
  endfacet
  facet normal -1.628728e-01 -4.242982e-01 -8.907544e-01
    outer loop
      vertex   -8.271735e-05 -1.857862e-04 -4.567727e-04
      vertex   -7.725425e-05 -2.377641e-04 -4.330127e-04
      vertex   -1.016842e-04 -2.283864e-04 -4.330127e-04
    endloop
  endfacet
  facet normal -2.063318e-01 -4.049490e-01 -8.907544e-01
    outer loop
      vertex   -8.271735e-05 -1.857862e-04 -4.567727e-04
      vertex   -1.016842e-04 -2.283864e-04 -4.330127e-04
      vertex   -1.016842e-04 -1.761221e-04 -4.567727e-04
    endloop
  endfacet
  facet normal -2.063318e-01 -4.049490e-01 -8.907544e-01
    outer loop
      vertex   -1.016842e-04 -1.761221e-04 -4.567727e-04
      vertex   -1.016842e-04 -2.283864e-04 -4.330127e-04
      vertex   -1.250000e-04 -2.165064e-04 -4.330127e-04
    endloop
  endfacet
  facet normal -2.475302e-01 -3.811631e-01 -8.907544e-01
    outer loop
      vertex   -1.016842e-04 -1.761221e-04 -4.567727e-04
      vertex   -1.250000e-04 -2.165064e-04 -4.330127e-04
      vertex   -1.195369e-04 -1.645284e-04 -4.567727e-04
    endloop
  endfacet
  facet normal -2.475302e-01 -3.811631e-01 -8.907544e-01
    outer loop
      vertex   -1.195369e-04 -1.645284e-04 -4.567727e-04
      vertex   -1.250000e-04 -2.165064e-04 -4.330127e-04
      vertex   -1.469463e-04 -2.022542e-04 -4.330127e-04
    endloop
  endfacet
  facet normal -2.860166e-01 -3.532011e-01 -8.907544e-01
    outer loop
      vertex   -1.195369e-04 -1.645284e-04 -4.567727e-04
      vertex   -1.469463e-04 -2.022542e-04 -4.330127e-04
      vertex   -1.360800e-04 -1.511321e-04 -4.567727e-04
    endloop
  endfacet
  facet normal -2.860166e-01 -3.532011e-01 -8.907544e-01
    outer loop
      vertex   -1.360800e-04 -1.511321e-04 -4.567727e-04
      vertex   -1.469463e-04 -2.022542e-04 -4.330127e-04
      vertex   -1.672827e-04 -1.857862e-04 -4.330127e-04
    endloop
  endfacet
  facet normal -3.213694e-01 -3.213694e-01 -8.907544e-01
    outer loop
      vertex   -1.360800e-04 -1.511321e-04 -4.567727e-04
      vertex   -1.672827e-04 -1.857862e-04 -4.330127e-04
      vertex   -1.511321e-04 -1.360800e-04 -4.567727e-04
    endloop
  endfacet
  facet normal -3.213694e-01 -3.213694e-01 -8.907544e-01
    outer loop
      vertex   -1.511321e-04 -1.360800e-04 -4.567727e-04
      vertex   -1.672827e-04 -1.857862e-04 -4.330127e-04
      vertex   -1.857862e-04 -1.672827e-04 -4.330127e-04
    endloop
  endfacet
  facet normal -3.532011e-01 -2.860166e-01 -8.907544e-01
    outer loop
      vertex   -1.511321e-04 -1.360800e-04 -4.567727e-04
      vertex   -1.857862e-04 -1.672827e-04 -4.330127e-04
      vertex   -1.645284e-04 -1.195369e-04 -4.567727e-04
    endloop
  endfacet
  facet normal -3.532011e-01 -2.860166e-01 -8.907544e-01
    outer loop
      vertex   -1.645284e-04 -1.195369e-04 -4.567727e-04
      vertex   -1.857862e-04 -1.672827e-04 -4.330127e-04
      vertex   -2.022542e-04 -1.469463e-04 -4.330127e-04
    endloop
  endfacet
  facet normal -3.811631e-01 -2.475302e-01 -8.907544e-01
    outer loop
      vertex   -1.645284e-04 -1.195369e-04 -4.567727e-04
      vertex   -2.022542e-04 -1.469463e-04 -4.330127e-04
      vertex   -1.761221e-04 -1.016842e-04 -4.567727e-04
    endloop
  endfacet
  facet normal -3.811631e-01 -2.475302e-01 -8.907544e-01
    outer loop
      vertex   -1.761221e-04 -1.016842e-04 -4.567727e-04
      vertex   -2.022542e-04 -1.469463e-04 -4.330127e-04
      vertex   -2.165064e-04 -1.250000e-04 -4.330127e-04
    endloop
  endfacet
  facet normal -4.049490e-01 -2.063318e-01 -8.907544e-01
    outer loop
      vertex   -1.761221e-04 -1.016842e-04 -4.567727e-04
      vertex   -2.165064e-04 -1.250000e-04 -4.330127e-04
      vertex   -1.857862e-04 -8.271735e-05 -4.567727e-04
    endloop
  endfacet
  facet normal -4.049490e-01 -2.063318e-01 -8.907544e-01
    outer loop
      vertex   -1.857862e-04 -8.271735e-05 -4.567727e-04
      vertex   -2.165064e-04 -1.250000e-04 -4.330127e-04
      vertex   -2.283864e-04 -1.016842e-04 -4.330127e-04
    endloop
  endfacet
  facet normal -4.242982e-01 -1.628728e-01 -8.907544e-01
    outer loop
      vertex   -1.857862e-04 -8.271735e-05 -4.567727e-04
      vertex   -2.283864e-04 -1.016842e-04 -4.330127e-04
      vertex   -1.934148e-04 -6.284427e-05 -4.567727e-04
    endloop
  endfacet
  facet normal -4.242982e-01 -1.628728e-01 -8.907544e-01
    outer loop
      vertex   -1.934148e-04 -6.284427e-05 -4.567727e-04
      vertex   -2.283864e-04 -1.016842e-04 -4.330127e-04
      vertex   -2.377641e-04 -7.725425e-05 -4.330127e-04
    endloop
  endfacet
  facet normal -4.389987e-01 -1.176294e-01 -8.907544e-01
    outer loop
      vertex   -1.934148e-04 -6.284427e-05 -4.567727e-04
      vertex   -2.377641e-04 -7.725425e-05 -4.330127e-04
      vertex   -1.989242e-04 -4.228265e-05 -4.567727e-04
    endloop
  endfacet
  facet normal -4.389987e-01 -1.176294e-01 -8.907544e-01
    outer loop
      vertex   -1.989242e-04 -4.228265e-05 -4.567727e-04
      vertex   -2.377641e-04 -7.725425e-05 -4.330127e-04
      vertex   -2.445369e-04 -5.197792e-05 -4.330127e-04
    endloop
  endfacet
  facet normal -4.488894e-01 -7.109710e-02 -8.907544e-01
    outer loop
      vertex   -1.989242e-04 -4.228265e-05 -4.567727e-04
      vertex   -2.445369e-04 -5.197792e-05 -4.330127e-04
      vertex   -2.022542e-04 -2.125778e-05 -4.567727e-04
    endloop
  endfacet
  facet normal -4.488894e-01 -7.109710e-02 -8.907544e-01
    outer loop
      vertex   -2.022542e-04 -2.125778e-05 -4.567727e-04
      vertex   -2.445369e-04 -5.197792e-05 -4.330127e-04
      vertex   -2.486305e-04 -2.613212e-05 -4.330127e-04
    endloop
  endfacet
  facet normal -4.538621e-01 -2.378590e-02 -8.907544e-01
    outer loop
      vertex   -2.022542e-04 -2.125778e-05 -4.567727e-04
      vertex   -2.486305e-04 -2.613212e-05 -4.330127e-04
      vertex   -2.033683e-04 -2.490544e-20 -4.567727e-04
    endloop
  endfacet
  facet normal -4.538621e-01 -2.378590e-02 -8.907544e-01
    outer loop
      vertex   -2.033683e-04 -2.490544e-20 -4.567727e-04
      vertex   -2.486305e-04 -2.613212e-05 -4.330127e-04
      vertex   -2.500000e-04 -3.061617e-20 -4.330127e-04
    endloop
  endfacet
  facet normal -4.538621e-01 2.378590e-02 -8.907544e-01
    outer loop
      vertex   -2.033683e-04 -2.490544e-20 -4.567727e-04
      vertex   -2.500000e-04 -3.061617e-20 -4.330127e-04
      vertex   -2.022542e-04 2.125778e-05 -4.567727e-04
    endloop
  endfacet
  facet normal -4.538621e-01 2.378590e-02 -8.907544e-01
    outer loop
      vertex   -2.022542e-04 2.125778e-05 -4.567727e-04
      vertex   -2.500000e-04 -3.061617e-20 -4.330127e-04
      vertex   -2.486305e-04 2.613212e-05 -4.330127e-04
    endloop
  endfacet
  facet normal -4.488894e-01 7.109710e-02 -8.907544e-01
    outer loop
      vertex   -2.022542e-04 2.125778e-05 -4.567727e-04
      vertex   -2.486305e-04 2.613212e-05 -4.330127e-04
      vertex   -1.989242e-04 4.228265e-05 -4.567727e-04
    endloop
  endfacet
  facet normal -4.488894e-01 7.109710e-02 -8.907544e-01
    outer loop
      vertex   -1.989242e-04 4.228265e-05 -4.567727e-04
      vertex   -2.486305e-04 2.613212e-05 -4.330127e-04
      vertex   -2.445369e-04 5.197792e-05 -4.330127e-04
    endloop
  endfacet
  facet normal -4.389987e-01 1.176294e-01 -8.907544e-01
    outer loop
      vertex   -1.989242e-04 4.228265e-05 -4.567727e-04
      vertex   -2.445369e-04 5.197792e-05 -4.330127e-04
      vertex   -1.934148e-04 6.284427e-05 -4.567727e-04
    endloop
  endfacet
  facet normal -4.389987e-01 1.176294e-01 -8.907544e-01
    outer loop
      vertex   -1.934148e-04 6.284427e-05 -4.567727e-04
      vertex   -2.445369e-04 5.197792e-05 -4.330127e-04
      vertex   -2.377641e-04 7.725425e-05 -4.330127e-04
    endloop
  endfacet
  facet normal -4.242982e-01 1.628728e-01 -8.907544e-01
    outer loop
      vertex   -1.934148e-04 6.284427e-05 -4.567727e-04
      vertex   -2.377641e-04 7.725425e-05 -4.330127e-04
      vertex   -1.857862e-04 8.271735e-05 -4.567727e-04
    endloop
  endfacet
  facet normal -4.242982e-01 1.628728e-01 -8.907544e-01
    outer loop
      vertex   -1.857862e-04 8.271735e-05 -4.567727e-04
      vertex   -2.377641e-04 7.725425e-05 -4.330127e-04
      vertex   -2.283864e-04 1.016842e-04 -4.330127e-04
    endloop
  endfacet
  facet normal -4.049490e-01 2.063318e-01 -8.907544e-01
    outer loop
      vertex   -1.857862e-04 8.271735e-05 -4.567727e-04
      vertex   -2.283864e-04 1.016842e-04 -4.330127e-04
      vertex   -1.761221e-04 1.016842e-04 -4.567727e-04
    endloop
  endfacet
  facet normal -4.049490e-01 2.063318e-01 -8.907544e-01
    outer loop
      vertex   -1.761221e-04 1.016842e-04 -4.567727e-04
      vertex   -2.283864e-04 1.016842e-04 -4.330127e-04
      vertex   -2.165064e-04 1.250000e-04 -4.330127e-04
    endloop
  endfacet
  facet normal -3.811631e-01 2.475302e-01 -8.907544e-01
    outer loop
      vertex   -1.761221e-04 1.016842e-04 -4.567727e-04
      vertex   -2.165064e-04 1.250000e-04 -4.330127e-04
      vertex   -1.645284e-04 1.195369e-04 -4.567727e-04
    endloop
  endfacet
  facet normal -3.811631e-01 2.475302e-01 -8.907544e-01
    outer loop
      vertex   -1.645284e-04 1.195369e-04 -4.567727e-04
      vertex   -2.165064e-04 1.250000e-04 -4.330127e-04
      vertex   -2.022542e-04 1.469463e-04 -4.330127e-04
    endloop
  endfacet
  facet normal -3.532011e-01 2.860166e-01 -8.907544e-01
    outer loop
      vertex   -1.645284e-04 1.195369e-04 -4.567727e-04
      vertex   -2.022542e-04 1.469463e-04 -4.330127e-04
      vertex   -1.511321e-04 1.360800e-04 -4.567727e-04
    endloop
  endfacet
  facet normal -3.532011e-01 2.860166e-01 -8.907544e-01
    outer loop
      vertex   -1.511321e-04 1.360800e-04 -4.567727e-04
      vertex   -2.022542e-04 1.469463e-04 -4.330127e-04
      vertex   -1.857862e-04 1.672827e-04 -4.330127e-04
    endloop
  endfacet
  facet normal -3.213694e-01 3.213694e-01 -8.907544e-01
    outer loop
      vertex   -1.511321e-04 1.360800e-04 -4.567727e-04
      vertex   -1.857862e-04 1.672827e-04 -4.330127e-04
      vertex   -1.360800e-04 1.511321e-04 -4.567727e-04
    endloop
  endfacet
  facet normal -3.213694e-01 3.213694e-01 -8.907544e-01
    outer loop
      vertex   -1.360800e-04 1.511321e-04 -4.567727e-04
      vertex   -1.857862e-04 1.672827e-04 -4.330127e-04
      vertex   -1.672827e-04 1.857862e-04 -4.330127e-04
    endloop
  endfacet
  facet normal -2.860166e-01 3.532011e-01 -8.907544e-01
    outer loop
      vertex   -1.360800e-04 1.511321e-04 -4.567727e-04
      vertex   -1.672827e-04 1.857862e-04 -4.330127e-04
      vertex   -1.195369e-04 1.645284e-04 -4.567727e-04
    endloop
  endfacet
  facet normal -2.860166e-01 3.532011e-01 -8.907544e-01
    outer loop
      vertex   -1.195369e-04 1.645284e-04 -4.567727e-04
      vertex   -1.672827e-04 1.857862e-04 -4.330127e-04
      vertex   -1.469463e-04 2.022542e-04 -4.330127e-04
    endloop
  endfacet
  facet normal -2.475302e-01 3.811631e-01 -8.907544e-01
    outer loop
      vertex   -1.195369e-04 1.645284e-04 -4.567727e-04
      vertex   -1.469463e-04 2.022542e-04 -4.330127e-04
      vertex   -1.016842e-04 1.761221e-04 -4.567727e-04
    endloop
  endfacet
  facet normal -2.475302e-01 3.811631e-01 -8.907544e-01
    outer loop
      vertex   -1.016842e-04 1.761221e-04 -4.567727e-04
      vertex   -1.469463e-04 2.022542e-04 -4.330127e-04
      vertex   -1.250000e-04 2.165064e-04 -4.330127e-04
    endloop
  endfacet
  facet normal -2.063318e-01 4.049490e-01 -8.907544e-01
    outer loop
      vertex   -1.016842e-04 1.761221e-04 -4.567727e-04
      vertex   -1.250000e-04 2.165064e-04 -4.330127e-04
      vertex   -8.271735e-05 1.857862e-04 -4.567727e-04
    endloop
  endfacet
  facet normal -2.063318e-01 4.049490e-01 -8.907544e-01
    outer loop
      vertex   -8.271735e-05 1.857862e-04 -4.567727e-04
      vertex   -1.250000e-04 2.165064e-04 -4.330127e-04
      vertex   -1.016842e-04 2.283864e-04 -4.330127e-04
    endloop
  endfacet
  facet normal -1.628728e-01 4.242982e-01 -8.907544e-01
    outer loop
      vertex   -8.271735e-05 1.857862e-04 -4.567727e-04
      vertex   -1.016842e-04 2.283864e-04 -4.330127e-04
      vertex   -6.284427e-05 1.934148e-04 -4.567727e-04
    endloop
  endfacet
  facet normal -1.628728e-01 4.242982e-01 -8.907544e-01
    outer loop
      vertex   -6.284427e-05 1.934148e-04 -4.567727e-04
      vertex   -1.016842e-04 2.283864e-04 -4.330127e-04
      vertex   -7.725425e-05 2.377641e-04 -4.330127e-04
    endloop
  endfacet
  facet normal -1.176294e-01 4.389987e-01 -8.907544e-01
    outer loop
      vertex   -6.284427e-05 1.934148e-04 -4.567727e-04
      vertex   -7.725425e-05 2.377641e-04 -4.330127e-04
      vertex   -4.228265e-05 1.989242e-04 -4.567727e-04
    endloop
  endfacet
  facet normal -1.176294e-01 4.389987e-01 -8.907544e-01
    outer loop
      vertex   -4.228265e-05 1.989242e-04 -4.567727e-04
      vertex   -7.725425e-05 2.377641e-04 -4.330127e-04
      vertex   -5.197792e-05 2.445369e-04 -4.330127e-04
    endloop
  endfacet
  facet normal -7.109710e-02 4.488894e-01 -8.907544e-01
    outer loop
      vertex   -4.228265e-05 1.989242e-04 -4.567727e-04
      vertex   -5.197792e-05 2.445369e-04 -4.330127e-04
      vertex   -2.125778e-05 2.022542e-04 -4.567727e-04
    endloop
  endfacet
  facet normal -7.109710e-02 4.488894e-01 -8.907544e-01
    outer loop
      vertex   -2.125778e-05 2.022542e-04 -4.567727e-04
      vertex   -5.197792e-05 2.445369e-04 -4.330127e-04
      vertex   -2.613212e-05 2.486305e-04 -4.330127e-04
    endloop
  endfacet
  facet normal -2.378590e-02 4.538621e-01 -8.907544e-01
    outer loop
      vertex   -2.125778e-05 2.022542e-04 -4.567727e-04
      vertex   -2.613212e-05 2.486305e-04 -4.330127e-04
      vertex   1.245272e-20 2.033683e-04 -4.567727e-04
    endloop
  endfacet
  facet normal -2.378590e-02 4.538621e-01 -8.907544e-01
    outer loop
      vertex   1.245272e-20 2.033683e-04 -4.567727e-04
      vertex   -2.613212e-05 2.486305e-04 -4.330127e-04
      vertex   1.530808e-20 2.500000e-04 -4.330127e-04
    endloop
  endfacet
  facet normal 2.378590e-02 4.538621e-01 -8.907544e-01
    outer loop
      vertex   1.245272e-20 2.033683e-04 -4.567727e-04
      vertex   1.530808e-20 2.500000e-04 -4.330127e-04
      vertex   2.125778e-05 2.022542e-04 -4.567727e-04
    endloop
  endfacet
  facet normal 2.378590e-02 4.538621e-01 -8.907544e-01
    outer loop
      vertex   2.125778e-05 2.022542e-04 -4.567727e-04
      vertex   1.530808e-20 2.500000e-04 -4.330127e-04
      vertex   2.613212e-05 2.486305e-04 -4.330127e-04
    endloop
  endfacet
  facet normal 7.109710e-02 4.488894e-01 -8.907544e-01
    outer loop
      vertex   2.125778e-05 2.022542e-04 -4.567727e-04
      vertex   2.613212e-05 2.486305e-04 -4.330127e-04
      vertex   4.228265e-05 1.989242e-04 -4.567727e-04
    endloop
  endfacet
  facet normal 7.109710e-02 4.488894e-01 -8.907544e-01
    outer loop
      vertex   4.228265e-05 1.989242e-04 -4.567727e-04
      vertex   2.613212e-05 2.486305e-04 -4.330127e-04
      vertex   5.197792e-05 2.445369e-04 -4.330127e-04
    endloop
  endfacet
  facet normal 1.176294e-01 4.389987e-01 -8.907544e-01
    outer loop
      vertex   4.228265e-05 1.989242e-04 -4.567727e-04
      vertex   5.197792e-05 2.445369e-04 -4.330127e-04
      vertex   6.284427e-05 1.934148e-04 -4.567727e-04
    endloop
  endfacet
  facet normal 1.176294e-01 4.389987e-01 -8.907544e-01
    outer loop
      vertex   6.284427e-05 1.934148e-04 -4.567727e-04
      vertex   5.197792e-05 2.445369e-04 -4.330127e-04
      vertex   7.725425e-05 2.377641e-04 -4.330127e-04
    endloop
  endfacet
  facet normal 1.628728e-01 4.242982e-01 -8.907544e-01
    outer loop
      vertex   6.284427e-05 1.934148e-04 -4.567727e-04
      vertex   7.725425e-05 2.377641e-04 -4.330127e-04
      vertex   8.271735e-05 1.857862e-04 -4.567727e-04
    endloop
  endfacet
  facet normal 1.628728e-01 4.242982e-01 -8.907544e-01
    outer loop
      vertex   8.271735e-05 1.857862e-04 -4.567727e-04
      vertex   7.725425e-05 2.377641e-04 -4.330127e-04
      vertex   1.016842e-04 2.283864e-04 -4.330127e-04
    endloop
  endfacet
  facet normal 2.063318e-01 4.049490e-01 -8.907544e-01
    outer loop
      vertex   8.271735e-05 1.857862e-04 -4.567727e-04
      vertex   1.016842e-04 2.283864e-04 -4.330127e-04
      vertex   1.016842e-04 1.761221e-04 -4.567727e-04
    endloop
  endfacet
  facet normal 2.063318e-01 4.049490e-01 -8.907544e-01
    outer loop
      vertex   1.016842e-04 1.761221e-04 -4.567727e-04
      vertex   1.016842e-04 2.283864e-04 -4.330127e-04
      vertex   1.250000e-04 2.165064e-04 -4.330127e-04
    endloop
  endfacet
  facet normal 2.475302e-01 3.811631e-01 -8.907544e-01
    outer loop
      vertex   1.016842e-04 1.761221e-04 -4.567727e-04
      vertex   1.250000e-04 2.165064e-04 -4.330127e-04
      vertex   1.195369e-04 1.645284e-04 -4.567727e-04
    endloop
  endfacet
  facet normal 2.475302e-01 3.811631e-01 -8.907544e-01
    outer loop
      vertex   1.195369e-04 1.645284e-04 -4.567727e-04
      vertex   1.250000e-04 2.165064e-04 -4.330127e-04
      vertex   1.469463e-04 2.022542e-04 -4.330127e-04
    endloop
  endfacet
  facet normal 2.860166e-01 3.532011e-01 -8.907544e-01
    outer loop
      vertex   1.195369e-04 1.645284e-04 -4.567727e-04
      vertex   1.469463e-04 2.022542e-04 -4.330127e-04
      vertex   1.360800e-04 1.511321e-04 -4.567727e-04
    endloop
  endfacet
  facet normal 2.860166e-01 3.532011e-01 -8.907544e-01
    outer loop
      vertex   1.360800e-04 1.511321e-04 -4.567727e-04
      vertex   1.469463e-04 2.022542e-04 -4.330127e-04
      vertex   1.672827e-04 1.857862e-04 -4.330127e-04
    endloop
  endfacet
  facet normal 3.213694e-01 3.213694e-01 -8.907544e-01
    outer loop
      vertex   1.360800e-04 1.511321e-04 -4.567727e-04
      vertex   1.672827e-04 1.857862e-04 -4.330127e-04
      vertex   1.511321e-04 1.360800e-04 -4.567727e-04
    endloop
  endfacet
  facet normal 3.213694e-01 3.213694e-01 -8.907544e-01
    outer loop
      vertex   1.511321e-04 1.360800e-04 -4.567727e-04
      vertex   1.672827e-04 1.857862e-04 -4.330127e-04
      vertex   1.857862e-04 1.672827e-04 -4.330127e-04
    endloop
  endfacet
  facet normal 3.532011e-01 2.860166e-01 -8.907544e-01
    outer loop
      vertex   1.511321e-04 1.360800e-04 -4.567727e-04
      vertex   1.857862e-04 1.672827e-04 -4.330127e-04
      vertex   1.645284e-04 1.195369e-04 -4.567727e-04
    endloop
  endfacet
  facet normal 3.532011e-01 2.860166e-01 -8.907544e-01
    outer loop
      vertex   1.645284e-04 1.195369e-04 -4.567727e-04
      vertex   1.857862e-04 1.672827e-04 -4.330127e-04
      vertex   2.022542e-04 1.469463e-04 -4.330127e-04
    endloop
  endfacet
  facet normal 3.811631e-01 2.475302e-01 -8.907544e-01
    outer loop
      vertex   1.645284e-04 1.195369e-04 -4.567727e-04
      vertex   2.022542e-04 1.469463e-04 -4.330127e-04
      vertex   1.761221e-04 1.016842e-04 -4.567727e-04
    endloop
  endfacet
  facet normal 3.811631e-01 2.475302e-01 -8.907544e-01
    outer loop
      vertex   1.761221e-04 1.016842e-04 -4.567727e-04
      vertex   2.022542e-04 1.469463e-04 -4.330127e-04
      vertex   2.165064e-04 1.250000e-04 -4.330127e-04
    endloop
  endfacet
  facet normal 4.049490e-01 2.063318e-01 -8.907544e-01
    outer loop
      vertex   1.761221e-04 1.016842e-04 -4.567727e-04
      vertex   2.165064e-04 1.250000e-04 -4.330127e-04
      vertex   1.857862e-04 8.271735e-05 -4.567727e-04
    endloop
  endfacet
  facet normal 4.049490e-01 2.063318e-01 -8.907544e-01
    outer loop
      vertex   1.857862e-04 8.271735e-05 -4.567727e-04
      vertex   2.165064e-04 1.250000e-04 -4.330127e-04
      vertex   2.283864e-04 1.016842e-04 -4.330127e-04
    endloop
  endfacet
  facet normal 4.242982e-01 1.628728e-01 -8.907544e-01
    outer loop
      vertex   1.857862e-04 8.271735e-05 -4.567727e-04
      vertex   2.283864e-04 1.016842e-04 -4.330127e-04
      vertex   1.934148e-04 6.284427e-05 -4.567727e-04
    endloop
  endfacet
  facet normal 4.242982e-01 1.628728e-01 -8.907544e-01
    outer loop
      vertex   1.934148e-04 6.284427e-05 -4.567727e-04
      vertex   2.283864e-04 1.016842e-04 -4.330127e-04
      vertex   2.377641e-04 7.725425e-05 -4.330127e-04
    endloop
  endfacet
  facet normal 4.389987e-01 1.176294e-01 -8.907544e-01
    outer loop
      vertex   1.934148e-04 6.284427e-05 -4.567727e-04
      vertex   2.377641e-04 7.725425e-05 -4.330127e-04
      vertex   1.989242e-04 4.228265e-05 -4.567727e-04
    endloop
  endfacet
  facet normal 4.389987e-01 1.176294e-01 -8.907544e-01
    outer loop
      vertex   1.989242e-04 4.228265e-05 -4.567727e-04
      vertex   2.377641e-04 7.725425e-05 -4.330127e-04
      vertex   2.445369e-04 5.197792e-05 -4.330127e-04
    endloop
  endfacet
  facet normal 4.488894e-01 7.109710e-02 -8.907544e-01
    outer loop
      vertex   1.989242e-04 4.228265e-05 -4.567727e-04
      vertex   2.445369e-04 5.197792e-05 -4.330127e-04
      vertex   2.022542e-04 2.125778e-05 -4.567727e-04
    endloop
  endfacet
  facet normal 4.488894e-01 7.109710e-02 -8.907544e-01
    outer loop
      vertex   2.022542e-04 2.125778e-05 -4.567727e-04
      vertex   2.445369e-04 5.197792e-05 -4.330127e-04
      vertex   2.486305e-04 2.613212e-05 -4.330127e-04
    endloop
  endfacet
  facet normal 4.538621e-01 2.378590e-02 -8.907544e-01
    outer loop
      vertex   2.022542e-04 2.125778e-05 -4.567727e-04
      vertex   2.486305e-04 2.613212e-05 -4.330127e-04
      vertex   2.033683e-04 0.000000e+00 -4.567727e-04
    endloop
  endfacet
  facet normal 4.538621e-01 2.378590e-02 -8.907544e-01
    outer loop
      vertex   2.033683e-04 0.000000e+00 -4.567727e-04
      vertex   2.486305e-04 2.613212e-05 -4.330127e-04
      vertex   2.500000e-04 0.000000e+00 -4.330127e-04
    endloop
  endfacet
  facet normal 5.444173e-01 -2.853170e-02 -8.383291e-01
    outer loop
      vertex   2.500000e-04 0.000000e+00 -4.330127e-04
      vertex   2.938926e-04 0.000000e+00 -4.045085e-04
      vertex   2.486305e-04 -2.613212e-05 -4.330127e-04
    endloop
  endfacet
  facet normal 5.444173e-01 -2.853170e-02 -8.383291e-01
    outer loop
      vertex   2.486305e-04 -2.613212e-05 -4.330127e-04
      vertex   2.938926e-04 0.000000e+00 -4.045085e-04
      vertex   2.922827e-04 -3.072014e-05 -4.045085e-04
    endloop
  endfacet
  facet normal 5.384526e-01 -8.528251e-02 -8.383291e-01
    outer loop
      vertex   2.486305e-04 -2.613212e-05 -4.330127e-04
      vertex   2.922827e-04 -3.072014e-05 -4.045085e-04
      vertex   2.445369e-04 -5.197792e-05 -4.330127e-04
    endloop
  endfacet
  facet normal 5.384526e-01 -8.528251e-02 -8.383291e-01
    outer loop
      vertex   2.445369e-04 -5.197792e-05 -4.330127e-04
      vertex   2.922827e-04 -3.072014e-05 -4.045085e-04
      vertex   2.874704e-04 -6.110371e-05 -4.045085e-04
    endloop
  endfacet
  facet normal 5.265884e-01 -1.410989e-01 -8.383291e-01
    outer loop
      vertex   2.445369e-04 -5.197792e-05 -4.330127e-04
      vertex   2.874704e-04 -6.110371e-05 -4.045085e-04
      vertex   2.377641e-04 -7.725425e-05 -4.330127e-04
    endloop
  endfacet
  facet normal 5.265884e-01 -1.410989e-01 -8.383291e-01
    outer loop
      vertex   2.377641e-04 -7.725425e-05 -4.330127e-04
      vertex   2.874704e-04 -6.110371e-05 -4.045085e-04
      vertex   2.795085e-04 -9.081782e-05 -4.045085e-04
    endloop
  endfacet
  facet normal 5.089548e-01 -1.953695e-01 -8.383291e-01
    outer loop
      vertex   2.377641e-04 -7.725425e-05 -4.330127e-04
      vertex   2.795085e-04 -9.081782e-05 -4.045085e-04
      vertex   2.283864e-04 -1.016842e-04 -4.330127e-04
    endloop
  endfacet
  facet normal 5.089548e-01 -1.953695e-01 -8.383291e-01
    outer loop
      vertex   2.283864e-04 -1.016842e-04 -4.330127e-04
      vertex   2.795085e-04 -9.081782e-05 -4.045085e-04
      vertex   2.684843e-04 -1.195369e-04 -4.045085e-04
    endloop
  endfacet
  facet normal 4.857451e-01 -2.474995e-01 -8.383291e-01
    outer loop
      vertex   2.283864e-04 -1.016842e-04 -4.330127e-04
      vertex   2.684843e-04 -1.195369e-04 -4.045085e-04
      vertex   2.165064e-04 -1.250000e-04 -4.330127e-04
    endloop
  endfacet
  facet normal 4.857451e-01 -2.474995e-01 -8.383291e-01
    outer loop
      vertex   2.165064e-04 -1.250000e-04 -4.330127e-04
      vertex   2.684843e-04 -1.195369e-04 -4.045085e-04
      vertex   2.545185e-04 -1.469463e-04 -4.045085e-04
    endloop
  endfacet
  facet normal 4.572134e-01 -2.969178e-01 -8.383291e-01
    outer loop
      vertex   2.165064e-04 -1.250000e-04 -4.330127e-04
      vertex   2.545185e-04 -1.469463e-04 -4.045085e-04
      vertex   2.022542e-04 -1.469463e-04 -4.330127e-04
    endloop
  endfacet
  facet normal 4.572134e-01 -2.969178e-01 -8.383291e-01
    outer loop
      vertex   2.022542e-04 -1.469463e-04 -4.330127e-04
      vertex   2.545185e-04 -1.469463e-04 -4.045085e-04
      vertex   2.377641e-04 -1.727458e-04 -4.045085e-04
    endloop
  endfacet
  facet normal 4.236723e-01 -3.430831e-01 -8.383291e-01
    outer loop
      vertex   2.022542e-04 -1.469463e-04 -4.330127e-04
      vertex   2.377641e-04 -1.727458e-04 -4.045085e-04
      vertex   1.857862e-04 -1.672827e-04 -4.330127e-04
    endloop
  endfacet
  facet normal 4.236723e-01 -3.430831e-01 -8.383291e-01
    outer loop
      vertex   1.857862e-04 -1.672827e-04 -4.330127e-04
      vertex   2.377641e-04 -1.727458e-04 -4.045085e-04
      vertex   2.184048e-04 -1.966526e-04 -4.045085e-04
    endloop
  endfacet
  facet normal 3.854895e-01 -3.854895e-01 -8.383291e-01
    outer loop
      vertex   1.857862e-04 -1.672827e-04 -4.330127e-04
      vertex   2.184048e-04 -1.966526e-04 -4.045085e-04
      vertex   1.672827e-04 -1.857862e-04 -4.330127e-04
    endloop
  endfacet
  facet normal 3.854895e-01 -3.854895e-01 -8.383291e-01
    outer loop
      vertex   1.672827e-04 -1.857862e-04 -4.330127e-04
      vertex   2.184048e-04 -1.966526e-04 -4.045085e-04
      vertex   1.966526e-04 -2.184048e-04 -4.045085e-04
    endloop
  endfacet
  facet normal 3.430831e-01 -4.236723e-01 -8.383291e-01
    outer loop
      vertex   1.672827e-04 -1.857862e-04 -4.330127e-04
      vertex   1.966526e-04 -2.184048e-04 -4.045085e-04
      vertex   1.469463e-04 -2.022542e-04 -4.330127e-04
    endloop
  endfacet
  facet normal 3.430831e-01 -4.236723e-01 -8.383291e-01
    outer loop
      vertex   1.469463e-04 -2.022542e-04 -4.330127e-04
      vertex   1.966526e-04 -2.184048e-04 -4.045085e-04
      vertex   1.727458e-04 -2.377641e-04 -4.045085e-04
    endloop
  endfacet
  facet normal 2.969178e-01 -4.572134e-01 -8.383291e-01
    outer loop
      vertex   1.469463e-04 -2.022542e-04 -4.330127e-04
      vertex   1.727458e-04 -2.377641e-04 -4.045085e-04
      vertex   1.250000e-04 -2.165064e-04 -4.330127e-04
    endloop
  endfacet
  facet normal 2.969178e-01 -4.572134e-01 -8.383291e-01
    outer loop
      vertex   1.250000e-04 -2.165064e-04 -4.330127e-04
      vertex   1.727458e-04 -2.377641e-04 -4.045085e-04
      vertex   1.469463e-04 -2.545185e-04 -4.045085e-04
    endloop
  endfacet
  facet normal 2.474995e-01 -4.857451e-01 -8.383291e-01
    outer loop
      vertex   1.250000e-04 -2.165064e-04 -4.330127e-04
      vertex   1.469463e-04 -2.545185e-04 -4.045085e-04
      vertex   1.016842e-04 -2.283864e-04 -4.330127e-04
    endloop
  endfacet
  facet normal 2.474995e-01 -4.857451e-01 -8.383291e-01
    outer loop
      vertex   1.016842e-04 -2.283864e-04 -4.330127e-04
      vertex   1.469463e-04 -2.545185e-04 -4.045085e-04
      vertex   1.195369e-04 -2.684843e-04 -4.045085e-04
    endloop
  endfacet
  facet normal 1.953695e-01 -5.089548e-01 -8.383291e-01
    outer loop
      vertex   1.016842e-04 -2.283864e-04 -4.330127e-04
      vertex   1.195369e-04 -2.684843e-04 -4.045085e-04
      vertex   7.725425e-05 -2.377641e-04 -4.330127e-04
    endloop
  endfacet
  facet normal 1.953695e-01 -5.089548e-01 -8.383291e-01
    outer loop
      vertex   7.725425e-05 -2.377641e-04 -4.330127e-04
      vertex   1.195369e-04 -2.684843e-04 -4.045085e-04
      vertex   9.081782e-05 -2.795085e-04 -4.045085e-04
    endloop
  endfacet
  facet normal 1.410989e-01 -5.265884e-01 -8.383291e-01
    outer loop
      vertex   7.725425e-05 -2.377641e-04 -4.330127e-04
      vertex   9.081782e-05 -2.795085e-04 -4.045085e-04
      vertex   5.197792e-05 -2.445369e-04 -4.330127e-04
    endloop
  endfacet
  facet normal 1.410989e-01 -5.265884e-01 -8.383291e-01
    outer loop
      vertex   5.197792e-05 -2.445369e-04 -4.330127e-04
      vertex   9.081782e-05 -2.795085e-04 -4.045085e-04
      vertex   6.110371e-05 -2.874704e-04 -4.045085e-04
    endloop
  endfacet
  facet normal 8.528251e-02 -5.384526e-01 -8.383291e-01
    outer loop
      vertex   5.197792e-05 -2.445369e-04 -4.330127e-04
      vertex   6.110371e-05 -2.874704e-04 -4.045085e-04
      vertex   2.613212e-05 -2.486305e-04 -4.330127e-04
    endloop
  endfacet
  facet normal 8.528251e-02 -5.384526e-01 -8.383291e-01
    outer loop
      vertex   2.613212e-05 -2.486305e-04 -4.330127e-04
      vertex   6.110371e-05 -2.874704e-04 -4.045085e-04
      vertex   3.072014e-05 -2.922827e-04 -4.045085e-04
    endloop
  endfacet
  facet normal 2.853170e-02 -5.444173e-01 -8.383291e-01
    outer loop
      vertex   2.613212e-05 -2.486305e-04 -4.330127e-04
      vertex   3.072014e-05 -2.922827e-04 -4.045085e-04
      vertex   1.530808e-20 -2.500000e-04 -4.330127e-04
    endloop
  endfacet
  facet normal 2.853170e-02 -5.444173e-01 -8.383291e-01
    outer loop
      vertex   1.530808e-20 -2.500000e-04 -4.330127e-04
      vertex   3.072014e-05 -2.922827e-04 -4.045085e-04
      vertex   1.799573e-20 -2.938926e-04 -4.045085e-04
    endloop
  endfacet
  facet normal -2.853170e-02 -5.444173e-01 -8.383291e-01
    outer loop
      vertex   1.530808e-20 -2.500000e-04 -4.330127e-04
      vertex   1.799573e-20 -2.938926e-04 -4.045085e-04
      vertex   -2.613212e-05 -2.486305e-04 -4.330127e-04
    endloop
  endfacet
  facet normal -2.853170e-02 -5.444173e-01 -8.383291e-01
    outer loop
      vertex   -2.613212e-05 -2.486305e-04 -4.330127e-04
      vertex   1.799573e-20 -2.938926e-04 -4.045085e-04
      vertex   -3.072014e-05 -2.922827e-04 -4.045085e-04
    endloop
  endfacet
  facet normal -8.528251e-02 -5.384526e-01 -8.383291e-01
    outer loop
      vertex   -2.613212e-05 -2.486305e-04 -4.330127e-04
      vertex   -3.072014e-05 -2.922827e-04 -4.045085e-04
      vertex   -5.197792e-05 -2.445369e-04 -4.330127e-04
    endloop
  endfacet
  facet normal -8.528251e-02 -5.384526e-01 -8.383291e-01
    outer loop
      vertex   -5.197792e-05 -2.445369e-04 -4.330127e-04
      vertex   -3.072014e-05 -2.922827e-04 -4.045085e-04
      vertex   -6.110371e-05 -2.874704e-04 -4.045085e-04
    endloop
  endfacet
  facet normal -1.410989e-01 -5.265884e-01 -8.383291e-01
    outer loop
      vertex   -5.197792e-05 -2.445369e-04 -4.330127e-04
      vertex   -6.110371e-05 -2.874704e-04 -4.045085e-04
      vertex   -7.725425e-05 -2.377641e-04 -4.330127e-04
    endloop
  endfacet
  facet normal -1.410989e-01 -5.265884e-01 -8.383291e-01
    outer loop
      vertex   -7.725425e-05 -2.377641e-04 -4.330127e-04
      vertex   -6.110371e-05 -2.874704e-04 -4.045085e-04
      vertex   -9.081782e-05 -2.795085e-04 -4.045085e-04
    endloop
  endfacet
  facet normal -1.953695e-01 -5.089548e-01 -8.383291e-01
    outer loop
      vertex   -7.725425e-05 -2.377641e-04 -4.330127e-04
      vertex   -9.081782e-05 -2.795085e-04 -4.045085e-04
      vertex   -1.016842e-04 -2.283864e-04 -4.330127e-04
    endloop
  endfacet
  facet normal -1.953695e-01 -5.089548e-01 -8.383291e-01
    outer loop
      vertex   -1.016842e-04 -2.283864e-04 -4.330127e-04
      vertex   -9.081782e-05 -2.795085e-04 -4.045085e-04
      vertex   -1.195369e-04 -2.684843e-04 -4.045085e-04
    endloop
  endfacet
  facet normal -2.474995e-01 -4.857451e-01 -8.383291e-01
    outer loop
      vertex   -1.016842e-04 -2.283864e-04 -4.330127e-04
      vertex   -1.195369e-04 -2.684843e-04 -4.045085e-04
      vertex   -1.250000e-04 -2.165064e-04 -4.330127e-04
    endloop
  endfacet
  facet normal -2.474995e-01 -4.857451e-01 -8.383291e-01
    outer loop
      vertex   -1.250000e-04 -2.165064e-04 -4.330127e-04
      vertex   -1.195369e-04 -2.684843e-04 -4.045085e-04
      vertex   -1.469463e-04 -2.545185e-04 -4.045085e-04
    endloop
  endfacet
  facet normal -2.969178e-01 -4.572134e-01 -8.383291e-01
    outer loop
      vertex   -1.250000e-04 -2.165064e-04 -4.330127e-04
      vertex   -1.469463e-04 -2.545185e-04 -4.045085e-04
      vertex   -1.469463e-04 -2.022542e-04 -4.330127e-04
    endloop
  endfacet
  facet normal -2.969178e-01 -4.572134e-01 -8.383291e-01
    outer loop
      vertex   -1.469463e-04 -2.022542e-04 -4.330127e-04
      vertex   -1.469463e-04 -2.545185e-04 -4.045085e-04
      vertex   -1.727458e-04 -2.377641e-04 -4.045085e-04
    endloop
  endfacet
  facet normal -3.430831e-01 -4.236723e-01 -8.383291e-01
    outer loop
      vertex   -1.469463e-04 -2.022542e-04 -4.330127e-04
      vertex   -1.727458e-04 -2.377641e-04 -4.045085e-04
      vertex   -1.672827e-04 -1.857862e-04 -4.330127e-04
    endloop
  endfacet
  facet normal -3.430831e-01 -4.236723e-01 -8.383291e-01
    outer loop
      vertex   -1.672827e-04 -1.857862e-04 -4.330127e-04
      vertex   -1.727458e-04 -2.377641e-04 -4.045085e-04
      vertex   -1.966526e-04 -2.184048e-04 -4.045085e-04
    endloop
  endfacet
  facet normal -3.854895e-01 -3.854895e-01 -8.383291e-01
    outer loop
      vertex   -1.672827e-04 -1.857862e-04 -4.330127e-04
      vertex   -1.966526e-04 -2.184048e-04 -4.045085e-04
      vertex   -1.857862e-04 -1.672827e-04 -4.330127e-04
    endloop
  endfacet
  facet normal -3.854895e-01 -3.854895e-01 -8.383291e-01
    outer loop
      vertex   -1.857862e-04 -1.672827e-04 -4.330127e-04
      vertex   -1.966526e-04 -2.184048e-04 -4.045085e-04
      vertex   -2.184048e-04 -1.966526e-04 -4.045085e-04
    endloop
  endfacet
  facet normal -4.236723e-01 -3.430831e-01 -8.383291e-01
    outer loop
      vertex   -1.857862e-04 -1.672827e-04 -4.330127e-04
      vertex   -2.184048e-04 -1.966526e-04 -4.045085e-04
      vertex   -2.022542e-04 -1.469463e-04 -4.330127e-04
    endloop
  endfacet
  facet normal -4.236723e-01 -3.430831e-01 -8.383291e-01
    outer loop
      vertex   -2.022542e-04 -1.469463e-04 -4.330127e-04
      vertex   -2.184048e-04 -1.966526e-04 -4.045085e-04
      vertex   -2.377641e-04 -1.727458e-04 -4.045085e-04
    endloop
  endfacet
  facet normal -4.572134e-01 -2.969178e-01 -8.383291e-01
    outer loop
      vertex   -2.022542e-04 -1.469463e-04 -4.330127e-04
      vertex   -2.377641e-04 -1.727458e-04 -4.045085e-04
      vertex   -2.165064e-04 -1.250000e-04 -4.330127e-04
    endloop
  endfacet
  facet normal -4.572134e-01 -2.969178e-01 -8.383291e-01
    outer loop
      vertex   -2.165064e-04 -1.250000e-04 -4.330127e-04
      vertex   -2.377641e-04 -1.727458e-04 -4.045085e-04
      vertex   -2.545185e-04 -1.469463e-04 -4.045085e-04
    endloop
  endfacet
  facet normal -4.857451e-01 -2.474995e-01 -8.383291e-01
    outer loop
      vertex   -2.165064e-04 -1.250000e-04 -4.330127e-04
      vertex   -2.545185e-04 -1.469463e-04 -4.045085e-04
      vertex   -2.283864e-04 -1.016842e-04 -4.330127e-04
    endloop
  endfacet
  facet normal -4.857451e-01 -2.474995e-01 -8.383291e-01
    outer loop
      vertex   -2.283864e-04 -1.016842e-04 -4.330127e-04
      vertex   -2.545185e-04 -1.469463e-04 -4.045085e-04
      vertex   -2.684843e-04 -1.195369e-04 -4.045085e-04
    endloop
  endfacet
  facet normal -5.089548e-01 -1.953695e-01 -8.383291e-01
    outer loop
      vertex   -2.283864e-04 -1.016842e-04 -4.330127e-04
      vertex   -2.684843e-04 -1.195369e-04 -4.045085e-04
      vertex   -2.377641e-04 -7.725425e-05 -4.330127e-04
    endloop
  endfacet
  facet normal -5.089548e-01 -1.953695e-01 -8.383291e-01
    outer loop
      vertex   -2.377641e-04 -7.725425e-05 -4.330127e-04
      vertex   -2.684843e-04 -1.195369e-04 -4.045085e-04
      vertex   -2.795085e-04 -9.081782e-05 -4.045085e-04
    endloop
  endfacet
  facet normal -5.265884e-01 -1.410989e-01 -8.383291e-01
    outer loop
      vertex   -2.377641e-04 -7.725425e-05 -4.330127e-04
      vertex   -2.795085e-04 -9.081782e-05 -4.045085e-04
      vertex   -2.445369e-04 -5.197792e-05 -4.330127e-04
    endloop
  endfacet
  facet normal -5.265884e-01 -1.410989e-01 -8.383291e-01
    outer loop
      vertex   -2.445369e-04 -5.197792e-05 -4.330127e-04
      vertex   -2.795085e-04 -9.081782e-05 -4.045085e-04
      vertex   -2.874704e-04 -6.110371e-05 -4.045085e-04
    endloop
  endfacet
  facet normal -5.384526e-01 -8.528251e-02 -8.383291e-01
    outer loop
      vertex   -2.445369e-04 -5.197792e-05 -4.330127e-04
      vertex   -2.874704e-04 -6.110371e-05 -4.045085e-04
      vertex   -2.486305e-04 -2.613212e-05 -4.330127e-04
    endloop
  endfacet
  facet normal -5.384526e-01 -8.528251e-02 -8.383291e-01
    outer loop
      vertex   -2.486305e-04 -2.613212e-05 -4.330127e-04
      vertex   -2.874704e-04 -6.110371e-05 -4.045085e-04
      vertex   -2.922827e-04 -3.072014e-05 -4.045085e-04
    endloop
  endfacet
  facet normal -5.444173e-01 -2.853170e-02 -8.383291e-01
    outer loop
      vertex   -2.486305e-04 -2.613212e-05 -4.330127e-04
      vertex   -2.922827e-04 -3.072014e-05 -4.045085e-04
      vertex   -2.500000e-04 -3.061617e-20 -4.330127e-04
    endloop
  endfacet
  facet normal -5.444173e-01 -2.853170e-02 -8.383291e-01
    outer loop
      vertex   -2.500000e-04 -3.061617e-20 -4.330127e-04
      vertex   -2.922827e-04 -3.072014e-05 -4.045085e-04
      vertex   -2.938926e-04 -3.599147e-20 -4.045085e-04
    endloop
  endfacet
  facet normal -5.444173e-01 2.853170e-02 -8.383291e-01
    outer loop
      vertex   -2.500000e-04 -3.061617e-20 -4.330127e-04
      vertex   -2.938926e-04 -3.599147e-20 -4.045085e-04
      vertex   -2.486305e-04 2.613212e-05 -4.330127e-04
    endloop
  endfacet
  facet normal -5.444173e-01 2.853170e-02 -8.383291e-01
    outer loop
      vertex   -2.486305e-04 2.613212e-05 -4.330127e-04
      vertex   -2.938926e-04 -3.599147e-20 -4.045085e-04
      vertex   -2.922827e-04 3.072014e-05 -4.045085e-04
    endloop
  endfacet
  facet normal -5.384526e-01 8.528251e-02 -8.383291e-01
    outer loop
      vertex   -2.486305e-04 2.613212e-05 -4.330127e-04
      vertex   -2.922827e-04 3.072014e-05 -4.045085e-04
      vertex   -2.445369e-04 5.197792e-05 -4.330127e-04
    endloop
  endfacet
  facet normal -5.384526e-01 8.528251e-02 -8.383291e-01
    outer loop
      vertex   -2.445369e-04 5.197792e-05 -4.330127e-04
      vertex   -2.922827e-04 3.072014e-05 -4.045085e-04
      vertex   -2.874704e-04 6.110371e-05 -4.045085e-04
    endloop
  endfacet
  facet normal -5.265884e-01 1.410989e-01 -8.383291e-01
    outer loop
      vertex   -2.445369e-04 5.197792e-05 -4.330127e-04
      vertex   -2.874704e-04 6.110371e-05 -4.045085e-04
      vertex   -2.377641e-04 7.725425e-05 -4.330127e-04
    endloop
  endfacet
  facet normal -5.265884e-01 1.410989e-01 -8.383291e-01
    outer loop
      vertex   -2.377641e-04 7.725425e-05 -4.330127e-04
      vertex   -2.874704e-04 6.110371e-05 -4.045085e-04
      vertex   -2.795085e-04 9.081782e-05 -4.045085e-04
    endloop
  endfacet
  facet normal -5.089548e-01 1.953695e-01 -8.383291e-01
    outer loop
      vertex   -2.377641e-04 7.725425e-05 -4.330127e-04
      vertex   -2.795085e-04 9.081782e-05 -4.045085e-04
      vertex   -2.283864e-04 1.016842e-04 -4.330127e-04
    endloop
  endfacet
  facet normal -5.089548e-01 1.953695e-01 -8.383291e-01
    outer loop
      vertex   -2.283864e-04 1.016842e-04 -4.330127e-04
      vertex   -2.795085e-04 9.081782e-05 -4.045085e-04
      vertex   -2.684843e-04 1.195369e-04 -4.045085e-04
    endloop
  endfacet
  facet normal -4.857451e-01 2.474995e-01 -8.383291e-01
    outer loop
      vertex   -2.283864e-04 1.016842e-04 -4.330127e-04
      vertex   -2.684843e-04 1.195369e-04 -4.045085e-04
      vertex   -2.165064e-04 1.250000e-04 -4.330127e-04
    endloop
  endfacet
  facet normal -4.857451e-01 2.474995e-01 -8.383291e-01
    outer loop
      vertex   -2.165064e-04 1.250000e-04 -4.330127e-04
      vertex   -2.684843e-04 1.195369e-04 -4.045085e-04
      vertex   -2.545185e-04 1.469463e-04 -4.045085e-04
    endloop
  endfacet
  facet normal -4.572134e-01 2.969178e-01 -8.383291e-01
    outer loop
      vertex   -2.165064e-04 1.250000e-04 -4.330127e-04
      vertex   -2.545185e-04 1.469463e-04 -4.045085e-04
      vertex   -2.022542e-04 1.469463e-04 -4.330127e-04
    endloop
  endfacet
  facet normal -4.572134e-01 2.969178e-01 -8.383291e-01
    outer loop
      vertex   -2.022542e-04 1.469463e-04 -4.330127e-04
      vertex   -2.545185e-04 1.469463e-04 -4.045085e-04
      vertex   -2.377641e-04 1.727458e-04 -4.045085e-04
    endloop
  endfacet
  facet normal -4.236723e-01 3.430831e-01 -8.383291e-01
    outer loop
      vertex   -2.022542e-04 1.469463e-04 -4.330127e-04
      vertex   -2.377641e-04 1.727458e-04 -4.045085e-04
      vertex   -1.857862e-04 1.672827e-04 -4.330127e-04
    endloop
  endfacet
  facet normal -4.236723e-01 3.430831e-01 -8.383291e-01
    outer loop
      vertex   -1.857862e-04 1.672827e-04 -4.330127e-04
      vertex   -2.377641e-04 1.727458e-04 -4.045085e-04
      vertex   -2.184048e-04 1.966526e-04 -4.045085e-04
    endloop
  endfacet
  facet normal -3.854895e-01 3.854895e-01 -8.383291e-01
    outer loop
      vertex   -1.857862e-04 1.672827e-04 -4.330127e-04
      vertex   -2.184048e-04 1.966526e-04 -4.045085e-04
      vertex   -1.672827e-04 1.857862e-04 -4.330127e-04
    endloop
  endfacet
  facet normal -3.854895e-01 3.854895e-01 -8.383291e-01
    outer loop
      vertex   -1.672827e-04 1.857862e-04 -4.330127e-04
      vertex   -2.184048e-04 1.966526e-04 -4.045085e-04
      vertex   -1.966526e-04 2.184048e-04 -4.045085e-04
    endloop
  endfacet
  facet normal -3.430831e-01 4.236723e-01 -8.383291e-01
    outer loop
      vertex   -1.672827e-04 1.857862e-04 -4.330127e-04
      vertex   -1.966526e-04 2.184048e-04 -4.045085e-04
      vertex   -1.469463e-04 2.022542e-04 -4.330127e-04
    endloop
  endfacet
  facet normal -3.430831e-01 4.236723e-01 -8.383291e-01
    outer loop
      vertex   -1.469463e-04 2.022542e-04 -4.330127e-04
      vertex   -1.966526e-04 2.184048e-04 -4.045085e-04
      vertex   -1.727458e-04 2.377641e-04 -4.045085e-04
    endloop
  endfacet
  facet normal -2.969178e-01 4.572134e-01 -8.383291e-01
    outer loop
      vertex   -1.469463e-04 2.022542e-04 -4.330127e-04
      vertex   -1.727458e-04 2.377641e-04 -4.045085e-04
      vertex   -1.250000e-04 2.165064e-04 -4.330127e-04
    endloop
  endfacet
  facet normal -2.969178e-01 4.572134e-01 -8.383291e-01
    outer loop
      vertex   -1.250000e-04 2.165064e-04 -4.330127e-04
      vertex   -1.727458e-04 2.377641e-04 -4.045085e-04
      vertex   -1.469463e-04 2.545185e-04 -4.045085e-04
    endloop
  endfacet
  facet normal -2.474995e-01 4.857451e-01 -8.383291e-01
    outer loop
      vertex   -1.250000e-04 2.165064e-04 -4.330127e-04
      vertex   -1.469463e-04 2.545185e-04 -4.045085e-04
      vertex   -1.016842e-04 2.283864e-04 -4.330127e-04
    endloop
  endfacet
  facet normal -2.474995e-01 4.857451e-01 -8.383291e-01
    outer loop
      vertex   -1.016842e-04 2.283864e-04 -4.330127e-04
      vertex   -1.469463e-04 2.545185e-04 -4.045085e-04
      vertex   -1.195369e-04 2.684843e-04 -4.045085e-04
    endloop
  endfacet
  facet normal -1.953695e-01 5.089548e-01 -8.383291e-01
    outer loop
      vertex   -1.016842e-04 2.283864e-04 -4.330127e-04
      vertex   -1.195369e-04 2.684843e-04 -4.045085e-04
      vertex   -7.725425e-05 2.377641e-04 -4.330127e-04
    endloop
  endfacet
  facet normal -1.953695e-01 5.089548e-01 -8.383291e-01
    outer loop
      vertex   -7.725425e-05 2.377641e-04 -4.330127e-04
      vertex   -1.195369e-04 2.684843e-04 -4.045085e-04
      vertex   -9.081782e-05 2.795085e-04 -4.045085e-04
    endloop
  endfacet
  facet normal -1.410989e-01 5.265884e-01 -8.383291e-01
    outer loop
      vertex   -7.725425e-05 2.377641e-04 -4.330127e-04
      vertex   -9.081782e-05 2.795085e-04 -4.045085e-04
      vertex   -5.197792e-05 2.445369e-04 -4.330127e-04
    endloop
  endfacet
  facet normal -1.410989e-01 5.265884e-01 -8.383291e-01
    outer loop
      vertex   -5.197792e-05 2.445369e-04 -4.330127e-04
      vertex   -9.081782e-05 2.795085e-04 -4.045085e-04
      vertex   -6.110371e-05 2.874704e-04 -4.045085e-04
    endloop
  endfacet
  facet normal -8.528251e-02 5.384526e-01 -8.383291e-01
    outer loop
      vertex   -5.197792e-05 2.445369e-04 -4.330127e-04
      vertex   -6.110371e-05 2.874704e-04 -4.045085e-04
      vertex   -2.613212e-05 2.486305e-04 -4.330127e-04
    endloop
  endfacet
  facet normal -8.528251e-02 5.384526e-01 -8.383291e-01
    outer loop
      vertex   -2.613212e-05 2.486305e-04 -4.330127e-04
      vertex   -6.110371e-05 2.874704e-04 -4.045085e-04
      vertex   -3.072014e-05 2.922827e-04 -4.045085e-04
    endloop
  endfacet
  facet normal -2.853170e-02 5.444173e-01 -8.383291e-01
    outer loop
      vertex   -2.613212e-05 2.486305e-04 -4.330127e-04
      vertex   -3.072014e-05 2.922827e-04 -4.045085e-04
      vertex   1.530808e-20 2.500000e-04 -4.330127e-04
    endloop
  endfacet
  facet normal -2.853170e-02 5.444173e-01 -8.383291e-01
    outer loop
      vertex   1.530808e-20 2.500000e-04 -4.330127e-04
      vertex   -3.072014e-05 2.922827e-04 -4.045085e-04
      vertex   1.799573e-20 2.938926e-04 -4.045085e-04
    endloop
  endfacet
  facet normal 2.853170e-02 5.444173e-01 -8.383291e-01
    outer loop
      vertex   1.530808e-20 2.500000e-04 -4.330127e-04
      vertex   1.799573e-20 2.938926e-04 -4.045085e-04
      vertex   2.613212e-05 2.486305e-04 -4.330127e-04
    endloop
  endfacet
  facet normal 2.853170e-02 5.444173e-01 -8.383291e-01
    outer loop
      vertex   2.613212e-05 2.486305e-04 -4.330127e-04
      vertex   1.799573e-20 2.938926e-04 -4.045085e-04
      vertex   3.072014e-05 2.922827e-04 -4.045085e-04
    endloop
  endfacet
  facet normal 8.528251e-02 5.384526e-01 -8.383291e-01
    outer loop
      vertex   2.613212e-05 2.486305e-04 -4.330127e-04
      vertex   3.072014e-05 2.922827e-04 -4.045085e-04
      vertex   5.197792e-05 2.445369e-04 -4.330127e-04
    endloop
  endfacet
  facet normal 8.528251e-02 5.384526e-01 -8.383291e-01
    outer loop
      vertex   5.197792e-05 2.445369e-04 -4.330127e-04
      vertex   3.072014e-05 2.922827e-04 -4.045085e-04
      vertex   6.110371e-05 2.874704e-04 -4.045085e-04
    endloop
  endfacet
  facet normal 1.410989e-01 5.265884e-01 -8.383291e-01
    outer loop
      vertex   5.197792e-05 2.445369e-04 -4.330127e-04
      vertex   6.110371e-05 2.874704e-04 -4.045085e-04
      vertex   7.725425e-05 2.377641e-04 -4.330127e-04
    endloop
  endfacet
  facet normal 1.410989e-01 5.265884e-01 -8.383291e-01
    outer loop
      vertex   7.725425e-05 2.377641e-04 -4.330127e-04
      vertex   6.110371e-05 2.874704e-04 -4.045085e-04
      vertex   9.081782e-05 2.795085e-04 -4.045085e-04
    endloop
  endfacet
  facet normal 1.953695e-01 5.089548e-01 -8.383291e-01
    outer loop
      vertex   7.725425e-05 2.377641e-04 -4.330127e-04
      vertex   9.081782e-05 2.795085e-04 -4.045085e-04
      vertex   1.016842e-04 2.283864e-04 -4.330127e-04
    endloop
  endfacet
  facet normal 1.953695e-01 5.089548e-01 -8.383291e-01
    outer loop
      vertex   1.016842e-04 2.283864e-04 -4.330127e-04
      vertex   9.081782e-05 2.795085e-04 -4.045085e-04
      vertex   1.195369e-04 2.684843e-04 -4.045085e-04
    endloop
  endfacet
  facet normal 2.474995e-01 4.857451e-01 -8.383291e-01
    outer loop
      vertex   1.016842e-04 2.283864e-04 -4.330127e-04
      vertex   1.195369e-04 2.684843e-04 -4.045085e-04
      vertex   1.250000e-04 2.165064e-04 -4.330127e-04
    endloop
  endfacet
  facet normal 2.474995e-01 4.857451e-01 -8.383291e-01
    outer loop
      vertex   1.250000e-04 2.165064e-04 -4.330127e-04
      vertex   1.195369e-04 2.684843e-04 -4.045085e-04
      vertex   1.469463e-04 2.545185e-04 -4.045085e-04
    endloop
  endfacet
  facet normal 2.969178e-01 4.572134e-01 -8.383291e-01
    outer loop
      vertex   1.250000e-04 2.165064e-04 -4.330127e-04
      vertex   1.469463e-04 2.545185e-04 -4.045085e-04
      vertex   1.469463e-04 2.022542e-04 -4.330127e-04
    endloop
  endfacet
  facet normal 2.969178e-01 4.572134e-01 -8.383291e-01
    outer loop
      vertex   1.469463e-04 2.022542e-04 -4.330127e-04
      vertex   1.469463e-04 2.545185e-04 -4.045085e-04
      vertex   1.727458e-04 2.377641e-04 -4.045085e-04
    endloop
  endfacet
  facet normal 3.430831e-01 4.236723e-01 -8.383291e-01
    outer loop
      vertex   1.469463e-04 2.022542e-04 -4.330127e-04
      vertex   1.727458e-04 2.377641e-04 -4.045085e-04
      vertex   1.672827e-04 1.857862e-04 -4.330127e-04
    endloop
  endfacet
  facet normal 3.430831e-01 4.236723e-01 -8.383291e-01
    outer loop
      vertex   1.672827e-04 1.857862e-04 -4.330127e-04
      vertex   1.727458e-04 2.377641e-04 -4.045085e-04
      vertex   1.966526e-04 2.184048e-04 -4.045085e-04
    endloop
  endfacet
  facet normal 3.854895e-01 3.854895e-01 -8.383291e-01
    outer loop
      vertex   1.672827e-04 1.857862e-04 -4.330127e-04
      vertex   1.966526e-04 2.184048e-04 -4.045085e-04
      vertex   1.857862e-04 1.672827e-04 -4.330127e-04
    endloop
  endfacet
  facet normal 3.854895e-01 3.854895e-01 -8.383291e-01
    outer loop
      vertex   1.857862e-04 1.672827e-04 -4.330127e-04
      vertex   1.966526e-04 2.184048e-04 -4.045085e-04
      vertex   2.184048e-04 1.966526e-04 -4.045085e-04
    endloop
  endfacet
  facet normal 4.236723e-01 3.430831e-01 -8.383291e-01
    outer loop
      vertex   1.857862e-04 1.672827e-04 -4.330127e-04
      vertex   2.184048e-04 1.966526e-04 -4.045085e-04
      vertex   2.022542e-04 1.469463e-04 -4.330127e-04
    endloop
  endfacet
  facet normal 4.236723e-01 3.430831e-01 -8.383291e-01
    outer loop
      vertex   2.022542e-04 1.469463e-04 -4.330127e-04
      vertex   2.184048e-04 1.966526e-04 -4.045085e-04
      vertex   2.377641e-04 1.727458e-04 -4.045085e-04
    endloop
  endfacet
  facet normal 4.572134e-01 2.969178e-01 -8.383291e-01
    outer loop
      vertex   2.022542e-04 1.469463e-04 -4.330127e-04
      vertex   2.377641e-04 1.727458e-04 -4.045085e-04
      vertex   2.165064e-04 1.250000e-04 -4.330127e-04
    endloop
  endfacet
  facet normal 4.572134e-01 2.969178e-01 -8.383291e-01
    outer loop
      vertex   2.165064e-04 1.250000e-04 -4.330127e-04
      vertex   2.377641e-04 1.727458e-04 -4.045085e-04
      vertex   2.545185e-04 1.469463e-04 -4.045085e-04
    endloop
  endfacet
  facet normal 4.857451e-01 2.474995e-01 -8.383291e-01
    outer loop
      vertex   2.165064e-04 1.250000e-04 -4.330127e-04
      vertex   2.545185e-04 1.469463e-04 -4.045085e-04
      vertex   2.283864e-04 1.016842e-04 -4.330127e-04
    endloop
  endfacet
  facet normal 4.857451e-01 2.474995e-01 -8.383291e-01
    outer loop
      vertex   2.283864e-04 1.016842e-04 -4.330127e-04
      vertex   2.545185e-04 1.469463e-04 -4.045085e-04
      vertex   2.684843e-04 1.195369e-04 -4.045085e-04
    endloop
  endfacet
  facet normal 5.089548e-01 1.953695e-01 -8.383291e-01
    outer loop
      vertex   2.283864e-04 1.016842e-04 -4.330127e-04
      vertex   2.684843e-04 1.195369e-04 -4.045085e-04
      vertex   2.377641e-04 7.725425e-05 -4.330127e-04
    endloop
  endfacet
  facet normal 5.089548e-01 1.953695e-01 -8.383291e-01
    outer loop
      vertex   2.377641e-04 7.725425e-05 -4.330127e-04
      vertex   2.684843e-04 1.195369e-04 -4.045085e-04
      vertex   2.795085e-04 9.081782e-05 -4.045085e-04
    endloop
  endfacet
  facet normal 5.265884e-01 1.410989e-01 -8.383291e-01
    outer loop
      vertex   2.377641e-04 7.725425e-05 -4.330127e-04
      vertex   2.795085e-04 9.081782e-05 -4.045085e-04
      vertex   2.445369e-04 5.197792e-05 -4.330127e-04
    endloop
  endfacet
  facet normal 5.265884e-01 1.410989e-01 -8.383291e-01
    outer loop
      vertex   2.445369e-04 5.197792e-05 -4.330127e-04
      vertex   2.795085e-04 9.081782e-05 -4.045085e-04
      vertex   2.874704e-04 6.110371e-05 -4.045085e-04
    endloop
  endfacet
  facet normal 5.384526e-01 8.528251e-02 -8.383291e-01
    outer loop
      vertex   2.445369e-04 5.197792e-05 -4.330127e-04
      vertex   2.874704e-04 6.110371e-05 -4.045085e-04
      vertex   2.486305e-04 2.613212e-05 -4.330127e-04
    endloop
  endfacet
  facet normal 5.384526e-01 8.528251e-02 -8.383291e-01
    outer loop
      vertex   2.486305e-04 2.613212e-05 -4.330127e-04
      vertex   2.874704e-04 6.110371e-05 -4.045085e-04
      vertex   2.922827e-04 3.072014e-05 -4.045085e-04
    endloop
  endfacet
  facet normal 5.444173e-01 2.853170e-02 -8.383291e-01
    outer loop
      vertex   2.486305e-04 2.613212e-05 -4.330127e-04
      vertex   2.922827e-04 3.072014e-05 -4.045085e-04
      vertex   2.500000e-04 0.000000e+00 -4.330127e-04
    endloop
  endfacet
  facet normal 5.444173e-01 2.853170e-02 -8.383291e-01
    outer loop
      vertex   2.500000e-04 0.000000e+00 -4.330127e-04
      vertex   2.922827e-04 3.072014e-05 -4.045085e-04
      vertex   2.938926e-04 0.000000e+00 -4.045085e-04
    endloop
  endfacet
  facet normal 6.289784e-01 -3.296336e-02 -7.767236e-01
    outer loop
      vertex   2.938926e-04 0.000000e+00 -4.045085e-04
      vertex   3.345653e-04 0.000000e+00 -3.715724e-04
      vertex   2.922827e-04 -3.072014e-05 -4.045085e-04
    endloop
  endfacet
  facet normal 6.289784e-01 -3.296336e-02 -7.767236e-01
    outer loop
      vertex   2.922827e-04 -3.072014e-05 -4.045085e-04
      vertex   3.345653e-04 0.000000e+00 -3.715724e-04
      vertex   3.327325e-04 -3.497160e-05 -3.715724e-04
    endloop
  endfacet
  facet normal 6.220872e-01 -9.852893e-02 -7.767236e-01
    outer loop
      vertex   2.922827e-04 -3.072014e-05 -4.045085e-04
      vertex   3.327325e-04 -3.497160e-05 -3.715724e-04
      vertex   2.874704e-04 -6.110371e-05 -4.045085e-04
    endloop
  endfacet
  facet normal 6.220872e-01 -9.852893e-02 -7.767236e-01
    outer loop
      vertex   2.874704e-04 -6.110371e-05 -4.045085e-04
      vertex   3.327325e-04 -3.497160e-05 -3.715724e-04
      vertex   3.272542e-04 -6.956004e-05 -3.715724e-04
    endloop
  endfacet
  facet normal 6.083802e-01 -1.630150e-01 -7.767236e-01
    outer loop
      vertex   2.874704e-04 -6.110371e-05 -4.045085e-04
      vertex   3.272542e-04 -6.956004e-05 -3.715724e-04
      vertex   2.795085e-04 -9.081782e-05 -4.045085e-04
    endloop
  endfacet
  facet normal 6.083802e-01 -1.630150e-01 -7.767236e-01
    outer loop
      vertex   2.795085e-04 -9.081782e-05 -4.045085e-04
      vertex   3.272542e-04 -6.956004e-05 -3.715724e-04
      vertex   3.181905e-04 -1.033864e-04 -3.715724e-04
    endloop
  endfacet
  facet normal 5.880078e-01 -2.257150e-01 -7.767236e-01
    outer loop
      vertex   2.795085e-04 -9.081782e-05 -4.045085e-04
      vertex   3.181905e-04 -1.033864e-04 -3.715724e-04
      vertex   2.684843e-04 -1.195369e-04 -4.045085e-04
    endloop
  endfacet
  facet normal 5.880078e-01 -2.257150e-01 -7.767236e-01
    outer loop
      vertex   2.684843e-04 -1.195369e-04 -4.045085e-04
      vertex   3.181905e-04 -1.033864e-04 -3.715724e-04
      vertex   3.056406e-04 -1.360800e-04 -3.715724e-04
    endloop
  endfacet
  facet normal 5.611929e-01 -2.859421e-01 -7.767236e-01
    outer loop
      vertex   2.684843e-04 -1.195369e-04 -4.045085e-04
      vertex   3.056406e-04 -1.360800e-04 -3.715724e-04
      vertex   2.545185e-04 -1.469463e-04 -4.045085e-04
    endloop
  endfacet
  facet normal 5.611929e-01 -2.859421e-01 -7.767236e-01
    outer loop
      vertex   2.545185e-04 -1.469463e-04 -4.045085e-04
      vertex   3.056406e-04 -1.360800e-04 -3.715724e-04
      vertex   2.897421e-04 -1.672827e-04 -3.715724e-04
    endloop
  endfacet
  facet normal 5.282296e-01 -3.430363e-01 -7.767236e-01
    outer loop
      vertex   2.545185e-04 -1.469463e-04 -4.045085e-04
      vertex   2.897421e-04 -1.672827e-04 -3.715724e-04
      vertex   2.377641e-04 -1.727458e-04 -4.045085e-04
    endloop
  endfacet
  facet normal 5.282296e-01 -3.430363e-01 -7.767236e-01
    outer loop
      vertex   2.377641e-04 -1.727458e-04 -4.045085e-04
      vertex   2.897421e-04 -1.672827e-04 -3.715724e-04
      vertex   2.706690e-04 -1.966526e-04 -3.715724e-04
    endloop
  endfacet
  facet normal 4.894788e-01 -3.963721e-01 -7.767236e-01
    outer loop
      vertex   2.377641e-04 -1.727458e-04 -4.045085e-04
      vertex   2.706690e-04 -1.966526e-04 -3.715724e-04
      vertex   2.184048e-04 -1.966526e-04 -4.045085e-04
    endloop
  endfacet
  facet normal 4.894788e-01 -3.963721e-01 -7.767236e-01
    outer loop
      vertex   2.184048e-04 -1.966526e-04 -4.045085e-04
      vertex   2.706690e-04 -1.966526e-04 -3.715724e-04
      vertex   2.486305e-04 -2.238679e-04 -3.715724e-04
    endloop
  endfacet
  facet normal 4.453652e-01 -4.453652e-01 -7.767236e-01
    outer loop
      vertex   2.184048e-04 -1.966526e-04 -4.045085e-04
      vertex   2.486305e-04 -2.238679e-04 -3.715724e-04
      vertex   1.966526e-04 -2.184048e-04 -4.045085e-04
    endloop
  endfacet
  facet normal 4.453652e-01 -4.453652e-01 -7.767236e-01
    outer loop
      vertex   1.966526e-04 -2.184048e-04 -4.045085e-04
      vertex   2.486305e-04 -2.238679e-04 -3.715724e-04
      vertex   2.238679e-04 -2.486305e-04 -3.715724e-04
    endloop
  endfacet
  facet normal 3.963721e-01 -4.894788e-01 -7.767236e-01
    outer loop
      vertex   1.966526e-04 -2.184048e-04 -4.045085e-04
      vertex   2.238679e-04 -2.486305e-04 -3.715724e-04
      vertex   1.727458e-04 -2.377641e-04 -4.045085e-04
    endloop
  endfacet
  facet normal 3.963721e-01 -4.894788e-01 -7.767236e-01
    outer loop
      vertex   1.727458e-04 -2.377641e-04 -4.045085e-04
      vertex   2.238679e-04 -2.486305e-04 -3.715724e-04
      vertex   1.966526e-04 -2.706690e-04 -3.715724e-04
    endloop
  endfacet
  facet normal 3.430363e-01 -5.282296e-01 -7.767236e-01
    outer loop
      vertex   1.727458e-04 -2.377641e-04 -4.045085e-04
      vertex   1.966526e-04 -2.706690e-04 -3.715724e-04
      vertex   1.469463e-04 -2.545185e-04 -4.045085e-04
    endloop
  endfacet
  facet normal 3.430363e-01 -5.282296e-01 -7.767236e-01
    outer loop
      vertex   1.469463e-04 -2.545185e-04 -4.045085e-04
      vertex   1.966526e-04 -2.706690e-04 -3.715724e-04
      vertex   1.672827e-04 -2.897421e-04 -3.715724e-04
    endloop
  endfacet
  facet normal 2.859421e-01 -5.611929e-01 -7.767236e-01
    outer loop
      vertex   1.469463e-04 -2.545185e-04 -4.045085e-04
      vertex   1.672827e-04 -2.897421e-04 -3.715724e-04
      vertex   1.195369e-04 -2.684843e-04 -4.045085e-04
    endloop
  endfacet
  facet normal 2.859421e-01 -5.611929e-01 -7.767236e-01
    outer loop
      vertex   1.195369e-04 -2.684843e-04 -4.045085e-04
      vertex   1.672827e-04 -2.897421e-04 -3.715724e-04
      vertex   1.360800e-04 -3.056406e-04 -3.715724e-04
    endloop
  endfacet
  facet normal 2.257150e-01 -5.880078e-01 -7.767236e-01
    outer loop
      vertex   1.195369e-04 -2.684843e-04 -4.045085e-04
      vertex   1.360800e-04 -3.056406e-04 -3.715724e-04
      vertex   9.081782e-05 -2.795085e-04 -4.045085e-04
    endloop
  endfacet
  facet normal 2.257150e-01 -5.880078e-01 -7.767236e-01
    outer loop
      vertex   9.081782e-05 -2.795085e-04 -4.045085e-04
      vertex   1.360800e-04 -3.056406e-04 -3.715724e-04
      vertex   1.033864e-04 -3.181905e-04 -3.715724e-04
    endloop
  endfacet
  facet normal 1.630150e-01 -6.083802e-01 -7.767236e-01
    outer loop
      vertex   9.081782e-05 -2.795085e-04 -4.045085e-04
      vertex   1.033864e-04 -3.181905e-04 -3.715724e-04
      vertex   6.110371e-05 -2.874704e-04 -4.045085e-04
    endloop
  endfacet
  facet normal 1.630150e-01 -6.083802e-01 -7.767236e-01
    outer loop
      vertex   6.110371e-05 -2.874704e-04 -4.045085e-04
      vertex   1.033864e-04 -3.181905e-04 -3.715724e-04
      vertex   6.956004e-05 -3.272542e-04 -3.715724e-04
    endloop
  endfacet
  facet normal 9.852893e-02 -6.220872e-01 -7.767236e-01
    outer loop
      vertex   6.110371e-05 -2.874704e-04 -4.045085e-04
      vertex   6.956004e-05 -3.272542e-04 -3.715724e-04
      vertex   3.072014e-05 -2.922827e-04 -4.045085e-04
    endloop
  endfacet
  facet normal 9.852893e-02 -6.220872e-01 -7.767236e-01
    outer loop
      vertex   3.072014e-05 -2.922827e-04 -4.045085e-04
      vertex   6.956004e-05 -3.272542e-04 -3.715724e-04
      vertex   3.497160e-05 -3.327325e-04 -3.715724e-04
    endloop
  endfacet
  facet normal 3.296336e-02 -6.289784e-01 -7.767236e-01
    outer loop
      vertex   3.072014e-05 -2.922827e-04 -4.045085e-04
      vertex   3.497160e-05 -3.327325e-04 -3.715724e-04
      vertex   1.799573e-20 -2.938926e-04 -4.045085e-04
    endloop
  endfacet
  facet normal 3.296336e-02 -6.289784e-01 -7.767236e-01
    outer loop
      vertex   1.799573e-20 -2.938926e-04 -4.045085e-04
      vertex   3.497160e-05 -3.327325e-04 -3.715724e-04
      vertex   2.048622e-20 -3.345653e-04 -3.715724e-04
    endloop
  endfacet
  facet normal -3.296336e-02 -6.289784e-01 -7.767236e-01
    outer loop
      vertex   1.799573e-20 -2.938926e-04 -4.045085e-04
      vertex   2.048622e-20 -3.345653e-04 -3.715724e-04
      vertex   -3.072014e-05 -2.922827e-04 -4.045085e-04
    endloop
  endfacet
  facet normal -3.296336e-02 -6.289784e-01 -7.767236e-01
    outer loop
      vertex   -3.072014e-05 -2.922827e-04 -4.045085e-04
      vertex   2.048622e-20 -3.345653e-04 -3.715724e-04
      vertex   -3.497160e-05 -3.327325e-04 -3.715724e-04
    endloop
  endfacet
  facet normal -9.852893e-02 -6.220872e-01 -7.767236e-01
    outer loop
      vertex   -3.072014e-05 -2.922827e-04 -4.045085e-04
      vertex   -3.497160e-05 -3.327325e-04 -3.715724e-04
      vertex   -6.110371e-05 -2.874704e-04 -4.045085e-04
    endloop
  endfacet
  facet normal -9.852893e-02 -6.220872e-01 -7.767236e-01
    outer loop
      vertex   -6.110371e-05 -2.874704e-04 -4.045085e-04
      vertex   -3.497160e-05 -3.327325e-04 -3.715724e-04
      vertex   -6.956004e-05 -3.272542e-04 -3.715724e-04
    endloop
  endfacet
  facet normal -1.630150e-01 -6.083802e-01 -7.767236e-01
    outer loop
      vertex   -6.110371e-05 -2.874704e-04 -4.045085e-04
      vertex   -6.956004e-05 -3.272542e-04 -3.715724e-04
      vertex   -9.081782e-05 -2.795085e-04 -4.045085e-04
    endloop
  endfacet
  facet normal -1.630150e-01 -6.083802e-01 -7.767236e-01
    outer loop
      vertex   -9.081782e-05 -2.795085e-04 -4.045085e-04
      vertex   -6.956004e-05 -3.272542e-04 -3.715724e-04
      vertex   -1.033864e-04 -3.181905e-04 -3.715724e-04
    endloop
  endfacet
  facet normal -2.257150e-01 -5.880078e-01 -7.767236e-01
    outer loop
      vertex   -9.081782e-05 -2.795085e-04 -4.045085e-04
      vertex   -1.033864e-04 -3.181905e-04 -3.715724e-04
      vertex   -1.195369e-04 -2.684843e-04 -4.045085e-04
    endloop
  endfacet
  facet normal -2.257150e-01 -5.880078e-01 -7.767236e-01
    outer loop
      vertex   -1.195369e-04 -2.684843e-04 -4.045085e-04
      vertex   -1.033864e-04 -3.181905e-04 -3.715724e-04
      vertex   -1.360800e-04 -3.056406e-04 -3.715724e-04
    endloop
  endfacet
  facet normal -2.859421e-01 -5.611929e-01 -7.767236e-01
    outer loop
      vertex   -1.195369e-04 -2.684843e-04 -4.045085e-04
      vertex   -1.360800e-04 -3.056406e-04 -3.715724e-04
      vertex   -1.469463e-04 -2.545185e-04 -4.045085e-04
    endloop
  endfacet
  facet normal -2.859421e-01 -5.611929e-01 -7.767236e-01
    outer loop
      vertex   -1.469463e-04 -2.545185e-04 -4.045085e-04
      vertex   -1.360800e-04 -3.056406e-04 -3.715724e-04
      vertex   -1.672827e-04 -2.897421e-04 -3.715724e-04
    endloop
  endfacet
  facet normal -3.430363e-01 -5.282296e-01 -7.767236e-01
    outer loop
      vertex   -1.469463e-04 -2.545185e-04 -4.045085e-04
      vertex   -1.672827e-04 -2.897421e-04 -3.715724e-04
      vertex   -1.727458e-04 -2.377641e-04 -4.045085e-04
    endloop
  endfacet
  facet normal -3.430363e-01 -5.282296e-01 -7.767236e-01
    outer loop
      vertex   -1.727458e-04 -2.377641e-04 -4.045085e-04
      vertex   -1.672827e-04 -2.897421e-04 -3.715724e-04
      vertex   -1.966526e-04 -2.706690e-04 -3.715724e-04
    endloop
  endfacet
  facet normal -3.963721e-01 -4.894788e-01 -7.767236e-01
    outer loop
      vertex   -1.727458e-04 -2.377641e-04 -4.045085e-04
      vertex   -1.966526e-04 -2.706690e-04 -3.715724e-04
      vertex   -1.966526e-04 -2.184048e-04 -4.045085e-04
    endloop
  endfacet
  facet normal -3.963721e-01 -4.894788e-01 -7.767236e-01
    outer loop
      vertex   -1.966526e-04 -2.184048e-04 -4.045085e-04
      vertex   -1.966526e-04 -2.706690e-04 -3.715724e-04
      vertex   -2.238679e-04 -2.486305e-04 -3.715724e-04
    endloop
  endfacet
  facet normal -4.453652e-01 -4.453652e-01 -7.767236e-01
    outer loop
      vertex   -1.966526e-04 -2.184048e-04 -4.045085e-04
      vertex   -2.238679e-04 -2.486305e-04 -3.715724e-04
      vertex   -2.184048e-04 -1.966526e-04 -4.045085e-04
    endloop
  endfacet
  facet normal -4.453652e-01 -4.453652e-01 -7.767236e-01
    outer loop
      vertex   -2.184048e-04 -1.966526e-04 -4.045085e-04
      vertex   -2.238679e-04 -2.486305e-04 -3.715724e-04
      vertex   -2.486305e-04 -2.238679e-04 -3.715724e-04
    endloop
  endfacet
  facet normal -4.894788e-01 -3.963721e-01 -7.767236e-01
    outer loop
      vertex   -2.184048e-04 -1.966526e-04 -4.045085e-04
      vertex   -2.486305e-04 -2.238679e-04 -3.715724e-04
      vertex   -2.377641e-04 -1.727458e-04 -4.045085e-04
    endloop
  endfacet
  facet normal -4.894788e-01 -3.963721e-01 -7.767236e-01
    outer loop
      vertex   -2.377641e-04 -1.727458e-04 -4.045085e-04
      vertex   -2.486305e-04 -2.238679e-04 -3.715724e-04
      vertex   -2.706690e-04 -1.966526e-04 -3.715724e-04
    endloop
  endfacet
  facet normal -5.282296e-01 -3.430363e-01 -7.767236e-01
    outer loop
      vertex   -2.377641e-04 -1.727458e-04 -4.045085e-04
      vertex   -2.706690e-04 -1.966526e-04 -3.715724e-04
      vertex   -2.545185e-04 -1.469463e-04 -4.045085e-04
    endloop
  endfacet
  facet normal -5.282296e-01 -3.430363e-01 -7.767236e-01
    outer loop
      vertex   -2.545185e-04 -1.469463e-04 -4.045085e-04
      vertex   -2.706690e-04 -1.966526e-04 -3.715724e-04
      vertex   -2.897421e-04 -1.672827e-04 -3.715724e-04
    endloop
  endfacet
  facet normal -5.611929e-01 -2.859421e-01 -7.767236e-01
    outer loop
      vertex   -2.545185e-04 -1.469463e-04 -4.045085e-04
      vertex   -2.897421e-04 -1.672827e-04 -3.715724e-04
      vertex   -2.684843e-04 -1.195369e-04 -4.045085e-04
    endloop
  endfacet
  facet normal -5.611929e-01 -2.859421e-01 -7.767236e-01
    outer loop
      vertex   -2.684843e-04 -1.195369e-04 -4.045085e-04
      vertex   -2.897421e-04 -1.672827e-04 -3.715724e-04
      vertex   -3.056406e-04 -1.360800e-04 -3.715724e-04
    endloop
  endfacet
  facet normal -5.880078e-01 -2.257150e-01 -7.767236e-01
    outer loop
      vertex   -2.684843e-04 -1.195369e-04 -4.045085e-04
      vertex   -3.056406e-04 -1.360800e-04 -3.715724e-04
      vertex   -2.795085e-04 -9.081782e-05 -4.045085e-04
    endloop
  endfacet
  facet normal -5.880078e-01 -2.257150e-01 -7.767236e-01
    outer loop
      vertex   -2.795085e-04 -9.081782e-05 -4.045085e-04
      vertex   -3.056406e-04 -1.360800e-04 -3.715724e-04
      vertex   -3.181905e-04 -1.033864e-04 -3.715724e-04
    endloop
  endfacet
  facet normal -6.083802e-01 -1.630150e-01 -7.767236e-01
    outer loop
      vertex   -2.795085e-04 -9.081782e-05 -4.045085e-04
      vertex   -3.181905e-04 -1.033864e-04 -3.715724e-04
      vertex   -2.874704e-04 -6.110371e-05 -4.045085e-04
    endloop
  endfacet
  facet normal -6.083802e-01 -1.630150e-01 -7.767236e-01
    outer loop
      vertex   -2.874704e-04 -6.110371e-05 -4.045085e-04
      vertex   -3.181905e-04 -1.033864e-04 -3.715724e-04
      vertex   -3.272542e-04 -6.956004e-05 -3.715724e-04
    endloop
  endfacet
  facet normal -6.220872e-01 -9.852893e-02 -7.767236e-01
    outer loop
      vertex   -2.874704e-04 -6.110371e-05 -4.045085e-04
      vertex   -3.272542e-04 -6.956004e-05 -3.715724e-04
      vertex   -2.922827e-04 -3.072014e-05 -4.045085e-04
    endloop
  endfacet
  facet normal -6.220872e-01 -9.852893e-02 -7.767236e-01
    outer loop
      vertex   -2.922827e-04 -3.072014e-05 -4.045085e-04
      vertex   -3.272542e-04 -6.956004e-05 -3.715724e-04
      vertex   -3.327325e-04 -3.497160e-05 -3.715724e-04
    endloop
  endfacet
  facet normal -6.289784e-01 -3.296336e-02 -7.767236e-01
    outer loop
      vertex   -2.922827e-04 -3.072014e-05 -4.045085e-04
      vertex   -3.327325e-04 -3.497160e-05 -3.715724e-04
      vertex   -2.938926e-04 -3.599147e-20 -4.045085e-04
    endloop
  endfacet
  facet normal -6.289784e-01 -3.296336e-02 -7.767236e-01
    outer loop
      vertex   -2.938926e-04 -3.599147e-20 -4.045085e-04
      vertex   -3.327325e-04 -3.497160e-05 -3.715724e-04
      vertex   -3.345653e-04 -4.097243e-20 -3.715724e-04
    endloop
  endfacet
  facet normal -6.289784e-01 3.296336e-02 -7.767236e-01
    outer loop
      vertex   -2.938926e-04 -3.599147e-20 -4.045085e-04
      vertex   -3.345653e-04 -4.097243e-20 -3.715724e-04
      vertex   -2.922827e-04 3.072014e-05 -4.045085e-04
    endloop
  endfacet
  facet normal -6.289784e-01 3.296336e-02 -7.767236e-01
    outer loop
      vertex   -2.922827e-04 3.072014e-05 -4.045085e-04
      vertex   -3.345653e-04 -4.097243e-20 -3.715724e-04
      vertex   -3.327325e-04 3.497160e-05 -3.715724e-04
    endloop
  endfacet
  facet normal -6.220872e-01 9.852893e-02 -7.767236e-01
    outer loop
      vertex   -2.922827e-04 3.072014e-05 -4.045085e-04
      vertex   -3.327325e-04 3.497160e-05 -3.715724e-04
      vertex   -2.874704e-04 6.110371e-05 -4.045085e-04
    endloop
  endfacet
  facet normal -6.220872e-01 9.852893e-02 -7.767236e-01
    outer loop
      vertex   -2.874704e-04 6.110371e-05 -4.045085e-04
      vertex   -3.327325e-04 3.497160e-05 -3.715724e-04
      vertex   -3.272542e-04 6.956004e-05 -3.715724e-04
    endloop
  endfacet
  facet normal -6.083802e-01 1.630150e-01 -7.767236e-01
    outer loop
      vertex   -2.874704e-04 6.110371e-05 -4.045085e-04
      vertex   -3.272542e-04 6.956004e-05 -3.715724e-04
      vertex   -2.795085e-04 9.081782e-05 -4.045085e-04
    endloop
  endfacet
  facet normal -6.083802e-01 1.630150e-01 -7.767236e-01
    outer loop
      vertex   -2.795085e-04 9.081782e-05 -4.045085e-04
      vertex   -3.272542e-04 6.956004e-05 -3.715724e-04
      vertex   -3.181905e-04 1.033864e-04 -3.715724e-04
    endloop
  endfacet
  facet normal -5.880078e-01 2.257150e-01 -7.767236e-01
    outer loop
      vertex   -2.795085e-04 9.081782e-05 -4.045085e-04
      vertex   -3.181905e-04 1.033864e-04 -3.715724e-04
      vertex   -2.684843e-04 1.195369e-04 -4.045085e-04
    endloop
  endfacet
  facet normal -5.880078e-01 2.257150e-01 -7.767236e-01
    outer loop
      vertex   -2.684843e-04 1.195369e-04 -4.045085e-04
      vertex   -3.181905e-04 1.033864e-04 -3.715724e-04
      vertex   -3.056406e-04 1.360800e-04 -3.715724e-04
    endloop
  endfacet
  facet normal -5.611929e-01 2.859421e-01 -7.767236e-01
    outer loop
      vertex   -2.684843e-04 1.195369e-04 -4.045085e-04
      vertex   -3.056406e-04 1.360800e-04 -3.715724e-04
      vertex   -2.545185e-04 1.469463e-04 -4.045085e-04
    endloop
  endfacet
  facet normal -5.611929e-01 2.859421e-01 -7.767236e-01
    outer loop
      vertex   -2.545185e-04 1.469463e-04 -4.045085e-04
      vertex   -3.056406e-04 1.360800e-04 -3.715724e-04
      vertex   -2.897421e-04 1.672827e-04 -3.715724e-04
    endloop
  endfacet
  facet normal -5.282296e-01 3.430363e-01 -7.767236e-01
    outer loop
      vertex   -2.545185e-04 1.469463e-04 -4.045085e-04
      vertex   -2.897421e-04 1.672827e-04 -3.715724e-04
      vertex   -2.377641e-04 1.727458e-04 -4.045085e-04
    endloop
  endfacet
  facet normal -5.282296e-01 3.430363e-01 -7.767236e-01
    outer loop
      vertex   -2.377641e-04 1.727458e-04 -4.045085e-04
      vertex   -2.897421e-04 1.672827e-04 -3.715724e-04
      vertex   -2.706690e-04 1.966526e-04 -3.715724e-04
    endloop
  endfacet
  facet normal -4.894788e-01 3.963721e-01 -7.767236e-01
    outer loop
      vertex   -2.377641e-04 1.727458e-04 -4.045085e-04
      vertex   -2.706690e-04 1.966526e-04 -3.715724e-04
      vertex   -2.184048e-04 1.966526e-04 -4.045085e-04
    endloop
  endfacet
  facet normal -4.894788e-01 3.963721e-01 -7.767236e-01
    outer loop
      vertex   -2.184048e-04 1.966526e-04 -4.045085e-04
      vertex   -2.706690e-04 1.966526e-04 -3.715724e-04
      vertex   -2.486305e-04 2.238679e-04 -3.715724e-04
    endloop
  endfacet
  facet normal -4.453652e-01 4.453652e-01 -7.767236e-01
    outer loop
      vertex   -2.184048e-04 1.966526e-04 -4.045085e-04
      vertex   -2.486305e-04 2.238679e-04 -3.715724e-04
      vertex   -1.966526e-04 2.184048e-04 -4.045085e-04
    endloop
  endfacet
  facet normal -4.453652e-01 4.453652e-01 -7.767236e-01
    outer loop
      vertex   -1.966526e-04 2.184048e-04 -4.045085e-04
      vertex   -2.486305e-04 2.238679e-04 -3.715724e-04
      vertex   -2.238679e-04 2.486305e-04 -3.715724e-04
    endloop
  endfacet
  facet normal -3.963721e-01 4.894788e-01 -7.767236e-01
    outer loop
      vertex   -1.966526e-04 2.184048e-04 -4.045085e-04
      vertex   -2.238679e-04 2.486305e-04 -3.715724e-04
      vertex   -1.727458e-04 2.377641e-04 -4.045085e-04
    endloop
  endfacet
  facet normal -3.963721e-01 4.894788e-01 -7.767236e-01
    outer loop
      vertex   -1.727458e-04 2.377641e-04 -4.045085e-04
      vertex   -2.238679e-04 2.486305e-04 -3.715724e-04
      vertex   -1.966526e-04 2.706690e-04 -3.715724e-04
    endloop
  endfacet
  facet normal -3.430363e-01 5.282296e-01 -7.767236e-01
    outer loop
      vertex   -1.727458e-04 2.377641e-04 -4.045085e-04
      vertex   -1.966526e-04 2.706690e-04 -3.715724e-04
      vertex   -1.469463e-04 2.545185e-04 -4.045085e-04
    endloop
  endfacet
  facet normal -3.430363e-01 5.282296e-01 -7.767236e-01
    outer loop
      vertex   -1.469463e-04 2.545185e-04 -4.045085e-04
      vertex   -1.966526e-04 2.706690e-04 -3.715724e-04
      vertex   -1.672827e-04 2.897421e-04 -3.715724e-04
    endloop
  endfacet
  facet normal -2.859421e-01 5.611929e-01 -7.767236e-01
    outer loop
      vertex   -1.469463e-04 2.545185e-04 -4.045085e-04
      vertex   -1.672827e-04 2.897421e-04 -3.715724e-04
      vertex   -1.195369e-04 2.684843e-04 -4.045085e-04
    endloop
  endfacet
  facet normal -2.859421e-01 5.611929e-01 -7.767236e-01
    outer loop
      vertex   -1.195369e-04 2.684843e-04 -4.045085e-04
      vertex   -1.672827e-04 2.897421e-04 -3.715724e-04
      vertex   -1.360800e-04 3.056406e-04 -3.715724e-04
    endloop
  endfacet
  facet normal -2.257150e-01 5.880078e-01 -7.767236e-01
    outer loop
      vertex   -1.195369e-04 2.684843e-04 -4.045085e-04
      vertex   -1.360800e-04 3.056406e-04 -3.715724e-04
      vertex   -9.081782e-05 2.795085e-04 -4.045085e-04
    endloop
  endfacet
  facet normal -2.257150e-01 5.880078e-01 -7.767236e-01
    outer loop
      vertex   -9.081782e-05 2.795085e-04 -4.045085e-04
      vertex   -1.360800e-04 3.056406e-04 -3.715724e-04
      vertex   -1.033864e-04 3.181905e-04 -3.715724e-04
    endloop
  endfacet
  facet normal -1.630150e-01 6.083802e-01 -7.767236e-01
    outer loop
      vertex   -9.081782e-05 2.795085e-04 -4.045085e-04
      vertex   -1.033864e-04 3.181905e-04 -3.715724e-04
      vertex   -6.110371e-05 2.874704e-04 -4.045085e-04
    endloop
  endfacet
  facet normal -1.630150e-01 6.083802e-01 -7.767236e-01
    outer loop
      vertex   -6.110371e-05 2.874704e-04 -4.045085e-04
      vertex   -1.033864e-04 3.181905e-04 -3.715724e-04
      vertex   -6.956004e-05 3.272542e-04 -3.715724e-04
    endloop
  endfacet
  facet normal -9.852893e-02 6.220872e-01 -7.767236e-01
    outer loop
      vertex   -6.110371e-05 2.874704e-04 -4.045085e-04
      vertex   -6.956004e-05 3.272542e-04 -3.715724e-04
      vertex   -3.072014e-05 2.922827e-04 -4.045085e-04
    endloop
  endfacet
  facet normal -9.852893e-02 6.220872e-01 -7.767236e-01
    outer loop
      vertex   -3.072014e-05 2.922827e-04 -4.045085e-04
      vertex   -6.956004e-05 3.272542e-04 -3.715724e-04
      vertex   -3.497160e-05 3.327325e-04 -3.715724e-04
    endloop
  endfacet
  facet normal -3.296336e-02 6.289784e-01 -7.767236e-01
    outer loop
      vertex   -3.072014e-05 2.922827e-04 -4.045085e-04
      vertex   -3.497160e-05 3.327325e-04 -3.715724e-04
      vertex   1.799573e-20 2.938926e-04 -4.045085e-04
    endloop
  endfacet
  facet normal -3.296336e-02 6.289784e-01 -7.767236e-01
    outer loop
      vertex   1.799573e-20 2.938926e-04 -4.045085e-04
      vertex   -3.497160e-05 3.327325e-04 -3.715724e-04
      vertex   2.048622e-20 3.345653e-04 -3.715724e-04
    endloop
  endfacet
  facet normal 3.296336e-02 6.289784e-01 -7.767236e-01
    outer loop
      vertex   1.799573e-20 2.938926e-04 -4.045085e-04
      vertex   2.048622e-20 3.345653e-04 -3.715724e-04
      vertex   3.072014e-05 2.922827e-04 -4.045085e-04
    endloop
  endfacet
  facet normal 3.296336e-02 6.289784e-01 -7.767236e-01
    outer loop
      vertex   3.072014e-05 2.922827e-04 -4.045085e-04
      vertex   2.048622e-20 3.345653e-04 -3.715724e-04
      vertex   3.497160e-05 3.327325e-04 -3.715724e-04
    endloop
  endfacet
  facet normal 9.852893e-02 6.220872e-01 -7.767236e-01
    outer loop
      vertex   3.072014e-05 2.922827e-04 -4.045085e-04
      vertex   3.497160e-05 3.327325e-04 -3.715724e-04
      vertex   6.110371e-05 2.874704e-04 -4.045085e-04
    endloop
  endfacet
  facet normal 9.852893e-02 6.220872e-01 -7.767236e-01
    outer loop
      vertex   6.110371e-05 2.874704e-04 -4.045085e-04
      vertex   3.497160e-05 3.327325e-04 -3.715724e-04
      vertex   6.956004e-05 3.272542e-04 -3.715724e-04
    endloop
  endfacet
  facet normal 1.630150e-01 6.083802e-01 -7.767236e-01
    outer loop
      vertex   6.110371e-05 2.874704e-04 -4.045085e-04
      vertex   6.956004e-05 3.272542e-04 -3.715724e-04
      vertex   9.081782e-05 2.795085e-04 -4.045085e-04
    endloop
  endfacet
  facet normal 1.630150e-01 6.083802e-01 -7.767236e-01
    outer loop
      vertex   9.081782e-05 2.795085e-04 -4.045085e-04
      vertex   6.956004e-05 3.272542e-04 -3.715724e-04
      vertex   1.033864e-04 3.181905e-04 -3.715724e-04
    endloop
  endfacet
  facet normal 2.257150e-01 5.880078e-01 -7.767236e-01
    outer loop
      vertex   9.081782e-05 2.795085e-04 -4.045085e-04
      vertex   1.033864e-04 3.181905e-04 -3.715724e-04
      vertex   1.195369e-04 2.684843e-04 -4.045085e-04
    endloop
  endfacet
  facet normal 2.257150e-01 5.880078e-01 -7.767236e-01
    outer loop
      vertex   1.195369e-04 2.684843e-04 -4.045085e-04
      vertex   1.033864e-04 3.181905e-04 -3.715724e-04
      vertex   1.360800e-04 3.056406e-04 -3.715724e-04
    endloop
  endfacet
  facet normal 2.859421e-01 5.611929e-01 -7.767236e-01
    outer loop
      vertex   1.195369e-04 2.684843e-04 -4.045085e-04
      vertex   1.360800e-04 3.056406e-04 -3.715724e-04
      vertex   1.469463e-04 2.545185e-04 -4.045085e-04
    endloop
  endfacet
  facet normal 2.859421e-01 5.611929e-01 -7.767236e-01
    outer loop
      vertex   1.469463e-04 2.545185e-04 -4.045085e-04
      vertex   1.360800e-04 3.056406e-04 -3.715724e-04
      vertex   1.672827e-04 2.897421e-04 -3.715724e-04
    endloop
  endfacet
  facet normal 3.430363e-01 5.282296e-01 -7.767236e-01
    outer loop
      vertex   1.469463e-04 2.545185e-04 -4.045085e-04
      vertex   1.672827e-04 2.897421e-04 -3.715724e-04
      vertex   1.727458e-04 2.377641e-04 -4.045085e-04
    endloop
  endfacet
  facet normal 3.430363e-01 5.282296e-01 -7.767236e-01
    outer loop
      vertex   1.727458e-04 2.377641e-04 -4.045085e-04
      vertex   1.672827e-04 2.897421e-04 -3.715724e-04
      vertex   1.966526e-04 2.706690e-04 -3.715724e-04
    endloop
  endfacet
  facet normal 3.963721e-01 4.894788e-01 -7.767236e-01
    outer loop
      vertex   1.727458e-04 2.377641e-04 -4.045085e-04
      vertex   1.966526e-04 2.706690e-04 -3.715724e-04
      vertex   1.966526e-04 2.184048e-04 -4.045085e-04
    endloop
  endfacet
  facet normal 3.963721e-01 4.894788e-01 -7.767236e-01
    outer loop
      vertex   1.966526e-04 2.184048e-04 -4.045085e-04
      vertex   1.966526e-04 2.706690e-04 -3.715724e-04
      vertex   2.238679e-04 2.486305e-04 -3.715724e-04
    endloop
  endfacet
  facet normal 4.453652e-01 4.453652e-01 -7.767236e-01
    outer loop
      vertex   1.966526e-04 2.184048e-04 -4.045085e-04
      vertex   2.238679e-04 2.486305e-04 -3.715724e-04
      vertex   2.184048e-04 1.966526e-04 -4.045085e-04
    endloop
  endfacet
  facet normal 4.453652e-01 4.453652e-01 -7.767236e-01
    outer loop
      vertex   2.184048e-04 1.966526e-04 -4.045085e-04
      vertex   2.238679e-04 2.486305e-04 -3.715724e-04
      vertex   2.486305e-04 2.238679e-04 -3.715724e-04
    endloop
  endfacet
  facet normal 4.894788e-01 3.963721e-01 -7.767236e-01
    outer loop
      vertex   2.184048e-04 1.966526e-04 -4.045085e-04
      vertex   2.486305e-04 2.238679e-04 -3.715724e-04
      vertex   2.377641e-04 1.727458e-04 -4.045085e-04
    endloop
  endfacet
  facet normal 4.894788e-01 3.963721e-01 -7.767236e-01
    outer loop
      vertex   2.377641e-04 1.727458e-04 -4.045085e-04
      vertex   2.486305e-04 2.238679e-04 -3.715724e-04
      vertex   2.706690e-04 1.966526e-04 -3.715724e-04
    endloop
  endfacet
  facet normal 5.282296e-01 3.430363e-01 -7.767236e-01
    outer loop
      vertex   2.377641e-04 1.727458e-04 -4.045085e-04
      vertex   2.706690e-04 1.966526e-04 -3.715724e-04
      vertex   2.545185e-04 1.469463e-04 -4.045085e-04
    endloop
  endfacet
  facet normal 5.282296e-01 3.430363e-01 -7.767236e-01
    outer loop
      vertex   2.545185e-04 1.469463e-04 -4.045085e-04
      vertex   2.706690e-04 1.966526e-04 -3.715724e-04
      vertex   2.897421e-04 1.672827e-04 -3.715724e-04
    endloop
  endfacet
  facet normal 5.611929e-01 2.859421e-01 -7.767236e-01
    outer loop
      vertex   2.545185e-04 1.469463e-04 -4.045085e-04
      vertex   2.897421e-04 1.672827e-04 -3.715724e-04
      vertex   2.684843e-04 1.195369e-04 -4.045085e-04
    endloop
  endfacet
  facet normal 5.611929e-01 2.859421e-01 -7.767236e-01
    outer loop
      vertex   2.684843e-04 1.195369e-04 -4.045085e-04
      vertex   2.897421e-04 1.672827e-04 -3.715724e-04
      vertex   3.056406e-04 1.360800e-04 -3.715724e-04
    endloop
  endfacet
  facet normal 5.880078e-01 2.257150e-01 -7.767236e-01
    outer loop
      vertex   2.684843e-04 1.195369e-04 -4.045085e-04
      vertex   3.056406e-04 1.360800e-04 -3.715724e-04
      vertex   2.795085e-04 9.081782e-05 -4.045085e-04
    endloop
  endfacet
  facet normal 5.880078e-01 2.257150e-01 -7.767236e-01
    outer loop
      vertex   2.795085e-04 9.081782e-05 -4.045085e-04
      vertex   3.056406e-04 1.360800e-04 -3.715724e-04
      vertex   3.181905e-04 1.033864e-04 -3.715724e-04
    endloop
  endfacet
  facet normal 6.083802e-01 1.630150e-01 -7.767236e-01
    outer loop
      vertex   2.795085e-04 9.081782e-05 -4.045085e-04
      vertex   3.181905e-04 1.033864e-04 -3.715724e-04
      vertex   2.874704e-04 6.110371e-05 -4.045085e-04
    endloop
  endfacet
  facet normal 6.083802e-01 1.630150e-01 -7.767236e-01
    outer loop
      vertex   2.874704e-04 6.110371e-05 -4.045085e-04
      vertex   3.181905e-04 1.033864e-04 -3.715724e-04
      vertex   3.272542e-04 6.956004e-05 -3.715724e-04
    endloop
  endfacet
  facet normal 6.220872e-01 9.852893e-02 -7.767236e-01
    outer loop
      vertex   2.874704e-04 6.110371e-05 -4.045085e-04
      vertex   3.272542e-04 6.956004e-05 -3.715724e-04
      vertex   2.922827e-04 3.072014e-05 -4.045085e-04
    endloop
  endfacet
  facet normal 6.220872e-01 9.852893e-02 -7.767236e-01
    outer loop
      vertex   2.922827e-04 3.072014e-05 -4.045085e-04
      vertex   3.272542e-04 6.956004e-05 -3.715724e-04
      vertex   3.327325e-04 3.497160e-05 -3.715724e-04
    endloop
  endfacet
  facet normal 6.289784e-01 3.296336e-02 -7.767236e-01
    outer loop
      vertex   2.922827e-04 3.072014e-05 -4.045085e-04
      vertex   3.327325e-04 3.497160e-05 -3.715724e-04
      vertex   2.938926e-04 0.000000e+00 -4.045085e-04
    endloop
  endfacet
  facet normal 6.289784e-01 3.296336e-02 -7.767236e-01
    outer loop
      vertex   2.938926e-04 0.000000e+00 -4.045085e-04
      vertex   3.327325e-04 3.497160e-05 -3.715724e-04
      vertex   3.345653e-04 0.000000e+00 -3.715724e-04
    endloop
  endfacet
  facet normal 7.066218e-01 -3.703248e-02 -7.066218e-01
    outer loop
      vertex   3.345653e-04 0.000000e+00 -3.715724e-04
      vertex   3.715724e-04 0.000000e+00 -3.345653e-04
      vertex   3.327325e-04 -3.497160e-05 -3.715724e-04
    endloop
  endfacet
  facet normal 7.066218e-01 -3.703248e-02 -7.066218e-01
    outer loop
      vertex   3.327325e-04 -3.497160e-05 -3.715724e-04
      vertex   3.715724e-04 0.000000e+00 -3.345653e-04
      vertex   3.695369e-04 -3.883989e-05 -3.345653e-04
    endloop
  endfacet
  facet normal 6.988799e-01 -1.106917e-01 -7.066218e-01
    outer loop
      vertex   3.327325e-04 -3.497160e-05 -3.715724e-04
      vertex   3.695369e-04 -3.883989e-05 -3.345653e-04
      vertex   3.272542e-04 -6.956004e-05 -3.715724e-04
    endloop
  endfacet
  facet normal 6.988799e-01 -1.106917e-01 -7.066218e-01
    outer loop
      vertex   3.272542e-04 -6.956004e-05 -3.715724e-04
      vertex   3.695369e-04 -3.883989e-05 -3.345653e-04
      vertex   3.634527e-04 -7.725425e-05 -3.345653e-04
    endloop
  endfacet
  facet normal 6.834809e-01 -1.831382e-01 -7.066218e-01
    outer loop
      vertex   3.272542e-04 -6.956004e-05 -3.715724e-04
      vertex   3.634527e-04 -7.725425e-05 -3.345653e-04
      vertex   3.181905e-04 -1.033864e-04 -3.715724e-04
    endloop
  endfacet
  facet normal 6.834809e-01 -1.831382e-01 -7.066218e-01
    outer loop
      vertex   3.181905e-04 -1.033864e-04 -3.715724e-04
      vertex   3.634527e-04 -7.725425e-05 -3.345653e-04
      vertex   3.533864e-04 -1.148222e-04 -3.345653e-04
    endloop
  endfacet
  facet normal 6.605936e-01 -2.535781e-01 -7.066218e-01
    outer loop
      vertex   3.181905e-04 -1.033864e-04 -3.715724e-04
      vertex   3.533864e-04 -1.148222e-04 -3.345653e-04
      vertex   3.056406e-04 -1.360800e-04 -3.715724e-04
    endloop
  endfacet
  facet normal 6.605936e-01 -2.535781e-01 -7.066218e-01
    outer loop
      vertex   3.056406e-04 -1.360800e-04 -3.715724e-04
      vertex   3.533864e-04 -1.148222e-04 -3.345653e-04
      vertex   3.394483e-04 -1.511321e-04 -3.345653e-04
    endloop
  endfacet
  facet normal 6.304686e-01 -3.212398e-01 -7.066218e-01
    outer loop
      vertex   3.056406e-04 -1.360800e-04 -3.715724e-04
      vertex   3.394483e-04 -1.511321e-04 -3.345653e-04
      vertex   2.897421e-04 -1.672827e-04 -3.715724e-04
    endloop
  endfacet
  facet normal 6.304686e-01 -3.212398e-01 -7.066218e-01
    outer loop
      vertex   2.897421e-04 -1.672827e-04 -3.715724e-04
      vertex   3.394483e-04 -1.511321e-04 -3.345653e-04
      vertex   3.217911e-04 -1.857862e-04 -3.345653e-04
    endloop
  endfacet
  facet normal 5.934361e-01 -3.853819e-01 -7.066218e-01
    outer loop
      vertex   2.897421e-04 -1.672827e-04 -3.715724e-04
      vertex   3.217911e-04 -1.857862e-04 -3.345653e-04
      vertex   2.706690e-04 -1.966526e-04 -3.715724e-04
    endloop
  endfacet
  facet normal 5.934361e-01 -3.853819e-01 -7.066218e-01
    outer loop
      vertex   2.706690e-04 -1.966526e-04 -3.715724e-04
      vertex   3.217911e-04 -1.857862e-04 -3.345653e-04
      vertex   3.006084e-04 -2.184048e-04 -3.345653e-04
    endloop
  endfacet
  facet normal 5.499019e-01 -4.453017e-01 -7.066218e-01
    outer loop
      vertex   2.706690e-04 -1.966526e-04 -3.715724e-04
      vertex   3.006084e-04 -2.184048e-04 -3.345653e-04
      vertex   2.486305e-04 -2.238679e-04 -3.715724e-04
    endloop
  endfacet
  facet normal 5.499019e-01 -4.453017e-01 -7.066218e-01
    outer loop
      vertex   2.486305e-04 -2.238679e-04 -3.715724e-04
      vertex   3.006084e-04 -2.184048e-04 -3.345653e-04
      vertex   2.761321e-04 -2.486305e-04 -3.345653e-04
    endloop
  endfacet
  facet normal 5.003427e-01 -5.003427e-01 -7.066218e-01
    outer loop
      vertex   2.486305e-04 -2.238679e-04 -3.715724e-04
      vertex   2.761321e-04 -2.486305e-04 -3.345653e-04
      vertex   2.238679e-04 -2.486305e-04 -3.715724e-04
    endloop
  endfacet
  facet normal 5.003427e-01 -5.003427e-01 -7.066218e-01
    outer loop
      vertex   2.238679e-04 -2.486305e-04 -3.715724e-04
      vertex   2.761321e-04 -2.486305e-04 -3.345653e-04
      vertex   2.486305e-04 -2.761321e-04 -3.345653e-04
    endloop
  endfacet
  facet normal 4.453017e-01 -5.499019e-01 -7.066218e-01
    outer loop
      vertex   2.238679e-04 -2.486305e-04 -3.715724e-04
      vertex   2.486305e-04 -2.761321e-04 -3.345653e-04
      vertex   1.966526e-04 -2.706690e-04 -3.715724e-04
    endloop
  endfacet
  facet normal 4.453017e-01 -5.499019e-01 -7.066218e-01
    outer loop
      vertex   1.966526e-04 -2.706690e-04 -3.715724e-04
      vertex   2.486305e-04 -2.761321e-04 -3.345653e-04
      vertex   2.184048e-04 -3.006084e-04 -3.345653e-04
    endloop
  endfacet
  facet normal 3.853819e-01 -5.934361e-01 -7.066218e-01
    outer loop
      vertex   1.966526e-04 -2.706690e-04 -3.715724e-04
      vertex   2.184048e-04 -3.006084e-04 -3.345653e-04
      vertex   1.672827e-04 -2.897421e-04 -3.715724e-04
    endloop
  endfacet
  facet normal 3.853819e-01 -5.934361e-01 -7.066218e-01
    outer loop
      vertex   1.672827e-04 -2.897421e-04 -3.715724e-04
      vertex   2.184048e-04 -3.006084e-04 -3.345653e-04
      vertex   1.857862e-04 -3.217911e-04 -3.345653e-04
    endloop
  endfacet
  facet normal 3.212398e-01 -6.304686e-01 -7.066218e-01
    outer loop
      vertex   1.672827e-04 -2.897421e-04 -3.715724e-04
      vertex   1.857862e-04 -3.217911e-04 -3.345653e-04
      vertex   1.360800e-04 -3.056406e-04 -3.715724e-04
    endloop
  endfacet
  facet normal 3.212398e-01 -6.304686e-01 -7.066218e-01
    outer loop
      vertex   1.360800e-04 -3.056406e-04 -3.715724e-04
      vertex   1.857862e-04 -3.217911e-04 -3.345653e-04
      vertex   1.511321e-04 -3.394483e-04 -3.345653e-04
    endloop
  endfacet
  facet normal 2.535781e-01 -6.605936e-01 -7.066218e-01
    outer loop
      vertex   1.360800e-04 -3.056406e-04 -3.715724e-04
      vertex   1.511321e-04 -3.394483e-04 -3.345653e-04
      vertex   1.033864e-04 -3.181905e-04 -3.715724e-04
    endloop
  endfacet
  facet normal 2.535781e-01 -6.605936e-01 -7.066218e-01
    outer loop
      vertex   1.033864e-04 -3.181905e-04 -3.715724e-04
      vertex   1.511321e-04 -3.394483e-04 -3.345653e-04
      vertex   1.148222e-04 -3.533864e-04 -3.345653e-04
    endloop
  endfacet
  facet normal 1.831382e-01 -6.834809e-01 -7.066218e-01
    outer loop
      vertex   1.033864e-04 -3.181905e-04 -3.715724e-04
      vertex   1.148222e-04 -3.533864e-04 -3.345653e-04
      vertex   6.956004e-05 -3.272542e-04 -3.715724e-04
    endloop
  endfacet
  facet normal 1.831382e-01 -6.834809e-01 -7.066218e-01
    outer loop
      vertex   6.956004e-05 -3.272542e-04 -3.715724e-04
      vertex   1.148222e-04 -3.533864e-04 -3.345653e-04
      vertex   7.725425e-05 -3.634527e-04 -3.345653e-04
    endloop
  endfacet
  facet normal 1.106917e-01 -6.988799e-01 -7.066218e-01
    outer loop
      vertex   6.956004e-05 -3.272542e-04 -3.715724e-04
      vertex   7.725425e-05 -3.634527e-04 -3.345653e-04
      vertex   3.497160e-05 -3.327325e-04 -3.715724e-04
    endloop
  endfacet
  facet normal 1.106917e-01 -6.988799e-01 -7.066218e-01
    outer loop
      vertex   3.497160e-05 -3.327325e-04 -3.715724e-04
      vertex   7.725425e-05 -3.634527e-04 -3.345653e-04
      vertex   3.883989e-05 -3.695369e-04 -3.345653e-04
    endloop
  endfacet
  facet normal 3.703248e-02 -7.066218e-01 -7.066218e-01
    outer loop
      vertex   3.497160e-05 -3.327325e-04 -3.715724e-04
      vertex   3.883989e-05 -3.695369e-04 -3.345653e-04
      vertex   2.048622e-20 -3.345653e-04 -3.715724e-04
    endloop
  endfacet
  facet normal 3.703248e-02 -7.066218e-01 -7.066218e-01
    outer loop
      vertex   2.048622e-20 -3.345653e-04 -3.715724e-04
      vertex   3.883989e-05 -3.695369e-04 -3.345653e-04
      vertex   2.275225e-20 -3.715724e-04 -3.345653e-04
    endloop
  endfacet
  facet normal -3.703248e-02 -7.066218e-01 -7.066218e-01
    outer loop
      vertex   2.048622e-20 -3.345653e-04 -3.715724e-04
      vertex   2.275225e-20 -3.715724e-04 -3.345653e-04
      vertex   -3.497160e-05 -3.327325e-04 -3.715724e-04
    endloop
  endfacet
  facet normal -3.703248e-02 -7.066218e-01 -7.066218e-01
    outer loop
      vertex   -3.497160e-05 -3.327325e-04 -3.715724e-04
      vertex   2.275225e-20 -3.715724e-04 -3.345653e-04
      vertex   -3.883989e-05 -3.695369e-04 -3.345653e-04
    endloop
  endfacet
  facet normal -1.106917e-01 -6.988799e-01 -7.066218e-01
    outer loop
      vertex   -3.497160e-05 -3.327325e-04 -3.715724e-04
      vertex   -3.883989e-05 -3.695369e-04 -3.345653e-04
      vertex   -6.956004e-05 -3.272542e-04 -3.715724e-04
    endloop
  endfacet
  facet normal -1.106917e-01 -6.988799e-01 -7.066218e-01
    outer loop
      vertex   -6.956004e-05 -3.272542e-04 -3.715724e-04
      vertex   -3.883989e-05 -3.695369e-04 -3.345653e-04
      vertex   -7.725425e-05 -3.634527e-04 -3.345653e-04
    endloop
  endfacet
  facet normal -1.831382e-01 -6.834809e-01 -7.066218e-01
    outer loop
      vertex   -6.956004e-05 -3.272542e-04 -3.715724e-04
      vertex   -7.725425e-05 -3.634527e-04 -3.345653e-04
      vertex   -1.033864e-04 -3.181905e-04 -3.715724e-04
    endloop
  endfacet
  facet normal -1.831382e-01 -6.834809e-01 -7.066218e-01
    outer loop
      vertex   -1.033864e-04 -3.181905e-04 -3.715724e-04
      vertex   -7.725425e-05 -3.634527e-04 -3.345653e-04
      vertex   -1.148222e-04 -3.533864e-04 -3.345653e-04
    endloop
  endfacet
  facet normal -2.535781e-01 -6.605936e-01 -7.066218e-01
    outer loop
      vertex   -1.033864e-04 -3.181905e-04 -3.715724e-04
      vertex   -1.148222e-04 -3.533864e-04 -3.345653e-04
      vertex   -1.360800e-04 -3.056406e-04 -3.715724e-04
    endloop
  endfacet
  facet normal -2.535781e-01 -6.605936e-01 -7.066218e-01
    outer loop
      vertex   -1.360800e-04 -3.056406e-04 -3.715724e-04
      vertex   -1.148222e-04 -3.533864e-04 -3.345653e-04
      vertex   -1.511321e-04 -3.394483e-04 -3.345653e-04
    endloop
  endfacet
  facet normal -3.212398e-01 -6.304686e-01 -7.066218e-01
    outer loop
      vertex   -1.360800e-04 -3.056406e-04 -3.715724e-04
      vertex   -1.511321e-04 -3.394483e-04 -3.345653e-04
      vertex   -1.672827e-04 -2.897421e-04 -3.715724e-04
    endloop
  endfacet
  facet normal -3.212398e-01 -6.304686e-01 -7.066218e-01
    outer loop
      vertex   -1.672827e-04 -2.897421e-04 -3.715724e-04
      vertex   -1.511321e-04 -3.394483e-04 -3.345653e-04
      vertex   -1.857862e-04 -3.217911e-04 -3.345653e-04
    endloop
  endfacet
  facet normal -3.853819e-01 -5.934361e-01 -7.066218e-01
    outer loop
      vertex   -1.672827e-04 -2.897421e-04 -3.715724e-04
      vertex   -1.857862e-04 -3.217911e-04 -3.345653e-04
      vertex   -1.966526e-04 -2.706690e-04 -3.715724e-04
    endloop
  endfacet
  facet normal -3.853819e-01 -5.934361e-01 -7.066218e-01
    outer loop
      vertex   -1.966526e-04 -2.706690e-04 -3.715724e-04
      vertex   -1.857862e-04 -3.217911e-04 -3.345653e-04
      vertex   -2.184048e-04 -3.006084e-04 -3.345653e-04
    endloop
  endfacet
  facet normal -4.453017e-01 -5.499019e-01 -7.066218e-01
    outer loop
      vertex   -1.966526e-04 -2.706690e-04 -3.715724e-04
      vertex   -2.184048e-04 -3.006084e-04 -3.345653e-04
      vertex   -2.238679e-04 -2.486305e-04 -3.715724e-04
    endloop
  endfacet
  facet normal -4.453017e-01 -5.499019e-01 -7.066218e-01
    outer loop
      vertex   -2.238679e-04 -2.486305e-04 -3.715724e-04
      vertex   -2.184048e-04 -3.006084e-04 -3.345653e-04
      vertex   -2.486305e-04 -2.761321e-04 -3.345653e-04
    endloop
  endfacet
  facet normal -5.003427e-01 -5.003427e-01 -7.066218e-01
    outer loop
      vertex   -2.238679e-04 -2.486305e-04 -3.715724e-04
      vertex   -2.486305e-04 -2.761321e-04 -3.345653e-04
      vertex   -2.486305e-04 -2.238679e-04 -3.715724e-04
    endloop
  endfacet
  facet normal -5.003427e-01 -5.003427e-01 -7.066218e-01
    outer loop
      vertex   -2.486305e-04 -2.238679e-04 -3.715724e-04
      vertex   -2.486305e-04 -2.761321e-04 -3.345653e-04
      vertex   -2.761321e-04 -2.486305e-04 -3.345653e-04
    endloop
  endfacet
  facet normal -5.499019e-01 -4.453017e-01 -7.066218e-01
    outer loop
      vertex   -2.486305e-04 -2.238679e-04 -3.715724e-04
      vertex   -2.761321e-04 -2.486305e-04 -3.345653e-04
      vertex   -2.706690e-04 -1.966526e-04 -3.715724e-04
    endloop
  endfacet
  facet normal -5.499019e-01 -4.453017e-01 -7.066218e-01
    outer loop
      vertex   -2.706690e-04 -1.966526e-04 -3.715724e-04
      vertex   -2.761321e-04 -2.486305e-04 -3.345653e-04
      vertex   -3.006084e-04 -2.184048e-04 -3.345653e-04
    endloop
  endfacet
  facet normal -5.934361e-01 -3.853819e-01 -7.066218e-01
    outer loop
      vertex   -2.706690e-04 -1.966526e-04 -3.715724e-04
      vertex   -3.006084e-04 -2.184048e-04 -3.345653e-04
      vertex   -2.897421e-04 -1.672827e-04 -3.715724e-04
    endloop
  endfacet
  facet normal -5.934361e-01 -3.853819e-01 -7.066218e-01
    outer loop
      vertex   -2.897421e-04 -1.672827e-04 -3.715724e-04
      vertex   -3.006084e-04 -2.184048e-04 -3.345653e-04
      vertex   -3.217911e-04 -1.857862e-04 -3.345653e-04
    endloop
  endfacet
  facet normal -6.304686e-01 -3.212398e-01 -7.066218e-01
    outer loop
      vertex   -2.897421e-04 -1.672827e-04 -3.715724e-04
      vertex   -3.217911e-04 -1.857862e-04 -3.345653e-04
      vertex   -3.056406e-04 -1.360800e-04 -3.715724e-04
    endloop
  endfacet
  facet normal -6.304686e-01 -3.212398e-01 -7.066218e-01
    outer loop
      vertex   -3.056406e-04 -1.360800e-04 -3.715724e-04
      vertex   -3.217911e-04 -1.857862e-04 -3.345653e-04
      vertex   -3.394483e-04 -1.511321e-04 -3.345653e-04
    endloop
  endfacet
  facet normal -6.605936e-01 -2.535781e-01 -7.066218e-01
    outer loop
      vertex   -3.056406e-04 -1.360800e-04 -3.715724e-04
      vertex   -3.394483e-04 -1.511321e-04 -3.345653e-04
      vertex   -3.181905e-04 -1.033864e-04 -3.715724e-04
    endloop
  endfacet
  facet normal -6.605936e-01 -2.535781e-01 -7.066218e-01
    outer loop
      vertex   -3.181905e-04 -1.033864e-04 -3.715724e-04
      vertex   -3.394483e-04 -1.511321e-04 -3.345653e-04
      vertex   -3.533864e-04 -1.148222e-04 -3.345653e-04
    endloop
  endfacet
  facet normal -6.834809e-01 -1.831382e-01 -7.066218e-01
    outer loop
      vertex   -3.181905e-04 -1.033864e-04 -3.715724e-04
      vertex   -3.533864e-04 -1.148222e-04 -3.345653e-04
      vertex   -3.272542e-04 -6.956004e-05 -3.715724e-04
    endloop
  endfacet
  facet normal -6.834809e-01 -1.831382e-01 -7.066218e-01
    outer loop
      vertex   -3.272542e-04 -6.956004e-05 -3.715724e-04
      vertex   -3.533864e-04 -1.148222e-04 -3.345653e-04
      vertex   -3.634527e-04 -7.725425e-05 -3.345653e-04
    endloop
  endfacet
  facet normal -6.988799e-01 -1.106917e-01 -7.066218e-01
    outer loop
      vertex   -3.272542e-04 -6.956004e-05 -3.715724e-04
      vertex   -3.634527e-04 -7.725425e-05 -3.345653e-04
      vertex   -3.327325e-04 -3.497160e-05 -3.715724e-04
    endloop
  endfacet
  facet normal -6.988799e-01 -1.106917e-01 -7.066218e-01
    outer loop
      vertex   -3.327325e-04 -3.497160e-05 -3.715724e-04
      vertex   -3.634527e-04 -7.725425e-05 -3.345653e-04
      vertex   -3.695369e-04 -3.883989e-05 -3.345653e-04
    endloop
  endfacet
  facet normal -7.066218e-01 -3.703248e-02 -7.066218e-01
    outer loop
      vertex   -3.327325e-04 -3.497160e-05 -3.715724e-04
      vertex   -3.695369e-04 -3.883989e-05 -3.345653e-04
      vertex   -3.345653e-04 -4.097243e-20 -3.715724e-04
    endloop
  endfacet
  facet normal -7.066218e-01 -3.703248e-02 -7.066218e-01
    outer loop
      vertex   -3.345653e-04 -4.097243e-20 -3.715724e-04
      vertex   -3.695369e-04 -3.883989e-05 -3.345653e-04
      vertex   -3.715724e-04 -4.550450e-20 -3.345653e-04
    endloop
  endfacet
  facet normal -7.066218e-01 3.703248e-02 -7.066218e-01
    outer loop
      vertex   -3.345653e-04 -4.097243e-20 -3.715724e-04
      vertex   -3.715724e-04 -4.550450e-20 -3.345653e-04
      vertex   -3.327325e-04 3.497160e-05 -3.715724e-04
    endloop
  endfacet
  facet normal -7.066218e-01 3.703248e-02 -7.066218e-01
    outer loop
      vertex   -3.327325e-04 3.497160e-05 -3.715724e-04
      vertex   -3.715724e-04 -4.550450e-20 -3.345653e-04
      vertex   -3.695369e-04 3.883989e-05 -3.345653e-04
    endloop
  endfacet
  facet normal -6.988799e-01 1.106917e-01 -7.066218e-01
    outer loop
      vertex   -3.327325e-04 3.497160e-05 -3.715724e-04
      vertex   -3.695369e-04 3.883989e-05 -3.345653e-04
      vertex   -3.272542e-04 6.956004e-05 -3.715724e-04
    endloop
  endfacet
  facet normal -6.988799e-01 1.106917e-01 -7.066218e-01
    outer loop
      vertex   -3.272542e-04 6.956004e-05 -3.715724e-04
      vertex   -3.695369e-04 3.883989e-05 -3.345653e-04
      vertex   -3.634527e-04 7.725425e-05 -3.345653e-04
    endloop
  endfacet
  facet normal -6.834809e-01 1.831382e-01 -7.066218e-01
    outer loop
      vertex   -3.272542e-04 6.956004e-05 -3.715724e-04
      vertex   -3.634527e-04 7.725425e-05 -3.345653e-04
      vertex   -3.181905e-04 1.033864e-04 -3.715724e-04
    endloop
  endfacet
  facet normal -6.834809e-01 1.831382e-01 -7.066218e-01
    outer loop
      vertex   -3.181905e-04 1.033864e-04 -3.715724e-04
      vertex   -3.634527e-04 7.725425e-05 -3.345653e-04
      vertex   -3.533864e-04 1.148222e-04 -3.345653e-04
    endloop
  endfacet
  facet normal -6.605936e-01 2.535781e-01 -7.066218e-01
    outer loop
      vertex   -3.181905e-04 1.033864e-04 -3.715724e-04
      vertex   -3.533864e-04 1.148222e-04 -3.345653e-04
      vertex   -3.056406e-04 1.360800e-04 -3.715724e-04
    endloop
  endfacet
  facet normal -6.605936e-01 2.535781e-01 -7.066218e-01
    outer loop
      vertex   -3.056406e-04 1.360800e-04 -3.715724e-04
      vertex   -3.533864e-04 1.148222e-04 -3.345653e-04
      vertex   -3.394483e-04 1.511321e-04 -3.345653e-04
    endloop
  endfacet
  facet normal -6.304686e-01 3.212398e-01 -7.066218e-01
    outer loop
      vertex   -3.056406e-04 1.360800e-04 -3.715724e-04
      vertex   -3.394483e-04 1.511321e-04 -3.345653e-04
      vertex   -2.897421e-04 1.672827e-04 -3.715724e-04
    endloop
  endfacet
  facet normal -6.304686e-01 3.212398e-01 -7.066218e-01
    outer loop
      vertex   -2.897421e-04 1.672827e-04 -3.715724e-04
      vertex   -3.394483e-04 1.511321e-04 -3.345653e-04
      vertex   -3.217911e-04 1.857862e-04 -3.345653e-04
    endloop
  endfacet
  facet normal -5.934361e-01 3.853819e-01 -7.066218e-01
    outer loop
      vertex   -2.897421e-04 1.672827e-04 -3.715724e-04
      vertex   -3.217911e-04 1.857862e-04 -3.345653e-04
      vertex   -2.706690e-04 1.966526e-04 -3.715724e-04
    endloop
  endfacet
  facet normal -5.934361e-01 3.853819e-01 -7.066218e-01
    outer loop
      vertex   -2.706690e-04 1.966526e-04 -3.715724e-04
      vertex   -3.217911e-04 1.857862e-04 -3.345653e-04
      vertex   -3.006084e-04 2.184048e-04 -3.345653e-04
    endloop
  endfacet
  facet normal -5.499019e-01 4.453017e-01 -7.066218e-01
    outer loop
      vertex   -2.706690e-04 1.966526e-04 -3.715724e-04
      vertex   -3.006084e-04 2.184048e-04 -3.345653e-04
      vertex   -2.486305e-04 2.238679e-04 -3.715724e-04
    endloop
  endfacet
  facet normal -5.499019e-01 4.453017e-01 -7.066218e-01
    outer loop
      vertex   -2.486305e-04 2.238679e-04 -3.715724e-04
      vertex   -3.006084e-04 2.184048e-04 -3.345653e-04
      vertex   -2.761321e-04 2.486305e-04 -3.345653e-04
    endloop
  endfacet
  facet normal -5.003427e-01 5.003427e-01 -7.066218e-01
    outer loop
      vertex   -2.486305e-04 2.238679e-04 -3.715724e-04
      vertex   -2.761321e-04 2.486305e-04 -3.345653e-04
      vertex   -2.238679e-04 2.486305e-04 -3.715724e-04
    endloop
  endfacet
  facet normal -5.003427e-01 5.003427e-01 -7.066218e-01
    outer loop
      vertex   -2.238679e-04 2.486305e-04 -3.715724e-04
      vertex   -2.761321e-04 2.486305e-04 -3.345653e-04
      vertex   -2.486305e-04 2.761321e-04 -3.345653e-04
    endloop
  endfacet
  facet normal -4.453017e-01 5.499019e-01 -7.066218e-01
    outer loop
      vertex   -2.238679e-04 2.486305e-04 -3.715724e-04
      vertex   -2.486305e-04 2.761321e-04 -3.345653e-04
      vertex   -1.966526e-04 2.706690e-04 -3.715724e-04
    endloop
  endfacet
  facet normal -4.453017e-01 5.499019e-01 -7.066218e-01
    outer loop
      vertex   -1.966526e-04 2.706690e-04 -3.715724e-04
      vertex   -2.486305e-04 2.761321e-04 -3.345653e-04
      vertex   -2.184048e-04 3.006084e-04 -3.345653e-04
    endloop
  endfacet
  facet normal -3.853819e-01 5.934361e-01 -7.066218e-01
    outer loop
      vertex   -1.966526e-04 2.706690e-04 -3.715724e-04
      vertex   -2.184048e-04 3.006084e-04 -3.345653e-04
      vertex   -1.672827e-04 2.897421e-04 -3.715724e-04
    endloop
  endfacet
  facet normal -3.853819e-01 5.934361e-01 -7.066218e-01
    outer loop
      vertex   -1.672827e-04 2.897421e-04 -3.715724e-04
      vertex   -2.184048e-04 3.006084e-04 -3.345653e-04
      vertex   -1.857862e-04 3.217911e-04 -3.345653e-04
    endloop
  endfacet
  facet normal -3.212398e-01 6.304686e-01 -7.066218e-01
    outer loop
      vertex   -1.672827e-04 2.897421e-04 -3.715724e-04
      vertex   -1.857862e-04 3.217911e-04 -3.345653e-04
      vertex   -1.360800e-04 3.056406e-04 -3.715724e-04
    endloop
  endfacet
  facet normal -3.212398e-01 6.304686e-01 -7.066218e-01
    outer loop
      vertex   -1.360800e-04 3.056406e-04 -3.715724e-04
      vertex   -1.857862e-04 3.217911e-04 -3.345653e-04
      vertex   -1.511321e-04 3.394483e-04 -3.345653e-04
    endloop
  endfacet
  facet normal -2.535781e-01 6.605936e-01 -7.066218e-01
    outer loop
      vertex   -1.360800e-04 3.056406e-04 -3.715724e-04
      vertex   -1.511321e-04 3.394483e-04 -3.345653e-04
      vertex   -1.033864e-04 3.181905e-04 -3.715724e-04
    endloop
  endfacet
  facet normal -2.535781e-01 6.605936e-01 -7.066218e-01
    outer loop
      vertex   -1.033864e-04 3.181905e-04 -3.715724e-04
      vertex   -1.511321e-04 3.394483e-04 -3.345653e-04
      vertex   -1.148222e-04 3.533864e-04 -3.345653e-04
    endloop
  endfacet
  facet normal -1.831382e-01 6.834809e-01 -7.066218e-01
    outer loop
      vertex   -1.033864e-04 3.181905e-04 -3.715724e-04
      vertex   -1.148222e-04 3.533864e-04 -3.345653e-04
      vertex   -6.956004e-05 3.272542e-04 -3.715724e-04
    endloop
  endfacet
  facet normal -1.831382e-01 6.834809e-01 -7.066218e-01
    outer loop
      vertex   -6.956004e-05 3.272542e-04 -3.715724e-04
      vertex   -1.148222e-04 3.533864e-04 -3.345653e-04
      vertex   -7.725425e-05 3.634527e-04 -3.345653e-04
    endloop
  endfacet
  facet normal -1.106917e-01 6.988799e-01 -7.066218e-01
    outer loop
      vertex   -6.956004e-05 3.272542e-04 -3.715724e-04
      vertex   -7.725425e-05 3.634527e-04 -3.345653e-04
      vertex   -3.497160e-05 3.327325e-04 -3.715724e-04
    endloop
  endfacet
  facet normal -1.106917e-01 6.988799e-01 -7.066218e-01
    outer loop
      vertex   -3.497160e-05 3.327325e-04 -3.715724e-04
      vertex   -7.725425e-05 3.634527e-04 -3.345653e-04
      vertex   -3.883989e-05 3.695369e-04 -3.345653e-04
    endloop
  endfacet
  facet normal -3.703248e-02 7.066218e-01 -7.066218e-01
    outer loop
      vertex   -3.497160e-05 3.327325e-04 -3.715724e-04
      vertex   -3.883989e-05 3.695369e-04 -3.345653e-04
      vertex   2.048622e-20 3.345653e-04 -3.715724e-04
    endloop
  endfacet
  facet normal -3.703248e-02 7.066218e-01 -7.066218e-01
    outer loop
      vertex   2.048622e-20 3.345653e-04 -3.715724e-04
      vertex   -3.883989e-05 3.695369e-04 -3.345653e-04
      vertex   2.275225e-20 3.715724e-04 -3.345653e-04
    endloop
  endfacet
  facet normal 3.703248e-02 7.066218e-01 -7.066218e-01
    outer loop
      vertex   2.048622e-20 3.345653e-04 -3.715724e-04
      vertex   2.275225e-20 3.715724e-04 -3.345653e-04
      vertex   3.497160e-05 3.327325e-04 -3.715724e-04
    endloop
  endfacet
  facet normal 3.703248e-02 7.066218e-01 -7.066218e-01
    outer loop
      vertex   3.497160e-05 3.327325e-04 -3.715724e-04
      vertex   2.275225e-20 3.715724e-04 -3.345653e-04
      vertex   3.883989e-05 3.695369e-04 -3.345653e-04
    endloop
  endfacet
  facet normal 1.106917e-01 6.988799e-01 -7.066218e-01
    outer loop
      vertex   3.497160e-05 3.327325e-04 -3.715724e-04
      vertex   3.883989e-05 3.695369e-04 -3.345653e-04
      vertex   6.956004e-05 3.272542e-04 -3.715724e-04
    endloop
  endfacet
  facet normal 1.106917e-01 6.988799e-01 -7.066218e-01
    outer loop
      vertex   6.956004e-05 3.272542e-04 -3.715724e-04
      vertex   3.883989e-05 3.695369e-04 -3.345653e-04
      vertex   7.725425e-05 3.634527e-04 -3.345653e-04
    endloop
  endfacet
  facet normal 1.831382e-01 6.834809e-01 -7.066218e-01
    outer loop
      vertex   6.956004e-05 3.272542e-04 -3.715724e-04
      vertex   7.725425e-05 3.634527e-04 -3.345653e-04
      vertex   1.033864e-04 3.181905e-04 -3.715724e-04
    endloop
  endfacet
  facet normal 1.831382e-01 6.834809e-01 -7.066218e-01
    outer loop
      vertex   1.033864e-04 3.181905e-04 -3.715724e-04
      vertex   7.725425e-05 3.634527e-04 -3.345653e-04
      vertex   1.148222e-04 3.533864e-04 -3.345653e-04
    endloop
  endfacet
  facet normal 2.535781e-01 6.605936e-01 -7.066218e-01
    outer loop
      vertex   1.033864e-04 3.181905e-04 -3.715724e-04
      vertex   1.148222e-04 3.533864e-04 -3.345653e-04
      vertex   1.360800e-04 3.056406e-04 -3.715724e-04
    endloop
  endfacet
  facet normal 2.535781e-01 6.605936e-01 -7.066218e-01
    outer loop
      vertex   1.360800e-04 3.056406e-04 -3.715724e-04
      vertex   1.148222e-04 3.533864e-04 -3.345653e-04
      vertex   1.511321e-04 3.394483e-04 -3.345653e-04
    endloop
  endfacet
  facet normal 3.212398e-01 6.304686e-01 -7.066218e-01
    outer loop
      vertex   1.360800e-04 3.056406e-04 -3.715724e-04
      vertex   1.511321e-04 3.394483e-04 -3.345653e-04
      vertex   1.672827e-04 2.897421e-04 -3.715724e-04
    endloop
  endfacet
  facet normal 3.212398e-01 6.304686e-01 -7.066218e-01
    outer loop
      vertex   1.672827e-04 2.897421e-04 -3.715724e-04
      vertex   1.511321e-04 3.394483e-04 -3.345653e-04
      vertex   1.857862e-04 3.217911e-04 -3.345653e-04
    endloop
  endfacet
  facet normal 3.853819e-01 5.934361e-01 -7.066218e-01
    outer loop
      vertex   1.672827e-04 2.897421e-04 -3.715724e-04
      vertex   1.857862e-04 3.217911e-04 -3.345653e-04
      vertex   1.966526e-04 2.706690e-04 -3.715724e-04
    endloop
  endfacet
  facet normal 3.853819e-01 5.934361e-01 -7.066218e-01
    outer loop
      vertex   1.966526e-04 2.706690e-04 -3.715724e-04
      vertex   1.857862e-04 3.217911e-04 -3.345653e-04
      vertex   2.184048e-04 3.006084e-04 -3.345653e-04
    endloop
  endfacet
  facet normal 4.453017e-01 5.499019e-01 -7.066218e-01
    outer loop
      vertex   1.966526e-04 2.706690e-04 -3.715724e-04
      vertex   2.184048e-04 3.006084e-04 -3.345653e-04
      vertex   2.238679e-04 2.486305e-04 -3.715724e-04
    endloop
  endfacet
  facet normal 4.453017e-01 5.499019e-01 -7.066218e-01
    outer loop
      vertex   2.238679e-04 2.486305e-04 -3.715724e-04
      vertex   2.184048e-04 3.006084e-04 -3.345653e-04
      vertex   2.486305e-04 2.761321e-04 -3.345653e-04
    endloop
  endfacet
  facet normal 5.003427e-01 5.003427e-01 -7.066218e-01
    outer loop
      vertex   2.238679e-04 2.486305e-04 -3.715724e-04
      vertex   2.486305e-04 2.761321e-04 -3.345653e-04
      vertex   2.486305e-04 2.238679e-04 -3.715724e-04
    endloop
  endfacet
  facet normal 5.003427e-01 5.003427e-01 -7.066218e-01
    outer loop
      vertex   2.486305e-04 2.238679e-04 -3.715724e-04
      vertex   2.486305e-04 2.761321e-04 -3.345653e-04
      vertex   2.761321e-04 2.486305e-04 -3.345653e-04
    endloop
  endfacet
  facet normal 5.499019e-01 4.453017e-01 -7.066218e-01
    outer loop
      vertex   2.486305e-04 2.238679e-04 -3.715724e-04
      vertex   2.761321e-04 2.486305e-04 -3.345653e-04
      vertex   2.706690e-04 1.966526e-04 -3.715724e-04
    endloop
  endfacet
  facet normal 5.499019e-01 4.453017e-01 -7.066218e-01
    outer loop
      vertex   2.706690e-04 1.966526e-04 -3.715724e-04
      vertex   2.761321e-04 2.486305e-04 -3.345653e-04
      vertex   3.006084e-04 2.184048e-04 -3.345653e-04
    endloop
  endfacet
  facet normal 5.934361e-01 3.853819e-01 -7.066218e-01
    outer loop
      vertex   2.706690e-04 1.966526e-04 -3.715724e-04
      vertex   3.006084e-04 2.184048e-04 -3.345653e-04
      vertex   2.897421e-04 1.672827e-04 -3.715724e-04
    endloop
  endfacet
  facet normal 5.934361e-01 3.853819e-01 -7.066218e-01
    outer loop
      vertex   2.897421e-04 1.672827e-04 -3.715724e-04
      vertex   3.006084e-04 2.184048e-04 -3.345653e-04
      vertex   3.217911e-04 1.857862e-04 -3.345653e-04
    endloop
  endfacet
  facet normal 6.304686e-01 3.212398e-01 -7.066218e-01
    outer loop
      vertex   2.897421e-04 1.672827e-04 -3.715724e-04
      vertex   3.217911e-04 1.857862e-04 -3.345653e-04
      vertex   3.056406e-04 1.360800e-04 -3.715724e-04
    endloop
  endfacet
  facet normal 6.304686e-01 3.212398e-01 -7.066218e-01
    outer loop
      vertex   3.056406e-04 1.360800e-04 -3.715724e-04
      vertex   3.217911e-04 1.857862e-04 -3.345653e-04
      vertex   3.394483e-04 1.511321e-04 -3.345653e-04
    endloop
  endfacet
  facet normal 6.605936e-01 2.535781e-01 -7.066218e-01
    outer loop
      vertex   3.056406e-04 1.360800e-04 -3.715724e-04
      vertex   3.394483e-04 1.511321e-04 -3.345653e-04
      vertex   3.181905e-04 1.033864e-04 -3.715724e-04
    endloop
  endfacet
  facet normal 6.605936e-01 2.535781e-01 -7.066218e-01
    outer loop
      vertex   3.181905e-04 1.033864e-04 -3.715724e-04
      vertex   3.394483e-04 1.511321e-04 -3.345653e-04
      vertex   3.533864e-04 1.148222e-04 -3.345653e-04
    endloop
  endfacet
  facet normal 6.834809e-01 1.831382e-01 -7.066218e-01
    outer loop
      vertex   3.181905e-04 1.033864e-04 -3.715724e-04
      vertex   3.533864e-04 1.148222e-04 -3.345653e-04
      vertex   3.272542e-04 6.956004e-05 -3.715724e-04
    endloop
  endfacet
  facet normal 6.834809e-01 1.831382e-01 -7.066218e-01
    outer loop
      vertex   3.272542e-04 6.956004e-05 -3.715724e-04
      vertex   3.533864e-04 1.148222e-04 -3.345653e-04
      vertex   3.634527e-04 7.725425e-05 -3.345653e-04
    endloop
  endfacet
  facet normal 6.988799e-01 1.106917e-01 -7.066218e-01
    outer loop
      vertex   3.272542e-04 6.956004e-05 -3.715724e-04
      vertex   3.634527e-04 7.725425e-05 -3.345653e-04
      vertex   3.327325e-04 3.497160e-05 -3.715724e-04
    endloop
  endfacet
  facet normal 6.988799e-01 1.106917e-01 -7.066218e-01
    outer loop
      vertex   3.327325e-04 3.497160e-05 -3.715724e-04
      vertex   3.634527e-04 7.725425e-05 -3.345653e-04
      vertex   3.695369e-04 3.883989e-05 -3.345653e-04
    endloop
  endfacet
  facet normal 7.066218e-01 3.703248e-02 -7.066218e-01
    outer loop
      vertex   3.327325e-04 3.497160e-05 -3.715724e-04
      vertex   3.695369e-04 3.883989e-05 -3.345653e-04
      vertex   3.345653e-04 0.000000e+00 -3.715724e-04
    endloop
  endfacet
  facet normal 7.066218e-01 3.703248e-02 -7.066218e-01
    outer loop
      vertex   3.345653e-04 0.000000e+00 -3.715724e-04
      vertex   3.695369e-04 3.883989e-05 -3.345653e-04
      vertex   3.715724e-04 0.000000e+00 -3.345653e-04
    endloop
  endfacet
  facet normal 7.765022e-01 -4.069476e-02 -6.287991e-01
    outer loop
      vertex   3.715724e-04 0.000000e+00 -3.345653e-04
      vertex   4.045085e-04 0.000000e+00 -2.938926e-04
      vertex   3.695369e-04 -3.883989e-05 -3.345653e-04
    endloop
  endfacet
  facet normal 7.765022e-01 -4.069476e-02 -6.287991e-01
    outer loop
      vertex   3.695369e-04 -3.883989e-05 -3.345653e-04
      vertex   4.045085e-04 0.000000e+00 -2.938926e-04
      vertex   4.022926e-04 -4.228265e-05 -2.938926e-04
    endloop
  endfacet
  facet normal 7.679947e-01 -1.216384e-01 -6.287991e-01
    outer loop
      vertex   3.695369e-04 -3.883989e-05 -3.345653e-04
      vertex   4.022926e-04 -4.228265e-05 -2.938926e-04
      vertex   3.634527e-04 -7.725425e-05 -3.345653e-04
    endloop
  endfacet
  facet normal 7.679947e-01 -1.216384e-01 -6.287991e-01
    outer loop
      vertex   3.634527e-04 -7.725425e-05 -3.345653e-04
      vertex   4.022926e-04 -4.228265e-05 -2.938926e-04
      vertex   3.956690e-04 -8.410205e-05 -2.938926e-04
    endloop
  endfacet
  facet normal 7.510728e-01 -2.012494e-01 -6.287991e-01
    outer loop
      vertex   3.634527e-04 -7.725425e-05 -3.345653e-04
      vertex   3.956690e-04 -8.410205e-05 -2.938926e-04
      vertex   3.533864e-04 -1.148222e-04 -3.345653e-04
    endloop
  endfacet
  facet normal 7.510728e-01 -2.012494e-01 -6.287991e-01
    outer loop
      vertex   3.533864e-04 -1.148222e-04 -3.345653e-04
      vertex   3.956690e-04 -8.410205e-05 -2.938926e-04
      vertex   3.847104e-04 -1.250000e-04 -2.938926e-04
    endloop
  endfacet
  facet normal 7.259221e-01 -2.786554e-01 -6.287991e-01
    outer loop
      vertex   3.533864e-04 -1.148222e-04 -3.345653e-04
      vertex   3.847104e-04 -1.250000e-04 -2.938926e-04
      vertex   3.394483e-04 -1.511321e-04 -3.345653e-04
    endloop
  endfacet
  facet normal 7.259221e-01 -2.786554e-01 -6.287991e-01
    outer loop
      vertex   3.394483e-04 -1.511321e-04 -3.345653e-04
      vertex   3.847104e-04 -1.250000e-04 -2.938926e-04
      vertex   3.695369e-04 -1.645284e-04 -2.938926e-04
    endloop
  endfacet
  facet normal 6.928180e-01 -3.530084e-01 -6.287991e-01
    outer loop
      vertex   3.394483e-04 -1.511321e-04 -3.345653e-04
      vertex   3.695369e-04 -1.645284e-04 -2.938926e-04
      vertex   3.217911e-04 -1.857862e-04 -3.345653e-04
    endloop
  endfacet
  facet normal 6.928180e-01 -3.530084e-01 -6.287991e-01
    outer loop
      vertex   3.217911e-04 -1.857862e-04 -3.345653e-04
      vertex   3.695369e-04 -1.645284e-04 -2.938926e-04
      vertex   3.503146e-04 -2.022542e-04 -2.938926e-04
    endloop
  endfacet
  facet normal 6.521232e-01 -4.234938e-01 -6.287991e-01
    outer loop
      vertex   3.217911e-04 -1.857862e-04 -3.345653e-04
      vertex   3.503146e-04 -2.022542e-04 -2.938926e-04
      vertex   3.006084e-04 -2.184048e-04 -3.345653e-04
    endloop
  endfacet
  facet normal 6.521232e-01 -4.234938e-01 -6.287991e-01
    outer loop
      vertex   3.006084e-04 -2.184048e-04 -3.345653e-04
      vertex   3.503146e-04 -2.022542e-04 -2.938926e-04
      vertex   3.272542e-04 -2.377641e-04 -2.938926e-04
    endloop
  endfacet
  facet normal 6.042837e-01 -4.893393e-01 -6.287991e-01
    outer loop
      vertex   3.006084e-04 -2.184048e-04 -3.345653e-04
      vertex   3.272542e-04 -2.377641e-04 -2.938926e-04
      vertex   2.761321e-04 -2.486305e-04 -3.345653e-04
    endloop
  endfacet
  facet normal 6.042837e-01 -4.893393e-01 -6.287991e-01
    outer loop
      vertex   2.761321e-04 -2.486305e-04 -3.345653e-04
      vertex   3.272542e-04 -2.377641e-04 -2.938926e-04
      vertex   3.006084e-04 -2.706690e-04 -2.938926e-04
    endloop
  endfacet
  facet normal 5.498235e-01 -5.498235e-01 -6.287991e-01
    outer loop
      vertex   2.761321e-04 -2.486305e-04 -3.345653e-04
      vertex   3.006084e-04 -2.706690e-04 -2.938926e-04
      vertex   2.486305e-04 -2.761321e-04 -3.345653e-04
    endloop
  endfacet
  facet normal 5.498235e-01 -5.498235e-01 -6.287991e-01
    outer loop
      vertex   2.486305e-04 -2.761321e-04 -3.345653e-04
      vertex   3.006084e-04 -2.706690e-04 -2.938926e-04
      vertex   2.706690e-04 -3.006084e-04 -2.938926e-04
    endloop
  endfacet
  facet normal 4.893393e-01 -6.042837e-01 -6.287991e-01
    outer loop
      vertex   2.486305e-04 -2.761321e-04 -3.345653e-04
      vertex   2.706690e-04 -3.006084e-04 -2.938926e-04
      vertex   2.184048e-04 -3.006084e-04 -3.345653e-04
    endloop
  endfacet
  facet normal 4.893393e-01 -6.042837e-01 -6.287991e-01
    outer loop
      vertex   2.184048e-04 -3.006084e-04 -3.345653e-04
      vertex   2.706690e-04 -3.006084e-04 -2.938926e-04
      vertex   2.377641e-04 -3.272542e-04 -2.938926e-04
    endloop
  endfacet
  facet normal 4.234938e-01 -6.521232e-01 -6.287991e-01
    outer loop
      vertex   2.184048e-04 -3.006084e-04 -3.345653e-04
      vertex   2.377641e-04 -3.272542e-04 -2.938926e-04
      vertex   1.857862e-04 -3.217911e-04 -3.345653e-04
    endloop
  endfacet
  facet normal 4.234938e-01 -6.521232e-01 -6.287991e-01
    outer loop
      vertex   1.857862e-04 -3.217911e-04 -3.345653e-04
      vertex   2.377641e-04 -3.272542e-04 -2.938926e-04
      vertex   2.022542e-04 -3.503146e-04 -2.938926e-04
    endloop
  endfacet
  facet normal 3.530084e-01 -6.928180e-01 -6.287991e-01
    outer loop
      vertex   1.857862e-04 -3.217911e-04 -3.345653e-04
      vertex   2.022542e-04 -3.503146e-04 -2.938926e-04
      vertex   1.511321e-04 -3.394483e-04 -3.345653e-04
    endloop
  endfacet
  facet normal 3.530084e-01 -6.928180e-01 -6.287991e-01
    outer loop
      vertex   1.511321e-04 -3.394483e-04 -3.345653e-04
      vertex   2.022542e-04 -3.503146e-04 -2.938926e-04
      vertex   1.645284e-04 -3.695369e-04 -2.938926e-04
    endloop
  endfacet
  facet normal 2.786554e-01 -7.259221e-01 -6.287991e-01
    outer loop
      vertex   1.511321e-04 -3.394483e-04 -3.345653e-04
      vertex   1.645284e-04 -3.695369e-04 -2.938926e-04
      vertex   1.148222e-04 -3.533864e-04 -3.345653e-04
    endloop
  endfacet
  facet normal 2.786554e-01 -7.259221e-01 -6.287991e-01
    outer loop
      vertex   1.148222e-04 -3.533864e-04 -3.345653e-04
      vertex   1.645284e-04 -3.695369e-04 -2.938926e-04
      vertex   1.250000e-04 -3.847104e-04 -2.938926e-04
    endloop
  endfacet
  facet normal 2.012494e-01 -7.510728e-01 -6.287991e-01
    outer loop
      vertex   1.148222e-04 -3.533864e-04 -3.345653e-04
      vertex   1.250000e-04 -3.847104e-04 -2.938926e-04
      vertex   7.725425e-05 -3.634527e-04 -3.345653e-04
    endloop
  endfacet
  facet normal 2.012494e-01 -7.510728e-01 -6.287991e-01
    outer loop
      vertex   7.725425e-05 -3.634527e-04 -3.345653e-04
      vertex   1.250000e-04 -3.847104e-04 -2.938926e-04
      vertex   8.410205e-05 -3.956690e-04 -2.938926e-04
    endloop
  endfacet
  facet normal 1.216384e-01 -7.679947e-01 -6.287991e-01
    outer loop
      vertex   7.725425e-05 -3.634527e-04 -3.345653e-04
      vertex   8.410205e-05 -3.956690e-04 -2.938926e-04
      vertex   3.883989e-05 -3.695369e-04 -3.345653e-04
    endloop
  endfacet
  facet normal 1.216384e-01 -7.679947e-01 -6.287991e-01
    outer loop
      vertex   3.883989e-05 -3.695369e-04 -3.345653e-04
      vertex   8.410205e-05 -3.956690e-04 -2.938926e-04
      vertex   4.228265e-05 -4.022926e-04 -2.938926e-04
    endloop
  endfacet
  facet normal 4.069476e-02 -7.765022e-01 -6.287991e-01
    outer loop
      vertex   3.883989e-05 -3.695369e-04 -3.345653e-04
      vertex   4.228265e-05 -4.022926e-04 -2.938926e-04
      vertex   2.275225e-20 -3.715724e-04 -3.345653e-04
    endloop
  endfacet
  facet normal 4.069476e-02 -7.765022e-01 -6.287991e-01
    outer loop
      vertex   2.275225e-20 -3.715724e-04 -3.345653e-04
      vertex   4.228265e-05 -4.022926e-04 -2.938926e-04
      vertex   2.476900e-20 -4.045085e-04 -2.938926e-04
    endloop
  endfacet
  facet normal -4.069476e-02 -7.765022e-01 -6.287991e-01
    outer loop
      vertex   2.275225e-20 -3.715724e-04 -3.345653e-04
      vertex   2.476900e-20 -4.045085e-04 -2.938926e-04
      vertex   -3.883989e-05 -3.695369e-04 -3.345653e-04
    endloop
  endfacet
  facet normal -4.069476e-02 -7.765022e-01 -6.287991e-01
    outer loop
      vertex   -3.883989e-05 -3.695369e-04 -3.345653e-04
      vertex   2.476900e-20 -4.045085e-04 -2.938926e-04
      vertex   -4.228265e-05 -4.022926e-04 -2.938926e-04
    endloop
  endfacet
  facet normal -1.216384e-01 -7.679947e-01 -6.287991e-01
    outer loop
      vertex   -3.883989e-05 -3.695369e-04 -3.345653e-04
      vertex   -4.228265e-05 -4.022926e-04 -2.938926e-04
      vertex   -7.725425e-05 -3.634527e-04 -3.345653e-04
    endloop
  endfacet
  facet normal -1.216384e-01 -7.679947e-01 -6.287991e-01
    outer loop
      vertex   -7.725425e-05 -3.634527e-04 -3.345653e-04
      vertex   -4.228265e-05 -4.022926e-04 -2.938926e-04
      vertex   -8.410205e-05 -3.956690e-04 -2.938926e-04
    endloop
  endfacet
  facet normal -2.012494e-01 -7.510728e-01 -6.287991e-01
    outer loop
      vertex   -7.725425e-05 -3.634527e-04 -3.345653e-04
      vertex   -8.410205e-05 -3.956690e-04 -2.938926e-04
      vertex   -1.148222e-04 -3.533864e-04 -3.345653e-04
    endloop
  endfacet
  facet normal -2.012494e-01 -7.510728e-01 -6.287991e-01
    outer loop
      vertex   -1.148222e-04 -3.533864e-04 -3.345653e-04
      vertex   -8.410205e-05 -3.956690e-04 -2.938926e-04
      vertex   -1.250000e-04 -3.847104e-04 -2.938926e-04
    endloop
  endfacet
  facet normal -2.786554e-01 -7.259221e-01 -6.287991e-01
    outer loop
      vertex   -1.148222e-04 -3.533864e-04 -3.345653e-04
      vertex   -1.250000e-04 -3.847104e-04 -2.938926e-04
      vertex   -1.511321e-04 -3.394483e-04 -3.345653e-04
    endloop
  endfacet
  facet normal -2.786554e-01 -7.259221e-01 -6.287991e-01
    outer loop
      vertex   -1.511321e-04 -3.394483e-04 -3.345653e-04
      vertex   -1.250000e-04 -3.847104e-04 -2.938926e-04
      vertex   -1.645284e-04 -3.695369e-04 -2.938926e-04
    endloop
  endfacet
  facet normal -3.530084e-01 -6.928180e-01 -6.287991e-01
    outer loop
      vertex   -1.511321e-04 -3.394483e-04 -3.345653e-04
      vertex   -1.645284e-04 -3.695369e-04 -2.938926e-04
      vertex   -1.857862e-04 -3.217911e-04 -3.345653e-04
    endloop
  endfacet
  facet normal -3.530084e-01 -6.928180e-01 -6.287991e-01
    outer loop
      vertex   -1.857862e-04 -3.217911e-04 -3.345653e-04
      vertex   -1.645284e-04 -3.695369e-04 -2.938926e-04
      vertex   -2.022542e-04 -3.503146e-04 -2.938926e-04
    endloop
  endfacet
  facet normal -4.234938e-01 -6.521232e-01 -6.287991e-01
    outer loop
      vertex   -1.857862e-04 -3.217911e-04 -3.345653e-04
      vertex   -2.022542e-04 -3.503146e-04 -2.938926e-04
      vertex   -2.184048e-04 -3.006084e-04 -3.345653e-04
    endloop
  endfacet
  facet normal -4.234938e-01 -6.521232e-01 -6.287991e-01
    outer loop
      vertex   -2.184048e-04 -3.006084e-04 -3.345653e-04
      vertex   -2.022542e-04 -3.503146e-04 -2.938926e-04
      vertex   -2.377641e-04 -3.272542e-04 -2.938926e-04
    endloop
  endfacet
  facet normal -4.893393e-01 -6.042837e-01 -6.287991e-01
    outer loop
      vertex   -2.184048e-04 -3.006084e-04 -3.345653e-04
      vertex   -2.377641e-04 -3.272542e-04 -2.938926e-04
      vertex   -2.486305e-04 -2.761321e-04 -3.345653e-04
    endloop
  endfacet
  facet normal -4.893393e-01 -6.042837e-01 -6.287991e-01
    outer loop
      vertex   -2.486305e-04 -2.761321e-04 -3.345653e-04
      vertex   -2.377641e-04 -3.272542e-04 -2.938926e-04
      vertex   -2.706690e-04 -3.006084e-04 -2.938926e-04
    endloop
  endfacet
  facet normal -5.498235e-01 -5.498235e-01 -6.287991e-01
    outer loop
      vertex   -2.486305e-04 -2.761321e-04 -3.345653e-04
      vertex   -2.706690e-04 -3.006084e-04 -2.938926e-04
      vertex   -2.761321e-04 -2.486305e-04 -3.345653e-04
    endloop
  endfacet
  facet normal -5.498235e-01 -5.498235e-01 -6.287991e-01
    outer loop
      vertex   -2.761321e-04 -2.486305e-04 -3.345653e-04
      vertex   -2.706690e-04 -3.006084e-04 -2.938926e-04
      vertex   -3.006084e-04 -2.706690e-04 -2.938926e-04
    endloop
  endfacet
  facet normal -6.042837e-01 -4.893393e-01 -6.287991e-01
    outer loop
      vertex   -2.761321e-04 -2.486305e-04 -3.345653e-04
      vertex   -3.006084e-04 -2.706690e-04 -2.938926e-04
      vertex   -3.006084e-04 -2.184048e-04 -3.345653e-04
    endloop
  endfacet
  facet normal -6.042837e-01 -4.893393e-01 -6.287991e-01
    outer loop
      vertex   -3.006084e-04 -2.184048e-04 -3.345653e-04
      vertex   -3.006084e-04 -2.706690e-04 -2.938926e-04
      vertex   -3.272542e-04 -2.377641e-04 -2.938926e-04
    endloop
  endfacet
  facet normal -6.521232e-01 -4.234938e-01 -6.287991e-01
    outer loop
      vertex   -3.006084e-04 -2.184048e-04 -3.345653e-04
      vertex   -3.272542e-04 -2.377641e-04 -2.938926e-04
      vertex   -3.217911e-04 -1.857862e-04 -3.345653e-04
    endloop
  endfacet
  facet normal -6.521232e-01 -4.234938e-01 -6.287991e-01
    outer loop
      vertex   -3.217911e-04 -1.857862e-04 -3.345653e-04
      vertex   -3.272542e-04 -2.377641e-04 -2.938926e-04
      vertex   -3.503146e-04 -2.022542e-04 -2.938926e-04
    endloop
  endfacet
  facet normal -6.928180e-01 -3.530084e-01 -6.287991e-01
    outer loop
      vertex   -3.217911e-04 -1.857862e-04 -3.345653e-04
      vertex   -3.503146e-04 -2.022542e-04 -2.938926e-04
      vertex   -3.394483e-04 -1.511321e-04 -3.345653e-04
    endloop
  endfacet
  facet normal -6.928180e-01 -3.530084e-01 -6.287991e-01
    outer loop
      vertex   -3.394483e-04 -1.511321e-04 -3.345653e-04
      vertex   -3.503146e-04 -2.022542e-04 -2.938926e-04
      vertex   -3.695369e-04 -1.645284e-04 -2.938926e-04
    endloop
  endfacet
  facet normal -7.259221e-01 -2.786554e-01 -6.287991e-01
    outer loop
      vertex   -3.394483e-04 -1.511321e-04 -3.345653e-04
      vertex   -3.695369e-04 -1.645284e-04 -2.938926e-04
      vertex   -3.533864e-04 -1.148222e-04 -3.345653e-04
    endloop
  endfacet
  facet normal -7.259221e-01 -2.786554e-01 -6.287991e-01
    outer loop
      vertex   -3.533864e-04 -1.148222e-04 -3.345653e-04
      vertex   -3.695369e-04 -1.645284e-04 -2.938926e-04
      vertex   -3.847104e-04 -1.250000e-04 -2.938926e-04
    endloop
  endfacet
  facet normal -7.510728e-01 -2.012494e-01 -6.287991e-01
    outer loop
      vertex   -3.533864e-04 -1.148222e-04 -3.345653e-04
      vertex   -3.847104e-04 -1.250000e-04 -2.938926e-04
      vertex   -3.634527e-04 -7.725425e-05 -3.345653e-04
    endloop
  endfacet
  facet normal -7.510728e-01 -2.012494e-01 -6.287991e-01
    outer loop
      vertex   -3.634527e-04 -7.725425e-05 -3.345653e-04
      vertex   -3.847104e-04 -1.250000e-04 -2.938926e-04
      vertex   -3.956690e-04 -8.410205e-05 -2.938926e-04
    endloop
  endfacet
  facet normal -7.679947e-01 -1.216384e-01 -6.287991e-01
    outer loop
      vertex   -3.634527e-04 -7.725425e-05 -3.345653e-04
      vertex   -3.956690e-04 -8.410205e-05 -2.938926e-04
      vertex   -3.695369e-04 -3.883989e-05 -3.345653e-04
    endloop
  endfacet
  facet normal -7.679947e-01 -1.216384e-01 -6.287991e-01
    outer loop
      vertex   -3.695369e-04 -3.883989e-05 -3.345653e-04
      vertex   -3.956690e-04 -8.410205e-05 -2.938926e-04
      vertex   -4.022926e-04 -4.228265e-05 -2.938926e-04
    endloop
  endfacet
  facet normal -7.765022e-01 -4.069476e-02 -6.287991e-01
    outer loop
      vertex   -3.695369e-04 -3.883989e-05 -3.345653e-04
      vertex   -4.022926e-04 -4.228265e-05 -2.938926e-04
      vertex   -3.715724e-04 -4.550450e-20 -3.345653e-04
    endloop
  endfacet
  facet normal -7.765022e-01 -4.069476e-02 -6.287991e-01
    outer loop
      vertex   -3.715724e-04 -4.550450e-20 -3.345653e-04
      vertex   -4.022926e-04 -4.228265e-05 -2.938926e-04
      vertex   -4.045085e-04 -4.953800e-20 -2.938926e-04
    endloop
  endfacet
  facet normal -7.765022e-01 4.069476e-02 -6.287991e-01
    outer loop
      vertex   -3.715724e-04 -4.550450e-20 -3.345653e-04
      vertex   -4.045085e-04 -4.953800e-20 -2.938926e-04
      vertex   -3.695369e-04 3.883989e-05 -3.345653e-04
    endloop
  endfacet
  facet normal -7.765022e-01 4.069476e-02 -6.287991e-01
    outer loop
      vertex   -3.695369e-04 3.883989e-05 -3.345653e-04
      vertex   -4.045085e-04 -4.953800e-20 -2.938926e-04
      vertex   -4.022926e-04 4.228265e-05 -2.938926e-04
    endloop
  endfacet
  facet normal -7.679947e-01 1.216384e-01 -6.287991e-01
    outer loop
      vertex   -3.695369e-04 3.883989e-05 -3.345653e-04
      vertex   -4.022926e-04 4.228265e-05 -2.938926e-04
      vertex   -3.634527e-04 7.725425e-05 -3.345653e-04
    endloop
  endfacet
  facet normal -7.679947e-01 1.216384e-01 -6.287991e-01
    outer loop
      vertex   -3.634527e-04 7.725425e-05 -3.345653e-04
      vertex   -4.022926e-04 4.228265e-05 -2.938926e-04
      vertex   -3.956690e-04 8.410205e-05 -2.938926e-04
    endloop
  endfacet
  facet normal -7.510728e-01 2.012494e-01 -6.287991e-01
    outer loop
      vertex   -3.634527e-04 7.725425e-05 -3.345653e-04
      vertex   -3.956690e-04 8.410205e-05 -2.938926e-04
      vertex   -3.533864e-04 1.148222e-04 -3.345653e-04
    endloop
  endfacet
  facet normal -7.510728e-01 2.012494e-01 -6.287991e-01
    outer loop
      vertex   -3.533864e-04 1.148222e-04 -3.345653e-04
      vertex   -3.956690e-04 8.410205e-05 -2.938926e-04
      vertex   -3.847104e-04 1.250000e-04 -2.938926e-04
    endloop
  endfacet
  facet normal -7.259221e-01 2.786554e-01 -6.287991e-01
    outer loop
      vertex   -3.533864e-04 1.148222e-04 -3.345653e-04
      vertex   -3.847104e-04 1.250000e-04 -2.938926e-04
      vertex   -3.394483e-04 1.511321e-04 -3.345653e-04
    endloop
  endfacet
  facet normal -7.259221e-01 2.786554e-01 -6.287991e-01
    outer loop
      vertex   -3.394483e-04 1.511321e-04 -3.345653e-04
      vertex   -3.847104e-04 1.250000e-04 -2.938926e-04
      vertex   -3.695369e-04 1.645284e-04 -2.938926e-04
    endloop
  endfacet
  facet normal -6.928180e-01 3.530084e-01 -6.287991e-01
    outer loop
      vertex   -3.394483e-04 1.511321e-04 -3.345653e-04
      vertex   -3.695369e-04 1.645284e-04 -2.938926e-04
      vertex   -3.217911e-04 1.857862e-04 -3.345653e-04
    endloop
  endfacet
  facet normal -6.928180e-01 3.530084e-01 -6.287991e-01
    outer loop
      vertex   -3.217911e-04 1.857862e-04 -3.345653e-04
      vertex   -3.695369e-04 1.645284e-04 -2.938926e-04
      vertex   -3.503146e-04 2.022542e-04 -2.938926e-04
    endloop
  endfacet
  facet normal -6.521232e-01 4.234938e-01 -6.287991e-01
    outer loop
      vertex   -3.217911e-04 1.857862e-04 -3.345653e-04
      vertex   -3.503146e-04 2.022542e-04 -2.938926e-04
      vertex   -3.006084e-04 2.184048e-04 -3.345653e-04
    endloop
  endfacet
  facet normal -6.521232e-01 4.234938e-01 -6.287991e-01
    outer loop
      vertex   -3.006084e-04 2.184048e-04 -3.345653e-04
      vertex   -3.503146e-04 2.022542e-04 -2.938926e-04
      vertex   -3.272542e-04 2.377641e-04 -2.938926e-04
    endloop
  endfacet
  facet normal -6.042837e-01 4.893393e-01 -6.287991e-01
    outer loop
      vertex   -3.006084e-04 2.184048e-04 -3.345653e-04
      vertex   -3.272542e-04 2.377641e-04 -2.938926e-04
      vertex   -2.761321e-04 2.486305e-04 -3.345653e-04
    endloop
  endfacet
  facet normal -6.042837e-01 4.893393e-01 -6.287991e-01
    outer loop
      vertex   -2.761321e-04 2.486305e-04 -3.345653e-04
      vertex   -3.272542e-04 2.377641e-04 -2.938926e-04
      vertex   -3.006084e-04 2.706690e-04 -2.938926e-04
    endloop
  endfacet
  facet normal -5.498235e-01 5.498235e-01 -6.287991e-01
    outer loop
      vertex   -2.761321e-04 2.486305e-04 -3.345653e-04
      vertex   -3.006084e-04 2.706690e-04 -2.938926e-04
      vertex   -2.486305e-04 2.761321e-04 -3.345653e-04
    endloop
  endfacet
  facet normal -5.498235e-01 5.498235e-01 -6.287991e-01
    outer loop
      vertex   -2.486305e-04 2.761321e-04 -3.345653e-04
      vertex   -3.006084e-04 2.706690e-04 -2.938926e-04
      vertex   -2.706690e-04 3.006084e-04 -2.938926e-04
    endloop
  endfacet
  facet normal -4.893393e-01 6.042837e-01 -6.287991e-01
    outer loop
      vertex   -2.486305e-04 2.761321e-04 -3.345653e-04
      vertex   -2.706690e-04 3.006084e-04 -2.938926e-04
      vertex   -2.184048e-04 3.006084e-04 -3.345653e-04
    endloop
  endfacet
  facet normal -4.893393e-01 6.042837e-01 -6.287991e-01
    outer loop
      vertex   -2.184048e-04 3.006084e-04 -3.345653e-04
      vertex   -2.706690e-04 3.006084e-04 -2.938926e-04
      vertex   -2.377641e-04 3.272542e-04 -2.938926e-04
    endloop
  endfacet
  facet normal -4.234938e-01 6.521232e-01 -6.287991e-01
    outer loop
      vertex   -2.184048e-04 3.006084e-04 -3.345653e-04
      vertex   -2.377641e-04 3.272542e-04 -2.938926e-04
      vertex   -1.857862e-04 3.217911e-04 -3.345653e-04
    endloop
  endfacet
  facet normal -4.234938e-01 6.521232e-01 -6.287991e-01
    outer loop
      vertex   -1.857862e-04 3.217911e-04 -3.345653e-04
      vertex   -2.377641e-04 3.272542e-04 -2.938926e-04
      vertex   -2.022542e-04 3.503146e-04 -2.938926e-04
    endloop
  endfacet
  facet normal -3.530084e-01 6.928180e-01 -6.287991e-01
    outer loop
      vertex   -1.857862e-04 3.217911e-04 -3.345653e-04
      vertex   -2.022542e-04 3.503146e-04 -2.938926e-04
      vertex   -1.511321e-04 3.394483e-04 -3.345653e-04
    endloop
  endfacet
  facet normal -3.530084e-01 6.928180e-01 -6.287991e-01
    outer loop
      vertex   -1.511321e-04 3.394483e-04 -3.345653e-04
      vertex   -2.022542e-04 3.503146e-04 -2.938926e-04
      vertex   -1.645284e-04 3.695369e-04 -2.938926e-04
    endloop
  endfacet
  facet normal -2.786554e-01 7.259221e-01 -6.287991e-01
    outer loop
      vertex   -1.511321e-04 3.394483e-04 -3.345653e-04
      vertex   -1.645284e-04 3.695369e-04 -2.938926e-04
      vertex   -1.148222e-04 3.533864e-04 -3.345653e-04
    endloop
  endfacet
  facet normal -2.786554e-01 7.259221e-01 -6.287991e-01
    outer loop
      vertex   -1.148222e-04 3.533864e-04 -3.345653e-04
      vertex   -1.645284e-04 3.695369e-04 -2.938926e-04
      vertex   -1.250000e-04 3.847104e-04 -2.938926e-04
    endloop
  endfacet
  facet normal -2.012494e-01 7.510728e-01 -6.287991e-01
    outer loop
      vertex   -1.148222e-04 3.533864e-04 -3.345653e-04
      vertex   -1.250000e-04 3.847104e-04 -2.938926e-04
      vertex   -7.725425e-05 3.634527e-04 -3.345653e-04
    endloop
  endfacet
  facet normal -2.012494e-01 7.510728e-01 -6.287991e-01
    outer loop
      vertex   -7.725425e-05 3.634527e-04 -3.345653e-04
      vertex   -1.250000e-04 3.847104e-04 -2.938926e-04
      vertex   -8.410205e-05 3.956690e-04 -2.938926e-04
    endloop
  endfacet
  facet normal -1.216384e-01 7.679947e-01 -6.287991e-01
    outer loop
      vertex   -7.725425e-05 3.634527e-04 -3.345653e-04
      vertex   -8.410205e-05 3.956690e-04 -2.938926e-04
      vertex   -3.883989e-05 3.695369e-04 -3.345653e-04
    endloop
  endfacet
  facet normal -1.216384e-01 7.679947e-01 -6.287991e-01
    outer loop
      vertex   -3.883989e-05 3.695369e-04 -3.345653e-04
      vertex   -8.410205e-05 3.956690e-04 -2.938926e-04
      vertex   -4.228265e-05 4.022926e-04 -2.938926e-04
    endloop
  endfacet
  facet normal -4.069476e-02 7.765022e-01 -6.287991e-01
    outer loop
      vertex   -3.883989e-05 3.695369e-04 -3.345653e-04
      vertex   -4.228265e-05 4.022926e-04 -2.938926e-04
      vertex   2.275225e-20 3.715724e-04 -3.345653e-04
    endloop
  endfacet
  facet normal -4.069476e-02 7.765022e-01 -6.287991e-01
    outer loop
      vertex   2.275225e-20 3.715724e-04 -3.345653e-04
      vertex   -4.228265e-05 4.022926e-04 -2.938926e-04
      vertex   2.476900e-20 4.045085e-04 -2.938926e-04
    endloop
  endfacet
  facet normal 4.069476e-02 7.765022e-01 -6.287991e-01
    outer loop
      vertex   2.275225e-20 3.715724e-04 -3.345653e-04
      vertex   2.476900e-20 4.045085e-04 -2.938926e-04
      vertex   3.883989e-05 3.695369e-04 -3.345653e-04
    endloop
  endfacet
  facet normal 4.069476e-02 7.765022e-01 -6.287991e-01
    outer loop
      vertex   3.883989e-05 3.695369e-04 -3.345653e-04
      vertex   2.476900e-20 4.045085e-04 -2.938926e-04
      vertex   4.228265e-05 4.022926e-04 -2.938926e-04
    endloop
  endfacet
  facet normal 1.216384e-01 7.679947e-01 -6.287991e-01
    outer loop
      vertex   3.883989e-05 3.695369e-04 -3.345653e-04
      vertex   4.228265e-05 4.022926e-04 -2.938926e-04
      vertex   7.725425e-05 3.634527e-04 -3.345653e-04
    endloop
  endfacet
  facet normal 1.216384e-01 7.679947e-01 -6.287991e-01
    outer loop
      vertex   7.725425e-05 3.634527e-04 -3.345653e-04
      vertex   4.228265e-05 4.022926e-04 -2.938926e-04
      vertex   8.410205e-05 3.956690e-04 -2.938926e-04
    endloop
  endfacet
  facet normal 2.012494e-01 7.510728e-01 -6.287991e-01
    outer loop
      vertex   7.725425e-05 3.634527e-04 -3.345653e-04
      vertex   8.410205e-05 3.956690e-04 -2.938926e-04
      vertex   1.148222e-04 3.533864e-04 -3.345653e-04
    endloop
  endfacet
  facet normal 2.012494e-01 7.510728e-01 -6.287991e-01
    outer loop
      vertex   1.148222e-04 3.533864e-04 -3.345653e-04
      vertex   8.410205e-05 3.956690e-04 -2.938926e-04
      vertex   1.250000e-04 3.847104e-04 -2.938926e-04
    endloop
  endfacet
  facet normal 2.786554e-01 7.259221e-01 -6.287991e-01
    outer loop
      vertex   1.148222e-04 3.533864e-04 -3.345653e-04
      vertex   1.250000e-04 3.847104e-04 -2.938926e-04
      vertex   1.511321e-04 3.394483e-04 -3.345653e-04
    endloop
  endfacet
  facet normal 2.786554e-01 7.259221e-01 -6.287991e-01
    outer loop
      vertex   1.511321e-04 3.394483e-04 -3.345653e-04
      vertex   1.250000e-04 3.847104e-04 -2.938926e-04
      vertex   1.645284e-04 3.695369e-04 -2.938926e-04
    endloop
  endfacet
  facet normal 3.530084e-01 6.928180e-01 -6.287991e-01
    outer loop
      vertex   1.511321e-04 3.394483e-04 -3.345653e-04
      vertex   1.645284e-04 3.695369e-04 -2.938926e-04
      vertex   1.857862e-04 3.217911e-04 -3.345653e-04
    endloop
  endfacet
  facet normal 3.530084e-01 6.928180e-01 -6.287991e-01
    outer loop
      vertex   1.857862e-04 3.217911e-04 -3.345653e-04
      vertex   1.645284e-04 3.695369e-04 -2.938926e-04
      vertex   2.022542e-04 3.503146e-04 -2.938926e-04
    endloop
  endfacet
  facet normal 4.234938e-01 6.521232e-01 -6.287991e-01
    outer loop
      vertex   1.857862e-04 3.217911e-04 -3.345653e-04
      vertex   2.022542e-04 3.503146e-04 -2.938926e-04
      vertex   2.184048e-04 3.006084e-04 -3.345653e-04
    endloop
  endfacet
  facet normal 4.234938e-01 6.521232e-01 -6.287991e-01
    outer loop
      vertex   2.184048e-04 3.006084e-04 -3.345653e-04
      vertex   2.022542e-04 3.503146e-04 -2.938926e-04
      vertex   2.377641e-04 3.272542e-04 -2.938926e-04
    endloop
  endfacet
  facet normal 4.893393e-01 6.042837e-01 -6.287991e-01
    outer loop
      vertex   2.184048e-04 3.006084e-04 -3.345653e-04
      vertex   2.377641e-04 3.272542e-04 -2.938926e-04
      vertex   2.486305e-04 2.761321e-04 -3.345653e-04
    endloop
  endfacet
  facet normal 4.893393e-01 6.042837e-01 -6.287991e-01
    outer loop
      vertex   2.486305e-04 2.761321e-04 -3.345653e-04
      vertex   2.377641e-04 3.272542e-04 -2.938926e-04
      vertex   2.706690e-04 3.006084e-04 -2.938926e-04
    endloop
  endfacet
  facet normal 5.498235e-01 5.498235e-01 -6.287991e-01
    outer loop
      vertex   2.486305e-04 2.761321e-04 -3.345653e-04
      vertex   2.706690e-04 3.006084e-04 -2.938926e-04
      vertex   2.761321e-04 2.486305e-04 -3.345653e-04
    endloop
  endfacet
  facet normal 5.498235e-01 5.498235e-01 -6.287991e-01
    outer loop
      vertex   2.761321e-04 2.486305e-04 -3.345653e-04
      vertex   2.706690e-04 3.006084e-04 -2.938926e-04
      vertex   3.006084e-04 2.706690e-04 -2.938926e-04
    endloop
  endfacet
  facet normal 6.042837e-01 4.893393e-01 -6.287991e-01
    outer loop
      vertex   2.761321e-04 2.486305e-04 -3.345653e-04
      vertex   3.006084e-04 2.706690e-04 -2.938926e-04
      vertex   3.006084e-04 2.184048e-04 -3.345653e-04
    endloop
  endfacet
  facet normal 6.042837e-01 4.893393e-01 -6.287991e-01
    outer loop
      vertex   3.006084e-04 2.184048e-04 -3.345653e-04
      vertex   3.006084e-04 2.706690e-04 -2.938926e-04
      vertex   3.272542e-04 2.377641e-04 -2.938926e-04
    endloop
  endfacet
  facet normal 6.521232e-01 4.234938e-01 -6.287991e-01
    outer loop
      vertex   3.006084e-04 2.184048e-04 -3.345653e-04
      vertex   3.272542e-04 2.377641e-04 -2.938926e-04
      vertex   3.217911e-04 1.857862e-04 -3.345653e-04
    endloop
  endfacet
  facet normal 6.521232e-01 4.234938e-01 -6.287991e-01
    outer loop
      vertex   3.217911e-04 1.857862e-04 -3.345653e-04
      vertex   3.272542e-04 2.377641e-04 -2.938926e-04
      vertex   3.503146e-04 2.022542e-04 -2.938926e-04
    endloop
  endfacet
  facet normal 6.928180e-01 3.530084e-01 -6.287991e-01
    outer loop
      vertex   3.217911e-04 1.857862e-04 -3.345653e-04
      vertex   3.503146e-04 2.022542e-04 -2.938926e-04
      vertex   3.394483e-04 1.511321e-04 -3.345653e-04
    endloop
  endfacet
  facet normal 6.928180e-01 3.530084e-01 -6.287991e-01
    outer loop
      vertex   3.394483e-04 1.511321e-04 -3.345653e-04
      vertex   3.503146e-04 2.022542e-04 -2.938926e-04
      vertex   3.695369e-04 1.645284e-04 -2.938926e-04
    endloop
  endfacet
  facet normal 7.259221e-01 2.786554e-01 -6.287991e-01
    outer loop
      vertex   3.394483e-04 1.511321e-04 -3.345653e-04
      vertex   3.695369e-04 1.645284e-04 -2.938926e-04
      vertex   3.533864e-04 1.148222e-04 -3.345653e-04
    endloop
  endfacet
  facet normal 7.259221e-01 2.786554e-01 -6.287991e-01
    outer loop
      vertex   3.533864e-04 1.148222e-04 -3.345653e-04
      vertex   3.695369e-04 1.645284e-04 -2.938926e-04
      vertex   3.847104e-04 1.250000e-04 -2.938926e-04
    endloop
  endfacet
  facet normal 7.510728e-01 2.012494e-01 -6.287991e-01
    outer loop
      vertex   3.533864e-04 1.148222e-04 -3.345653e-04
      vertex   3.847104e-04 1.250000e-04 -2.938926e-04
      vertex   3.634527e-04 7.725425e-05 -3.345653e-04
    endloop
  endfacet
  facet normal 7.510728e-01 2.012494e-01 -6.287991e-01
    outer loop
      vertex   3.634527e-04 7.725425e-05 -3.345653e-04
      vertex   3.847104e-04 1.250000e-04 -2.938926e-04
      vertex   3.956690e-04 8.410205e-05 -2.938926e-04
    endloop
  endfacet
  facet normal 7.679947e-01 1.216384e-01 -6.287991e-01
    outer loop
      vertex   3.634527e-04 7.725425e-05 -3.345653e-04
      vertex   3.956690e-04 8.410205e-05 -2.938926e-04
      vertex   3.695369e-04 3.883989e-05 -3.345653e-04
    endloop
  endfacet
  facet normal 7.679947e-01 1.216384e-01 -6.287991e-01
    outer loop
      vertex   3.695369e-04 3.883989e-05 -3.345653e-04
      vertex   3.956690e-04 8.410205e-05 -2.938926e-04
      vertex   4.022926e-04 4.228265e-05 -2.938926e-04
    endloop
  endfacet
  facet normal 7.765022e-01 4.069476e-02 -6.287991e-01
    outer loop
      vertex   3.695369e-04 3.883989e-05 -3.345653e-04
      vertex   4.022926e-04 4.228265e-05 -2.938926e-04
      vertex   3.715724e-04 0.000000e+00 -3.345653e-04
    endloop
  endfacet
  facet normal 7.765022e-01 4.069476e-02 -6.287991e-01
    outer loop
      vertex   3.715724e-04 0.000000e+00 -3.345653e-04
      vertex   4.022926e-04 4.228265e-05 -2.938926e-04
      vertex   4.045085e-04 0.000000e+00 -2.938926e-04
    endloop
  endfacet
  facet normal 8.378616e-01 -4.391047e-02 -5.441137e-01
    outer loop
      vertex   4.045085e-04 0.000000e+00 -2.938926e-04
      vertex   4.330127e-04 0.000000e+00 -2.500000e-04
      vertex   4.022926e-04 -4.228265e-05 -2.938926e-04
    endloop
  endfacet
  facet normal 8.378616e-01 -4.391047e-02 -5.441137e-01
    outer loop
      vertex   4.022926e-04 -4.228265e-05 -2.938926e-04
      vertex   4.330127e-04 0.000000e+00 -2.500000e-04
      vertex   4.306406e-04 -4.526215e-05 -2.500000e-04
    endloop
  endfacet
  facet normal 8.286819e-01 -1.312503e-01 -5.441137e-01
    outer loop
      vertex   4.022926e-04 -4.228265e-05 -2.938926e-04
      vertex   4.306406e-04 -4.526215e-05 -2.500000e-04
      vertex   3.956690e-04 -8.410205e-05 -2.938926e-04
    endloop
  endfacet
  facet normal 8.286819e-01 -1.312503e-01 -5.441137e-01
    outer loop
      vertex   3.956690e-04 -8.410205e-05 -2.938926e-04
      vertex   4.306406e-04 -4.526215e-05 -2.500000e-04
      vertex   4.235503e-04 -9.002840e-05 -2.500000e-04
    endloop
  endfacet
  facet normal 8.104229e-01 -2.171522e-01 -5.441137e-01
    outer loop
      vertex   3.956690e-04 -8.410205e-05 -2.938926e-04
      vertex   4.235503e-04 -9.002840e-05 -2.500000e-04
      vertex   3.847104e-04 -1.250000e-04 -2.938926e-04
    endloop
  endfacet
  facet normal 8.104229e-01 -2.171522e-01 -5.441137e-01
    outer loop
      vertex   3.847104e-04 -1.250000e-04 -2.938926e-04
      vertex   4.235503e-04 -9.002840e-05 -2.500000e-04
      vertex   4.118196e-04 -1.338083e-04 -2.500000e-04
    endloop
  endfacet
  facet normal 7.832847e-01 -3.006748e-01 -5.441137e-01
    outer loop
      vertex   3.847104e-04 -1.250000e-04 -2.938926e-04
      vertex   4.118196e-04 -1.338083e-04 -2.500000e-04
      vertex   3.695369e-04 -1.645284e-04 -2.938926e-04
    endloop
  endfacet
  facet normal 7.832847e-01 -3.006748e-01 -5.441137e-01
    outer loop
      vertex   3.695369e-04 -1.645284e-04 -2.938926e-04
      vertex   4.118196e-04 -1.338083e-04 -2.500000e-04
      vertex   3.955768e-04 -1.761221e-04 -2.500000e-04
    endloop
  endfacet
  facet normal 7.475647e-01 -3.809032e-01 -5.441137e-01
    outer loop
      vertex   3.695369e-04 -1.645284e-04 -2.938926e-04
      vertex   3.955768e-04 -1.761221e-04 -2.500000e-04
      vertex   3.503146e-04 -2.022542e-04 -2.938926e-04
    endloop
  endfacet
  facet normal 7.475647e-01 -3.809032e-01 -5.441137e-01
    outer loop
      vertex   3.503146e-04 -2.022542e-04 -2.938926e-04
      vertex   3.955768e-04 -1.761221e-04 -2.500000e-04
      vertex   3.750000e-04 -2.165064e-04 -2.500000e-04
    endloop
  endfacet
  facet normal 7.036542e-01 -4.569584e-01 -5.441137e-01
    outer loop
      vertex   3.503146e-04 -2.022542e-04 -2.938926e-04
      vertex   3.750000e-04 -2.165064e-04 -2.500000e-04
      vertex   3.272542e-04 -2.377641e-04 -2.938926e-04
    endloop
  endfacet
  facet normal 7.036542e-01 -4.569584e-01 -5.441137e-01
    outer loop
      vertex   3.272542e-04 -2.377641e-04 -2.938926e-04
      vertex   3.750000e-04 -2.165064e-04 -2.500000e-04
      vertex   3.503146e-04 -2.545185e-04 -2.500000e-04
    endloop
  endfacet
  facet normal 6.520344e-01 -5.280070e-01 -5.441137e-01
    outer loop
      vertex   3.272542e-04 -2.377641e-04 -2.938926e-04
      vertex   3.503146e-04 -2.545185e-04 -2.500000e-04
      vertex   3.006084e-04 -2.706690e-04 -2.938926e-04
    endloop
  endfacet
  facet normal 6.520344e-01 -5.280070e-01 -5.441137e-01
    outer loop
      vertex   3.006084e-04 -2.706690e-04 -2.938926e-04
      vertex   3.503146e-04 -2.545185e-04 -2.500000e-04
      vertex   3.217911e-04 -2.897421e-04 -2.500000e-04
    endloop
  endfacet
  facet normal 5.932707e-01 -5.932707e-01 -5.441137e-01
    outer loop
      vertex   3.006084e-04 -2.706690e-04 -2.938926e-04
      vertex   3.217911e-04 -2.897421e-04 -2.500000e-04
      vertex   2.706690e-04 -3.006084e-04 -2.938926e-04
    endloop
  endfacet
  facet normal 5.932707e-01 -5.932707e-01 -5.441137e-01
    outer loop
      vertex   2.706690e-04 -3.006084e-04 -2.938926e-04
      vertex   3.217911e-04 -2.897421e-04 -2.500000e-04
      vertex   2.897421e-04 -3.217911e-04 -2.500000e-04
    endloop
  endfacet
  facet normal 5.280070e-01 -6.520344e-01 -5.441137e-01
    outer loop
      vertex   2.706690e-04 -3.006084e-04 -2.938926e-04
      vertex   2.897421e-04 -3.217911e-04 -2.500000e-04
      vertex   2.377641e-04 -3.272542e-04 -2.938926e-04
    endloop
  endfacet
  facet normal 5.280070e-01 -6.520344e-01 -5.441137e-01
    outer loop
      vertex   2.377641e-04 -3.272542e-04 -2.938926e-04
      vertex   2.897421e-04 -3.217911e-04 -2.500000e-04
      vertex   2.545185e-04 -3.503146e-04 -2.500000e-04
    endloop
  endfacet
  facet normal 4.569584e-01 -7.036542e-01 -5.441137e-01
    outer loop
      vertex   2.377641e-04 -3.272542e-04 -2.938926e-04
      vertex   2.545185e-04 -3.503146e-04 -2.500000e-04
      vertex   2.022542e-04 -3.503146e-04 -2.938926e-04
    endloop
  endfacet
  facet normal 4.569584e-01 -7.036542e-01 -5.441137e-01
    outer loop
      vertex   2.022542e-04 -3.503146e-04 -2.938926e-04
      vertex   2.545185e-04 -3.503146e-04 -2.500000e-04
      vertex   2.165064e-04 -3.750000e-04 -2.500000e-04
    endloop
  endfacet
  facet normal 3.809032e-01 -7.475647e-01 -5.441137e-01
    outer loop
      vertex   2.022542e-04 -3.503146e-04 -2.938926e-04
      vertex   2.165064e-04 -3.750000e-04 -2.500000e-04
      vertex   1.645284e-04 -3.695369e-04 -2.938926e-04
    endloop
  endfacet
  facet normal 3.809032e-01 -7.475647e-01 -5.441137e-01
    outer loop
      vertex   1.645284e-04 -3.695369e-04 -2.938926e-04
      vertex   2.165064e-04 -3.750000e-04 -2.500000e-04
      vertex   1.761221e-04 -3.955768e-04 -2.500000e-04
    endloop
  endfacet
  facet normal 3.006748e-01 -7.832847e-01 -5.441137e-01
    outer loop
      vertex   1.645284e-04 -3.695369e-04 -2.938926e-04
      vertex   1.761221e-04 -3.955768e-04 -2.500000e-04
      vertex   1.250000e-04 -3.847104e-04 -2.938926e-04
    endloop
  endfacet
  facet normal 3.006748e-01 -7.832847e-01 -5.441137e-01
    outer loop
      vertex   1.250000e-04 -3.847104e-04 -2.938926e-04
      vertex   1.761221e-04 -3.955768e-04 -2.500000e-04
      vertex   1.338083e-04 -4.118196e-04 -2.500000e-04
    endloop
  endfacet
  facet normal 2.171522e-01 -8.104229e-01 -5.441137e-01
    outer loop
      vertex   1.250000e-04 -3.847104e-04 -2.938926e-04
      vertex   1.338083e-04 -4.118196e-04 -2.500000e-04
      vertex   8.410205e-05 -3.956690e-04 -2.938926e-04
    endloop
  endfacet
  facet normal 2.171522e-01 -8.104229e-01 -5.441137e-01
    outer loop
      vertex   8.410205e-05 -3.956690e-04 -2.938926e-04
      vertex   1.338083e-04 -4.118196e-04 -2.500000e-04
      vertex   9.002840e-05 -4.235503e-04 -2.500000e-04
    endloop
  endfacet
  facet normal 1.312503e-01 -8.286819e-01 -5.441137e-01
    outer loop
      vertex   8.410205e-05 -3.956690e-04 -2.938926e-04
      vertex   9.002840e-05 -4.235503e-04 -2.500000e-04
      vertex   4.228265e-05 -4.022926e-04 -2.938926e-04
    endloop
  endfacet
  facet normal 1.312503e-01 -8.286819e-01 -5.441137e-01
    outer loop
      vertex   4.228265e-05 -4.022926e-04 -2.938926e-04
      vertex   9.002840e-05 -4.235503e-04 -2.500000e-04
      vertex   4.526215e-05 -4.306406e-04 -2.500000e-04
    endloop
  endfacet
  facet normal 4.391047e-02 -8.378616e-01 -5.441137e-01
    outer loop
      vertex   4.228265e-05 -4.022926e-04 -2.938926e-04
      vertex   4.526215e-05 -4.306406e-04 -2.500000e-04
      vertex   2.476900e-20 -4.045085e-04 -2.938926e-04
    endloop
  endfacet
  facet normal 4.391047e-02 -8.378616e-01 -5.441137e-01
    outer loop
      vertex   2.476900e-20 -4.045085e-04 -2.938926e-04
      vertex   4.526215e-05 -4.306406e-04 -2.500000e-04
      vertex   2.651438e-20 -4.330127e-04 -2.500000e-04
    endloop
  endfacet
  facet normal -4.391047e-02 -8.378616e-01 -5.441137e-01
    outer loop
      vertex   2.476900e-20 -4.045085e-04 -2.938926e-04
      vertex   2.651438e-20 -4.330127e-04 -2.500000e-04
      vertex   -4.228265e-05 -4.022926e-04 -2.938926e-04
    endloop
  endfacet
  facet normal -4.391047e-02 -8.378616e-01 -5.441137e-01
    outer loop
      vertex   -4.228265e-05 -4.022926e-04 -2.938926e-04
      vertex   2.651438e-20 -4.330127e-04 -2.500000e-04
      vertex   -4.526215e-05 -4.306406e-04 -2.500000e-04
    endloop
  endfacet
  facet normal -1.312503e-01 -8.286819e-01 -5.441137e-01
    outer loop
      vertex   -4.228265e-05 -4.022926e-04 -2.938926e-04
      vertex   -4.526215e-05 -4.306406e-04 -2.500000e-04
      vertex   -8.410205e-05 -3.956690e-04 -2.938926e-04
    endloop
  endfacet
  facet normal -1.312503e-01 -8.286819e-01 -5.441137e-01
    outer loop
      vertex   -8.410205e-05 -3.956690e-04 -2.938926e-04
      vertex   -4.526215e-05 -4.306406e-04 -2.500000e-04
      vertex   -9.002840e-05 -4.235503e-04 -2.500000e-04
    endloop
  endfacet
  facet normal -2.171522e-01 -8.104229e-01 -5.441137e-01
    outer loop
      vertex   -8.410205e-05 -3.956690e-04 -2.938926e-04
      vertex   -9.002840e-05 -4.235503e-04 -2.500000e-04
      vertex   -1.250000e-04 -3.847104e-04 -2.938926e-04
    endloop
  endfacet
  facet normal -2.171522e-01 -8.104229e-01 -5.441137e-01
    outer loop
      vertex   -1.250000e-04 -3.847104e-04 -2.938926e-04
      vertex   -9.002840e-05 -4.235503e-04 -2.500000e-04
      vertex   -1.338083e-04 -4.118196e-04 -2.500000e-04
    endloop
  endfacet
  facet normal -3.006748e-01 -7.832847e-01 -5.441137e-01
    outer loop
      vertex   -1.250000e-04 -3.847104e-04 -2.938926e-04
      vertex   -1.338083e-04 -4.118196e-04 -2.500000e-04
      vertex   -1.645284e-04 -3.695369e-04 -2.938926e-04
    endloop
  endfacet
  facet normal -3.006748e-01 -7.832847e-01 -5.441137e-01
    outer loop
      vertex   -1.645284e-04 -3.695369e-04 -2.938926e-04
      vertex   -1.338083e-04 -4.118196e-04 -2.500000e-04
      vertex   -1.761221e-04 -3.955768e-04 -2.500000e-04
    endloop
  endfacet
  facet normal -3.809032e-01 -7.475647e-01 -5.441137e-01
    outer loop
      vertex   -1.645284e-04 -3.695369e-04 -2.938926e-04
      vertex   -1.761221e-04 -3.955768e-04 -2.500000e-04
      vertex   -2.022542e-04 -3.503146e-04 -2.938926e-04
    endloop
  endfacet
  facet normal -3.809032e-01 -7.475647e-01 -5.441137e-01
    outer loop
      vertex   -2.022542e-04 -3.503146e-04 -2.938926e-04
      vertex   -1.761221e-04 -3.955768e-04 -2.500000e-04
      vertex   -2.165064e-04 -3.750000e-04 -2.500000e-04
    endloop
  endfacet
  facet normal -4.569584e-01 -7.036542e-01 -5.441137e-01
    outer loop
      vertex   -2.022542e-04 -3.503146e-04 -2.938926e-04
      vertex   -2.165064e-04 -3.750000e-04 -2.500000e-04
      vertex   -2.377641e-04 -3.272542e-04 -2.938926e-04
    endloop
  endfacet
  facet normal -4.569584e-01 -7.036542e-01 -5.441137e-01
    outer loop
      vertex   -2.377641e-04 -3.272542e-04 -2.938926e-04
      vertex   -2.165064e-04 -3.750000e-04 -2.500000e-04
      vertex   -2.545185e-04 -3.503146e-04 -2.500000e-04
    endloop
  endfacet
  facet normal -5.280070e-01 -6.520344e-01 -5.441137e-01
    outer loop
      vertex   -2.377641e-04 -3.272542e-04 -2.938926e-04
      vertex   -2.545185e-04 -3.503146e-04 -2.500000e-04
      vertex   -2.706690e-04 -3.006084e-04 -2.938926e-04
    endloop
  endfacet
  facet normal -5.280070e-01 -6.520344e-01 -5.441137e-01
    outer loop
      vertex   -2.706690e-04 -3.006084e-04 -2.938926e-04
      vertex   -2.545185e-04 -3.503146e-04 -2.500000e-04
      vertex   -2.897421e-04 -3.217911e-04 -2.500000e-04
    endloop
  endfacet
  facet normal -5.932707e-01 -5.932707e-01 -5.441137e-01
    outer loop
      vertex   -2.706690e-04 -3.006084e-04 -2.938926e-04
      vertex   -2.897421e-04 -3.217911e-04 -2.500000e-04
      vertex   -3.006084e-04 -2.706690e-04 -2.938926e-04
    endloop
  endfacet
  facet normal -5.932707e-01 -5.932707e-01 -5.441137e-01
    outer loop
      vertex   -3.006084e-04 -2.706690e-04 -2.938926e-04
      vertex   -2.897421e-04 -3.217911e-04 -2.500000e-04
      vertex   -3.217911e-04 -2.897421e-04 -2.500000e-04
    endloop
  endfacet
  facet normal -6.520344e-01 -5.280070e-01 -5.441137e-01
    outer loop
      vertex   -3.006084e-04 -2.706690e-04 -2.938926e-04
      vertex   -3.217911e-04 -2.897421e-04 -2.500000e-04
      vertex   -3.272542e-04 -2.377641e-04 -2.938926e-04
    endloop
  endfacet
  facet normal -6.520344e-01 -5.280070e-01 -5.441137e-01
    outer loop
      vertex   -3.272542e-04 -2.377641e-04 -2.938926e-04
      vertex   -3.217911e-04 -2.897421e-04 -2.500000e-04
      vertex   -3.503146e-04 -2.545185e-04 -2.500000e-04
    endloop
  endfacet
  facet normal -7.036542e-01 -4.569584e-01 -5.441137e-01
    outer loop
      vertex   -3.272542e-04 -2.377641e-04 -2.938926e-04
      vertex   -3.503146e-04 -2.545185e-04 -2.500000e-04
      vertex   -3.503146e-04 -2.022542e-04 -2.938926e-04
    endloop
  endfacet
  facet normal -7.036542e-01 -4.569584e-01 -5.441137e-01
    outer loop
      vertex   -3.503146e-04 -2.022542e-04 -2.938926e-04
      vertex   -3.503146e-04 -2.545185e-04 -2.500000e-04
      vertex   -3.750000e-04 -2.165064e-04 -2.500000e-04
    endloop
  endfacet
  facet normal -7.475647e-01 -3.809032e-01 -5.441137e-01
    outer loop
      vertex   -3.503146e-04 -2.022542e-04 -2.938926e-04
      vertex   -3.750000e-04 -2.165064e-04 -2.500000e-04
      vertex   -3.695369e-04 -1.645284e-04 -2.938926e-04
    endloop
  endfacet
  facet normal -7.475647e-01 -3.809032e-01 -5.441137e-01
    outer loop
      vertex   -3.695369e-04 -1.645284e-04 -2.938926e-04
      vertex   -3.750000e-04 -2.165064e-04 -2.500000e-04
      vertex   -3.955768e-04 -1.761221e-04 -2.500000e-04
    endloop
  endfacet
  facet normal -7.832847e-01 -3.006748e-01 -5.441137e-01
    outer loop
      vertex   -3.695369e-04 -1.645284e-04 -2.938926e-04
      vertex   -3.955768e-04 -1.761221e-04 -2.500000e-04
      vertex   -3.847104e-04 -1.250000e-04 -2.938926e-04
    endloop
  endfacet
  facet normal -7.832847e-01 -3.006748e-01 -5.441137e-01
    outer loop
      vertex   -3.847104e-04 -1.250000e-04 -2.938926e-04
      vertex   -3.955768e-04 -1.761221e-04 -2.500000e-04
      vertex   -4.118196e-04 -1.338083e-04 -2.500000e-04
    endloop
  endfacet
  facet normal -8.104229e-01 -2.171522e-01 -5.441137e-01
    outer loop
      vertex   -3.847104e-04 -1.250000e-04 -2.938926e-04
      vertex   -4.118196e-04 -1.338083e-04 -2.500000e-04
      vertex   -3.956690e-04 -8.410205e-05 -2.938926e-04
    endloop
  endfacet
  facet normal -8.104229e-01 -2.171522e-01 -5.441137e-01
    outer loop
      vertex   -3.956690e-04 -8.410205e-05 -2.938926e-04
      vertex   -4.118196e-04 -1.338083e-04 -2.500000e-04
      vertex   -4.235503e-04 -9.002840e-05 -2.500000e-04
    endloop
  endfacet
  facet normal -8.286819e-01 -1.312503e-01 -5.441137e-01
    outer loop
      vertex   -3.956690e-04 -8.410205e-05 -2.938926e-04
      vertex   -4.235503e-04 -9.002840e-05 -2.500000e-04
      vertex   -4.022926e-04 -4.228265e-05 -2.938926e-04
    endloop
  endfacet
  facet normal -8.286819e-01 -1.312503e-01 -5.441137e-01
    outer loop
      vertex   -4.022926e-04 -4.228265e-05 -2.938926e-04
      vertex   -4.235503e-04 -9.002840e-05 -2.500000e-04
      vertex   -4.306406e-04 -4.526215e-05 -2.500000e-04
    endloop
  endfacet
  facet normal -8.378616e-01 -4.391047e-02 -5.441137e-01
    outer loop
      vertex   -4.022926e-04 -4.228265e-05 -2.938926e-04
      vertex   -4.306406e-04 -4.526215e-05 -2.500000e-04
      vertex   -4.045085e-04 -4.953800e-20 -2.938926e-04
    endloop
  endfacet
  facet normal -8.378616e-01 -4.391047e-02 -5.441137e-01
    outer loop
      vertex   -4.045085e-04 -4.953800e-20 -2.938926e-04
      vertex   -4.306406e-04 -4.526215e-05 -2.500000e-04
      vertex   -4.330127e-04 -5.302876e-20 -2.500000e-04
    endloop
  endfacet
  facet normal -8.378616e-01 4.391047e-02 -5.441137e-01
    outer loop
      vertex   -4.045085e-04 -4.953800e-20 -2.938926e-04
      vertex   -4.330127e-04 -5.302876e-20 -2.500000e-04
      vertex   -4.022926e-04 4.228265e-05 -2.938926e-04
    endloop
  endfacet
  facet normal -8.378616e-01 4.391047e-02 -5.441137e-01
    outer loop
      vertex   -4.022926e-04 4.228265e-05 -2.938926e-04
      vertex   -4.330127e-04 -5.302876e-20 -2.500000e-04
      vertex   -4.306406e-04 4.526215e-05 -2.500000e-04
    endloop
  endfacet
  facet normal -8.286819e-01 1.312503e-01 -5.441137e-01
    outer loop
      vertex   -4.022926e-04 4.228265e-05 -2.938926e-04
      vertex   -4.306406e-04 4.526215e-05 -2.500000e-04
      vertex   -3.956690e-04 8.410205e-05 -2.938926e-04
    endloop
  endfacet
  facet normal -8.286819e-01 1.312503e-01 -5.441137e-01
    outer loop
      vertex   -3.956690e-04 8.410205e-05 -2.938926e-04
      vertex   -4.306406e-04 4.526215e-05 -2.500000e-04
      vertex   -4.235503e-04 9.002840e-05 -2.500000e-04
    endloop
  endfacet
  facet normal -8.104229e-01 2.171522e-01 -5.441137e-01
    outer loop
      vertex   -3.956690e-04 8.410205e-05 -2.938926e-04
      vertex   -4.235503e-04 9.002840e-05 -2.500000e-04
      vertex   -3.847104e-04 1.250000e-04 -2.938926e-04
    endloop
  endfacet
  facet normal -8.104229e-01 2.171522e-01 -5.441137e-01
    outer loop
      vertex   -3.847104e-04 1.250000e-04 -2.938926e-04
      vertex   -4.235503e-04 9.002840e-05 -2.500000e-04
      vertex   -4.118196e-04 1.338083e-04 -2.500000e-04
    endloop
  endfacet
  facet normal -7.832847e-01 3.006748e-01 -5.441137e-01
    outer loop
      vertex   -3.847104e-04 1.250000e-04 -2.938926e-04
      vertex   -4.118196e-04 1.338083e-04 -2.500000e-04
      vertex   -3.695369e-04 1.645284e-04 -2.938926e-04
    endloop
  endfacet
  facet normal -7.832847e-01 3.006748e-01 -5.441137e-01
    outer loop
      vertex   -3.695369e-04 1.645284e-04 -2.938926e-04
      vertex   -4.118196e-04 1.338083e-04 -2.500000e-04
      vertex   -3.955768e-04 1.761221e-04 -2.500000e-04
    endloop
  endfacet
  facet normal -7.475647e-01 3.809032e-01 -5.441137e-01
    outer loop
      vertex   -3.695369e-04 1.645284e-04 -2.938926e-04
      vertex   -3.955768e-04 1.761221e-04 -2.500000e-04
      vertex   -3.503146e-04 2.022542e-04 -2.938926e-04
    endloop
  endfacet
  facet normal -7.475647e-01 3.809032e-01 -5.441137e-01
    outer loop
      vertex   -3.503146e-04 2.022542e-04 -2.938926e-04
      vertex   -3.955768e-04 1.761221e-04 -2.500000e-04
      vertex   -3.750000e-04 2.165064e-04 -2.500000e-04
    endloop
  endfacet
  facet normal -7.036542e-01 4.569584e-01 -5.441137e-01
    outer loop
      vertex   -3.503146e-04 2.022542e-04 -2.938926e-04
      vertex   -3.750000e-04 2.165064e-04 -2.500000e-04
      vertex   -3.272542e-04 2.377641e-04 -2.938926e-04
    endloop
  endfacet
  facet normal -7.036542e-01 4.569584e-01 -5.441137e-01
    outer loop
      vertex   -3.272542e-04 2.377641e-04 -2.938926e-04
      vertex   -3.750000e-04 2.165064e-04 -2.500000e-04
      vertex   -3.503146e-04 2.545185e-04 -2.500000e-04
    endloop
  endfacet
  facet normal -6.520344e-01 5.280070e-01 -5.441137e-01
    outer loop
      vertex   -3.272542e-04 2.377641e-04 -2.938926e-04
      vertex   -3.503146e-04 2.545185e-04 -2.500000e-04
      vertex   -3.006084e-04 2.706690e-04 -2.938926e-04
    endloop
  endfacet
  facet normal -6.520344e-01 5.280070e-01 -5.441137e-01
    outer loop
      vertex   -3.006084e-04 2.706690e-04 -2.938926e-04
      vertex   -3.503146e-04 2.545185e-04 -2.500000e-04
      vertex   -3.217911e-04 2.897421e-04 -2.500000e-04
    endloop
  endfacet
  facet normal -5.932707e-01 5.932707e-01 -5.441137e-01
    outer loop
      vertex   -3.006084e-04 2.706690e-04 -2.938926e-04
      vertex   -3.217911e-04 2.897421e-04 -2.500000e-04
      vertex   -2.706690e-04 3.006084e-04 -2.938926e-04
    endloop
  endfacet
  facet normal -5.932707e-01 5.932707e-01 -5.441137e-01
    outer loop
      vertex   -2.706690e-04 3.006084e-04 -2.938926e-04
      vertex   -3.217911e-04 2.897421e-04 -2.500000e-04
      vertex   -2.897421e-04 3.217911e-04 -2.500000e-04
    endloop
  endfacet
  facet normal -5.280070e-01 6.520344e-01 -5.441137e-01
    outer loop
      vertex   -2.706690e-04 3.006084e-04 -2.938926e-04
      vertex   -2.897421e-04 3.217911e-04 -2.500000e-04
      vertex   -2.377641e-04 3.272542e-04 -2.938926e-04
    endloop
  endfacet
  facet normal -5.280070e-01 6.520344e-01 -5.441137e-01
    outer loop
      vertex   -2.377641e-04 3.272542e-04 -2.938926e-04
      vertex   -2.897421e-04 3.217911e-04 -2.500000e-04
      vertex   -2.545185e-04 3.503146e-04 -2.500000e-04
    endloop
  endfacet
  facet normal -4.569584e-01 7.036542e-01 -5.441137e-01
    outer loop
      vertex   -2.377641e-04 3.272542e-04 -2.938926e-04
      vertex   -2.545185e-04 3.503146e-04 -2.500000e-04
      vertex   -2.022542e-04 3.503146e-04 -2.938926e-04
    endloop
  endfacet
  facet normal -4.569584e-01 7.036542e-01 -5.441137e-01
    outer loop
      vertex   -2.022542e-04 3.503146e-04 -2.938926e-04
      vertex   -2.545185e-04 3.503146e-04 -2.500000e-04
      vertex   -2.165064e-04 3.750000e-04 -2.500000e-04
    endloop
  endfacet
  facet normal -3.809032e-01 7.475647e-01 -5.441137e-01
    outer loop
      vertex   -2.022542e-04 3.503146e-04 -2.938926e-04
      vertex   -2.165064e-04 3.750000e-04 -2.500000e-04
      vertex   -1.645284e-04 3.695369e-04 -2.938926e-04
    endloop
  endfacet
  facet normal -3.809032e-01 7.475647e-01 -5.441137e-01
    outer loop
      vertex   -1.645284e-04 3.695369e-04 -2.938926e-04
      vertex   -2.165064e-04 3.750000e-04 -2.500000e-04
      vertex   -1.761221e-04 3.955768e-04 -2.500000e-04
    endloop
  endfacet
  facet normal -3.006748e-01 7.832847e-01 -5.441137e-01
    outer loop
      vertex   -1.645284e-04 3.695369e-04 -2.938926e-04
      vertex   -1.761221e-04 3.955768e-04 -2.500000e-04
      vertex   -1.250000e-04 3.847104e-04 -2.938926e-04
    endloop
  endfacet
  facet normal -3.006748e-01 7.832847e-01 -5.441137e-01
    outer loop
      vertex   -1.250000e-04 3.847104e-04 -2.938926e-04
      vertex   -1.761221e-04 3.955768e-04 -2.500000e-04
      vertex   -1.338083e-04 4.118196e-04 -2.500000e-04
    endloop
  endfacet
  facet normal -2.171522e-01 8.104229e-01 -5.441137e-01
    outer loop
      vertex   -1.250000e-04 3.847104e-04 -2.938926e-04
      vertex   -1.338083e-04 4.118196e-04 -2.500000e-04
      vertex   -8.410205e-05 3.956690e-04 -2.938926e-04
    endloop
  endfacet
  facet normal -2.171522e-01 8.104229e-01 -5.441137e-01
    outer loop
      vertex   -8.410205e-05 3.956690e-04 -2.938926e-04
      vertex   -1.338083e-04 4.118196e-04 -2.500000e-04
      vertex   -9.002840e-05 4.235503e-04 -2.500000e-04
    endloop
  endfacet
  facet normal -1.312503e-01 8.286819e-01 -5.441137e-01
    outer loop
      vertex   -8.410205e-05 3.956690e-04 -2.938926e-04
      vertex   -9.002840e-05 4.235503e-04 -2.500000e-04
      vertex   -4.228265e-05 4.022926e-04 -2.938926e-04
    endloop
  endfacet
  facet normal -1.312503e-01 8.286819e-01 -5.441137e-01
    outer loop
      vertex   -4.228265e-05 4.022926e-04 -2.938926e-04
      vertex   -9.002840e-05 4.235503e-04 -2.500000e-04
      vertex   -4.526215e-05 4.306406e-04 -2.500000e-04
    endloop
  endfacet
  facet normal -4.391047e-02 8.378616e-01 -5.441137e-01
    outer loop
      vertex   -4.228265e-05 4.022926e-04 -2.938926e-04
      vertex   -4.526215e-05 4.306406e-04 -2.500000e-04
      vertex   2.476900e-20 4.045085e-04 -2.938926e-04
    endloop
  endfacet
  facet normal -4.391047e-02 8.378616e-01 -5.441137e-01
    outer loop
      vertex   2.476900e-20 4.045085e-04 -2.938926e-04
      vertex   -4.526215e-05 4.306406e-04 -2.500000e-04
      vertex   2.651438e-20 4.330127e-04 -2.500000e-04
    endloop
  endfacet
  facet normal 4.391047e-02 8.378616e-01 -5.441137e-01
    outer loop
      vertex   2.476900e-20 4.045085e-04 -2.938926e-04
      vertex   2.651438e-20 4.330127e-04 -2.500000e-04
      vertex   4.228265e-05 4.022926e-04 -2.938926e-04
    endloop
  endfacet
  facet normal 4.391047e-02 8.378616e-01 -5.441137e-01
    outer loop
      vertex   4.228265e-05 4.022926e-04 -2.938926e-04
      vertex   2.651438e-20 4.330127e-04 -2.500000e-04
      vertex   4.526215e-05 4.306406e-04 -2.500000e-04
    endloop
  endfacet
  facet normal 1.312503e-01 8.286819e-01 -5.441137e-01
    outer loop
      vertex   4.228265e-05 4.022926e-04 -2.938926e-04
      vertex   4.526215e-05 4.306406e-04 -2.500000e-04
      vertex   8.410205e-05 3.956690e-04 -2.938926e-04
    endloop
  endfacet
  facet normal 1.312503e-01 8.286819e-01 -5.441137e-01
    outer loop
      vertex   8.410205e-05 3.956690e-04 -2.938926e-04
      vertex   4.526215e-05 4.306406e-04 -2.500000e-04
      vertex   9.002840e-05 4.235503e-04 -2.500000e-04
    endloop
  endfacet
  facet normal 2.171522e-01 8.104229e-01 -5.441137e-01
    outer loop
      vertex   8.410205e-05 3.956690e-04 -2.938926e-04
      vertex   9.002840e-05 4.235503e-04 -2.500000e-04
      vertex   1.250000e-04 3.847104e-04 -2.938926e-04
    endloop
  endfacet
  facet normal 2.171522e-01 8.104229e-01 -5.441137e-01
    outer loop
      vertex   1.250000e-04 3.847104e-04 -2.938926e-04
      vertex   9.002840e-05 4.235503e-04 -2.500000e-04
      vertex   1.338083e-04 4.118196e-04 -2.500000e-04
    endloop
  endfacet
  facet normal 3.006748e-01 7.832847e-01 -5.441137e-01
    outer loop
      vertex   1.250000e-04 3.847104e-04 -2.938926e-04
      vertex   1.338083e-04 4.118196e-04 -2.500000e-04
      vertex   1.645284e-04 3.695369e-04 -2.938926e-04
    endloop
  endfacet
  facet normal 3.006748e-01 7.832847e-01 -5.441137e-01
    outer loop
      vertex   1.645284e-04 3.695369e-04 -2.938926e-04
      vertex   1.338083e-04 4.118196e-04 -2.500000e-04
      vertex   1.761221e-04 3.955768e-04 -2.500000e-04
    endloop
  endfacet
  facet normal 3.809032e-01 7.475647e-01 -5.441137e-01
    outer loop
      vertex   1.645284e-04 3.695369e-04 -2.938926e-04
      vertex   1.761221e-04 3.955768e-04 -2.500000e-04
      vertex   2.022542e-04 3.503146e-04 -2.938926e-04
    endloop
  endfacet
  facet normal 3.809032e-01 7.475647e-01 -5.441137e-01
    outer loop
      vertex   2.022542e-04 3.503146e-04 -2.938926e-04
      vertex   1.761221e-04 3.955768e-04 -2.500000e-04
      vertex   2.165064e-04 3.750000e-04 -2.500000e-04
    endloop
  endfacet
  facet normal 4.569584e-01 7.036542e-01 -5.441137e-01
    outer loop
      vertex   2.022542e-04 3.503146e-04 -2.938926e-04
      vertex   2.165064e-04 3.750000e-04 -2.500000e-04
      vertex   2.377641e-04 3.272542e-04 -2.938926e-04
    endloop
  endfacet
  facet normal 4.569584e-01 7.036542e-01 -5.441137e-01
    outer loop
      vertex   2.377641e-04 3.272542e-04 -2.938926e-04
      vertex   2.165064e-04 3.750000e-04 -2.500000e-04
      vertex   2.545185e-04 3.503146e-04 -2.500000e-04
    endloop
  endfacet
  facet normal 5.280070e-01 6.520344e-01 -5.441137e-01
    outer loop
      vertex   2.377641e-04 3.272542e-04 -2.938926e-04
      vertex   2.545185e-04 3.503146e-04 -2.500000e-04
      vertex   2.706690e-04 3.006084e-04 -2.938926e-04
    endloop
  endfacet
  facet normal 5.280070e-01 6.520344e-01 -5.441137e-01
    outer loop
      vertex   2.706690e-04 3.006084e-04 -2.938926e-04
      vertex   2.545185e-04 3.503146e-04 -2.500000e-04
      vertex   2.897421e-04 3.217911e-04 -2.500000e-04
    endloop
  endfacet
  facet normal 5.932707e-01 5.932707e-01 -5.441137e-01
    outer loop
      vertex   2.706690e-04 3.006084e-04 -2.938926e-04
      vertex   2.897421e-04 3.217911e-04 -2.500000e-04
      vertex   3.006084e-04 2.706690e-04 -2.938926e-04
    endloop
  endfacet
  facet normal 5.932707e-01 5.932707e-01 -5.441137e-01
    outer loop
      vertex   3.006084e-04 2.706690e-04 -2.938926e-04
      vertex   2.897421e-04 3.217911e-04 -2.500000e-04
      vertex   3.217911e-04 2.897421e-04 -2.500000e-04
    endloop
  endfacet
  facet normal 6.520344e-01 5.280070e-01 -5.441137e-01
    outer loop
      vertex   3.006084e-04 2.706690e-04 -2.938926e-04
      vertex   3.217911e-04 2.897421e-04 -2.500000e-04
      vertex   3.272542e-04 2.377641e-04 -2.938926e-04
    endloop
  endfacet
  facet normal 6.520344e-01 5.280070e-01 -5.441137e-01
    outer loop
      vertex   3.272542e-04 2.377641e-04 -2.938926e-04
      vertex   3.217911e-04 2.897421e-04 -2.500000e-04
      vertex   3.503146e-04 2.545185e-04 -2.500000e-04
    endloop
  endfacet
  facet normal 7.036542e-01 4.569584e-01 -5.441137e-01
    outer loop
      vertex   3.272542e-04 2.377641e-04 -2.938926e-04
      vertex   3.503146e-04 2.545185e-04 -2.500000e-04
      vertex   3.503146e-04 2.022542e-04 -2.938926e-04
    endloop
  endfacet
  facet normal 7.036542e-01 4.569584e-01 -5.441137e-01
    outer loop
      vertex   3.503146e-04 2.022542e-04 -2.938926e-04
      vertex   3.503146e-04 2.545185e-04 -2.500000e-04
      vertex   3.750000e-04 2.165064e-04 -2.500000e-04
    endloop
  endfacet
  facet normal 7.475647e-01 3.809032e-01 -5.441137e-01
    outer loop
      vertex   3.503146e-04 2.022542e-04 -2.938926e-04
      vertex   3.750000e-04 2.165064e-04 -2.500000e-04
      vertex   3.695369e-04 1.645284e-04 -2.938926e-04
    endloop
  endfacet
  facet normal 7.475647e-01 3.809032e-01 -5.441137e-01
    outer loop
      vertex   3.695369e-04 1.645284e-04 -2.938926e-04
      vertex   3.750000e-04 2.165064e-04 -2.500000e-04
      vertex   3.955768e-04 1.761221e-04 -2.500000e-04
    endloop
  endfacet
  facet normal 7.832847e-01 3.006748e-01 -5.441137e-01
    outer loop
      vertex   3.695369e-04 1.645284e-04 -2.938926e-04
      vertex   3.955768e-04 1.761221e-04 -2.500000e-04
      vertex   3.847104e-04 1.250000e-04 -2.938926e-04
    endloop
  endfacet
  facet normal 7.832847e-01 3.006748e-01 -5.441137e-01
    outer loop
      vertex   3.847104e-04 1.250000e-04 -2.938926e-04
      vertex   3.955768e-04 1.761221e-04 -2.500000e-04
      vertex   4.118196e-04 1.338083e-04 -2.500000e-04
    endloop
  endfacet
  facet normal 8.104229e-01 2.171522e-01 -5.441137e-01
    outer loop
      vertex   3.847104e-04 1.250000e-04 -2.938926e-04
      vertex   4.118196e-04 1.338083e-04 -2.500000e-04
      vertex   3.956690e-04 8.410205e-05 -2.938926e-04
    endloop
  endfacet
  facet normal 8.104229e-01 2.171522e-01 -5.441137e-01
    outer loop
      vertex   3.956690e-04 8.410205e-05 -2.938926e-04
      vertex   4.118196e-04 1.338083e-04 -2.500000e-04
      vertex   4.235503e-04 9.002840e-05 -2.500000e-04
    endloop
  endfacet
  facet normal 8.286819e-01 1.312503e-01 -5.441137e-01
    outer loop
      vertex   3.956690e-04 8.410205e-05 -2.938926e-04
      vertex   4.235503e-04 9.002840e-05 -2.500000e-04
      vertex   4.022926e-04 4.228265e-05 -2.938926e-04
    endloop
  endfacet
  facet normal 8.286819e-01 1.312503e-01 -5.441137e-01
    outer loop
      vertex   4.022926e-04 4.228265e-05 -2.938926e-04
      vertex   4.235503e-04 9.002840e-05 -2.500000e-04
      vertex   4.306406e-04 4.526215e-05 -2.500000e-04
    endloop
  endfacet
  facet normal 8.378616e-01 4.391047e-02 -5.441137e-01
    outer loop
      vertex   4.022926e-04 4.228265e-05 -2.938926e-04
      vertex   4.306406e-04 4.526215e-05 -2.500000e-04
      vertex   4.045085e-04 0.000000e+00 -2.938926e-04
    endloop
  endfacet
  facet normal 8.378616e-01 4.391047e-02 -5.441137e-01
    outer loop
      vertex   4.045085e-04 0.000000e+00 -2.938926e-04
      vertex   4.306406e-04 4.526215e-05 -2.500000e-04
      vertex   4.330127e-04 0.000000e+00 -2.500000e-04
    endloop
  endfacet
  facet normal 8.900367e-01 -4.664485e-02 -4.534963e-01
    outer loop
      vertex   4.330127e-04 0.000000e+00 -2.500000e-04
      vertex   4.567727e-04 0.000000e+00 -2.033683e-04
      vertex   4.306406e-04 -4.526215e-05 -2.500000e-04
    endloop
  endfacet
  facet normal 8.900367e-01 -4.664485e-02 -4.534963e-01
    outer loop
      vertex   4.306406e-04 -4.526215e-05 -2.500000e-04
      vertex   4.567727e-04 0.000000e+00 -2.033683e-04
      vertex   4.542705e-04 -4.774575e-05 -2.033683e-04
    endloop
  endfacet
  facet normal 8.802853e-01 -1.394235e-01 -4.534963e-01
    outer loop
      vertex   4.306406e-04 -4.526215e-05 -2.500000e-04
      vertex   4.542705e-04 -4.774575e-05 -2.033683e-04
      vertex   4.235503e-04 -9.002840e-05 -2.500000e-04
    endloop
  endfacet
  facet normal 8.802853e-01 -1.394235e-01 -4.534963e-01
    outer loop
      vertex   4.235503e-04 -9.002840e-05 -2.500000e-04
      vertex   4.542705e-04 -4.774575e-05 -2.033683e-04
      vertex   4.467911e-04 -9.496839e-05 -2.033683e-04
    endloop
  endfacet
  facet normal 8.608893e-01 -2.306746e-01 -4.534963e-01
    outer loop
      vertex   4.235503e-04 -9.002840e-05 -2.500000e-04
      vertex   4.467911e-04 -9.496839e-05 -2.033683e-04
      vertex   4.118196e-04 -1.338083e-04 -2.500000e-04
    endloop
  endfacet
  facet normal 8.608893e-01 -2.306746e-01 -4.534963e-01
    outer loop
      vertex   4.118196e-04 -1.338083e-04 -2.500000e-04
      vertex   4.467911e-04 -9.496839e-05 -2.033683e-04
      vertex   4.344167e-04 -1.411505e-04 -2.033683e-04
    endloop
  endfacet
  facet normal 8.320611e-01 -3.193984e-01 -4.534963e-01
    outer loop
      vertex   4.118196e-04 -1.338083e-04 -2.500000e-04
      vertex   4.344167e-04 -1.411505e-04 -2.033683e-04
      vertex   3.955768e-04 -1.761221e-04 -2.500000e-04
    endloop
  endfacet
  facet normal 8.320611e-01 -3.193984e-01 -4.534963e-01
    outer loop
      vertex   3.955768e-04 -1.761221e-04 -2.500000e-04
      vertex   4.344167e-04 -1.411505e-04 -2.033683e-04
      vertex   4.172827e-04 -1.857862e-04 -2.033683e-04
    endloop
  endfacet
  facet normal 7.941168e-01 -4.046227e-01 -4.534963e-01
    outer loop
      vertex   3.955768e-04 -1.761221e-04 -2.500000e-04
      vertex   4.172827e-04 -1.857862e-04 -2.033683e-04
      vertex   3.750000e-04 -2.165064e-04 -2.500000e-04
    endloop
  endfacet
  facet normal 7.941168e-01 -4.046227e-01 -4.534963e-01
    outer loop
      vertex   3.750000e-04 -2.165064e-04 -2.500000e-04
      vertex   4.172827e-04 -1.857862e-04 -2.033683e-04
      vertex   3.955768e-04 -2.283864e-04 -2.033683e-04
    endloop
  endfacet
  facet normal 7.474720e-01 -4.854140e-01 -4.534963e-01
    outer loop
      vertex   3.750000e-04 -2.165064e-04 -2.500000e-04
      vertex   3.955768e-04 -2.283864e-04 -2.033683e-04
      vertex   3.503146e-04 -2.545185e-04 -2.500000e-04
    endloop
  endfacet
  facet normal 7.474720e-01 -4.854140e-01 -4.534963e-01
    outer loop
      vertex   3.503146e-04 -2.545185e-04 -2.500000e-04
      vertex   3.955768e-04 -2.283864e-04 -2.033683e-04
      vertex   3.695369e-04 -2.684843e-04 -2.033683e-04
    endloop
  endfacet
  facet normal 6.926377e-01 -5.608869e-01 -4.534963e-01
    outer loop
      vertex   3.503146e-04 -2.545185e-04 -2.500000e-04
      vertex   3.695369e-04 -2.684843e-04 -2.033683e-04
      vertex   3.217911e-04 -2.897421e-04 -2.500000e-04
    endloop
  endfacet
  facet normal 6.926377e-01 -5.608869e-01 -4.534963e-01
    outer loop
      vertex   3.217911e-04 -2.897421e-04 -2.500000e-04
      vertex   3.695369e-04 -2.684843e-04 -2.033683e-04
      vertex   3.394483e-04 -3.056406e-04 -2.033683e-04
    endloop
  endfacet
  facet normal 6.302147e-01 -6.302147e-01 -4.534963e-01
    outer loop
      vertex   3.217911e-04 -2.897421e-04 -2.500000e-04
      vertex   3.394483e-04 -3.056406e-04 -2.033683e-04
      vertex   2.897421e-04 -3.217911e-04 -2.500000e-04
    endloop
  endfacet
  facet normal 6.302147e-01 -6.302147e-01 -4.534963e-01
    outer loop
      vertex   2.897421e-04 -3.217911e-04 -2.500000e-04
      vertex   3.394483e-04 -3.056406e-04 -2.033683e-04
      vertex   3.056406e-04 -3.394483e-04 -2.033683e-04
    endloop
  endfacet
  facet normal 5.608869e-01 -6.926377e-01 -4.534963e-01
    outer loop
      vertex   2.897421e-04 -3.217911e-04 -2.500000e-04
      vertex   3.056406e-04 -3.394483e-04 -2.033683e-04
      vertex   2.545185e-04 -3.503146e-04 -2.500000e-04
    endloop
  endfacet
  facet normal 5.608869e-01 -6.926377e-01 -4.534963e-01
    outer loop
      vertex   2.545185e-04 -3.503146e-04 -2.500000e-04
      vertex   3.056406e-04 -3.394483e-04 -2.033683e-04
      vertex   2.684843e-04 -3.695369e-04 -2.033683e-04
    endloop
  endfacet
  facet normal 4.854140e-01 -7.474720e-01 -4.534963e-01
    outer loop
      vertex   2.545185e-04 -3.503146e-04 -2.500000e-04
      vertex   2.684843e-04 -3.695369e-04 -2.033683e-04
      vertex   2.165064e-04 -3.750000e-04 -2.500000e-04
    endloop
  endfacet
  facet normal 4.854140e-01 -7.474720e-01 -4.534963e-01
    outer loop
      vertex   2.165064e-04 -3.750000e-04 -2.500000e-04
      vertex   2.684843e-04 -3.695369e-04 -2.033683e-04
      vertex   2.283864e-04 -3.955768e-04 -2.033683e-04
    endloop
  endfacet
  facet normal 4.046227e-01 -7.941168e-01 -4.534963e-01
    outer loop
      vertex   2.165064e-04 -3.750000e-04 -2.500000e-04
      vertex   2.283864e-04 -3.955768e-04 -2.033683e-04
      vertex   1.761221e-04 -3.955768e-04 -2.500000e-04
    endloop
  endfacet
  facet normal 4.046227e-01 -7.941168e-01 -4.534963e-01
    outer loop
      vertex   1.761221e-04 -3.955768e-04 -2.500000e-04
      vertex   2.283864e-04 -3.955768e-04 -2.033683e-04
      vertex   1.857862e-04 -4.172827e-04 -2.033683e-04
    endloop
  endfacet
  facet normal 3.193984e-01 -8.320611e-01 -4.534963e-01
    outer loop
      vertex   1.761221e-04 -3.955768e-04 -2.500000e-04
      vertex   1.857862e-04 -4.172827e-04 -2.033683e-04
      vertex   1.338083e-04 -4.118196e-04 -2.500000e-04
    endloop
  endfacet
  facet normal 3.193984e-01 -8.320611e-01 -4.534963e-01
    outer loop
      vertex   1.338083e-04 -4.118196e-04 -2.500000e-04
      vertex   1.857862e-04 -4.172827e-04 -2.033683e-04
      vertex   1.411505e-04 -4.344167e-04 -2.033683e-04
    endloop
  endfacet
  facet normal 2.306746e-01 -8.608893e-01 -4.534963e-01
    outer loop
      vertex   1.338083e-04 -4.118196e-04 -2.500000e-04
      vertex   1.411505e-04 -4.344167e-04 -2.033683e-04
      vertex   9.002840e-05 -4.235503e-04 -2.500000e-04
    endloop
  endfacet
  facet normal 2.306746e-01 -8.608893e-01 -4.534963e-01
    outer loop
      vertex   9.002840e-05 -4.235503e-04 -2.500000e-04
      vertex   1.411505e-04 -4.344167e-04 -2.033683e-04
      vertex   9.496839e-05 -4.467911e-04 -2.033683e-04
    endloop
  endfacet
  facet normal 1.394235e-01 -8.802853e-01 -4.534963e-01
    outer loop
      vertex   9.002840e-05 -4.235503e-04 -2.500000e-04
      vertex   9.496839e-05 -4.467911e-04 -2.033683e-04
      vertex   4.526215e-05 -4.306406e-04 -2.500000e-04
    endloop
  endfacet
  facet normal 1.394235e-01 -8.802853e-01 -4.534963e-01
    outer loop
      vertex   4.526215e-05 -4.306406e-04 -2.500000e-04
      vertex   9.496839e-05 -4.467911e-04 -2.033683e-04
      vertex   4.774575e-05 -4.542705e-04 -2.033683e-04
    endloop
  endfacet
  facet normal 4.664485e-02 -8.900367e-01 -4.534963e-01
    outer loop
      vertex   4.526215e-05 -4.306406e-04 -2.500000e-04
      vertex   4.774575e-05 -4.542705e-04 -2.033683e-04
      vertex   2.651438e-20 -4.330127e-04 -2.500000e-04
    endloop
  endfacet
  facet normal 4.664485e-02 -8.900367e-01 -4.534963e-01
    outer loop
      vertex   2.651438e-20 -4.330127e-04 -2.500000e-04
      vertex   4.774575e-05 -4.542705e-04 -2.033683e-04
      vertex   2.796926e-20 -4.567727e-04 -2.033683e-04
    endloop
  endfacet
  facet normal -4.664485e-02 -8.900367e-01 -4.534963e-01
    outer loop
      vertex   2.651438e-20 -4.330127e-04 -2.500000e-04
      vertex   2.796926e-20 -4.567727e-04 -2.033683e-04
      vertex   -4.526215e-05 -4.306406e-04 -2.500000e-04
    endloop
  endfacet
  facet normal -4.664485e-02 -8.900367e-01 -4.534963e-01
    outer loop
      vertex   -4.526215e-05 -4.306406e-04 -2.500000e-04
      vertex   2.796926e-20 -4.567727e-04 -2.033683e-04
      vertex   -4.774575e-05 -4.542705e-04 -2.033683e-04
    endloop
  endfacet
  facet normal -1.394235e-01 -8.802853e-01 -4.534963e-01
    outer loop
      vertex   -4.526215e-05 -4.306406e-04 -2.500000e-04
      vertex   -4.774575e-05 -4.542705e-04 -2.033683e-04
      vertex   -9.002840e-05 -4.235503e-04 -2.500000e-04
    endloop
  endfacet
  facet normal -1.394235e-01 -8.802853e-01 -4.534963e-01
    outer loop
      vertex   -9.002840e-05 -4.235503e-04 -2.500000e-04
      vertex   -4.774575e-05 -4.542705e-04 -2.033683e-04
      vertex   -9.496839e-05 -4.467911e-04 -2.033683e-04
    endloop
  endfacet
  facet normal -2.306746e-01 -8.608893e-01 -4.534963e-01
    outer loop
      vertex   -9.002840e-05 -4.235503e-04 -2.500000e-04
      vertex   -9.496839e-05 -4.467911e-04 -2.033683e-04
      vertex   -1.338083e-04 -4.118196e-04 -2.500000e-04
    endloop
  endfacet
  facet normal -2.306746e-01 -8.608893e-01 -4.534963e-01
    outer loop
      vertex   -1.338083e-04 -4.118196e-04 -2.500000e-04
      vertex   -9.496839e-05 -4.467911e-04 -2.033683e-04
      vertex   -1.411505e-04 -4.344167e-04 -2.033683e-04
    endloop
  endfacet
  facet normal -3.193984e-01 -8.320611e-01 -4.534963e-01
    outer loop
      vertex   -1.338083e-04 -4.118196e-04 -2.500000e-04
      vertex   -1.411505e-04 -4.344167e-04 -2.033683e-04
      vertex   -1.761221e-04 -3.955768e-04 -2.500000e-04
    endloop
  endfacet
  facet normal -3.193984e-01 -8.320611e-01 -4.534963e-01
    outer loop
      vertex   -1.761221e-04 -3.955768e-04 -2.500000e-04
      vertex   -1.411505e-04 -4.344167e-04 -2.033683e-04
      vertex   -1.857862e-04 -4.172827e-04 -2.033683e-04
    endloop
  endfacet
  facet normal -4.046227e-01 -7.941168e-01 -4.534963e-01
    outer loop
      vertex   -1.761221e-04 -3.955768e-04 -2.500000e-04
      vertex   -1.857862e-04 -4.172827e-04 -2.033683e-04
      vertex   -2.165064e-04 -3.750000e-04 -2.500000e-04
    endloop
  endfacet
  facet normal -4.046227e-01 -7.941168e-01 -4.534963e-01
    outer loop
      vertex   -2.165064e-04 -3.750000e-04 -2.500000e-04
      vertex   -1.857862e-04 -4.172827e-04 -2.033683e-04
      vertex   -2.283864e-04 -3.955768e-04 -2.033683e-04
    endloop
  endfacet
  facet normal -4.854140e-01 -7.474720e-01 -4.534963e-01
    outer loop
      vertex   -2.165064e-04 -3.750000e-04 -2.500000e-04
      vertex   -2.283864e-04 -3.955768e-04 -2.033683e-04
      vertex   -2.545185e-04 -3.503146e-04 -2.500000e-04
    endloop
  endfacet
  facet normal -4.854140e-01 -7.474720e-01 -4.534963e-01
    outer loop
      vertex   -2.545185e-04 -3.503146e-04 -2.500000e-04
      vertex   -2.283864e-04 -3.955768e-04 -2.033683e-04
      vertex   -2.684843e-04 -3.695369e-04 -2.033683e-04
    endloop
  endfacet
  facet normal -5.608869e-01 -6.926377e-01 -4.534963e-01
    outer loop
      vertex   -2.545185e-04 -3.503146e-04 -2.500000e-04
      vertex   -2.684843e-04 -3.695369e-04 -2.033683e-04
      vertex   -2.897421e-04 -3.217911e-04 -2.500000e-04
    endloop
  endfacet
  facet normal -5.608869e-01 -6.926377e-01 -4.534963e-01
    outer loop
      vertex   -2.897421e-04 -3.217911e-04 -2.500000e-04
      vertex   -2.684843e-04 -3.695369e-04 -2.033683e-04
      vertex   -3.056406e-04 -3.394483e-04 -2.033683e-04
    endloop
  endfacet
  facet normal -6.302147e-01 -6.302147e-01 -4.534963e-01
    outer loop
      vertex   -2.897421e-04 -3.217911e-04 -2.500000e-04
      vertex   -3.056406e-04 -3.394483e-04 -2.033683e-04
      vertex   -3.217911e-04 -2.897421e-04 -2.500000e-04
    endloop
  endfacet
  facet normal -6.302147e-01 -6.302147e-01 -4.534963e-01
    outer loop
      vertex   -3.217911e-04 -2.897421e-04 -2.500000e-04
      vertex   -3.056406e-04 -3.394483e-04 -2.033683e-04
      vertex   -3.394483e-04 -3.056406e-04 -2.033683e-04
    endloop
  endfacet
  facet normal -6.926377e-01 -5.608869e-01 -4.534963e-01
    outer loop
      vertex   -3.217911e-04 -2.897421e-04 -2.500000e-04
      vertex   -3.394483e-04 -3.056406e-04 -2.033683e-04
      vertex   -3.503146e-04 -2.545185e-04 -2.500000e-04
    endloop
  endfacet
  facet normal -6.926377e-01 -5.608869e-01 -4.534963e-01
    outer loop
      vertex   -3.503146e-04 -2.545185e-04 -2.500000e-04
      vertex   -3.394483e-04 -3.056406e-04 -2.033683e-04
      vertex   -3.695369e-04 -2.684843e-04 -2.033683e-04
    endloop
  endfacet
  facet normal -7.474720e-01 -4.854140e-01 -4.534963e-01
    outer loop
      vertex   -3.503146e-04 -2.545185e-04 -2.500000e-04
      vertex   -3.695369e-04 -2.684843e-04 -2.033683e-04
      vertex   -3.750000e-04 -2.165064e-04 -2.500000e-04
    endloop
  endfacet
  facet normal -7.474720e-01 -4.854140e-01 -4.534963e-01
    outer loop
      vertex   -3.750000e-04 -2.165064e-04 -2.500000e-04
      vertex   -3.695369e-04 -2.684843e-04 -2.033683e-04
      vertex   -3.955768e-04 -2.283864e-04 -2.033683e-04
    endloop
  endfacet
  facet normal -7.941168e-01 -4.046227e-01 -4.534963e-01
    outer loop
      vertex   -3.750000e-04 -2.165064e-04 -2.500000e-04
      vertex   -3.955768e-04 -2.283864e-04 -2.033683e-04
      vertex   -3.955768e-04 -1.761221e-04 -2.500000e-04
    endloop
  endfacet
  facet normal -7.941168e-01 -4.046227e-01 -4.534963e-01
    outer loop
      vertex   -3.955768e-04 -1.761221e-04 -2.500000e-04
      vertex   -3.955768e-04 -2.283864e-04 -2.033683e-04
      vertex   -4.172827e-04 -1.857862e-04 -2.033683e-04
    endloop
  endfacet
  facet normal -8.320611e-01 -3.193984e-01 -4.534963e-01
    outer loop
      vertex   -3.955768e-04 -1.761221e-04 -2.500000e-04
      vertex   -4.172827e-04 -1.857862e-04 -2.033683e-04
      vertex   -4.118196e-04 -1.338083e-04 -2.500000e-04
    endloop
  endfacet
  facet normal -8.320611e-01 -3.193984e-01 -4.534963e-01
    outer loop
      vertex   -4.118196e-04 -1.338083e-04 -2.500000e-04
      vertex   -4.172827e-04 -1.857862e-04 -2.033683e-04
      vertex   -4.344167e-04 -1.411505e-04 -2.033683e-04
    endloop
  endfacet
  facet normal -8.608893e-01 -2.306746e-01 -4.534963e-01
    outer loop
      vertex   -4.118196e-04 -1.338083e-04 -2.500000e-04
      vertex   -4.344167e-04 -1.411505e-04 -2.033683e-04
      vertex   -4.235503e-04 -9.002840e-05 -2.500000e-04
    endloop
  endfacet
  facet normal -8.608893e-01 -2.306746e-01 -4.534963e-01
    outer loop
      vertex   -4.235503e-04 -9.002840e-05 -2.500000e-04
      vertex   -4.344167e-04 -1.411505e-04 -2.033683e-04
      vertex   -4.467911e-04 -9.496839e-05 -2.033683e-04
    endloop
  endfacet
  facet normal -8.802853e-01 -1.394235e-01 -4.534963e-01
    outer loop
      vertex   -4.235503e-04 -9.002840e-05 -2.500000e-04
      vertex   -4.467911e-04 -9.496839e-05 -2.033683e-04
      vertex   -4.306406e-04 -4.526215e-05 -2.500000e-04
    endloop
  endfacet
  facet normal -8.802853e-01 -1.394235e-01 -4.534963e-01
    outer loop
      vertex   -4.306406e-04 -4.526215e-05 -2.500000e-04
      vertex   -4.467911e-04 -9.496839e-05 -2.033683e-04
      vertex   -4.542705e-04 -4.774575e-05 -2.033683e-04
    endloop
  endfacet
  facet normal -8.900367e-01 -4.664485e-02 -4.534963e-01
    outer loop
      vertex   -4.306406e-04 -4.526215e-05 -2.500000e-04
      vertex   -4.542705e-04 -4.774575e-05 -2.033683e-04
      vertex   -4.330127e-04 -5.302876e-20 -2.500000e-04
    endloop
  endfacet
  facet normal -8.900367e-01 -4.664485e-02 -4.534963e-01
    outer loop
      vertex   -4.330127e-04 -5.302876e-20 -2.500000e-04
      vertex   -4.542705e-04 -4.774575e-05 -2.033683e-04
      vertex   -4.567727e-04 -5.593853e-20 -2.033683e-04
    endloop
  endfacet
  facet normal -8.900367e-01 4.664485e-02 -4.534963e-01
    outer loop
      vertex   -4.330127e-04 -5.302876e-20 -2.500000e-04
      vertex   -4.567727e-04 -5.593853e-20 -2.033683e-04
      vertex   -4.306406e-04 4.526215e-05 -2.500000e-04
    endloop
  endfacet
  facet normal -8.900367e-01 4.664485e-02 -4.534963e-01
    outer loop
      vertex   -4.306406e-04 4.526215e-05 -2.500000e-04
      vertex   -4.567727e-04 -5.593853e-20 -2.033683e-04
      vertex   -4.542705e-04 4.774575e-05 -2.033683e-04
    endloop
  endfacet
  facet normal -8.802853e-01 1.394235e-01 -4.534963e-01
    outer loop
      vertex   -4.306406e-04 4.526215e-05 -2.500000e-04
      vertex   -4.542705e-04 4.774575e-05 -2.033683e-04
      vertex   -4.235503e-04 9.002840e-05 -2.500000e-04
    endloop
  endfacet
  facet normal -8.802853e-01 1.394235e-01 -4.534963e-01
    outer loop
      vertex   -4.235503e-04 9.002840e-05 -2.500000e-04
      vertex   -4.542705e-04 4.774575e-05 -2.033683e-04
      vertex   -4.467911e-04 9.496839e-05 -2.033683e-04
    endloop
  endfacet
  facet normal -8.608893e-01 2.306746e-01 -4.534963e-01
    outer loop
      vertex   -4.235503e-04 9.002840e-05 -2.500000e-04
      vertex   -4.467911e-04 9.496839e-05 -2.033683e-04
      vertex   -4.118196e-04 1.338083e-04 -2.500000e-04
    endloop
  endfacet
  facet normal -8.608893e-01 2.306746e-01 -4.534963e-01
    outer loop
      vertex   -4.118196e-04 1.338083e-04 -2.500000e-04
      vertex   -4.467911e-04 9.496839e-05 -2.033683e-04
      vertex   -4.344167e-04 1.411505e-04 -2.033683e-04
    endloop
  endfacet
  facet normal -8.320611e-01 3.193984e-01 -4.534963e-01
    outer loop
      vertex   -4.118196e-04 1.338083e-04 -2.500000e-04
      vertex   -4.344167e-04 1.411505e-04 -2.033683e-04
      vertex   -3.955768e-04 1.761221e-04 -2.500000e-04
    endloop
  endfacet
  facet normal -8.320611e-01 3.193984e-01 -4.534963e-01
    outer loop
      vertex   -3.955768e-04 1.761221e-04 -2.500000e-04
      vertex   -4.344167e-04 1.411505e-04 -2.033683e-04
      vertex   -4.172827e-04 1.857862e-04 -2.033683e-04
    endloop
  endfacet
  facet normal -7.941168e-01 4.046227e-01 -4.534963e-01
    outer loop
      vertex   -3.955768e-04 1.761221e-04 -2.500000e-04
      vertex   -4.172827e-04 1.857862e-04 -2.033683e-04
      vertex   -3.750000e-04 2.165064e-04 -2.500000e-04
    endloop
  endfacet
  facet normal -7.941168e-01 4.046227e-01 -4.534963e-01
    outer loop
      vertex   -3.750000e-04 2.165064e-04 -2.500000e-04
      vertex   -4.172827e-04 1.857862e-04 -2.033683e-04
      vertex   -3.955768e-04 2.283864e-04 -2.033683e-04
    endloop
  endfacet
  facet normal -7.474720e-01 4.854140e-01 -4.534963e-01
    outer loop
      vertex   -3.750000e-04 2.165064e-04 -2.500000e-04
      vertex   -3.955768e-04 2.283864e-04 -2.033683e-04
      vertex   -3.503146e-04 2.545185e-04 -2.500000e-04
    endloop
  endfacet
  facet normal -7.474720e-01 4.854140e-01 -4.534963e-01
    outer loop
      vertex   -3.503146e-04 2.545185e-04 -2.500000e-04
      vertex   -3.955768e-04 2.283864e-04 -2.033683e-04
      vertex   -3.695369e-04 2.684843e-04 -2.033683e-04
    endloop
  endfacet
  facet normal -6.926377e-01 5.608869e-01 -4.534963e-01
    outer loop
      vertex   -3.503146e-04 2.545185e-04 -2.500000e-04
      vertex   -3.695369e-04 2.684843e-04 -2.033683e-04
      vertex   -3.217911e-04 2.897421e-04 -2.500000e-04
    endloop
  endfacet
  facet normal -6.926377e-01 5.608869e-01 -4.534963e-01
    outer loop
      vertex   -3.217911e-04 2.897421e-04 -2.500000e-04
      vertex   -3.695369e-04 2.684843e-04 -2.033683e-04
      vertex   -3.394483e-04 3.056406e-04 -2.033683e-04
    endloop
  endfacet
  facet normal -6.302147e-01 6.302147e-01 -4.534963e-01
    outer loop
      vertex   -3.217911e-04 2.897421e-04 -2.500000e-04
      vertex   -3.394483e-04 3.056406e-04 -2.033683e-04
      vertex   -2.897421e-04 3.217911e-04 -2.500000e-04
    endloop
  endfacet
  facet normal -6.302147e-01 6.302147e-01 -4.534963e-01
    outer loop
      vertex   -2.897421e-04 3.217911e-04 -2.500000e-04
      vertex   -3.394483e-04 3.056406e-04 -2.033683e-04
      vertex   -3.056406e-04 3.394483e-04 -2.033683e-04
    endloop
  endfacet
  facet normal -5.608869e-01 6.926377e-01 -4.534963e-01
    outer loop
      vertex   -2.897421e-04 3.217911e-04 -2.500000e-04
      vertex   -3.056406e-04 3.394483e-04 -2.033683e-04
      vertex   -2.545185e-04 3.503146e-04 -2.500000e-04
    endloop
  endfacet
  facet normal -5.608869e-01 6.926377e-01 -4.534963e-01
    outer loop
      vertex   -2.545185e-04 3.503146e-04 -2.500000e-04
      vertex   -3.056406e-04 3.394483e-04 -2.033683e-04
      vertex   -2.684843e-04 3.695369e-04 -2.033683e-04
    endloop
  endfacet
  facet normal -4.854140e-01 7.474720e-01 -4.534963e-01
    outer loop
      vertex   -2.545185e-04 3.503146e-04 -2.500000e-04
      vertex   -2.684843e-04 3.695369e-04 -2.033683e-04
      vertex   -2.165064e-04 3.750000e-04 -2.500000e-04
    endloop
  endfacet
  facet normal -4.854140e-01 7.474720e-01 -4.534963e-01
    outer loop
      vertex   -2.165064e-04 3.750000e-04 -2.500000e-04
      vertex   -2.684843e-04 3.695369e-04 -2.033683e-04
      vertex   -2.283864e-04 3.955768e-04 -2.033683e-04
    endloop
  endfacet
  facet normal -4.046227e-01 7.941168e-01 -4.534963e-01
    outer loop
      vertex   -2.165064e-04 3.750000e-04 -2.500000e-04
      vertex   -2.283864e-04 3.955768e-04 -2.033683e-04
      vertex   -1.761221e-04 3.955768e-04 -2.500000e-04
    endloop
  endfacet
  facet normal -4.046227e-01 7.941168e-01 -4.534963e-01
    outer loop
      vertex   -1.761221e-04 3.955768e-04 -2.500000e-04
      vertex   -2.283864e-04 3.955768e-04 -2.033683e-04
      vertex   -1.857862e-04 4.172827e-04 -2.033683e-04
    endloop
  endfacet
  facet normal -3.193984e-01 8.320611e-01 -4.534963e-01
    outer loop
      vertex   -1.761221e-04 3.955768e-04 -2.500000e-04
      vertex   -1.857862e-04 4.172827e-04 -2.033683e-04
      vertex   -1.338083e-04 4.118196e-04 -2.500000e-04
    endloop
  endfacet
  facet normal -3.193984e-01 8.320611e-01 -4.534963e-01
    outer loop
      vertex   -1.338083e-04 4.118196e-04 -2.500000e-04
      vertex   -1.857862e-04 4.172827e-04 -2.033683e-04
      vertex   -1.411505e-04 4.344167e-04 -2.033683e-04
    endloop
  endfacet
  facet normal -2.306746e-01 8.608893e-01 -4.534963e-01
    outer loop
      vertex   -1.338083e-04 4.118196e-04 -2.500000e-04
      vertex   -1.411505e-04 4.344167e-04 -2.033683e-04
      vertex   -9.002840e-05 4.235503e-04 -2.500000e-04
    endloop
  endfacet
  facet normal -2.306746e-01 8.608893e-01 -4.534963e-01
    outer loop
      vertex   -9.002840e-05 4.235503e-04 -2.500000e-04
      vertex   -1.411505e-04 4.344167e-04 -2.033683e-04
      vertex   -9.496839e-05 4.467911e-04 -2.033683e-04
    endloop
  endfacet
  facet normal -1.394235e-01 8.802853e-01 -4.534963e-01
    outer loop
      vertex   -9.002840e-05 4.235503e-04 -2.500000e-04
      vertex   -9.496839e-05 4.467911e-04 -2.033683e-04
      vertex   -4.526215e-05 4.306406e-04 -2.500000e-04
    endloop
  endfacet
  facet normal -1.394235e-01 8.802853e-01 -4.534963e-01
    outer loop
      vertex   -4.526215e-05 4.306406e-04 -2.500000e-04
      vertex   -9.496839e-05 4.467911e-04 -2.033683e-04
      vertex   -4.774575e-05 4.542705e-04 -2.033683e-04
    endloop
  endfacet
  facet normal -4.664485e-02 8.900367e-01 -4.534963e-01
    outer loop
      vertex   -4.526215e-05 4.306406e-04 -2.500000e-04
      vertex   -4.774575e-05 4.542705e-04 -2.033683e-04
      vertex   2.651438e-20 4.330127e-04 -2.500000e-04
    endloop
  endfacet
  facet normal -4.664485e-02 8.900367e-01 -4.534963e-01
    outer loop
      vertex   2.651438e-20 4.330127e-04 -2.500000e-04
      vertex   -4.774575e-05 4.542705e-04 -2.033683e-04
      vertex   2.796926e-20 4.567727e-04 -2.033683e-04
    endloop
  endfacet
  facet normal 4.664485e-02 8.900367e-01 -4.534963e-01
    outer loop
      vertex   2.651438e-20 4.330127e-04 -2.500000e-04
      vertex   2.796926e-20 4.567727e-04 -2.033683e-04
      vertex   4.526215e-05 4.306406e-04 -2.500000e-04
    endloop
  endfacet
  facet normal 4.664485e-02 8.900367e-01 -4.534963e-01
    outer loop
      vertex   4.526215e-05 4.306406e-04 -2.500000e-04
      vertex   2.796926e-20 4.567727e-04 -2.033683e-04
      vertex   4.774575e-05 4.542705e-04 -2.033683e-04
    endloop
  endfacet
  facet normal 1.394235e-01 8.802853e-01 -4.534963e-01
    outer loop
      vertex   4.526215e-05 4.306406e-04 -2.500000e-04
      vertex   4.774575e-05 4.542705e-04 -2.033683e-04
      vertex   9.002840e-05 4.235503e-04 -2.500000e-04
    endloop
  endfacet
  facet normal 1.394235e-01 8.802853e-01 -4.534963e-01
    outer loop
      vertex   9.002840e-05 4.235503e-04 -2.500000e-04
      vertex   4.774575e-05 4.542705e-04 -2.033683e-04
      vertex   9.496839e-05 4.467911e-04 -2.033683e-04
    endloop
  endfacet
  facet normal 2.306746e-01 8.608893e-01 -4.534963e-01
    outer loop
      vertex   9.002840e-05 4.235503e-04 -2.500000e-04
      vertex   9.496839e-05 4.467911e-04 -2.033683e-04
      vertex   1.338083e-04 4.118196e-04 -2.500000e-04
    endloop
  endfacet
  facet normal 2.306746e-01 8.608893e-01 -4.534963e-01
    outer loop
      vertex   1.338083e-04 4.118196e-04 -2.500000e-04
      vertex   9.496839e-05 4.467911e-04 -2.033683e-04
      vertex   1.411505e-04 4.344167e-04 -2.033683e-04
    endloop
  endfacet
  facet normal 3.193984e-01 8.320611e-01 -4.534963e-01
    outer loop
      vertex   1.338083e-04 4.118196e-04 -2.500000e-04
      vertex   1.411505e-04 4.344167e-04 -2.033683e-04
      vertex   1.761221e-04 3.955768e-04 -2.500000e-04
    endloop
  endfacet
  facet normal 3.193984e-01 8.320611e-01 -4.534963e-01
    outer loop
      vertex   1.761221e-04 3.955768e-04 -2.500000e-04
      vertex   1.411505e-04 4.344167e-04 -2.033683e-04
      vertex   1.857862e-04 4.172827e-04 -2.033683e-04
    endloop
  endfacet
  facet normal 4.046227e-01 7.941168e-01 -4.534963e-01
    outer loop
      vertex   1.761221e-04 3.955768e-04 -2.500000e-04
      vertex   1.857862e-04 4.172827e-04 -2.033683e-04
      vertex   2.165064e-04 3.750000e-04 -2.500000e-04
    endloop
  endfacet
  facet normal 4.046227e-01 7.941168e-01 -4.534963e-01
    outer loop
      vertex   2.165064e-04 3.750000e-04 -2.500000e-04
      vertex   1.857862e-04 4.172827e-04 -2.033683e-04
      vertex   2.283864e-04 3.955768e-04 -2.033683e-04
    endloop
  endfacet
  facet normal 4.854140e-01 7.474720e-01 -4.534963e-01
    outer loop
      vertex   2.165064e-04 3.750000e-04 -2.500000e-04
      vertex   2.283864e-04 3.955768e-04 -2.033683e-04
      vertex   2.545185e-04 3.503146e-04 -2.500000e-04
    endloop
  endfacet
  facet normal 4.854140e-01 7.474720e-01 -4.534963e-01
    outer loop
      vertex   2.545185e-04 3.503146e-04 -2.500000e-04
      vertex   2.283864e-04 3.955768e-04 -2.033683e-04
      vertex   2.684843e-04 3.695369e-04 -2.033683e-04
    endloop
  endfacet
  facet normal 5.608869e-01 6.926377e-01 -4.534963e-01
    outer loop
      vertex   2.545185e-04 3.503146e-04 -2.500000e-04
      vertex   2.684843e-04 3.695369e-04 -2.033683e-04
      vertex   2.897421e-04 3.217911e-04 -2.500000e-04
    endloop
  endfacet
  facet normal 5.608869e-01 6.926377e-01 -4.534963e-01
    outer loop
      vertex   2.897421e-04 3.217911e-04 -2.500000e-04
      vertex   2.684843e-04 3.695369e-04 -2.033683e-04
      vertex   3.056406e-04 3.394483e-04 -2.033683e-04
    endloop
  endfacet
  facet normal 6.302147e-01 6.302147e-01 -4.534963e-01
    outer loop
      vertex   2.897421e-04 3.217911e-04 -2.500000e-04
      vertex   3.056406e-04 3.394483e-04 -2.033683e-04
      vertex   3.217911e-04 2.897421e-04 -2.500000e-04
    endloop
  endfacet
  facet normal 6.302147e-01 6.302147e-01 -4.534963e-01
    outer loop
      vertex   3.217911e-04 2.897421e-04 -2.500000e-04
      vertex   3.056406e-04 3.394483e-04 -2.033683e-04
      vertex   3.394483e-04 3.056406e-04 -2.033683e-04
    endloop
  endfacet
  facet normal 6.926377e-01 5.608869e-01 -4.534963e-01
    outer loop
      vertex   3.217911e-04 2.897421e-04 -2.500000e-04
      vertex   3.394483e-04 3.056406e-04 -2.033683e-04
      vertex   3.503146e-04 2.545185e-04 -2.500000e-04
    endloop
  endfacet
  facet normal 6.926377e-01 5.608869e-01 -4.534963e-01
    outer loop
      vertex   3.503146e-04 2.545185e-04 -2.500000e-04
      vertex   3.394483e-04 3.056406e-04 -2.033683e-04
      vertex   3.695369e-04 2.684843e-04 -2.033683e-04
    endloop
  endfacet
  facet normal 7.474720e-01 4.854140e-01 -4.534963e-01
    outer loop
      vertex   3.503146e-04 2.545185e-04 -2.500000e-04
      vertex   3.695369e-04 2.684843e-04 -2.033683e-04
      vertex   3.750000e-04 2.165064e-04 -2.500000e-04
    endloop
  endfacet
  facet normal 7.474720e-01 4.854140e-01 -4.534963e-01
    outer loop
      vertex   3.750000e-04 2.165064e-04 -2.500000e-04
      vertex   3.695369e-04 2.684843e-04 -2.033683e-04
      vertex   3.955768e-04 2.283864e-04 -2.033683e-04
    endloop
  endfacet
  facet normal 7.941168e-01 4.046227e-01 -4.534963e-01
    outer loop
      vertex   3.750000e-04 2.165064e-04 -2.500000e-04
      vertex   3.955768e-04 2.283864e-04 -2.033683e-04
      vertex   3.955768e-04 1.761221e-04 -2.500000e-04
    endloop
  endfacet
  facet normal 7.941168e-01 4.046227e-01 -4.534963e-01
    outer loop
      vertex   3.955768e-04 1.761221e-04 -2.500000e-04
      vertex   3.955768e-04 2.283864e-04 -2.033683e-04
      vertex   4.172827e-04 1.857862e-04 -2.033683e-04
    endloop
  endfacet
  facet normal 8.320611e-01 3.193984e-01 -4.534963e-01
    outer loop
      vertex   3.955768e-04 1.761221e-04 -2.500000e-04
      vertex   4.172827e-04 1.857862e-04 -2.033683e-04
      vertex   4.118196e-04 1.338083e-04 -2.500000e-04
    endloop
  endfacet
  facet normal 8.320611e-01 3.193984e-01 -4.534963e-01
    outer loop
      vertex   4.118196e-04 1.338083e-04 -2.500000e-04
      vertex   4.172827e-04 1.857862e-04 -2.033683e-04
      vertex   4.344167e-04 1.411505e-04 -2.033683e-04
    endloop
  endfacet
  facet normal 8.608893e-01 2.306746e-01 -4.534963e-01
    outer loop
      vertex   4.118196e-04 1.338083e-04 -2.500000e-04
      vertex   4.344167e-04 1.411505e-04 -2.033683e-04
      vertex   4.235503e-04 9.002840e-05 -2.500000e-04
    endloop
  endfacet
  facet normal 8.608893e-01 2.306746e-01 -4.534963e-01
    outer loop
      vertex   4.235503e-04 9.002840e-05 -2.500000e-04
      vertex   4.344167e-04 1.411505e-04 -2.033683e-04
      vertex   4.467911e-04 9.496839e-05 -2.033683e-04
    endloop
  endfacet
  facet normal 8.802853e-01 1.394235e-01 -4.534963e-01
    outer loop
      vertex   4.235503e-04 9.002840e-05 -2.500000e-04
      vertex   4.467911e-04 9.496839e-05 -2.033683e-04
      vertex   4.306406e-04 4.526215e-05 -2.500000e-04
    endloop
  endfacet
  facet normal 8.802853e-01 1.394235e-01 -4.534963e-01
    outer loop
      vertex   4.306406e-04 4.526215e-05 -2.500000e-04
      vertex   4.467911e-04 9.496839e-05 -2.033683e-04
      vertex   4.542705e-04 4.774575e-05 -2.033683e-04
    endloop
  endfacet
  facet normal 8.900367e-01 4.664485e-02 -4.534963e-01
    outer loop
      vertex   4.306406e-04 4.526215e-05 -2.500000e-04
      vertex   4.542705e-04 4.774575e-05 -2.033683e-04
      vertex   4.330127e-04 0.000000e+00 -2.500000e-04
    endloop
  endfacet
  facet normal 8.900367e-01 4.664485e-02 -4.534963e-01
    outer loop
      vertex   4.330127e-04 0.000000e+00 -2.500000e-04
      vertex   4.542705e-04 4.774575e-05 -2.033683e-04
      vertex   4.567727e-04 0.000000e+00 -2.033683e-04
    endloop
  endfacet
  facet normal 9.324650e-01 -4.886842e-02 -3.579398e-01
    outer loop
      vertex   4.567727e-04 0.000000e+00 -2.033683e-04
      vertex   4.755283e-04 0.000000e+00 -1.545085e-04
      vertex   4.542705e-04 -4.774575e-05 -2.033683e-04
    endloop
  endfacet
  facet normal 9.324650e-01 -4.886842e-02 -3.579398e-01
    outer loop
      vertex   4.542705e-04 -4.774575e-05 -2.033683e-04
      vertex   4.755283e-04 0.000000e+00 -1.545085e-04
      vertex   4.729233e-04 -4.970624e-05 -1.545085e-04
    endloop
  endfacet
  facet normal 9.222487e-01 -1.460698e-01 -3.579398e-01
    outer loop
      vertex   4.542705e-04 -4.774575e-05 -2.033683e-04
      vertex   4.729233e-04 -4.970624e-05 -1.545085e-04
      vertex   4.467911e-04 -9.496839e-05 -2.033683e-04
    endloop
  endfacet
  facet normal 9.222487e-01 -1.460698e-01 -3.579398e-01
    outer loop
      vertex   4.467911e-04 -9.496839e-05 -2.033683e-04
      vertex   4.729233e-04 -4.970624e-05 -1.545085e-04
      vertex   4.651368e-04 -9.886788e-05 -1.545085e-04
    endloop
  endfacet
  facet normal 9.019281e-01 -2.416709e-01 -3.579398e-01
    outer loop
      vertex   4.467911e-04 -9.496839e-05 -2.033683e-04
      vertex   4.651368e-04 -9.886788e-05 -1.545085e-04
      vertex   4.344167e-04 -1.411505e-04 -2.033683e-04
    endloop
  endfacet
  facet normal 9.019281e-01 -2.416709e-01 -3.579398e-01
    outer loop
      vertex   4.344167e-04 -1.411505e-04 -2.033683e-04
      vertex   4.651368e-04 -9.886788e-05 -1.545085e-04
      vertex   4.522542e-04 -1.469463e-04 -1.545085e-04
    endloop
  endfacet
  facet normal 8.717257e-01 -3.346242e-01 -3.579398e-01
    outer loop
      vertex   4.344167e-04 -1.411505e-04 -2.033683e-04
      vertex   4.522542e-04 -1.469463e-04 -1.545085e-04
      vertex   4.172827e-04 -1.857862e-04 -2.033683e-04
    endloop
  endfacet
  facet normal 8.717257e-01 -3.346242e-01 -3.579398e-01
    outer loop
      vertex   4.172827e-04 -1.857862e-04 -2.033683e-04
      vertex   4.522542e-04 -1.469463e-04 -1.545085e-04
      vertex   4.344167e-04 -1.934148e-04 -1.545085e-04
    endloop
  endfacet
  facet normal 8.319726e-01 -4.239112e-01 -3.579398e-01
    outer loop
      vertex   4.172827e-04 -1.857862e-04 -2.033683e-04
      vertex   4.344167e-04 -1.934148e-04 -1.545085e-04
      vertex   3.955768e-04 -2.283864e-04 -2.033683e-04
    endloop
  endfacet
  facet normal 8.319726e-01 -4.239112e-01 -3.579398e-01
    outer loop
      vertex   3.955768e-04 -2.283864e-04 -2.033683e-04
      vertex   4.344167e-04 -1.934148e-04 -1.545085e-04
      vertex   4.118196e-04 -2.377641e-04 -1.545085e-04
    endloop
  endfacet
  facet normal 7.831042e-01 -5.085538e-01 -3.579398e-01
    outer loop
      vertex   3.955768e-04 -2.283864e-04 -2.033683e-04
      vertex   4.118196e-04 -2.377641e-04 -1.545085e-04
      vertex   3.695369e-04 -2.684843e-04 -2.033683e-04
    endloop
  endfacet
  facet normal 7.831042e-01 -5.085538e-01 -3.579398e-01
    outer loop
      vertex   3.695369e-04 -2.684843e-04 -2.033683e-04
      vertex   4.118196e-04 -2.377641e-04 -1.545085e-04
      vertex   3.847104e-04 -2.795085e-04 -1.545085e-04
    endloop
  endfacet
  facet normal 7.256559e-01 -5.876246e-01 -3.579398e-01
    outer loop
      vertex   3.695369e-04 -2.684843e-04 -2.033683e-04
      vertex   3.847104e-04 -2.795085e-04 -1.545085e-04
      vertex   3.394483e-04 -3.056406e-04 -2.033683e-04
    endloop
  endfacet
  facet normal 7.256559e-01 -5.876246e-01 -3.579398e-01
    outer loop
      vertex   3.394483e-04 -3.056406e-04 -2.033683e-04
      vertex   3.847104e-04 -2.795085e-04 -1.545085e-04
      vertex   3.533864e-04 -3.181905e-04 -1.545085e-04
    endloop
  endfacet
  facet normal 6.602572e-01 -6.602572e-01 -3.579398e-01
    outer loop
      vertex   3.394483e-04 -3.056406e-04 -2.033683e-04
      vertex   3.533864e-04 -3.181905e-04 -1.545085e-04
      vertex   3.056406e-04 -3.394483e-04 -2.033683e-04
    endloop
  endfacet
  facet normal 6.602572e-01 -6.602572e-01 -3.579398e-01
    outer loop
      vertex   3.056406e-04 -3.394483e-04 -2.033683e-04
      vertex   3.533864e-04 -3.181905e-04 -1.545085e-04
      vertex   3.181905e-04 -3.533864e-04 -1.545085e-04
    endloop
  endfacet
  facet normal 5.876246e-01 -7.256559e-01 -3.579398e-01
    outer loop
      vertex   3.056406e-04 -3.394483e-04 -2.033683e-04
      vertex   3.181905e-04 -3.533864e-04 -1.545085e-04
      vertex   2.684843e-04 -3.695369e-04 -2.033683e-04
    endloop
  endfacet
  facet normal 5.876246e-01 -7.256559e-01 -3.579398e-01
    outer loop
      vertex   2.684843e-04 -3.695369e-04 -2.033683e-04
      vertex   3.181905e-04 -3.533864e-04 -1.545085e-04
      vertex   2.795085e-04 -3.847104e-04 -1.545085e-04
    endloop
  endfacet
  facet normal 5.085538e-01 -7.831042e-01 -3.579398e-01
    outer loop
      vertex   2.684843e-04 -3.695369e-04 -2.033683e-04
      vertex   2.795085e-04 -3.847104e-04 -1.545085e-04
      vertex   2.283864e-04 -3.955768e-04 -2.033683e-04
    endloop
  endfacet
  facet normal 5.085538e-01 -7.831042e-01 -3.579398e-01
    outer loop
      vertex   2.283864e-04 -3.955768e-04 -2.033683e-04
      vertex   2.795085e-04 -3.847104e-04 -1.545085e-04
      vertex   2.377641e-04 -4.118196e-04 -1.545085e-04
    endloop
  endfacet
  facet normal 4.239112e-01 -8.319726e-01 -3.579398e-01
    outer loop
      vertex   2.283864e-04 -3.955768e-04 -2.033683e-04
      vertex   2.377641e-04 -4.118196e-04 -1.545085e-04
      vertex   1.857862e-04 -4.172827e-04 -2.033683e-04
    endloop
  endfacet
  facet normal 4.239112e-01 -8.319726e-01 -3.579398e-01
    outer loop
      vertex   1.857862e-04 -4.172827e-04 -2.033683e-04
      vertex   2.377641e-04 -4.118196e-04 -1.545085e-04
      vertex   1.934148e-04 -4.344167e-04 -1.545085e-04
    endloop
  endfacet
  facet normal 3.346242e-01 -8.717257e-01 -3.579398e-01
    outer loop
      vertex   1.857862e-04 -4.172827e-04 -2.033683e-04
      vertex   1.934148e-04 -4.344167e-04 -1.545085e-04
      vertex   1.411505e-04 -4.344167e-04 -2.033683e-04
    endloop
  endfacet
  facet normal 3.346242e-01 -8.717257e-01 -3.579398e-01
    outer loop
      vertex   1.411505e-04 -4.344167e-04 -2.033683e-04
      vertex   1.934148e-04 -4.344167e-04 -1.545085e-04
      vertex   1.469463e-04 -4.522542e-04 -1.545085e-04
    endloop
  endfacet
  facet normal 2.416709e-01 -9.019281e-01 -3.579398e-01
    outer loop
      vertex   1.411505e-04 -4.344167e-04 -2.033683e-04
      vertex   1.469463e-04 -4.522542e-04 -1.545085e-04
      vertex   9.496839e-05 -4.467911e-04 -2.033683e-04
    endloop
  endfacet
  facet normal 2.416709e-01 -9.019281e-01 -3.579398e-01
    outer loop
      vertex   9.496839e-05 -4.467911e-04 -2.033683e-04
      vertex   1.469463e-04 -4.522542e-04 -1.545085e-04
      vertex   9.886788e-05 -4.651368e-04 -1.545085e-04
    endloop
  endfacet
  facet normal 1.460698e-01 -9.222487e-01 -3.579398e-01
    outer loop
      vertex   9.496839e-05 -4.467911e-04 -2.033683e-04
      vertex   9.886788e-05 -4.651368e-04 -1.545085e-04
      vertex   4.774575e-05 -4.542705e-04 -2.033683e-04
    endloop
  endfacet
  facet normal 1.460698e-01 -9.222487e-01 -3.579398e-01
    outer loop
      vertex   4.774575e-05 -4.542705e-04 -2.033683e-04
      vertex   9.886788e-05 -4.651368e-04 -1.545085e-04
      vertex   4.970624e-05 -4.729233e-04 -1.545085e-04
    endloop
  endfacet
  facet normal 4.886842e-02 -9.324650e-01 -3.579398e-01
    outer loop
      vertex   4.774575e-05 -4.542705e-04 -2.033683e-04
      vertex   4.970624e-05 -4.729233e-04 -1.545085e-04
      vertex   2.796926e-20 -4.567727e-04 -2.033683e-04
    endloop
  endfacet
  facet normal 4.886842e-02 -9.324650e-01 -3.579398e-01
    outer loop
      vertex   2.796926e-20 -4.567727e-04 -2.033683e-04
      vertex   4.970624e-05 -4.729233e-04 -1.545085e-04
      vertex   2.911771e-20 -4.755283e-04 -1.545085e-04
    endloop
  endfacet
  facet normal -4.886842e-02 -9.324650e-01 -3.579398e-01
    outer loop
      vertex   2.796926e-20 -4.567727e-04 -2.033683e-04
      vertex   2.911771e-20 -4.755283e-04 -1.545085e-04
      vertex   -4.774575e-05 -4.542705e-04 -2.033683e-04
    endloop
  endfacet
  facet normal -4.886842e-02 -9.324650e-01 -3.579398e-01
    outer loop
      vertex   -4.774575e-05 -4.542705e-04 -2.033683e-04
      vertex   2.911771e-20 -4.755283e-04 -1.545085e-04
      vertex   -4.970624e-05 -4.729233e-04 -1.545085e-04
    endloop
  endfacet
  facet normal -1.460698e-01 -9.222487e-01 -3.579398e-01
    outer loop
      vertex   -4.774575e-05 -4.542705e-04 -2.033683e-04
      vertex   -4.970624e-05 -4.729233e-04 -1.545085e-04
      vertex   -9.496839e-05 -4.467911e-04 -2.033683e-04
    endloop
  endfacet
  facet normal -1.460698e-01 -9.222487e-01 -3.579398e-01
    outer loop
      vertex   -9.496839e-05 -4.467911e-04 -2.033683e-04
      vertex   -4.970624e-05 -4.729233e-04 -1.545085e-04
      vertex   -9.886788e-05 -4.651368e-04 -1.545085e-04
    endloop
  endfacet
  facet normal -2.416709e-01 -9.019281e-01 -3.579398e-01
    outer loop
      vertex   -9.496839e-05 -4.467911e-04 -2.033683e-04
      vertex   -9.886788e-05 -4.651368e-04 -1.545085e-04
      vertex   -1.411505e-04 -4.344167e-04 -2.033683e-04
    endloop
  endfacet
  facet normal -2.416709e-01 -9.019281e-01 -3.579398e-01
    outer loop
      vertex   -1.411505e-04 -4.344167e-04 -2.033683e-04
      vertex   -9.886788e-05 -4.651368e-04 -1.545085e-04
      vertex   -1.469463e-04 -4.522542e-04 -1.545085e-04
    endloop
  endfacet
  facet normal -3.346242e-01 -8.717257e-01 -3.579398e-01
    outer loop
      vertex   -1.411505e-04 -4.344167e-04 -2.033683e-04
      vertex   -1.469463e-04 -4.522542e-04 -1.545085e-04
      vertex   -1.857862e-04 -4.172827e-04 -2.033683e-04
    endloop
  endfacet
  facet normal -3.346242e-01 -8.717257e-01 -3.579398e-01
    outer loop
      vertex   -1.857862e-04 -4.172827e-04 -2.033683e-04
      vertex   -1.469463e-04 -4.522542e-04 -1.545085e-04
      vertex   -1.934148e-04 -4.344167e-04 -1.545085e-04
    endloop
  endfacet
  facet normal -4.239112e-01 -8.319726e-01 -3.579398e-01
    outer loop
      vertex   -1.857862e-04 -4.172827e-04 -2.033683e-04
      vertex   -1.934148e-04 -4.344167e-04 -1.545085e-04
      vertex   -2.283864e-04 -3.955768e-04 -2.033683e-04
    endloop
  endfacet
  facet normal -4.239112e-01 -8.319726e-01 -3.579398e-01
    outer loop
      vertex   -2.283864e-04 -3.955768e-04 -2.033683e-04
      vertex   -1.934148e-04 -4.344167e-04 -1.545085e-04
      vertex   -2.377641e-04 -4.118196e-04 -1.545085e-04
    endloop
  endfacet
  facet normal -5.085538e-01 -7.831042e-01 -3.579398e-01
    outer loop
      vertex   -2.283864e-04 -3.955768e-04 -2.033683e-04
      vertex   -2.377641e-04 -4.118196e-04 -1.545085e-04
      vertex   -2.684843e-04 -3.695369e-04 -2.033683e-04
    endloop
  endfacet
  facet normal -5.085538e-01 -7.831042e-01 -3.579398e-01
    outer loop
      vertex   -2.684843e-04 -3.695369e-04 -2.033683e-04
      vertex   -2.377641e-04 -4.118196e-04 -1.545085e-04
      vertex   -2.795085e-04 -3.847104e-04 -1.545085e-04
    endloop
  endfacet
  facet normal -5.876246e-01 -7.256559e-01 -3.579398e-01
    outer loop
      vertex   -2.684843e-04 -3.695369e-04 -2.033683e-04
      vertex   -2.795085e-04 -3.847104e-04 -1.545085e-04
      vertex   -3.056406e-04 -3.394483e-04 -2.033683e-04
    endloop
  endfacet
  facet normal -5.876246e-01 -7.256559e-01 -3.579398e-01
    outer loop
      vertex   -3.056406e-04 -3.394483e-04 -2.033683e-04
      vertex   -2.795085e-04 -3.847104e-04 -1.545085e-04
      vertex   -3.181905e-04 -3.533864e-04 -1.545085e-04
    endloop
  endfacet
  facet normal -6.602572e-01 -6.602572e-01 -3.579398e-01
    outer loop
      vertex   -3.056406e-04 -3.394483e-04 -2.033683e-04
      vertex   -3.181905e-04 -3.533864e-04 -1.545085e-04
      vertex   -3.394483e-04 -3.056406e-04 -2.033683e-04
    endloop
  endfacet
  facet normal -6.602572e-01 -6.602572e-01 -3.579398e-01
    outer loop
      vertex   -3.394483e-04 -3.056406e-04 -2.033683e-04
      vertex   -3.181905e-04 -3.533864e-04 -1.545085e-04
      vertex   -3.533864e-04 -3.181905e-04 -1.545085e-04
    endloop
  endfacet
  facet normal -7.256559e-01 -5.876246e-01 -3.579398e-01
    outer loop
      vertex   -3.394483e-04 -3.056406e-04 -2.033683e-04
      vertex   -3.533864e-04 -3.181905e-04 -1.545085e-04
      vertex   -3.695369e-04 -2.684843e-04 -2.033683e-04
    endloop
  endfacet
  facet normal -7.256559e-01 -5.876246e-01 -3.579398e-01
    outer loop
      vertex   -3.695369e-04 -2.684843e-04 -2.033683e-04
      vertex   -3.533864e-04 -3.181905e-04 -1.545085e-04
      vertex   -3.847104e-04 -2.795085e-04 -1.545085e-04
    endloop
  endfacet
  facet normal -7.831042e-01 -5.085538e-01 -3.579398e-01
    outer loop
      vertex   -3.695369e-04 -2.684843e-04 -2.033683e-04
      vertex   -3.847104e-04 -2.795085e-04 -1.545085e-04
      vertex   -3.955768e-04 -2.283864e-04 -2.033683e-04
    endloop
  endfacet
  facet normal -7.831042e-01 -5.085538e-01 -3.579398e-01
    outer loop
      vertex   -3.955768e-04 -2.283864e-04 -2.033683e-04
      vertex   -3.847104e-04 -2.795085e-04 -1.545085e-04
      vertex   -4.118196e-04 -2.377641e-04 -1.545085e-04
    endloop
  endfacet
  facet normal -8.319726e-01 -4.239112e-01 -3.579398e-01
    outer loop
      vertex   -3.955768e-04 -2.283864e-04 -2.033683e-04
      vertex   -4.118196e-04 -2.377641e-04 -1.545085e-04
      vertex   -4.172827e-04 -1.857862e-04 -2.033683e-04
    endloop
  endfacet
  facet normal -8.319726e-01 -4.239112e-01 -3.579398e-01
    outer loop
      vertex   -4.172827e-04 -1.857862e-04 -2.033683e-04
      vertex   -4.118196e-04 -2.377641e-04 -1.545085e-04
      vertex   -4.344167e-04 -1.934148e-04 -1.545085e-04
    endloop
  endfacet
  facet normal -8.717257e-01 -3.346242e-01 -3.579398e-01
    outer loop
      vertex   -4.172827e-04 -1.857862e-04 -2.033683e-04
      vertex   -4.344167e-04 -1.934148e-04 -1.545085e-04
      vertex   -4.344167e-04 -1.411505e-04 -2.033683e-04
    endloop
  endfacet
  facet normal -8.717257e-01 -3.346242e-01 -3.579398e-01
    outer loop
      vertex   -4.344167e-04 -1.411505e-04 -2.033683e-04
      vertex   -4.344167e-04 -1.934148e-04 -1.545085e-04
      vertex   -4.522542e-04 -1.469463e-04 -1.545085e-04
    endloop
  endfacet
  facet normal -9.019281e-01 -2.416709e-01 -3.579398e-01
    outer loop
      vertex   -4.344167e-04 -1.411505e-04 -2.033683e-04
      vertex   -4.522542e-04 -1.469463e-04 -1.545085e-04
      vertex   -4.467911e-04 -9.496839e-05 -2.033683e-04
    endloop
  endfacet
  facet normal -9.019281e-01 -2.416709e-01 -3.579398e-01
    outer loop
      vertex   -4.467911e-04 -9.496839e-05 -2.033683e-04
      vertex   -4.522542e-04 -1.469463e-04 -1.545085e-04
      vertex   -4.651368e-04 -9.886788e-05 -1.545085e-04
    endloop
  endfacet
  facet normal -9.222487e-01 -1.460698e-01 -3.579398e-01
    outer loop
      vertex   -4.467911e-04 -9.496839e-05 -2.033683e-04
      vertex   -4.651368e-04 -9.886788e-05 -1.545085e-04
      vertex   -4.542705e-04 -4.774575e-05 -2.033683e-04
    endloop
  endfacet
  facet normal -9.222487e-01 -1.460698e-01 -3.579398e-01
    outer loop
      vertex   -4.542705e-04 -4.774575e-05 -2.033683e-04
      vertex   -4.651368e-04 -9.886788e-05 -1.545085e-04
      vertex   -4.729233e-04 -4.970624e-05 -1.545085e-04
    endloop
  endfacet
  facet normal -9.324650e-01 -4.886842e-02 -3.579398e-01
    outer loop
      vertex   -4.542705e-04 -4.774575e-05 -2.033683e-04
      vertex   -4.729233e-04 -4.970624e-05 -1.545085e-04
      vertex   -4.567727e-04 -5.593853e-20 -2.033683e-04
    endloop
  endfacet
  facet normal -9.324650e-01 -4.886842e-02 -3.579398e-01
    outer loop
      vertex   -4.567727e-04 -5.593853e-20 -2.033683e-04
      vertex   -4.729233e-04 -4.970624e-05 -1.545085e-04
      vertex   -4.755283e-04 -5.823542e-20 -1.545085e-04
    endloop
  endfacet
  facet normal -9.324650e-01 4.886842e-02 -3.579398e-01
    outer loop
      vertex   -4.567727e-04 -5.593853e-20 -2.033683e-04
      vertex   -4.755283e-04 -5.823542e-20 -1.545085e-04
      vertex   -4.542705e-04 4.774575e-05 -2.033683e-04
    endloop
  endfacet
  facet normal -9.324650e-01 4.886842e-02 -3.579398e-01
    outer loop
      vertex   -4.542705e-04 4.774575e-05 -2.033683e-04
      vertex   -4.755283e-04 -5.823542e-20 -1.545085e-04
      vertex   -4.729233e-04 4.970624e-05 -1.545085e-04
    endloop
  endfacet
  facet normal -9.222487e-01 1.460698e-01 -3.579398e-01
    outer loop
      vertex   -4.542705e-04 4.774575e-05 -2.033683e-04
      vertex   -4.729233e-04 4.970624e-05 -1.545085e-04
      vertex   -4.467911e-04 9.496839e-05 -2.033683e-04
    endloop
  endfacet
  facet normal -9.222487e-01 1.460698e-01 -3.579398e-01
    outer loop
      vertex   -4.467911e-04 9.496839e-05 -2.033683e-04
      vertex   -4.729233e-04 4.970624e-05 -1.545085e-04
      vertex   -4.651368e-04 9.886788e-05 -1.545085e-04
    endloop
  endfacet
  facet normal -9.019281e-01 2.416709e-01 -3.579398e-01
    outer loop
      vertex   -4.467911e-04 9.496839e-05 -2.033683e-04
      vertex   -4.651368e-04 9.886788e-05 -1.545085e-04
      vertex   -4.344167e-04 1.411505e-04 -2.033683e-04
    endloop
  endfacet
  facet normal -9.019281e-01 2.416709e-01 -3.579398e-01
    outer loop
      vertex   -4.344167e-04 1.411505e-04 -2.033683e-04
      vertex   -4.651368e-04 9.886788e-05 -1.545085e-04
      vertex   -4.522542e-04 1.469463e-04 -1.545085e-04
    endloop
  endfacet
  facet normal -8.717257e-01 3.346242e-01 -3.579398e-01
    outer loop
      vertex   -4.344167e-04 1.411505e-04 -2.033683e-04
      vertex   -4.522542e-04 1.469463e-04 -1.545085e-04
      vertex   -4.172827e-04 1.857862e-04 -2.033683e-04
    endloop
  endfacet
  facet normal -8.717257e-01 3.346242e-01 -3.579398e-01
    outer loop
      vertex   -4.172827e-04 1.857862e-04 -2.033683e-04
      vertex   -4.522542e-04 1.469463e-04 -1.545085e-04
      vertex   -4.344167e-04 1.934148e-04 -1.545085e-04
    endloop
  endfacet
  facet normal -8.319726e-01 4.239112e-01 -3.579398e-01
    outer loop
      vertex   -4.172827e-04 1.857862e-04 -2.033683e-04
      vertex   -4.344167e-04 1.934148e-04 -1.545085e-04
      vertex   -3.955768e-04 2.283864e-04 -2.033683e-04
    endloop
  endfacet
  facet normal -8.319726e-01 4.239112e-01 -3.579398e-01
    outer loop
      vertex   -3.955768e-04 2.283864e-04 -2.033683e-04
      vertex   -4.344167e-04 1.934148e-04 -1.545085e-04
      vertex   -4.118196e-04 2.377641e-04 -1.545085e-04
    endloop
  endfacet
  facet normal -7.831042e-01 5.085538e-01 -3.579398e-01
    outer loop
      vertex   -3.955768e-04 2.283864e-04 -2.033683e-04
      vertex   -4.118196e-04 2.377641e-04 -1.545085e-04
      vertex   -3.695369e-04 2.684843e-04 -2.033683e-04
    endloop
  endfacet
  facet normal -7.831042e-01 5.085538e-01 -3.579398e-01
    outer loop
      vertex   -3.695369e-04 2.684843e-04 -2.033683e-04
      vertex   -4.118196e-04 2.377641e-04 -1.545085e-04
      vertex   -3.847104e-04 2.795085e-04 -1.545085e-04
    endloop
  endfacet
  facet normal -7.256559e-01 5.876246e-01 -3.579398e-01
    outer loop
      vertex   -3.695369e-04 2.684843e-04 -2.033683e-04
      vertex   -3.847104e-04 2.795085e-04 -1.545085e-04
      vertex   -3.394483e-04 3.056406e-04 -2.033683e-04
    endloop
  endfacet
  facet normal -7.256559e-01 5.876246e-01 -3.579398e-01
    outer loop
      vertex   -3.394483e-04 3.056406e-04 -2.033683e-04
      vertex   -3.847104e-04 2.795085e-04 -1.545085e-04
      vertex   -3.533864e-04 3.181905e-04 -1.545085e-04
    endloop
  endfacet
  facet normal -6.602572e-01 6.602572e-01 -3.579398e-01
    outer loop
      vertex   -3.394483e-04 3.056406e-04 -2.033683e-04
      vertex   -3.533864e-04 3.181905e-04 -1.545085e-04
      vertex   -3.056406e-04 3.394483e-04 -2.033683e-04
    endloop
  endfacet
  facet normal -6.602572e-01 6.602572e-01 -3.579398e-01
    outer loop
      vertex   -3.056406e-04 3.394483e-04 -2.033683e-04
      vertex   -3.533864e-04 3.181905e-04 -1.545085e-04
      vertex   -3.181905e-04 3.533864e-04 -1.545085e-04
    endloop
  endfacet
  facet normal -5.876246e-01 7.256559e-01 -3.579398e-01
    outer loop
      vertex   -3.056406e-04 3.394483e-04 -2.033683e-04
      vertex   -3.181905e-04 3.533864e-04 -1.545085e-04
      vertex   -2.684843e-04 3.695369e-04 -2.033683e-04
    endloop
  endfacet
  facet normal -5.876246e-01 7.256559e-01 -3.579398e-01
    outer loop
      vertex   -2.684843e-04 3.695369e-04 -2.033683e-04
      vertex   -3.181905e-04 3.533864e-04 -1.545085e-04
      vertex   -2.795085e-04 3.847104e-04 -1.545085e-04
    endloop
  endfacet
  facet normal -5.085538e-01 7.831042e-01 -3.579398e-01
    outer loop
      vertex   -2.684843e-04 3.695369e-04 -2.033683e-04
      vertex   -2.795085e-04 3.847104e-04 -1.545085e-04
      vertex   -2.283864e-04 3.955768e-04 -2.033683e-04
    endloop
  endfacet
  facet normal -5.085538e-01 7.831042e-01 -3.579398e-01
    outer loop
      vertex   -2.283864e-04 3.955768e-04 -2.033683e-04
      vertex   -2.795085e-04 3.847104e-04 -1.545085e-04
      vertex   -2.377641e-04 4.118196e-04 -1.545085e-04
    endloop
  endfacet
  facet normal -4.239112e-01 8.319726e-01 -3.579398e-01
    outer loop
      vertex   -2.283864e-04 3.955768e-04 -2.033683e-04
      vertex   -2.377641e-04 4.118196e-04 -1.545085e-04
      vertex   -1.857862e-04 4.172827e-04 -2.033683e-04
    endloop
  endfacet
  facet normal -4.239112e-01 8.319726e-01 -3.579398e-01
    outer loop
      vertex   -1.857862e-04 4.172827e-04 -2.033683e-04
      vertex   -2.377641e-04 4.118196e-04 -1.545085e-04
      vertex   -1.934148e-04 4.344167e-04 -1.545085e-04
    endloop
  endfacet
  facet normal -3.346242e-01 8.717257e-01 -3.579398e-01
    outer loop
      vertex   -1.857862e-04 4.172827e-04 -2.033683e-04
      vertex   -1.934148e-04 4.344167e-04 -1.545085e-04
      vertex   -1.411505e-04 4.344167e-04 -2.033683e-04
    endloop
  endfacet
  facet normal -3.346242e-01 8.717257e-01 -3.579398e-01
    outer loop
      vertex   -1.411505e-04 4.344167e-04 -2.033683e-04
      vertex   -1.934148e-04 4.344167e-04 -1.545085e-04
      vertex   -1.469463e-04 4.522542e-04 -1.545085e-04
    endloop
  endfacet
  facet normal -2.416709e-01 9.019281e-01 -3.579398e-01
    outer loop
      vertex   -1.411505e-04 4.344167e-04 -2.033683e-04
      vertex   -1.469463e-04 4.522542e-04 -1.545085e-04
      vertex   -9.496839e-05 4.467911e-04 -2.033683e-04
    endloop
  endfacet
  facet normal -2.416709e-01 9.019281e-01 -3.579398e-01
    outer loop
      vertex   -9.496839e-05 4.467911e-04 -2.033683e-04
      vertex   -1.469463e-04 4.522542e-04 -1.545085e-04
      vertex   -9.886788e-05 4.651368e-04 -1.545085e-04
    endloop
  endfacet
  facet normal -1.460698e-01 9.222487e-01 -3.579398e-01
    outer loop
      vertex   -9.496839e-05 4.467911e-04 -2.033683e-04
      vertex   -9.886788e-05 4.651368e-04 -1.545085e-04
      vertex   -4.774575e-05 4.542705e-04 -2.033683e-04
    endloop
  endfacet
  facet normal -1.460698e-01 9.222487e-01 -3.579398e-01
    outer loop
      vertex   -4.774575e-05 4.542705e-04 -2.033683e-04
      vertex   -9.886788e-05 4.651368e-04 -1.545085e-04
      vertex   -4.970624e-05 4.729233e-04 -1.545085e-04
    endloop
  endfacet
  facet normal -4.886842e-02 9.324650e-01 -3.579398e-01
    outer loop
      vertex   -4.774575e-05 4.542705e-04 -2.033683e-04
      vertex   -4.970624e-05 4.729233e-04 -1.545085e-04
      vertex   2.796926e-20 4.567727e-04 -2.033683e-04
    endloop
  endfacet
  facet normal -4.886842e-02 9.324650e-01 -3.579398e-01
    outer loop
      vertex   2.796926e-20 4.567727e-04 -2.033683e-04
      vertex   -4.970624e-05 4.729233e-04 -1.545085e-04
      vertex   2.911771e-20 4.755283e-04 -1.545085e-04
    endloop
  endfacet
  facet normal 4.886842e-02 9.324650e-01 -3.579398e-01
    outer loop
      vertex   2.796926e-20 4.567727e-04 -2.033683e-04
      vertex   2.911771e-20 4.755283e-04 -1.545085e-04
      vertex   4.774575e-05 4.542705e-04 -2.033683e-04
    endloop
  endfacet
  facet normal 4.886842e-02 9.324650e-01 -3.579398e-01
    outer loop
      vertex   4.774575e-05 4.542705e-04 -2.033683e-04
      vertex   2.911771e-20 4.755283e-04 -1.545085e-04
      vertex   4.970624e-05 4.729233e-04 -1.545085e-04
    endloop
  endfacet
  facet normal 1.460698e-01 9.222487e-01 -3.579398e-01
    outer loop
      vertex   4.774575e-05 4.542705e-04 -2.033683e-04
      vertex   4.970624e-05 4.729233e-04 -1.545085e-04
      vertex   9.496839e-05 4.467911e-04 -2.033683e-04
    endloop
  endfacet
  facet normal 1.460698e-01 9.222487e-01 -3.579398e-01
    outer loop
      vertex   9.496839e-05 4.467911e-04 -2.033683e-04
      vertex   4.970624e-05 4.729233e-04 -1.545085e-04
      vertex   9.886788e-05 4.651368e-04 -1.545085e-04
    endloop
  endfacet
  facet normal 2.416709e-01 9.019281e-01 -3.579398e-01
    outer loop
      vertex   9.496839e-05 4.467911e-04 -2.033683e-04
      vertex   9.886788e-05 4.651368e-04 -1.545085e-04
      vertex   1.411505e-04 4.344167e-04 -2.033683e-04
    endloop
  endfacet
  facet normal 2.416709e-01 9.019281e-01 -3.579398e-01
    outer loop
      vertex   1.411505e-04 4.344167e-04 -2.033683e-04
      vertex   9.886788e-05 4.651368e-04 -1.545085e-04
      vertex   1.469463e-04 4.522542e-04 -1.545085e-04
    endloop
  endfacet
  facet normal 3.346242e-01 8.717257e-01 -3.579398e-01
    outer loop
      vertex   1.411505e-04 4.344167e-04 -2.033683e-04
      vertex   1.469463e-04 4.522542e-04 -1.545085e-04
      vertex   1.857862e-04 4.172827e-04 -2.033683e-04
    endloop
  endfacet
  facet normal 3.346242e-01 8.717257e-01 -3.579398e-01
    outer loop
      vertex   1.857862e-04 4.172827e-04 -2.033683e-04
      vertex   1.469463e-04 4.522542e-04 -1.545085e-04
      vertex   1.934148e-04 4.344167e-04 -1.545085e-04
    endloop
  endfacet
  facet normal 4.239112e-01 8.319726e-01 -3.579398e-01
    outer loop
      vertex   1.857862e-04 4.172827e-04 -2.033683e-04
      vertex   1.934148e-04 4.344167e-04 -1.545085e-04
      vertex   2.283864e-04 3.955768e-04 -2.033683e-04
    endloop
  endfacet
  facet normal 4.239112e-01 8.319726e-01 -3.579398e-01
    outer loop
      vertex   2.283864e-04 3.955768e-04 -2.033683e-04
      vertex   1.934148e-04 4.344167e-04 -1.545085e-04
      vertex   2.377641e-04 4.118196e-04 -1.545085e-04
    endloop
  endfacet
  facet normal 5.085538e-01 7.831042e-01 -3.579398e-01
    outer loop
      vertex   2.283864e-04 3.955768e-04 -2.033683e-04
      vertex   2.377641e-04 4.118196e-04 -1.545085e-04
      vertex   2.684843e-04 3.695369e-04 -2.033683e-04
    endloop
  endfacet
  facet normal 5.085538e-01 7.831042e-01 -3.579398e-01
    outer loop
      vertex   2.684843e-04 3.695369e-04 -2.033683e-04
      vertex   2.377641e-04 4.118196e-04 -1.545085e-04
      vertex   2.795085e-04 3.847104e-04 -1.545085e-04
    endloop
  endfacet
  facet normal 5.876246e-01 7.256559e-01 -3.579398e-01
    outer loop
      vertex   2.684843e-04 3.695369e-04 -2.033683e-04
      vertex   2.795085e-04 3.847104e-04 -1.545085e-04
      vertex   3.056406e-04 3.394483e-04 -2.033683e-04
    endloop
  endfacet
  facet normal 5.876246e-01 7.256559e-01 -3.579398e-01
    outer loop
      vertex   3.056406e-04 3.394483e-04 -2.033683e-04
      vertex   2.795085e-04 3.847104e-04 -1.545085e-04
      vertex   3.181905e-04 3.533864e-04 -1.545085e-04
    endloop
  endfacet
  facet normal 6.602572e-01 6.602572e-01 -3.579398e-01
    outer loop
      vertex   3.056406e-04 3.394483e-04 -2.033683e-04
      vertex   3.181905e-04 3.533864e-04 -1.545085e-04
      vertex   3.394483e-04 3.056406e-04 -2.033683e-04
    endloop
  endfacet
  facet normal 6.602572e-01 6.602572e-01 -3.579398e-01
    outer loop
      vertex   3.394483e-04 3.056406e-04 -2.033683e-04
      vertex   3.181905e-04 3.533864e-04 -1.545085e-04
      vertex   3.533864e-04 3.181905e-04 -1.545085e-04
    endloop
  endfacet
  facet normal 7.256559e-01 5.876246e-01 -3.579398e-01
    outer loop
      vertex   3.394483e-04 3.056406e-04 -2.033683e-04
      vertex   3.533864e-04 3.181905e-04 -1.545085e-04
      vertex   3.695369e-04 2.684843e-04 -2.033683e-04
    endloop
  endfacet
  facet normal 7.256559e-01 5.876246e-01 -3.579398e-01
    outer loop
      vertex   3.695369e-04 2.684843e-04 -2.033683e-04
      vertex   3.533864e-04 3.181905e-04 -1.545085e-04
      vertex   3.847104e-04 2.795085e-04 -1.545085e-04
    endloop
  endfacet
  facet normal 7.831042e-01 5.085538e-01 -3.579398e-01
    outer loop
      vertex   3.695369e-04 2.684843e-04 -2.033683e-04
      vertex   3.847104e-04 2.795085e-04 -1.545085e-04
      vertex   3.955768e-04 2.283864e-04 -2.033683e-04
    endloop
  endfacet
  facet normal 7.831042e-01 5.085538e-01 -3.579398e-01
    outer loop
      vertex   3.955768e-04 2.283864e-04 -2.033683e-04
      vertex   3.847104e-04 2.795085e-04 -1.545085e-04
      vertex   4.118196e-04 2.377641e-04 -1.545085e-04
    endloop
  endfacet
  facet normal 8.319726e-01 4.239112e-01 -3.579398e-01
    outer loop
      vertex   3.955768e-04 2.283864e-04 -2.033683e-04
      vertex   4.118196e-04 2.377641e-04 -1.545085e-04
      vertex   4.172827e-04 1.857862e-04 -2.033683e-04
    endloop
  endfacet
  facet normal 8.319726e-01 4.239112e-01 -3.579398e-01
    outer loop
      vertex   4.172827e-04 1.857862e-04 -2.033683e-04
      vertex   4.118196e-04 2.377641e-04 -1.545085e-04
      vertex   4.344167e-04 1.934148e-04 -1.545085e-04
    endloop
  endfacet
  facet normal 8.717257e-01 3.346242e-01 -3.579398e-01
    outer loop
      vertex   4.172827e-04 1.857862e-04 -2.033683e-04
      vertex   4.344167e-04 1.934148e-04 -1.545085e-04
      vertex   4.344167e-04 1.411505e-04 -2.033683e-04
    endloop
  endfacet
  facet normal 8.717257e-01 3.346242e-01 -3.579398e-01
    outer loop
      vertex   4.344167e-04 1.411505e-04 -2.033683e-04
      vertex   4.344167e-04 1.934148e-04 -1.545085e-04
      vertex   4.522542e-04 1.469463e-04 -1.545085e-04
    endloop
  endfacet
  facet normal 9.019281e-01 2.416709e-01 -3.579398e-01
    outer loop
      vertex   4.344167e-04 1.411505e-04 -2.033683e-04
      vertex   4.522542e-04 1.469463e-04 -1.545085e-04
      vertex   4.467911e-04 9.496839e-05 -2.033683e-04
    endloop
  endfacet
  facet normal 9.019281e-01 2.416709e-01 -3.579398e-01
    outer loop
      vertex   4.467911e-04 9.496839e-05 -2.033683e-04
      vertex   4.522542e-04 1.469463e-04 -1.545085e-04
      vertex   4.651368e-04 9.886788e-05 -1.545085e-04
    endloop
  endfacet
  facet normal 9.222487e-01 1.460698e-01 -3.579398e-01
    outer loop
      vertex   4.467911e-04 9.496839e-05 -2.033683e-04
      vertex   4.651368e-04 9.886788e-05 -1.545085e-04
      vertex   4.542705e-04 4.774575e-05 -2.033683e-04
    endloop
  endfacet
  facet normal 9.222487e-01 1.460698e-01 -3.579398e-01
    outer loop
      vertex   4.542705e-04 4.774575e-05 -2.033683e-04
      vertex   4.651368e-04 9.886788e-05 -1.545085e-04
      vertex   4.729233e-04 4.970624e-05 -1.545085e-04
    endloop
  endfacet
  facet normal 9.324650e-01 4.886842e-02 -3.579398e-01
    outer loop
      vertex   4.542705e-04 4.774575e-05 -2.033683e-04
      vertex   4.729233e-04 4.970624e-05 -1.545085e-04
      vertex   4.567727e-04 0.000000e+00 -2.033683e-04
    endloop
  endfacet
  facet normal 9.324650e-01 4.886842e-02 -3.579398e-01
    outer loop
      vertex   4.567727e-04 0.000000e+00 -2.033683e-04
      vertex   4.729233e-04 4.970624e-05 -1.545085e-04
      vertex   4.755283e-04 0.000000e+00 -1.545085e-04
    endloop
  endfacet
  facet normal 9.646906e-01 -5.055729e-02 -2.584881e-01
    outer loop
      vertex   4.755283e-04 0.000000e+00 -1.545085e-04
      vertex   4.890738e-04 0.000000e+00 -1.039558e-04
      vertex   4.729233e-04 -4.970624e-05 -1.545085e-04
    endloop
  endfacet
  facet normal 9.646906e-01 -5.055729e-02 -2.584881e-01
    outer loop
      vertex   4.729233e-04 -4.970624e-05 -1.545085e-04
      vertex   4.890738e-04 0.000000e+00 -1.039558e-04
      vertex   4.863946e-04 -5.112213e-05 -1.039558e-04
    endloop
  endfacet
  facet normal 9.541212e-01 -1.511180e-01 -2.584881e-01
    outer loop
      vertex   4.729233e-04 -4.970624e-05 -1.545085e-04
      vertex   4.863946e-04 -5.112213e-05 -1.039558e-04
      vertex   4.651368e-04 -9.886788e-05 -1.545085e-04
    endloop
  endfacet
  facet normal 9.541212e-01 -1.511180e-01 -2.584881e-01
    outer loop
      vertex   4.651368e-04 -9.886788e-05 -1.545085e-04
      vertex   4.863946e-04 -5.112213e-05 -1.039558e-04
      vertex   4.783864e-04 -1.016842e-04 -1.039558e-04
    endloop
  endfacet
  facet normal 9.330983e-01 -2.500229e-01 -2.584881e-01
    outer loop
      vertex   4.651368e-04 -9.886788e-05 -1.545085e-04
      vertex   4.783864e-04 -1.016842e-04 -1.039558e-04
      vertex   4.522542e-04 -1.469463e-04 -1.545085e-04
    endloop
  endfacet
  facet normal 9.330983e-01 -2.500229e-01 -2.584881e-01
    outer loop
      vertex   4.522542e-04 -1.469463e-04 -1.545085e-04
      vertex   4.783864e-04 -1.016842e-04 -1.039558e-04
      vertex   4.651368e-04 -1.511321e-04 -1.039558e-04
    endloop
  endfacet
  facet normal 9.018522e-01 -3.461886e-01 -2.584881e-01
    outer loop
      vertex   4.522542e-04 -1.469463e-04 -1.545085e-04
      vertex   4.651368e-04 -1.511321e-04 -1.039558e-04
      vertex   4.344167e-04 -1.934148e-04 -1.545085e-04
    endloop
  endfacet
  facet normal 9.018522e-01 -3.461886e-01 -2.584881e-01
    outer loop
      vertex   4.344167e-04 -1.934148e-04 -1.545085e-04
      vertex   4.651368e-04 -1.511321e-04 -1.039558e-04
      vertex   4.467911e-04 -1.989242e-04 -1.039558e-04
    endloop
  endfacet
  facet normal 8.607252e-01 -4.385614e-01 -2.584881e-01
    outer loop
      vertex   4.344167e-04 -1.934148e-04 -1.545085e-04
      vertex   4.467911e-04 -1.989242e-04 -1.039558e-04
      vertex   4.118196e-04 -2.377641e-04 -1.545085e-04
    endloop
  endfacet
  facet normal 8.607252e-01 -4.385614e-01 -2.584881e-01
    outer loop
      vertex   4.118196e-04 -2.377641e-04 -1.545085e-04
      vertex   4.467911e-04 -1.989242e-04 -1.039558e-04
      vertex   4.235503e-04 -2.445369e-04 -1.039558e-04
    endloop
  endfacet
  facet normal 8.101679e-01 -5.261292e-01 -2.584881e-01
    outer loop
      vertex   4.118196e-04 -2.377641e-04 -1.545085e-04
      vertex   4.235503e-04 -2.445369e-04 -1.039558e-04
      vertex   3.847104e-04 -2.795085e-04 -1.545085e-04
    endloop
  endfacet
  facet normal 8.101679e-01 -5.261292e-01 -2.584881e-01
    outer loop
      vertex   3.847104e-04 -2.795085e-04 -1.545085e-04
      vertex   4.235503e-04 -2.445369e-04 -1.039558e-04
      vertex   3.956690e-04 -2.874704e-04 -1.039558e-04
    endloop
  endfacet
  facet normal 7.507342e-01 -6.079326e-01 -2.584881e-01
    outer loop
      vertex   3.847104e-04 -2.795085e-04 -1.545085e-04
      vertex   3.956690e-04 -2.874704e-04 -1.039558e-04
      vertex   3.533864e-04 -3.181905e-04 -1.545085e-04
    endloop
  endfacet
  facet normal 7.507342e-01 -6.079326e-01 -2.584881e-01
    outer loop
      vertex   3.533864e-04 -3.181905e-04 -1.545085e-04
      vertex   3.956690e-04 -2.874704e-04 -1.039558e-04
      vertex   3.634527e-04 -3.272542e-04 -1.039558e-04
    endloop
  endfacet
  facet normal 6.830754e-01 -6.830754e-01 -2.584881e-01
    outer loop
      vertex   3.533864e-04 -3.181905e-04 -1.545085e-04
      vertex   3.634527e-04 -3.272542e-04 -1.039558e-04
      vertex   3.181905e-04 -3.533864e-04 -1.545085e-04
    endloop
  endfacet
  facet normal 6.830754e-01 -6.830754e-01 -2.584881e-01
    outer loop
      vertex   3.181905e-04 -3.533864e-04 -1.545085e-04
      vertex   3.634527e-04 -3.272542e-04 -1.039558e-04
      vertex   3.272542e-04 -3.634527e-04 -1.039558e-04
    endloop
  endfacet
  facet normal 6.079326e-01 -7.507342e-01 -2.584881e-01
    outer loop
      vertex   3.181905e-04 -3.533864e-04 -1.545085e-04
      vertex   3.272542e-04 -3.634527e-04 -1.039558e-04
      vertex   2.795085e-04 -3.847104e-04 -1.545085e-04
    endloop
  endfacet
  facet normal 6.079326e-01 -7.507342e-01 -2.584881e-01
    outer loop
      vertex   2.795085e-04 -3.847104e-04 -1.545085e-04
      vertex   3.272542e-04 -3.634527e-04 -1.039558e-04
      vertex   2.874704e-04 -3.956690e-04 -1.039558e-04
    endloop
  endfacet
  facet normal 5.261292e-01 -8.101679e-01 -2.584881e-01
    outer loop
      vertex   2.795085e-04 -3.847104e-04 -1.545085e-04
      vertex   2.874704e-04 -3.956690e-04 -1.039558e-04
      vertex   2.377641e-04 -4.118196e-04 -1.545085e-04
    endloop
  endfacet
  facet normal 5.261292e-01 -8.101679e-01 -2.584881e-01
    outer loop
      vertex   2.377641e-04 -4.118196e-04 -1.545085e-04
      vertex   2.874704e-04 -3.956690e-04 -1.039558e-04
      vertex   2.445369e-04 -4.235503e-04 -1.039558e-04
    endloop
  endfacet
  facet normal 4.385614e-01 -8.607252e-01 -2.584881e-01
    outer loop
      vertex   2.377641e-04 -4.118196e-04 -1.545085e-04
      vertex   2.445369e-04 -4.235503e-04 -1.039558e-04
      vertex   1.934148e-04 -4.344167e-04 -1.545085e-04
    endloop
  endfacet
  facet normal 4.385614e-01 -8.607252e-01 -2.584881e-01
    outer loop
      vertex   1.934148e-04 -4.344167e-04 -1.545085e-04
      vertex   2.445369e-04 -4.235503e-04 -1.039558e-04
      vertex   1.989242e-04 -4.467911e-04 -1.039558e-04
    endloop
  endfacet
  facet normal 3.461886e-01 -9.018522e-01 -2.584881e-01
    outer loop
      vertex   1.934148e-04 -4.344167e-04 -1.545085e-04
      vertex   1.989242e-04 -4.467911e-04 -1.039558e-04
      vertex   1.469463e-04 -4.522542e-04 -1.545085e-04
    endloop
  endfacet
  facet normal 3.461886e-01 -9.018522e-01 -2.584881e-01
    outer loop
      vertex   1.469463e-04 -4.522542e-04 -1.545085e-04
      vertex   1.989242e-04 -4.467911e-04 -1.039558e-04
      vertex   1.511321e-04 -4.651368e-04 -1.039558e-04
    endloop
  endfacet
  facet normal 2.500229e-01 -9.330983e-01 -2.584881e-01
    outer loop
      vertex   1.469463e-04 -4.522542e-04 -1.545085e-04
      vertex   1.511321e-04 -4.651368e-04 -1.039558e-04
      vertex   9.886788e-05 -4.651368e-04 -1.545085e-04
    endloop
  endfacet
  facet normal 2.500229e-01 -9.330983e-01 -2.584881e-01
    outer loop
      vertex   9.886788e-05 -4.651368e-04 -1.545085e-04
      vertex   1.511321e-04 -4.651368e-04 -1.039558e-04
      vertex   1.016842e-04 -4.783864e-04 -1.039558e-04
    endloop
  endfacet
  facet normal 1.511180e-01 -9.541212e-01 -2.584881e-01
    outer loop
      vertex   9.886788e-05 -4.651368e-04 -1.545085e-04
      vertex   1.016842e-04 -4.783864e-04 -1.039558e-04
      vertex   4.970624e-05 -4.729233e-04 -1.545085e-04
    endloop
  endfacet
  facet normal 1.511180e-01 -9.541212e-01 -2.584881e-01
    outer loop
      vertex   4.970624e-05 -4.729233e-04 -1.545085e-04
      vertex   1.016842e-04 -4.783864e-04 -1.039558e-04
      vertex   5.112213e-05 -4.863946e-04 -1.039558e-04
    endloop
  endfacet
  facet normal 5.055729e-02 -9.646906e-01 -2.584881e-01
    outer loop
      vertex   4.970624e-05 -4.729233e-04 -1.545085e-04
      vertex   5.112213e-05 -4.863946e-04 -1.039558e-04
      vertex   2.911771e-20 -4.755283e-04 -1.545085e-04
    endloop
  endfacet
  facet normal 5.055729e-02 -9.646906e-01 -2.584881e-01
    outer loop
      vertex   2.911771e-20 -4.755283e-04 -1.545085e-04
      vertex   5.112213e-05 -4.863946e-04 -1.039558e-04
      vertex   2.994713e-20 -4.890738e-04 -1.039558e-04
    endloop
  endfacet
  facet normal -5.055729e-02 -9.646906e-01 -2.584881e-01
    outer loop
      vertex   2.911771e-20 -4.755283e-04 -1.545085e-04
      vertex   2.994713e-20 -4.890738e-04 -1.039558e-04
      vertex   -4.970624e-05 -4.729233e-04 -1.545085e-04
    endloop
  endfacet
  facet normal -5.055729e-02 -9.646906e-01 -2.584881e-01
    outer loop
      vertex   -4.970624e-05 -4.729233e-04 -1.545085e-04
      vertex   2.994713e-20 -4.890738e-04 -1.039558e-04
      vertex   -5.112213e-05 -4.863946e-04 -1.039558e-04
    endloop
  endfacet
  facet normal -1.511180e-01 -9.541212e-01 -2.584881e-01
    outer loop
      vertex   -4.970624e-05 -4.729233e-04 -1.545085e-04
      vertex   -5.112213e-05 -4.863946e-04 -1.039558e-04
      vertex   -9.886788e-05 -4.651368e-04 -1.545085e-04
    endloop
  endfacet
  facet normal -1.511180e-01 -9.541212e-01 -2.584881e-01
    outer loop
      vertex   -9.886788e-05 -4.651368e-04 -1.545085e-04
      vertex   -5.112213e-05 -4.863946e-04 -1.039558e-04
      vertex   -1.016842e-04 -4.783864e-04 -1.039558e-04
    endloop
  endfacet
  facet normal -2.500229e-01 -9.330983e-01 -2.584881e-01
    outer loop
      vertex   -9.886788e-05 -4.651368e-04 -1.545085e-04
      vertex   -1.016842e-04 -4.783864e-04 -1.039558e-04
      vertex   -1.469463e-04 -4.522542e-04 -1.545085e-04
    endloop
  endfacet
  facet normal -2.500229e-01 -9.330983e-01 -2.584881e-01
    outer loop
      vertex   -1.469463e-04 -4.522542e-04 -1.545085e-04
      vertex   -1.016842e-04 -4.783864e-04 -1.039558e-04
      vertex   -1.511321e-04 -4.651368e-04 -1.039558e-04
    endloop
  endfacet
  facet normal -3.461886e-01 -9.018522e-01 -2.584881e-01
    outer loop
      vertex   -1.469463e-04 -4.522542e-04 -1.545085e-04
      vertex   -1.511321e-04 -4.651368e-04 -1.039558e-04
      vertex   -1.934148e-04 -4.344167e-04 -1.545085e-04
    endloop
  endfacet
  facet normal -3.461886e-01 -9.018522e-01 -2.584881e-01
    outer loop
      vertex   -1.934148e-04 -4.344167e-04 -1.545085e-04
      vertex   -1.511321e-04 -4.651368e-04 -1.039558e-04
      vertex   -1.989242e-04 -4.467911e-04 -1.039558e-04
    endloop
  endfacet
  facet normal -4.385614e-01 -8.607252e-01 -2.584881e-01
    outer loop
      vertex   -1.934148e-04 -4.344167e-04 -1.545085e-04
      vertex   -1.989242e-04 -4.467911e-04 -1.039558e-04
      vertex   -2.377641e-04 -4.118196e-04 -1.545085e-04
    endloop
  endfacet
  facet normal -4.385614e-01 -8.607252e-01 -2.584881e-01
    outer loop
      vertex   -2.377641e-04 -4.118196e-04 -1.545085e-04
      vertex   -1.989242e-04 -4.467911e-04 -1.039558e-04
      vertex   -2.445369e-04 -4.235503e-04 -1.039558e-04
    endloop
  endfacet
  facet normal -5.261292e-01 -8.101679e-01 -2.584881e-01
    outer loop
      vertex   -2.377641e-04 -4.118196e-04 -1.545085e-04
      vertex   -2.445369e-04 -4.235503e-04 -1.039558e-04
      vertex   -2.795085e-04 -3.847104e-04 -1.545085e-04
    endloop
  endfacet
  facet normal -5.261292e-01 -8.101679e-01 -2.584881e-01
    outer loop
      vertex   -2.795085e-04 -3.847104e-04 -1.545085e-04
      vertex   -2.445369e-04 -4.235503e-04 -1.039558e-04
      vertex   -2.874704e-04 -3.956690e-04 -1.039558e-04
    endloop
  endfacet
  facet normal -6.079326e-01 -7.507342e-01 -2.584881e-01
    outer loop
      vertex   -2.795085e-04 -3.847104e-04 -1.545085e-04
      vertex   -2.874704e-04 -3.956690e-04 -1.039558e-04
      vertex   -3.181905e-04 -3.533864e-04 -1.545085e-04
    endloop
  endfacet
  facet normal -6.079326e-01 -7.507342e-01 -2.584881e-01
    outer loop
      vertex   -3.181905e-04 -3.533864e-04 -1.545085e-04
      vertex   -2.874704e-04 -3.956690e-04 -1.039558e-04
      vertex   -3.272542e-04 -3.634527e-04 -1.039558e-04
    endloop
  endfacet
  facet normal -6.830754e-01 -6.830754e-01 -2.584881e-01
    outer loop
      vertex   -3.181905e-04 -3.533864e-04 -1.545085e-04
      vertex   -3.272542e-04 -3.634527e-04 -1.039558e-04
      vertex   -3.533864e-04 -3.181905e-04 -1.545085e-04
    endloop
  endfacet
  facet normal -6.830754e-01 -6.830754e-01 -2.584881e-01
    outer loop
      vertex   -3.533864e-04 -3.181905e-04 -1.545085e-04
      vertex   -3.272542e-04 -3.634527e-04 -1.039558e-04
      vertex   -3.634527e-04 -3.272542e-04 -1.039558e-04
    endloop
  endfacet
  facet normal -7.507342e-01 -6.079326e-01 -2.584881e-01
    outer loop
      vertex   -3.533864e-04 -3.181905e-04 -1.545085e-04
      vertex   -3.634527e-04 -3.272542e-04 -1.039558e-04
      vertex   -3.847104e-04 -2.795085e-04 -1.545085e-04
    endloop
  endfacet
  facet normal -7.507342e-01 -6.079326e-01 -2.584881e-01
    outer loop
      vertex   -3.847104e-04 -2.795085e-04 -1.545085e-04
      vertex   -3.634527e-04 -3.272542e-04 -1.039558e-04
      vertex   -3.956690e-04 -2.874704e-04 -1.039558e-04
    endloop
  endfacet
  facet normal -8.101679e-01 -5.261292e-01 -2.584881e-01
    outer loop
      vertex   -3.847104e-04 -2.795085e-04 -1.545085e-04
      vertex   -3.956690e-04 -2.874704e-04 -1.039558e-04
      vertex   -4.118196e-04 -2.377641e-04 -1.545085e-04
    endloop
  endfacet
  facet normal -8.101679e-01 -5.261292e-01 -2.584881e-01
    outer loop
      vertex   -4.118196e-04 -2.377641e-04 -1.545085e-04
      vertex   -3.956690e-04 -2.874704e-04 -1.039558e-04
      vertex   -4.235503e-04 -2.445369e-04 -1.039558e-04
    endloop
  endfacet
  facet normal -8.607252e-01 -4.385614e-01 -2.584881e-01
    outer loop
      vertex   -4.118196e-04 -2.377641e-04 -1.545085e-04
      vertex   -4.235503e-04 -2.445369e-04 -1.039558e-04
      vertex   -4.344167e-04 -1.934148e-04 -1.545085e-04
    endloop
  endfacet
  facet normal -8.607252e-01 -4.385614e-01 -2.584881e-01
    outer loop
      vertex   -4.344167e-04 -1.934148e-04 -1.545085e-04
      vertex   -4.235503e-04 -2.445369e-04 -1.039558e-04
      vertex   -4.467911e-04 -1.989242e-04 -1.039558e-04
    endloop
  endfacet
  facet normal -9.018522e-01 -3.461886e-01 -2.584881e-01
    outer loop
      vertex   -4.344167e-04 -1.934148e-04 -1.545085e-04
      vertex   -4.467911e-04 -1.989242e-04 -1.039558e-04
      vertex   -4.522542e-04 -1.469463e-04 -1.545085e-04
    endloop
  endfacet
  facet normal -9.018522e-01 -3.461886e-01 -2.584881e-01
    outer loop
      vertex   -4.522542e-04 -1.469463e-04 -1.545085e-04
      vertex   -4.467911e-04 -1.989242e-04 -1.039558e-04
      vertex   -4.651368e-04 -1.511321e-04 -1.039558e-04
    endloop
  endfacet
  facet normal -9.330983e-01 -2.500229e-01 -2.584881e-01
    outer loop
      vertex   -4.522542e-04 -1.469463e-04 -1.545085e-04
      vertex   -4.651368e-04 -1.511321e-04 -1.039558e-04
      vertex   -4.651368e-04 -9.886788e-05 -1.545085e-04
    endloop
  endfacet
  facet normal -9.330983e-01 -2.500229e-01 -2.584881e-01
    outer loop
      vertex   -4.651368e-04 -9.886788e-05 -1.545085e-04
      vertex   -4.651368e-04 -1.511321e-04 -1.039558e-04
      vertex   -4.783864e-04 -1.016842e-04 -1.039558e-04
    endloop
  endfacet
  facet normal -9.541212e-01 -1.511180e-01 -2.584881e-01
    outer loop
      vertex   -4.651368e-04 -9.886788e-05 -1.545085e-04
      vertex   -4.783864e-04 -1.016842e-04 -1.039558e-04
      vertex   -4.729233e-04 -4.970624e-05 -1.545085e-04
    endloop
  endfacet
  facet normal -9.541212e-01 -1.511180e-01 -2.584881e-01
    outer loop
      vertex   -4.729233e-04 -4.970624e-05 -1.545085e-04
      vertex   -4.783864e-04 -1.016842e-04 -1.039558e-04
      vertex   -4.863946e-04 -5.112213e-05 -1.039558e-04
    endloop
  endfacet
  facet normal -9.646906e-01 -5.055729e-02 -2.584881e-01
    outer loop
      vertex   -4.729233e-04 -4.970624e-05 -1.545085e-04
      vertex   -4.863946e-04 -5.112213e-05 -1.039558e-04
      vertex   -4.755283e-04 -5.823542e-20 -1.545085e-04
    endloop
  endfacet
  facet normal -9.646906e-01 -5.055729e-02 -2.584881e-01
    outer loop
      vertex   -4.755283e-04 -5.823542e-20 -1.545085e-04
      vertex   -4.863946e-04 -5.112213e-05 -1.039558e-04
      vertex   -4.890738e-04 -5.989427e-20 -1.039558e-04
    endloop
  endfacet
  facet normal -9.646906e-01 5.055729e-02 -2.584881e-01
    outer loop
      vertex   -4.755283e-04 -5.823542e-20 -1.545085e-04
      vertex   -4.890738e-04 -5.989427e-20 -1.039558e-04
      vertex   -4.729233e-04 4.970624e-05 -1.545085e-04
    endloop
  endfacet
  facet normal -9.646906e-01 5.055729e-02 -2.584881e-01
    outer loop
      vertex   -4.729233e-04 4.970624e-05 -1.545085e-04
      vertex   -4.890738e-04 -5.989427e-20 -1.039558e-04
      vertex   -4.863946e-04 5.112213e-05 -1.039558e-04
    endloop
  endfacet
  facet normal -9.541212e-01 1.511180e-01 -2.584881e-01
    outer loop
      vertex   -4.729233e-04 4.970624e-05 -1.545085e-04
      vertex   -4.863946e-04 5.112213e-05 -1.039558e-04
      vertex   -4.651368e-04 9.886788e-05 -1.545085e-04
    endloop
  endfacet
  facet normal -9.541212e-01 1.511180e-01 -2.584881e-01
    outer loop
      vertex   -4.651368e-04 9.886788e-05 -1.545085e-04
      vertex   -4.863946e-04 5.112213e-05 -1.039558e-04
      vertex   -4.783864e-04 1.016842e-04 -1.039558e-04
    endloop
  endfacet
  facet normal -9.330983e-01 2.500229e-01 -2.584881e-01
    outer loop
      vertex   -4.651368e-04 9.886788e-05 -1.545085e-04
      vertex   -4.783864e-04 1.016842e-04 -1.039558e-04
      vertex   -4.522542e-04 1.469463e-04 -1.545085e-04
    endloop
  endfacet
  facet normal -9.330983e-01 2.500229e-01 -2.584881e-01
    outer loop
      vertex   -4.522542e-04 1.469463e-04 -1.545085e-04
      vertex   -4.783864e-04 1.016842e-04 -1.039558e-04
      vertex   -4.651368e-04 1.511321e-04 -1.039558e-04
    endloop
  endfacet
  facet normal -9.018522e-01 3.461886e-01 -2.584881e-01
    outer loop
      vertex   -4.522542e-04 1.469463e-04 -1.545085e-04
      vertex   -4.651368e-04 1.511321e-04 -1.039558e-04
      vertex   -4.344167e-04 1.934148e-04 -1.545085e-04
    endloop
  endfacet
  facet normal -9.018522e-01 3.461886e-01 -2.584881e-01
    outer loop
      vertex   -4.344167e-04 1.934148e-04 -1.545085e-04
      vertex   -4.651368e-04 1.511321e-04 -1.039558e-04
      vertex   -4.467911e-04 1.989242e-04 -1.039558e-04
    endloop
  endfacet
  facet normal -8.607252e-01 4.385614e-01 -2.584881e-01
    outer loop
      vertex   -4.344167e-04 1.934148e-04 -1.545085e-04
      vertex   -4.467911e-04 1.989242e-04 -1.039558e-04
      vertex   -4.118196e-04 2.377641e-04 -1.545085e-04
    endloop
  endfacet
  facet normal -8.607252e-01 4.385614e-01 -2.584881e-01
    outer loop
      vertex   -4.118196e-04 2.377641e-04 -1.545085e-04
      vertex   -4.467911e-04 1.989242e-04 -1.039558e-04
      vertex   -4.235503e-04 2.445369e-04 -1.039558e-04
    endloop
  endfacet
  facet normal -8.101679e-01 5.261292e-01 -2.584881e-01
    outer loop
      vertex   -4.118196e-04 2.377641e-04 -1.545085e-04
      vertex   -4.235503e-04 2.445369e-04 -1.039558e-04
      vertex   -3.847104e-04 2.795085e-04 -1.545085e-04
    endloop
  endfacet
  facet normal -8.101679e-01 5.261292e-01 -2.584881e-01
    outer loop
      vertex   -3.847104e-04 2.795085e-04 -1.545085e-04
      vertex   -4.235503e-04 2.445369e-04 -1.039558e-04
      vertex   -3.956690e-04 2.874704e-04 -1.039558e-04
    endloop
  endfacet
  facet normal -7.507342e-01 6.079326e-01 -2.584881e-01
    outer loop
      vertex   -3.847104e-04 2.795085e-04 -1.545085e-04
      vertex   -3.956690e-04 2.874704e-04 -1.039558e-04
      vertex   -3.533864e-04 3.181905e-04 -1.545085e-04
    endloop
  endfacet
  facet normal -7.507342e-01 6.079326e-01 -2.584881e-01
    outer loop
      vertex   -3.533864e-04 3.181905e-04 -1.545085e-04
      vertex   -3.956690e-04 2.874704e-04 -1.039558e-04
      vertex   -3.634527e-04 3.272542e-04 -1.039558e-04
    endloop
  endfacet
  facet normal -6.830754e-01 6.830754e-01 -2.584881e-01
    outer loop
      vertex   -3.533864e-04 3.181905e-04 -1.545085e-04
      vertex   -3.634527e-04 3.272542e-04 -1.039558e-04
      vertex   -3.181905e-04 3.533864e-04 -1.545085e-04
    endloop
  endfacet
  facet normal -6.830754e-01 6.830754e-01 -2.584881e-01
    outer loop
      vertex   -3.181905e-04 3.533864e-04 -1.545085e-04
      vertex   -3.634527e-04 3.272542e-04 -1.039558e-04
      vertex   -3.272542e-04 3.634527e-04 -1.039558e-04
    endloop
  endfacet
  facet normal -6.079326e-01 7.507342e-01 -2.584881e-01
    outer loop
      vertex   -3.181905e-04 3.533864e-04 -1.545085e-04
      vertex   -3.272542e-04 3.634527e-04 -1.039558e-04
      vertex   -2.795085e-04 3.847104e-04 -1.545085e-04
    endloop
  endfacet
  facet normal -6.079326e-01 7.507342e-01 -2.584881e-01
    outer loop
      vertex   -2.795085e-04 3.847104e-04 -1.545085e-04
      vertex   -3.272542e-04 3.634527e-04 -1.039558e-04
      vertex   -2.874704e-04 3.956690e-04 -1.039558e-04
    endloop
  endfacet
  facet normal -5.261292e-01 8.101679e-01 -2.584881e-01
    outer loop
      vertex   -2.795085e-04 3.847104e-04 -1.545085e-04
      vertex   -2.874704e-04 3.956690e-04 -1.039558e-04
      vertex   -2.377641e-04 4.118196e-04 -1.545085e-04
    endloop
  endfacet
  facet normal -5.261292e-01 8.101679e-01 -2.584881e-01
    outer loop
      vertex   -2.377641e-04 4.118196e-04 -1.545085e-04
      vertex   -2.874704e-04 3.956690e-04 -1.039558e-04
      vertex   -2.445369e-04 4.235503e-04 -1.039558e-04
    endloop
  endfacet
  facet normal -4.385614e-01 8.607252e-01 -2.584881e-01
    outer loop
      vertex   -2.377641e-04 4.118196e-04 -1.545085e-04
      vertex   -2.445369e-04 4.235503e-04 -1.039558e-04
      vertex   -1.934148e-04 4.344167e-04 -1.545085e-04
    endloop
  endfacet
  facet normal -4.385614e-01 8.607252e-01 -2.584881e-01
    outer loop
      vertex   -1.934148e-04 4.344167e-04 -1.545085e-04
      vertex   -2.445369e-04 4.235503e-04 -1.039558e-04
      vertex   -1.989242e-04 4.467911e-04 -1.039558e-04
    endloop
  endfacet
  facet normal -3.461886e-01 9.018522e-01 -2.584881e-01
    outer loop
      vertex   -1.934148e-04 4.344167e-04 -1.545085e-04
      vertex   -1.989242e-04 4.467911e-04 -1.039558e-04
      vertex   -1.469463e-04 4.522542e-04 -1.545085e-04
    endloop
  endfacet
  facet normal -3.461886e-01 9.018522e-01 -2.584881e-01
    outer loop
      vertex   -1.469463e-04 4.522542e-04 -1.545085e-04
      vertex   -1.989242e-04 4.467911e-04 -1.039558e-04
      vertex   -1.511321e-04 4.651368e-04 -1.039558e-04
    endloop
  endfacet
  facet normal -2.500229e-01 9.330983e-01 -2.584881e-01
    outer loop
      vertex   -1.469463e-04 4.522542e-04 -1.545085e-04
      vertex   -1.511321e-04 4.651368e-04 -1.039558e-04
      vertex   -9.886788e-05 4.651368e-04 -1.545085e-04
    endloop
  endfacet
  facet normal -2.500229e-01 9.330983e-01 -2.584881e-01
    outer loop
      vertex   -9.886788e-05 4.651368e-04 -1.545085e-04
      vertex   -1.511321e-04 4.651368e-04 -1.039558e-04
      vertex   -1.016842e-04 4.783864e-04 -1.039558e-04
    endloop
  endfacet
  facet normal -1.511180e-01 9.541212e-01 -2.584881e-01
    outer loop
      vertex   -9.886788e-05 4.651368e-04 -1.545085e-04
      vertex   -1.016842e-04 4.783864e-04 -1.039558e-04
      vertex   -4.970624e-05 4.729233e-04 -1.545085e-04
    endloop
  endfacet
  facet normal -1.511180e-01 9.541212e-01 -2.584881e-01
    outer loop
      vertex   -4.970624e-05 4.729233e-04 -1.545085e-04
      vertex   -1.016842e-04 4.783864e-04 -1.039558e-04
      vertex   -5.112213e-05 4.863946e-04 -1.039558e-04
    endloop
  endfacet
  facet normal -5.055729e-02 9.646906e-01 -2.584881e-01
    outer loop
      vertex   -4.970624e-05 4.729233e-04 -1.545085e-04
      vertex   -5.112213e-05 4.863946e-04 -1.039558e-04
      vertex   2.911771e-20 4.755283e-04 -1.545085e-04
    endloop
  endfacet
  facet normal -5.055729e-02 9.646906e-01 -2.584881e-01
    outer loop
      vertex   2.911771e-20 4.755283e-04 -1.545085e-04
      vertex   -5.112213e-05 4.863946e-04 -1.039558e-04
      vertex   2.994713e-20 4.890738e-04 -1.039558e-04
    endloop
  endfacet
  facet normal 5.055729e-02 9.646906e-01 -2.584881e-01
    outer loop
      vertex   2.911771e-20 4.755283e-04 -1.545085e-04
      vertex   2.994713e-20 4.890738e-04 -1.039558e-04
      vertex   4.970624e-05 4.729233e-04 -1.545085e-04
    endloop
  endfacet
  facet normal 5.055729e-02 9.646906e-01 -2.584881e-01
    outer loop
      vertex   4.970624e-05 4.729233e-04 -1.545085e-04
      vertex   2.994713e-20 4.890738e-04 -1.039558e-04
      vertex   5.112213e-05 4.863946e-04 -1.039558e-04
    endloop
  endfacet
  facet normal 1.511180e-01 9.541212e-01 -2.584881e-01
    outer loop
      vertex   4.970624e-05 4.729233e-04 -1.545085e-04
      vertex   5.112213e-05 4.863946e-04 -1.039558e-04
      vertex   9.886788e-05 4.651368e-04 -1.545085e-04
    endloop
  endfacet
  facet normal 1.511180e-01 9.541212e-01 -2.584881e-01
    outer loop
      vertex   9.886788e-05 4.651368e-04 -1.545085e-04
      vertex   5.112213e-05 4.863946e-04 -1.039558e-04
      vertex   1.016842e-04 4.783864e-04 -1.039558e-04
    endloop
  endfacet
  facet normal 2.500229e-01 9.330983e-01 -2.584881e-01
    outer loop
      vertex   9.886788e-05 4.651368e-04 -1.545085e-04
      vertex   1.016842e-04 4.783864e-04 -1.039558e-04
      vertex   1.469463e-04 4.522542e-04 -1.545085e-04
    endloop
  endfacet
  facet normal 2.500229e-01 9.330983e-01 -2.584881e-01
    outer loop
      vertex   1.469463e-04 4.522542e-04 -1.545085e-04
      vertex   1.016842e-04 4.783864e-04 -1.039558e-04
      vertex   1.511321e-04 4.651368e-04 -1.039558e-04
    endloop
  endfacet
  facet normal 3.461886e-01 9.018522e-01 -2.584881e-01
    outer loop
      vertex   1.469463e-04 4.522542e-04 -1.545085e-04
      vertex   1.511321e-04 4.651368e-04 -1.039558e-04
      vertex   1.934148e-04 4.344167e-04 -1.545085e-04
    endloop
  endfacet
  facet normal 3.461886e-01 9.018522e-01 -2.584881e-01
    outer loop
      vertex   1.934148e-04 4.344167e-04 -1.545085e-04
      vertex   1.511321e-04 4.651368e-04 -1.039558e-04
      vertex   1.989242e-04 4.467911e-04 -1.039558e-04
    endloop
  endfacet
  facet normal 4.385614e-01 8.607252e-01 -2.584881e-01
    outer loop
      vertex   1.934148e-04 4.344167e-04 -1.545085e-04
      vertex   1.989242e-04 4.467911e-04 -1.039558e-04
      vertex   2.377641e-04 4.118196e-04 -1.545085e-04
    endloop
  endfacet
  facet normal 4.385614e-01 8.607252e-01 -2.584881e-01
    outer loop
      vertex   2.377641e-04 4.118196e-04 -1.545085e-04
      vertex   1.989242e-04 4.467911e-04 -1.039558e-04
      vertex   2.445369e-04 4.235503e-04 -1.039558e-04
    endloop
  endfacet
  facet normal 5.261292e-01 8.101679e-01 -2.584881e-01
    outer loop
      vertex   2.377641e-04 4.118196e-04 -1.545085e-04
      vertex   2.445369e-04 4.235503e-04 -1.039558e-04
      vertex   2.795085e-04 3.847104e-04 -1.545085e-04
    endloop
  endfacet
  facet normal 5.261292e-01 8.101679e-01 -2.584881e-01
    outer loop
      vertex   2.795085e-04 3.847104e-04 -1.545085e-04
      vertex   2.445369e-04 4.235503e-04 -1.039558e-04
      vertex   2.874704e-04 3.956690e-04 -1.039558e-04
    endloop
  endfacet
  facet normal 6.079326e-01 7.507342e-01 -2.584881e-01
    outer loop
      vertex   2.795085e-04 3.847104e-04 -1.545085e-04
      vertex   2.874704e-04 3.956690e-04 -1.039558e-04
      vertex   3.181905e-04 3.533864e-04 -1.545085e-04
    endloop
  endfacet
  facet normal 6.079326e-01 7.507342e-01 -2.584881e-01
    outer loop
      vertex   3.181905e-04 3.533864e-04 -1.545085e-04
      vertex   2.874704e-04 3.956690e-04 -1.039558e-04
      vertex   3.272542e-04 3.634527e-04 -1.039558e-04
    endloop
  endfacet
  facet normal 6.830754e-01 6.830754e-01 -2.584881e-01
    outer loop
      vertex   3.181905e-04 3.533864e-04 -1.545085e-04
      vertex   3.272542e-04 3.634527e-04 -1.039558e-04
      vertex   3.533864e-04 3.181905e-04 -1.545085e-04
    endloop
  endfacet
  facet normal 6.830754e-01 6.830754e-01 -2.584881e-01
    outer loop
      vertex   3.533864e-04 3.181905e-04 -1.545085e-04
      vertex   3.272542e-04 3.634527e-04 -1.039558e-04
      vertex   3.634527e-04 3.272542e-04 -1.039558e-04
    endloop
  endfacet
  facet normal 7.507342e-01 6.079326e-01 -2.584881e-01
    outer loop
      vertex   3.533864e-04 3.181905e-04 -1.545085e-04
      vertex   3.634527e-04 3.272542e-04 -1.039558e-04
      vertex   3.847104e-04 2.795085e-04 -1.545085e-04
    endloop
  endfacet
  facet normal 7.507342e-01 6.079326e-01 -2.584881e-01
    outer loop
      vertex   3.847104e-04 2.795085e-04 -1.545085e-04
      vertex   3.634527e-04 3.272542e-04 -1.039558e-04
      vertex   3.956690e-04 2.874704e-04 -1.039558e-04
    endloop
  endfacet
  facet normal 8.101679e-01 5.261292e-01 -2.584881e-01
    outer loop
      vertex   3.847104e-04 2.795085e-04 -1.545085e-04
      vertex   3.956690e-04 2.874704e-04 -1.039558e-04
      vertex   4.118196e-04 2.377641e-04 -1.545085e-04
    endloop
  endfacet
  facet normal 8.101679e-01 5.261292e-01 -2.584881e-01
    outer loop
      vertex   4.118196e-04 2.377641e-04 -1.545085e-04
      vertex   3.956690e-04 2.874704e-04 -1.039558e-04
      vertex   4.235503e-04 2.445369e-04 -1.039558e-04
    endloop
  endfacet
  facet normal 8.607252e-01 4.385614e-01 -2.584881e-01
    outer loop
      vertex   4.118196e-04 2.377641e-04 -1.545085e-04
      vertex   4.235503e-04 2.445369e-04 -1.039558e-04
      vertex   4.344167e-04 1.934148e-04 -1.545085e-04
    endloop
  endfacet
  facet normal 8.607252e-01 4.385614e-01 -2.584881e-01
    outer loop
      vertex   4.344167e-04 1.934148e-04 -1.545085e-04
      vertex   4.235503e-04 2.445369e-04 -1.039558e-04
      vertex   4.467911e-04 1.989242e-04 -1.039558e-04
    endloop
  endfacet
  facet normal 9.018522e-01 3.461886e-01 -2.584881e-01
    outer loop
      vertex   4.344167e-04 1.934148e-04 -1.545085e-04
      vertex   4.467911e-04 1.989242e-04 -1.039558e-04
      vertex   4.522542e-04 1.469463e-04 -1.545085e-04
    endloop
  endfacet
  facet normal 9.018522e-01 3.461886e-01 -2.584881e-01
    outer loop
      vertex   4.522542e-04 1.469463e-04 -1.545085e-04
      vertex   4.467911e-04 1.989242e-04 -1.039558e-04
      vertex   4.651368e-04 1.511321e-04 -1.039558e-04
    endloop
  endfacet
  facet normal 9.330983e-01 2.500229e-01 -2.584881e-01
    outer loop
      vertex   4.522542e-04 1.469463e-04 -1.545085e-04
      vertex   4.651368e-04 1.511321e-04 -1.039558e-04
      vertex   4.651368e-04 9.886788e-05 -1.545085e-04
    endloop
  endfacet
  facet normal 9.330983e-01 2.500229e-01 -2.584881e-01
    outer loop
      vertex   4.651368e-04 9.886788e-05 -1.545085e-04
      vertex   4.651368e-04 1.511321e-04 -1.039558e-04
      vertex   4.783864e-04 1.016842e-04 -1.039558e-04
    endloop
  endfacet
  facet normal 9.541212e-01 1.511180e-01 -2.584881e-01
    outer loop
      vertex   4.651368e-04 9.886788e-05 -1.545085e-04
      vertex   4.783864e-04 1.016842e-04 -1.039558e-04
      vertex   4.729233e-04 4.970624e-05 -1.545085e-04
    endloop
  endfacet
  facet normal 9.541212e-01 1.511180e-01 -2.584881e-01
    outer loop
      vertex   4.729233e-04 4.970624e-05 -1.545085e-04
      vertex   4.783864e-04 1.016842e-04 -1.039558e-04
      vertex   4.863946e-04 5.112213e-05 -1.039558e-04
    endloop
  endfacet
  facet normal 9.646906e-01 5.055729e-02 -2.584881e-01
    outer loop
      vertex   4.729233e-04 4.970624e-05 -1.545085e-04
      vertex   4.863946e-04 5.112213e-05 -1.039558e-04
      vertex   4.755283e-04 0.000000e+00 -1.545085e-04
    endloop
  endfacet
  facet normal 9.646906e-01 5.055729e-02 -2.584881e-01
    outer loop
      vertex   4.755283e-04 0.000000e+00 -1.545085e-04
      vertex   4.863946e-04 5.112213e-05 -1.039558e-04
      vertex   4.890738e-04 0.000000e+00 -1.039558e-04
    endloop
  endfacet
  facet normal 9.863678e-01 -5.169335e-02 -1.562253e-01
    outer loop
      vertex   4.890738e-04 0.000000e+00 -1.039558e-04
      vertex   4.972609e-04 0.000000e+00 -5.226423e-05
      vertex   4.863946e-04 -5.112213e-05 -1.039558e-04
    endloop
  endfacet
  facet normal 9.863678e-01 -5.169335e-02 -1.562253e-01
    outer loop
      vertex   4.863946e-04 -5.112213e-05 -1.039558e-04
      vertex   4.972609e-04 0.000000e+00 -5.226423e-05
      vertex   4.945369e-04 -5.197792e-05 -5.226423e-05
    endloop
  endfacet
  facet normal 9.755610e-01 -1.545137e-01 -1.562253e-01
    outer loop
      vertex   4.863946e-04 -5.112213e-05 -1.039558e-04
      vertex   4.945369e-04 -5.197792e-05 -5.226423e-05
      vertex   4.783864e-04 -1.016842e-04 -1.039558e-04
    endloop
  endfacet
  facet normal 9.755610e-01 -1.545137e-01 -1.562253e-01
    outer loop
      vertex   4.783864e-04 -1.016842e-04 -1.039558e-04
      vertex   4.945369e-04 -5.197792e-05 -5.226423e-05
      vertex   4.863946e-04 -1.033864e-04 -5.226423e-05
    endloop
  endfacet
  facet normal 9.540657e-01 -2.556411e-01 -1.562253e-01
    outer loop
      vertex   4.783864e-04 -1.016842e-04 -1.039558e-04
      vertex   4.863946e-04 -1.033864e-04 -5.226423e-05
      vertex   4.651368e-04 -1.511321e-04 -1.039558e-04
    endloop
  endfacet
  facet normal 9.540657e-01 -2.556411e-01 -1.562253e-01
    outer loop
      vertex   4.651368e-04 -1.511321e-04 -1.039558e-04
      vertex   4.863946e-04 -1.033864e-04 -5.226423e-05
      vertex   4.729233e-04 -1.536621e-04 -5.226423e-05
    endloop
  endfacet
  facet normal 9.221174e-01 -3.539677e-01 -1.562253e-01
    outer loop
      vertex   4.651368e-04 -1.511321e-04 -1.039558e-04
      vertex   4.729233e-04 -1.536621e-04 -5.226423e-05
      vertex   4.467911e-04 -1.989242e-04 -1.039558e-04
    endloop
  endfacet
  facet normal 9.221174e-01 -3.539677e-01 -1.562253e-01
    outer loop
      vertex   4.467911e-04 -1.989242e-04 -1.039558e-04
      vertex   4.729233e-04 -1.536621e-04 -5.226423e-05
      vertex   4.542705e-04 -2.022542e-04 -5.226423e-05
    endloop
  endfacet
  facet normal 8.800663e-01 -4.484162e-01 -1.562253e-01
    outer loop
      vertex   4.467911e-04 -1.989242e-04 -1.039558e-04
      vertex   4.542705e-04 -2.022542e-04 -5.226423e-05
      vertex   4.235503e-04 -2.445369e-04 -1.039558e-04
    endloop
  endfacet
  facet normal 8.800663e-01 -4.484162e-01 -1.562253e-01
    outer loop
      vertex   4.235503e-04 -2.445369e-04 -1.039558e-04
      vertex   4.542705e-04 -2.022542e-04 -5.226423e-05
      vertex   4.306406e-04 -2.486305e-04 -5.226423e-05
    endloop
  endfacet
  facet normal 8.283729e-01 -5.379517e-01 -1.562253e-01
    outer loop
      vertex   4.235503e-04 -2.445369e-04 -1.039558e-04
      vertex   4.306406e-04 -2.486305e-04 -5.226423e-05
      vertex   3.956690e-04 -2.874704e-04 -1.039558e-04
    endloop
  endfacet
  facet normal 8.283729e-01 -5.379517e-01 -1.562253e-01
    outer loop
      vertex   3.956690e-04 -2.874704e-04 -1.039558e-04
      vertex   4.306406e-04 -2.486305e-04 -5.226423e-05
      vertex   4.022926e-04 -2.922827e-04 -5.226423e-05
    endloop
  endfacet
  facet normal 7.676037e-01 -6.215932e-01 -1.562253e-01
    outer loop
      vertex   3.956690e-04 -2.874704e-04 -1.039558e-04
      vertex   4.022926e-04 -2.922827e-04 -5.226423e-05
      vertex   3.634527e-04 -3.272542e-04 -1.039558e-04
    endloop
  endfacet
  facet normal 7.676037e-01 -6.215932e-01 -1.562253e-01
    outer loop
      vertex   3.634527e-04 -3.272542e-04 -1.039558e-04
      vertex   4.022926e-04 -2.922827e-04 -5.226423e-05
      vertex   3.695369e-04 -3.327325e-04 -5.226423e-05
    endloop
  endfacet
  facet normal 6.984245e-01 -6.984245e-01 -1.562253e-01
    outer loop
      vertex   3.634527e-04 -3.272542e-04 -1.039558e-04
      vertex   3.695369e-04 -3.327325e-04 -5.226423e-05
      vertex   3.272542e-04 -3.634527e-04 -1.039558e-04
    endloop
  endfacet
  facet normal 6.984245e-01 -6.984245e-01 -1.562253e-01
    outer loop
      vertex   3.272542e-04 -3.634527e-04 -1.039558e-04
      vertex   3.695369e-04 -3.327325e-04 -5.226423e-05
      vertex   3.327325e-04 -3.695369e-04 -5.226423e-05
    endloop
  endfacet
  facet normal 6.215932e-01 -7.676037e-01 -1.562253e-01
    outer loop
      vertex   3.272542e-04 -3.634527e-04 -1.039558e-04
      vertex   3.327325e-04 -3.695369e-04 -5.226423e-05
      vertex   2.874704e-04 -3.956690e-04 -1.039558e-04
    endloop
  endfacet
  facet normal 6.215932e-01 -7.676037e-01 -1.562253e-01
    outer loop
      vertex   2.874704e-04 -3.956690e-04 -1.039558e-04
      vertex   3.327325e-04 -3.695369e-04 -5.226423e-05
      vertex   2.922827e-04 -4.022926e-04 -5.226423e-05
    endloop
  endfacet
  facet normal 5.379517e-01 -8.283729e-01 -1.562253e-01
    outer loop
      vertex   2.874704e-04 -3.956690e-04 -1.039558e-04
      vertex   2.922827e-04 -4.022926e-04 -5.226423e-05
      vertex   2.445369e-04 -4.235503e-04 -1.039558e-04
    endloop
  endfacet
  facet normal 5.379517e-01 -8.283729e-01 -1.562253e-01
    outer loop
      vertex   2.445369e-04 -4.235503e-04 -1.039558e-04
      vertex   2.922827e-04 -4.022926e-04 -5.226423e-05
      vertex   2.486305e-04 -4.306406e-04 -5.226423e-05
    endloop
  endfacet
  facet normal 4.484162e-01 -8.800663e-01 -1.562253e-01
    outer loop
      vertex   2.445369e-04 -4.235503e-04 -1.039558e-04
      vertex   2.486305e-04 -4.306406e-04 -5.226423e-05
      vertex   1.989242e-04 -4.467911e-04 -1.039558e-04
    endloop
  endfacet
  facet normal 4.484162e-01 -8.800663e-01 -1.562253e-01
    outer loop
      vertex   1.989242e-04 -4.467911e-04 -1.039558e-04
      vertex   2.486305e-04 -4.306406e-04 -5.226423e-05
      vertex   2.022542e-04 -4.542705e-04 -5.226423e-05
    endloop
  endfacet
  facet normal 3.539677e-01 -9.221174e-01 -1.562253e-01
    outer loop
      vertex   1.989242e-04 -4.467911e-04 -1.039558e-04
      vertex   2.022542e-04 -4.542705e-04 -5.226423e-05
      vertex   1.511321e-04 -4.651368e-04 -1.039558e-04
    endloop
  endfacet
  facet normal 3.539677e-01 -9.221174e-01 -1.562253e-01
    outer loop
      vertex   1.511321e-04 -4.651368e-04 -1.039558e-04
      vertex   2.022542e-04 -4.542705e-04 -5.226423e-05
      vertex   1.536621e-04 -4.729233e-04 -5.226423e-05
    endloop
  endfacet
  facet normal 2.556411e-01 -9.540657e-01 -1.562253e-01
    outer loop
      vertex   1.511321e-04 -4.651368e-04 -1.039558e-04
      vertex   1.536621e-04 -4.729233e-04 -5.226423e-05
      vertex   1.016842e-04 -4.783864e-04 -1.039558e-04
    endloop
  endfacet
  facet normal 2.556411e-01 -9.540657e-01 -1.562253e-01
    outer loop
      vertex   1.016842e-04 -4.783864e-04 -1.039558e-04
      vertex   1.536621e-04 -4.729233e-04 -5.226423e-05
      vertex   1.033864e-04 -4.863946e-04 -5.226423e-05
    endloop
  endfacet
  facet normal 1.545137e-01 -9.755610e-01 -1.562253e-01
    outer loop
      vertex   1.016842e-04 -4.783864e-04 -1.039558e-04
      vertex   1.033864e-04 -4.863946e-04 -5.226423e-05
      vertex   5.112213e-05 -4.863946e-04 -1.039558e-04
    endloop
  endfacet
  facet normal 1.545137e-01 -9.755610e-01 -1.562253e-01
    outer loop
      vertex   5.112213e-05 -4.863946e-04 -1.039558e-04
      vertex   1.033864e-04 -4.863946e-04 -5.226423e-05
      vertex   5.197792e-05 -4.945369e-04 -5.226423e-05
    endloop
  endfacet
  facet normal 5.169335e-02 -9.863678e-01 -1.562253e-01
    outer loop
      vertex   5.112213e-05 -4.863946e-04 -1.039558e-04
      vertex   5.197792e-05 -4.945369e-04 -5.226423e-05
      vertex   2.994713e-20 -4.890738e-04 -1.039558e-04
    endloop
  endfacet
  facet normal 5.169335e-02 -9.863678e-01 -1.562253e-01
    outer loop
      vertex   2.994713e-20 -4.890738e-04 -1.039558e-04
      vertex   5.197792e-05 -4.945369e-04 -5.226423e-05
      vertex   3.044845e-20 -4.972609e-04 -5.226423e-05
    endloop
  endfacet
  facet normal -5.169335e-02 -9.863678e-01 -1.562253e-01
    outer loop
      vertex   2.994713e-20 -4.890738e-04 -1.039558e-04
      vertex   3.044845e-20 -4.972609e-04 -5.226423e-05
      vertex   -5.112213e-05 -4.863946e-04 -1.039558e-04
    endloop
  endfacet
  facet normal -5.169335e-02 -9.863678e-01 -1.562253e-01
    outer loop
      vertex   -5.112213e-05 -4.863946e-04 -1.039558e-04
      vertex   3.044845e-20 -4.972609e-04 -5.226423e-05
      vertex   -5.197792e-05 -4.945369e-04 -5.226423e-05
    endloop
  endfacet
  facet normal -1.545137e-01 -9.755610e-01 -1.562253e-01
    outer loop
      vertex   -5.112213e-05 -4.863946e-04 -1.039558e-04
      vertex   -5.197792e-05 -4.945369e-04 -5.226423e-05
      vertex   -1.016842e-04 -4.783864e-04 -1.039558e-04
    endloop
  endfacet
  facet normal -1.545137e-01 -9.755610e-01 -1.562253e-01
    outer loop
      vertex   -1.016842e-04 -4.783864e-04 -1.039558e-04
      vertex   -5.197792e-05 -4.945369e-04 -5.226423e-05
      vertex   -1.033864e-04 -4.863946e-04 -5.226423e-05
    endloop
  endfacet
  facet normal -2.556411e-01 -9.540657e-01 -1.562253e-01
    outer loop
      vertex   -1.016842e-04 -4.783864e-04 -1.039558e-04
      vertex   -1.033864e-04 -4.863946e-04 -5.226423e-05
      vertex   -1.511321e-04 -4.651368e-04 -1.039558e-04
    endloop
  endfacet
  facet normal -2.556411e-01 -9.540657e-01 -1.562253e-01
    outer loop
      vertex   -1.511321e-04 -4.651368e-04 -1.039558e-04
      vertex   -1.033864e-04 -4.863946e-04 -5.226423e-05
      vertex   -1.536621e-04 -4.729233e-04 -5.226423e-05
    endloop
  endfacet
  facet normal -3.539677e-01 -9.221174e-01 -1.562253e-01
    outer loop
      vertex   -1.511321e-04 -4.651368e-04 -1.039558e-04
      vertex   -1.536621e-04 -4.729233e-04 -5.226423e-05
      vertex   -1.989242e-04 -4.467911e-04 -1.039558e-04
    endloop
  endfacet
  facet normal -3.539677e-01 -9.221174e-01 -1.562253e-01
    outer loop
      vertex   -1.989242e-04 -4.467911e-04 -1.039558e-04
      vertex   -1.536621e-04 -4.729233e-04 -5.226423e-05
      vertex   -2.022542e-04 -4.542705e-04 -5.226423e-05
    endloop
  endfacet
  facet normal -4.484162e-01 -8.800663e-01 -1.562253e-01
    outer loop
      vertex   -1.989242e-04 -4.467911e-04 -1.039558e-04
      vertex   -2.022542e-04 -4.542705e-04 -5.226423e-05
      vertex   -2.445369e-04 -4.235503e-04 -1.039558e-04
    endloop
  endfacet
  facet normal -4.484162e-01 -8.800663e-01 -1.562253e-01
    outer loop
      vertex   -2.445369e-04 -4.235503e-04 -1.039558e-04
      vertex   -2.022542e-04 -4.542705e-04 -5.226423e-05
      vertex   -2.486305e-04 -4.306406e-04 -5.226423e-05
    endloop
  endfacet
  facet normal -5.379517e-01 -8.283729e-01 -1.562253e-01
    outer loop
      vertex   -2.445369e-04 -4.235503e-04 -1.039558e-04
      vertex   -2.486305e-04 -4.306406e-04 -5.226423e-05
      vertex   -2.874704e-04 -3.956690e-04 -1.039558e-04
    endloop
  endfacet
  facet normal -5.379517e-01 -8.283729e-01 -1.562253e-01
    outer loop
      vertex   -2.874704e-04 -3.956690e-04 -1.039558e-04
      vertex   -2.486305e-04 -4.306406e-04 -5.226423e-05
      vertex   -2.922827e-04 -4.022926e-04 -5.226423e-05
    endloop
  endfacet
  facet normal -6.215932e-01 -7.676037e-01 -1.562253e-01
    outer loop
      vertex   -2.874704e-04 -3.956690e-04 -1.039558e-04
      vertex   -2.922827e-04 -4.022926e-04 -5.226423e-05
      vertex   -3.272542e-04 -3.634527e-04 -1.039558e-04
    endloop
  endfacet
  facet normal -6.215932e-01 -7.676037e-01 -1.562253e-01
    outer loop
      vertex   -3.272542e-04 -3.634527e-04 -1.039558e-04
      vertex   -2.922827e-04 -4.022926e-04 -5.226423e-05
      vertex   -3.327325e-04 -3.695369e-04 -5.226423e-05
    endloop
  endfacet
  facet normal -6.984245e-01 -6.984245e-01 -1.562253e-01
    outer loop
      vertex   -3.272542e-04 -3.634527e-04 -1.039558e-04
      vertex   -3.327325e-04 -3.695369e-04 -5.226423e-05
      vertex   -3.634527e-04 -3.272542e-04 -1.039558e-04
    endloop
  endfacet
  facet normal -6.984245e-01 -6.984245e-01 -1.562253e-01
    outer loop
      vertex   -3.634527e-04 -3.272542e-04 -1.039558e-04
      vertex   -3.327325e-04 -3.695369e-04 -5.226423e-05
      vertex   -3.695369e-04 -3.327325e-04 -5.226423e-05
    endloop
  endfacet
  facet normal -7.676037e-01 -6.215932e-01 -1.562253e-01
    outer loop
      vertex   -3.634527e-04 -3.272542e-04 -1.039558e-04
      vertex   -3.695369e-04 -3.327325e-04 -5.226423e-05
      vertex   -3.956690e-04 -2.874704e-04 -1.039558e-04
    endloop
  endfacet
  facet normal -7.676037e-01 -6.215932e-01 -1.562253e-01
    outer loop
      vertex   -3.956690e-04 -2.874704e-04 -1.039558e-04
      vertex   -3.695369e-04 -3.327325e-04 -5.226423e-05
      vertex   -4.022926e-04 -2.922827e-04 -5.226423e-05
    endloop
  endfacet
  facet normal -8.283729e-01 -5.379517e-01 -1.562253e-01
    outer loop
      vertex   -3.956690e-04 -2.874704e-04 -1.039558e-04
      vertex   -4.022926e-04 -2.922827e-04 -5.226423e-05
      vertex   -4.235503e-04 -2.445369e-04 -1.039558e-04
    endloop
  endfacet
  facet normal -8.283729e-01 -5.379517e-01 -1.562253e-01
    outer loop
      vertex   -4.235503e-04 -2.445369e-04 -1.039558e-04
      vertex   -4.022926e-04 -2.922827e-04 -5.226423e-05
      vertex   -4.306406e-04 -2.486305e-04 -5.226423e-05
    endloop
  endfacet
  facet normal -8.800663e-01 -4.484162e-01 -1.562253e-01
    outer loop
      vertex   -4.235503e-04 -2.445369e-04 -1.039558e-04
      vertex   -4.306406e-04 -2.486305e-04 -5.226423e-05
      vertex   -4.467911e-04 -1.989242e-04 -1.039558e-04
    endloop
  endfacet
  facet normal -8.800663e-01 -4.484162e-01 -1.562253e-01
    outer loop
      vertex   -4.467911e-04 -1.989242e-04 -1.039558e-04
      vertex   -4.306406e-04 -2.486305e-04 -5.226423e-05
      vertex   -4.542705e-04 -2.022542e-04 -5.226423e-05
    endloop
  endfacet
  facet normal -9.221174e-01 -3.539677e-01 -1.562253e-01
    outer loop
      vertex   -4.467911e-04 -1.989242e-04 -1.039558e-04
      vertex   -4.542705e-04 -2.022542e-04 -5.226423e-05
      vertex   -4.651368e-04 -1.511321e-04 -1.039558e-04
    endloop
  endfacet
  facet normal -9.221174e-01 -3.539677e-01 -1.562253e-01
    outer loop
      vertex   -4.651368e-04 -1.511321e-04 -1.039558e-04
      vertex   -4.542705e-04 -2.022542e-04 -5.226423e-05
      vertex   -4.729233e-04 -1.536621e-04 -5.226423e-05
    endloop
  endfacet
  facet normal -9.540657e-01 -2.556411e-01 -1.562253e-01
    outer loop
      vertex   -4.651368e-04 -1.511321e-04 -1.039558e-04
      vertex   -4.729233e-04 -1.536621e-04 -5.226423e-05
      vertex   -4.783864e-04 -1.016842e-04 -1.039558e-04
    endloop
  endfacet
  facet normal -9.540657e-01 -2.556411e-01 -1.562253e-01
    outer loop
      vertex   -4.783864e-04 -1.016842e-04 -1.039558e-04
      vertex   -4.729233e-04 -1.536621e-04 -5.226423e-05
      vertex   -4.863946e-04 -1.033864e-04 -5.226423e-05
    endloop
  endfacet
  facet normal -9.755610e-01 -1.545137e-01 -1.562253e-01
    outer loop
      vertex   -4.783864e-04 -1.016842e-04 -1.039558e-04
      vertex   -4.863946e-04 -1.033864e-04 -5.226423e-05
      vertex   -4.863946e-04 -5.112213e-05 -1.039558e-04
    endloop
  endfacet
  facet normal -9.755610e-01 -1.545137e-01 -1.562253e-01
    outer loop
      vertex   -4.863946e-04 -5.112213e-05 -1.039558e-04
      vertex   -4.863946e-04 -1.033864e-04 -5.226423e-05
      vertex   -4.945369e-04 -5.197792e-05 -5.226423e-05
    endloop
  endfacet
  facet normal -9.863678e-01 -5.169335e-02 -1.562253e-01
    outer loop
      vertex   -4.863946e-04 -5.112213e-05 -1.039558e-04
      vertex   -4.945369e-04 -5.197792e-05 -5.226423e-05
      vertex   -4.890738e-04 -5.989427e-20 -1.039558e-04
    endloop
  endfacet
  facet normal -9.863678e-01 -5.169335e-02 -1.562253e-01
    outer loop
      vertex   -4.890738e-04 -5.989427e-20 -1.039558e-04
      vertex   -4.945369e-04 -5.197792e-05 -5.226423e-05
      vertex   -4.972609e-04 -6.089690e-20 -5.226423e-05
    endloop
  endfacet
  facet normal -9.863678e-01 5.169335e-02 -1.562253e-01
    outer loop
      vertex   -4.890738e-04 -5.989427e-20 -1.039558e-04
      vertex   -4.972609e-04 -6.089690e-20 -5.226423e-05
      vertex   -4.863946e-04 5.112213e-05 -1.039558e-04
    endloop
  endfacet
  facet normal -9.863678e-01 5.169335e-02 -1.562253e-01
    outer loop
      vertex   -4.863946e-04 5.112213e-05 -1.039558e-04
      vertex   -4.972609e-04 -6.089690e-20 -5.226423e-05
      vertex   -4.945369e-04 5.197792e-05 -5.226423e-05
    endloop
  endfacet
  facet normal -9.755610e-01 1.545137e-01 -1.562253e-01
    outer loop
      vertex   -4.863946e-04 5.112213e-05 -1.039558e-04
      vertex   -4.945369e-04 5.197792e-05 -5.226423e-05
      vertex   -4.783864e-04 1.016842e-04 -1.039558e-04
    endloop
  endfacet
  facet normal -9.755610e-01 1.545137e-01 -1.562253e-01
    outer loop
      vertex   -4.783864e-04 1.016842e-04 -1.039558e-04
      vertex   -4.945369e-04 5.197792e-05 -5.226423e-05
      vertex   -4.863946e-04 1.033864e-04 -5.226423e-05
    endloop
  endfacet
  facet normal -9.540657e-01 2.556411e-01 -1.562253e-01
    outer loop
      vertex   -4.783864e-04 1.016842e-04 -1.039558e-04
      vertex   -4.863946e-04 1.033864e-04 -5.226423e-05
      vertex   -4.651368e-04 1.511321e-04 -1.039558e-04
    endloop
  endfacet
  facet normal -9.540657e-01 2.556411e-01 -1.562253e-01
    outer loop
      vertex   -4.651368e-04 1.511321e-04 -1.039558e-04
      vertex   -4.863946e-04 1.033864e-04 -5.226423e-05
      vertex   -4.729233e-04 1.536621e-04 -5.226423e-05
    endloop
  endfacet
  facet normal -9.221174e-01 3.539677e-01 -1.562253e-01
    outer loop
      vertex   -4.651368e-04 1.511321e-04 -1.039558e-04
      vertex   -4.729233e-04 1.536621e-04 -5.226423e-05
      vertex   -4.467911e-04 1.989242e-04 -1.039558e-04
    endloop
  endfacet
  facet normal -9.221174e-01 3.539677e-01 -1.562253e-01
    outer loop
      vertex   -4.467911e-04 1.989242e-04 -1.039558e-04
      vertex   -4.729233e-04 1.536621e-04 -5.226423e-05
      vertex   -4.542705e-04 2.022542e-04 -5.226423e-05
    endloop
  endfacet
  facet normal -8.800663e-01 4.484162e-01 -1.562253e-01
    outer loop
      vertex   -4.467911e-04 1.989242e-04 -1.039558e-04
      vertex   -4.542705e-04 2.022542e-04 -5.226423e-05
      vertex   -4.235503e-04 2.445369e-04 -1.039558e-04
    endloop
  endfacet
  facet normal -8.800663e-01 4.484162e-01 -1.562253e-01
    outer loop
      vertex   -4.235503e-04 2.445369e-04 -1.039558e-04
      vertex   -4.542705e-04 2.022542e-04 -5.226423e-05
      vertex   -4.306406e-04 2.486305e-04 -5.226423e-05
    endloop
  endfacet
  facet normal -8.283729e-01 5.379517e-01 -1.562253e-01
    outer loop
      vertex   -4.235503e-04 2.445369e-04 -1.039558e-04
      vertex   -4.306406e-04 2.486305e-04 -5.226423e-05
      vertex   -3.956690e-04 2.874704e-04 -1.039558e-04
    endloop
  endfacet
  facet normal -8.283729e-01 5.379517e-01 -1.562253e-01
    outer loop
      vertex   -3.956690e-04 2.874704e-04 -1.039558e-04
      vertex   -4.306406e-04 2.486305e-04 -5.226423e-05
      vertex   -4.022926e-04 2.922827e-04 -5.226423e-05
    endloop
  endfacet
  facet normal -7.676037e-01 6.215932e-01 -1.562253e-01
    outer loop
      vertex   -3.956690e-04 2.874704e-04 -1.039558e-04
      vertex   -4.022926e-04 2.922827e-04 -5.226423e-05
      vertex   -3.634527e-04 3.272542e-04 -1.039558e-04
    endloop
  endfacet
  facet normal -7.676037e-01 6.215932e-01 -1.562253e-01
    outer loop
      vertex   -3.634527e-04 3.272542e-04 -1.039558e-04
      vertex   -4.022926e-04 2.922827e-04 -5.226423e-05
      vertex   -3.695369e-04 3.327325e-04 -5.226423e-05
    endloop
  endfacet
  facet normal -6.984245e-01 6.984245e-01 -1.562253e-01
    outer loop
      vertex   -3.634527e-04 3.272542e-04 -1.039558e-04
      vertex   -3.695369e-04 3.327325e-04 -5.226423e-05
      vertex   -3.272542e-04 3.634527e-04 -1.039558e-04
    endloop
  endfacet
  facet normal -6.984245e-01 6.984245e-01 -1.562253e-01
    outer loop
      vertex   -3.272542e-04 3.634527e-04 -1.039558e-04
      vertex   -3.695369e-04 3.327325e-04 -5.226423e-05
      vertex   -3.327325e-04 3.695369e-04 -5.226423e-05
    endloop
  endfacet
  facet normal -6.215932e-01 7.676037e-01 -1.562253e-01
    outer loop
      vertex   -3.272542e-04 3.634527e-04 -1.039558e-04
      vertex   -3.327325e-04 3.695369e-04 -5.226423e-05
      vertex   -2.874704e-04 3.956690e-04 -1.039558e-04
    endloop
  endfacet
  facet normal -6.215932e-01 7.676037e-01 -1.562253e-01
    outer loop
      vertex   -2.874704e-04 3.956690e-04 -1.039558e-04
      vertex   -3.327325e-04 3.695369e-04 -5.226423e-05
      vertex   -2.922827e-04 4.022926e-04 -5.226423e-05
    endloop
  endfacet
  facet normal -5.379517e-01 8.283729e-01 -1.562253e-01
    outer loop
      vertex   -2.874704e-04 3.956690e-04 -1.039558e-04
      vertex   -2.922827e-04 4.022926e-04 -5.226423e-05
      vertex   -2.445369e-04 4.235503e-04 -1.039558e-04
    endloop
  endfacet
  facet normal -5.379517e-01 8.283729e-01 -1.562253e-01
    outer loop
      vertex   -2.445369e-04 4.235503e-04 -1.039558e-04
      vertex   -2.922827e-04 4.022926e-04 -5.226423e-05
      vertex   -2.486305e-04 4.306406e-04 -5.226423e-05
    endloop
  endfacet
  facet normal -4.484162e-01 8.800663e-01 -1.562253e-01
    outer loop
      vertex   -2.445369e-04 4.235503e-04 -1.039558e-04
      vertex   -2.486305e-04 4.306406e-04 -5.226423e-05
      vertex   -1.989242e-04 4.467911e-04 -1.039558e-04
    endloop
  endfacet
  facet normal -4.484162e-01 8.800663e-01 -1.562253e-01
    outer loop
      vertex   -1.989242e-04 4.467911e-04 -1.039558e-04
      vertex   -2.486305e-04 4.306406e-04 -5.226423e-05
      vertex   -2.022542e-04 4.542705e-04 -5.226423e-05
    endloop
  endfacet
  facet normal -3.539677e-01 9.221174e-01 -1.562253e-01
    outer loop
      vertex   -1.989242e-04 4.467911e-04 -1.039558e-04
      vertex   -2.022542e-04 4.542705e-04 -5.226423e-05
      vertex   -1.511321e-04 4.651368e-04 -1.039558e-04
    endloop
  endfacet
  facet normal -3.539677e-01 9.221174e-01 -1.562253e-01
    outer loop
      vertex   -1.511321e-04 4.651368e-04 -1.039558e-04
      vertex   -2.022542e-04 4.542705e-04 -5.226423e-05
      vertex   -1.536621e-04 4.729233e-04 -5.226423e-05
    endloop
  endfacet
  facet normal -2.556411e-01 9.540657e-01 -1.562253e-01
    outer loop
      vertex   -1.511321e-04 4.651368e-04 -1.039558e-04
      vertex   -1.536621e-04 4.729233e-04 -5.226423e-05
      vertex   -1.016842e-04 4.783864e-04 -1.039558e-04
    endloop
  endfacet
  facet normal -2.556411e-01 9.540657e-01 -1.562253e-01
    outer loop
      vertex   -1.016842e-04 4.783864e-04 -1.039558e-04
      vertex   -1.536621e-04 4.729233e-04 -5.226423e-05
      vertex   -1.033864e-04 4.863946e-04 -5.226423e-05
    endloop
  endfacet
  facet normal -1.545137e-01 9.755610e-01 -1.562253e-01
    outer loop
      vertex   -1.016842e-04 4.783864e-04 -1.039558e-04
      vertex   -1.033864e-04 4.863946e-04 -5.226423e-05
      vertex   -5.112213e-05 4.863946e-04 -1.039558e-04
    endloop
  endfacet
  facet normal -1.545137e-01 9.755610e-01 -1.562253e-01
    outer loop
      vertex   -5.112213e-05 4.863946e-04 -1.039558e-04
      vertex   -1.033864e-04 4.863946e-04 -5.226423e-05
      vertex   -5.197792e-05 4.945369e-04 -5.226423e-05
    endloop
  endfacet
  facet normal -5.169335e-02 9.863678e-01 -1.562253e-01
    outer loop
      vertex   -5.112213e-05 4.863946e-04 -1.039558e-04
      vertex   -5.197792e-05 4.945369e-04 -5.226423e-05
      vertex   2.994713e-20 4.890738e-04 -1.039558e-04
    endloop
  endfacet
  facet normal -5.169335e-02 9.863678e-01 -1.562253e-01
    outer loop
      vertex   2.994713e-20 4.890738e-04 -1.039558e-04
      vertex   -5.197792e-05 4.945369e-04 -5.226423e-05
      vertex   3.044845e-20 4.972609e-04 -5.226423e-05
    endloop
  endfacet
  facet normal 5.169335e-02 9.863678e-01 -1.562253e-01
    outer loop
      vertex   2.994713e-20 4.890738e-04 -1.039558e-04
      vertex   3.044845e-20 4.972609e-04 -5.226423e-05
      vertex   5.112213e-05 4.863946e-04 -1.039558e-04
    endloop
  endfacet
  facet normal 5.169335e-02 9.863678e-01 -1.562253e-01
    outer loop
      vertex   5.112213e-05 4.863946e-04 -1.039558e-04
      vertex   3.044845e-20 4.972609e-04 -5.226423e-05
      vertex   5.197792e-05 4.945369e-04 -5.226423e-05
    endloop
  endfacet
  facet normal 1.545137e-01 9.755610e-01 -1.562253e-01
    outer loop
      vertex   5.112213e-05 4.863946e-04 -1.039558e-04
      vertex   5.197792e-05 4.945369e-04 -5.226423e-05
      vertex   1.016842e-04 4.783864e-04 -1.039558e-04
    endloop
  endfacet
  facet normal 1.545137e-01 9.755610e-01 -1.562253e-01
    outer loop
      vertex   1.016842e-04 4.783864e-04 -1.039558e-04
      vertex   5.197792e-05 4.945369e-04 -5.226423e-05
      vertex   1.033864e-04 4.863946e-04 -5.226423e-05
    endloop
  endfacet
  facet normal 2.556411e-01 9.540657e-01 -1.562253e-01
    outer loop
      vertex   1.016842e-04 4.783864e-04 -1.039558e-04
      vertex   1.033864e-04 4.863946e-04 -5.226423e-05
      vertex   1.511321e-04 4.651368e-04 -1.039558e-04
    endloop
  endfacet
  facet normal 2.556411e-01 9.540657e-01 -1.562253e-01
    outer loop
      vertex   1.511321e-04 4.651368e-04 -1.039558e-04
      vertex   1.033864e-04 4.863946e-04 -5.226423e-05
      vertex   1.536621e-04 4.729233e-04 -5.226423e-05
    endloop
  endfacet
  facet normal 3.539677e-01 9.221174e-01 -1.562253e-01
    outer loop
      vertex   1.511321e-04 4.651368e-04 -1.039558e-04
      vertex   1.536621e-04 4.729233e-04 -5.226423e-05
      vertex   1.989242e-04 4.467911e-04 -1.039558e-04
    endloop
  endfacet
  facet normal 3.539677e-01 9.221174e-01 -1.562253e-01
    outer loop
      vertex   1.989242e-04 4.467911e-04 -1.039558e-04
      vertex   1.536621e-04 4.729233e-04 -5.226423e-05
      vertex   2.022542e-04 4.542705e-04 -5.226423e-05
    endloop
  endfacet
  facet normal 4.484162e-01 8.800663e-01 -1.562253e-01
    outer loop
      vertex   1.989242e-04 4.467911e-04 -1.039558e-04
      vertex   2.022542e-04 4.542705e-04 -5.226423e-05
      vertex   2.445369e-04 4.235503e-04 -1.039558e-04
    endloop
  endfacet
  facet normal 4.484162e-01 8.800663e-01 -1.562253e-01
    outer loop
      vertex   2.445369e-04 4.235503e-04 -1.039558e-04
      vertex   2.022542e-04 4.542705e-04 -5.226423e-05
      vertex   2.486305e-04 4.306406e-04 -5.226423e-05
    endloop
  endfacet
  facet normal 5.379517e-01 8.283729e-01 -1.562253e-01
    outer loop
      vertex   2.445369e-04 4.235503e-04 -1.039558e-04
      vertex   2.486305e-04 4.306406e-04 -5.226423e-05
      vertex   2.874704e-04 3.956690e-04 -1.039558e-04
    endloop
  endfacet
  facet normal 5.379517e-01 8.283729e-01 -1.562253e-01
    outer loop
      vertex   2.874704e-04 3.956690e-04 -1.039558e-04
      vertex   2.486305e-04 4.306406e-04 -5.226423e-05
      vertex   2.922827e-04 4.022926e-04 -5.226423e-05
    endloop
  endfacet
  facet normal 6.215932e-01 7.676037e-01 -1.562253e-01
    outer loop
      vertex   2.874704e-04 3.956690e-04 -1.039558e-04
      vertex   2.922827e-04 4.022926e-04 -5.226423e-05
      vertex   3.272542e-04 3.634527e-04 -1.039558e-04
    endloop
  endfacet
  facet normal 6.215932e-01 7.676037e-01 -1.562253e-01
    outer loop
      vertex   3.272542e-04 3.634527e-04 -1.039558e-04
      vertex   2.922827e-04 4.022926e-04 -5.226423e-05
      vertex   3.327325e-04 3.695369e-04 -5.226423e-05
    endloop
  endfacet
  facet normal 6.984245e-01 6.984245e-01 -1.562253e-01
    outer loop
      vertex   3.272542e-04 3.634527e-04 -1.039558e-04
      vertex   3.327325e-04 3.695369e-04 -5.226423e-05
      vertex   3.634527e-04 3.272542e-04 -1.039558e-04
    endloop
  endfacet
  facet normal 6.984245e-01 6.984245e-01 -1.562253e-01
    outer loop
      vertex   3.634527e-04 3.272542e-04 -1.039558e-04
      vertex   3.327325e-04 3.695369e-04 -5.226423e-05
      vertex   3.695369e-04 3.327325e-04 -5.226423e-05
    endloop
  endfacet
  facet normal 7.676037e-01 6.215932e-01 -1.562253e-01
    outer loop
      vertex   3.634527e-04 3.272542e-04 -1.039558e-04
      vertex   3.695369e-04 3.327325e-04 -5.226423e-05
      vertex   3.956690e-04 2.874704e-04 -1.039558e-04
    endloop
  endfacet
  facet normal 7.676037e-01 6.215932e-01 -1.562253e-01
    outer loop
      vertex   3.956690e-04 2.874704e-04 -1.039558e-04
      vertex   3.695369e-04 3.327325e-04 -5.226423e-05
      vertex   4.022926e-04 2.922827e-04 -5.226423e-05
    endloop
  endfacet
  facet normal 8.283729e-01 5.379517e-01 -1.562253e-01
    outer loop
      vertex   3.956690e-04 2.874704e-04 -1.039558e-04
      vertex   4.022926e-04 2.922827e-04 -5.226423e-05
      vertex   4.235503e-04 2.445369e-04 -1.039558e-04
    endloop
  endfacet
  facet normal 8.283729e-01 5.379517e-01 -1.562253e-01
    outer loop
      vertex   4.235503e-04 2.445369e-04 -1.039558e-04
      vertex   4.022926e-04 2.922827e-04 -5.226423e-05
      vertex   4.306406e-04 2.486305e-04 -5.226423e-05
    endloop
  endfacet
  facet normal 8.800663e-01 4.484162e-01 -1.562253e-01
    outer loop
      vertex   4.235503e-04 2.445369e-04 -1.039558e-04
      vertex   4.306406e-04 2.486305e-04 -5.226423e-05
      vertex   4.467911e-04 1.989242e-04 -1.039558e-04
    endloop
  endfacet
  facet normal 8.800663e-01 4.484162e-01 -1.562253e-01
    outer loop
      vertex   4.467911e-04 1.989242e-04 -1.039558e-04
      vertex   4.306406e-04 2.486305e-04 -5.226423e-05
      vertex   4.542705e-04 2.022542e-04 -5.226423e-05
    endloop
  endfacet
  facet normal 9.221174e-01 3.539677e-01 -1.562253e-01
    outer loop
      vertex   4.467911e-04 1.989242e-04 -1.039558e-04
      vertex   4.542705e-04 2.022542e-04 -5.226423e-05
      vertex   4.651368e-04 1.511321e-04 -1.039558e-04
    endloop
  endfacet
  facet normal 9.221174e-01 3.539677e-01 -1.562253e-01
    outer loop
      vertex   4.651368e-04 1.511321e-04 -1.039558e-04
      vertex   4.542705e-04 2.022542e-04 -5.226423e-05
      vertex   4.729233e-04 1.536621e-04 -5.226423e-05
    endloop
  endfacet
  facet normal 9.540657e-01 2.556411e-01 -1.562253e-01
    outer loop
      vertex   4.651368e-04 1.511321e-04 -1.039558e-04
      vertex   4.729233e-04 1.536621e-04 -5.226423e-05
      vertex   4.783864e-04 1.016842e-04 -1.039558e-04
    endloop
  endfacet
  facet normal 9.540657e-01 2.556411e-01 -1.562253e-01
    outer loop
      vertex   4.783864e-04 1.016842e-04 -1.039558e-04
      vertex   4.729233e-04 1.536621e-04 -5.226423e-05
      vertex   4.863946e-04 1.033864e-04 -5.226423e-05
    endloop
  endfacet
  facet normal 9.755610e-01 1.545137e-01 -1.562253e-01
    outer loop
      vertex   4.783864e-04 1.016842e-04 -1.039558e-04
      vertex   4.863946e-04 1.033864e-04 -5.226423e-05
      vertex   4.863946e-04 5.112213e-05 -1.039558e-04
    endloop
  endfacet
  facet normal 9.755610e-01 1.545137e-01 -1.562253e-01
    outer loop
      vertex   4.863946e-04 5.112213e-05 -1.039558e-04
      vertex   4.863946e-04 1.033864e-04 -5.226423e-05
      vertex   4.945369e-04 5.197792e-05 -5.226423e-05
    endloop
  endfacet
  facet normal 9.863678e-01 5.169335e-02 -1.562253e-01
    outer loop
      vertex   4.863946e-04 5.112213e-05 -1.039558e-04
      vertex   4.945369e-04 5.197792e-05 -5.226423e-05
      vertex   4.890738e-04 0.000000e+00 -1.039558e-04
    endloop
  endfacet
  facet normal 9.863678e-01 5.169335e-02 -1.562253e-01
    outer loop
      vertex   4.890738e-04 0.000000e+00 -1.039558e-04
      vertex   4.945369e-04 5.197792e-05 -5.226423e-05
      vertex   4.972609e-04 0.000000e+00 -5.226423e-05
    endloop
  endfacet
  facet normal 9.972647e-01 -5.226443e-02 -5.226443e-02
    outer loop
      vertex   4.972609e-04 0.000000e+00 -5.226423e-05
      vertex   5.000000e-04 0.000000e+00 0.000000e+00
      vertex   4.945369e-04 -5.197792e-05 -5.226423e-05
    endloop
  endfacet
  facet normal 9.972647e-01 -5.226443e-02 -5.226443e-02
    outer loop
      vertex   4.945369e-04 -5.197792e-05 -5.226423e-05
      vertex   5.000000e-04 0.000000e+00 0.000000e+00
      vertex   4.972609e-04 -5.226423e-05 0.000000e+00
    endloop
  endfacet
  facet normal 9.863384e-01 -1.562207e-01 -5.226443e-02
    outer loop
      vertex   4.945369e-04 -5.197792e-05 -5.226423e-05
      vertex   4.972609e-04 -5.226423e-05 0.000000e+00
      vertex   4.863946e-04 -1.033864e-04 -5.226423e-05
    endloop
  endfacet
  facet normal 9.863384e-01 -1.562207e-01 -5.226443e-02
    outer loop
      vertex   4.863946e-04 -1.033864e-04 -5.226423e-05
      vertex   4.972609e-04 -5.226423e-05 0.000000e+00
      vertex   4.890738e-04 -1.039558e-04 0.000000e+00
    endloop
  endfacet
  facet normal 9.646057e-01 -2.584653e-01 -5.226443e-02
    outer loop
      vertex   4.863946e-04 -1.033864e-04 -5.226423e-05
      vertex   4.890738e-04 -1.039558e-04 0.000000e+00
      vertex   4.729233e-04 -1.536621e-04 -5.226423e-05
    endloop
  endfacet
  facet normal 9.646057e-01 -2.584653e-01 -5.226443e-02
    outer loop
      vertex   4.729233e-04 -1.536621e-04 -5.226423e-05
      vertex   4.890738e-04 -1.039558e-04 0.000000e+00
      vertex   4.755283e-04 -1.545085e-04 0.000000e+00
    endloop
  endfacet
  facet normal 9.323045e-01 -3.578782e-01 -5.226443e-02
    outer loop
      vertex   4.729233e-04 -1.536621e-04 -5.226423e-05
      vertex   4.755283e-04 -1.545085e-04 0.000000e+00
      vertex   4.542705e-04 -2.022542e-04 -5.226423e-05
    endloop
  endfacet
  facet normal 9.323045e-01 -3.578782e-01 -5.226443e-02
    outer loop
      vertex   4.542705e-04 -2.022542e-04 -5.226423e-05
      vertex   4.755283e-04 -1.545085e-04 0.000000e+00
      vertex   4.567727e-04 -2.033683e-04 0.000000e+00
    endloop
  endfacet
  facet normal 8.897888e-01 -4.533700e-01 -5.226443e-02
    outer loop
      vertex   4.542705e-04 -2.022542e-04 -5.226423e-05
      vertex   4.567727e-04 -2.033683e-04 0.000000e+00
      vertex   4.306406e-04 -2.486305e-04 -5.226423e-05
    endloop
  endfacet
  facet normal 8.897888e-01 -4.533700e-01 -5.226443e-02
    outer loop
      vertex   4.306406e-04 -2.486305e-04 -5.226423e-05
      vertex   4.567727e-04 -2.033683e-04 0.000000e+00
      vertex   4.330127e-04 -2.500000e-04 0.000000e+00
    endloop
  endfacet
  facet normal 8.375243e-01 -5.438947e-01 -5.226443e-02
    outer loop
      vertex   4.306406e-04 -2.486305e-04 -5.226423e-05
      vertex   4.330127e-04 -2.500000e-04 0.000000e+00
      vertex   4.022926e-04 -2.922827e-04 -5.226423e-05
    endloop
  endfacet
  facet normal 8.375243e-01 -5.438947e-01 -5.226443e-02
    outer loop
      vertex   4.022926e-04 -2.922827e-04 -5.226423e-05
      vertex   4.330127e-04 -2.500000e-04 0.000000e+00
      vertex   4.045085e-04 -2.938926e-04 0.000000e+00
    endloop
  endfacet
  facet normal 7.760838e-01 -6.284603e-01 -5.226443e-02
    outer loop
      vertex   4.022926e-04 -2.922827e-04 -5.226423e-05
      vertex   4.045085e-04 -2.938926e-04 0.000000e+00
      vertex   3.695369e-04 -3.327325e-04 -5.226423e-05
    endloop
  endfacet
  facet normal 7.760838e-01 -6.284603e-01 -5.226443e-02
    outer loop
      vertex   3.695369e-04 -3.327325e-04 -5.226423e-05
      vertex   4.045085e-04 -2.938926e-04 0.000000e+00
      vertex   3.715724e-04 -3.345653e-04 0.000000e+00
    endloop
  endfacet
  facet normal 7.061404e-01 -7.061404e-01 -5.226443e-02
    outer loop
      vertex   3.695369e-04 -3.327325e-04 -5.226423e-05
      vertex   3.715724e-04 -3.345653e-04 0.000000e+00
      vertex   3.327325e-04 -3.695369e-04 -5.226423e-05
    endloop
  endfacet
  facet normal 7.061404e-01 -7.061404e-01 -5.226443e-02
    outer loop
      vertex   3.327325e-04 -3.695369e-04 -5.226423e-05
      vertex   3.715724e-04 -3.345653e-04 0.000000e+00
      vertex   3.345653e-04 -3.715724e-04 0.000000e+00
    endloop
  endfacet
  facet normal 6.284603e-01 -7.760838e-01 -5.226443e-02
    outer loop
      vertex   3.327325e-04 -3.695369e-04 -5.226423e-05
      vertex   3.345653e-04 -3.715724e-04 0.000000e+00
      vertex   2.922827e-04 -4.022926e-04 -5.226423e-05
    endloop
  endfacet
  facet normal 6.284603e-01 -7.760838e-01 -5.226443e-02
    outer loop
      vertex   2.922827e-04 -4.022926e-04 -5.226423e-05
      vertex   3.345653e-04 -3.715724e-04 0.000000e+00
      vertex   2.938926e-04 -4.045085e-04 0.000000e+00
    endloop
  endfacet
  facet normal 5.438947e-01 -8.375243e-01 -5.226443e-02
    outer loop
      vertex   2.922827e-04 -4.022926e-04 -5.226423e-05
      vertex   2.938926e-04 -4.045085e-04 0.000000e+00
      vertex   2.486305e-04 -4.306406e-04 -5.226423e-05
    endloop
  endfacet
  facet normal 5.438947e-01 -8.375243e-01 -5.226443e-02
    outer loop
      vertex   2.486305e-04 -4.306406e-04 -5.226423e-05
      vertex   2.938926e-04 -4.045085e-04 0.000000e+00
      vertex   2.500000e-04 -4.330127e-04 0.000000e+00
    endloop
  endfacet
  facet normal 4.533700e-01 -8.897888e-01 -5.226443e-02
    outer loop
      vertex   2.486305e-04 -4.306406e-04 -5.226423e-05
      vertex   2.500000e-04 -4.330127e-04 0.000000e+00
      vertex   2.022542e-04 -4.542705e-04 -5.226423e-05
    endloop
  endfacet
  facet normal 4.533700e-01 -8.897888e-01 -5.226443e-02
    outer loop
      vertex   2.022542e-04 -4.542705e-04 -5.226423e-05
      vertex   2.500000e-04 -4.330127e-04 0.000000e+00
      vertex   2.033683e-04 -4.567727e-04 0.000000e+00
    endloop
  endfacet
  facet normal 3.578782e-01 -9.323045e-01 -5.226443e-02
    outer loop
      vertex   2.022542e-04 -4.542705e-04 -5.226423e-05
      vertex   2.033683e-04 -4.567727e-04 0.000000e+00
      vertex   1.536621e-04 -4.729233e-04 -5.226423e-05
    endloop
  endfacet
  facet normal 3.578782e-01 -9.323045e-01 -5.226443e-02
    outer loop
      vertex   1.536621e-04 -4.729233e-04 -5.226423e-05
      vertex   2.033683e-04 -4.567727e-04 0.000000e+00
      vertex   1.545085e-04 -4.755283e-04 0.000000e+00
    endloop
  endfacet
  facet normal 2.584653e-01 -9.646057e-01 -5.226443e-02
    outer loop
      vertex   1.536621e-04 -4.729233e-04 -5.226423e-05
      vertex   1.545085e-04 -4.755283e-04 0.000000e+00
      vertex   1.033864e-04 -4.863946e-04 -5.226423e-05
    endloop
  endfacet
  facet normal 2.584653e-01 -9.646057e-01 -5.226443e-02
    outer loop
      vertex   1.033864e-04 -4.863946e-04 -5.226423e-05
      vertex   1.545085e-04 -4.755283e-04 0.000000e+00
      vertex   1.039558e-04 -4.890738e-04 0.000000e+00
    endloop
  endfacet
  facet normal 1.562207e-01 -9.863384e-01 -5.226443e-02
    outer loop
      vertex   1.033864e-04 -4.863946e-04 -5.226423e-05
      vertex   1.039558e-04 -4.890738e-04 0.000000e+00
      vertex   5.197792e-05 -4.945369e-04 -5.226423e-05
    endloop
  endfacet
  facet normal 1.562207e-01 -9.863384e-01 -5.226443e-02
    outer loop
      vertex   5.197792e-05 -4.945369e-04 -5.226423e-05
      vertex   1.039558e-04 -4.890738e-04 0.000000e+00
      vertex   5.226423e-05 -4.972609e-04 0.000000e+00
    endloop
  endfacet
  facet normal 5.226443e-02 -9.972647e-01 -5.226443e-02
    outer loop
      vertex   5.197792e-05 -4.945369e-04 -5.226423e-05
      vertex   5.226423e-05 -4.972609e-04 0.000000e+00
      vertex   3.044845e-20 -4.972609e-04 -5.226423e-05
    endloop
  endfacet
  facet normal 5.226443e-02 -9.972647e-01 -5.226443e-02
    outer loop
      vertex   3.044845e-20 -4.972609e-04 -5.226423e-05
      vertex   5.226423e-05 -4.972609e-04 0.000000e+00
      vertex   3.061617e-20 -5.000000e-04 0.000000e+00
    endloop
  endfacet
  facet normal -5.226443e-02 -9.972647e-01 -5.226443e-02
    outer loop
      vertex   3.044845e-20 -4.972609e-04 -5.226423e-05
      vertex   3.061617e-20 -5.000000e-04 0.000000e+00
      vertex   -5.197792e-05 -4.945369e-04 -5.226423e-05
    endloop
  endfacet
  facet normal -5.226443e-02 -9.972647e-01 -5.226443e-02
    outer loop
      vertex   -5.197792e-05 -4.945369e-04 -5.226423e-05
      vertex   3.061617e-20 -5.000000e-04 0.000000e+00
      vertex   -5.226423e-05 -4.972609e-04 0.000000e+00
    endloop
  endfacet
  facet normal -1.562207e-01 -9.863384e-01 -5.226443e-02
    outer loop
      vertex   -5.197792e-05 -4.945369e-04 -5.226423e-05
      vertex   -5.226423e-05 -4.972609e-04 0.000000e+00
      vertex   -1.033864e-04 -4.863946e-04 -5.226423e-05
    endloop
  endfacet
  facet normal -1.562207e-01 -9.863384e-01 -5.226443e-02
    outer loop
      vertex   -1.033864e-04 -4.863946e-04 -5.226423e-05
      vertex   -5.226423e-05 -4.972609e-04 0.000000e+00
      vertex   -1.039558e-04 -4.890738e-04 0.000000e+00
    endloop
  endfacet
  facet normal -2.584653e-01 -9.646057e-01 -5.226443e-02
    outer loop
      vertex   -1.033864e-04 -4.863946e-04 -5.226423e-05
      vertex   -1.039558e-04 -4.890738e-04 0.000000e+00
      vertex   -1.536621e-04 -4.729233e-04 -5.226423e-05
    endloop
  endfacet
  facet normal -2.584653e-01 -9.646057e-01 -5.226443e-02
    outer loop
      vertex   -1.536621e-04 -4.729233e-04 -5.226423e-05
      vertex   -1.039558e-04 -4.890738e-04 0.000000e+00
      vertex   -1.545085e-04 -4.755283e-04 0.000000e+00
    endloop
  endfacet
  facet normal -3.578782e-01 -9.323045e-01 -5.226443e-02
    outer loop
      vertex   -1.536621e-04 -4.729233e-04 -5.226423e-05
      vertex   -1.545085e-04 -4.755283e-04 0.000000e+00
      vertex   -2.022542e-04 -4.542705e-04 -5.226423e-05
    endloop
  endfacet
  facet normal -3.578782e-01 -9.323045e-01 -5.226443e-02
    outer loop
      vertex   -2.022542e-04 -4.542705e-04 -5.226423e-05
      vertex   -1.545085e-04 -4.755283e-04 0.000000e+00
      vertex   -2.033683e-04 -4.567727e-04 0.000000e+00
    endloop
  endfacet
  facet normal -4.533700e-01 -8.897888e-01 -5.226443e-02
    outer loop
      vertex   -2.022542e-04 -4.542705e-04 -5.226423e-05
      vertex   -2.033683e-04 -4.567727e-04 0.000000e+00
      vertex   -2.486305e-04 -4.306406e-04 -5.226423e-05
    endloop
  endfacet
  facet normal -4.533700e-01 -8.897888e-01 -5.226443e-02
    outer loop
      vertex   -2.486305e-04 -4.306406e-04 -5.226423e-05
      vertex   -2.033683e-04 -4.567727e-04 0.000000e+00
      vertex   -2.500000e-04 -4.330127e-04 0.000000e+00
    endloop
  endfacet
  facet normal -5.438947e-01 -8.375243e-01 -5.226443e-02
    outer loop
      vertex   -2.486305e-04 -4.306406e-04 -5.226423e-05
      vertex   -2.500000e-04 -4.330127e-04 0.000000e+00
      vertex   -2.922827e-04 -4.022926e-04 -5.226423e-05
    endloop
  endfacet
  facet normal -5.438947e-01 -8.375243e-01 -5.226443e-02
    outer loop
      vertex   -2.922827e-04 -4.022926e-04 -5.226423e-05
      vertex   -2.500000e-04 -4.330127e-04 0.000000e+00
      vertex   -2.938926e-04 -4.045085e-04 0.000000e+00
    endloop
  endfacet
  facet normal -6.284603e-01 -7.760838e-01 -5.226443e-02
    outer loop
      vertex   -2.922827e-04 -4.022926e-04 -5.226423e-05
      vertex   -2.938926e-04 -4.045085e-04 0.000000e+00
      vertex   -3.327325e-04 -3.695369e-04 -5.226423e-05
    endloop
  endfacet
  facet normal -6.284603e-01 -7.760838e-01 -5.226443e-02
    outer loop
      vertex   -3.327325e-04 -3.695369e-04 -5.226423e-05
      vertex   -2.938926e-04 -4.045085e-04 0.000000e+00
      vertex   -3.345653e-04 -3.715724e-04 0.000000e+00
    endloop
  endfacet
  facet normal -7.061404e-01 -7.061404e-01 -5.226443e-02
    outer loop
      vertex   -3.327325e-04 -3.695369e-04 -5.226423e-05
      vertex   -3.345653e-04 -3.715724e-04 0.000000e+00
      vertex   -3.695369e-04 -3.327325e-04 -5.226423e-05
    endloop
  endfacet
  facet normal -7.061404e-01 -7.061404e-01 -5.226443e-02
    outer loop
      vertex   -3.695369e-04 -3.327325e-04 -5.226423e-05
      vertex   -3.345653e-04 -3.715724e-04 0.000000e+00
      vertex   -3.715724e-04 -3.345653e-04 0.000000e+00
    endloop
  endfacet
  facet normal -7.760838e-01 -6.284603e-01 -5.226443e-02
    outer loop
      vertex   -3.695369e-04 -3.327325e-04 -5.226423e-05
      vertex   -3.715724e-04 -3.345653e-04 0.000000e+00
      vertex   -4.022926e-04 -2.922827e-04 -5.226423e-05
    endloop
  endfacet
  facet normal -7.760838e-01 -6.284603e-01 -5.226443e-02
    outer loop
      vertex   -4.022926e-04 -2.922827e-04 -5.226423e-05
      vertex   -3.715724e-04 -3.345653e-04 0.000000e+00
      vertex   -4.045085e-04 -2.938926e-04 0.000000e+00
    endloop
  endfacet
  facet normal -8.375243e-01 -5.438947e-01 -5.226443e-02
    outer loop
      vertex   -4.022926e-04 -2.922827e-04 -5.226423e-05
      vertex   -4.045085e-04 -2.938926e-04 0.000000e+00
      vertex   -4.306406e-04 -2.486305e-04 -5.226423e-05
    endloop
  endfacet
  facet normal -8.375243e-01 -5.438947e-01 -5.226443e-02
    outer loop
      vertex   -4.306406e-04 -2.486305e-04 -5.226423e-05
      vertex   -4.045085e-04 -2.938926e-04 0.000000e+00
      vertex   -4.330127e-04 -2.500000e-04 0.000000e+00
    endloop
  endfacet
  facet normal -8.897888e-01 -4.533700e-01 -5.226443e-02
    outer loop
      vertex   -4.306406e-04 -2.486305e-04 -5.226423e-05
      vertex   -4.330127e-04 -2.500000e-04 0.000000e+00
      vertex   -4.542705e-04 -2.022542e-04 -5.226423e-05
    endloop
  endfacet
  facet normal -8.897888e-01 -4.533700e-01 -5.226443e-02
    outer loop
      vertex   -4.542705e-04 -2.022542e-04 -5.226423e-05
      vertex   -4.330127e-04 -2.500000e-04 0.000000e+00
      vertex   -4.567727e-04 -2.033683e-04 0.000000e+00
    endloop
  endfacet
  facet normal -9.323045e-01 -3.578782e-01 -5.226443e-02
    outer loop
      vertex   -4.542705e-04 -2.022542e-04 -5.226423e-05
      vertex   -4.567727e-04 -2.033683e-04 0.000000e+00
      vertex   -4.729233e-04 -1.536621e-04 -5.226423e-05
    endloop
  endfacet
  facet normal -9.323045e-01 -3.578782e-01 -5.226443e-02
    outer loop
      vertex   -4.729233e-04 -1.536621e-04 -5.226423e-05
      vertex   -4.567727e-04 -2.033683e-04 0.000000e+00
      vertex   -4.755283e-04 -1.545085e-04 0.000000e+00
    endloop
  endfacet
  facet normal -9.646057e-01 -2.584653e-01 -5.226443e-02
    outer loop
      vertex   -4.729233e-04 -1.536621e-04 -5.226423e-05
      vertex   -4.755283e-04 -1.545085e-04 0.000000e+00
      vertex   -4.863946e-04 -1.033864e-04 -5.226423e-05
    endloop
  endfacet
  facet normal -9.646057e-01 -2.584653e-01 -5.226443e-02
    outer loop
      vertex   -4.863946e-04 -1.033864e-04 -5.226423e-05
      vertex   -4.755283e-04 -1.545085e-04 0.000000e+00
      vertex   -4.890738e-04 -1.039558e-04 0.000000e+00
    endloop
  endfacet
  facet normal -9.863384e-01 -1.562207e-01 -5.226443e-02
    outer loop
      vertex   -4.863946e-04 -1.033864e-04 -5.226423e-05
      vertex   -4.890738e-04 -1.039558e-04 0.000000e+00
      vertex   -4.945369e-04 -5.197792e-05 -5.226423e-05
    endloop
  endfacet
  facet normal -9.863384e-01 -1.562207e-01 -5.226443e-02
    outer loop
      vertex   -4.945369e-04 -5.197792e-05 -5.226423e-05
      vertex   -4.890738e-04 -1.039558e-04 0.000000e+00
      vertex   -4.972609e-04 -5.226423e-05 0.000000e+00
    endloop
  endfacet
  facet normal -9.972647e-01 -5.226443e-02 -5.226443e-02
    outer loop
      vertex   -4.945369e-04 -5.197792e-05 -5.226423e-05
      vertex   -4.972609e-04 -5.226423e-05 0.000000e+00
      vertex   -4.972609e-04 -6.089690e-20 -5.226423e-05
    endloop
  endfacet
  facet normal -9.972647e-01 -5.226443e-02 -5.226443e-02
    outer loop
      vertex   -4.972609e-04 -6.089690e-20 -5.226423e-05
      vertex   -4.972609e-04 -5.226423e-05 0.000000e+00
      vertex   -5.000000e-04 -6.123234e-20 0.000000e+00
    endloop
  endfacet
  facet normal -9.972647e-01 5.226443e-02 -5.226443e-02
    outer loop
      vertex   -4.972609e-04 -6.089690e-20 -5.226423e-05
      vertex   -5.000000e-04 -6.123234e-20 0.000000e+00
      vertex   -4.945369e-04 5.197792e-05 -5.226423e-05
    endloop
  endfacet
  facet normal -9.972647e-01 5.226443e-02 -5.226443e-02
    outer loop
      vertex   -4.945369e-04 5.197792e-05 -5.226423e-05
      vertex   -5.000000e-04 -6.123234e-20 0.000000e+00
      vertex   -4.972609e-04 5.226423e-05 0.000000e+00
    endloop
  endfacet
  facet normal -9.863384e-01 1.562207e-01 -5.226443e-02
    outer loop
      vertex   -4.945369e-04 5.197792e-05 -5.226423e-05
      vertex   -4.972609e-04 5.226423e-05 0.000000e+00
      vertex   -4.863946e-04 1.033864e-04 -5.226423e-05
    endloop
  endfacet
  facet normal -9.863384e-01 1.562207e-01 -5.226443e-02
    outer loop
      vertex   -4.863946e-04 1.033864e-04 -5.226423e-05
      vertex   -4.972609e-04 5.226423e-05 0.000000e+00
      vertex   -4.890738e-04 1.039558e-04 0.000000e+00
    endloop
  endfacet
  facet normal -9.646057e-01 2.584653e-01 -5.226443e-02
    outer loop
      vertex   -4.863946e-04 1.033864e-04 -5.226423e-05
      vertex   -4.890738e-04 1.039558e-04 0.000000e+00
      vertex   -4.729233e-04 1.536621e-04 -5.226423e-05
    endloop
  endfacet
  facet normal -9.646057e-01 2.584653e-01 -5.226443e-02
    outer loop
      vertex   -4.729233e-04 1.536621e-04 -5.226423e-05
      vertex   -4.890738e-04 1.039558e-04 0.000000e+00
      vertex   -4.755283e-04 1.545085e-04 0.000000e+00
    endloop
  endfacet
  facet normal -9.323045e-01 3.578782e-01 -5.226443e-02
    outer loop
      vertex   -4.729233e-04 1.536621e-04 -5.226423e-05
      vertex   -4.755283e-04 1.545085e-04 0.000000e+00
      vertex   -4.542705e-04 2.022542e-04 -5.226423e-05
    endloop
  endfacet
  facet normal -9.323045e-01 3.578782e-01 -5.226443e-02
    outer loop
      vertex   -4.542705e-04 2.022542e-04 -5.226423e-05
      vertex   -4.755283e-04 1.545085e-04 0.000000e+00
      vertex   -4.567727e-04 2.033683e-04 0.000000e+00
    endloop
  endfacet
  facet normal -8.897888e-01 4.533700e-01 -5.226443e-02
    outer loop
      vertex   -4.542705e-04 2.022542e-04 -5.226423e-05
      vertex   -4.567727e-04 2.033683e-04 0.000000e+00
      vertex   -4.306406e-04 2.486305e-04 -5.226423e-05
    endloop
  endfacet
  facet normal -8.897888e-01 4.533700e-01 -5.226443e-02
    outer loop
      vertex   -4.306406e-04 2.486305e-04 -5.226423e-05
      vertex   -4.567727e-04 2.033683e-04 0.000000e+00
      vertex   -4.330127e-04 2.500000e-04 0.000000e+00
    endloop
  endfacet
  facet normal -8.375243e-01 5.438947e-01 -5.226443e-02
    outer loop
      vertex   -4.306406e-04 2.486305e-04 -5.226423e-05
      vertex   -4.330127e-04 2.500000e-04 0.000000e+00
      vertex   -4.022926e-04 2.922827e-04 -5.226423e-05
    endloop
  endfacet
  facet normal -8.375243e-01 5.438947e-01 -5.226443e-02
    outer loop
      vertex   -4.022926e-04 2.922827e-04 -5.226423e-05
      vertex   -4.330127e-04 2.500000e-04 0.000000e+00
      vertex   -4.045085e-04 2.938926e-04 0.000000e+00
    endloop
  endfacet
  facet normal -7.760838e-01 6.284603e-01 -5.226443e-02
    outer loop
      vertex   -4.022926e-04 2.922827e-04 -5.226423e-05
      vertex   -4.045085e-04 2.938926e-04 0.000000e+00
      vertex   -3.695369e-04 3.327325e-04 -5.226423e-05
    endloop
  endfacet
  facet normal -7.760838e-01 6.284603e-01 -5.226443e-02
    outer loop
      vertex   -3.695369e-04 3.327325e-04 -5.226423e-05
      vertex   -4.045085e-04 2.938926e-04 0.000000e+00
      vertex   -3.715724e-04 3.345653e-04 0.000000e+00
    endloop
  endfacet
  facet normal -7.061404e-01 7.061404e-01 -5.226443e-02
    outer loop
      vertex   -3.695369e-04 3.327325e-04 -5.226423e-05
      vertex   -3.715724e-04 3.345653e-04 0.000000e+00
      vertex   -3.327325e-04 3.695369e-04 -5.226423e-05
    endloop
  endfacet
  facet normal -7.061404e-01 7.061404e-01 -5.226443e-02
    outer loop
      vertex   -3.327325e-04 3.695369e-04 -5.226423e-05
      vertex   -3.715724e-04 3.345653e-04 0.000000e+00
      vertex   -3.345653e-04 3.715724e-04 0.000000e+00
    endloop
  endfacet
  facet normal -6.284603e-01 7.760838e-01 -5.226443e-02
    outer loop
      vertex   -3.327325e-04 3.695369e-04 -5.226423e-05
      vertex   -3.345653e-04 3.715724e-04 0.000000e+00
      vertex   -2.922827e-04 4.022926e-04 -5.226423e-05
    endloop
  endfacet
  facet normal -6.284603e-01 7.760838e-01 -5.226443e-02
    outer loop
      vertex   -2.922827e-04 4.022926e-04 -5.226423e-05
      vertex   -3.345653e-04 3.715724e-04 0.000000e+00
      vertex   -2.938926e-04 4.045085e-04 0.000000e+00
    endloop
  endfacet
  facet normal -5.438947e-01 8.375243e-01 -5.226443e-02
    outer loop
      vertex   -2.922827e-04 4.022926e-04 -5.226423e-05
      vertex   -2.938926e-04 4.045085e-04 0.000000e+00
      vertex   -2.486305e-04 4.306406e-04 -5.226423e-05
    endloop
  endfacet
  facet normal -5.438947e-01 8.375243e-01 -5.226443e-02
    outer loop
      vertex   -2.486305e-04 4.306406e-04 -5.226423e-05
      vertex   -2.938926e-04 4.045085e-04 0.000000e+00
      vertex   -2.500000e-04 4.330127e-04 0.000000e+00
    endloop
  endfacet
  facet normal -4.533700e-01 8.897888e-01 -5.226443e-02
    outer loop
      vertex   -2.486305e-04 4.306406e-04 -5.226423e-05
      vertex   -2.500000e-04 4.330127e-04 0.000000e+00
      vertex   -2.022542e-04 4.542705e-04 -5.226423e-05
    endloop
  endfacet
  facet normal -4.533700e-01 8.897888e-01 -5.226443e-02
    outer loop
      vertex   -2.022542e-04 4.542705e-04 -5.226423e-05
      vertex   -2.500000e-04 4.330127e-04 0.000000e+00
      vertex   -2.033683e-04 4.567727e-04 0.000000e+00
    endloop
  endfacet
  facet normal -3.578782e-01 9.323045e-01 -5.226443e-02
    outer loop
      vertex   -2.022542e-04 4.542705e-04 -5.226423e-05
      vertex   -2.033683e-04 4.567727e-04 0.000000e+00
      vertex   -1.536621e-04 4.729233e-04 -5.226423e-05
    endloop
  endfacet
  facet normal -3.578782e-01 9.323045e-01 -5.226443e-02
    outer loop
      vertex   -1.536621e-04 4.729233e-04 -5.226423e-05
      vertex   -2.033683e-04 4.567727e-04 0.000000e+00
      vertex   -1.545085e-04 4.755283e-04 0.000000e+00
    endloop
  endfacet
  facet normal -2.584653e-01 9.646057e-01 -5.226443e-02
    outer loop
      vertex   -1.536621e-04 4.729233e-04 -5.226423e-05
      vertex   -1.545085e-04 4.755283e-04 0.000000e+00
      vertex   -1.033864e-04 4.863946e-04 -5.226423e-05
    endloop
  endfacet
  facet normal -2.584653e-01 9.646057e-01 -5.226443e-02
    outer loop
      vertex   -1.033864e-04 4.863946e-04 -5.226423e-05
      vertex   -1.545085e-04 4.755283e-04 0.000000e+00
      vertex   -1.039558e-04 4.890738e-04 0.000000e+00
    endloop
  endfacet
  facet normal -1.562207e-01 9.863384e-01 -5.226443e-02
    outer loop
      vertex   -1.033864e-04 4.863946e-04 -5.226423e-05
      vertex   -1.039558e-04 4.890738e-04 0.000000e+00
      vertex   -5.197792e-05 4.945369e-04 -5.226423e-05
    endloop
  endfacet
  facet normal -1.562207e-01 9.863384e-01 -5.226443e-02
    outer loop
      vertex   -5.197792e-05 4.945369e-04 -5.226423e-05
      vertex   -1.039558e-04 4.890738e-04 0.000000e+00
      vertex   -5.226423e-05 4.972609e-04 0.000000e+00
    endloop
  endfacet
  facet normal -5.226443e-02 9.972647e-01 -5.226443e-02
    outer loop
      vertex   -5.197792e-05 4.945369e-04 -5.226423e-05
      vertex   -5.226423e-05 4.972609e-04 0.000000e+00
      vertex   3.044845e-20 4.972609e-04 -5.226423e-05
    endloop
  endfacet
  facet normal -5.226443e-02 9.972647e-01 -5.226443e-02
    outer loop
      vertex   3.044845e-20 4.972609e-04 -5.226423e-05
      vertex   -5.226423e-05 4.972609e-04 0.000000e+00
      vertex   3.061617e-20 5.000000e-04 0.000000e+00
    endloop
  endfacet
  facet normal 5.226443e-02 9.972647e-01 -5.226443e-02
    outer loop
      vertex   3.044845e-20 4.972609e-04 -5.226423e-05
      vertex   3.061617e-20 5.000000e-04 0.000000e+00
      vertex   5.197792e-05 4.945369e-04 -5.226423e-05
    endloop
  endfacet
  facet normal 5.226443e-02 9.972647e-01 -5.226443e-02
    outer loop
      vertex   5.197792e-05 4.945369e-04 -5.226423e-05
      vertex   3.061617e-20 5.000000e-04 0.000000e+00
      vertex   5.226423e-05 4.972609e-04 0.000000e+00
    endloop
  endfacet
  facet normal 1.562207e-01 9.863384e-01 -5.226443e-02
    outer loop
      vertex   5.197792e-05 4.945369e-04 -5.226423e-05
      vertex   5.226423e-05 4.972609e-04 0.000000e+00
      vertex   1.033864e-04 4.863946e-04 -5.226423e-05
    endloop
  endfacet
  facet normal 1.562207e-01 9.863384e-01 -5.226443e-02
    outer loop
      vertex   1.033864e-04 4.863946e-04 -5.226423e-05
      vertex   5.226423e-05 4.972609e-04 0.000000e+00
      vertex   1.039558e-04 4.890738e-04 0.000000e+00
    endloop
  endfacet
  facet normal 2.584653e-01 9.646057e-01 -5.226443e-02
    outer loop
      vertex   1.033864e-04 4.863946e-04 -5.226423e-05
      vertex   1.039558e-04 4.890738e-04 0.000000e+00
      vertex   1.536621e-04 4.729233e-04 -5.226423e-05
    endloop
  endfacet
  facet normal 2.584653e-01 9.646057e-01 -5.226443e-02
    outer loop
      vertex   1.536621e-04 4.729233e-04 -5.226423e-05
      vertex   1.039558e-04 4.890738e-04 0.000000e+00
      vertex   1.545085e-04 4.755283e-04 0.000000e+00
    endloop
  endfacet
  facet normal 3.578782e-01 9.323045e-01 -5.226443e-02
    outer loop
      vertex   1.536621e-04 4.729233e-04 -5.226423e-05
      vertex   1.545085e-04 4.755283e-04 0.000000e+00
      vertex   2.022542e-04 4.542705e-04 -5.226423e-05
    endloop
  endfacet
  facet normal 3.578782e-01 9.323045e-01 -5.226443e-02
    outer loop
      vertex   2.022542e-04 4.542705e-04 -5.226423e-05
      vertex   1.545085e-04 4.755283e-04 0.000000e+00
      vertex   2.033683e-04 4.567727e-04 0.000000e+00
    endloop
  endfacet
  facet normal 4.533700e-01 8.897888e-01 -5.226443e-02
    outer loop
      vertex   2.022542e-04 4.542705e-04 -5.226423e-05
      vertex   2.033683e-04 4.567727e-04 0.000000e+00
      vertex   2.486305e-04 4.306406e-04 -5.226423e-05
    endloop
  endfacet
  facet normal 4.533700e-01 8.897888e-01 -5.226443e-02
    outer loop
      vertex   2.486305e-04 4.306406e-04 -5.226423e-05
      vertex   2.033683e-04 4.567727e-04 0.000000e+00
      vertex   2.500000e-04 4.330127e-04 0.000000e+00
    endloop
  endfacet
  facet normal 5.438947e-01 8.375243e-01 -5.226443e-02
    outer loop
      vertex   2.486305e-04 4.306406e-04 -5.226423e-05
      vertex   2.500000e-04 4.330127e-04 0.000000e+00
      vertex   2.922827e-04 4.022926e-04 -5.226423e-05
    endloop
  endfacet
  facet normal 5.438947e-01 8.375243e-01 -5.226443e-02
    outer loop
      vertex   2.922827e-04 4.022926e-04 -5.226423e-05
      vertex   2.500000e-04 4.330127e-04 0.000000e+00
      vertex   2.938926e-04 4.045085e-04 0.000000e+00
    endloop
  endfacet
  facet normal 6.284603e-01 7.760838e-01 -5.226443e-02
    outer loop
      vertex   2.922827e-04 4.022926e-04 -5.226423e-05
      vertex   2.938926e-04 4.045085e-04 0.000000e+00
      vertex   3.327325e-04 3.695369e-04 -5.226423e-05
    endloop
  endfacet
  facet normal 6.284603e-01 7.760838e-01 -5.226443e-02
    outer loop
      vertex   3.327325e-04 3.695369e-04 -5.226423e-05
      vertex   2.938926e-04 4.045085e-04 0.000000e+00
      vertex   3.345653e-04 3.715724e-04 0.000000e+00
    endloop
  endfacet
  facet normal 7.061404e-01 7.061404e-01 -5.226443e-02
    outer loop
      vertex   3.327325e-04 3.695369e-04 -5.226423e-05
      vertex   3.345653e-04 3.715724e-04 0.000000e+00
      vertex   3.695369e-04 3.327325e-04 -5.226423e-05
    endloop
  endfacet
  facet normal 7.061404e-01 7.061404e-01 -5.226443e-02
    outer loop
      vertex   3.695369e-04 3.327325e-04 -5.226423e-05
      vertex   3.345653e-04 3.715724e-04 0.000000e+00
      vertex   3.715724e-04 3.345653e-04 0.000000e+00
    endloop
  endfacet
  facet normal 7.760838e-01 6.284603e-01 -5.226443e-02
    outer loop
      vertex   3.695369e-04 3.327325e-04 -5.226423e-05
      vertex   3.715724e-04 3.345653e-04 0.000000e+00
      vertex   4.022926e-04 2.922827e-04 -5.226423e-05
    endloop
  endfacet
  facet normal 7.760838e-01 6.284603e-01 -5.226443e-02
    outer loop
      vertex   4.022926e-04 2.922827e-04 -5.226423e-05
      vertex   3.715724e-04 3.345653e-04 0.000000e+00
      vertex   4.045085e-04 2.938926e-04 0.000000e+00
    endloop
  endfacet
  facet normal 8.375243e-01 5.438947e-01 -5.226443e-02
    outer loop
      vertex   4.022926e-04 2.922827e-04 -5.226423e-05
      vertex   4.045085e-04 2.938926e-04 0.000000e+00
      vertex   4.306406e-04 2.486305e-04 -5.226423e-05
    endloop
  endfacet
  facet normal 8.375243e-01 5.438947e-01 -5.226443e-02
    outer loop
      vertex   4.306406e-04 2.486305e-04 -5.226423e-05
      vertex   4.045085e-04 2.938926e-04 0.000000e+00
      vertex   4.330127e-04 2.500000e-04 0.000000e+00
    endloop
  endfacet
  facet normal 8.897888e-01 4.533700e-01 -5.226443e-02
    outer loop
      vertex   4.306406e-04 2.486305e-04 -5.226423e-05
      vertex   4.330127e-04 2.500000e-04 0.000000e+00
      vertex   4.542705e-04 2.022542e-04 -5.226423e-05
    endloop
  endfacet
  facet normal 8.897888e-01 4.533700e-01 -5.226443e-02
    outer loop
      vertex   4.542705e-04 2.022542e-04 -5.226423e-05
      vertex   4.330127e-04 2.500000e-04 0.000000e+00
      vertex   4.567727e-04 2.033683e-04 0.000000e+00
    endloop
  endfacet
  facet normal 9.323045e-01 3.578782e-01 -5.226443e-02
    outer loop
      vertex   4.542705e-04 2.022542e-04 -5.226423e-05
      vertex   4.567727e-04 2.033683e-04 0.000000e+00
      vertex   4.729233e-04 1.536621e-04 -5.226423e-05
    endloop
  endfacet
  facet normal 9.323045e-01 3.578782e-01 -5.226443e-02
    outer loop
      vertex   4.729233e-04 1.536621e-04 -5.226423e-05
      vertex   4.567727e-04 2.033683e-04 0.000000e+00
      vertex   4.755283e-04 1.545085e-04 0.000000e+00
    endloop
  endfacet
  facet normal 9.646057e-01 2.584653e-01 -5.226443e-02
    outer loop
      vertex   4.729233e-04 1.536621e-04 -5.226423e-05
      vertex   4.755283e-04 1.545085e-04 0.000000e+00
      vertex   4.863946e-04 1.033864e-04 -5.226423e-05
    endloop
  endfacet
  facet normal 9.646057e-01 2.584653e-01 -5.226443e-02
    outer loop
      vertex   4.863946e-04 1.033864e-04 -5.226423e-05
      vertex   4.755283e-04 1.545085e-04 0.000000e+00
      vertex   4.890738e-04 1.039558e-04 0.000000e+00
    endloop
  endfacet
  facet normal 9.863384e-01 1.562207e-01 -5.226443e-02
    outer loop
      vertex   4.863946e-04 1.033864e-04 -5.226423e-05
      vertex   4.890738e-04 1.039558e-04 0.000000e+00
      vertex   4.945369e-04 5.197792e-05 -5.226423e-05
    endloop
  endfacet
  facet normal 9.863384e-01 1.562207e-01 -5.226443e-02
    outer loop
      vertex   4.945369e-04 5.197792e-05 -5.226423e-05
      vertex   4.890738e-04 1.039558e-04 0.000000e+00
      vertex   4.972609e-04 5.226423e-05 0.000000e+00
    endloop
  endfacet
  facet normal 9.972647e-01 5.226443e-02 -5.226443e-02
    outer loop
      vertex   4.945369e-04 5.197792e-05 -5.226423e-05
      vertex   4.972609e-04 5.226423e-05 0.000000e+00
      vertex   4.972609e-04 0.000000e+00 -5.226423e-05
    endloop
  endfacet
  facet normal 9.972647e-01 5.226443e-02 -5.226443e-02
    outer loop
      vertex   4.972609e-04 0.000000e+00 -5.226423e-05
      vertex   4.972609e-04 5.226423e-05 0.000000e+00
      vertex   5.000000e-04 0.000000e+00 0.000000e+00
    endloop
  endfacet
  facet normal 9.972647e-01 -5.226443e-02 5.226443e-02
    outer loop
      vertex   5.000000e-04 0.000000e+00 0.000000e+00
      vertex   4.972609e-04 0.000000e+00 5.226423e-05
      vertex   4.972609e-04 -5.226423e-05 0.000000e+00
    endloop
  endfacet
  facet normal 9.972647e-01 -5.226443e-02 5.226443e-02
    outer loop
      vertex   4.972609e-04 -5.226423e-05 0.000000e+00
      vertex   4.972609e-04 0.000000e+00 5.226423e-05
      vertex   4.945369e-04 -5.197792e-05 5.226423e-05
    endloop
  endfacet
  facet normal 9.863384e-01 -1.562207e-01 5.226443e-02
    outer loop
      vertex   4.972609e-04 -5.226423e-05 0.000000e+00
      vertex   4.945369e-04 -5.197792e-05 5.226423e-05
      vertex   4.890738e-04 -1.039558e-04 0.000000e+00
    endloop
  endfacet
  facet normal 9.863384e-01 -1.562207e-01 5.226443e-02
    outer loop
      vertex   4.890738e-04 -1.039558e-04 0.000000e+00
      vertex   4.945369e-04 -5.197792e-05 5.226423e-05
      vertex   4.863946e-04 -1.033864e-04 5.226423e-05
    endloop
  endfacet
  facet normal 9.646057e-01 -2.584653e-01 5.226443e-02
    outer loop
      vertex   4.890738e-04 -1.039558e-04 0.000000e+00
      vertex   4.863946e-04 -1.033864e-04 5.226423e-05
      vertex   4.755283e-04 -1.545085e-04 0.000000e+00
    endloop
  endfacet
  facet normal 9.646057e-01 -2.584653e-01 5.226443e-02
    outer loop
      vertex   4.755283e-04 -1.545085e-04 0.000000e+00
      vertex   4.863946e-04 -1.033864e-04 5.226423e-05
      vertex   4.729233e-04 -1.536621e-04 5.226423e-05
    endloop
  endfacet
  facet normal 9.323045e-01 -3.578782e-01 5.226443e-02
    outer loop
      vertex   4.755283e-04 -1.545085e-04 0.000000e+00
      vertex   4.729233e-04 -1.536621e-04 5.226423e-05
      vertex   4.567727e-04 -2.033683e-04 0.000000e+00
    endloop
  endfacet
  facet normal 9.323045e-01 -3.578782e-01 5.226443e-02
    outer loop
      vertex   4.567727e-04 -2.033683e-04 0.000000e+00
      vertex   4.729233e-04 -1.536621e-04 5.226423e-05
      vertex   4.542705e-04 -2.022542e-04 5.226423e-05
    endloop
  endfacet
  facet normal 8.897888e-01 -4.533700e-01 5.226443e-02
    outer loop
      vertex   4.567727e-04 -2.033683e-04 0.000000e+00
      vertex   4.542705e-04 -2.022542e-04 5.226423e-05
      vertex   4.330127e-04 -2.500000e-04 0.000000e+00
    endloop
  endfacet
  facet normal 8.897888e-01 -4.533700e-01 5.226443e-02
    outer loop
      vertex   4.330127e-04 -2.500000e-04 0.000000e+00
      vertex   4.542705e-04 -2.022542e-04 5.226423e-05
      vertex   4.306406e-04 -2.486305e-04 5.226423e-05
    endloop
  endfacet
  facet normal 8.375243e-01 -5.438947e-01 5.226443e-02
    outer loop
      vertex   4.330127e-04 -2.500000e-04 0.000000e+00
      vertex   4.306406e-04 -2.486305e-04 5.226423e-05
      vertex   4.045085e-04 -2.938926e-04 0.000000e+00
    endloop
  endfacet
  facet normal 8.375243e-01 -5.438947e-01 5.226443e-02
    outer loop
      vertex   4.045085e-04 -2.938926e-04 0.000000e+00
      vertex   4.306406e-04 -2.486305e-04 5.226423e-05
      vertex   4.022926e-04 -2.922827e-04 5.226423e-05
    endloop
  endfacet
  facet normal 7.760838e-01 -6.284603e-01 5.226443e-02
    outer loop
      vertex   4.045085e-04 -2.938926e-04 0.000000e+00
      vertex   4.022926e-04 -2.922827e-04 5.226423e-05
      vertex   3.715724e-04 -3.345653e-04 0.000000e+00
    endloop
  endfacet
  facet normal 7.760838e-01 -6.284603e-01 5.226443e-02
    outer loop
      vertex   3.715724e-04 -3.345653e-04 0.000000e+00
      vertex   4.022926e-04 -2.922827e-04 5.226423e-05
      vertex   3.695369e-04 -3.327325e-04 5.226423e-05
    endloop
  endfacet
  facet normal 7.061404e-01 -7.061404e-01 5.226443e-02
    outer loop
      vertex   3.715724e-04 -3.345653e-04 0.000000e+00
      vertex   3.695369e-04 -3.327325e-04 5.226423e-05
      vertex   3.345653e-04 -3.715724e-04 0.000000e+00
    endloop
  endfacet
  facet normal 7.061404e-01 -7.061404e-01 5.226443e-02
    outer loop
      vertex   3.345653e-04 -3.715724e-04 0.000000e+00
      vertex   3.695369e-04 -3.327325e-04 5.226423e-05
      vertex   3.327325e-04 -3.695369e-04 5.226423e-05
    endloop
  endfacet
  facet normal 6.284603e-01 -7.760838e-01 5.226443e-02
    outer loop
      vertex   3.345653e-04 -3.715724e-04 0.000000e+00
      vertex   3.327325e-04 -3.695369e-04 5.226423e-05
      vertex   2.938926e-04 -4.045085e-04 0.000000e+00
    endloop
  endfacet
  facet normal 6.284603e-01 -7.760838e-01 5.226443e-02
    outer loop
      vertex   2.938926e-04 -4.045085e-04 0.000000e+00
      vertex   3.327325e-04 -3.695369e-04 5.226423e-05
      vertex   2.922827e-04 -4.022926e-04 5.226423e-05
    endloop
  endfacet
  facet normal 5.438947e-01 -8.375243e-01 5.226443e-02
    outer loop
      vertex   2.938926e-04 -4.045085e-04 0.000000e+00
      vertex   2.922827e-04 -4.022926e-04 5.226423e-05
      vertex   2.500000e-04 -4.330127e-04 0.000000e+00
    endloop
  endfacet
  facet normal 5.438947e-01 -8.375243e-01 5.226443e-02
    outer loop
      vertex   2.500000e-04 -4.330127e-04 0.000000e+00
      vertex   2.922827e-04 -4.022926e-04 5.226423e-05
      vertex   2.486305e-04 -4.306406e-04 5.226423e-05
    endloop
  endfacet
  facet normal 4.533700e-01 -8.897888e-01 5.226443e-02
    outer loop
      vertex   2.500000e-04 -4.330127e-04 0.000000e+00
      vertex   2.486305e-04 -4.306406e-04 5.226423e-05
      vertex   2.033683e-04 -4.567727e-04 0.000000e+00
    endloop
  endfacet
  facet normal 4.533700e-01 -8.897888e-01 5.226443e-02
    outer loop
      vertex   2.033683e-04 -4.567727e-04 0.000000e+00
      vertex   2.486305e-04 -4.306406e-04 5.226423e-05
      vertex   2.022542e-04 -4.542705e-04 5.226423e-05
    endloop
  endfacet
  facet normal 3.578782e-01 -9.323045e-01 5.226443e-02
    outer loop
      vertex   2.033683e-04 -4.567727e-04 0.000000e+00
      vertex   2.022542e-04 -4.542705e-04 5.226423e-05
      vertex   1.545085e-04 -4.755283e-04 0.000000e+00
    endloop
  endfacet
  facet normal 3.578782e-01 -9.323045e-01 5.226443e-02
    outer loop
      vertex   1.545085e-04 -4.755283e-04 0.000000e+00
      vertex   2.022542e-04 -4.542705e-04 5.226423e-05
      vertex   1.536621e-04 -4.729233e-04 5.226423e-05
    endloop
  endfacet
  facet normal 2.584653e-01 -9.646057e-01 5.226443e-02
    outer loop
      vertex   1.545085e-04 -4.755283e-04 0.000000e+00
      vertex   1.536621e-04 -4.729233e-04 5.226423e-05
      vertex   1.039558e-04 -4.890738e-04 0.000000e+00
    endloop
  endfacet
  facet normal 2.584653e-01 -9.646057e-01 5.226443e-02
    outer loop
      vertex   1.039558e-04 -4.890738e-04 0.000000e+00
      vertex   1.536621e-04 -4.729233e-04 5.226423e-05
      vertex   1.033864e-04 -4.863946e-04 5.226423e-05
    endloop
  endfacet
  facet normal 1.562207e-01 -9.863384e-01 5.226443e-02
    outer loop
      vertex   1.039558e-04 -4.890738e-04 0.000000e+00
      vertex   1.033864e-04 -4.863946e-04 5.226423e-05
      vertex   5.226423e-05 -4.972609e-04 0.000000e+00
    endloop
  endfacet
  facet normal 1.562207e-01 -9.863384e-01 5.226443e-02
    outer loop
      vertex   5.226423e-05 -4.972609e-04 0.000000e+00
      vertex   1.033864e-04 -4.863946e-04 5.226423e-05
      vertex   5.197792e-05 -4.945369e-04 5.226423e-05
    endloop
  endfacet
  facet normal 5.226443e-02 -9.972647e-01 5.226443e-02
    outer loop
      vertex   5.226423e-05 -4.972609e-04 0.000000e+00
      vertex   5.197792e-05 -4.945369e-04 5.226423e-05
      vertex   3.061617e-20 -5.000000e-04 0.000000e+00
    endloop
  endfacet
  facet normal 5.226443e-02 -9.972647e-01 5.226443e-02
    outer loop
      vertex   3.061617e-20 -5.000000e-04 0.000000e+00
      vertex   5.197792e-05 -4.945369e-04 5.226423e-05
      vertex   3.044845e-20 -4.972609e-04 5.226423e-05
    endloop
  endfacet
  facet normal -5.226443e-02 -9.972647e-01 5.226443e-02
    outer loop
      vertex   3.061617e-20 -5.000000e-04 0.000000e+00
      vertex   3.044845e-20 -4.972609e-04 5.226423e-05
      vertex   -5.226423e-05 -4.972609e-04 0.000000e+00
    endloop
  endfacet
  facet normal -5.226443e-02 -9.972647e-01 5.226443e-02
    outer loop
      vertex   -5.226423e-05 -4.972609e-04 0.000000e+00
      vertex   3.044845e-20 -4.972609e-04 5.226423e-05
      vertex   -5.197792e-05 -4.945369e-04 5.226423e-05
    endloop
  endfacet
  facet normal -1.562207e-01 -9.863384e-01 5.226443e-02
    outer loop
      vertex   -5.226423e-05 -4.972609e-04 0.000000e+00
      vertex   -5.197792e-05 -4.945369e-04 5.226423e-05
      vertex   -1.039558e-04 -4.890738e-04 0.000000e+00
    endloop
  endfacet
  facet normal -1.562207e-01 -9.863384e-01 5.226443e-02
    outer loop
      vertex   -1.039558e-04 -4.890738e-04 0.000000e+00
      vertex   -5.197792e-05 -4.945369e-04 5.226423e-05
      vertex   -1.033864e-04 -4.863946e-04 5.226423e-05
    endloop
  endfacet
  facet normal -2.584653e-01 -9.646057e-01 5.226443e-02
    outer loop
      vertex   -1.039558e-04 -4.890738e-04 0.000000e+00
      vertex   -1.033864e-04 -4.863946e-04 5.226423e-05
      vertex   -1.545085e-04 -4.755283e-04 0.000000e+00
    endloop
  endfacet
  facet normal -2.584653e-01 -9.646057e-01 5.226443e-02
    outer loop
      vertex   -1.545085e-04 -4.755283e-04 0.000000e+00
      vertex   -1.033864e-04 -4.863946e-04 5.226423e-05
      vertex   -1.536621e-04 -4.729233e-04 5.226423e-05
    endloop
  endfacet
  facet normal -3.578782e-01 -9.323045e-01 5.226443e-02
    outer loop
      vertex   -1.545085e-04 -4.755283e-04 0.000000e+00
      vertex   -1.536621e-04 -4.729233e-04 5.226423e-05
      vertex   -2.033683e-04 -4.567727e-04 0.000000e+00
    endloop
  endfacet
  facet normal -3.578782e-01 -9.323045e-01 5.226443e-02
    outer loop
      vertex   -2.033683e-04 -4.567727e-04 0.000000e+00
      vertex   -1.536621e-04 -4.729233e-04 5.226423e-05
      vertex   -2.022542e-04 -4.542705e-04 5.226423e-05
    endloop
  endfacet
  facet normal -4.533700e-01 -8.897888e-01 5.226443e-02
    outer loop
      vertex   -2.033683e-04 -4.567727e-04 0.000000e+00
      vertex   -2.022542e-04 -4.542705e-04 5.226423e-05
      vertex   -2.500000e-04 -4.330127e-04 0.000000e+00
    endloop
  endfacet
  facet normal -4.533700e-01 -8.897888e-01 5.226443e-02
    outer loop
      vertex   -2.500000e-04 -4.330127e-04 0.000000e+00
      vertex   -2.022542e-04 -4.542705e-04 5.226423e-05
      vertex   -2.486305e-04 -4.306406e-04 5.226423e-05
    endloop
  endfacet
  facet normal -5.438947e-01 -8.375243e-01 5.226443e-02
    outer loop
      vertex   -2.500000e-04 -4.330127e-04 0.000000e+00
      vertex   -2.486305e-04 -4.306406e-04 5.226423e-05
      vertex   -2.938926e-04 -4.045085e-04 0.000000e+00
    endloop
  endfacet
  facet normal -5.438947e-01 -8.375243e-01 5.226443e-02
    outer loop
      vertex   -2.938926e-04 -4.045085e-04 0.000000e+00
      vertex   -2.486305e-04 -4.306406e-04 5.226423e-05
      vertex   -2.922827e-04 -4.022926e-04 5.226423e-05
    endloop
  endfacet
  facet normal -6.284603e-01 -7.760838e-01 5.226443e-02
    outer loop
      vertex   -2.938926e-04 -4.045085e-04 0.000000e+00
      vertex   -2.922827e-04 -4.022926e-04 5.226423e-05
      vertex   -3.345653e-04 -3.715724e-04 0.000000e+00
    endloop
  endfacet
  facet normal -6.284603e-01 -7.760838e-01 5.226443e-02
    outer loop
      vertex   -3.345653e-04 -3.715724e-04 0.000000e+00
      vertex   -2.922827e-04 -4.022926e-04 5.226423e-05
      vertex   -3.327325e-04 -3.695369e-04 5.226423e-05
    endloop
  endfacet
  facet normal -7.061404e-01 -7.061404e-01 5.226443e-02
    outer loop
      vertex   -3.345653e-04 -3.715724e-04 0.000000e+00
      vertex   -3.327325e-04 -3.695369e-04 5.226423e-05
      vertex   -3.715724e-04 -3.345653e-04 0.000000e+00
    endloop
  endfacet
  facet normal -7.061404e-01 -7.061404e-01 5.226443e-02
    outer loop
      vertex   -3.715724e-04 -3.345653e-04 0.000000e+00
      vertex   -3.327325e-04 -3.695369e-04 5.226423e-05
      vertex   -3.695369e-04 -3.327325e-04 5.226423e-05
    endloop
  endfacet
  facet normal -7.760838e-01 -6.284603e-01 5.226443e-02
    outer loop
      vertex   -3.715724e-04 -3.345653e-04 0.000000e+00
      vertex   -3.695369e-04 -3.327325e-04 5.226423e-05
      vertex   -4.045085e-04 -2.938926e-04 0.000000e+00
    endloop
  endfacet
  facet normal -7.760838e-01 -6.284603e-01 5.226443e-02
    outer loop
      vertex   -4.045085e-04 -2.938926e-04 0.000000e+00
      vertex   -3.695369e-04 -3.327325e-04 5.226423e-05
      vertex   -4.022926e-04 -2.922827e-04 5.226423e-05
    endloop
  endfacet
  facet normal -8.375243e-01 -5.438947e-01 5.226443e-02
    outer loop
      vertex   -4.045085e-04 -2.938926e-04 0.000000e+00
      vertex   -4.022926e-04 -2.922827e-04 5.226423e-05
      vertex   -4.330127e-04 -2.500000e-04 0.000000e+00
    endloop
  endfacet
  facet normal -8.375243e-01 -5.438947e-01 5.226443e-02
    outer loop
      vertex   -4.330127e-04 -2.500000e-04 0.000000e+00
      vertex   -4.022926e-04 -2.922827e-04 5.226423e-05
      vertex   -4.306406e-04 -2.486305e-04 5.226423e-05
    endloop
  endfacet
  facet normal -8.897888e-01 -4.533700e-01 5.226443e-02
    outer loop
      vertex   -4.330127e-04 -2.500000e-04 0.000000e+00
      vertex   -4.306406e-04 -2.486305e-04 5.226423e-05
      vertex   -4.567727e-04 -2.033683e-04 0.000000e+00
    endloop
  endfacet
  facet normal -8.897888e-01 -4.533700e-01 5.226443e-02
    outer loop
      vertex   -4.567727e-04 -2.033683e-04 0.000000e+00
      vertex   -4.306406e-04 -2.486305e-04 5.226423e-05
      vertex   -4.542705e-04 -2.022542e-04 5.226423e-05
    endloop
  endfacet
  facet normal -9.323045e-01 -3.578782e-01 5.226443e-02
    outer loop
      vertex   -4.567727e-04 -2.033683e-04 0.000000e+00
      vertex   -4.542705e-04 -2.022542e-04 5.226423e-05
      vertex   -4.755283e-04 -1.545085e-04 0.000000e+00
    endloop
  endfacet
  facet normal -9.323045e-01 -3.578782e-01 5.226443e-02
    outer loop
      vertex   -4.755283e-04 -1.545085e-04 0.000000e+00
      vertex   -4.542705e-04 -2.022542e-04 5.226423e-05
      vertex   -4.729233e-04 -1.536621e-04 5.226423e-05
    endloop
  endfacet
  facet normal -9.646057e-01 -2.584653e-01 5.226443e-02
    outer loop
      vertex   -4.755283e-04 -1.545085e-04 0.000000e+00
      vertex   -4.729233e-04 -1.536621e-04 5.226423e-05
      vertex   -4.890738e-04 -1.039558e-04 0.000000e+00
    endloop
  endfacet
  facet normal -9.646057e-01 -2.584653e-01 5.226443e-02
    outer loop
      vertex   -4.890738e-04 -1.039558e-04 0.000000e+00
      vertex   -4.729233e-04 -1.536621e-04 5.226423e-05
      vertex   -4.863946e-04 -1.033864e-04 5.226423e-05
    endloop
  endfacet
  facet normal -9.863384e-01 -1.562207e-01 5.226443e-02
    outer loop
      vertex   -4.890738e-04 -1.039558e-04 0.000000e+00
      vertex   -4.863946e-04 -1.033864e-04 5.226423e-05
      vertex   -4.972609e-04 -5.226423e-05 0.000000e+00
    endloop
  endfacet
  facet normal -9.863384e-01 -1.562207e-01 5.226443e-02
    outer loop
      vertex   -4.972609e-04 -5.226423e-05 0.000000e+00
      vertex   -4.863946e-04 -1.033864e-04 5.226423e-05
      vertex   -4.945369e-04 -5.197792e-05 5.226423e-05
    endloop
  endfacet
  facet normal -9.972647e-01 -5.226443e-02 5.226443e-02
    outer loop
      vertex   -4.972609e-04 -5.226423e-05 0.000000e+00
      vertex   -4.945369e-04 -5.197792e-05 5.226423e-05
      vertex   -5.000000e-04 -6.123234e-20 0.000000e+00
    endloop
  endfacet
  facet normal -9.972647e-01 -5.226443e-02 5.226443e-02
    outer loop
      vertex   -5.000000e-04 -6.123234e-20 0.000000e+00
      vertex   -4.945369e-04 -5.197792e-05 5.226423e-05
      vertex   -4.972609e-04 -6.089690e-20 5.226423e-05
    endloop
  endfacet
  facet normal -9.972647e-01 5.226443e-02 5.226443e-02
    outer loop
      vertex   -5.000000e-04 -6.123234e-20 0.000000e+00
      vertex   -4.972609e-04 -6.089690e-20 5.226423e-05
      vertex   -4.972609e-04 5.226423e-05 0.000000e+00
    endloop
  endfacet
  facet normal -9.972647e-01 5.226443e-02 5.226443e-02
    outer loop
      vertex   -4.972609e-04 5.226423e-05 0.000000e+00
      vertex   -4.972609e-04 -6.089690e-20 5.226423e-05
      vertex   -4.945369e-04 5.197792e-05 5.226423e-05
    endloop
  endfacet
  facet normal -9.863384e-01 1.562207e-01 5.226443e-02
    outer loop
      vertex   -4.972609e-04 5.226423e-05 0.000000e+00
      vertex   -4.945369e-04 5.197792e-05 5.226423e-05
      vertex   -4.890738e-04 1.039558e-04 0.000000e+00
    endloop
  endfacet
  facet normal -9.863384e-01 1.562207e-01 5.226443e-02
    outer loop
      vertex   -4.890738e-04 1.039558e-04 0.000000e+00
      vertex   -4.945369e-04 5.197792e-05 5.226423e-05
      vertex   -4.863946e-04 1.033864e-04 5.226423e-05
    endloop
  endfacet
  facet normal -9.646057e-01 2.584653e-01 5.226443e-02
    outer loop
      vertex   -4.890738e-04 1.039558e-04 0.000000e+00
      vertex   -4.863946e-04 1.033864e-04 5.226423e-05
      vertex   -4.755283e-04 1.545085e-04 0.000000e+00
    endloop
  endfacet
  facet normal -9.646057e-01 2.584653e-01 5.226443e-02
    outer loop
      vertex   -4.755283e-04 1.545085e-04 0.000000e+00
      vertex   -4.863946e-04 1.033864e-04 5.226423e-05
      vertex   -4.729233e-04 1.536621e-04 5.226423e-05
    endloop
  endfacet
  facet normal -9.323045e-01 3.578782e-01 5.226443e-02
    outer loop
      vertex   -4.755283e-04 1.545085e-04 0.000000e+00
      vertex   -4.729233e-04 1.536621e-04 5.226423e-05
      vertex   -4.567727e-04 2.033683e-04 0.000000e+00
    endloop
  endfacet
  facet normal -9.323045e-01 3.578782e-01 5.226443e-02
    outer loop
      vertex   -4.567727e-04 2.033683e-04 0.000000e+00
      vertex   -4.729233e-04 1.536621e-04 5.226423e-05
      vertex   -4.542705e-04 2.022542e-04 5.226423e-05
    endloop
  endfacet
  facet normal -8.897888e-01 4.533700e-01 5.226443e-02
    outer loop
      vertex   -4.567727e-04 2.033683e-04 0.000000e+00
      vertex   -4.542705e-04 2.022542e-04 5.226423e-05
      vertex   -4.330127e-04 2.500000e-04 0.000000e+00
    endloop
  endfacet
  facet normal -8.897888e-01 4.533700e-01 5.226443e-02
    outer loop
      vertex   -4.330127e-04 2.500000e-04 0.000000e+00
      vertex   -4.542705e-04 2.022542e-04 5.226423e-05
      vertex   -4.306406e-04 2.486305e-04 5.226423e-05
    endloop
  endfacet
  facet normal -8.375243e-01 5.438947e-01 5.226443e-02
    outer loop
      vertex   -4.330127e-04 2.500000e-04 0.000000e+00
      vertex   -4.306406e-04 2.486305e-04 5.226423e-05
      vertex   -4.045085e-04 2.938926e-04 0.000000e+00
    endloop
  endfacet
  facet normal -8.375243e-01 5.438947e-01 5.226443e-02
    outer loop
      vertex   -4.045085e-04 2.938926e-04 0.000000e+00
      vertex   -4.306406e-04 2.486305e-04 5.226423e-05
      vertex   -4.022926e-04 2.922827e-04 5.226423e-05
    endloop
  endfacet
  facet normal -7.760838e-01 6.284603e-01 5.226443e-02
    outer loop
      vertex   -4.045085e-04 2.938926e-04 0.000000e+00
      vertex   -4.022926e-04 2.922827e-04 5.226423e-05
      vertex   -3.715724e-04 3.345653e-04 0.000000e+00
    endloop
  endfacet
  facet normal -7.760838e-01 6.284603e-01 5.226443e-02
    outer loop
      vertex   -3.715724e-04 3.345653e-04 0.000000e+00
      vertex   -4.022926e-04 2.922827e-04 5.226423e-05
      vertex   -3.695369e-04 3.327325e-04 5.226423e-05
    endloop
  endfacet
  facet normal -7.061404e-01 7.061404e-01 5.226443e-02
    outer loop
      vertex   -3.715724e-04 3.345653e-04 0.000000e+00
      vertex   -3.695369e-04 3.327325e-04 5.226423e-05
      vertex   -3.345653e-04 3.715724e-04 0.000000e+00
    endloop
  endfacet
  facet normal -7.061404e-01 7.061404e-01 5.226443e-02
    outer loop
      vertex   -3.345653e-04 3.715724e-04 0.000000e+00
      vertex   -3.695369e-04 3.327325e-04 5.226423e-05
      vertex   -3.327325e-04 3.695369e-04 5.226423e-05
    endloop
  endfacet
  facet normal -6.284603e-01 7.760838e-01 5.226443e-02
    outer loop
      vertex   -3.345653e-04 3.715724e-04 0.000000e+00
      vertex   -3.327325e-04 3.695369e-04 5.226423e-05
      vertex   -2.938926e-04 4.045085e-04 0.000000e+00
    endloop
  endfacet
  facet normal -6.284603e-01 7.760838e-01 5.226443e-02
    outer loop
      vertex   -2.938926e-04 4.045085e-04 0.000000e+00
      vertex   -3.327325e-04 3.695369e-04 5.226423e-05
      vertex   -2.922827e-04 4.022926e-04 5.226423e-05
    endloop
  endfacet
  facet normal -5.438947e-01 8.375243e-01 5.226443e-02
    outer loop
      vertex   -2.938926e-04 4.045085e-04 0.000000e+00
      vertex   -2.922827e-04 4.022926e-04 5.226423e-05
      vertex   -2.500000e-04 4.330127e-04 0.000000e+00
    endloop
  endfacet
  facet normal -5.438947e-01 8.375243e-01 5.226443e-02
    outer loop
      vertex   -2.500000e-04 4.330127e-04 0.000000e+00
      vertex   -2.922827e-04 4.022926e-04 5.226423e-05
      vertex   -2.486305e-04 4.306406e-04 5.226423e-05
    endloop
  endfacet
  facet normal -4.533700e-01 8.897888e-01 5.226443e-02
    outer loop
      vertex   -2.500000e-04 4.330127e-04 0.000000e+00
      vertex   -2.486305e-04 4.306406e-04 5.226423e-05
      vertex   -2.033683e-04 4.567727e-04 0.000000e+00
    endloop
  endfacet
  facet normal -4.533700e-01 8.897888e-01 5.226443e-02
    outer loop
      vertex   -2.033683e-04 4.567727e-04 0.000000e+00
      vertex   -2.486305e-04 4.306406e-04 5.226423e-05
      vertex   -2.022542e-04 4.542705e-04 5.226423e-05
    endloop
  endfacet
  facet normal -3.578782e-01 9.323045e-01 5.226443e-02
    outer loop
      vertex   -2.033683e-04 4.567727e-04 0.000000e+00
      vertex   -2.022542e-04 4.542705e-04 5.226423e-05
      vertex   -1.545085e-04 4.755283e-04 0.000000e+00
    endloop
  endfacet
  facet normal -3.578782e-01 9.323045e-01 5.226443e-02
    outer loop
      vertex   -1.545085e-04 4.755283e-04 0.000000e+00
      vertex   -2.022542e-04 4.542705e-04 5.226423e-05
      vertex   -1.536621e-04 4.729233e-04 5.226423e-05
    endloop
  endfacet
  facet normal -2.584653e-01 9.646057e-01 5.226443e-02
    outer loop
      vertex   -1.545085e-04 4.755283e-04 0.000000e+00
      vertex   -1.536621e-04 4.729233e-04 5.226423e-05
      vertex   -1.039558e-04 4.890738e-04 0.000000e+00
    endloop
  endfacet
  facet normal -2.584653e-01 9.646057e-01 5.226443e-02
    outer loop
      vertex   -1.039558e-04 4.890738e-04 0.000000e+00
      vertex   -1.536621e-04 4.729233e-04 5.226423e-05
      vertex   -1.033864e-04 4.863946e-04 5.226423e-05
    endloop
  endfacet
  facet normal -1.562207e-01 9.863384e-01 5.226443e-02
    outer loop
      vertex   -1.039558e-04 4.890738e-04 0.000000e+00
      vertex   -1.033864e-04 4.863946e-04 5.226423e-05
      vertex   -5.226423e-05 4.972609e-04 0.000000e+00
    endloop
  endfacet
  facet normal -1.562207e-01 9.863384e-01 5.226443e-02
    outer loop
      vertex   -5.226423e-05 4.972609e-04 0.000000e+00
      vertex   -1.033864e-04 4.863946e-04 5.226423e-05
      vertex   -5.197792e-05 4.945369e-04 5.226423e-05
    endloop
  endfacet
  facet normal -5.226443e-02 9.972647e-01 5.226443e-02
    outer loop
      vertex   -5.226423e-05 4.972609e-04 0.000000e+00
      vertex   -5.197792e-05 4.945369e-04 5.226423e-05
      vertex   3.061617e-20 5.000000e-04 0.000000e+00
    endloop
  endfacet
  facet normal -5.226443e-02 9.972647e-01 5.226443e-02
    outer loop
      vertex   3.061617e-20 5.000000e-04 0.000000e+00
      vertex   -5.197792e-05 4.945369e-04 5.226423e-05
      vertex   3.044845e-20 4.972609e-04 5.226423e-05
    endloop
  endfacet
  facet normal 5.226443e-02 9.972647e-01 5.226443e-02
    outer loop
      vertex   3.061617e-20 5.000000e-04 0.000000e+00
      vertex   3.044845e-20 4.972609e-04 5.226423e-05
      vertex   5.226423e-05 4.972609e-04 0.000000e+00
    endloop
  endfacet
  facet normal 5.226443e-02 9.972647e-01 5.226443e-02
    outer loop
      vertex   5.226423e-05 4.972609e-04 0.000000e+00
      vertex   3.044845e-20 4.972609e-04 5.226423e-05
      vertex   5.197792e-05 4.945369e-04 5.226423e-05
    endloop
  endfacet
  facet normal 1.562207e-01 9.863384e-01 5.226443e-02
    outer loop
      vertex   5.226423e-05 4.972609e-04 0.000000e+00
      vertex   5.197792e-05 4.945369e-04 5.226423e-05
      vertex   1.039558e-04 4.890738e-04 0.000000e+00
    endloop
  endfacet
  facet normal 1.562207e-01 9.863384e-01 5.226443e-02
    outer loop
      vertex   1.039558e-04 4.890738e-04 0.000000e+00
      vertex   5.197792e-05 4.945369e-04 5.226423e-05
      vertex   1.033864e-04 4.863946e-04 5.226423e-05
    endloop
  endfacet
  facet normal 2.584653e-01 9.646057e-01 5.226443e-02
    outer loop
      vertex   1.039558e-04 4.890738e-04 0.000000e+00
      vertex   1.033864e-04 4.863946e-04 5.226423e-05
      vertex   1.545085e-04 4.755283e-04 0.000000e+00
    endloop
  endfacet
  facet normal 2.584653e-01 9.646057e-01 5.226443e-02
    outer loop
      vertex   1.545085e-04 4.755283e-04 0.000000e+00
      vertex   1.033864e-04 4.863946e-04 5.226423e-05
      vertex   1.536621e-04 4.729233e-04 5.226423e-05
    endloop
  endfacet
  facet normal 3.578782e-01 9.323045e-01 5.226443e-02
    outer loop
      vertex   1.545085e-04 4.755283e-04 0.000000e+00
      vertex   1.536621e-04 4.729233e-04 5.226423e-05
      vertex   2.033683e-04 4.567727e-04 0.000000e+00
    endloop
  endfacet
  facet normal 3.578782e-01 9.323045e-01 5.226443e-02
    outer loop
      vertex   2.033683e-04 4.567727e-04 0.000000e+00
      vertex   1.536621e-04 4.729233e-04 5.226423e-05
      vertex   2.022542e-04 4.542705e-04 5.226423e-05
    endloop
  endfacet
  facet normal 4.533700e-01 8.897888e-01 5.226443e-02
    outer loop
      vertex   2.033683e-04 4.567727e-04 0.000000e+00
      vertex   2.022542e-04 4.542705e-04 5.226423e-05
      vertex   2.500000e-04 4.330127e-04 0.000000e+00
    endloop
  endfacet
  facet normal 4.533700e-01 8.897888e-01 5.226443e-02
    outer loop
      vertex   2.500000e-04 4.330127e-04 0.000000e+00
      vertex   2.022542e-04 4.542705e-04 5.226423e-05
      vertex   2.486305e-04 4.306406e-04 5.226423e-05
    endloop
  endfacet
  facet normal 5.438947e-01 8.375243e-01 5.226443e-02
    outer loop
      vertex   2.500000e-04 4.330127e-04 0.000000e+00
      vertex   2.486305e-04 4.306406e-04 5.226423e-05
      vertex   2.938926e-04 4.045085e-04 0.000000e+00
    endloop
  endfacet
  facet normal 5.438947e-01 8.375243e-01 5.226443e-02
    outer loop
      vertex   2.938926e-04 4.045085e-04 0.000000e+00
      vertex   2.486305e-04 4.306406e-04 5.226423e-05
      vertex   2.922827e-04 4.022926e-04 5.226423e-05
    endloop
  endfacet
  facet normal 6.284603e-01 7.760838e-01 5.226443e-02
    outer loop
      vertex   2.938926e-04 4.045085e-04 0.000000e+00
      vertex   2.922827e-04 4.022926e-04 5.226423e-05
      vertex   3.345653e-04 3.715724e-04 0.000000e+00
    endloop
  endfacet
  facet normal 6.284603e-01 7.760838e-01 5.226443e-02
    outer loop
      vertex   3.345653e-04 3.715724e-04 0.000000e+00
      vertex   2.922827e-04 4.022926e-04 5.226423e-05
      vertex   3.327325e-04 3.695369e-04 5.226423e-05
    endloop
  endfacet
  facet normal 7.061404e-01 7.061404e-01 5.226443e-02
    outer loop
      vertex   3.345653e-04 3.715724e-04 0.000000e+00
      vertex   3.327325e-04 3.695369e-04 5.226423e-05
      vertex   3.715724e-04 3.345653e-04 0.000000e+00
    endloop
  endfacet
  facet normal 7.061404e-01 7.061404e-01 5.226443e-02
    outer loop
      vertex   3.715724e-04 3.345653e-04 0.000000e+00
      vertex   3.327325e-04 3.695369e-04 5.226423e-05
      vertex   3.695369e-04 3.327325e-04 5.226423e-05
    endloop
  endfacet
  facet normal 7.760838e-01 6.284603e-01 5.226443e-02
    outer loop
      vertex   3.715724e-04 3.345653e-04 0.000000e+00
      vertex   3.695369e-04 3.327325e-04 5.226423e-05
      vertex   4.045085e-04 2.938926e-04 0.000000e+00
    endloop
  endfacet
  facet normal 7.760838e-01 6.284603e-01 5.226443e-02
    outer loop
      vertex   4.045085e-04 2.938926e-04 0.000000e+00
      vertex   3.695369e-04 3.327325e-04 5.226423e-05
      vertex   4.022926e-04 2.922827e-04 5.226423e-05
    endloop
  endfacet
  facet normal 8.375243e-01 5.438947e-01 5.226443e-02
    outer loop
      vertex   4.045085e-04 2.938926e-04 0.000000e+00
      vertex   4.022926e-04 2.922827e-04 5.226423e-05
      vertex   4.330127e-04 2.500000e-04 0.000000e+00
    endloop
  endfacet
  facet normal 8.375243e-01 5.438947e-01 5.226443e-02
    outer loop
      vertex   4.330127e-04 2.500000e-04 0.000000e+00
      vertex   4.022926e-04 2.922827e-04 5.226423e-05
      vertex   4.306406e-04 2.486305e-04 5.226423e-05
    endloop
  endfacet
  facet normal 8.897888e-01 4.533700e-01 5.226443e-02
    outer loop
      vertex   4.330127e-04 2.500000e-04 0.000000e+00
      vertex   4.306406e-04 2.486305e-04 5.226423e-05
      vertex   4.567727e-04 2.033683e-04 0.000000e+00
    endloop
  endfacet
  facet normal 8.897888e-01 4.533700e-01 5.226443e-02
    outer loop
      vertex   4.567727e-04 2.033683e-04 0.000000e+00
      vertex   4.306406e-04 2.486305e-04 5.226423e-05
      vertex   4.542705e-04 2.022542e-04 5.226423e-05
    endloop
  endfacet
  facet normal 9.323045e-01 3.578782e-01 5.226443e-02
    outer loop
      vertex   4.567727e-04 2.033683e-04 0.000000e+00
      vertex   4.542705e-04 2.022542e-04 5.226423e-05
      vertex   4.755283e-04 1.545085e-04 0.000000e+00
    endloop
  endfacet
  facet normal 9.323045e-01 3.578782e-01 5.226443e-02
    outer loop
      vertex   4.755283e-04 1.545085e-04 0.000000e+00
      vertex   4.542705e-04 2.022542e-04 5.226423e-05
      vertex   4.729233e-04 1.536621e-04 5.226423e-05
    endloop
  endfacet
  facet normal 9.646057e-01 2.584653e-01 5.226443e-02
    outer loop
      vertex   4.755283e-04 1.545085e-04 0.000000e+00
      vertex   4.729233e-04 1.536621e-04 5.226423e-05
      vertex   4.890738e-04 1.039558e-04 0.000000e+00
    endloop
  endfacet
  facet normal 9.646057e-01 2.584653e-01 5.226443e-02
    outer loop
      vertex   4.890738e-04 1.039558e-04 0.000000e+00
      vertex   4.729233e-04 1.536621e-04 5.226423e-05
      vertex   4.863946e-04 1.033864e-04 5.226423e-05
    endloop
  endfacet
  facet normal 9.863384e-01 1.562207e-01 5.226443e-02
    outer loop
      vertex   4.890738e-04 1.039558e-04 0.000000e+00
      vertex   4.863946e-04 1.033864e-04 5.226423e-05
      vertex   4.972609e-04 5.226423e-05 0.000000e+00
    endloop
  endfacet
  facet normal 9.863384e-01 1.562207e-01 5.226443e-02
    outer loop
      vertex   4.972609e-04 5.226423e-05 0.000000e+00
      vertex   4.863946e-04 1.033864e-04 5.226423e-05
      vertex   4.945369e-04 5.197792e-05 5.226423e-05
    endloop
  endfacet
  facet normal 9.972647e-01 5.226443e-02 5.226443e-02
    outer loop
      vertex   4.972609e-04 5.226423e-05 0.000000e+00
      vertex   4.945369e-04 5.197792e-05 5.226423e-05
      vertex   5.000000e-04 0.000000e+00 0.000000e+00
    endloop
  endfacet
  facet normal 9.972647e-01 5.226443e-02 5.226443e-02
    outer loop
      vertex   5.000000e-04 0.000000e+00 0.000000e+00
      vertex   4.945369e-04 5.197792e-05 5.226423e-05
      vertex   4.972609e-04 0.000000e+00 5.226423e-05
    endloop
  endfacet
  facet normal 9.863678e-01 -5.169335e-02 1.562253e-01
    outer loop
      vertex   4.972609e-04 0.000000e+00 5.226423e-05
      vertex   4.890738e-04 0.000000e+00 1.039558e-04
      vertex   4.945369e-04 -5.197792e-05 5.226423e-05
    endloop
  endfacet
  facet normal 9.863678e-01 -5.169335e-02 1.562253e-01
    outer loop
      vertex   4.945369e-04 -5.197792e-05 5.226423e-05
      vertex   4.890738e-04 0.000000e+00 1.039558e-04
      vertex   4.863946e-04 -5.112213e-05 1.039558e-04
    endloop
  endfacet
  facet normal 9.755610e-01 -1.545137e-01 1.562253e-01
    outer loop
      vertex   4.945369e-04 -5.197792e-05 5.226423e-05
      vertex   4.863946e-04 -5.112213e-05 1.039558e-04
      vertex   4.863946e-04 -1.033864e-04 5.226423e-05
    endloop
  endfacet
  facet normal 9.755610e-01 -1.545137e-01 1.562253e-01
    outer loop
      vertex   4.863946e-04 -1.033864e-04 5.226423e-05
      vertex   4.863946e-04 -5.112213e-05 1.039558e-04
      vertex   4.783864e-04 -1.016842e-04 1.039558e-04
    endloop
  endfacet
  facet normal 9.540657e-01 -2.556411e-01 1.562253e-01
    outer loop
      vertex   4.863946e-04 -1.033864e-04 5.226423e-05
      vertex   4.783864e-04 -1.016842e-04 1.039558e-04
      vertex   4.729233e-04 -1.536621e-04 5.226423e-05
    endloop
  endfacet
  facet normal 9.540657e-01 -2.556411e-01 1.562253e-01
    outer loop
      vertex   4.729233e-04 -1.536621e-04 5.226423e-05
      vertex   4.783864e-04 -1.016842e-04 1.039558e-04
      vertex   4.651368e-04 -1.511321e-04 1.039558e-04
    endloop
  endfacet
  facet normal 9.221174e-01 -3.539677e-01 1.562253e-01
    outer loop
      vertex   4.729233e-04 -1.536621e-04 5.226423e-05
      vertex   4.651368e-04 -1.511321e-04 1.039558e-04
      vertex   4.542705e-04 -2.022542e-04 5.226423e-05
    endloop
  endfacet
  facet normal 9.221174e-01 -3.539677e-01 1.562253e-01
    outer loop
      vertex   4.542705e-04 -2.022542e-04 5.226423e-05
      vertex   4.651368e-04 -1.511321e-04 1.039558e-04
      vertex   4.467911e-04 -1.989242e-04 1.039558e-04
    endloop
  endfacet
  facet normal 8.800663e-01 -4.484162e-01 1.562253e-01
    outer loop
      vertex   4.542705e-04 -2.022542e-04 5.226423e-05
      vertex   4.467911e-04 -1.989242e-04 1.039558e-04
      vertex   4.306406e-04 -2.486305e-04 5.226423e-05
    endloop
  endfacet
  facet normal 8.800663e-01 -4.484162e-01 1.562253e-01
    outer loop
      vertex   4.306406e-04 -2.486305e-04 5.226423e-05
      vertex   4.467911e-04 -1.989242e-04 1.039558e-04
      vertex   4.235503e-04 -2.445369e-04 1.039558e-04
    endloop
  endfacet
  facet normal 8.283729e-01 -5.379517e-01 1.562253e-01
    outer loop
      vertex   4.306406e-04 -2.486305e-04 5.226423e-05
      vertex   4.235503e-04 -2.445369e-04 1.039558e-04
      vertex   4.022926e-04 -2.922827e-04 5.226423e-05
    endloop
  endfacet
  facet normal 8.283729e-01 -5.379517e-01 1.562253e-01
    outer loop
      vertex   4.022926e-04 -2.922827e-04 5.226423e-05
      vertex   4.235503e-04 -2.445369e-04 1.039558e-04
      vertex   3.956690e-04 -2.874704e-04 1.039558e-04
    endloop
  endfacet
  facet normal 7.676037e-01 -6.215932e-01 1.562253e-01
    outer loop
      vertex   4.022926e-04 -2.922827e-04 5.226423e-05
      vertex   3.956690e-04 -2.874704e-04 1.039558e-04
      vertex   3.695369e-04 -3.327325e-04 5.226423e-05
    endloop
  endfacet
  facet normal 7.676037e-01 -6.215932e-01 1.562253e-01
    outer loop
      vertex   3.695369e-04 -3.327325e-04 5.226423e-05
      vertex   3.956690e-04 -2.874704e-04 1.039558e-04
      vertex   3.634527e-04 -3.272542e-04 1.039558e-04
    endloop
  endfacet
  facet normal 6.984245e-01 -6.984245e-01 1.562253e-01
    outer loop
      vertex   3.695369e-04 -3.327325e-04 5.226423e-05
      vertex   3.634527e-04 -3.272542e-04 1.039558e-04
      vertex   3.327325e-04 -3.695369e-04 5.226423e-05
    endloop
  endfacet
  facet normal 6.984245e-01 -6.984245e-01 1.562253e-01
    outer loop
      vertex   3.327325e-04 -3.695369e-04 5.226423e-05
      vertex   3.634527e-04 -3.272542e-04 1.039558e-04
      vertex   3.272542e-04 -3.634527e-04 1.039558e-04
    endloop
  endfacet
  facet normal 6.215932e-01 -7.676037e-01 1.562253e-01
    outer loop
      vertex   3.327325e-04 -3.695369e-04 5.226423e-05
      vertex   3.272542e-04 -3.634527e-04 1.039558e-04
      vertex   2.922827e-04 -4.022926e-04 5.226423e-05
    endloop
  endfacet
  facet normal 6.215932e-01 -7.676037e-01 1.562253e-01
    outer loop
      vertex   2.922827e-04 -4.022926e-04 5.226423e-05
      vertex   3.272542e-04 -3.634527e-04 1.039558e-04
      vertex   2.874704e-04 -3.956690e-04 1.039558e-04
    endloop
  endfacet
  facet normal 5.379517e-01 -8.283729e-01 1.562253e-01
    outer loop
      vertex   2.922827e-04 -4.022926e-04 5.226423e-05
      vertex   2.874704e-04 -3.956690e-04 1.039558e-04
      vertex   2.486305e-04 -4.306406e-04 5.226423e-05
    endloop
  endfacet
  facet normal 5.379517e-01 -8.283729e-01 1.562253e-01
    outer loop
      vertex   2.486305e-04 -4.306406e-04 5.226423e-05
      vertex   2.874704e-04 -3.956690e-04 1.039558e-04
      vertex   2.445369e-04 -4.235503e-04 1.039558e-04
    endloop
  endfacet
  facet normal 4.484162e-01 -8.800663e-01 1.562253e-01
    outer loop
      vertex   2.486305e-04 -4.306406e-04 5.226423e-05
      vertex   2.445369e-04 -4.235503e-04 1.039558e-04
      vertex   2.022542e-04 -4.542705e-04 5.226423e-05
    endloop
  endfacet
  facet normal 4.484162e-01 -8.800663e-01 1.562253e-01
    outer loop
      vertex   2.022542e-04 -4.542705e-04 5.226423e-05
      vertex   2.445369e-04 -4.235503e-04 1.039558e-04
      vertex   1.989242e-04 -4.467911e-04 1.039558e-04
    endloop
  endfacet
  facet normal 3.539677e-01 -9.221174e-01 1.562253e-01
    outer loop
      vertex   2.022542e-04 -4.542705e-04 5.226423e-05
      vertex   1.989242e-04 -4.467911e-04 1.039558e-04
      vertex   1.536621e-04 -4.729233e-04 5.226423e-05
    endloop
  endfacet
  facet normal 3.539677e-01 -9.221174e-01 1.562253e-01
    outer loop
      vertex   1.536621e-04 -4.729233e-04 5.226423e-05
      vertex   1.989242e-04 -4.467911e-04 1.039558e-04
      vertex   1.511321e-04 -4.651368e-04 1.039558e-04
    endloop
  endfacet
  facet normal 2.556411e-01 -9.540657e-01 1.562253e-01
    outer loop
      vertex   1.536621e-04 -4.729233e-04 5.226423e-05
      vertex   1.511321e-04 -4.651368e-04 1.039558e-04
      vertex   1.033864e-04 -4.863946e-04 5.226423e-05
    endloop
  endfacet
  facet normal 2.556411e-01 -9.540657e-01 1.562253e-01
    outer loop
      vertex   1.033864e-04 -4.863946e-04 5.226423e-05
      vertex   1.511321e-04 -4.651368e-04 1.039558e-04
      vertex   1.016842e-04 -4.783864e-04 1.039558e-04
    endloop
  endfacet
  facet normal 1.545137e-01 -9.755610e-01 1.562253e-01
    outer loop
      vertex   1.033864e-04 -4.863946e-04 5.226423e-05
      vertex   1.016842e-04 -4.783864e-04 1.039558e-04
      vertex   5.197792e-05 -4.945369e-04 5.226423e-05
    endloop
  endfacet
  facet normal 1.545137e-01 -9.755610e-01 1.562253e-01
    outer loop
      vertex   5.197792e-05 -4.945369e-04 5.226423e-05
      vertex   1.016842e-04 -4.783864e-04 1.039558e-04
      vertex   5.112213e-05 -4.863946e-04 1.039558e-04
    endloop
  endfacet
  facet normal 5.169335e-02 -9.863678e-01 1.562253e-01
    outer loop
      vertex   5.197792e-05 -4.945369e-04 5.226423e-05
      vertex   5.112213e-05 -4.863946e-04 1.039558e-04
      vertex   3.044845e-20 -4.972609e-04 5.226423e-05
    endloop
  endfacet
  facet normal 5.169335e-02 -9.863678e-01 1.562253e-01
    outer loop
      vertex   3.044845e-20 -4.972609e-04 5.226423e-05
      vertex   5.112213e-05 -4.863946e-04 1.039558e-04
      vertex   2.994713e-20 -4.890738e-04 1.039558e-04
    endloop
  endfacet
  facet normal -5.169335e-02 -9.863678e-01 1.562253e-01
    outer loop
      vertex   3.044845e-20 -4.972609e-04 5.226423e-05
      vertex   2.994713e-20 -4.890738e-04 1.039558e-04
      vertex   -5.197792e-05 -4.945369e-04 5.226423e-05
    endloop
  endfacet
  facet normal -5.169335e-02 -9.863678e-01 1.562253e-01
    outer loop
      vertex   -5.197792e-05 -4.945369e-04 5.226423e-05
      vertex   2.994713e-20 -4.890738e-04 1.039558e-04
      vertex   -5.112213e-05 -4.863946e-04 1.039558e-04
    endloop
  endfacet
  facet normal -1.545137e-01 -9.755610e-01 1.562253e-01
    outer loop
      vertex   -5.197792e-05 -4.945369e-04 5.226423e-05
      vertex   -5.112213e-05 -4.863946e-04 1.039558e-04
      vertex   -1.033864e-04 -4.863946e-04 5.226423e-05
    endloop
  endfacet
  facet normal -1.545137e-01 -9.755610e-01 1.562253e-01
    outer loop
      vertex   -1.033864e-04 -4.863946e-04 5.226423e-05
      vertex   -5.112213e-05 -4.863946e-04 1.039558e-04
      vertex   -1.016842e-04 -4.783864e-04 1.039558e-04
    endloop
  endfacet
  facet normal -2.556411e-01 -9.540657e-01 1.562253e-01
    outer loop
      vertex   -1.033864e-04 -4.863946e-04 5.226423e-05
      vertex   -1.016842e-04 -4.783864e-04 1.039558e-04
      vertex   -1.536621e-04 -4.729233e-04 5.226423e-05
    endloop
  endfacet
  facet normal -2.556411e-01 -9.540657e-01 1.562253e-01
    outer loop
      vertex   -1.536621e-04 -4.729233e-04 5.226423e-05
      vertex   -1.016842e-04 -4.783864e-04 1.039558e-04
      vertex   -1.511321e-04 -4.651368e-04 1.039558e-04
    endloop
  endfacet
  facet normal -3.539677e-01 -9.221174e-01 1.562253e-01
    outer loop
      vertex   -1.536621e-04 -4.729233e-04 5.226423e-05
      vertex   -1.511321e-04 -4.651368e-04 1.039558e-04
      vertex   -2.022542e-04 -4.542705e-04 5.226423e-05
    endloop
  endfacet
  facet normal -3.539677e-01 -9.221174e-01 1.562253e-01
    outer loop
      vertex   -2.022542e-04 -4.542705e-04 5.226423e-05
      vertex   -1.511321e-04 -4.651368e-04 1.039558e-04
      vertex   -1.989242e-04 -4.467911e-04 1.039558e-04
    endloop
  endfacet
  facet normal -4.484162e-01 -8.800663e-01 1.562253e-01
    outer loop
      vertex   -2.022542e-04 -4.542705e-04 5.226423e-05
      vertex   -1.989242e-04 -4.467911e-04 1.039558e-04
      vertex   -2.486305e-04 -4.306406e-04 5.226423e-05
    endloop
  endfacet
  facet normal -4.484162e-01 -8.800663e-01 1.562253e-01
    outer loop
      vertex   -2.486305e-04 -4.306406e-04 5.226423e-05
      vertex   -1.989242e-04 -4.467911e-04 1.039558e-04
      vertex   -2.445369e-04 -4.235503e-04 1.039558e-04
    endloop
  endfacet
  facet normal -5.379517e-01 -8.283729e-01 1.562253e-01
    outer loop
      vertex   -2.486305e-04 -4.306406e-04 5.226423e-05
      vertex   -2.445369e-04 -4.235503e-04 1.039558e-04
      vertex   -2.922827e-04 -4.022926e-04 5.226423e-05
    endloop
  endfacet
  facet normal -5.379517e-01 -8.283729e-01 1.562253e-01
    outer loop
      vertex   -2.922827e-04 -4.022926e-04 5.226423e-05
      vertex   -2.445369e-04 -4.235503e-04 1.039558e-04
      vertex   -2.874704e-04 -3.956690e-04 1.039558e-04
    endloop
  endfacet
  facet normal -6.215932e-01 -7.676037e-01 1.562253e-01
    outer loop
      vertex   -2.922827e-04 -4.022926e-04 5.226423e-05
      vertex   -2.874704e-04 -3.956690e-04 1.039558e-04
      vertex   -3.327325e-04 -3.695369e-04 5.226423e-05
    endloop
  endfacet
  facet normal -6.215932e-01 -7.676037e-01 1.562253e-01
    outer loop
      vertex   -3.327325e-04 -3.695369e-04 5.226423e-05
      vertex   -2.874704e-04 -3.956690e-04 1.039558e-04
      vertex   -3.272542e-04 -3.634527e-04 1.039558e-04
    endloop
  endfacet
  facet normal -6.984245e-01 -6.984245e-01 1.562253e-01
    outer loop
      vertex   -3.327325e-04 -3.695369e-04 5.226423e-05
      vertex   -3.272542e-04 -3.634527e-04 1.039558e-04
      vertex   -3.695369e-04 -3.327325e-04 5.226423e-05
    endloop
  endfacet
  facet normal -6.984245e-01 -6.984245e-01 1.562253e-01
    outer loop
      vertex   -3.695369e-04 -3.327325e-04 5.226423e-05
      vertex   -3.272542e-04 -3.634527e-04 1.039558e-04
      vertex   -3.634527e-04 -3.272542e-04 1.039558e-04
    endloop
  endfacet
  facet normal -7.676037e-01 -6.215932e-01 1.562253e-01
    outer loop
      vertex   -3.695369e-04 -3.327325e-04 5.226423e-05
      vertex   -3.634527e-04 -3.272542e-04 1.039558e-04
      vertex   -4.022926e-04 -2.922827e-04 5.226423e-05
    endloop
  endfacet
  facet normal -7.676037e-01 -6.215932e-01 1.562253e-01
    outer loop
      vertex   -4.022926e-04 -2.922827e-04 5.226423e-05
      vertex   -3.634527e-04 -3.272542e-04 1.039558e-04
      vertex   -3.956690e-04 -2.874704e-04 1.039558e-04
    endloop
  endfacet
  facet normal -8.283729e-01 -5.379517e-01 1.562253e-01
    outer loop
      vertex   -4.022926e-04 -2.922827e-04 5.226423e-05
      vertex   -3.956690e-04 -2.874704e-04 1.039558e-04
      vertex   -4.306406e-04 -2.486305e-04 5.226423e-05
    endloop
  endfacet
  facet normal -8.283729e-01 -5.379517e-01 1.562253e-01
    outer loop
      vertex   -4.306406e-04 -2.486305e-04 5.226423e-05
      vertex   -3.956690e-04 -2.874704e-04 1.039558e-04
      vertex   -4.235503e-04 -2.445369e-04 1.039558e-04
    endloop
  endfacet
  facet normal -8.800663e-01 -4.484162e-01 1.562253e-01
    outer loop
      vertex   -4.306406e-04 -2.486305e-04 5.226423e-05
      vertex   -4.235503e-04 -2.445369e-04 1.039558e-04
      vertex   -4.542705e-04 -2.022542e-04 5.226423e-05
    endloop
  endfacet
  facet normal -8.800663e-01 -4.484162e-01 1.562253e-01
    outer loop
      vertex   -4.542705e-04 -2.022542e-04 5.226423e-05
      vertex   -4.235503e-04 -2.445369e-04 1.039558e-04
      vertex   -4.467911e-04 -1.989242e-04 1.039558e-04
    endloop
  endfacet
  facet normal -9.221174e-01 -3.539677e-01 1.562253e-01
    outer loop
      vertex   -4.542705e-04 -2.022542e-04 5.226423e-05
      vertex   -4.467911e-04 -1.989242e-04 1.039558e-04
      vertex   -4.729233e-04 -1.536621e-04 5.226423e-05
    endloop
  endfacet
  facet normal -9.221174e-01 -3.539677e-01 1.562253e-01
    outer loop
      vertex   -4.729233e-04 -1.536621e-04 5.226423e-05
      vertex   -4.467911e-04 -1.989242e-04 1.039558e-04
      vertex   -4.651368e-04 -1.511321e-04 1.039558e-04
    endloop
  endfacet
  facet normal -9.540657e-01 -2.556411e-01 1.562253e-01
    outer loop
      vertex   -4.729233e-04 -1.536621e-04 5.226423e-05
      vertex   -4.651368e-04 -1.511321e-04 1.039558e-04
      vertex   -4.863946e-04 -1.033864e-04 5.226423e-05
    endloop
  endfacet
  facet normal -9.540657e-01 -2.556411e-01 1.562253e-01
    outer loop
      vertex   -4.863946e-04 -1.033864e-04 5.226423e-05
      vertex   -4.651368e-04 -1.511321e-04 1.039558e-04
      vertex   -4.783864e-04 -1.016842e-04 1.039558e-04
    endloop
  endfacet
  facet normal -9.755610e-01 -1.545137e-01 1.562253e-01
    outer loop
      vertex   -4.863946e-04 -1.033864e-04 5.226423e-05
      vertex   -4.783864e-04 -1.016842e-04 1.039558e-04
      vertex   -4.945369e-04 -5.197792e-05 5.226423e-05
    endloop
  endfacet
  facet normal -9.755610e-01 -1.545137e-01 1.562253e-01
    outer loop
      vertex   -4.945369e-04 -5.197792e-05 5.226423e-05
      vertex   -4.783864e-04 -1.016842e-04 1.039558e-04
      vertex   -4.863946e-04 -5.112213e-05 1.039558e-04
    endloop
  endfacet
  facet normal -9.863678e-01 -5.169335e-02 1.562253e-01
    outer loop
      vertex   -4.945369e-04 -5.197792e-05 5.226423e-05
      vertex   -4.863946e-04 -5.112213e-05 1.039558e-04
      vertex   -4.972609e-04 -6.089690e-20 5.226423e-05
    endloop
  endfacet
  facet normal -9.863678e-01 -5.169335e-02 1.562253e-01
    outer loop
      vertex   -4.972609e-04 -6.089690e-20 5.226423e-05
      vertex   -4.863946e-04 -5.112213e-05 1.039558e-04
      vertex   -4.890738e-04 -5.989427e-20 1.039558e-04
    endloop
  endfacet
  facet normal -9.863678e-01 5.169335e-02 1.562253e-01
    outer loop
      vertex   -4.972609e-04 -6.089690e-20 5.226423e-05
      vertex   -4.890738e-04 -5.989427e-20 1.039558e-04
      vertex   -4.945369e-04 5.197792e-05 5.226423e-05
    endloop
  endfacet
  facet normal -9.863678e-01 5.169335e-02 1.562253e-01
    outer loop
      vertex   -4.945369e-04 5.197792e-05 5.226423e-05
      vertex   -4.890738e-04 -5.989427e-20 1.039558e-04
      vertex   -4.863946e-04 5.112213e-05 1.039558e-04
    endloop
  endfacet
  facet normal -9.755610e-01 1.545137e-01 1.562253e-01
    outer loop
      vertex   -4.945369e-04 5.197792e-05 5.226423e-05
      vertex   -4.863946e-04 5.112213e-05 1.039558e-04
      vertex   -4.863946e-04 1.033864e-04 5.226423e-05
    endloop
  endfacet
  facet normal -9.755610e-01 1.545137e-01 1.562253e-01
    outer loop
      vertex   -4.863946e-04 1.033864e-04 5.226423e-05
      vertex   -4.863946e-04 5.112213e-05 1.039558e-04
      vertex   -4.783864e-04 1.016842e-04 1.039558e-04
    endloop
  endfacet
  facet normal -9.540657e-01 2.556411e-01 1.562253e-01
    outer loop
      vertex   -4.863946e-04 1.033864e-04 5.226423e-05
      vertex   -4.783864e-04 1.016842e-04 1.039558e-04
      vertex   -4.729233e-04 1.536621e-04 5.226423e-05
    endloop
  endfacet
  facet normal -9.540657e-01 2.556411e-01 1.562253e-01
    outer loop
      vertex   -4.729233e-04 1.536621e-04 5.226423e-05
      vertex   -4.783864e-04 1.016842e-04 1.039558e-04
      vertex   -4.651368e-04 1.511321e-04 1.039558e-04
    endloop
  endfacet
  facet normal -9.221174e-01 3.539677e-01 1.562253e-01
    outer loop
      vertex   -4.729233e-04 1.536621e-04 5.226423e-05
      vertex   -4.651368e-04 1.511321e-04 1.039558e-04
      vertex   -4.542705e-04 2.022542e-04 5.226423e-05
    endloop
  endfacet
  facet normal -9.221174e-01 3.539677e-01 1.562253e-01
    outer loop
      vertex   -4.542705e-04 2.022542e-04 5.226423e-05
      vertex   -4.651368e-04 1.511321e-04 1.039558e-04
      vertex   -4.467911e-04 1.989242e-04 1.039558e-04
    endloop
  endfacet
  facet normal -8.800663e-01 4.484162e-01 1.562253e-01
    outer loop
      vertex   -4.542705e-04 2.022542e-04 5.226423e-05
      vertex   -4.467911e-04 1.989242e-04 1.039558e-04
      vertex   -4.306406e-04 2.486305e-04 5.226423e-05
    endloop
  endfacet
  facet normal -8.800663e-01 4.484162e-01 1.562253e-01
    outer loop
      vertex   -4.306406e-04 2.486305e-04 5.226423e-05
      vertex   -4.467911e-04 1.989242e-04 1.039558e-04
      vertex   -4.235503e-04 2.445369e-04 1.039558e-04
    endloop
  endfacet
  facet normal -8.283729e-01 5.379517e-01 1.562253e-01
    outer loop
      vertex   -4.306406e-04 2.486305e-04 5.226423e-05
      vertex   -4.235503e-04 2.445369e-04 1.039558e-04
      vertex   -4.022926e-04 2.922827e-04 5.226423e-05
    endloop
  endfacet
  facet normal -8.283729e-01 5.379517e-01 1.562253e-01
    outer loop
      vertex   -4.022926e-04 2.922827e-04 5.226423e-05
      vertex   -4.235503e-04 2.445369e-04 1.039558e-04
      vertex   -3.956690e-04 2.874704e-04 1.039558e-04
    endloop
  endfacet
  facet normal -7.676037e-01 6.215932e-01 1.562253e-01
    outer loop
      vertex   -4.022926e-04 2.922827e-04 5.226423e-05
      vertex   -3.956690e-04 2.874704e-04 1.039558e-04
      vertex   -3.695369e-04 3.327325e-04 5.226423e-05
    endloop
  endfacet
  facet normal -7.676037e-01 6.215932e-01 1.562253e-01
    outer loop
      vertex   -3.695369e-04 3.327325e-04 5.226423e-05
      vertex   -3.956690e-04 2.874704e-04 1.039558e-04
      vertex   -3.634527e-04 3.272542e-04 1.039558e-04
    endloop
  endfacet
  facet normal -6.984245e-01 6.984245e-01 1.562253e-01
    outer loop
      vertex   -3.695369e-04 3.327325e-04 5.226423e-05
      vertex   -3.634527e-04 3.272542e-04 1.039558e-04
      vertex   -3.327325e-04 3.695369e-04 5.226423e-05
    endloop
  endfacet
  facet normal -6.984245e-01 6.984245e-01 1.562253e-01
    outer loop
      vertex   -3.327325e-04 3.695369e-04 5.226423e-05
      vertex   -3.634527e-04 3.272542e-04 1.039558e-04
      vertex   -3.272542e-04 3.634527e-04 1.039558e-04
    endloop
  endfacet
  facet normal -6.215932e-01 7.676037e-01 1.562253e-01
    outer loop
      vertex   -3.327325e-04 3.695369e-04 5.226423e-05
      vertex   -3.272542e-04 3.634527e-04 1.039558e-04
      vertex   -2.922827e-04 4.022926e-04 5.226423e-05
    endloop
  endfacet
  facet normal -6.215932e-01 7.676037e-01 1.562253e-01
    outer loop
      vertex   -2.922827e-04 4.022926e-04 5.226423e-05
      vertex   -3.272542e-04 3.634527e-04 1.039558e-04
      vertex   -2.874704e-04 3.956690e-04 1.039558e-04
    endloop
  endfacet
  facet normal -5.379517e-01 8.283729e-01 1.562253e-01
    outer loop
      vertex   -2.922827e-04 4.022926e-04 5.226423e-05
      vertex   -2.874704e-04 3.956690e-04 1.039558e-04
      vertex   -2.486305e-04 4.306406e-04 5.226423e-05
    endloop
  endfacet
  facet normal -5.379517e-01 8.283729e-01 1.562253e-01
    outer loop
      vertex   -2.486305e-04 4.306406e-04 5.226423e-05
      vertex   -2.874704e-04 3.956690e-04 1.039558e-04
      vertex   -2.445369e-04 4.235503e-04 1.039558e-04
    endloop
  endfacet
  facet normal -4.484162e-01 8.800663e-01 1.562253e-01
    outer loop
      vertex   -2.486305e-04 4.306406e-04 5.226423e-05
      vertex   -2.445369e-04 4.235503e-04 1.039558e-04
      vertex   -2.022542e-04 4.542705e-04 5.226423e-05
    endloop
  endfacet
  facet normal -4.484162e-01 8.800663e-01 1.562253e-01
    outer loop
      vertex   -2.022542e-04 4.542705e-04 5.226423e-05
      vertex   -2.445369e-04 4.235503e-04 1.039558e-04
      vertex   -1.989242e-04 4.467911e-04 1.039558e-04
    endloop
  endfacet
  facet normal -3.539677e-01 9.221174e-01 1.562253e-01
    outer loop
      vertex   -2.022542e-04 4.542705e-04 5.226423e-05
      vertex   -1.989242e-04 4.467911e-04 1.039558e-04
      vertex   -1.536621e-04 4.729233e-04 5.226423e-05
    endloop
  endfacet
  facet normal -3.539677e-01 9.221174e-01 1.562253e-01
    outer loop
      vertex   -1.536621e-04 4.729233e-04 5.226423e-05
      vertex   -1.989242e-04 4.467911e-04 1.039558e-04
      vertex   -1.511321e-04 4.651368e-04 1.039558e-04
    endloop
  endfacet
  facet normal -2.556411e-01 9.540657e-01 1.562253e-01
    outer loop
      vertex   -1.536621e-04 4.729233e-04 5.226423e-05
      vertex   -1.511321e-04 4.651368e-04 1.039558e-04
      vertex   -1.033864e-04 4.863946e-04 5.226423e-05
    endloop
  endfacet
  facet normal -2.556411e-01 9.540657e-01 1.562253e-01
    outer loop
      vertex   -1.033864e-04 4.863946e-04 5.226423e-05
      vertex   -1.511321e-04 4.651368e-04 1.039558e-04
      vertex   -1.016842e-04 4.783864e-04 1.039558e-04
    endloop
  endfacet
  facet normal -1.545137e-01 9.755610e-01 1.562253e-01
    outer loop
      vertex   -1.033864e-04 4.863946e-04 5.226423e-05
      vertex   -1.016842e-04 4.783864e-04 1.039558e-04
      vertex   -5.197792e-05 4.945369e-04 5.226423e-05
    endloop
  endfacet
  facet normal -1.545137e-01 9.755610e-01 1.562253e-01
    outer loop
      vertex   -5.197792e-05 4.945369e-04 5.226423e-05
      vertex   -1.016842e-04 4.783864e-04 1.039558e-04
      vertex   -5.112213e-05 4.863946e-04 1.039558e-04
    endloop
  endfacet
  facet normal -5.169335e-02 9.863678e-01 1.562253e-01
    outer loop
      vertex   -5.197792e-05 4.945369e-04 5.226423e-05
      vertex   -5.112213e-05 4.863946e-04 1.039558e-04
      vertex   3.044845e-20 4.972609e-04 5.226423e-05
    endloop
  endfacet
  facet normal -5.169335e-02 9.863678e-01 1.562253e-01
    outer loop
      vertex   3.044845e-20 4.972609e-04 5.226423e-05
      vertex   -5.112213e-05 4.863946e-04 1.039558e-04
      vertex   2.994713e-20 4.890738e-04 1.039558e-04
    endloop
  endfacet
  facet normal 5.169335e-02 9.863678e-01 1.562253e-01
    outer loop
      vertex   3.044845e-20 4.972609e-04 5.226423e-05
      vertex   2.994713e-20 4.890738e-04 1.039558e-04
      vertex   5.197792e-05 4.945369e-04 5.226423e-05
    endloop
  endfacet
  facet normal 5.169335e-02 9.863678e-01 1.562253e-01
    outer loop
      vertex   5.197792e-05 4.945369e-04 5.226423e-05
      vertex   2.994713e-20 4.890738e-04 1.039558e-04
      vertex   5.112213e-05 4.863946e-04 1.039558e-04
    endloop
  endfacet
  facet normal 1.545137e-01 9.755610e-01 1.562253e-01
    outer loop
      vertex   5.197792e-05 4.945369e-04 5.226423e-05
      vertex   5.112213e-05 4.863946e-04 1.039558e-04
      vertex   1.033864e-04 4.863946e-04 5.226423e-05
    endloop
  endfacet
  facet normal 1.545137e-01 9.755610e-01 1.562253e-01
    outer loop
      vertex   1.033864e-04 4.863946e-04 5.226423e-05
      vertex   5.112213e-05 4.863946e-04 1.039558e-04
      vertex   1.016842e-04 4.783864e-04 1.039558e-04
    endloop
  endfacet
  facet normal 2.556411e-01 9.540657e-01 1.562253e-01
    outer loop
      vertex   1.033864e-04 4.863946e-04 5.226423e-05
      vertex   1.016842e-04 4.783864e-04 1.039558e-04
      vertex   1.536621e-04 4.729233e-04 5.226423e-05
    endloop
  endfacet
  facet normal 2.556411e-01 9.540657e-01 1.562253e-01
    outer loop
      vertex   1.536621e-04 4.729233e-04 5.226423e-05
      vertex   1.016842e-04 4.783864e-04 1.039558e-04
      vertex   1.511321e-04 4.651368e-04 1.039558e-04
    endloop
  endfacet
  facet normal 3.539677e-01 9.221174e-01 1.562253e-01
    outer loop
      vertex   1.536621e-04 4.729233e-04 5.226423e-05
      vertex   1.511321e-04 4.651368e-04 1.039558e-04
      vertex   2.022542e-04 4.542705e-04 5.226423e-05
    endloop
  endfacet
  facet normal 3.539677e-01 9.221174e-01 1.562253e-01
    outer loop
      vertex   2.022542e-04 4.542705e-04 5.226423e-05
      vertex   1.511321e-04 4.651368e-04 1.039558e-04
      vertex   1.989242e-04 4.467911e-04 1.039558e-04
    endloop
  endfacet
  facet normal 4.484162e-01 8.800663e-01 1.562253e-01
    outer loop
      vertex   2.022542e-04 4.542705e-04 5.226423e-05
      vertex   1.989242e-04 4.467911e-04 1.039558e-04
      vertex   2.486305e-04 4.306406e-04 5.226423e-05
    endloop
  endfacet
  facet normal 4.484162e-01 8.800663e-01 1.562253e-01
    outer loop
      vertex   2.486305e-04 4.306406e-04 5.226423e-05
      vertex   1.989242e-04 4.467911e-04 1.039558e-04
      vertex   2.445369e-04 4.235503e-04 1.039558e-04
    endloop
  endfacet
  facet normal 5.379517e-01 8.283729e-01 1.562253e-01
    outer loop
      vertex   2.486305e-04 4.306406e-04 5.226423e-05
      vertex   2.445369e-04 4.235503e-04 1.039558e-04
      vertex   2.922827e-04 4.022926e-04 5.226423e-05
    endloop
  endfacet
  facet normal 5.379517e-01 8.283729e-01 1.562253e-01
    outer loop
      vertex   2.922827e-04 4.022926e-04 5.226423e-05
      vertex   2.445369e-04 4.235503e-04 1.039558e-04
      vertex   2.874704e-04 3.956690e-04 1.039558e-04
    endloop
  endfacet
  facet normal 6.215932e-01 7.676037e-01 1.562253e-01
    outer loop
      vertex   2.922827e-04 4.022926e-04 5.226423e-05
      vertex   2.874704e-04 3.956690e-04 1.039558e-04
      vertex   3.327325e-04 3.695369e-04 5.226423e-05
    endloop
  endfacet
  facet normal 6.215932e-01 7.676037e-01 1.562253e-01
    outer loop
      vertex   3.327325e-04 3.695369e-04 5.226423e-05
      vertex   2.874704e-04 3.956690e-04 1.039558e-04
      vertex   3.272542e-04 3.634527e-04 1.039558e-04
    endloop
  endfacet
  facet normal 6.984245e-01 6.984245e-01 1.562253e-01
    outer loop
      vertex   3.327325e-04 3.695369e-04 5.226423e-05
      vertex   3.272542e-04 3.634527e-04 1.039558e-04
      vertex   3.695369e-04 3.327325e-04 5.226423e-05
    endloop
  endfacet
  facet normal 6.984245e-01 6.984245e-01 1.562253e-01
    outer loop
      vertex   3.695369e-04 3.327325e-04 5.226423e-05
      vertex   3.272542e-04 3.634527e-04 1.039558e-04
      vertex   3.634527e-04 3.272542e-04 1.039558e-04
    endloop
  endfacet
  facet normal 7.676037e-01 6.215932e-01 1.562253e-01
    outer loop
      vertex   3.695369e-04 3.327325e-04 5.226423e-05
      vertex   3.634527e-04 3.272542e-04 1.039558e-04
      vertex   4.022926e-04 2.922827e-04 5.226423e-05
    endloop
  endfacet
  facet normal 7.676037e-01 6.215932e-01 1.562253e-01
    outer loop
      vertex   4.022926e-04 2.922827e-04 5.226423e-05
      vertex   3.634527e-04 3.272542e-04 1.039558e-04
      vertex   3.956690e-04 2.874704e-04 1.039558e-04
    endloop
  endfacet
  facet normal 8.283729e-01 5.379517e-01 1.562253e-01
    outer loop
      vertex   4.022926e-04 2.922827e-04 5.226423e-05
      vertex   3.956690e-04 2.874704e-04 1.039558e-04
      vertex   4.306406e-04 2.486305e-04 5.226423e-05
    endloop
  endfacet
  facet normal 8.283729e-01 5.379517e-01 1.562253e-01
    outer loop
      vertex   4.306406e-04 2.486305e-04 5.226423e-05
      vertex   3.956690e-04 2.874704e-04 1.039558e-04
      vertex   4.235503e-04 2.445369e-04 1.039558e-04
    endloop
  endfacet
  facet normal 8.800663e-01 4.484162e-01 1.562253e-01
    outer loop
      vertex   4.306406e-04 2.486305e-04 5.226423e-05
      vertex   4.235503e-04 2.445369e-04 1.039558e-04
      vertex   4.542705e-04 2.022542e-04 5.226423e-05
    endloop
  endfacet
  facet normal 8.800663e-01 4.484162e-01 1.562253e-01
    outer loop
      vertex   4.542705e-04 2.022542e-04 5.226423e-05
      vertex   4.235503e-04 2.445369e-04 1.039558e-04
      vertex   4.467911e-04 1.989242e-04 1.039558e-04
    endloop
  endfacet
  facet normal 9.221174e-01 3.539677e-01 1.562253e-01
    outer loop
      vertex   4.542705e-04 2.022542e-04 5.226423e-05
      vertex   4.467911e-04 1.989242e-04 1.039558e-04
      vertex   4.729233e-04 1.536621e-04 5.226423e-05
    endloop
  endfacet
  facet normal 9.221174e-01 3.539677e-01 1.562253e-01
    outer loop
      vertex   4.729233e-04 1.536621e-04 5.226423e-05
      vertex   4.467911e-04 1.989242e-04 1.039558e-04
      vertex   4.651368e-04 1.511321e-04 1.039558e-04
    endloop
  endfacet
  facet normal 9.540657e-01 2.556411e-01 1.562253e-01
    outer loop
      vertex   4.729233e-04 1.536621e-04 5.226423e-05
      vertex   4.651368e-04 1.511321e-04 1.039558e-04
      vertex   4.863946e-04 1.033864e-04 5.226423e-05
    endloop
  endfacet
  facet normal 9.540657e-01 2.556411e-01 1.562253e-01
    outer loop
      vertex   4.863946e-04 1.033864e-04 5.226423e-05
      vertex   4.651368e-04 1.511321e-04 1.039558e-04
      vertex   4.783864e-04 1.016842e-04 1.039558e-04
    endloop
  endfacet
  facet normal 9.755610e-01 1.545137e-01 1.562253e-01
    outer loop
      vertex   4.863946e-04 1.033864e-04 5.226423e-05
      vertex   4.783864e-04 1.016842e-04 1.039558e-04
      vertex   4.945369e-04 5.197792e-05 5.226423e-05
    endloop
  endfacet
  facet normal 9.755610e-01 1.545137e-01 1.562253e-01
    outer loop
      vertex   4.945369e-04 5.197792e-05 5.226423e-05
      vertex   4.783864e-04 1.016842e-04 1.039558e-04
      vertex   4.863946e-04 5.112213e-05 1.039558e-04
    endloop
  endfacet
  facet normal 9.863678e-01 5.169335e-02 1.562253e-01
    outer loop
      vertex   4.945369e-04 5.197792e-05 5.226423e-05
      vertex   4.863946e-04 5.112213e-05 1.039558e-04
      vertex   4.972609e-04 0.000000e+00 5.226423e-05
    endloop
  endfacet
  facet normal 9.863678e-01 5.169335e-02 1.562253e-01
    outer loop
      vertex   4.972609e-04 0.000000e+00 5.226423e-05
      vertex   4.863946e-04 5.112213e-05 1.039558e-04
      vertex   4.890738e-04 0.000000e+00 1.039558e-04
    endloop
  endfacet
  facet normal 9.646906e-01 -5.055729e-02 2.584881e-01
    outer loop
      vertex   4.890738e-04 0.000000e+00 1.039558e-04
      vertex   4.755283e-04 0.000000e+00 1.545085e-04
      vertex   4.863946e-04 -5.112213e-05 1.039558e-04
    endloop
  endfacet
  facet normal 9.646906e-01 -5.055729e-02 2.584881e-01
    outer loop
      vertex   4.863946e-04 -5.112213e-05 1.039558e-04
      vertex   4.755283e-04 0.000000e+00 1.545085e-04
      vertex   4.729233e-04 -4.970624e-05 1.545085e-04
    endloop
  endfacet
  facet normal 9.541212e-01 -1.511180e-01 2.584881e-01
    outer loop
      vertex   4.863946e-04 -5.112213e-05 1.039558e-04
      vertex   4.729233e-04 -4.970624e-05 1.545085e-04
      vertex   4.783864e-04 -1.016842e-04 1.039558e-04
    endloop
  endfacet
  facet normal 9.541212e-01 -1.511180e-01 2.584881e-01
    outer loop
      vertex   4.783864e-04 -1.016842e-04 1.039558e-04
      vertex   4.729233e-04 -4.970624e-05 1.545085e-04
      vertex   4.651368e-04 -9.886788e-05 1.545085e-04
    endloop
  endfacet
  facet normal 9.330983e-01 -2.500229e-01 2.584881e-01
    outer loop
      vertex   4.783864e-04 -1.016842e-04 1.039558e-04
      vertex   4.651368e-04 -9.886788e-05 1.545085e-04
      vertex   4.651368e-04 -1.511321e-04 1.039558e-04
    endloop
  endfacet
  facet normal 9.330983e-01 -2.500229e-01 2.584881e-01
    outer loop
      vertex   4.651368e-04 -1.511321e-04 1.039558e-04
      vertex   4.651368e-04 -9.886788e-05 1.545085e-04
      vertex   4.522542e-04 -1.469463e-04 1.545085e-04
    endloop
  endfacet
  facet normal 9.018522e-01 -3.461886e-01 2.584881e-01
    outer loop
      vertex   4.651368e-04 -1.511321e-04 1.039558e-04
      vertex   4.522542e-04 -1.469463e-04 1.545085e-04
      vertex   4.467911e-04 -1.989242e-04 1.039558e-04
    endloop
  endfacet
  facet normal 9.018522e-01 -3.461886e-01 2.584881e-01
    outer loop
      vertex   4.467911e-04 -1.989242e-04 1.039558e-04
      vertex   4.522542e-04 -1.469463e-04 1.545085e-04
      vertex   4.344167e-04 -1.934148e-04 1.545085e-04
    endloop
  endfacet
  facet normal 8.607252e-01 -4.385614e-01 2.584881e-01
    outer loop
      vertex   4.467911e-04 -1.989242e-04 1.039558e-04
      vertex   4.344167e-04 -1.934148e-04 1.545085e-04
      vertex   4.235503e-04 -2.445369e-04 1.039558e-04
    endloop
  endfacet
  facet normal 8.607252e-01 -4.385614e-01 2.584881e-01
    outer loop
      vertex   4.235503e-04 -2.445369e-04 1.039558e-04
      vertex   4.344167e-04 -1.934148e-04 1.545085e-04
      vertex   4.118196e-04 -2.377641e-04 1.545085e-04
    endloop
  endfacet
  facet normal 8.101679e-01 -5.261292e-01 2.584881e-01
    outer loop
      vertex   4.235503e-04 -2.445369e-04 1.039558e-04
      vertex   4.118196e-04 -2.377641e-04 1.545085e-04
      vertex   3.956690e-04 -2.874704e-04 1.039558e-04
    endloop
  endfacet
  facet normal 8.101679e-01 -5.261292e-01 2.584881e-01
    outer loop
      vertex   3.956690e-04 -2.874704e-04 1.039558e-04
      vertex   4.118196e-04 -2.377641e-04 1.545085e-04
      vertex   3.847104e-04 -2.795085e-04 1.545085e-04
    endloop
  endfacet
  facet normal 7.507342e-01 -6.079326e-01 2.584881e-01
    outer loop
      vertex   3.956690e-04 -2.874704e-04 1.039558e-04
      vertex   3.847104e-04 -2.795085e-04 1.545085e-04
      vertex   3.634527e-04 -3.272542e-04 1.039558e-04
    endloop
  endfacet
  facet normal 7.507342e-01 -6.079326e-01 2.584881e-01
    outer loop
      vertex   3.634527e-04 -3.272542e-04 1.039558e-04
      vertex   3.847104e-04 -2.795085e-04 1.545085e-04
      vertex   3.533864e-04 -3.181905e-04 1.545085e-04
    endloop
  endfacet
  facet normal 6.830754e-01 -6.830754e-01 2.584881e-01
    outer loop
      vertex   3.634527e-04 -3.272542e-04 1.039558e-04
      vertex   3.533864e-04 -3.181905e-04 1.545085e-04
      vertex   3.272542e-04 -3.634527e-04 1.039558e-04
    endloop
  endfacet
  facet normal 6.830754e-01 -6.830754e-01 2.584881e-01
    outer loop
      vertex   3.272542e-04 -3.634527e-04 1.039558e-04
      vertex   3.533864e-04 -3.181905e-04 1.545085e-04
      vertex   3.181905e-04 -3.533864e-04 1.545085e-04
    endloop
  endfacet
  facet normal 6.079326e-01 -7.507342e-01 2.584881e-01
    outer loop
      vertex   3.272542e-04 -3.634527e-04 1.039558e-04
      vertex   3.181905e-04 -3.533864e-04 1.545085e-04
      vertex   2.874704e-04 -3.956690e-04 1.039558e-04
    endloop
  endfacet
  facet normal 6.079326e-01 -7.507342e-01 2.584881e-01
    outer loop
      vertex   2.874704e-04 -3.956690e-04 1.039558e-04
      vertex   3.181905e-04 -3.533864e-04 1.545085e-04
      vertex   2.795085e-04 -3.847104e-04 1.545085e-04
    endloop
  endfacet
  facet normal 5.261292e-01 -8.101679e-01 2.584881e-01
    outer loop
      vertex   2.874704e-04 -3.956690e-04 1.039558e-04
      vertex   2.795085e-04 -3.847104e-04 1.545085e-04
      vertex   2.445369e-04 -4.235503e-04 1.039558e-04
    endloop
  endfacet
  facet normal 5.261292e-01 -8.101679e-01 2.584881e-01
    outer loop
      vertex   2.445369e-04 -4.235503e-04 1.039558e-04
      vertex   2.795085e-04 -3.847104e-04 1.545085e-04
      vertex   2.377641e-04 -4.118196e-04 1.545085e-04
    endloop
  endfacet
  facet normal 4.385614e-01 -8.607252e-01 2.584881e-01
    outer loop
      vertex   2.445369e-04 -4.235503e-04 1.039558e-04
      vertex   2.377641e-04 -4.118196e-04 1.545085e-04
      vertex   1.989242e-04 -4.467911e-04 1.039558e-04
    endloop
  endfacet
  facet normal 4.385614e-01 -8.607252e-01 2.584881e-01
    outer loop
      vertex   1.989242e-04 -4.467911e-04 1.039558e-04
      vertex   2.377641e-04 -4.118196e-04 1.545085e-04
      vertex   1.934148e-04 -4.344167e-04 1.545085e-04
    endloop
  endfacet
  facet normal 3.461886e-01 -9.018522e-01 2.584881e-01
    outer loop
      vertex   1.989242e-04 -4.467911e-04 1.039558e-04
      vertex   1.934148e-04 -4.344167e-04 1.545085e-04
      vertex   1.511321e-04 -4.651368e-04 1.039558e-04
    endloop
  endfacet
  facet normal 3.461886e-01 -9.018522e-01 2.584881e-01
    outer loop
      vertex   1.511321e-04 -4.651368e-04 1.039558e-04
      vertex   1.934148e-04 -4.344167e-04 1.545085e-04
      vertex   1.469463e-04 -4.522542e-04 1.545085e-04
    endloop
  endfacet
  facet normal 2.500229e-01 -9.330983e-01 2.584881e-01
    outer loop
      vertex   1.511321e-04 -4.651368e-04 1.039558e-04
      vertex   1.469463e-04 -4.522542e-04 1.545085e-04
      vertex   1.016842e-04 -4.783864e-04 1.039558e-04
    endloop
  endfacet
  facet normal 2.500229e-01 -9.330983e-01 2.584881e-01
    outer loop
      vertex   1.016842e-04 -4.783864e-04 1.039558e-04
      vertex   1.469463e-04 -4.522542e-04 1.545085e-04
      vertex   9.886788e-05 -4.651368e-04 1.545085e-04
    endloop
  endfacet
  facet normal 1.511180e-01 -9.541212e-01 2.584881e-01
    outer loop
      vertex   1.016842e-04 -4.783864e-04 1.039558e-04
      vertex   9.886788e-05 -4.651368e-04 1.545085e-04
      vertex   5.112213e-05 -4.863946e-04 1.039558e-04
    endloop
  endfacet
  facet normal 1.511180e-01 -9.541212e-01 2.584881e-01
    outer loop
      vertex   5.112213e-05 -4.863946e-04 1.039558e-04
      vertex   9.886788e-05 -4.651368e-04 1.545085e-04
      vertex   4.970624e-05 -4.729233e-04 1.545085e-04
    endloop
  endfacet
  facet normal 5.055729e-02 -9.646906e-01 2.584881e-01
    outer loop
      vertex   5.112213e-05 -4.863946e-04 1.039558e-04
      vertex   4.970624e-05 -4.729233e-04 1.545085e-04
      vertex   2.994713e-20 -4.890738e-04 1.039558e-04
    endloop
  endfacet
  facet normal 5.055729e-02 -9.646906e-01 2.584881e-01
    outer loop
      vertex   2.994713e-20 -4.890738e-04 1.039558e-04
      vertex   4.970624e-05 -4.729233e-04 1.545085e-04
      vertex   2.911771e-20 -4.755283e-04 1.545085e-04
    endloop
  endfacet
  facet normal -5.055729e-02 -9.646906e-01 2.584881e-01
    outer loop
      vertex   2.994713e-20 -4.890738e-04 1.039558e-04
      vertex   2.911771e-20 -4.755283e-04 1.545085e-04
      vertex   -5.112213e-05 -4.863946e-04 1.039558e-04
    endloop
  endfacet
  facet normal -5.055729e-02 -9.646906e-01 2.584881e-01
    outer loop
      vertex   -5.112213e-05 -4.863946e-04 1.039558e-04
      vertex   2.911771e-20 -4.755283e-04 1.545085e-04
      vertex   -4.970624e-05 -4.729233e-04 1.545085e-04
    endloop
  endfacet
  facet normal -1.511180e-01 -9.541212e-01 2.584881e-01
    outer loop
      vertex   -5.112213e-05 -4.863946e-04 1.039558e-04
      vertex   -4.970624e-05 -4.729233e-04 1.545085e-04
      vertex   -1.016842e-04 -4.783864e-04 1.039558e-04
    endloop
  endfacet
  facet normal -1.511180e-01 -9.541212e-01 2.584881e-01
    outer loop
      vertex   -1.016842e-04 -4.783864e-04 1.039558e-04
      vertex   -4.970624e-05 -4.729233e-04 1.545085e-04
      vertex   -9.886788e-05 -4.651368e-04 1.545085e-04
    endloop
  endfacet
  facet normal -2.500229e-01 -9.330983e-01 2.584881e-01
    outer loop
      vertex   -1.016842e-04 -4.783864e-04 1.039558e-04
      vertex   -9.886788e-05 -4.651368e-04 1.545085e-04
      vertex   -1.511321e-04 -4.651368e-04 1.039558e-04
    endloop
  endfacet
  facet normal -2.500229e-01 -9.330983e-01 2.584881e-01
    outer loop
      vertex   -1.511321e-04 -4.651368e-04 1.039558e-04
      vertex   -9.886788e-05 -4.651368e-04 1.545085e-04
      vertex   -1.469463e-04 -4.522542e-04 1.545085e-04
    endloop
  endfacet
  facet normal -3.461886e-01 -9.018522e-01 2.584881e-01
    outer loop
      vertex   -1.511321e-04 -4.651368e-04 1.039558e-04
      vertex   -1.469463e-04 -4.522542e-04 1.545085e-04
      vertex   -1.989242e-04 -4.467911e-04 1.039558e-04
    endloop
  endfacet
  facet normal -3.461886e-01 -9.018522e-01 2.584881e-01
    outer loop
      vertex   -1.989242e-04 -4.467911e-04 1.039558e-04
      vertex   -1.469463e-04 -4.522542e-04 1.545085e-04
      vertex   -1.934148e-04 -4.344167e-04 1.545085e-04
    endloop
  endfacet
  facet normal -4.385614e-01 -8.607252e-01 2.584881e-01
    outer loop
      vertex   -1.989242e-04 -4.467911e-04 1.039558e-04
      vertex   -1.934148e-04 -4.344167e-04 1.545085e-04
      vertex   -2.445369e-04 -4.235503e-04 1.039558e-04
    endloop
  endfacet
  facet normal -4.385614e-01 -8.607252e-01 2.584881e-01
    outer loop
      vertex   -2.445369e-04 -4.235503e-04 1.039558e-04
      vertex   -1.934148e-04 -4.344167e-04 1.545085e-04
      vertex   -2.377641e-04 -4.118196e-04 1.545085e-04
    endloop
  endfacet
  facet normal -5.261292e-01 -8.101679e-01 2.584881e-01
    outer loop
      vertex   -2.445369e-04 -4.235503e-04 1.039558e-04
      vertex   -2.377641e-04 -4.118196e-04 1.545085e-04
      vertex   -2.874704e-04 -3.956690e-04 1.039558e-04
    endloop
  endfacet
  facet normal -5.261292e-01 -8.101679e-01 2.584881e-01
    outer loop
      vertex   -2.874704e-04 -3.956690e-04 1.039558e-04
      vertex   -2.377641e-04 -4.118196e-04 1.545085e-04
      vertex   -2.795085e-04 -3.847104e-04 1.545085e-04
    endloop
  endfacet
  facet normal -6.079326e-01 -7.507342e-01 2.584881e-01
    outer loop
      vertex   -2.874704e-04 -3.956690e-04 1.039558e-04
      vertex   -2.795085e-04 -3.847104e-04 1.545085e-04
      vertex   -3.272542e-04 -3.634527e-04 1.039558e-04
    endloop
  endfacet
  facet normal -6.079326e-01 -7.507342e-01 2.584881e-01
    outer loop
      vertex   -3.272542e-04 -3.634527e-04 1.039558e-04
      vertex   -2.795085e-04 -3.847104e-04 1.545085e-04
      vertex   -3.181905e-04 -3.533864e-04 1.545085e-04
    endloop
  endfacet
  facet normal -6.830754e-01 -6.830754e-01 2.584881e-01
    outer loop
      vertex   -3.272542e-04 -3.634527e-04 1.039558e-04
      vertex   -3.181905e-04 -3.533864e-04 1.545085e-04
      vertex   -3.634527e-04 -3.272542e-04 1.039558e-04
    endloop
  endfacet
  facet normal -6.830754e-01 -6.830754e-01 2.584881e-01
    outer loop
      vertex   -3.634527e-04 -3.272542e-04 1.039558e-04
      vertex   -3.181905e-04 -3.533864e-04 1.545085e-04
      vertex   -3.533864e-04 -3.181905e-04 1.545085e-04
    endloop
  endfacet
  facet normal -7.507342e-01 -6.079326e-01 2.584881e-01
    outer loop
      vertex   -3.634527e-04 -3.272542e-04 1.039558e-04
      vertex   -3.533864e-04 -3.181905e-04 1.545085e-04
      vertex   -3.956690e-04 -2.874704e-04 1.039558e-04
    endloop
  endfacet
  facet normal -7.507342e-01 -6.079326e-01 2.584881e-01
    outer loop
      vertex   -3.956690e-04 -2.874704e-04 1.039558e-04
      vertex   -3.533864e-04 -3.181905e-04 1.545085e-04
      vertex   -3.847104e-04 -2.795085e-04 1.545085e-04
    endloop
  endfacet
  facet normal -8.101679e-01 -5.261292e-01 2.584881e-01
    outer loop
      vertex   -3.956690e-04 -2.874704e-04 1.039558e-04
      vertex   -3.847104e-04 -2.795085e-04 1.545085e-04
      vertex   -4.235503e-04 -2.445369e-04 1.039558e-04
    endloop
  endfacet
  facet normal -8.101679e-01 -5.261292e-01 2.584881e-01
    outer loop
      vertex   -4.235503e-04 -2.445369e-04 1.039558e-04
      vertex   -3.847104e-04 -2.795085e-04 1.545085e-04
      vertex   -4.118196e-04 -2.377641e-04 1.545085e-04
    endloop
  endfacet
  facet normal -8.607252e-01 -4.385614e-01 2.584881e-01
    outer loop
      vertex   -4.235503e-04 -2.445369e-04 1.039558e-04
      vertex   -4.118196e-04 -2.377641e-04 1.545085e-04
      vertex   -4.467911e-04 -1.989242e-04 1.039558e-04
    endloop
  endfacet
  facet normal -8.607252e-01 -4.385614e-01 2.584881e-01
    outer loop
      vertex   -4.467911e-04 -1.989242e-04 1.039558e-04
      vertex   -4.118196e-04 -2.377641e-04 1.545085e-04
      vertex   -4.344167e-04 -1.934148e-04 1.545085e-04
    endloop
  endfacet
  facet normal -9.018522e-01 -3.461886e-01 2.584881e-01
    outer loop
      vertex   -4.467911e-04 -1.989242e-04 1.039558e-04
      vertex   -4.344167e-04 -1.934148e-04 1.545085e-04
      vertex   -4.651368e-04 -1.511321e-04 1.039558e-04
    endloop
  endfacet
  facet normal -9.018522e-01 -3.461886e-01 2.584881e-01
    outer loop
      vertex   -4.651368e-04 -1.511321e-04 1.039558e-04
      vertex   -4.344167e-04 -1.934148e-04 1.545085e-04
      vertex   -4.522542e-04 -1.469463e-04 1.545085e-04
    endloop
  endfacet
  facet normal -9.330983e-01 -2.500229e-01 2.584881e-01
    outer loop
      vertex   -4.651368e-04 -1.511321e-04 1.039558e-04
      vertex   -4.522542e-04 -1.469463e-04 1.545085e-04
      vertex   -4.783864e-04 -1.016842e-04 1.039558e-04
    endloop
  endfacet
  facet normal -9.330983e-01 -2.500229e-01 2.584881e-01
    outer loop
      vertex   -4.783864e-04 -1.016842e-04 1.039558e-04
      vertex   -4.522542e-04 -1.469463e-04 1.545085e-04
      vertex   -4.651368e-04 -9.886788e-05 1.545085e-04
    endloop
  endfacet
  facet normal -9.541212e-01 -1.511180e-01 2.584881e-01
    outer loop
      vertex   -4.783864e-04 -1.016842e-04 1.039558e-04
      vertex   -4.651368e-04 -9.886788e-05 1.545085e-04
      vertex   -4.863946e-04 -5.112213e-05 1.039558e-04
    endloop
  endfacet
  facet normal -9.541212e-01 -1.511180e-01 2.584881e-01
    outer loop
      vertex   -4.863946e-04 -5.112213e-05 1.039558e-04
      vertex   -4.651368e-04 -9.886788e-05 1.545085e-04
      vertex   -4.729233e-04 -4.970624e-05 1.545085e-04
    endloop
  endfacet
  facet normal -9.646906e-01 -5.055729e-02 2.584881e-01
    outer loop
      vertex   -4.863946e-04 -5.112213e-05 1.039558e-04
      vertex   -4.729233e-04 -4.970624e-05 1.545085e-04
      vertex   -4.890738e-04 -5.989427e-20 1.039558e-04
    endloop
  endfacet
  facet normal -9.646906e-01 -5.055729e-02 2.584881e-01
    outer loop
      vertex   -4.890738e-04 -5.989427e-20 1.039558e-04
      vertex   -4.729233e-04 -4.970624e-05 1.545085e-04
      vertex   -4.755283e-04 -5.823542e-20 1.545085e-04
    endloop
  endfacet
  facet normal -9.646906e-01 5.055729e-02 2.584881e-01
    outer loop
      vertex   -4.890738e-04 -5.989427e-20 1.039558e-04
      vertex   -4.755283e-04 -5.823542e-20 1.545085e-04
      vertex   -4.863946e-04 5.112213e-05 1.039558e-04
    endloop
  endfacet
  facet normal -9.646906e-01 5.055729e-02 2.584881e-01
    outer loop
      vertex   -4.863946e-04 5.112213e-05 1.039558e-04
      vertex   -4.755283e-04 -5.823542e-20 1.545085e-04
      vertex   -4.729233e-04 4.970624e-05 1.545085e-04
    endloop
  endfacet
  facet normal -9.541212e-01 1.511180e-01 2.584881e-01
    outer loop
      vertex   -4.863946e-04 5.112213e-05 1.039558e-04
      vertex   -4.729233e-04 4.970624e-05 1.545085e-04
      vertex   -4.783864e-04 1.016842e-04 1.039558e-04
    endloop
  endfacet
  facet normal -9.541212e-01 1.511180e-01 2.584881e-01
    outer loop
      vertex   -4.783864e-04 1.016842e-04 1.039558e-04
      vertex   -4.729233e-04 4.970624e-05 1.545085e-04
      vertex   -4.651368e-04 9.886788e-05 1.545085e-04
    endloop
  endfacet
  facet normal -9.330983e-01 2.500229e-01 2.584881e-01
    outer loop
      vertex   -4.783864e-04 1.016842e-04 1.039558e-04
      vertex   -4.651368e-04 9.886788e-05 1.545085e-04
      vertex   -4.651368e-04 1.511321e-04 1.039558e-04
    endloop
  endfacet
  facet normal -9.330983e-01 2.500229e-01 2.584881e-01
    outer loop
      vertex   -4.651368e-04 1.511321e-04 1.039558e-04
      vertex   -4.651368e-04 9.886788e-05 1.545085e-04
      vertex   -4.522542e-04 1.469463e-04 1.545085e-04
    endloop
  endfacet
  facet normal -9.018522e-01 3.461886e-01 2.584881e-01
    outer loop
      vertex   -4.651368e-04 1.511321e-04 1.039558e-04
      vertex   -4.522542e-04 1.469463e-04 1.545085e-04
      vertex   -4.467911e-04 1.989242e-04 1.039558e-04
    endloop
  endfacet
  facet normal -9.018522e-01 3.461886e-01 2.584881e-01
    outer loop
      vertex   -4.467911e-04 1.989242e-04 1.039558e-04
      vertex   -4.522542e-04 1.469463e-04 1.545085e-04
      vertex   -4.344167e-04 1.934148e-04 1.545085e-04
    endloop
  endfacet
  facet normal -8.607252e-01 4.385614e-01 2.584881e-01
    outer loop
      vertex   -4.467911e-04 1.989242e-04 1.039558e-04
      vertex   -4.344167e-04 1.934148e-04 1.545085e-04
      vertex   -4.235503e-04 2.445369e-04 1.039558e-04
    endloop
  endfacet
  facet normal -8.607252e-01 4.385614e-01 2.584881e-01
    outer loop
      vertex   -4.235503e-04 2.445369e-04 1.039558e-04
      vertex   -4.344167e-04 1.934148e-04 1.545085e-04
      vertex   -4.118196e-04 2.377641e-04 1.545085e-04
    endloop
  endfacet
  facet normal -8.101679e-01 5.261292e-01 2.584881e-01
    outer loop
      vertex   -4.235503e-04 2.445369e-04 1.039558e-04
      vertex   -4.118196e-04 2.377641e-04 1.545085e-04
      vertex   -3.956690e-04 2.874704e-04 1.039558e-04
    endloop
  endfacet
  facet normal -8.101679e-01 5.261292e-01 2.584881e-01
    outer loop
      vertex   -3.956690e-04 2.874704e-04 1.039558e-04
      vertex   -4.118196e-04 2.377641e-04 1.545085e-04
      vertex   -3.847104e-04 2.795085e-04 1.545085e-04
    endloop
  endfacet
  facet normal -7.507342e-01 6.079326e-01 2.584881e-01
    outer loop
      vertex   -3.956690e-04 2.874704e-04 1.039558e-04
      vertex   -3.847104e-04 2.795085e-04 1.545085e-04
      vertex   -3.634527e-04 3.272542e-04 1.039558e-04
    endloop
  endfacet
  facet normal -7.507342e-01 6.079326e-01 2.584881e-01
    outer loop
      vertex   -3.634527e-04 3.272542e-04 1.039558e-04
      vertex   -3.847104e-04 2.795085e-04 1.545085e-04
      vertex   -3.533864e-04 3.181905e-04 1.545085e-04
    endloop
  endfacet
  facet normal -6.830754e-01 6.830754e-01 2.584881e-01
    outer loop
      vertex   -3.634527e-04 3.272542e-04 1.039558e-04
      vertex   -3.533864e-04 3.181905e-04 1.545085e-04
      vertex   -3.272542e-04 3.634527e-04 1.039558e-04
    endloop
  endfacet
  facet normal -6.830754e-01 6.830754e-01 2.584881e-01
    outer loop
      vertex   -3.272542e-04 3.634527e-04 1.039558e-04
      vertex   -3.533864e-04 3.181905e-04 1.545085e-04
      vertex   -3.181905e-04 3.533864e-04 1.545085e-04
    endloop
  endfacet
  facet normal -6.079326e-01 7.507342e-01 2.584881e-01
    outer loop
      vertex   -3.272542e-04 3.634527e-04 1.039558e-04
      vertex   -3.181905e-04 3.533864e-04 1.545085e-04
      vertex   -2.874704e-04 3.956690e-04 1.039558e-04
    endloop
  endfacet
  facet normal -6.079326e-01 7.507342e-01 2.584881e-01
    outer loop
      vertex   -2.874704e-04 3.956690e-04 1.039558e-04
      vertex   -3.181905e-04 3.533864e-04 1.545085e-04
      vertex   -2.795085e-04 3.847104e-04 1.545085e-04
    endloop
  endfacet
  facet normal -5.261292e-01 8.101679e-01 2.584881e-01
    outer loop
      vertex   -2.874704e-04 3.956690e-04 1.039558e-04
      vertex   -2.795085e-04 3.847104e-04 1.545085e-04
      vertex   -2.445369e-04 4.235503e-04 1.039558e-04
    endloop
  endfacet
  facet normal -5.261292e-01 8.101679e-01 2.584881e-01
    outer loop
      vertex   -2.445369e-04 4.235503e-04 1.039558e-04
      vertex   -2.795085e-04 3.847104e-04 1.545085e-04
      vertex   -2.377641e-04 4.118196e-04 1.545085e-04
    endloop
  endfacet
  facet normal -4.385614e-01 8.607252e-01 2.584881e-01
    outer loop
      vertex   -2.445369e-04 4.235503e-04 1.039558e-04
      vertex   -2.377641e-04 4.118196e-04 1.545085e-04
      vertex   -1.989242e-04 4.467911e-04 1.039558e-04
    endloop
  endfacet
  facet normal -4.385614e-01 8.607252e-01 2.584881e-01
    outer loop
      vertex   -1.989242e-04 4.467911e-04 1.039558e-04
      vertex   -2.377641e-04 4.118196e-04 1.545085e-04
      vertex   -1.934148e-04 4.344167e-04 1.545085e-04
    endloop
  endfacet
  facet normal -3.461886e-01 9.018522e-01 2.584881e-01
    outer loop
      vertex   -1.989242e-04 4.467911e-04 1.039558e-04
      vertex   -1.934148e-04 4.344167e-04 1.545085e-04
      vertex   -1.511321e-04 4.651368e-04 1.039558e-04
    endloop
  endfacet
  facet normal -3.461886e-01 9.018522e-01 2.584881e-01
    outer loop
      vertex   -1.511321e-04 4.651368e-04 1.039558e-04
      vertex   -1.934148e-04 4.344167e-04 1.545085e-04
      vertex   -1.469463e-04 4.522542e-04 1.545085e-04
    endloop
  endfacet
  facet normal -2.500229e-01 9.330983e-01 2.584881e-01
    outer loop
      vertex   -1.511321e-04 4.651368e-04 1.039558e-04
      vertex   -1.469463e-04 4.522542e-04 1.545085e-04
      vertex   -1.016842e-04 4.783864e-04 1.039558e-04
    endloop
  endfacet
  facet normal -2.500229e-01 9.330983e-01 2.584881e-01
    outer loop
      vertex   -1.016842e-04 4.783864e-04 1.039558e-04
      vertex   -1.469463e-04 4.522542e-04 1.545085e-04
      vertex   -9.886788e-05 4.651368e-04 1.545085e-04
    endloop
  endfacet
  facet normal -1.511180e-01 9.541212e-01 2.584881e-01
    outer loop
      vertex   -1.016842e-04 4.783864e-04 1.039558e-04
      vertex   -9.886788e-05 4.651368e-04 1.545085e-04
      vertex   -5.112213e-05 4.863946e-04 1.039558e-04
    endloop
  endfacet
  facet normal -1.511180e-01 9.541212e-01 2.584881e-01
    outer loop
      vertex   -5.112213e-05 4.863946e-04 1.039558e-04
      vertex   -9.886788e-05 4.651368e-04 1.545085e-04
      vertex   -4.970624e-05 4.729233e-04 1.545085e-04
    endloop
  endfacet
  facet normal -5.055729e-02 9.646906e-01 2.584881e-01
    outer loop
      vertex   -5.112213e-05 4.863946e-04 1.039558e-04
      vertex   -4.970624e-05 4.729233e-04 1.545085e-04
      vertex   2.994713e-20 4.890738e-04 1.039558e-04
    endloop
  endfacet
  facet normal -5.055729e-02 9.646906e-01 2.584881e-01
    outer loop
      vertex   2.994713e-20 4.890738e-04 1.039558e-04
      vertex   -4.970624e-05 4.729233e-04 1.545085e-04
      vertex   2.911771e-20 4.755283e-04 1.545085e-04
    endloop
  endfacet
  facet normal 5.055729e-02 9.646906e-01 2.584881e-01
    outer loop
      vertex   2.994713e-20 4.890738e-04 1.039558e-04
      vertex   2.911771e-20 4.755283e-04 1.545085e-04
      vertex   5.112213e-05 4.863946e-04 1.039558e-04
    endloop
  endfacet
  facet normal 5.055729e-02 9.646906e-01 2.584881e-01
    outer loop
      vertex   5.112213e-05 4.863946e-04 1.039558e-04
      vertex   2.911771e-20 4.755283e-04 1.545085e-04
      vertex   4.970624e-05 4.729233e-04 1.545085e-04
    endloop
  endfacet
  facet normal 1.511180e-01 9.541212e-01 2.584881e-01
    outer loop
      vertex   5.112213e-05 4.863946e-04 1.039558e-04
      vertex   4.970624e-05 4.729233e-04 1.545085e-04
      vertex   1.016842e-04 4.783864e-04 1.039558e-04
    endloop
  endfacet
  facet normal 1.511180e-01 9.541212e-01 2.584881e-01
    outer loop
      vertex   1.016842e-04 4.783864e-04 1.039558e-04
      vertex   4.970624e-05 4.729233e-04 1.545085e-04
      vertex   9.886788e-05 4.651368e-04 1.545085e-04
    endloop
  endfacet
  facet normal 2.500229e-01 9.330983e-01 2.584881e-01
    outer loop
      vertex   1.016842e-04 4.783864e-04 1.039558e-04
      vertex   9.886788e-05 4.651368e-04 1.545085e-04
      vertex   1.511321e-04 4.651368e-04 1.039558e-04
    endloop
  endfacet
  facet normal 2.500229e-01 9.330983e-01 2.584881e-01
    outer loop
      vertex   1.511321e-04 4.651368e-04 1.039558e-04
      vertex   9.886788e-05 4.651368e-04 1.545085e-04
      vertex   1.469463e-04 4.522542e-04 1.545085e-04
    endloop
  endfacet
  facet normal 3.461886e-01 9.018522e-01 2.584881e-01
    outer loop
      vertex   1.511321e-04 4.651368e-04 1.039558e-04
      vertex   1.469463e-04 4.522542e-04 1.545085e-04
      vertex   1.989242e-04 4.467911e-04 1.039558e-04
    endloop
  endfacet
  facet normal 3.461886e-01 9.018522e-01 2.584881e-01
    outer loop
      vertex   1.989242e-04 4.467911e-04 1.039558e-04
      vertex   1.469463e-04 4.522542e-04 1.545085e-04
      vertex   1.934148e-04 4.344167e-04 1.545085e-04
    endloop
  endfacet
  facet normal 4.385614e-01 8.607252e-01 2.584881e-01
    outer loop
      vertex   1.989242e-04 4.467911e-04 1.039558e-04
      vertex   1.934148e-04 4.344167e-04 1.545085e-04
      vertex   2.445369e-04 4.235503e-04 1.039558e-04
    endloop
  endfacet
  facet normal 4.385614e-01 8.607252e-01 2.584881e-01
    outer loop
      vertex   2.445369e-04 4.235503e-04 1.039558e-04
      vertex   1.934148e-04 4.344167e-04 1.545085e-04
      vertex   2.377641e-04 4.118196e-04 1.545085e-04
    endloop
  endfacet
  facet normal 5.261292e-01 8.101679e-01 2.584881e-01
    outer loop
      vertex   2.445369e-04 4.235503e-04 1.039558e-04
      vertex   2.377641e-04 4.118196e-04 1.545085e-04
      vertex   2.874704e-04 3.956690e-04 1.039558e-04
    endloop
  endfacet
  facet normal 5.261292e-01 8.101679e-01 2.584881e-01
    outer loop
      vertex   2.874704e-04 3.956690e-04 1.039558e-04
      vertex   2.377641e-04 4.118196e-04 1.545085e-04
      vertex   2.795085e-04 3.847104e-04 1.545085e-04
    endloop
  endfacet
  facet normal 6.079326e-01 7.507342e-01 2.584881e-01
    outer loop
      vertex   2.874704e-04 3.956690e-04 1.039558e-04
      vertex   2.795085e-04 3.847104e-04 1.545085e-04
      vertex   3.272542e-04 3.634527e-04 1.039558e-04
    endloop
  endfacet
  facet normal 6.079326e-01 7.507342e-01 2.584881e-01
    outer loop
      vertex   3.272542e-04 3.634527e-04 1.039558e-04
      vertex   2.795085e-04 3.847104e-04 1.545085e-04
      vertex   3.181905e-04 3.533864e-04 1.545085e-04
    endloop
  endfacet
  facet normal 6.830754e-01 6.830754e-01 2.584881e-01
    outer loop
      vertex   3.272542e-04 3.634527e-04 1.039558e-04
      vertex   3.181905e-04 3.533864e-04 1.545085e-04
      vertex   3.634527e-04 3.272542e-04 1.039558e-04
    endloop
  endfacet
  facet normal 6.830754e-01 6.830754e-01 2.584881e-01
    outer loop
      vertex   3.634527e-04 3.272542e-04 1.039558e-04
      vertex   3.181905e-04 3.533864e-04 1.545085e-04
      vertex   3.533864e-04 3.181905e-04 1.545085e-04
    endloop
  endfacet
  facet normal 7.507342e-01 6.079326e-01 2.584881e-01
    outer loop
      vertex   3.634527e-04 3.272542e-04 1.039558e-04
      vertex   3.533864e-04 3.181905e-04 1.545085e-04
      vertex   3.956690e-04 2.874704e-04 1.039558e-04
    endloop
  endfacet
  facet normal 7.507342e-01 6.079326e-01 2.584881e-01
    outer loop
      vertex   3.956690e-04 2.874704e-04 1.039558e-04
      vertex   3.533864e-04 3.181905e-04 1.545085e-04
      vertex   3.847104e-04 2.795085e-04 1.545085e-04
    endloop
  endfacet
  facet normal 8.101679e-01 5.261292e-01 2.584881e-01
    outer loop
      vertex   3.956690e-04 2.874704e-04 1.039558e-04
      vertex   3.847104e-04 2.795085e-04 1.545085e-04
      vertex   4.235503e-04 2.445369e-04 1.039558e-04
    endloop
  endfacet
  facet normal 8.101679e-01 5.261292e-01 2.584881e-01
    outer loop
      vertex   4.235503e-04 2.445369e-04 1.039558e-04
      vertex   3.847104e-04 2.795085e-04 1.545085e-04
      vertex   4.118196e-04 2.377641e-04 1.545085e-04
    endloop
  endfacet
  facet normal 8.607252e-01 4.385614e-01 2.584881e-01
    outer loop
      vertex   4.235503e-04 2.445369e-04 1.039558e-04
      vertex   4.118196e-04 2.377641e-04 1.545085e-04
      vertex   4.467911e-04 1.989242e-04 1.039558e-04
    endloop
  endfacet
  facet normal 8.607252e-01 4.385614e-01 2.584881e-01
    outer loop
      vertex   4.467911e-04 1.989242e-04 1.039558e-04
      vertex   4.118196e-04 2.377641e-04 1.545085e-04
      vertex   4.344167e-04 1.934148e-04 1.545085e-04
    endloop
  endfacet
  facet normal 9.018522e-01 3.461886e-01 2.584881e-01
    outer loop
      vertex   4.467911e-04 1.989242e-04 1.039558e-04
      vertex   4.344167e-04 1.934148e-04 1.545085e-04
      vertex   4.651368e-04 1.511321e-04 1.039558e-04
    endloop
  endfacet
  facet normal 9.018522e-01 3.461886e-01 2.584881e-01
    outer loop
      vertex   4.651368e-04 1.511321e-04 1.039558e-04
      vertex   4.344167e-04 1.934148e-04 1.545085e-04
      vertex   4.522542e-04 1.469463e-04 1.545085e-04
    endloop
  endfacet
  facet normal 9.330983e-01 2.500229e-01 2.584881e-01
    outer loop
      vertex   4.651368e-04 1.511321e-04 1.039558e-04
      vertex   4.522542e-04 1.469463e-04 1.545085e-04
      vertex   4.783864e-04 1.016842e-04 1.039558e-04
    endloop
  endfacet
  facet normal 9.330983e-01 2.500229e-01 2.584881e-01
    outer loop
      vertex   4.783864e-04 1.016842e-04 1.039558e-04
      vertex   4.522542e-04 1.469463e-04 1.545085e-04
      vertex   4.651368e-04 9.886788e-05 1.545085e-04
    endloop
  endfacet
  facet normal 9.541212e-01 1.511180e-01 2.584881e-01
    outer loop
      vertex   4.783864e-04 1.016842e-04 1.039558e-04
      vertex   4.651368e-04 9.886788e-05 1.545085e-04
      vertex   4.863946e-04 5.112213e-05 1.039558e-04
    endloop
  endfacet
  facet normal 9.541212e-01 1.511180e-01 2.584881e-01
    outer loop
      vertex   4.863946e-04 5.112213e-05 1.039558e-04
      vertex   4.651368e-04 9.886788e-05 1.545085e-04
      vertex   4.729233e-04 4.970624e-05 1.545085e-04
    endloop
  endfacet
  facet normal 9.646906e-01 5.055729e-02 2.584881e-01
    outer loop
      vertex   4.863946e-04 5.112213e-05 1.039558e-04
      vertex   4.729233e-04 4.970624e-05 1.545085e-04
      vertex   4.890738e-04 0.000000e+00 1.039558e-04
    endloop
  endfacet
  facet normal 9.646906e-01 5.055729e-02 2.584881e-01
    outer loop
      vertex   4.890738e-04 0.000000e+00 1.039558e-04
      vertex   4.729233e-04 4.970624e-05 1.545085e-04
      vertex   4.755283e-04 0.000000e+00 1.545085e-04
    endloop
  endfacet
  facet normal 9.324650e-01 -4.886842e-02 3.579398e-01
    outer loop
      vertex   4.755283e-04 0.000000e+00 1.545085e-04
      vertex   4.567727e-04 0.000000e+00 2.033683e-04
      vertex   4.729233e-04 -4.970624e-05 1.545085e-04
    endloop
  endfacet
  facet normal 9.324650e-01 -4.886842e-02 3.579398e-01
    outer loop
      vertex   4.729233e-04 -4.970624e-05 1.545085e-04
      vertex   4.567727e-04 0.000000e+00 2.033683e-04
      vertex   4.542705e-04 -4.774575e-05 2.033683e-04
    endloop
  endfacet
  facet normal 9.222487e-01 -1.460698e-01 3.579398e-01
    outer loop
      vertex   4.729233e-04 -4.970624e-05 1.545085e-04
      vertex   4.542705e-04 -4.774575e-05 2.033683e-04
      vertex   4.651368e-04 -9.886788e-05 1.545085e-04
    endloop
  endfacet
  facet normal 9.222487e-01 -1.460698e-01 3.579398e-01
    outer loop
      vertex   4.651368e-04 -9.886788e-05 1.545085e-04
      vertex   4.542705e-04 -4.774575e-05 2.033683e-04
      vertex   4.467911e-04 -9.496839e-05 2.033683e-04
    endloop
  endfacet
  facet normal 9.019281e-01 -2.416709e-01 3.579398e-01
    outer loop
      vertex   4.651368e-04 -9.886788e-05 1.545085e-04
      vertex   4.467911e-04 -9.496839e-05 2.033683e-04
      vertex   4.522542e-04 -1.469463e-04 1.545085e-04
    endloop
  endfacet
  facet normal 9.019281e-01 -2.416709e-01 3.579398e-01
    outer loop
      vertex   4.522542e-04 -1.469463e-04 1.545085e-04
      vertex   4.467911e-04 -9.496839e-05 2.033683e-04
      vertex   4.344167e-04 -1.411505e-04 2.033683e-04
    endloop
  endfacet
  facet normal 8.717257e-01 -3.346242e-01 3.579398e-01
    outer loop
      vertex   4.522542e-04 -1.469463e-04 1.545085e-04
      vertex   4.344167e-04 -1.411505e-04 2.033683e-04
      vertex   4.344167e-04 -1.934148e-04 1.545085e-04
    endloop
  endfacet
  facet normal 8.717257e-01 -3.346242e-01 3.579398e-01
    outer loop
      vertex   4.344167e-04 -1.934148e-04 1.545085e-04
      vertex   4.344167e-04 -1.411505e-04 2.033683e-04
      vertex   4.172827e-04 -1.857862e-04 2.033683e-04
    endloop
  endfacet
  facet normal 8.319726e-01 -4.239112e-01 3.579398e-01
    outer loop
      vertex   4.344167e-04 -1.934148e-04 1.545085e-04
      vertex   4.172827e-04 -1.857862e-04 2.033683e-04
      vertex   4.118196e-04 -2.377641e-04 1.545085e-04
    endloop
  endfacet
  facet normal 8.319726e-01 -4.239112e-01 3.579398e-01
    outer loop
      vertex   4.118196e-04 -2.377641e-04 1.545085e-04
      vertex   4.172827e-04 -1.857862e-04 2.033683e-04
      vertex   3.955768e-04 -2.283864e-04 2.033683e-04
    endloop
  endfacet
  facet normal 7.831042e-01 -5.085538e-01 3.579398e-01
    outer loop
      vertex   4.118196e-04 -2.377641e-04 1.545085e-04
      vertex   3.955768e-04 -2.283864e-04 2.033683e-04
      vertex   3.847104e-04 -2.795085e-04 1.545085e-04
    endloop
  endfacet
  facet normal 7.831042e-01 -5.085538e-01 3.579398e-01
    outer loop
      vertex   3.847104e-04 -2.795085e-04 1.545085e-04
      vertex   3.955768e-04 -2.283864e-04 2.033683e-04
      vertex   3.695369e-04 -2.684843e-04 2.033683e-04
    endloop
  endfacet
  facet normal 7.256559e-01 -5.876246e-01 3.579398e-01
    outer loop
      vertex   3.847104e-04 -2.795085e-04 1.545085e-04
      vertex   3.695369e-04 -2.684843e-04 2.033683e-04
      vertex   3.533864e-04 -3.181905e-04 1.545085e-04
    endloop
  endfacet
  facet normal 7.256559e-01 -5.876246e-01 3.579398e-01
    outer loop
      vertex   3.533864e-04 -3.181905e-04 1.545085e-04
      vertex   3.695369e-04 -2.684843e-04 2.033683e-04
      vertex   3.394483e-04 -3.056406e-04 2.033683e-04
    endloop
  endfacet
  facet normal 6.602572e-01 -6.602572e-01 3.579398e-01
    outer loop
      vertex   3.533864e-04 -3.181905e-04 1.545085e-04
      vertex   3.394483e-04 -3.056406e-04 2.033683e-04
      vertex   3.181905e-04 -3.533864e-04 1.545085e-04
    endloop
  endfacet
  facet normal 6.602572e-01 -6.602572e-01 3.579398e-01
    outer loop
      vertex   3.181905e-04 -3.533864e-04 1.545085e-04
      vertex   3.394483e-04 -3.056406e-04 2.033683e-04
      vertex   3.056406e-04 -3.394483e-04 2.033683e-04
    endloop
  endfacet
  facet normal 5.876246e-01 -7.256559e-01 3.579398e-01
    outer loop
      vertex   3.181905e-04 -3.533864e-04 1.545085e-04
      vertex   3.056406e-04 -3.394483e-04 2.033683e-04
      vertex   2.795085e-04 -3.847104e-04 1.545085e-04
    endloop
  endfacet
  facet normal 5.876246e-01 -7.256559e-01 3.579398e-01
    outer loop
      vertex   2.795085e-04 -3.847104e-04 1.545085e-04
      vertex   3.056406e-04 -3.394483e-04 2.033683e-04
      vertex   2.684843e-04 -3.695369e-04 2.033683e-04
    endloop
  endfacet
  facet normal 5.085538e-01 -7.831042e-01 3.579398e-01
    outer loop
      vertex   2.795085e-04 -3.847104e-04 1.545085e-04
      vertex   2.684843e-04 -3.695369e-04 2.033683e-04
      vertex   2.377641e-04 -4.118196e-04 1.545085e-04
    endloop
  endfacet
  facet normal 5.085538e-01 -7.831042e-01 3.579398e-01
    outer loop
      vertex   2.377641e-04 -4.118196e-04 1.545085e-04
      vertex   2.684843e-04 -3.695369e-04 2.033683e-04
      vertex   2.283864e-04 -3.955768e-04 2.033683e-04
    endloop
  endfacet
  facet normal 4.239112e-01 -8.319726e-01 3.579398e-01
    outer loop
      vertex   2.377641e-04 -4.118196e-04 1.545085e-04
      vertex   2.283864e-04 -3.955768e-04 2.033683e-04
      vertex   1.934148e-04 -4.344167e-04 1.545085e-04
    endloop
  endfacet
  facet normal 4.239112e-01 -8.319726e-01 3.579398e-01
    outer loop
      vertex   1.934148e-04 -4.344167e-04 1.545085e-04
      vertex   2.283864e-04 -3.955768e-04 2.033683e-04
      vertex   1.857862e-04 -4.172827e-04 2.033683e-04
    endloop
  endfacet
  facet normal 3.346242e-01 -8.717257e-01 3.579398e-01
    outer loop
      vertex   1.934148e-04 -4.344167e-04 1.545085e-04
      vertex   1.857862e-04 -4.172827e-04 2.033683e-04
      vertex   1.469463e-04 -4.522542e-04 1.545085e-04
    endloop
  endfacet
  facet normal 3.346242e-01 -8.717257e-01 3.579398e-01
    outer loop
      vertex   1.469463e-04 -4.522542e-04 1.545085e-04
      vertex   1.857862e-04 -4.172827e-04 2.033683e-04
      vertex   1.411505e-04 -4.344167e-04 2.033683e-04
    endloop
  endfacet
  facet normal 2.416709e-01 -9.019281e-01 3.579398e-01
    outer loop
      vertex   1.469463e-04 -4.522542e-04 1.545085e-04
      vertex   1.411505e-04 -4.344167e-04 2.033683e-04
      vertex   9.886788e-05 -4.651368e-04 1.545085e-04
    endloop
  endfacet
  facet normal 2.416709e-01 -9.019281e-01 3.579398e-01
    outer loop
      vertex   9.886788e-05 -4.651368e-04 1.545085e-04
      vertex   1.411505e-04 -4.344167e-04 2.033683e-04
      vertex   9.496839e-05 -4.467911e-04 2.033683e-04
    endloop
  endfacet
  facet normal 1.460698e-01 -9.222487e-01 3.579398e-01
    outer loop
      vertex   9.886788e-05 -4.651368e-04 1.545085e-04
      vertex   9.496839e-05 -4.467911e-04 2.033683e-04
      vertex   4.970624e-05 -4.729233e-04 1.545085e-04
    endloop
  endfacet
  facet normal 1.460698e-01 -9.222487e-01 3.579398e-01
    outer loop
      vertex   4.970624e-05 -4.729233e-04 1.545085e-04
      vertex   9.496839e-05 -4.467911e-04 2.033683e-04
      vertex   4.774575e-05 -4.542705e-04 2.033683e-04
    endloop
  endfacet
  facet normal 4.886842e-02 -9.324650e-01 3.579398e-01
    outer loop
      vertex   4.970624e-05 -4.729233e-04 1.545085e-04
      vertex   4.774575e-05 -4.542705e-04 2.033683e-04
      vertex   2.911771e-20 -4.755283e-04 1.545085e-04
    endloop
  endfacet
  facet normal 4.886842e-02 -9.324650e-01 3.579398e-01
    outer loop
      vertex   2.911771e-20 -4.755283e-04 1.545085e-04
      vertex   4.774575e-05 -4.542705e-04 2.033683e-04
      vertex   2.796926e-20 -4.567727e-04 2.033683e-04
    endloop
  endfacet
  facet normal -4.886842e-02 -9.324650e-01 3.579398e-01
    outer loop
      vertex   2.911771e-20 -4.755283e-04 1.545085e-04
      vertex   2.796926e-20 -4.567727e-04 2.033683e-04
      vertex   -4.970624e-05 -4.729233e-04 1.545085e-04
    endloop
  endfacet
  facet normal -4.886842e-02 -9.324650e-01 3.579398e-01
    outer loop
      vertex   -4.970624e-05 -4.729233e-04 1.545085e-04
      vertex   2.796926e-20 -4.567727e-04 2.033683e-04
      vertex   -4.774575e-05 -4.542705e-04 2.033683e-04
    endloop
  endfacet
  facet normal -1.460698e-01 -9.222487e-01 3.579398e-01
    outer loop
      vertex   -4.970624e-05 -4.729233e-04 1.545085e-04
      vertex   -4.774575e-05 -4.542705e-04 2.033683e-04
      vertex   -9.886788e-05 -4.651368e-04 1.545085e-04
    endloop
  endfacet
  facet normal -1.460698e-01 -9.222487e-01 3.579398e-01
    outer loop
      vertex   -9.886788e-05 -4.651368e-04 1.545085e-04
      vertex   -4.774575e-05 -4.542705e-04 2.033683e-04
      vertex   -9.496839e-05 -4.467911e-04 2.033683e-04
    endloop
  endfacet
  facet normal -2.416709e-01 -9.019281e-01 3.579398e-01
    outer loop
      vertex   -9.886788e-05 -4.651368e-04 1.545085e-04
      vertex   -9.496839e-05 -4.467911e-04 2.033683e-04
      vertex   -1.469463e-04 -4.522542e-04 1.545085e-04
    endloop
  endfacet
  facet normal -2.416709e-01 -9.019281e-01 3.579398e-01
    outer loop
      vertex   -1.469463e-04 -4.522542e-04 1.545085e-04
      vertex   -9.496839e-05 -4.467911e-04 2.033683e-04
      vertex   -1.411505e-04 -4.344167e-04 2.033683e-04
    endloop
  endfacet
  facet normal -3.346242e-01 -8.717257e-01 3.579398e-01
    outer loop
      vertex   -1.469463e-04 -4.522542e-04 1.545085e-04
      vertex   -1.411505e-04 -4.344167e-04 2.033683e-04
      vertex   -1.934148e-04 -4.344167e-04 1.545085e-04
    endloop
  endfacet
  facet normal -3.346242e-01 -8.717257e-01 3.579398e-01
    outer loop
      vertex   -1.934148e-04 -4.344167e-04 1.545085e-04
      vertex   -1.411505e-04 -4.344167e-04 2.033683e-04
      vertex   -1.857862e-04 -4.172827e-04 2.033683e-04
    endloop
  endfacet
  facet normal -4.239112e-01 -8.319726e-01 3.579398e-01
    outer loop
      vertex   -1.934148e-04 -4.344167e-04 1.545085e-04
      vertex   -1.857862e-04 -4.172827e-04 2.033683e-04
      vertex   -2.377641e-04 -4.118196e-04 1.545085e-04
    endloop
  endfacet
  facet normal -4.239112e-01 -8.319726e-01 3.579398e-01
    outer loop
      vertex   -2.377641e-04 -4.118196e-04 1.545085e-04
      vertex   -1.857862e-04 -4.172827e-04 2.033683e-04
      vertex   -2.283864e-04 -3.955768e-04 2.033683e-04
    endloop
  endfacet
  facet normal -5.085538e-01 -7.831042e-01 3.579398e-01
    outer loop
      vertex   -2.377641e-04 -4.118196e-04 1.545085e-04
      vertex   -2.283864e-04 -3.955768e-04 2.033683e-04
      vertex   -2.795085e-04 -3.847104e-04 1.545085e-04
    endloop
  endfacet
  facet normal -5.085538e-01 -7.831042e-01 3.579398e-01
    outer loop
      vertex   -2.795085e-04 -3.847104e-04 1.545085e-04
      vertex   -2.283864e-04 -3.955768e-04 2.033683e-04
      vertex   -2.684843e-04 -3.695369e-04 2.033683e-04
    endloop
  endfacet
  facet normal -5.876246e-01 -7.256559e-01 3.579398e-01
    outer loop
      vertex   -2.795085e-04 -3.847104e-04 1.545085e-04
      vertex   -2.684843e-04 -3.695369e-04 2.033683e-04
      vertex   -3.181905e-04 -3.533864e-04 1.545085e-04
    endloop
  endfacet
  facet normal -5.876246e-01 -7.256559e-01 3.579398e-01
    outer loop
      vertex   -3.181905e-04 -3.533864e-04 1.545085e-04
      vertex   -2.684843e-04 -3.695369e-04 2.033683e-04
      vertex   -3.056406e-04 -3.394483e-04 2.033683e-04
    endloop
  endfacet
  facet normal -6.602572e-01 -6.602572e-01 3.579398e-01
    outer loop
      vertex   -3.181905e-04 -3.533864e-04 1.545085e-04
      vertex   -3.056406e-04 -3.394483e-04 2.033683e-04
      vertex   -3.533864e-04 -3.181905e-04 1.545085e-04
    endloop
  endfacet
  facet normal -6.602572e-01 -6.602572e-01 3.579398e-01
    outer loop
      vertex   -3.533864e-04 -3.181905e-04 1.545085e-04
      vertex   -3.056406e-04 -3.394483e-04 2.033683e-04
      vertex   -3.394483e-04 -3.056406e-04 2.033683e-04
    endloop
  endfacet
  facet normal -7.256559e-01 -5.876246e-01 3.579398e-01
    outer loop
      vertex   -3.533864e-04 -3.181905e-04 1.545085e-04
      vertex   -3.394483e-04 -3.056406e-04 2.033683e-04
      vertex   -3.847104e-04 -2.795085e-04 1.545085e-04
    endloop
  endfacet
  facet normal -7.256559e-01 -5.876246e-01 3.579398e-01
    outer loop
      vertex   -3.847104e-04 -2.795085e-04 1.545085e-04
      vertex   -3.394483e-04 -3.056406e-04 2.033683e-04
      vertex   -3.695369e-04 -2.684843e-04 2.033683e-04
    endloop
  endfacet
  facet normal -7.831042e-01 -5.085538e-01 3.579398e-01
    outer loop
      vertex   -3.847104e-04 -2.795085e-04 1.545085e-04
      vertex   -3.695369e-04 -2.684843e-04 2.033683e-04
      vertex   -4.118196e-04 -2.377641e-04 1.545085e-04
    endloop
  endfacet
  facet normal -7.831042e-01 -5.085538e-01 3.579398e-01
    outer loop
      vertex   -4.118196e-04 -2.377641e-04 1.545085e-04
      vertex   -3.695369e-04 -2.684843e-04 2.033683e-04
      vertex   -3.955768e-04 -2.283864e-04 2.033683e-04
    endloop
  endfacet
  facet normal -8.319726e-01 -4.239112e-01 3.579398e-01
    outer loop
      vertex   -4.118196e-04 -2.377641e-04 1.545085e-04
      vertex   -3.955768e-04 -2.283864e-04 2.033683e-04
      vertex   -4.344167e-04 -1.934148e-04 1.545085e-04
    endloop
  endfacet
  facet normal -8.319726e-01 -4.239112e-01 3.579398e-01
    outer loop
      vertex   -4.344167e-04 -1.934148e-04 1.545085e-04
      vertex   -3.955768e-04 -2.283864e-04 2.033683e-04
      vertex   -4.172827e-04 -1.857862e-04 2.033683e-04
    endloop
  endfacet
  facet normal -8.717257e-01 -3.346242e-01 3.579398e-01
    outer loop
      vertex   -4.344167e-04 -1.934148e-04 1.545085e-04
      vertex   -4.172827e-04 -1.857862e-04 2.033683e-04
      vertex   -4.522542e-04 -1.469463e-04 1.545085e-04
    endloop
  endfacet
  facet normal -8.717257e-01 -3.346242e-01 3.579398e-01
    outer loop
      vertex   -4.522542e-04 -1.469463e-04 1.545085e-04
      vertex   -4.172827e-04 -1.857862e-04 2.033683e-04
      vertex   -4.344167e-04 -1.411505e-04 2.033683e-04
    endloop
  endfacet
  facet normal -9.019281e-01 -2.416709e-01 3.579398e-01
    outer loop
      vertex   -4.522542e-04 -1.469463e-04 1.545085e-04
      vertex   -4.344167e-04 -1.411505e-04 2.033683e-04
      vertex   -4.651368e-04 -9.886788e-05 1.545085e-04
    endloop
  endfacet
  facet normal -9.019281e-01 -2.416709e-01 3.579398e-01
    outer loop
      vertex   -4.651368e-04 -9.886788e-05 1.545085e-04
      vertex   -4.344167e-04 -1.411505e-04 2.033683e-04
      vertex   -4.467911e-04 -9.496839e-05 2.033683e-04
    endloop
  endfacet
  facet normal -9.222487e-01 -1.460698e-01 3.579398e-01
    outer loop
      vertex   -4.651368e-04 -9.886788e-05 1.545085e-04
      vertex   -4.467911e-04 -9.496839e-05 2.033683e-04
      vertex   -4.729233e-04 -4.970624e-05 1.545085e-04
    endloop
  endfacet
  facet normal -9.222487e-01 -1.460698e-01 3.579398e-01
    outer loop
      vertex   -4.729233e-04 -4.970624e-05 1.545085e-04
      vertex   -4.467911e-04 -9.496839e-05 2.033683e-04
      vertex   -4.542705e-04 -4.774575e-05 2.033683e-04
    endloop
  endfacet
  facet normal -9.324650e-01 -4.886842e-02 3.579398e-01
    outer loop
      vertex   -4.729233e-04 -4.970624e-05 1.545085e-04
      vertex   -4.542705e-04 -4.774575e-05 2.033683e-04
      vertex   -4.755283e-04 -5.823542e-20 1.545085e-04
    endloop
  endfacet
  facet normal -9.324650e-01 -4.886842e-02 3.579398e-01
    outer loop
      vertex   -4.755283e-04 -5.823542e-20 1.545085e-04
      vertex   -4.542705e-04 -4.774575e-05 2.033683e-04
      vertex   -4.567727e-04 -5.593853e-20 2.033683e-04
    endloop
  endfacet
  facet normal -9.324650e-01 4.886842e-02 3.579398e-01
    outer loop
      vertex   -4.755283e-04 -5.823542e-20 1.545085e-04
      vertex   -4.567727e-04 -5.593853e-20 2.033683e-04
      vertex   -4.729233e-04 4.970624e-05 1.545085e-04
    endloop
  endfacet
  facet normal -9.324650e-01 4.886842e-02 3.579398e-01
    outer loop
      vertex   -4.729233e-04 4.970624e-05 1.545085e-04
      vertex   -4.567727e-04 -5.593853e-20 2.033683e-04
      vertex   -4.542705e-04 4.774575e-05 2.033683e-04
    endloop
  endfacet
  facet normal -9.222487e-01 1.460698e-01 3.579398e-01
    outer loop
      vertex   -4.729233e-04 4.970624e-05 1.545085e-04
      vertex   -4.542705e-04 4.774575e-05 2.033683e-04
      vertex   -4.651368e-04 9.886788e-05 1.545085e-04
    endloop
  endfacet
  facet normal -9.222487e-01 1.460698e-01 3.579398e-01
    outer loop
      vertex   -4.651368e-04 9.886788e-05 1.545085e-04
      vertex   -4.542705e-04 4.774575e-05 2.033683e-04
      vertex   -4.467911e-04 9.496839e-05 2.033683e-04
    endloop
  endfacet
  facet normal -9.019281e-01 2.416709e-01 3.579398e-01
    outer loop
      vertex   -4.651368e-04 9.886788e-05 1.545085e-04
      vertex   -4.467911e-04 9.496839e-05 2.033683e-04
      vertex   -4.522542e-04 1.469463e-04 1.545085e-04
    endloop
  endfacet
  facet normal -9.019281e-01 2.416709e-01 3.579398e-01
    outer loop
      vertex   -4.522542e-04 1.469463e-04 1.545085e-04
      vertex   -4.467911e-04 9.496839e-05 2.033683e-04
      vertex   -4.344167e-04 1.411505e-04 2.033683e-04
    endloop
  endfacet
  facet normal -8.717257e-01 3.346242e-01 3.579398e-01
    outer loop
      vertex   -4.522542e-04 1.469463e-04 1.545085e-04
      vertex   -4.344167e-04 1.411505e-04 2.033683e-04
      vertex   -4.344167e-04 1.934148e-04 1.545085e-04
    endloop
  endfacet
  facet normal -8.717257e-01 3.346242e-01 3.579398e-01
    outer loop
      vertex   -4.344167e-04 1.934148e-04 1.545085e-04
      vertex   -4.344167e-04 1.411505e-04 2.033683e-04
      vertex   -4.172827e-04 1.857862e-04 2.033683e-04
    endloop
  endfacet
  facet normal -8.319726e-01 4.239112e-01 3.579398e-01
    outer loop
      vertex   -4.344167e-04 1.934148e-04 1.545085e-04
      vertex   -4.172827e-04 1.857862e-04 2.033683e-04
      vertex   -4.118196e-04 2.377641e-04 1.545085e-04
    endloop
  endfacet
  facet normal -8.319726e-01 4.239112e-01 3.579398e-01
    outer loop
      vertex   -4.118196e-04 2.377641e-04 1.545085e-04
      vertex   -4.172827e-04 1.857862e-04 2.033683e-04
      vertex   -3.955768e-04 2.283864e-04 2.033683e-04
    endloop
  endfacet
  facet normal -7.831042e-01 5.085538e-01 3.579398e-01
    outer loop
      vertex   -4.118196e-04 2.377641e-04 1.545085e-04
      vertex   -3.955768e-04 2.283864e-04 2.033683e-04
      vertex   -3.847104e-04 2.795085e-04 1.545085e-04
    endloop
  endfacet
  facet normal -7.831042e-01 5.085538e-01 3.579398e-01
    outer loop
      vertex   -3.847104e-04 2.795085e-04 1.545085e-04
      vertex   -3.955768e-04 2.283864e-04 2.033683e-04
      vertex   -3.695369e-04 2.684843e-04 2.033683e-04
    endloop
  endfacet
  facet normal -7.256559e-01 5.876246e-01 3.579398e-01
    outer loop
      vertex   -3.847104e-04 2.795085e-04 1.545085e-04
      vertex   -3.695369e-04 2.684843e-04 2.033683e-04
      vertex   -3.533864e-04 3.181905e-04 1.545085e-04
    endloop
  endfacet
  facet normal -7.256559e-01 5.876246e-01 3.579398e-01
    outer loop
      vertex   -3.533864e-04 3.181905e-04 1.545085e-04
      vertex   -3.695369e-04 2.684843e-04 2.033683e-04
      vertex   -3.394483e-04 3.056406e-04 2.033683e-04
    endloop
  endfacet
  facet normal -6.602572e-01 6.602572e-01 3.579398e-01
    outer loop
      vertex   -3.533864e-04 3.181905e-04 1.545085e-04
      vertex   -3.394483e-04 3.056406e-04 2.033683e-04
      vertex   -3.181905e-04 3.533864e-04 1.545085e-04
    endloop
  endfacet
  facet normal -6.602572e-01 6.602572e-01 3.579398e-01
    outer loop
      vertex   -3.181905e-04 3.533864e-04 1.545085e-04
      vertex   -3.394483e-04 3.056406e-04 2.033683e-04
      vertex   -3.056406e-04 3.394483e-04 2.033683e-04
    endloop
  endfacet
  facet normal -5.876246e-01 7.256559e-01 3.579398e-01
    outer loop
      vertex   -3.181905e-04 3.533864e-04 1.545085e-04
      vertex   -3.056406e-04 3.394483e-04 2.033683e-04
      vertex   -2.795085e-04 3.847104e-04 1.545085e-04
    endloop
  endfacet
  facet normal -5.876246e-01 7.256559e-01 3.579398e-01
    outer loop
      vertex   -2.795085e-04 3.847104e-04 1.545085e-04
      vertex   -3.056406e-04 3.394483e-04 2.033683e-04
      vertex   -2.684843e-04 3.695369e-04 2.033683e-04
    endloop
  endfacet
  facet normal -5.085538e-01 7.831042e-01 3.579398e-01
    outer loop
      vertex   -2.795085e-04 3.847104e-04 1.545085e-04
      vertex   -2.684843e-04 3.695369e-04 2.033683e-04
      vertex   -2.377641e-04 4.118196e-04 1.545085e-04
    endloop
  endfacet
  facet normal -5.085538e-01 7.831042e-01 3.579398e-01
    outer loop
      vertex   -2.377641e-04 4.118196e-04 1.545085e-04
      vertex   -2.684843e-04 3.695369e-04 2.033683e-04
      vertex   -2.283864e-04 3.955768e-04 2.033683e-04
    endloop
  endfacet
  facet normal -4.239112e-01 8.319726e-01 3.579398e-01
    outer loop
      vertex   -2.377641e-04 4.118196e-04 1.545085e-04
      vertex   -2.283864e-04 3.955768e-04 2.033683e-04
      vertex   -1.934148e-04 4.344167e-04 1.545085e-04
    endloop
  endfacet
  facet normal -4.239112e-01 8.319726e-01 3.579398e-01
    outer loop
      vertex   -1.934148e-04 4.344167e-04 1.545085e-04
      vertex   -2.283864e-04 3.955768e-04 2.033683e-04
      vertex   -1.857862e-04 4.172827e-04 2.033683e-04
    endloop
  endfacet
  facet normal -3.346242e-01 8.717257e-01 3.579398e-01
    outer loop
      vertex   -1.934148e-04 4.344167e-04 1.545085e-04
      vertex   -1.857862e-04 4.172827e-04 2.033683e-04
      vertex   -1.469463e-04 4.522542e-04 1.545085e-04
    endloop
  endfacet
  facet normal -3.346242e-01 8.717257e-01 3.579398e-01
    outer loop
      vertex   -1.469463e-04 4.522542e-04 1.545085e-04
      vertex   -1.857862e-04 4.172827e-04 2.033683e-04
      vertex   -1.411505e-04 4.344167e-04 2.033683e-04
    endloop
  endfacet
  facet normal -2.416709e-01 9.019281e-01 3.579398e-01
    outer loop
      vertex   -1.469463e-04 4.522542e-04 1.545085e-04
      vertex   -1.411505e-04 4.344167e-04 2.033683e-04
      vertex   -9.886788e-05 4.651368e-04 1.545085e-04
    endloop
  endfacet
  facet normal -2.416709e-01 9.019281e-01 3.579398e-01
    outer loop
      vertex   -9.886788e-05 4.651368e-04 1.545085e-04
      vertex   -1.411505e-04 4.344167e-04 2.033683e-04
      vertex   -9.496839e-05 4.467911e-04 2.033683e-04
    endloop
  endfacet
  facet normal -1.460698e-01 9.222487e-01 3.579398e-01
    outer loop
      vertex   -9.886788e-05 4.651368e-04 1.545085e-04
      vertex   -9.496839e-05 4.467911e-04 2.033683e-04
      vertex   -4.970624e-05 4.729233e-04 1.545085e-04
    endloop
  endfacet
  facet normal -1.460698e-01 9.222487e-01 3.579398e-01
    outer loop
      vertex   -4.970624e-05 4.729233e-04 1.545085e-04
      vertex   -9.496839e-05 4.467911e-04 2.033683e-04
      vertex   -4.774575e-05 4.542705e-04 2.033683e-04
    endloop
  endfacet
  facet normal -4.886842e-02 9.324650e-01 3.579398e-01
    outer loop
      vertex   -4.970624e-05 4.729233e-04 1.545085e-04
      vertex   -4.774575e-05 4.542705e-04 2.033683e-04
      vertex   2.911771e-20 4.755283e-04 1.545085e-04
    endloop
  endfacet
  facet normal -4.886842e-02 9.324650e-01 3.579398e-01
    outer loop
      vertex   2.911771e-20 4.755283e-04 1.545085e-04
      vertex   -4.774575e-05 4.542705e-04 2.033683e-04
      vertex   2.796926e-20 4.567727e-04 2.033683e-04
    endloop
  endfacet
  facet normal 4.886842e-02 9.324650e-01 3.579398e-01
    outer loop
      vertex   2.911771e-20 4.755283e-04 1.545085e-04
      vertex   2.796926e-20 4.567727e-04 2.033683e-04
      vertex   4.970624e-05 4.729233e-04 1.545085e-04
    endloop
  endfacet
  facet normal 4.886842e-02 9.324650e-01 3.579398e-01
    outer loop
      vertex   4.970624e-05 4.729233e-04 1.545085e-04
      vertex   2.796926e-20 4.567727e-04 2.033683e-04
      vertex   4.774575e-05 4.542705e-04 2.033683e-04
    endloop
  endfacet
  facet normal 1.460698e-01 9.222487e-01 3.579398e-01
    outer loop
      vertex   4.970624e-05 4.729233e-04 1.545085e-04
      vertex   4.774575e-05 4.542705e-04 2.033683e-04
      vertex   9.886788e-05 4.651368e-04 1.545085e-04
    endloop
  endfacet
  facet normal 1.460698e-01 9.222487e-01 3.579398e-01
    outer loop
      vertex   9.886788e-05 4.651368e-04 1.545085e-04
      vertex   4.774575e-05 4.542705e-04 2.033683e-04
      vertex   9.496839e-05 4.467911e-04 2.033683e-04
    endloop
  endfacet
  facet normal 2.416709e-01 9.019281e-01 3.579398e-01
    outer loop
      vertex   9.886788e-05 4.651368e-04 1.545085e-04
      vertex   9.496839e-05 4.467911e-04 2.033683e-04
      vertex   1.469463e-04 4.522542e-04 1.545085e-04
    endloop
  endfacet
  facet normal 2.416709e-01 9.019281e-01 3.579398e-01
    outer loop
      vertex   1.469463e-04 4.522542e-04 1.545085e-04
      vertex   9.496839e-05 4.467911e-04 2.033683e-04
      vertex   1.411505e-04 4.344167e-04 2.033683e-04
    endloop
  endfacet
  facet normal 3.346242e-01 8.717257e-01 3.579398e-01
    outer loop
      vertex   1.469463e-04 4.522542e-04 1.545085e-04
      vertex   1.411505e-04 4.344167e-04 2.033683e-04
      vertex   1.934148e-04 4.344167e-04 1.545085e-04
    endloop
  endfacet
  facet normal 3.346242e-01 8.717257e-01 3.579398e-01
    outer loop
      vertex   1.934148e-04 4.344167e-04 1.545085e-04
      vertex   1.411505e-04 4.344167e-04 2.033683e-04
      vertex   1.857862e-04 4.172827e-04 2.033683e-04
    endloop
  endfacet
  facet normal 4.239112e-01 8.319726e-01 3.579398e-01
    outer loop
      vertex   1.934148e-04 4.344167e-04 1.545085e-04
      vertex   1.857862e-04 4.172827e-04 2.033683e-04
      vertex   2.377641e-04 4.118196e-04 1.545085e-04
    endloop
  endfacet
  facet normal 4.239112e-01 8.319726e-01 3.579398e-01
    outer loop
      vertex   2.377641e-04 4.118196e-04 1.545085e-04
      vertex   1.857862e-04 4.172827e-04 2.033683e-04
      vertex   2.283864e-04 3.955768e-04 2.033683e-04
    endloop
  endfacet
  facet normal 5.085538e-01 7.831042e-01 3.579398e-01
    outer loop
      vertex   2.377641e-04 4.118196e-04 1.545085e-04
      vertex   2.283864e-04 3.955768e-04 2.033683e-04
      vertex   2.795085e-04 3.847104e-04 1.545085e-04
    endloop
  endfacet
  facet normal 5.085538e-01 7.831042e-01 3.579398e-01
    outer loop
      vertex   2.795085e-04 3.847104e-04 1.545085e-04
      vertex   2.283864e-04 3.955768e-04 2.033683e-04
      vertex   2.684843e-04 3.695369e-04 2.033683e-04
    endloop
  endfacet
  facet normal 5.876246e-01 7.256559e-01 3.579398e-01
    outer loop
      vertex   2.795085e-04 3.847104e-04 1.545085e-04
      vertex   2.684843e-04 3.695369e-04 2.033683e-04
      vertex   3.181905e-04 3.533864e-04 1.545085e-04
    endloop
  endfacet
  facet normal 5.876246e-01 7.256559e-01 3.579398e-01
    outer loop
      vertex   3.181905e-04 3.533864e-04 1.545085e-04
      vertex   2.684843e-04 3.695369e-04 2.033683e-04
      vertex   3.056406e-04 3.394483e-04 2.033683e-04
    endloop
  endfacet
  facet normal 6.602572e-01 6.602572e-01 3.579398e-01
    outer loop
      vertex   3.181905e-04 3.533864e-04 1.545085e-04
      vertex   3.056406e-04 3.394483e-04 2.033683e-04
      vertex   3.533864e-04 3.181905e-04 1.545085e-04
    endloop
  endfacet
  facet normal 6.602572e-01 6.602572e-01 3.579398e-01
    outer loop
      vertex   3.533864e-04 3.181905e-04 1.545085e-04
      vertex   3.056406e-04 3.394483e-04 2.033683e-04
      vertex   3.394483e-04 3.056406e-04 2.033683e-04
    endloop
  endfacet
  facet normal 7.256559e-01 5.876246e-01 3.579398e-01
    outer loop
      vertex   3.533864e-04 3.181905e-04 1.545085e-04
      vertex   3.394483e-04 3.056406e-04 2.033683e-04
      vertex   3.847104e-04 2.795085e-04 1.545085e-04
    endloop
  endfacet
  facet normal 7.256559e-01 5.876246e-01 3.579398e-01
    outer loop
      vertex   3.847104e-04 2.795085e-04 1.545085e-04
      vertex   3.394483e-04 3.056406e-04 2.033683e-04
      vertex   3.695369e-04 2.684843e-04 2.033683e-04
    endloop
  endfacet
  facet normal 7.831042e-01 5.085538e-01 3.579398e-01
    outer loop
      vertex   3.847104e-04 2.795085e-04 1.545085e-04
      vertex   3.695369e-04 2.684843e-04 2.033683e-04
      vertex   4.118196e-04 2.377641e-04 1.545085e-04
    endloop
  endfacet
  facet normal 7.831042e-01 5.085538e-01 3.579398e-01
    outer loop
      vertex   4.118196e-04 2.377641e-04 1.545085e-04
      vertex   3.695369e-04 2.684843e-04 2.033683e-04
      vertex   3.955768e-04 2.283864e-04 2.033683e-04
    endloop
  endfacet
  facet normal 8.319726e-01 4.239112e-01 3.579398e-01
    outer loop
      vertex   4.118196e-04 2.377641e-04 1.545085e-04
      vertex   3.955768e-04 2.283864e-04 2.033683e-04
      vertex   4.344167e-04 1.934148e-04 1.545085e-04
    endloop
  endfacet
  facet normal 8.319726e-01 4.239112e-01 3.579398e-01
    outer loop
      vertex   4.344167e-04 1.934148e-04 1.545085e-04
      vertex   3.955768e-04 2.283864e-04 2.033683e-04
      vertex   4.172827e-04 1.857862e-04 2.033683e-04
    endloop
  endfacet
  facet normal 8.717257e-01 3.346242e-01 3.579398e-01
    outer loop
      vertex   4.344167e-04 1.934148e-04 1.545085e-04
      vertex   4.172827e-04 1.857862e-04 2.033683e-04
      vertex   4.522542e-04 1.469463e-04 1.545085e-04
    endloop
  endfacet
  facet normal 8.717257e-01 3.346242e-01 3.579398e-01
    outer loop
      vertex   4.522542e-04 1.469463e-04 1.545085e-04
      vertex   4.172827e-04 1.857862e-04 2.033683e-04
      vertex   4.344167e-04 1.411505e-04 2.033683e-04
    endloop
  endfacet
  facet normal 9.019281e-01 2.416709e-01 3.579398e-01
    outer loop
      vertex   4.522542e-04 1.469463e-04 1.545085e-04
      vertex   4.344167e-04 1.411505e-04 2.033683e-04
      vertex   4.651368e-04 9.886788e-05 1.545085e-04
    endloop
  endfacet
  facet normal 9.019281e-01 2.416709e-01 3.579398e-01
    outer loop
      vertex   4.651368e-04 9.886788e-05 1.545085e-04
      vertex   4.344167e-04 1.411505e-04 2.033683e-04
      vertex   4.467911e-04 9.496839e-05 2.033683e-04
    endloop
  endfacet
  facet normal 9.222487e-01 1.460698e-01 3.579398e-01
    outer loop
      vertex   4.651368e-04 9.886788e-05 1.545085e-04
      vertex   4.467911e-04 9.496839e-05 2.033683e-04
      vertex   4.729233e-04 4.970624e-05 1.545085e-04
    endloop
  endfacet
  facet normal 9.222487e-01 1.460698e-01 3.579398e-01
    outer loop
      vertex   4.729233e-04 4.970624e-05 1.545085e-04
      vertex   4.467911e-04 9.496839e-05 2.033683e-04
      vertex   4.542705e-04 4.774575e-05 2.033683e-04
    endloop
  endfacet
  facet normal 9.324650e-01 4.886842e-02 3.579398e-01
    outer loop
      vertex   4.729233e-04 4.970624e-05 1.545085e-04
      vertex   4.542705e-04 4.774575e-05 2.033683e-04
      vertex   4.755283e-04 0.000000e+00 1.545085e-04
    endloop
  endfacet
  facet normal 9.324650e-01 4.886842e-02 3.579398e-01
    outer loop
      vertex   4.755283e-04 0.000000e+00 1.545085e-04
      vertex   4.542705e-04 4.774575e-05 2.033683e-04
      vertex   4.567727e-04 0.000000e+00 2.033683e-04
    endloop
  endfacet
  facet normal 8.900367e-01 -4.664485e-02 4.534963e-01
    outer loop
      vertex   4.567727e-04 0.000000e+00 2.033683e-04
      vertex   4.330127e-04 0.000000e+00 2.500000e-04
      vertex   4.542705e-04 -4.774575e-05 2.033683e-04
    endloop
  endfacet
  facet normal 8.900367e-01 -4.664485e-02 4.534963e-01
    outer loop
      vertex   4.542705e-04 -4.774575e-05 2.033683e-04
      vertex   4.330127e-04 0.000000e+00 2.500000e-04
      vertex   4.306406e-04 -4.526215e-05 2.500000e-04
    endloop
  endfacet
  facet normal 8.802853e-01 -1.394235e-01 4.534963e-01
    outer loop
      vertex   4.542705e-04 -4.774575e-05 2.033683e-04
      vertex   4.306406e-04 -4.526215e-05 2.500000e-04
      vertex   4.467911e-04 -9.496839e-05 2.033683e-04
    endloop
  endfacet
  facet normal 8.802853e-01 -1.394235e-01 4.534963e-01
    outer loop
      vertex   4.467911e-04 -9.496839e-05 2.033683e-04
      vertex   4.306406e-04 -4.526215e-05 2.500000e-04
      vertex   4.235503e-04 -9.002840e-05 2.500000e-04
    endloop
  endfacet
  facet normal 8.608893e-01 -2.306746e-01 4.534963e-01
    outer loop
      vertex   4.467911e-04 -9.496839e-05 2.033683e-04
      vertex   4.235503e-04 -9.002840e-05 2.500000e-04
      vertex   4.344167e-04 -1.411505e-04 2.033683e-04
    endloop
  endfacet
  facet normal 8.608893e-01 -2.306746e-01 4.534963e-01
    outer loop
      vertex   4.344167e-04 -1.411505e-04 2.033683e-04
      vertex   4.235503e-04 -9.002840e-05 2.500000e-04
      vertex   4.118196e-04 -1.338083e-04 2.500000e-04
    endloop
  endfacet
  facet normal 8.320611e-01 -3.193984e-01 4.534963e-01
    outer loop
      vertex   4.344167e-04 -1.411505e-04 2.033683e-04
      vertex   4.118196e-04 -1.338083e-04 2.500000e-04
      vertex   4.172827e-04 -1.857862e-04 2.033683e-04
    endloop
  endfacet
  facet normal 8.320611e-01 -3.193984e-01 4.534963e-01
    outer loop
      vertex   4.172827e-04 -1.857862e-04 2.033683e-04
      vertex   4.118196e-04 -1.338083e-04 2.500000e-04
      vertex   3.955768e-04 -1.761221e-04 2.500000e-04
    endloop
  endfacet
  facet normal 7.941168e-01 -4.046227e-01 4.534963e-01
    outer loop
      vertex   4.172827e-04 -1.857862e-04 2.033683e-04
      vertex   3.955768e-04 -1.761221e-04 2.500000e-04
      vertex   3.955768e-04 -2.283864e-04 2.033683e-04
    endloop
  endfacet
  facet normal 7.941168e-01 -4.046227e-01 4.534963e-01
    outer loop
      vertex   3.955768e-04 -2.283864e-04 2.033683e-04
      vertex   3.955768e-04 -1.761221e-04 2.500000e-04
      vertex   3.750000e-04 -2.165064e-04 2.500000e-04
    endloop
  endfacet
  facet normal 7.474720e-01 -4.854140e-01 4.534963e-01
    outer loop
      vertex   3.955768e-04 -2.283864e-04 2.033683e-04
      vertex   3.750000e-04 -2.165064e-04 2.500000e-04
      vertex   3.695369e-04 -2.684843e-04 2.033683e-04
    endloop
  endfacet
  facet normal 7.474720e-01 -4.854140e-01 4.534963e-01
    outer loop
      vertex   3.695369e-04 -2.684843e-04 2.033683e-04
      vertex   3.750000e-04 -2.165064e-04 2.500000e-04
      vertex   3.503146e-04 -2.545185e-04 2.500000e-04
    endloop
  endfacet
  facet normal 6.926377e-01 -5.608869e-01 4.534963e-01
    outer loop
      vertex   3.695369e-04 -2.684843e-04 2.033683e-04
      vertex   3.503146e-04 -2.545185e-04 2.500000e-04
      vertex   3.394483e-04 -3.056406e-04 2.033683e-04
    endloop
  endfacet
  facet normal 6.926377e-01 -5.608869e-01 4.534963e-01
    outer loop
      vertex   3.394483e-04 -3.056406e-04 2.033683e-04
      vertex   3.503146e-04 -2.545185e-04 2.500000e-04
      vertex   3.217911e-04 -2.897421e-04 2.500000e-04
    endloop
  endfacet
  facet normal 6.302147e-01 -6.302147e-01 4.534963e-01
    outer loop
      vertex   3.394483e-04 -3.056406e-04 2.033683e-04
      vertex   3.217911e-04 -2.897421e-04 2.500000e-04
      vertex   3.056406e-04 -3.394483e-04 2.033683e-04
    endloop
  endfacet
  facet normal 6.302147e-01 -6.302147e-01 4.534963e-01
    outer loop
      vertex   3.056406e-04 -3.394483e-04 2.033683e-04
      vertex   3.217911e-04 -2.897421e-04 2.500000e-04
      vertex   2.897421e-04 -3.217911e-04 2.500000e-04
    endloop
  endfacet
  facet normal 5.608869e-01 -6.926377e-01 4.534963e-01
    outer loop
      vertex   3.056406e-04 -3.394483e-04 2.033683e-04
      vertex   2.897421e-04 -3.217911e-04 2.500000e-04
      vertex   2.684843e-04 -3.695369e-04 2.033683e-04
    endloop
  endfacet
  facet normal 5.608869e-01 -6.926377e-01 4.534963e-01
    outer loop
      vertex   2.684843e-04 -3.695369e-04 2.033683e-04
      vertex   2.897421e-04 -3.217911e-04 2.500000e-04
      vertex   2.545185e-04 -3.503146e-04 2.500000e-04
    endloop
  endfacet
  facet normal 4.854140e-01 -7.474720e-01 4.534963e-01
    outer loop
      vertex   2.684843e-04 -3.695369e-04 2.033683e-04
      vertex   2.545185e-04 -3.503146e-04 2.500000e-04
      vertex   2.283864e-04 -3.955768e-04 2.033683e-04
    endloop
  endfacet
  facet normal 4.854140e-01 -7.474720e-01 4.534963e-01
    outer loop
      vertex   2.283864e-04 -3.955768e-04 2.033683e-04
      vertex   2.545185e-04 -3.503146e-04 2.500000e-04
      vertex   2.165064e-04 -3.750000e-04 2.500000e-04
    endloop
  endfacet
  facet normal 4.046227e-01 -7.941168e-01 4.534963e-01
    outer loop
      vertex   2.283864e-04 -3.955768e-04 2.033683e-04
      vertex   2.165064e-04 -3.750000e-04 2.500000e-04
      vertex   1.857862e-04 -4.172827e-04 2.033683e-04
    endloop
  endfacet
  facet normal 4.046227e-01 -7.941168e-01 4.534963e-01
    outer loop
      vertex   1.857862e-04 -4.172827e-04 2.033683e-04
      vertex   2.165064e-04 -3.750000e-04 2.500000e-04
      vertex   1.761221e-04 -3.955768e-04 2.500000e-04
    endloop
  endfacet
  facet normal 3.193984e-01 -8.320611e-01 4.534963e-01
    outer loop
      vertex   1.857862e-04 -4.172827e-04 2.033683e-04
      vertex   1.761221e-04 -3.955768e-04 2.500000e-04
      vertex   1.411505e-04 -4.344167e-04 2.033683e-04
    endloop
  endfacet
  facet normal 3.193984e-01 -8.320611e-01 4.534963e-01
    outer loop
      vertex   1.411505e-04 -4.344167e-04 2.033683e-04
      vertex   1.761221e-04 -3.955768e-04 2.500000e-04
      vertex   1.338083e-04 -4.118196e-04 2.500000e-04
    endloop
  endfacet
  facet normal 2.306746e-01 -8.608893e-01 4.534963e-01
    outer loop
      vertex   1.411505e-04 -4.344167e-04 2.033683e-04
      vertex   1.338083e-04 -4.118196e-04 2.500000e-04
      vertex   9.496839e-05 -4.467911e-04 2.033683e-04
    endloop
  endfacet
  facet normal 2.306746e-01 -8.608893e-01 4.534963e-01
    outer loop
      vertex   9.496839e-05 -4.467911e-04 2.033683e-04
      vertex   1.338083e-04 -4.118196e-04 2.500000e-04
      vertex   9.002840e-05 -4.235503e-04 2.500000e-04
    endloop
  endfacet
  facet normal 1.394235e-01 -8.802853e-01 4.534963e-01
    outer loop
      vertex   9.496839e-05 -4.467911e-04 2.033683e-04
      vertex   9.002840e-05 -4.235503e-04 2.500000e-04
      vertex   4.774575e-05 -4.542705e-04 2.033683e-04
    endloop
  endfacet
  facet normal 1.394235e-01 -8.802853e-01 4.534963e-01
    outer loop
      vertex   4.774575e-05 -4.542705e-04 2.033683e-04
      vertex   9.002840e-05 -4.235503e-04 2.500000e-04
      vertex   4.526215e-05 -4.306406e-04 2.500000e-04
    endloop
  endfacet
  facet normal 4.664485e-02 -8.900367e-01 4.534963e-01
    outer loop
      vertex   4.774575e-05 -4.542705e-04 2.033683e-04
      vertex   4.526215e-05 -4.306406e-04 2.500000e-04
      vertex   2.796926e-20 -4.567727e-04 2.033683e-04
    endloop
  endfacet
  facet normal 4.664485e-02 -8.900367e-01 4.534963e-01
    outer loop
      vertex   2.796926e-20 -4.567727e-04 2.033683e-04
      vertex   4.526215e-05 -4.306406e-04 2.500000e-04
      vertex   2.651438e-20 -4.330127e-04 2.500000e-04
    endloop
  endfacet
  facet normal -4.664485e-02 -8.900367e-01 4.534963e-01
    outer loop
      vertex   2.796926e-20 -4.567727e-04 2.033683e-04
      vertex   2.651438e-20 -4.330127e-04 2.500000e-04
      vertex   -4.774575e-05 -4.542705e-04 2.033683e-04
    endloop
  endfacet
  facet normal -4.664485e-02 -8.900367e-01 4.534963e-01
    outer loop
      vertex   -4.774575e-05 -4.542705e-04 2.033683e-04
      vertex   2.651438e-20 -4.330127e-04 2.500000e-04
      vertex   -4.526215e-05 -4.306406e-04 2.500000e-04
    endloop
  endfacet
  facet normal -1.394235e-01 -8.802853e-01 4.534963e-01
    outer loop
      vertex   -4.774575e-05 -4.542705e-04 2.033683e-04
      vertex   -4.526215e-05 -4.306406e-04 2.500000e-04
      vertex   -9.496839e-05 -4.467911e-04 2.033683e-04
    endloop
  endfacet
  facet normal -1.394235e-01 -8.802853e-01 4.534963e-01
    outer loop
      vertex   -9.496839e-05 -4.467911e-04 2.033683e-04
      vertex   -4.526215e-05 -4.306406e-04 2.500000e-04
      vertex   -9.002840e-05 -4.235503e-04 2.500000e-04
    endloop
  endfacet
  facet normal -2.306746e-01 -8.608893e-01 4.534963e-01
    outer loop
      vertex   -9.496839e-05 -4.467911e-04 2.033683e-04
      vertex   -9.002840e-05 -4.235503e-04 2.500000e-04
      vertex   -1.411505e-04 -4.344167e-04 2.033683e-04
    endloop
  endfacet
  facet normal -2.306746e-01 -8.608893e-01 4.534963e-01
    outer loop
      vertex   -1.411505e-04 -4.344167e-04 2.033683e-04
      vertex   -9.002840e-05 -4.235503e-04 2.500000e-04
      vertex   -1.338083e-04 -4.118196e-04 2.500000e-04
    endloop
  endfacet
  facet normal -3.193984e-01 -8.320611e-01 4.534963e-01
    outer loop
      vertex   -1.411505e-04 -4.344167e-04 2.033683e-04
      vertex   -1.338083e-04 -4.118196e-04 2.500000e-04
      vertex   -1.857862e-04 -4.172827e-04 2.033683e-04
    endloop
  endfacet
  facet normal -3.193984e-01 -8.320611e-01 4.534963e-01
    outer loop
      vertex   -1.857862e-04 -4.172827e-04 2.033683e-04
      vertex   -1.338083e-04 -4.118196e-04 2.500000e-04
      vertex   -1.761221e-04 -3.955768e-04 2.500000e-04
    endloop
  endfacet
  facet normal -4.046227e-01 -7.941168e-01 4.534963e-01
    outer loop
      vertex   -1.857862e-04 -4.172827e-04 2.033683e-04
      vertex   -1.761221e-04 -3.955768e-04 2.500000e-04
      vertex   -2.283864e-04 -3.955768e-04 2.033683e-04
    endloop
  endfacet
  facet normal -4.046227e-01 -7.941168e-01 4.534963e-01
    outer loop
      vertex   -2.283864e-04 -3.955768e-04 2.033683e-04
      vertex   -1.761221e-04 -3.955768e-04 2.500000e-04
      vertex   -2.165064e-04 -3.750000e-04 2.500000e-04
    endloop
  endfacet
  facet normal -4.854140e-01 -7.474720e-01 4.534963e-01
    outer loop
      vertex   -2.283864e-04 -3.955768e-04 2.033683e-04
      vertex   -2.165064e-04 -3.750000e-04 2.500000e-04
      vertex   -2.684843e-04 -3.695369e-04 2.033683e-04
    endloop
  endfacet
  facet normal -4.854140e-01 -7.474720e-01 4.534963e-01
    outer loop
      vertex   -2.684843e-04 -3.695369e-04 2.033683e-04
      vertex   -2.165064e-04 -3.750000e-04 2.500000e-04
      vertex   -2.545185e-04 -3.503146e-04 2.500000e-04
    endloop
  endfacet
  facet normal -5.608869e-01 -6.926377e-01 4.534963e-01
    outer loop
      vertex   -2.684843e-04 -3.695369e-04 2.033683e-04
      vertex   -2.545185e-04 -3.503146e-04 2.500000e-04
      vertex   -3.056406e-04 -3.394483e-04 2.033683e-04
    endloop
  endfacet
  facet normal -5.608869e-01 -6.926377e-01 4.534963e-01
    outer loop
      vertex   -3.056406e-04 -3.394483e-04 2.033683e-04
      vertex   -2.545185e-04 -3.503146e-04 2.500000e-04
      vertex   -2.897421e-04 -3.217911e-04 2.500000e-04
    endloop
  endfacet
  facet normal -6.302147e-01 -6.302147e-01 4.534963e-01
    outer loop
      vertex   -3.056406e-04 -3.394483e-04 2.033683e-04
      vertex   -2.897421e-04 -3.217911e-04 2.500000e-04
      vertex   -3.394483e-04 -3.056406e-04 2.033683e-04
    endloop
  endfacet
  facet normal -6.302147e-01 -6.302147e-01 4.534963e-01
    outer loop
      vertex   -3.394483e-04 -3.056406e-04 2.033683e-04
      vertex   -2.897421e-04 -3.217911e-04 2.500000e-04
      vertex   -3.217911e-04 -2.897421e-04 2.500000e-04
    endloop
  endfacet
  facet normal -6.926377e-01 -5.608869e-01 4.534963e-01
    outer loop
      vertex   -3.394483e-04 -3.056406e-04 2.033683e-04
      vertex   -3.217911e-04 -2.897421e-04 2.500000e-04
      vertex   -3.695369e-04 -2.684843e-04 2.033683e-04
    endloop
  endfacet
  facet normal -6.926377e-01 -5.608869e-01 4.534963e-01
    outer loop
      vertex   -3.695369e-04 -2.684843e-04 2.033683e-04
      vertex   -3.217911e-04 -2.897421e-04 2.500000e-04
      vertex   -3.503146e-04 -2.545185e-04 2.500000e-04
    endloop
  endfacet
  facet normal -7.474720e-01 -4.854140e-01 4.534963e-01
    outer loop
      vertex   -3.695369e-04 -2.684843e-04 2.033683e-04
      vertex   -3.503146e-04 -2.545185e-04 2.500000e-04
      vertex   -3.955768e-04 -2.283864e-04 2.033683e-04
    endloop
  endfacet
  facet normal -7.474720e-01 -4.854140e-01 4.534963e-01
    outer loop
      vertex   -3.955768e-04 -2.283864e-04 2.033683e-04
      vertex   -3.503146e-04 -2.545185e-04 2.500000e-04
      vertex   -3.750000e-04 -2.165064e-04 2.500000e-04
    endloop
  endfacet
  facet normal -7.941168e-01 -4.046227e-01 4.534963e-01
    outer loop
      vertex   -3.955768e-04 -2.283864e-04 2.033683e-04
      vertex   -3.750000e-04 -2.165064e-04 2.500000e-04
      vertex   -4.172827e-04 -1.857862e-04 2.033683e-04
    endloop
  endfacet
  facet normal -7.941168e-01 -4.046227e-01 4.534963e-01
    outer loop
      vertex   -4.172827e-04 -1.857862e-04 2.033683e-04
      vertex   -3.750000e-04 -2.165064e-04 2.500000e-04
      vertex   -3.955768e-04 -1.761221e-04 2.500000e-04
    endloop
  endfacet
  facet normal -8.320611e-01 -3.193984e-01 4.534963e-01
    outer loop
      vertex   -4.172827e-04 -1.857862e-04 2.033683e-04
      vertex   -3.955768e-04 -1.761221e-04 2.500000e-04
      vertex   -4.344167e-04 -1.411505e-04 2.033683e-04
    endloop
  endfacet
  facet normal -8.320611e-01 -3.193984e-01 4.534963e-01
    outer loop
      vertex   -4.344167e-04 -1.411505e-04 2.033683e-04
      vertex   -3.955768e-04 -1.761221e-04 2.500000e-04
      vertex   -4.118196e-04 -1.338083e-04 2.500000e-04
    endloop
  endfacet
  facet normal -8.608893e-01 -2.306746e-01 4.534963e-01
    outer loop
      vertex   -4.344167e-04 -1.411505e-04 2.033683e-04
      vertex   -4.118196e-04 -1.338083e-04 2.500000e-04
      vertex   -4.467911e-04 -9.496839e-05 2.033683e-04
    endloop
  endfacet
  facet normal -8.608893e-01 -2.306746e-01 4.534963e-01
    outer loop
      vertex   -4.467911e-04 -9.496839e-05 2.033683e-04
      vertex   -4.118196e-04 -1.338083e-04 2.500000e-04
      vertex   -4.235503e-04 -9.002840e-05 2.500000e-04
    endloop
  endfacet
  facet normal -8.802853e-01 -1.394235e-01 4.534963e-01
    outer loop
      vertex   -4.467911e-04 -9.496839e-05 2.033683e-04
      vertex   -4.235503e-04 -9.002840e-05 2.500000e-04
      vertex   -4.542705e-04 -4.774575e-05 2.033683e-04
    endloop
  endfacet
  facet normal -8.802853e-01 -1.394235e-01 4.534963e-01
    outer loop
      vertex   -4.542705e-04 -4.774575e-05 2.033683e-04
      vertex   -4.235503e-04 -9.002840e-05 2.500000e-04
      vertex   -4.306406e-04 -4.526215e-05 2.500000e-04
    endloop
  endfacet
  facet normal -8.900367e-01 -4.664485e-02 4.534963e-01
    outer loop
      vertex   -4.542705e-04 -4.774575e-05 2.033683e-04
      vertex   -4.306406e-04 -4.526215e-05 2.500000e-04
      vertex   -4.567727e-04 -5.593853e-20 2.033683e-04
    endloop
  endfacet
  facet normal -8.900367e-01 -4.664485e-02 4.534963e-01
    outer loop
      vertex   -4.567727e-04 -5.593853e-20 2.033683e-04
      vertex   -4.306406e-04 -4.526215e-05 2.500000e-04
      vertex   -4.330127e-04 -5.302876e-20 2.500000e-04
    endloop
  endfacet
  facet normal -8.900367e-01 4.664485e-02 4.534963e-01
    outer loop
      vertex   -4.567727e-04 -5.593853e-20 2.033683e-04
      vertex   -4.330127e-04 -5.302876e-20 2.500000e-04
      vertex   -4.542705e-04 4.774575e-05 2.033683e-04
    endloop
  endfacet
  facet normal -8.900367e-01 4.664485e-02 4.534963e-01
    outer loop
      vertex   -4.542705e-04 4.774575e-05 2.033683e-04
      vertex   -4.330127e-04 -5.302876e-20 2.500000e-04
      vertex   -4.306406e-04 4.526215e-05 2.500000e-04
    endloop
  endfacet
  facet normal -8.802853e-01 1.394235e-01 4.534963e-01
    outer loop
      vertex   -4.542705e-04 4.774575e-05 2.033683e-04
      vertex   -4.306406e-04 4.526215e-05 2.500000e-04
      vertex   -4.467911e-04 9.496839e-05 2.033683e-04
    endloop
  endfacet
  facet normal -8.802853e-01 1.394235e-01 4.534963e-01
    outer loop
      vertex   -4.467911e-04 9.496839e-05 2.033683e-04
      vertex   -4.306406e-04 4.526215e-05 2.500000e-04
      vertex   -4.235503e-04 9.002840e-05 2.500000e-04
    endloop
  endfacet
  facet normal -8.608893e-01 2.306746e-01 4.534963e-01
    outer loop
      vertex   -4.467911e-04 9.496839e-05 2.033683e-04
      vertex   -4.235503e-04 9.002840e-05 2.500000e-04
      vertex   -4.344167e-04 1.411505e-04 2.033683e-04
    endloop
  endfacet
  facet normal -8.608893e-01 2.306746e-01 4.534963e-01
    outer loop
      vertex   -4.344167e-04 1.411505e-04 2.033683e-04
      vertex   -4.235503e-04 9.002840e-05 2.500000e-04
      vertex   -4.118196e-04 1.338083e-04 2.500000e-04
    endloop
  endfacet
  facet normal -8.320611e-01 3.193984e-01 4.534963e-01
    outer loop
      vertex   -4.344167e-04 1.411505e-04 2.033683e-04
      vertex   -4.118196e-04 1.338083e-04 2.500000e-04
      vertex   -4.172827e-04 1.857862e-04 2.033683e-04
    endloop
  endfacet
  facet normal -8.320611e-01 3.193984e-01 4.534963e-01
    outer loop
      vertex   -4.172827e-04 1.857862e-04 2.033683e-04
      vertex   -4.118196e-04 1.338083e-04 2.500000e-04
      vertex   -3.955768e-04 1.761221e-04 2.500000e-04
    endloop
  endfacet
  facet normal -7.941168e-01 4.046227e-01 4.534963e-01
    outer loop
      vertex   -4.172827e-04 1.857862e-04 2.033683e-04
      vertex   -3.955768e-04 1.761221e-04 2.500000e-04
      vertex   -3.955768e-04 2.283864e-04 2.033683e-04
    endloop
  endfacet
  facet normal -7.941168e-01 4.046227e-01 4.534963e-01
    outer loop
      vertex   -3.955768e-04 2.283864e-04 2.033683e-04
      vertex   -3.955768e-04 1.761221e-04 2.500000e-04
      vertex   -3.750000e-04 2.165064e-04 2.500000e-04
    endloop
  endfacet
  facet normal -7.474720e-01 4.854140e-01 4.534963e-01
    outer loop
      vertex   -3.955768e-04 2.283864e-04 2.033683e-04
      vertex   -3.750000e-04 2.165064e-04 2.500000e-04
      vertex   -3.695369e-04 2.684843e-04 2.033683e-04
    endloop
  endfacet
  facet normal -7.474720e-01 4.854140e-01 4.534963e-01
    outer loop
      vertex   -3.695369e-04 2.684843e-04 2.033683e-04
      vertex   -3.750000e-04 2.165064e-04 2.500000e-04
      vertex   -3.503146e-04 2.545185e-04 2.500000e-04
    endloop
  endfacet
  facet normal -6.926377e-01 5.608869e-01 4.534963e-01
    outer loop
      vertex   -3.695369e-04 2.684843e-04 2.033683e-04
      vertex   -3.503146e-04 2.545185e-04 2.500000e-04
      vertex   -3.394483e-04 3.056406e-04 2.033683e-04
    endloop
  endfacet
  facet normal -6.926377e-01 5.608869e-01 4.534963e-01
    outer loop
      vertex   -3.394483e-04 3.056406e-04 2.033683e-04
      vertex   -3.503146e-04 2.545185e-04 2.500000e-04
      vertex   -3.217911e-04 2.897421e-04 2.500000e-04
    endloop
  endfacet
  facet normal -6.302147e-01 6.302147e-01 4.534963e-01
    outer loop
      vertex   -3.394483e-04 3.056406e-04 2.033683e-04
      vertex   -3.217911e-04 2.897421e-04 2.500000e-04
      vertex   -3.056406e-04 3.394483e-04 2.033683e-04
    endloop
  endfacet
  facet normal -6.302147e-01 6.302147e-01 4.534963e-01
    outer loop
      vertex   -3.056406e-04 3.394483e-04 2.033683e-04
      vertex   -3.217911e-04 2.897421e-04 2.500000e-04
      vertex   -2.897421e-04 3.217911e-04 2.500000e-04
    endloop
  endfacet
  facet normal -5.608869e-01 6.926377e-01 4.534963e-01
    outer loop
      vertex   -3.056406e-04 3.394483e-04 2.033683e-04
      vertex   -2.897421e-04 3.217911e-04 2.500000e-04
      vertex   -2.684843e-04 3.695369e-04 2.033683e-04
    endloop
  endfacet
  facet normal -5.608869e-01 6.926377e-01 4.534963e-01
    outer loop
      vertex   -2.684843e-04 3.695369e-04 2.033683e-04
      vertex   -2.897421e-04 3.217911e-04 2.500000e-04
      vertex   -2.545185e-04 3.503146e-04 2.500000e-04
    endloop
  endfacet
  facet normal -4.854140e-01 7.474720e-01 4.534963e-01
    outer loop
      vertex   -2.684843e-04 3.695369e-04 2.033683e-04
      vertex   -2.545185e-04 3.503146e-04 2.500000e-04
      vertex   -2.283864e-04 3.955768e-04 2.033683e-04
    endloop
  endfacet
  facet normal -4.854140e-01 7.474720e-01 4.534963e-01
    outer loop
      vertex   -2.283864e-04 3.955768e-04 2.033683e-04
      vertex   -2.545185e-04 3.503146e-04 2.500000e-04
      vertex   -2.165064e-04 3.750000e-04 2.500000e-04
    endloop
  endfacet
  facet normal -4.046227e-01 7.941168e-01 4.534963e-01
    outer loop
      vertex   -2.283864e-04 3.955768e-04 2.033683e-04
      vertex   -2.165064e-04 3.750000e-04 2.500000e-04
      vertex   -1.857862e-04 4.172827e-04 2.033683e-04
    endloop
  endfacet
  facet normal -4.046227e-01 7.941168e-01 4.534963e-01
    outer loop
      vertex   -1.857862e-04 4.172827e-04 2.033683e-04
      vertex   -2.165064e-04 3.750000e-04 2.500000e-04
      vertex   -1.761221e-04 3.955768e-04 2.500000e-04
    endloop
  endfacet
  facet normal -3.193984e-01 8.320611e-01 4.534963e-01
    outer loop
      vertex   -1.857862e-04 4.172827e-04 2.033683e-04
      vertex   -1.761221e-04 3.955768e-04 2.500000e-04
      vertex   -1.411505e-04 4.344167e-04 2.033683e-04
    endloop
  endfacet
  facet normal -3.193984e-01 8.320611e-01 4.534963e-01
    outer loop
      vertex   -1.411505e-04 4.344167e-04 2.033683e-04
      vertex   -1.761221e-04 3.955768e-04 2.500000e-04
      vertex   -1.338083e-04 4.118196e-04 2.500000e-04
    endloop
  endfacet
  facet normal -2.306746e-01 8.608893e-01 4.534963e-01
    outer loop
      vertex   -1.411505e-04 4.344167e-04 2.033683e-04
      vertex   -1.338083e-04 4.118196e-04 2.500000e-04
      vertex   -9.496839e-05 4.467911e-04 2.033683e-04
    endloop
  endfacet
  facet normal -2.306746e-01 8.608893e-01 4.534963e-01
    outer loop
      vertex   -9.496839e-05 4.467911e-04 2.033683e-04
      vertex   -1.338083e-04 4.118196e-04 2.500000e-04
      vertex   -9.002840e-05 4.235503e-04 2.500000e-04
    endloop
  endfacet
  facet normal -1.394235e-01 8.802853e-01 4.534963e-01
    outer loop
      vertex   -9.496839e-05 4.467911e-04 2.033683e-04
      vertex   -9.002840e-05 4.235503e-04 2.500000e-04
      vertex   -4.774575e-05 4.542705e-04 2.033683e-04
    endloop
  endfacet
  facet normal -1.394235e-01 8.802853e-01 4.534963e-01
    outer loop
      vertex   -4.774575e-05 4.542705e-04 2.033683e-04
      vertex   -9.002840e-05 4.235503e-04 2.500000e-04
      vertex   -4.526215e-05 4.306406e-04 2.500000e-04
    endloop
  endfacet
  facet normal -4.664485e-02 8.900367e-01 4.534963e-01
    outer loop
      vertex   -4.774575e-05 4.542705e-04 2.033683e-04
      vertex   -4.526215e-05 4.306406e-04 2.500000e-04
      vertex   2.796926e-20 4.567727e-04 2.033683e-04
    endloop
  endfacet
  facet normal -4.664485e-02 8.900367e-01 4.534963e-01
    outer loop
      vertex   2.796926e-20 4.567727e-04 2.033683e-04
      vertex   -4.526215e-05 4.306406e-04 2.500000e-04
      vertex   2.651438e-20 4.330127e-04 2.500000e-04
    endloop
  endfacet
  facet normal 4.664485e-02 8.900367e-01 4.534963e-01
    outer loop
      vertex   2.796926e-20 4.567727e-04 2.033683e-04
      vertex   2.651438e-20 4.330127e-04 2.500000e-04
      vertex   4.774575e-05 4.542705e-04 2.033683e-04
    endloop
  endfacet
  facet normal 4.664485e-02 8.900367e-01 4.534963e-01
    outer loop
      vertex   4.774575e-05 4.542705e-04 2.033683e-04
      vertex   2.651438e-20 4.330127e-04 2.500000e-04
      vertex   4.526215e-05 4.306406e-04 2.500000e-04
    endloop
  endfacet
  facet normal 1.394235e-01 8.802853e-01 4.534963e-01
    outer loop
      vertex   4.774575e-05 4.542705e-04 2.033683e-04
      vertex   4.526215e-05 4.306406e-04 2.500000e-04
      vertex   9.496839e-05 4.467911e-04 2.033683e-04
    endloop
  endfacet
  facet normal 1.394235e-01 8.802853e-01 4.534963e-01
    outer loop
      vertex   9.496839e-05 4.467911e-04 2.033683e-04
      vertex   4.526215e-05 4.306406e-04 2.500000e-04
      vertex   9.002840e-05 4.235503e-04 2.500000e-04
    endloop
  endfacet
  facet normal 2.306746e-01 8.608893e-01 4.534963e-01
    outer loop
      vertex   9.496839e-05 4.467911e-04 2.033683e-04
      vertex   9.002840e-05 4.235503e-04 2.500000e-04
      vertex   1.411505e-04 4.344167e-04 2.033683e-04
    endloop
  endfacet
  facet normal 2.306746e-01 8.608893e-01 4.534963e-01
    outer loop
      vertex   1.411505e-04 4.344167e-04 2.033683e-04
      vertex   9.002840e-05 4.235503e-04 2.500000e-04
      vertex   1.338083e-04 4.118196e-04 2.500000e-04
    endloop
  endfacet
  facet normal 3.193984e-01 8.320611e-01 4.534963e-01
    outer loop
      vertex   1.411505e-04 4.344167e-04 2.033683e-04
      vertex   1.338083e-04 4.118196e-04 2.500000e-04
      vertex   1.857862e-04 4.172827e-04 2.033683e-04
    endloop
  endfacet
  facet normal 3.193984e-01 8.320611e-01 4.534963e-01
    outer loop
      vertex   1.857862e-04 4.172827e-04 2.033683e-04
      vertex   1.338083e-04 4.118196e-04 2.500000e-04
      vertex   1.761221e-04 3.955768e-04 2.500000e-04
    endloop
  endfacet
  facet normal 4.046227e-01 7.941168e-01 4.534963e-01
    outer loop
      vertex   1.857862e-04 4.172827e-04 2.033683e-04
      vertex   1.761221e-04 3.955768e-04 2.500000e-04
      vertex   2.283864e-04 3.955768e-04 2.033683e-04
    endloop
  endfacet
  facet normal 4.046227e-01 7.941168e-01 4.534963e-01
    outer loop
      vertex   2.283864e-04 3.955768e-04 2.033683e-04
      vertex   1.761221e-04 3.955768e-04 2.500000e-04
      vertex   2.165064e-04 3.750000e-04 2.500000e-04
    endloop
  endfacet
  facet normal 4.854140e-01 7.474720e-01 4.534963e-01
    outer loop
      vertex   2.283864e-04 3.955768e-04 2.033683e-04
      vertex   2.165064e-04 3.750000e-04 2.500000e-04
      vertex   2.684843e-04 3.695369e-04 2.033683e-04
    endloop
  endfacet
  facet normal 4.854140e-01 7.474720e-01 4.534963e-01
    outer loop
      vertex   2.684843e-04 3.695369e-04 2.033683e-04
      vertex   2.165064e-04 3.750000e-04 2.500000e-04
      vertex   2.545185e-04 3.503146e-04 2.500000e-04
    endloop
  endfacet
  facet normal 5.608869e-01 6.926377e-01 4.534963e-01
    outer loop
      vertex   2.684843e-04 3.695369e-04 2.033683e-04
      vertex   2.545185e-04 3.503146e-04 2.500000e-04
      vertex   3.056406e-04 3.394483e-04 2.033683e-04
    endloop
  endfacet
  facet normal 5.608869e-01 6.926377e-01 4.534963e-01
    outer loop
      vertex   3.056406e-04 3.394483e-04 2.033683e-04
      vertex   2.545185e-04 3.503146e-04 2.500000e-04
      vertex   2.897421e-04 3.217911e-04 2.500000e-04
    endloop
  endfacet
  facet normal 6.302147e-01 6.302147e-01 4.534963e-01
    outer loop
      vertex   3.056406e-04 3.394483e-04 2.033683e-04
      vertex   2.897421e-04 3.217911e-04 2.500000e-04
      vertex   3.394483e-04 3.056406e-04 2.033683e-04
    endloop
  endfacet
  facet normal 6.302147e-01 6.302147e-01 4.534963e-01
    outer loop
      vertex   3.394483e-04 3.056406e-04 2.033683e-04
      vertex   2.897421e-04 3.217911e-04 2.500000e-04
      vertex   3.217911e-04 2.897421e-04 2.500000e-04
    endloop
  endfacet
  facet normal 6.926377e-01 5.608869e-01 4.534963e-01
    outer loop
      vertex   3.394483e-04 3.056406e-04 2.033683e-04
      vertex   3.217911e-04 2.897421e-04 2.500000e-04
      vertex   3.695369e-04 2.684843e-04 2.033683e-04
    endloop
  endfacet
  facet normal 6.926377e-01 5.608869e-01 4.534963e-01
    outer loop
      vertex   3.695369e-04 2.684843e-04 2.033683e-04
      vertex   3.217911e-04 2.897421e-04 2.500000e-04
      vertex   3.503146e-04 2.545185e-04 2.500000e-04
    endloop
  endfacet
  facet normal 7.474720e-01 4.854140e-01 4.534963e-01
    outer loop
      vertex   3.695369e-04 2.684843e-04 2.033683e-04
      vertex   3.503146e-04 2.545185e-04 2.500000e-04
      vertex   3.955768e-04 2.283864e-04 2.033683e-04
    endloop
  endfacet
  facet normal 7.474720e-01 4.854140e-01 4.534963e-01
    outer loop
      vertex   3.955768e-04 2.283864e-04 2.033683e-04
      vertex   3.503146e-04 2.545185e-04 2.500000e-04
      vertex   3.750000e-04 2.165064e-04 2.500000e-04
    endloop
  endfacet
  facet normal 7.941168e-01 4.046227e-01 4.534963e-01
    outer loop
      vertex   3.955768e-04 2.283864e-04 2.033683e-04
      vertex   3.750000e-04 2.165064e-04 2.500000e-04
      vertex   4.172827e-04 1.857862e-04 2.033683e-04
    endloop
  endfacet
  facet normal 7.941168e-01 4.046227e-01 4.534963e-01
    outer loop
      vertex   4.172827e-04 1.857862e-04 2.033683e-04
      vertex   3.750000e-04 2.165064e-04 2.500000e-04
      vertex   3.955768e-04 1.761221e-04 2.500000e-04
    endloop
  endfacet
  facet normal 8.320611e-01 3.193984e-01 4.534963e-01
    outer loop
      vertex   4.172827e-04 1.857862e-04 2.033683e-04
      vertex   3.955768e-04 1.761221e-04 2.500000e-04
      vertex   4.344167e-04 1.411505e-04 2.033683e-04
    endloop
  endfacet
  facet normal 8.320611e-01 3.193984e-01 4.534963e-01
    outer loop
      vertex   4.344167e-04 1.411505e-04 2.033683e-04
      vertex   3.955768e-04 1.761221e-04 2.500000e-04
      vertex   4.118196e-04 1.338083e-04 2.500000e-04
    endloop
  endfacet
  facet normal 8.608893e-01 2.306746e-01 4.534963e-01
    outer loop
      vertex   4.344167e-04 1.411505e-04 2.033683e-04
      vertex   4.118196e-04 1.338083e-04 2.500000e-04
      vertex   4.467911e-04 9.496839e-05 2.033683e-04
    endloop
  endfacet
  facet normal 8.608893e-01 2.306746e-01 4.534963e-01
    outer loop
      vertex   4.467911e-04 9.496839e-05 2.033683e-04
      vertex   4.118196e-04 1.338083e-04 2.500000e-04
      vertex   4.235503e-04 9.002840e-05 2.500000e-04
    endloop
  endfacet
  facet normal 8.802853e-01 1.394235e-01 4.534963e-01
    outer loop
      vertex   4.467911e-04 9.496839e-05 2.033683e-04
      vertex   4.235503e-04 9.002840e-05 2.500000e-04
      vertex   4.542705e-04 4.774575e-05 2.033683e-04
    endloop
  endfacet
  facet normal 8.802853e-01 1.394235e-01 4.534963e-01
    outer loop
      vertex   4.542705e-04 4.774575e-05 2.033683e-04
      vertex   4.235503e-04 9.002840e-05 2.500000e-04
      vertex   4.306406e-04 4.526215e-05 2.500000e-04
    endloop
  endfacet
  facet normal 8.900367e-01 4.664485e-02 4.534963e-01
    outer loop
      vertex   4.542705e-04 4.774575e-05 2.033683e-04
      vertex   4.306406e-04 4.526215e-05 2.500000e-04
      vertex   4.567727e-04 0.000000e+00 2.033683e-04
    endloop
  endfacet
  facet normal 8.900367e-01 4.664485e-02 4.534963e-01
    outer loop
      vertex   4.567727e-04 0.000000e+00 2.033683e-04
      vertex   4.306406e-04 4.526215e-05 2.500000e-04
      vertex   4.330127e-04 0.000000e+00 2.500000e-04
    endloop
  endfacet
  facet normal 8.378616e-01 -4.391047e-02 5.441137e-01
    outer loop
      vertex   4.330127e-04 0.000000e+00 2.500000e-04
      vertex   4.045085e-04 0.000000e+00 2.938926e-04
      vertex   4.306406e-04 -4.526215e-05 2.500000e-04
    endloop
  endfacet
  facet normal 8.378616e-01 -4.391047e-02 5.441137e-01
    outer loop
      vertex   4.306406e-04 -4.526215e-05 2.500000e-04
      vertex   4.045085e-04 0.000000e+00 2.938926e-04
      vertex   4.022926e-04 -4.228265e-05 2.938926e-04
    endloop
  endfacet
  facet normal 8.286819e-01 -1.312503e-01 5.441137e-01
    outer loop
      vertex   4.306406e-04 -4.526215e-05 2.500000e-04
      vertex   4.022926e-04 -4.228265e-05 2.938926e-04
      vertex   4.235503e-04 -9.002840e-05 2.500000e-04
    endloop
  endfacet
  facet normal 8.286819e-01 -1.312503e-01 5.441137e-01
    outer loop
      vertex   4.235503e-04 -9.002840e-05 2.500000e-04
      vertex   4.022926e-04 -4.228265e-05 2.938926e-04
      vertex   3.956690e-04 -8.410205e-05 2.938926e-04
    endloop
  endfacet
  facet normal 8.104229e-01 -2.171522e-01 5.441137e-01
    outer loop
      vertex   4.235503e-04 -9.002840e-05 2.500000e-04
      vertex   3.956690e-04 -8.410205e-05 2.938926e-04
      vertex   4.118196e-04 -1.338083e-04 2.500000e-04
    endloop
  endfacet
  facet normal 8.104229e-01 -2.171522e-01 5.441137e-01
    outer loop
      vertex   4.118196e-04 -1.338083e-04 2.500000e-04
      vertex   3.956690e-04 -8.410205e-05 2.938926e-04
      vertex   3.847104e-04 -1.250000e-04 2.938926e-04
    endloop
  endfacet
  facet normal 7.832847e-01 -3.006748e-01 5.441137e-01
    outer loop
      vertex   4.118196e-04 -1.338083e-04 2.500000e-04
      vertex   3.847104e-04 -1.250000e-04 2.938926e-04
      vertex   3.955768e-04 -1.761221e-04 2.500000e-04
    endloop
  endfacet
  facet normal 7.832847e-01 -3.006748e-01 5.441137e-01
    outer loop
      vertex   3.955768e-04 -1.761221e-04 2.500000e-04
      vertex   3.847104e-04 -1.250000e-04 2.938926e-04
      vertex   3.695369e-04 -1.645284e-04 2.938926e-04
    endloop
  endfacet
  facet normal 7.475647e-01 -3.809032e-01 5.441137e-01
    outer loop
      vertex   3.955768e-04 -1.761221e-04 2.500000e-04
      vertex   3.695369e-04 -1.645284e-04 2.938926e-04
      vertex   3.750000e-04 -2.165064e-04 2.500000e-04
    endloop
  endfacet
  facet normal 7.475647e-01 -3.809032e-01 5.441137e-01
    outer loop
      vertex   3.750000e-04 -2.165064e-04 2.500000e-04
      vertex   3.695369e-04 -1.645284e-04 2.938926e-04
      vertex   3.503146e-04 -2.022542e-04 2.938926e-04
    endloop
  endfacet
  facet normal 7.036542e-01 -4.569584e-01 5.441137e-01
    outer loop
      vertex   3.750000e-04 -2.165064e-04 2.500000e-04
      vertex   3.503146e-04 -2.022542e-04 2.938926e-04
      vertex   3.503146e-04 -2.545185e-04 2.500000e-04
    endloop
  endfacet
  facet normal 7.036542e-01 -4.569584e-01 5.441137e-01
    outer loop
      vertex   3.503146e-04 -2.545185e-04 2.500000e-04
      vertex   3.503146e-04 -2.022542e-04 2.938926e-04
      vertex   3.272542e-04 -2.377641e-04 2.938926e-04
    endloop
  endfacet
  facet normal 6.520344e-01 -5.280070e-01 5.441137e-01
    outer loop
      vertex   3.503146e-04 -2.545185e-04 2.500000e-04
      vertex   3.272542e-04 -2.377641e-04 2.938926e-04
      vertex   3.217911e-04 -2.897421e-04 2.500000e-04
    endloop
  endfacet
  facet normal 6.520344e-01 -5.280070e-01 5.441137e-01
    outer loop
      vertex   3.217911e-04 -2.897421e-04 2.500000e-04
      vertex   3.272542e-04 -2.377641e-04 2.938926e-04
      vertex   3.006084e-04 -2.706690e-04 2.938926e-04
    endloop
  endfacet
  facet normal 5.932707e-01 -5.932707e-01 5.441137e-01
    outer loop
      vertex   3.217911e-04 -2.897421e-04 2.500000e-04
      vertex   3.006084e-04 -2.706690e-04 2.938926e-04
      vertex   2.897421e-04 -3.217911e-04 2.500000e-04
    endloop
  endfacet
  facet normal 5.932707e-01 -5.932707e-01 5.441137e-01
    outer loop
      vertex   2.897421e-04 -3.217911e-04 2.500000e-04
      vertex   3.006084e-04 -2.706690e-04 2.938926e-04
      vertex   2.706690e-04 -3.006084e-04 2.938926e-04
    endloop
  endfacet
  facet normal 5.280070e-01 -6.520344e-01 5.441137e-01
    outer loop
      vertex   2.897421e-04 -3.217911e-04 2.500000e-04
      vertex   2.706690e-04 -3.006084e-04 2.938926e-04
      vertex   2.545185e-04 -3.503146e-04 2.500000e-04
    endloop
  endfacet
  facet normal 5.280070e-01 -6.520344e-01 5.441137e-01
    outer loop
      vertex   2.545185e-04 -3.503146e-04 2.500000e-04
      vertex   2.706690e-04 -3.006084e-04 2.938926e-04
      vertex   2.377641e-04 -3.272542e-04 2.938926e-04
    endloop
  endfacet
  facet normal 4.569584e-01 -7.036542e-01 5.441137e-01
    outer loop
      vertex   2.545185e-04 -3.503146e-04 2.500000e-04
      vertex   2.377641e-04 -3.272542e-04 2.938926e-04
      vertex   2.165064e-04 -3.750000e-04 2.500000e-04
    endloop
  endfacet
  facet normal 4.569584e-01 -7.036542e-01 5.441137e-01
    outer loop
      vertex   2.165064e-04 -3.750000e-04 2.500000e-04
      vertex   2.377641e-04 -3.272542e-04 2.938926e-04
      vertex   2.022542e-04 -3.503146e-04 2.938926e-04
    endloop
  endfacet
  facet normal 3.809032e-01 -7.475647e-01 5.441137e-01
    outer loop
      vertex   2.165064e-04 -3.750000e-04 2.500000e-04
      vertex   2.022542e-04 -3.503146e-04 2.938926e-04
      vertex   1.761221e-04 -3.955768e-04 2.500000e-04
    endloop
  endfacet
  facet normal 3.809032e-01 -7.475647e-01 5.441137e-01
    outer loop
      vertex   1.761221e-04 -3.955768e-04 2.500000e-04
      vertex   2.022542e-04 -3.503146e-04 2.938926e-04
      vertex   1.645284e-04 -3.695369e-04 2.938926e-04
    endloop
  endfacet
  facet normal 3.006748e-01 -7.832847e-01 5.441137e-01
    outer loop
      vertex   1.761221e-04 -3.955768e-04 2.500000e-04
      vertex   1.645284e-04 -3.695369e-04 2.938926e-04
      vertex   1.338083e-04 -4.118196e-04 2.500000e-04
    endloop
  endfacet
  facet normal 3.006748e-01 -7.832847e-01 5.441137e-01
    outer loop
      vertex   1.338083e-04 -4.118196e-04 2.500000e-04
      vertex   1.645284e-04 -3.695369e-04 2.938926e-04
      vertex   1.250000e-04 -3.847104e-04 2.938926e-04
    endloop
  endfacet
  facet normal 2.171522e-01 -8.104229e-01 5.441137e-01
    outer loop
      vertex   1.338083e-04 -4.118196e-04 2.500000e-04
      vertex   1.250000e-04 -3.847104e-04 2.938926e-04
      vertex   9.002840e-05 -4.235503e-04 2.500000e-04
    endloop
  endfacet
  facet normal 2.171522e-01 -8.104229e-01 5.441137e-01
    outer loop
      vertex   9.002840e-05 -4.235503e-04 2.500000e-04
      vertex   1.250000e-04 -3.847104e-04 2.938926e-04
      vertex   8.410205e-05 -3.956690e-04 2.938926e-04
    endloop
  endfacet
  facet normal 1.312503e-01 -8.286819e-01 5.441137e-01
    outer loop
      vertex   9.002840e-05 -4.235503e-04 2.500000e-04
      vertex   8.410205e-05 -3.956690e-04 2.938926e-04
      vertex   4.526215e-05 -4.306406e-04 2.500000e-04
    endloop
  endfacet
  facet normal 1.312503e-01 -8.286819e-01 5.441137e-01
    outer loop
      vertex   4.526215e-05 -4.306406e-04 2.500000e-04
      vertex   8.410205e-05 -3.956690e-04 2.938926e-04
      vertex   4.228265e-05 -4.022926e-04 2.938926e-04
    endloop
  endfacet
  facet normal 4.391047e-02 -8.378616e-01 5.441137e-01
    outer loop
      vertex   4.526215e-05 -4.306406e-04 2.500000e-04
      vertex   4.228265e-05 -4.022926e-04 2.938926e-04
      vertex   2.651438e-20 -4.330127e-04 2.500000e-04
    endloop
  endfacet
  facet normal 4.391047e-02 -8.378616e-01 5.441137e-01
    outer loop
      vertex   2.651438e-20 -4.330127e-04 2.500000e-04
      vertex   4.228265e-05 -4.022926e-04 2.938926e-04
      vertex   2.476900e-20 -4.045085e-04 2.938926e-04
    endloop
  endfacet
  facet normal -4.391047e-02 -8.378616e-01 5.441137e-01
    outer loop
      vertex   2.651438e-20 -4.330127e-04 2.500000e-04
      vertex   2.476900e-20 -4.045085e-04 2.938926e-04
      vertex   -4.526215e-05 -4.306406e-04 2.500000e-04
    endloop
  endfacet
  facet normal -4.391047e-02 -8.378616e-01 5.441137e-01
    outer loop
      vertex   -4.526215e-05 -4.306406e-04 2.500000e-04
      vertex   2.476900e-20 -4.045085e-04 2.938926e-04
      vertex   -4.228265e-05 -4.022926e-04 2.938926e-04
    endloop
  endfacet
  facet normal -1.312503e-01 -8.286819e-01 5.441137e-01
    outer loop
      vertex   -4.526215e-05 -4.306406e-04 2.500000e-04
      vertex   -4.228265e-05 -4.022926e-04 2.938926e-04
      vertex   -9.002840e-05 -4.235503e-04 2.500000e-04
    endloop
  endfacet
  facet normal -1.312503e-01 -8.286819e-01 5.441137e-01
    outer loop
      vertex   -9.002840e-05 -4.235503e-04 2.500000e-04
      vertex   -4.228265e-05 -4.022926e-04 2.938926e-04
      vertex   -8.410205e-05 -3.956690e-04 2.938926e-04
    endloop
  endfacet
  facet normal -2.171522e-01 -8.104229e-01 5.441137e-01
    outer loop
      vertex   -9.002840e-05 -4.235503e-04 2.500000e-04
      vertex   -8.410205e-05 -3.956690e-04 2.938926e-04
      vertex   -1.338083e-04 -4.118196e-04 2.500000e-04
    endloop
  endfacet
  facet normal -2.171522e-01 -8.104229e-01 5.441137e-01
    outer loop
      vertex   -1.338083e-04 -4.118196e-04 2.500000e-04
      vertex   -8.410205e-05 -3.956690e-04 2.938926e-04
      vertex   -1.250000e-04 -3.847104e-04 2.938926e-04
    endloop
  endfacet
  facet normal -3.006748e-01 -7.832847e-01 5.441137e-01
    outer loop
      vertex   -1.338083e-04 -4.118196e-04 2.500000e-04
      vertex   -1.250000e-04 -3.847104e-04 2.938926e-04
      vertex   -1.761221e-04 -3.955768e-04 2.500000e-04
    endloop
  endfacet
  facet normal -3.006748e-01 -7.832847e-01 5.441137e-01
    outer loop
      vertex   -1.761221e-04 -3.955768e-04 2.500000e-04
      vertex   -1.250000e-04 -3.847104e-04 2.938926e-04
      vertex   -1.645284e-04 -3.695369e-04 2.938926e-04
    endloop
  endfacet
  facet normal -3.809032e-01 -7.475647e-01 5.441137e-01
    outer loop
      vertex   -1.761221e-04 -3.955768e-04 2.500000e-04
      vertex   -1.645284e-04 -3.695369e-04 2.938926e-04
      vertex   -2.165064e-04 -3.750000e-04 2.500000e-04
    endloop
  endfacet
  facet normal -3.809032e-01 -7.475647e-01 5.441137e-01
    outer loop
      vertex   -2.165064e-04 -3.750000e-04 2.500000e-04
      vertex   -1.645284e-04 -3.695369e-04 2.938926e-04
      vertex   -2.022542e-04 -3.503146e-04 2.938926e-04
    endloop
  endfacet
  facet normal -4.569584e-01 -7.036542e-01 5.441137e-01
    outer loop
      vertex   -2.165064e-04 -3.750000e-04 2.500000e-04
      vertex   -2.022542e-04 -3.503146e-04 2.938926e-04
      vertex   -2.545185e-04 -3.503146e-04 2.500000e-04
    endloop
  endfacet
  facet normal -4.569584e-01 -7.036542e-01 5.441137e-01
    outer loop
      vertex   -2.545185e-04 -3.503146e-04 2.500000e-04
      vertex   -2.022542e-04 -3.503146e-04 2.938926e-04
      vertex   -2.377641e-04 -3.272542e-04 2.938926e-04
    endloop
  endfacet
  facet normal -5.280070e-01 -6.520344e-01 5.441137e-01
    outer loop
      vertex   -2.545185e-04 -3.503146e-04 2.500000e-04
      vertex   -2.377641e-04 -3.272542e-04 2.938926e-04
      vertex   -2.897421e-04 -3.217911e-04 2.500000e-04
    endloop
  endfacet
  facet normal -5.280070e-01 -6.520344e-01 5.441137e-01
    outer loop
      vertex   -2.897421e-04 -3.217911e-04 2.500000e-04
      vertex   -2.377641e-04 -3.272542e-04 2.938926e-04
      vertex   -2.706690e-04 -3.006084e-04 2.938926e-04
    endloop
  endfacet
  facet normal -5.932707e-01 -5.932707e-01 5.441137e-01
    outer loop
      vertex   -2.897421e-04 -3.217911e-04 2.500000e-04
      vertex   -2.706690e-04 -3.006084e-04 2.938926e-04
      vertex   -3.217911e-04 -2.897421e-04 2.500000e-04
    endloop
  endfacet
  facet normal -5.932707e-01 -5.932707e-01 5.441137e-01
    outer loop
      vertex   -3.217911e-04 -2.897421e-04 2.500000e-04
      vertex   -2.706690e-04 -3.006084e-04 2.938926e-04
      vertex   -3.006084e-04 -2.706690e-04 2.938926e-04
    endloop
  endfacet
  facet normal -6.520344e-01 -5.280070e-01 5.441137e-01
    outer loop
      vertex   -3.217911e-04 -2.897421e-04 2.500000e-04
      vertex   -3.006084e-04 -2.706690e-04 2.938926e-04
      vertex   -3.503146e-04 -2.545185e-04 2.500000e-04
    endloop
  endfacet
  facet normal -6.520344e-01 -5.280070e-01 5.441137e-01
    outer loop
      vertex   -3.503146e-04 -2.545185e-04 2.500000e-04
      vertex   -3.006084e-04 -2.706690e-04 2.938926e-04
      vertex   -3.272542e-04 -2.377641e-04 2.938926e-04
    endloop
  endfacet
  facet normal -7.036542e-01 -4.569584e-01 5.441137e-01
    outer loop
      vertex   -3.503146e-04 -2.545185e-04 2.500000e-04
      vertex   -3.272542e-04 -2.377641e-04 2.938926e-04
      vertex   -3.750000e-04 -2.165064e-04 2.500000e-04
    endloop
  endfacet
  facet normal -7.036542e-01 -4.569584e-01 5.441137e-01
    outer loop
      vertex   -3.750000e-04 -2.165064e-04 2.500000e-04
      vertex   -3.272542e-04 -2.377641e-04 2.938926e-04
      vertex   -3.503146e-04 -2.022542e-04 2.938926e-04
    endloop
  endfacet
  facet normal -7.475647e-01 -3.809032e-01 5.441137e-01
    outer loop
      vertex   -3.750000e-04 -2.165064e-04 2.500000e-04
      vertex   -3.503146e-04 -2.022542e-04 2.938926e-04
      vertex   -3.955768e-04 -1.761221e-04 2.500000e-04
    endloop
  endfacet
  facet normal -7.475647e-01 -3.809032e-01 5.441137e-01
    outer loop
      vertex   -3.955768e-04 -1.761221e-04 2.500000e-04
      vertex   -3.503146e-04 -2.022542e-04 2.938926e-04
      vertex   -3.695369e-04 -1.645284e-04 2.938926e-04
    endloop
  endfacet
  facet normal -7.832847e-01 -3.006748e-01 5.441137e-01
    outer loop
      vertex   -3.955768e-04 -1.761221e-04 2.500000e-04
      vertex   -3.695369e-04 -1.645284e-04 2.938926e-04
      vertex   -4.118196e-04 -1.338083e-04 2.500000e-04
    endloop
  endfacet
  facet normal -7.832847e-01 -3.006748e-01 5.441137e-01
    outer loop
      vertex   -4.118196e-04 -1.338083e-04 2.500000e-04
      vertex   -3.695369e-04 -1.645284e-04 2.938926e-04
      vertex   -3.847104e-04 -1.250000e-04 2.938926e-04
    endloop
  endfacet
  facet normal -8.104229e-01 -2.171522e-01 5.441137e-01
    outer loop
      vertex   -4.118196e-04 -1.338083e-04 2.500000e-04
      vertex   -3.847104e-04 -1.250000e-04 2.938926e-04
      vertex   -4.235503e-04 -9.002840e-05 2.500000e-04
    endloop
  endfacet
  facet normal -8.104229e-01 -2.171522e-01 5.441137e-01
    outer loop
      vertex   -4.235503e-04 -9.002840e-05 2.500000e-04
      vertex   -3.847104e-04 -1.250000e-04 2.938926e-04
      vertex   -3.956690e-04 -8.410205e-05 2.938926e-04
    endloop
  endfacet
  facet normal -8.286819e-01 -1.312503e-01 5.441137e-01
    outer loop
      vertex   -4.235503e-04 -9.002840e-05 2.500000e-04
      vertex   -3.956690e-04 -8.410205e-05 2.938926e-04
      vertex   -4.306406e-04 -4.526215e-05 2.500000e-04
    endloop
  endfacet
  facet normal -8.286819e-01 -1.312503e-01 5.441137e-01
    outer loop
      vertex   -4.306406e-04 -4.526215e-05 2.500000e-04
      vertex   -3.956690e-04 -8.410205e-05 2.938926e-04
      vertex   -4.022926e-04 -4.228265e-05 2.938926e-04
    endloop
  endfacet
  facet normal -8.378616e-01 -4.391047e-02 5.441137e-01
    outer loop
      vertex   -4.306406e-04 -4.526215e-05 2.500000e-04
      vertex   -4.022926e-04 -4.228265e-05 2.938926e-04
      vertex   -4.330127e-04 -5.302876e-20 2.500000e-04
    endloop
  endfacet
  facet normal -8.378616e-01 -4.391047e-02 5.441137e-01
    outer loop
      vertex   -4.330127e-04 -5.302876e-20 2.500000e-04
      vertex   -4.022926e-04 -4.228265e-05 2.938926e-04
      vertex   -4.045085e-04 -4.953800e-20 2.938926e-04
    endloop
  endfacet
  facet normal -8.378616e-01 4.391047e-02 5.441137e-01
    outer loop
      vertex   -4.330127e-04 -5.302876e-20 2.500000e-04
      vertex   -4.045085e-04 -4.953800e-20 2.938926e-04
      vertex   -4.306406e-04 4.526215e-05 2.500000e-04
    endloop
  endfacet
  facet normal -8.378616e-01 4.391047e-02 5.441137e-01
    outer loop
      vertex   -4.306406e-04 4.526215e-05 2.500000e-04
      vertex   -4.045085e-04 -4.953800e-20 2.938926e-04
      vertex   -4.022926e-04 4.228265e-05 2.938926e-04
    endloop
  endfacet
  facet normal -8.286819e-01 1.312503e-01 5.441137e-01
    outer loop
      vertex   -4.306406e-04 4.526215e-05 2.500000e-04
      vertex   -4.022926e-04 4.228265e-05 2.938926e-04
      vertex   -4.235503e-04 9.002840e-05 2.500000e-04
    endloop
  endfacet
  facet normal -8.286819e-01 1.312503e-01 5.441137e-01
    outer loop
      vertex   -4.235503e-04 9.002840e-05 2.500000e-04
      vertex   -4.022926e-04 4.228265e-05 2.938926e-04
      vertex   -3.956690e-04 8.410205e-05 2.938926e-04
    endloop
  endfacet
  facet normal -8.104229e-01 2.171522e-01 5.441137e-01
    outer loop
      vertex   -4.235503e-04 9.002840e-05 2.500000e-04
      vertex   -3.956690e-04 8.410205e-05 2.938926e-04
      vertex   -4.118196e-04 1.338083e-04 2.500000e-04
    endloop
  endfacet
  facet normal -8.104229e-01 2.171522e-01 5.441137e-01
    outer loop
      vertex   -4.118196e-04 1.338083e-04 2.500000e-04
      vertex   -3.956690e-04 8.410205e-05 2.938926e-04
      vertex   -3.847104e-04 1.250000e-04 2.938926e-04
    endloop
  endfacet
  facet normal -7.832847e-01 3.006748e-01 5.441137e-01
    outer loop
      vertex   -4.118196e-04 1.338083e-04 2.500000e-04
      vertex   -3.847104e-04 1.250000e-04 2.938926e-04
      vertex   -3.955768e-04 1.761221e-04 2.500000e-04
    endloop
  endfacet
  facet normal -7.832847e-01 3.006748e-01 5.441137e-01
    outer loop
      vertex   -3.955768e-04 1.761221e-04 2.500000e-04
      vertex   -3.847104e-04 1.250000e-04 2.938926e-04
      vertex   -3.695369e-04 1.645284e-04 2.938926e-04
    endloop
  endfacet
  facet normal -7.475647e-01 3.809032e-01 5.441137e-01
    outer loop
      vertex   -3.955768e-04 1.761221e-04 2.500000e-04
      vertex   -3.695369e-04 1.645284e-04 2.938926e-04
      vertex   -3.750000e-04 2.165064e-04 2.500000e-04
    endloop
  endfacet
  facet normal -7.475647e-01 3.809032e-01 5.441137e-01
    outer loop
      vertex   -3.750000e-04 2.165064e-04 2.500000e-04
      vertex   -3.695369e-04 1.645284e-04 2.938926e-04
      vertex   -3.503146e-04 2.022542e-04 2.938926e-04
    endloop
  endfacet
  facet normal -7.036542e-01 4.569584e-01 5.441137e-01
    outer loop
      vertex   -3.750000e-04 2.165064e-04 2.500000e-04
      vertex   -3.503146e-04 2.022542e-04 2.938926e-04
      vertex   -3.503146e-04 2.545185e-04 2.500000e-04
    endloop
  endfacet
  facet normal -7.036542e-01 4.569584e-01 5.441137e-01
    outer loop
      vertex   -3.503146e-04 2.545185e-04 2.500000e-04
      vertex   -3.503146e-04 2.022542e-04 2.938926e-04
      vertex   -3.272542e-04 2.377641e-04 2.938926e-04
    endloop
  endfacet
  facet normal -6.520344e-01 5.280070e-01 5.441137e-01
    outer loop
      vertex   -3.503146e-04 2.545185e-04 2.500000e-04
      vertex   -3.272542e-04 2.377641e-04 2.938926e-04
      vertex   -3.217911e-04 2.897421e-04 2.500000e-04
    endloop
  endfacet
  facet normal -6.520344e-01 5.280070e-01 5.441137e-01
    outer loop
      vertex   -3.217911e-04 2.897421e-04 2.500000e-04
      vertex   -3.272542e-04 2.377641e-04 2.938926e-04
      vertex   -3.006084e-04 2.706690e-04 2.938926e-04
    endloop
  endfacet
  facet normal -5.932707e-01 5.932707e-01 5.441137e-01
    outer loop
      vertex   -3.217911e-04 2.897421e-04 2.500000e-04
      vertex   -3.006084e-04 2.706690e-04 2.938926e-04
      vertex   -2.897421e-04 3.217911e-04 2.500000e-04
    endloop
  endfacet
  facet normal -5.932707e-01 5.932707e-01 5.441137e-01
    outer loop
      vertex   -2.897421e-04 3.217911e-04 2.500000e-04
      vertex   -3.006084e-04 2.706690e-04 2.938926e-04
      vertex   -2.706690e-04 3.006084e-04 2.938926e-04
    endloop
  endfacet
  facet normal -5.280070e-01 6.520344e-01 5.441137e-01
    outer loop
      vertex   -2.897421e-04 3.217911e-04 2.500000e-04
      vertex   -2.706690e-04 3.006084e-04 2.938926e-04
      vertex   -2.545185e-04 3.503146e-04 2.500000e-04
    endloop
  endfacet
  facet normal -5.280070e-01 6.520344e-01 5.441137e-01
    outer loop
      vertex   -2.545185e-04 3.503146e-04 2.500000e-04
      vertex   -2.706690e-04 3.006084e-04 2.938926e-04
      vertex   -2.377641e-04 3.272542e-04 2.938926e-04
    endloop
  endfacet
  facet normal -4.569584e-01 7.036542e-01 5.441137e-01
    outer loop
      vertex   -2.545185e-04 3.503146e-04 2.500000e-04
      vertex   -2.377641e-04 3.272542e-04 2.938926e-04
      vertex   -2.165064e-04 3.750000e-04 2.500000e-04
    endloop
  endfacet
  facet normal -4.569584e-01 7.036542e-01 5.441137e-01
    outer loop
      vertex   -2.165064e-04 3.750000e-04 2.500000e-04
      vertex   -2.377641e-04 3.272542e-04 2.938926e-04
      vertex   -2.022542e-04 3.503146e-04 2.938926e-04
    endloop
  endfacet
  facet normal -3.809032e-01 7.475647e-01 5.441137e-01
    outer loop
      vertex   -2.165064e-04 3.750000e-04 2.500000e-04
      vertex   -2.022542e-04 3.503146e-04 2.938926e-04
      vertex   -1.761221e-04 3.955768e-04 2.500000e-04
    endloop
  endfacet
  facet normal -3.809032e-01 7.475647e-01 5.441137e-01
    outer loop
      vertex   -1.761221e-04 3.955768e-04 2.500000e-04
      vertex   -2.022542e-04 3.503146e-04 2.938926e-04
      vertex   -1.645284e-04 3.695369e-04 2.938926e-04
    endloop
  endfacet
  facet normal -3.006748e-01 7.832847e-01 5.441137e-01
    outer loop
      vertex   -1.761221e-04 3.955768e-04 2.500000e-04
      vertex   -1.645284e-04 3.695369e-04 2.938926e-04
      vertex   -1.338083e-04 4.118196e-04 2.500000e-04
    endloop
  endfacet
  facet normal -3.006748e-01 7.832847e-01 5.441137e-01
    outer loop
      vertex   -1.338083e-04 4.118196e-04 2.500000e-04
      vertex   -1.645284e-04 3.695369e-04 2.938926e-04
      vertex   -1.250000e-04 3.847104e-04 2.938926e-04
    endloop
  endfacet
  facet normal -2.171522e-01 8.104229e-01 5.441137e-01
    outer loop
      vertex   -1.338083e-04 4.118196e-04 2.500000e-04
      vertex   -1.250000e-04 3.847104e-04 2.938926e-04
      vertex   -9.002840e-05 4.235503e-04 2.500000e-04
    endloop
  endfacet
  facet normal -2.171522e-01 8.104229e-01 5.441137e-01
    outer loop
      vertex   -9.002840e-05 4.235503e-04 2.500000e-04
      vertex   -1.250000e-04 3.847104e-04 2.938926e-04
      vertex   -8.410205e-05 3.956690e-04 2.938926e-04
    endloop
  endfacet
  facet normal -1.312503e-01 8.286819e-01 5.441137e-01
    outer loop
      vertex   -9.002840e-05 4.235503e-04 2.500000e-04
      vertex   -8.410205e-05 3.956690e-04 2.938926e-04
      vertex   -4.526215e-05 4.306406e-04 2.500000e-04
    endloop
  endfacet
  facet normal -1.312503e-01 8.286819e-01 5.441137e-01
    outer loop
      vertex   -4.526215e-05 4.306406e-04 2.500000e-04
      vertex   -8.410205e-05 3.956690e-04 2.938926e-04
      vertex   -4.228265e-05 4.022926e-04 2.938926e-04
    endloop
  endfacet
  facet normal -4.391047e-02 8.378616e-01 5.441137e-01
    outer loop
      vertex   -4.526215e-05 4.306406e-04 2.500000e-04
      vertex   -4.228265e-05 4.022926e-04 2.938926e-04
      vertex   2.651438e-20 4.330127e-04 2.500000e-04
    endloop
  endfacet
  facet normal -4.391047e-02 8.378616e-01 5.441137e-01
    outer loop
      vertex   2.651438e-20 4.330127e-04 2.500000e-04
      vertex   -4.228265e-05 4.022926e-04 2.938926e-04
      vertex   2.476900e-20 4.045085e-04 2.938926e-04
    endloop
  endfacet
  facet normal 4.391047e-02 8.378616e-01 5.441137e-01
    outer loop
      vertex   2.651438e-20 4.330127e-04 2.500000e-04
      vertex   2.476900e-20 4.045085e-04 2.938926e-04
      vertex   4.526215e-05 4.306406e-04 2.500000e-04
    endloop
  endfacet
  facet normal 4.391047e-02 8.378616e-01 5.441137e-01
    outer loop
      vertex   4.526215e-05 4.306406e-04 2.500000e-04
      vertex   2.476900e-20 4.045085e-04 2.938926e-04
      vertex   4.228265e-05 4.022926e-04 2.938926e-04
    endloop
  endfacet
  facet normal 1.312503e-01 8.286819e-01 5.441137e-01
    outer loop
      vertex   4.526215e-05 4.306406e-04 2.500000e-04
      vertex   4.228265e-05 4.022926e-04 2.938926e-04
      vertex   9.002840e-05 4.235503e-04 2.500000e-04
    endloop
  endfacet
  facet normal 1.312503e-01 8.286819e-01 5.441137e-01
    outer loop
      vertex   9.002840e-05 4.235503e-04 2.500000e-04
      vertex   4.228265e-05 4.022926e-04 2.938926e-04
      vertex   8.410205e-05 3.956690e-04 2.938926e-04
    endloop
  endfacet
  facet normal 2.171522e-01 8.104229e-01 5.441137e-01
    outer loop
      vertex   9.002840e-05 4.235503e-04 2.500000e-04
      vertex   8.410205e-05 3.956690e-04 2.938926e-04
      vertex   1.338083e-04 4.118196e-04 2.500000e-04
    endloop
  endfacet
  facet normal 2.171522e-01 8.104229e-01 5.441137e-01
    outer loop
      vertex   1.338083e-04 4.118196e-04 2.500000e-04
      vertex   8.410205e-05 3.956690e-04 2.938926e-04
      vertex   1.250000e-04 3.847104e-04 2.938926e-04
    endloop
  endfacet
  facet normal 3.006748e-01 7.832847e-01 5.441137e-01
    outer loop
      vertex   1.338083e-04 4.118196e-04 2.500000e-04
      vertex   1.250000e-04 3.847104e-04 2.938926e-04
      vertex   1.761221e-04 3.955768e-04 2.500000e-04
    endloop
  endfacet
  facet normal 3.006748e-01 7.832847e-01 5.441137e-01
    outer loop
      vertex   1.761221e-04 3.955768e-04 2.500000e-04
      vertex   1.250000e-04 3.847104e-04 2.938926e-04
      vertex   1.645284e-04 3.695369e-04 2.938926e-04
    endloop
  endfacet
  facet normal 3.809032e-01 7.475647e-01 5.441137e-01
    outer loop
      vertex   1.761221e-04 3.955768e-04 2.500000e-04
      vertex   1.645284e-04 3.695369e-04 2.938926e-04
      vertex   2.165064e-04 3.750000e-04 2.500000e-04
    endloop
  endfacet
  facet normal 3.809032e-01 7.475647e-01 5.441137e-01
    outer loop
      vertex   2.165064e-04 3.750000e-04 2.500000e-04
      vertex   1.645284e-04 3.695369e-04 2.938926e-04
      vertex   2.022542e-04 3.503146e-04 2.938926e-04
    endloop
  endfacet
  facet normal 4.569584e-01 7.036542e-01 5.441137e-01
    outer loop
      vertex   2.165064e-04 3.750000e-04 2.500000e-04
      vertex   2.022542e-04 3.503146e-04 2.938926e-04
      vertex   2.545185e-04 3.503146e-04 2.500000e-04
    endloop
  endfacet
  facet normal 4.569584e-01 7.036542e-01 5.441137e-01
    outer loop
      vertex   2.545185e-04 3.503146e-04 2.500000e-04
      vertex   2.022542e-04 3.503146e-04 2.938926e-04
      vertex   2.377641e-04 3.272542e-04 2.938926e-04
    endloop
  endfacet
  facet normal 5.280070e-01 6.520344e-01 5.441137e-01
    outer loop
      vertex   2.545185e-04 3.503146e-04 2.500000e-04
      vertex   2.377641e-04 3.272542e-04 2.938926e-04
      vertex   2.897421e-04 3.217911e-04 2.500000e-04
    endloop
  endfacet
  facet normal 5.280070e-01 6.520344e-01 5.441137e-01
    outer loop
      vertex   2.897421e-04 3.217911e-04 2.500000e-04
      vertex   2.377641e-04 3.272542e-04 2.938926e-04
      vertex   2.706690e-04 3.006084e-04 2.938926e-04
    endloop
  endfacet
  facet normal 5.932707e-01 5.932707e-01 5.441137e-01
    outer loop
      vertex   2.897421e-04 3.217911e-04 2.500000e-04
      vertex   2.706690e-04 3.006084e-04 2.938926e-04
      vertex   3.217911e-04 2.897421e-04 2.500000e-04
    endloop
  endfacet
  facet normal 5.932707e-01 5.932707e-01 5.441137e-01
    outer loop
      vertex   3.217911e-04 2.897421e-04 2.500000e-04
      vertex   2.706690e-04 3.006084e-04 2.938926e-04
      vertex   3.006084e-04 2.706690e-04 2.938926e-04
    endloop
  endfacet
  facet normal 6.520344e-01 5.280070e-01 5.441137e-01
    outer loop
      vertex   3.217911e-04 2.897421e-04 2.500000e-04
      vertex   3.006084e-04 2.706690e-04 2.938926e-04
      vertex   3.503146e-04 2.545185e-04 2.500000e-04
    endloop
  endfacet
  facet normal 6.520344e-01 5.280070e-01 5.441137e-01
    outer loop
      vertex   3.503146e-04 2.545185e-04 2.500000e-04
      vertex   3.006084e-04 2.706690e-04 2.938926e-04
      vertex   3.272542e-04 2.377641e-04 2.938926e-04
    endloop
  endfacet
  facet normal 7.036542e-01 4.569584e-01 5.441137e-01
    outer loop
      vertex   3.503146e-04 2.545185e-04 2.500000e-04
      vertex   3.272542e-04 2.377641e-04 2.938926e-04
      vertex   3.750000e-04 2.165064e-04 2.500000e-04
    endloop
  endfacet
  facet normal 7.036542e-01 4.569584e-01 5.441137e-01
    outer loop
      vertex   3.750000e-04 2.165064e-04 2.500000e-04
      vertex   3.272542e-04 2.377641e-04 2.938926e-04
      vertex   3.503146e-04 2.022542e-04 2.938926e-04
    endloop
  endfacet
  facet normal 7.475647e-01 3.809032e-01 5.441137e-01
    outer loop
      vertex   3.750000e-04 2.165064e-04 2.500000e-04
      vertex   3.503146e-04 2.022542e-04 2.938926e-04
      vertex   3.955768e-04 1.761221e-04 2.500000e-04
    endloop
  endfacet
  facet normal 7.475647e-01 3.809032e-01 5.441137e-01
    outer loop
      vertex   3.955768e-04 1.761221e-04 2.500000e-04
      vertex   3.503146e-04 2.022542e-04 2.938926e-04
      vertex   3.695369e-04 1.645284e-04 2.938926e-04
    endloop
  endfacet
  facet normal 7.832847e-01 3.006748e-01 5.441137e-01
    outer loop
      vertex   3.955768e-04 1.761221e-04 2.500000e-04
      vertex   3.695369e-04 1.645284e-04 2.938926e-04
      vertex   4.118196e-04 1.338083e-04 2.500000e-04
    endloop
  endfacet
  facet normal 7.832847e-01 3.006748e-01 5.441137e-01
    outer loop
      vertex   4.118196e-04 1.338083e-04 2.500000e-04
      vertex   3.695369e-04 1.645284e-04 2.938926e-04
      vertex   3.847104e-04 1.250000e-04 2.938926e-04
    endloop
  endfacet
  facet normal 8.104229e-01 2.171522e-01 5.441137e-01
    outer loop
      vertex   4.118196e-04 1.338083e-04 2.500000e-04
      vertex   3.847104e-04 1.250000e-04 2.938926e-04
      vertex   4.235503e-04 9.002840e-05 2.500000e-04
    endloop
  endfacet
  facet normal 8.104229e-01 2.171522e-01 5.441137e-01
    outer loop
      vertex   4.235503e-04 9.002840e-05 2.500000e-04
      vertex   3.847104e-04 1.250000e-04 2.938926e-04
      vertex   3.956690e-04 8.410205e-05 2.938926e-04
    endloop
  endfacet
  facet normal 8.286819e-01 1.312503e-01 5.441137e-01
    outer loop
      vertex   4.235503e-04 9.002840e-05 2.500000e-04
      vertex   3.956690e-04 8.410205e-05 2.938926e-04
      vertex   4.306406e-04 4.526215e-05 2.500000e-04
    endloop
  endfacet
  facet normal 8.286819e-01 1.312503e-01 5.441137e-01
    outer loop
      vertex   4.306406e-04 4.526215e-05 2.500000e-04
      vertex   3.956690e-04 8.410205e-05 2.938926e-04
      vertex   4.022926e-04 4.228265e-05 2.938926e-04
    endloop
  endfacet
  facet normal 8.378616e-01 4.391047e-02 5.441137e-01
    outer loop
      vertex   4.306406e-04 4.526215e-05 2.500000e-04
      vertex   4.022926e-04 4.228265e-05 2.938926e-04
      vertex   4.330127e-04 0.000000e+00 2.500000e-04
    endloop
  endfacet
  facet normal 8.378616e-01 4.391047e-02 5.441137e-01
    outer loop
      vertex   4.330127e-04 0.000000e+00 2.500000e-04
      vertex   4.022926e-04 4.228265e-05 2.938926e-04
      vertex   4.045085e-04 0.000000e+00 2.938926e-04
    endloop
  endfacet
  facet normal 7.765022e-01 -4.069476e-02 6.287991e-01
    outer loop
      vertex   4.045085e-04 0.000000e+00 2.938926e-04
      vertex   3.715724e-04 0.000000e+00 3.345653e-04
      vertex   4.022926e-04 -4.228265e-05 2.938926e-04
    endloop
  endfacet
  facet normal 7.765022e-01 -4.069476e-02 6.287991e-01
    outer loop
      vertex   4.022926e-04 -4.228265e-05 2.938926e-04
      vertex   3.715724e-04 0.000000e+00 3.345653e-04
      vertex   3.695369e-04 -3.883989e-05 3.345653e-04
    endloop
  endfacet
  facet normal 7.679947e-01 -1.216384e-01 6.287991e-01
    outer loop
      vertex   4.022926e-04 -4.228265e-05 2.938926e-04
      vertex   3.695369e-04 -3.883989e-05 3.345653e-04
      vertex   3.956690e-04 -8.410205e-05 2.938926e-04
    endloop
  endfacet
  facet normal 7.679947e-01 -1.216384e-01 6.287991e-01
    outer loop
      vertex   3.956690e-04 -8.410205e-05 2.938926e-04
      vertex   3.695369e-04 -3.883989e-05 3.345653e-04
      vertex   3.634527e-04 -7.725425e-05 3.345653e-04
    endloop
  endfacet
  facet normal 7.510728e-01 -2.012494e-01 6.287991e-01
    outer loop
      vertex   3.956690e-04 -8.410205e-05 2.938926e-04
      vertex   3.634527e-04 -7.725425e-05 3.345653e-04
      vertex   3.847104e-04 -1.250000e-04 2.938926e-04
    endloop
  endfacet
  facet normal 7.510728e-01 -2.012494e-01 6.287991e-01
    outer loop
      vertex   3.847104e-04 -1.250000e-04 2.938926e-04
      vertex   3.634527e-04 -7.725425e-05 3.345653e-04
      vertex   3.533864e-04 -1.148222e-04 3.345653e-04
    endloop
  endfacet
  facet normal 7.259221e-01 -2.786554e-01 6.287991e-01
    outer loop
      vertex   3.847104e-04 -1.250000e-04 2.938926e-04
      vertex   3.533864e-04 -1.148222e-04 3.345653e-04
      vertex   3.695369e-04 -1.645284e-04 2.938926e-04
    endloop
  endfacet
  facet normal 7.259221e-01 -2.786554e-01 6.287991e-01
    outer loop
      vertex   3.695369e-04 -1.645284e-04 2.938926e-04
      vertex   3.533864e-04 -1.148222e-04 3.345653e-04
      vertex   3.394483e-04 -1.511321e-04 3.345653e-04
    endloop
  endfacet
  facet normal 6.928180e-01 -3.530084e-01 6.287991e-01
    outer loop
      vertex   3.695369e-04 -1.645284e-04 2.938926e-04
      vertex   3.394483e-04 -1.511321e-04 3.345653e-04
      vertex   3.503146e-04 -2.022542e-04 2.938926e-04
    endloop
  endfacet
  facet normal 6.928180e-01 -3.530084e-01 6.287991e-01
    outer loop
      vertex   3.503146e-04 -2.022542e-04 2.938926e-04
      vertex   3.394483e-04 -1.511321e-04 3.345653e-04
      vertex   3.217911e-04 -1.857862e-04 3.345653e-04
    endloop
  endfacet
  facet normal 6.521232e-01 -4.234938e-01 6.287991e-01
    outer loop
      vertex   3.503146e-04 -2.022542e-04 2.938926e-04
      vertex   3.217911e-04 -1.857862e-04 3.345653e-04
      vertex   3.272542e-04 -2.377641e-04 2.938926e-04
    endloop
  endfacet
  facet normal 6.521232e-01 -4.234938e-01 6.287991e-01
    outer loop
      vertex   3.272542e-04 -2.377641e-04 2.938926e-04
      vertex   3.217911e-04 -1.857862e-04 3.345653e-04
      vertex   3.006084e-04 -2.184048e-04 3.345653e-04
    endloop
  endfacet
  facet normal 6.042837e-01 -4.893393e-01 6.287991e-01
    outer loop
      vertex   3.272542e-04 -2.377641e-04 2.938926e-04
      vertex   3.006084e-04 -2.184048e-04 3.345653e-04
      vertex   3.006084e-04 -2.706690e-04 2.938926e-04
    endloop
  endfacet
  facet normal 6.042837e-01 -4.893393e-01 6.287991e-01
    outer loop
      vertex   3.006084e-04 -2.706690e-04 2.938926e-04
      vertex   3.006084e-04 -2.184048e-04 3.345653e-04
      vertex   2.761321e-04 -2.486305e-04 3.345653e-04
    endloop
  endfacet
  facet normal 5.498235e-01 -5.498235e-01 6.287991e-01
    outer loop
      vertex   3.006084e-04 -2.706690e-04 2.938926e-04
      vertex   2.761321e-04 -2.486305e-04 3.345653e-04
      vertex   2.706690e-04 -3.006084e-04 2.938926e-04
    endloop
  endfacet
  facet normal 5.498235e-01 -5.498235e-01 6.287991e-01
    outer loop
      vertex   2.706690e-04 -3.006084e-04 2.938926e-04
      vertex   2.761321e-04 -2.486305e-04 3.345653e-04
      vertex   2.486305e-04 -2.761321e-04 3.345653e-04
    endloop
  endfacet
  facet normal 4.893393e-01 -6.042837e-01 6.287991e-01
    outer loop
      vertex   2.706690e-04 -3.006084e-04 2.938926e-04
      vertex   2.486305e-04 -2.761321e-04 3.345653e-04
      vertex   2.377641e-04 -3.272542e-04 2.938926e-04
    endloop
  endfacet
  facet normal 4.893393e-01 -6.042837e-01 6.287991e-01
    outer loop
      vertex   2.377641e-04 -3.272542e-04 2.938926e-04
      vertex   2.486305e-04 -2.761321e-04 3.345653e-04
      vertex   2.184048e-04 -3.006084e-04 3.345653e-04
    endloop
  endfacet
  facet normal 4.234938e-01 -6.521232e-01 6.287991e-01
    outer loop
      vertex   2.377641e-04 -3.272542e-04 2.938926e-04
      vertex   2.184048e-04 -3.006084e-04 3.345653e-04
      vertex   2.022542e-04 -3.503146e-04 2.938926e-04
    endloop
  endfacet
  facet normal 4.234938e-01 -6.521232e-01 6.287991e-01
    outer loop
      vertex   2.022542e-04 -3.503146e-04 2.938926e-04
      vertex   2.184048e-04 -3.006084e-04 3.345653e-04
      vertex   1.857862e-04 -3.217911e-04 3.345653e-04
    endloop
  endfacet
  facet normal 3.530084e-01 -6.928180e-01 6.287991e-01
    outer loop
      vertex   2.022542e-04 -3.503146e-04 2.938926e-04
      vertex   1.857862e-04 -3.217911e-04 3.345653e-04
      vertex   1.645284e-04 -3.695369e-04 2.938926e-04
    endloop
  endfacet
  facet normal 3.530084e-01 -6.928180e-01 6.287991e-01
    outer loop
      vertex   1.645284e-04 -3.695369e-04 2.938926e-04
      vertex   1.857862e-04 -3.217911e-04 3.345653e-04
      vertex   1.511321e-04 -3.394483e-04 3.345653e-04
    endloop
  endfacet
  facet normal 2.786554e-01 -7.259221e-01 6.287991e-01
    outer loop
      vertex   1.645284e-04 -3.695369e-04 2.938926e-04
      vertex   1.511321e-04 -3.394483e-04 3.345653e-04
      vertex   1.250000e-04 -3.847104e-04 2.938926e-04
    endloop
  endfacet
  facet normal 2.786554e-01 -7.259221e-01 6.287991e-01
    outer loop
      vertex   1.250000e-04 -3.847104e-04 2.938926e-04
      vertex   1.511321e-04 -3.394483e-04 3.345653e-04
      vertex   1.148222e-04 -3.533864e-04 3.345653e-04
    endloop
  endfacet
  facet normal 2.012494e-01 -7.510728e-01 6.287991e-01
    outer loop
      vertex   1.250000e-04 -3.847104e-04 2.938926e-04
      vertex   1.148222e-04 -3.533864e-04 3.345653e-04
      vertex   8.410205e-05 -3.956690e-04 2.938926e-04
    endloop
  endfacet
  facet normal 2.012494e-01 -7.510728e-01 6.287991e-01
    outer loop
      vertex   8.410205e-05 -3.956690e-04 2.938926e-04
      vertex   1.148222e-04 -3.533864e-04 3.345653e-04
      vertex   7.725425e-05 -3.634527e-04 3.345653e-04
    endloop
  endfacet
  facet normal 1.216384e-01 -7.679947e-01 6.287991e-01
    outer loop
      vertex   8.410205e-05 -3.956690e-04 2.938926e-04
      vertex   7.725425e-05 -3.634527e-04 3.345653e-04
      vertex   4.228265e-05 -4.022926e-04 2.938926e-04
    endloop
  endfacet
  facet normal 1.216384e-01 -7.679947e-01 6.287991e-01
    outer loop
      vertex   4.228265e-05 -4.022926e-04 2.938926e-04
      vertex   7.725425e-05 -3.634527e-04 3.345653e-04
      vertex   3.883989e-05 -3.695369e-04 3.345653e-04
    endloop
  endfacet
  facet normal 4.069476e-02 -7.765022e-01 6.287991e-01
    outer loop
      vertex   4.228265e-05 -4.022926e-04 2.938926e-04
      vertex   3.883989e-05 -3.695369e-04 3.345653e-04
      vertex   2.476900e-20 -4.045085e-04 2.938926e-04
    endloop
  endfacet
  facet normal 4.069476e-02 -7.765022e-01 6.287991e-01
    outer loop
      vertex   2.476900e-20 -4.045085e-04 2.938926e-04
      vertex   3.883989e-05 -3.695369e-04 3.345653e-04
      vertex   2.275225e-20 -3.715724e-04 3.345653e-04
    endloop
  endfacet
  facet normal -4.069476e-02 -7.765022e-01 6.287991e-01
    outer loop
      vertex   2.476900e-20 -4.045085e-04 2.938926e-04
      vertex   2.275225e-20 -3.715724e-04 3.345653e-04
      vertex   -4.228265e-05 -4.022926e-04 2.938926e-04
    endloop
  endfacet
  facet normal -4.069476e-02 -7.765022e-01 6.287991e-01
    outer loop
      vertex   -4.228265e-05 -4.022926e-04 2.938926e-04
      vertex   2.275225e-20 -3.715724e-04 3.345653e-04
      vertex   -3.883989e-05 -3.695369e-04 3.345653e-04
    endloop
  endfacet
  facet normal -1.216384e-01 -7.679947e-01 6.287991e-01
    outer loop
      vertex   -4.228265e-05 -4.022926e-04 2.938926e-04
      vertex   -3.883989e-05 -3.695369e-04 3.345653e-04
      vertex   -8.410205e-05 -3.956690e-04 2.938926e-04
    endloop
  endfacet
  facet normal -1.216384e-01 -7.679947e-01 6.287991e-01
    outer loop
      vertex   -8.410205e-05 -3.956690e-04 2.938926e-04
      vertex   -3.883989e-05 -3.695369e-04 3.345653e-04
      vertex   -7.725425e-05 -3.634527e-04 3.345653e-04
    endloop
  endfacet
  facet normal -2.012494e-01 -7.510728e-01 6.287991e-01
    outer loop
      vertex   -8.410205e-05 -3.956690e-04 2.938926e-04
      vertex   -7.725425e-05 -3.634527e-04 3.345653e-04
      vertex   -1.250000e-04 -3.847104e-04 2.938926e-04
    endloop
  endfacet
  facet normal -2.012494e-01 -7.510728e-01 6.287991e-01
    outer loop
      vertex   -1.250000e-04 -3.847104e-04 2.938926e-04
      vertex   -7.725425e-05 -3.634527e-04 3.345653e-04
      vertex   -1.148222e-04 -3.533864e-04 3.345653e-04
    endloop
  endfacet
  facet normal -2.786554e-01 -7.259221e-01 6.287991e-01
    outer loop
      vertex   -1.250000e-04 -3.847104e-04 2.938926e-04
      vertex   -1.148222e-04 -3.533864e-04 3.345653e-04
      vertex   -1.645284e-04 -3.695369e-04 2.938926e-04
    endloop
  endfacet
  facet normal -2.786554e-01 -7.259221e-01 6.287991e-01
    outer loop
      vertex   -1.645284e-04 -3.695369e-04 2.938926e-04
      vertex   -1.148222e-04 -3.533864e-04 3.345653e-04
      vertex   -1.511321e-04 -3.394483e-04 3.345653e-04
    endloop
  endfacet
  facet normal -3.530084e-01 -6.928180e-01 6.287991e-01
    outer loop
      vertex   -1.645284e-04 -3.695369e-04 2.938926e-04
      vertex   -1.511321e-04 -3.394483e-04 3.345653e-04
      vertex   -2.022542e-04 -3.503146e-04 2.938926e-04
    endloop
  endfacet
  facet normal -3.530084e-01 -6.928180e-01 6.287991e-01
    outer loop
      vertex   -2.022542e-04 -3.503146e-04 2.938926e-04
      vertex   -1.511321e-04 -3.394483e-04 3.345653e-04
      vertex   -1.857862e-04 -3.217911e-04 3.345653e-04
    endloop
  endfacet
  facet normal -4.234938e-01 -6.521232e-01 6.287991e-01
    outer loop
      vertex   -2.022542e-04 -3.503146e-04 2.938926e-04
      vertex   -1.857862e-04 -3.217911e-04 3.345653e-04
      vertex   -2.377641e-04 -3.272542e-04 2.938926e-04
    endloop
  endfacet
  facet normal -4.234938e-01 -6.521232e-01 6.287991e-01
    outer loop
      vertex   -2.377641e-04 -3.272542e-04 2.938926e-04
      vertex   -1.857862e-04 -3.217911e-04 3.345653e-04
      vertex   -2.184048e-04 -3.006084e-04 3.345653e-04
    endloop
  endfacet
  facet normal -4.893393e-01 -6.042837e-01 6.287991e-01
    outer loop
      vertex   -2.377641e-04 -3.272542e-04 2.938926e-04
      vertex   -2.184048e-04 -3.006084e-04 3.345653e-04
      vertex   -2.706690e-04 -3.006084e-04 2.938926e-04
    endloop
  endfacet
  facet normal -4.893393e-01 -6.042837e-01 6.287991e-01
    outer loop
      vertex   -2.706690e-04 -3.006084e-04 2.938926e-04
      vertex   -2.184048e-04 -3.006084e-04 3.345653e-04
      vertex   -2.486305e-04 -2.761321e-04 3.345653e-04
    endloop
  endfacet
  facet normal -5.498235e-01 -5.498235e-01 6.287991e-01
    outer loop
      vertex   -2.706690e-04 -3.006084e-04 2.938926e-04
      vertex   -2.486305e-04 -2.761321e-04 3.345653e-04
      vertex   -3.006084e-04 -2.706690e-04 2.938926e-04
    endloop
  endfacet
  facet normal -5.498235e-01 -5.498235e-01 6.287991e-01
    outer loop
      vertex   -3.006084e-04 -2.706690e-04 2.938926e-04
      vertex   -2.486305e-04 -2.761321e-04 3.345653e-04
      vertex   -2.761321e-04 -2.486305e-04 3.345653e-04
    endloop
  endfacet
  facet normal -6.042837e-01 -4.893393e-01 6.287991e-01
    outer loop
      vertex   -3.006084e-04 -2.706690e-04 2.938926e-04
      vertex   -2.761321e-04 -2.486305e-04 3.345653e-04
      vertex   -3.272542e-04 -2.377641e-04 2.938926e-04
    endloop
  endfacet
  facet normal -6.042837e-01 -4.893393e-01 6.287991e-01
    outer loop
      vertex   -3.272542e-04 -2.377641e-04 2.938926e-04
      vertex   -2.761321e-04 -2.486305e-04 3.345653e-04
      vertex   -3.006084e-04 -2.184048e-04 3.345653e-04
    endloop
  endfacet
  facet normal -6.521232e-01 -4.234938e-01 6.287991e-01
    outer loop
      vertex   -3.272542e-04 -2.377641e-04 2.938926e-04
      vertex   -3.006084e-04 -2.184048e-04 3.345653e-04
      vertex   -3.503146e-04 -2.022542e-04 2.938926e-04
    endloop
  endfacet
  facet normal -6.521232e-01 -4.234938e-01 6.287991e-01
    outer loop
      vertex   -3.503146e-04 -2.022542e-04 2.938926e-04
      vertex   -3.006084e-04 -2.184048e-04 3.345653e-04
      vertex   -3.217911e-04 -1.857862e-04 3.345653e-04
    endloop
  endfacet
  facet normal -6.928180e-01 -3.530084e-01 6.287991e-01
    outer loop
      vertex   -3.503146e-04 -2.022542e-04 2.938926e-04
      vertex   -3.217911e-04 -1.857862e-04 3.345653e-04
      vertex   -3.695369e-04 -1.645284e-04 2.938926e-04
    endloop
  endfacet
  facet normal -6.928180e-01 -3.530084e-01 6.287991e-01
    outer loop
      vertex   -3.695369e-04 -1.645284e-04 2.938926e-04
      vertex   -3.217911e-04 -1.857862e-04 3.345653e-04
      vertex   -3.394483e-04 -1.511321e-04 3.345653e-04
    endloop
  endfacet
  facet normal -7.259221e-01 -2.786554e-01 6.287991e-01
    outer loop
      vertex   -3.695369e-04 -1.645284e-04 2.938926e-04
      vertex   -3.394483e-04 -1.511321e-04 3.345653e-04
      vertex   -3.847104e-04 -1.250000e-04 2.938926e-04
    endloop
  endfacet
  facet normal -7.259221e-01 -2.786554e-01 6.287991e-01
    outer loop
      vertex   -3.847104e-04 -1.250000e-04 2.938926e-04
      vertex   -3.394483e-04 -1.511321e-04 3.345653e-04
      vertex   -3.533864e-04 -1.148222e-04 3.345653e-04
    endloop
  endfacet
  facet normal -7.510728e-01 -2.012494e-01 6.287991e-01
    outer loop
      vertex   -3.847104e-04 -1.250000e-04 2.938926e-04
      vertex   -3.533864e-04 -1.148222e-04 3.345653e-04
      vertex   -3.956690e-04 -8.410205e-05 2.938926e-04
    endloop
  endfacet
  facet normal -7.510728e-01 -2.012494e-01 6.287991e-01
    outer loop
      vertex   -3.956690e-04 -8.410205e-05 2.938926e-04
      vertex   -3.533864e-04 -1.148222e-04 3.345653e-04
      vertex   -3.634527e-04 -7.725425e-05 3.345653e-04
    endloop
  endfacet
  facet normal -7.679947e-01 -1.216384e-01 6.287991e-01
    outer loop
      vertex   -3.956690e-04 -8.410205e-05 2.938926e-04
      vertex   -3.634527e-04 -7.725425e-05 3.345653e-04
      vertex   -4.022926e-04 -4.228265e-05 2.938926e-04
    endloop
  endfacet
  facet normal -7.679947e-01 -1.216384e-01 6.287991e-01
    outer loop
      vertex   -4.022926e-04 -4.228265e-05 2.938926e-04
      vertex   -3.634527e-04 -7.725425e-05 3.345653e-04
      vertex   -3.695369e-04 -3.883989e-05 3.345653e-04
    endloop
  endfacet
  facet normal -7.765022e-01 -4.069476e-02 6.287991e-01
    outer loop
      vertex   -4.022926e-04 -4.228265e-05 2.938926e-04
      vertex   -3.695369e-04 -3.883989e-05 3.345653e-04
      vertex   -4.045085e-04 -4.953800e-20 2.938926e-04
    endloop
  endfacet
  facet normal -7.765022e-01 -4.069476e-02 6.287991e-01
    outer loop
      vertex   -4.045085e-04 -4.953800e-20 2.938926e-04
      vertex   -3.695369e-04 -3.883989e-05 3.345653e-04
      vertex   -3.715724e-04 -4.550450e-20 3.345653e-04
    endloop
  endfacet
  facet normal -7.765022e-01 4.069476e-02 6.287991e-01
    outer loop
      vertex   -4.045085e-04 -4.953800e-20 2.938926e-04
      vertex   -3.715724e-04 -4.550450e-20 3.345653e-04
      vertex   -4.022926e-04 4.228265e-05 2.938926e-04
    endloop
  endfacet
  facet normal -7.765022e-01 4.069476e-02 6.287991e-01
    outer loop
      vertex   -4.022926e-04 4.228265e-05 2.938926e-04
      vertex   -3.715724e-04 -4.550450e-20 3.345653e-04
      vertex   -3.695369e-04 3.883989e-05 3.345653e-04
    endloop
  endfacet
  facet normal -7.679947e-01 1.216384e-01 6.287991e-01
    outer loop
      vertex   -4.022926e-04 4.228265e-05 2.938926e-04
      vertex   -3.695369e-04 3.883989e-05 3.345653e-04
      vertex   -3.956690e-04 8.410205e-05 2.938926e-04
    endloop
  endfacet
  facet normal -7.679947e-01 1.216384e-01 6.287991e-01
    outer loop
      vertex   -3.956690e-04 8.410205e-05 2.938926e-04
      vertex   -3.695369e-04 3.883989e-05 3.345653e-04
      vertex   -3.634527e-04 7.725425e-05 3.345653e-04
    endloop
  endfacet
  facet normal -7.510728e-01 2.012494e-01 6.287991e-01
    outer loop
      vertex   -3.956690e-04 8.410205e-05 2.938926e-04
      vertex   -3.634527e-04 7.725425e-05 3.345653e-04
      vertex   -3.847104e-04 1.250000e-04 2.938926e-04
    endloop
  endfacet
  facet normal -7.510728e-01 2.012494e-01 6.287991e-01
    outer loop
      vertex   -3.847104e-04 1.250000e-04 2.938926e-04
      vertex   -3.634527e-04 7.725425e-05 3.345653e-04
      vertex   -3.533864e-04 1.148222e-04 3.345653e-04
    endloop
  endfacet
  facet normal -7.259221e-01 2.786554e-01 6.287991e-01
    outer loop
      vertex   -3.847104e-04 1.250000e-04 2.938926e-04
      vertex   -3.533864e-04 1.148222e-04 3.345653e-04
      vertex   -3.695369e-04 1.645284e-04 2.938926e-04
    endloop
  endfacet
  facet normal -7.259221e-01 2.786554e-01 6.287991e-01
    outer loop
      vertex   -3.695369e-04 1.645284e-04 2.938926e-04
      vertex   -3.533864e-04 1.148222e-04 3.345653e-04
      vertex   -3.394483e-04 1.511321e-04 3.345653e-04
    endloop
  endfacet
  facet normal -6.928180e-01 3.530084e-01 6.287991e-01
    outer loop
      vertex   -3.695369e-04 1.645284e-04 2.938926e-04
      vertex   -3.394483e-04 1.511321e-04 3.345653e-04
      vertex   -3.503146e-04 2.022542e-04 2.938926e-04
    endloop
  endfacet
  facet normal -6.928180e-01 3.530084e-01 6.287991e-01
    outer loop
      vertex   -3.503146e-04 2.022542e-04 2.938926e-04
      vertex   -3.394483e-04 1.511321e-04 3.345653e-04
      vertex   -3.217911e-04 1.857862e-04 3.345653e-04
    endloop
  endfacet
  facet normal -6.521232e-01 4.234938e-01 6.287991e-01
    outer loop
      vertex   -3.503146e-04 2.022542e-04 2.938926e-04
      vertex   -3.217911e-04 1.857862e-04 3.345653e-04
      vertex   -3.272542e-04 2.377641e-04 2.938926e-04
    endloop
  endfacet
  facet normal -6.521232e-01 4.234938e-01 6.287991e-01
    outer loop
      vertex   -3.272542e-04 2.377641e-04 2.938926e-04
      vertex   -3.217911e-04 1.857862e-04 3.345653e-04
      vertex   -3.006084e-04 2.184048e-04 3.345653e-04
    endloop
  endfacet
  facet normal -6.042837e-01 4.893393e-01 6.287991e-01
    outer loop
      vertex   -3.272542e-04 2.377641e-04 2.938926e-04
      vertex   -3.006084e-04 2.184048e-04 3.345653e-04
      vertex   -3.006084e-04 2.706690e-04 2.938926e-04
    endloop
  endfacet
  facet normal -6.042837e-01 4.893393e-01 6.287991e-01
    outer loop
      vertex   -3.006084e-04 2.706690e-04 2.938926e-04
      vertex   -3.006084e-04 2.184048e-04 3.345653e-04
      vertex   -2.761321e-04 2.486305e-04 3.345653e-04
    endloop
  endfacet
  facet normal -5.498235e-01 5.498235e-01 6.287991e-01
    outer loop
      vertex   -3.006084e-04 2.706690e-04 2.938926e-04
      vertex   -2.761321e-04 2.486305e-04 3.345653e-04
      vertex   -2.706690e-04 3.006084e-04 2.938926e-04
    endloop
  endfacet
  facet normal -5.498235e-01 5.498235e-01 6.287991e-01
    outer loop
      vertex   -2.706690e-04 3.006084e-04 2.938926e-04
      vertex   -2.761321e-04 2.486305e-04 3.345653e-04
      vertex   -2.486305e-04 2.761321e-04 3.345653e-04
    endloop
  endfacet
  facet normal -4.893393e-01 6.042837e-01 6.287991e-01
    outer loop
      vertex   -2.706690e-04 3.006084e-04 2.938926e-04
      vertex   -2.486305e-04 2.761321e-04 3.345653e-04
      vertex   -2.377641e-04 3.272542e-04 2.938926e-04
    endloop
  endfacet
  facet normal -4.893393e-01 6.042837e-01 6.287991e-01
    outer loop
      vertex   -2.377641e-04 3.272542e-04 2.938926e-04
      vertex   -2.486305e-04 2.761321e-04 3.345653e-04
      vertex   -2.184048e-04 3.006084e-04 3.345653e-04
    endloop
  endfacet
  facet normal -4.234938e-01 6.521232e-01 6.287991e-01
    outer loop
      vertex   -2.377641e-04 3.272542e-04 2.938926e-04
      vertex   -2.184048e-04 3.006084e-04 3.345653e-04
      vertex   -2.022542e-04 3.503146e-04 2.938926e-04
    endloop
  endfacet
  facet normal -4.234938e-01 6.521232e-01 6.287991e-01
    outer loop
      vertex   -2.022542e-04 3.503146e-04 2.938926e-04
      vertex   -2.184048e-04 3.006084e-04 3.345653e-04
      vertex   -1.857862e-04 3.217911e-04 3.345653e-04
    endloop
  endfacet
  facet normal -3.530084e-01 6.928180e-01 6.287991e-01
    outer loop
      vertex   -2.022542e-04 3.503146e-04 2.938926e-04
      vertex   -1.857862e-04 3.217911e-04 3.345653e-04
      vertex   -1.645284e-04 3.695369e-04 2.938926e-04
    endloop
  endfacet
  facet normal -3.530084e-01 6.928180e-01 6.287991e-01
    outer loop
      vertex   -1.645284e-04 3.695369e-04 2.938926e-04
      vertex   -1.857862e-04 3.217911e-04 3.345653e-04
      vertex   -1.511321e-04 3.394483e-04 3.345653e-04
    endloop
  endfacet
  facet normal -2.786554e-01 7.259221e-01 6.287991e-01
    outer loop
      vertex   -1.645284e-04 3.695369e-04 2.938926e-04
      vertex   -1.511321e-04 3.394483e-04 3.345653e-04
      vertex   -1.250000e-04 3.847104e-04 2.938926e-04
    endloop
  endfacet
  facet normal -2.786554e-01 7.259221e-01 6.287991e-01
    outer loop
      vertex   -1.250000e-04 3.847104e-04 2.938926e-04
      vertex   -1.511321e-04 3.394483e-04 3.345653e-04
      vertex   -1.148222e-04 3.533864e-04 3.345653e-04
    endloop
  endfacet
  facet normal -2.012494e-01 7.510728e-01 6.287991e-01
    outer loop
      vertex   -1.250000e-04 3.847104e-04 2.938926e-04
      vertex   -1.148222e-04 3.533864e-04 3.345653e-04
      vertex   -8.410205e-05 3.956690e-04 2.938926e-04
    endloop
  endfacet
  facet normal -2.012494e-01 7.510728e-01 6.287991e-01
    outer loop
      vertex   -8.410205e-05 3.956690e-04 2.938926e-04
      vertex   -1.148222e-04 3.533864e-04 3.345653e-04
      vertex   -7.725425e-05 3.634527e-04 3.345653e-04
    endloop
  endfacet
  facet normal -1.216384e-01 7.679947e-01 6.287991e-01
    outer loop
      vertex   -8.410205e-05 3.956690e-04 2.938926e-04
      vertex   -7.725425e-05 3.634527e-04 3.345653e-04
      vertex   -4.228265e-05 4.022926e-04 2.938926e-04
    endloop
  endfacet
  facet normal -1.216384e-01 7.679947e-01 6.287991e-01
    outer loop
      vertex   -4.228265e-05 4.022926e-04 2.938926e-04
      vertex   -7.725425e-05 3.634527e-04 3.345653e-04
      vertex   -3.883989e-05 3.695369e-04 3.345653e-04
    endloop
  endfacet
  facet normal -4.069476e-02 7.765022e-01 6.287991e-01
    outer loop
      vertex   -4.228265e-05 4.022926e-04 2.938926e-04
      vertex   -3.883989e-05 3.695369e-04 3.345653e-04
      vertex   2.476900e-20 4.045085e-04 2.938926e-04
    endloop
  endfacet
  facet normal -4.069476e-02 7.765022e-01 6.287991e-01
    outer loop
      vertex   2.476900e-20 4.045085e-04 2.938926e-04
      vertex   -3.883989e-05 3.695369e-04 3.345653e-04
      vertex   2.275225e-20 3.715724e-04 3.345653e-04
    endloop
  endfacet
  facet normal 4.069476e-02 7.765022e-01 6.287991e-01
    outer loop
      vertex   2.476900e-20 4.045085e-04 2.938926e-04
      vertex   2.275225e-20 3.715724e-04 3.345653e-04
      vertex   4.228265e-05 4.022926e-04 2.938926e-04
    endloop
  endfacet
  facet normal 4.069476e-02 7.765022e-01 6.287991e-01
    outer loop
      vertex   4.228265e-05 4.022926e-04 2.938926e-04
      vertex   2.275225e-20 3.715724e-04 3.345653e-04
      vertex   3.883989e-05 3.695369e-04 3.345653e-04
    endloop
  endfacet
  facet normal 1.216384e-01 7.679947e-01 6.287991e-01
    outer loop
      vertex   4.228265e-05 4.022926e-04 2.938926e-04
      vertex   3.883989e-05 3.695369e-04 3.345653e-04
      vertex   8.410205e-05 3.956690e-04 2.938926e-04
    endloop
  endfacet
  facet normal 1.216384e-01 7.679947e-01 6.287991e-01
    outer loop
      vertex   8.410205e-05 3.956690e-04 2.938926e-04
      vertex   3.883989e-05 3.695369e-04 3.345653e-04
      vertex   7.725425e-05 3.634527e-04 3.345653e-04
    endloop
  endfacet
  facet normal 2.012494e-01 7.510728e-01 6.287991e-01
    outer loop
      vertex   8.410205e-05 3.956690e-04 2.938926e-04
      vertex   7.725425e-05 3.634527e-04 3.345653e-04
      vertex   1.250000e-04 3.847104e-04 2.938926e-04
    endloop
  endfacet
  facet normal 2.012494e-01 7.510728e-01 6.287991e-01
    outer loop
      vertex   1.250000e-04 3.847104e-04 2.938926e-04
      vertex   7.725425e-05 3.634527e-04 3.345653e-04
      vertex   1.148222e-04 3.533864e-04 3.345653e-04
    endloop
  endfacet
  facet normal 2.786554e-01 7.259221e-01 6.287991e-01
    outer loop
      vertex   1.250000e-04 3.847104e-04 2.938926e-04
      vertex   1.148222e-04 3.533864e-04 3.345653e-04
      vertex   1.645284e-04 3.695369e-04 2.938926e-04
    endloop
  endfacet
  facet normal 2.786554e-01 7.259221e-01 6.287991e-01
    outer loop
      vertex   1.645284e-04 3.695369e-04 2.938926e-04
      vertex   1.148222e-04 3.533864e-04 3.345653e-04
      vertex   1.511321e-04 3.394483e-04 3.345653e-04
    endloop
  endfacet
  facet normal 3.530084e-01 6.928180e-01 6.287991e-01
    outer loop
      vertex   1.645284e-04 3.695369e-04 2.938926e-04
      vertex   1.511321e-04 3.394483e-04 3.345653e-04
      vertex   2.022542e-04 3.503146e-04 2.938926e-04
    endloop
  endfacet
  facet normal 3.530084e-01 6.928180e-01 6.287991e-01
    outer loop
      vertex   2.022542e-04 3.503146e-04 2.938926e-04
      vertex   1.511321e-04 3.394483e-04 3.345653e-04
      vertex   1.857862e-04 3.217911e-04 3.345653e-04
    endloop
  endfacet
  facet normal 4.234938e-01 6.521232e-01 6.287991e-01
    outer loop
      vertex   2.022542e-04 3.503146e-04 2.938926e-04
      vertex   1.857862e-04 3.217911e-04 3.345653e-04
      vertex   2.377641e-04 3.272542e-04 2.938926e-04
    endloop
  endfacet
  facet normal 4.234938e-01 6.521232e-01 6.287991e-01
    outer loop
      vertex   2.377641e-04 3.272542e-04 2.938926e-04
      vertex   1.857862e-04 3.217911e-04 3.345653e-04
      vertex   2.184048e-04 3.006084e-04 3.345653e-04
    endloop
  endfacet
  facet normal 4.893393e-01 6.042837e-01 6.287991e-01
    outer loop
      vertex   2.377641e-04 3.272542e-04 2.938926e-04
      vertex   2.184048e-04 3.006084e-04 3.345653e-04
      vertex   2.706690e-04 3.006084e-04 2.938926e-04
    endloop
  endfacet
  facet normal 4.893393e-01 6.042837e-01 6.287991e-01
    outer loop
      vertex   2.706690e-04 3.006084e-04 2.938926e-04
      vertex   2.184048e-04 3.006084e-04 3.345653e-04
      vertex   2.486305e-04 2.761321e-04 3.345653e-04
    endloop
  endfacet
  facet normal 5.498235e-01 5.498235e-01 6.287991e-01
    outer loop
      vertex   2.706690e-04 3.006084e-04 2.938926e-04
      vertex   2.486305e-04 2.761321e-04 3.345653e-04
      vertex   3.006084e-04 2.706690e-04 2.938926e-04
    endloop
  endfacet
  facet normal 5.498235e-01 5.498235e-01 6.287991e-01
    outer loop
      vertex   3.006084e-04 2.706690e-04 2.938926e-04
      vertex   2.486305e-04 2.761321e-04 3.345653e-04
      vertex   2.761321e-04 2.486305e-04 3.345653e-04
    endloop
  endfacet
  facet normal 6.042837e-01 4.893393e-01 6.287991e-01
    outer loop
      vertex   3.006084e-04 2.706690e-04 2.938926e-04
      vertex   2.761321e-04 2.486305e-04 3.345653e-04
      vertex   3.272542e-04 2.377641e-04 2.938926e-04
    endloop
  endfacet
  facet normal 6.042837e-01 4.893393e-01 6.287991e-01
    outer loop
      vertex   3.272542e-04 2.377641e-04 2.938926e-04
      vertex   2.761321e-04 2.486305e-04 3.345653e-04
      vertex   3.006084e-04 2.184048e-04 3.345653e-04
    endloop
  endfacet
  facet normal 6.521232e-01 4.234938e-01 6.287991e-01
    outer loop
      vertex   3.272542e-04 2.377641e-04 2.938926e-04
      vertex   3.006084e-04 2.184048e-04 3.345653e-04
      vertex   3.503146e-04 2.022542e-04 2.938926e-04
    endloop
  endfacet
  facet normal 6.521232e-01 4.234938e-01 6.287991e-01
    outer loop
      vertex   3.503146e-04 2.022542e-04 2.938926e-04
      vertex   3.006084e-04 2.184048e-04 3.345653e-04
      vertex   3.217911e-04 1.857862e-04 3.345653e-04
    endloop
  endfacet
  facet normal 6.928180e-01 3.530084e-01 6.287991e-01
    outer loop
      vertex   3.503146e-04 2.022542e-04 2.938926e-04
      vertex   3.217911e-04 1.857862e-04 3.345653e-04
      vertex   3.695369e-04 1.645284e-04 2.938926e-04
    endloop
  endfacet
  facet normal 6.928180e-01 3.530084e-01 6.287991e-01
    outer loop
      vertex   3.695369e-04 1.645284e-04 2.938926e-04
      vertex   3.217911e-04 1.857862e-04 3.345653e-04
      vertex   3.394483e-04 1.511321e-04 3.345653e-04
    endloop
  endfacet
  facet normal 7.259221e-01 2.786554e-01 6.287991e-01
    outer loop
      vertex   3.695369e-04 1.645284e-04 2.938926e-04
      vertex   3.394483e-04 1.511321e-04 3.345653e-04
      vertex   3.847104e-04 1.250000e-04 2.938926e-04
    endloop
  endfacet
  facet normal 7.259221e-01 2.786554e-01 6.287991e-01
    outer loop
      vertex   3.847104e-04 1.250000e-04 2.938926e-04
      vertex   3.394483e-04 1.511321e-04 3.345653e-04
      vertex   3.533864e-04 1.148222e-04 3.345653e-04
    endloop
  endfacet
  facet normal 7.510728e-01 2.012494e-01 6.287991e-01
    outer loop
      vertex   3.847104e-04 1.250000e-04 2.938926e-04
      vertex   3.533864e-04 1.148222e-04 3.345653e-04
      vertex   3.956690e-04 8.410205e-05 2.938926e-04
    endloop
  endfacet
  facet normal 7.510728e-01 2.012494e-01 6.287991e-01
    outer loop
      vertex   3.956690e-04 8.410205e-05 2.938926e-04
      vertex   3.533864e-04 1.148222e-04 3.345653e-04
      vertex   3.634527e-04 7.725425e-05 3.345653e-04
    endloop
  endfacet
  facet normal 7.679947e-01 1.216384e-01 6.287991e-01
    outer loop
      vertex   3.956690e-04 8.410205e-05 2.938926e-04
      vertex   3.634527e-04 7.725425e-05 3.345653e-04
      vertex   4.022926e-04 4.228265e-05 2.938926e-04
    endloop
  endfacet
  facet normal 7.679947e-01 1.216384e-01 6.287991e-01
    outer loop
      vertex   4.022926e-04 4.228265e-05 2.938926e-04
      vertex   3.634527e-04 7.725425e-05 3.345653e-04
      vertex   3.695369e-04 3.883989e-05 3.345653e-04
    endloop
  endfacet
  facet normal 7.765022e-01 4.069476e-02 6.287991e-01
    outer loop
      vertex   4.022926e-04 4.228265e-05 2.938926e-04
      vertex   3.695369e-04 3.883989e-05 3.345653e-04
      vertex   4.045085e-04 0.000000e+00 2.938926e-04
    endloop
  endfacet
  facet normal 7.765022e-01 4.069476e-02 6.287991e-01
    outer loop
      vertex   4.045085e-04 0.000000e+00 2.938926e-04
      vertex   3.695369e-04 3.883989e-05 3.345653e-04
      vertex   3.715724e-04 0.000000e+00 3.345653e-04
    endloop
  endfacet
  facet normal 7.066218e-01 -3.703248e-02 7.066218e-01
    outer loop
      vertex   3.715724e-04 0.000000e+00 3.345653e-04
      vertex   3.345653e-04 0.000000e+00 3.715724e-04
      vertex   3.695369e-04 -3.883989e-05 3.345653e-04
    endloop
  endfacet
  facet normal 7.066218e-01 -3.703248e-02 7.066218e-01
    outer loop
      vertex   3.695369e-04 -3.883989e-05 3.345653e-04
      vertex   3.345653e-04 0.000000e+00 3.715724e-04
      vertex   3.327325e-04 -3.497160e-05 3.715724e-04
    endloop
  endfacet
  facet normal 6.988799e-01 -1.106917e-01 7.066218e-01
    outer loop
      vertex   3.695369e-04 -3.883989e-05 3.345653e-04
      vertex   3.327325e-04 -3.497160e-05 3.715724e-04
      vertex   3.634527e-04 -7.725425e-05 3.345653e-04
    endloop
  endfacet
  facet normal 6.988799e-01 -1.106917e-01 7.066218e-01
    outer loop
      vertex   3.634527e-04 -7.725425e-05 3.345653e-04
      vertex   3.327325e-04 -3.497160e-05 3.715724e-04
      vertex   3.272542e-04 -6.956004e-05 3.715724e-04
    endloop
  endfacet
  facet normal 6.834809e-01 -1.831382e-01 7.066218e-01
    outer loop
      vertex   3.634527e-04 -7.725425e-05 3.345653e-04
      vertex   3.272542e-04 -6.956004e-05 3.715724e-04
      vertex   3.533864e-04 -1.148222e-04 3.345653e-04
    endloop
  endfacet
  facet normal 6.834809e-01 -1.831382e-01 7.066218e-01
    outer loop
      vertex   3.533864e-04 -1.148222e-04 3.345653e-04
      vertex   3.272542e-04 -6.956004e-05 3.715724e-04
      vertex   3.181905e-04 -1.033864e-04 3.715724e-04
    endloop
  endfacet
  facet normal 6.605936e-01 -2.535781e-01 7.066218e-01
    outer loop
      vertex   3.533864e-04 -1.148222e-04 3.345653e-04
      vertex   3.181905e-04 -1.033864e-04 3.715724e-04
      vertex   3.394483e-04 -1.511321e-04 3.345653e-04
    endloop
  endfacet
  facet normal 6.605936e-01 -2.535781e-01 7.066218e-01
    outer loop
      vertex   3.394483e-04 -1.511321e-04 3.345653e-04
      vertex   3.181905e-04 -1.033864e-04 3.715724e-04
      vertex   3.056406e-04 -1.360800e-04 3.715724e-04
    endloop
  endfacet
  facet normal 6.304686e-01 -3.212398e-01 7.066218e-01
    outer loop
      vertex   3.394483e-04 -1.511321e-04 3.345653e-04
      vertex   3.056406e-04 -1.360800e-04 3.715724e-04
      vertex   3.217911e-04 -1.857862e-04 3.345653e-04
    endloop
  endfacet
  facet normal 6.304686e-01 -3.212398e-01 7.066218e-01
    outer loop
      vertex   3.217911e-04 -1.857862e-04 3.345653e-04
      vertex   3.056406e-04 -1.360800e-04 3.715724e-04
      vertex   2.897421e-04 -1.672827e-04 3.715724e-04
    endloop
  endfacet
  facet normal 5.934361e-01 -3.853819e-01 7.066218e-01
    outer loop
      vertex   3.217911e-04 -1.857862e-04 3.345653e-04
      vertex   2.897421e-04 -1.672827e-04 3.715724e-04
      vertex   3.006084e-04 -2.184048e-04 3.345653e-04
    endloop
  endfacet
  facet normal 5.934361e-01 -3.853819e-01 7.066218e-01
    outer loop
      vertex   3.006084e-04 -2.184048e-04 3.345653e-04
      vertex   2.897421e-04 -1.672827e-04 3.715724e-04
      vertex   2.706690e-04 -1.966526e-04 3.715724e-04
    endloop
  endfacet
  facet normal 5.499019e-01 -4.453017e-01 7.066218e-01
    outer loop
      vertex   3.006084e-04 -2.184048e-04 3.345653e-04
      vertex   2.706690e-04 -1.966526e-04 3.715724e-04
      vertex   2.761321e-04 -2.486305e-04 3.345653e-04
    endloop
  endfacet
  facet normal 5.499019e-01 -4.453017e-01 7.066218e-01
    outer loop
      vertex   2.761321e-04 -2.486305e-04 3.345653e-04
      vertex   2.706690e-04 -1.966526e-04 3.715724e-04
      vertex   2.486305e-04 -2.238679e-04 3.715724e-04
    endloop
  endfacet
  facet normal 5.003427e-01 -5.003427e-01 7.066218e-01
    outer loop
      vertex   2.761321e-04 -2.486305e-04 3.345653e-04
      vertex   2.486305e-04 -2.238679e-04 3.715724e-04
      vertex   2.486305e-04 -2.761321e-04 3.345653e-04
    endloop
  endfacet
  facet normal 5.003427e-01 -5.003427e-01 7.066218e-01
    outer loop
      vertex   2.486305e-04 -2.761321e-04 3.345653e-04
      vertex   2.486305e-04 -2.238679e-04 3.715724e-04
      vertex   2.238679e-04 -2.486305e-04 3.715724e-04
    endloop
  endfacet
  facet normal 4.453017e-01 -5.499019e-01 7.066218e-01
    outer loop
      vertex   2.486305e-04 -2.761321e-04 3.345653e-04
      vertex   2.238679e-04 -2.486305e-04 3.715724e-04
      vertex   2.184048e-04 -3.006084e-04 3.345653e-04
    endloop
  endfacet
  facet normal 4.453017e-01 -5.499019e-01 7.066218e-01
    outer loop
      vertex   2.184048e-04 -3.006084e-04 3.345653e-04
      vertex   2.238679e-04 -2.486305e-04 3.715724e-04
      vertex   1.966526e-04 -2.706690e-04 3.715724e-04
    endloop
  endfacet
  facet normal 3.853819e-01 -5.934361e-01 7.066218e-01
    outer loop
      vertex   2.184048e-04 -3.006084e-04 3.345653e-04
      vertex   1.966526e-04 -2.706690e-04 3.715724e-04
      vertex   1.857862e-04 -3.217911e-04 3.345653e-04
    endloop
  endfacet
  facet normal 3.853819e-01 -5.934361e-01 7.066218e-01
    outer loop
      vertex   1.857862e-04 -3.217911e-04 3.345653e-04
      vertex   1.966526e-04 -2.706690e-04 3.715724e-04
      vertex   1.672827e-04 -2.897421e-04 3.715724e-04
    endloop
  endfacet
  facet normal 3.212398e-01 -6.304686e-01 7.066218e-01
    outer loop
      vertex   1.857862e-04 -3.217911e-04 3.345653e-04
      vertex   1.672827e-04 -2.897421e-04 3.715724e-04
      vertex   1.511321e-04 -3.394483e-04 3.345653e-04
    endloop
  endfacet
  facet normal 3.212398e-01 -6.304686e-01 7.066218e-01
    outer loop
      vertex   1.511321e-04 -3.394483e-04 3.345653e-04
      vertex   1.672827e-04 -2.897421e-04 3.715724e-04
      vertex   1.360800e-04 -3.056406e-04 3.715724e-04
    endloop
  endfacet
  facet normal 2.535781e-01 -6.605936e-01 7.066218e-01
    outer loop
      vertex   1.511321e-04 -3.394483e-04 3.345653e-04
      vertex   1.360800e-04 -3.056406e-04 3.715724e-04
      vertex   1.148222e-04 -3.533864e-04 3.345653e-04
    endloop
  endfacet
  facet normal 2.535781e-01 -6.605936e-01 7.066218e-01
    outer loop
      vertex   1.148222e-04 -3.533864e-04 3.345653e-04
      vertex   1.360800e-04 -3.056406e-04 3.715724e-04
      vertex   1.033864e-04 -3.181905e-04 3.715724e-04
    endloop
  endfacet
  facet normal 1.831382e-01 -6.834809e-01 7.066218e-01
    outer loop
      vertex   1.148222e-04 -3.533864e-04 3.345653e-04
      vertex   1.033864e-04 -3.181905e-04 3.715724e-04
      vertex   7.725425e-05 -3.634527e-04 3.345653e-04
    endloop
  endfacet
  facet normal 1.831382e-01 -6.834809e-01 7.066218e-01
    outer loop
      vertex   7.725425e-05 -3.634527e-04 3.345653e-04
      vertex   1.033864e-04 -3.181905e-04 3.715724e-04
      vertex   6.956004e-05 -3.272542e-04 3.715724e-04
    endloop
  endfacet
  facet normal 1.106917e-01 -6.988799e-01 7.066218e-01
    outer loop
      vertex   7.725425e-05 -3.634527e-04 3.345653e-04
      vertex   6.956004e-05 -3.272542e-04 3.715724e-04
      vertex   3.883989e-05 -3.695369e-04 3.345653e-04
    endloop
  endfacet
  facet normal 1.106917e-01 -6.988799e-01 7.066218e-01
    outer loop
      vertex   3.883989e-05 -3.695369e-04 3.345653e-04
      vertex   6.956004e-05 -3.272542e-04 3.715724e-04
      vertex   3.497160e-05 -3.327325e-04 3.715724e-04
    endloop
  endfacet
  facet normal 3.703248e-02 -7.066218e-01 7.066218e-01
    outer loop
      vertex   3.883989e-05 -3.695369e-04 3.345653e-04
      vertex   3.497160e-05 -3.327325e-04 3.715724e-04
      vertex   2.275225e-20 -3.715724e-04 3.345653e-04
    endloop
  endfacet
  facet normal 3.703248e-02 -7.066218e-01 7.066218e-01
    outer loop
      vertex   2.275225e-20 -3.715724e-04 3.345653e-04
      vertex   3.497160e-05 -3.327325e-04 3.715724e-04
      vertex   2.048622e-20 -3.345653e-04 3.715724e-04
    endloop
  endfacet
  facet normal -3.703248e-02 -7.066218e-01 7.066218e-01
    outer loop
      vertex   2.275225e-20 -3.715724e-04 3.345653e-04
      vertex   2.048622e-20 -3.345653e-04 3.715724e-04
      vertex   -3.883989e-05 -3.695369e-04 3.345653e-04
    endloop
  endfacet
  facet normal -3.703248e-02 -7.066218e-01 7.066218e-01
    outer loop
      vertex   -3.883989e-05 -3.695369e-04 3.345653e-04
      vertex   2.048622e-20 -3.345653e-04 3.715724e-04
      vertex   -3.497160e-05 -3.327325e-04 3.715724e-04
    endloop
  endfacet
  facet normal -1.106917e-01 -6.988799e-01 7.066218e-01
    outer loop
      vertex   -3.883989e-05 -3.695369e-04 3.345653e-04
      vertex   -3.497160e-05 -3.327325e-04 3.715724e-04
      vertex   -7.725425e-05 -3.634527e-04 3.345653e-04
    endloop
  endfacet
  facet normal -1.106917e-01 -6.988799e-01 7.066218e-01
    outer loop
      vertex   -7.725425e-05 -3.634527e-04 3.345653e-04
      vertex   -3.497160e-05 -3.327325e-04 3.715724e-04
      vertex   -6.956004e-05 -3.272542e-04 3.715724e-04
    endloop
  endfacet
  facet normal -1.831382e-01 -6.834809e-01 7.066218e-01
    outer loop
      vertex   -7.725425e-05 -3.634527e-04 3.345653e-04
      vertex   -6.956004e-05 -3.272542e-04 3.715724e-04
      vertex   -1.148222e-04 -3.533864e-04 3.345653e-04
    endloop
  endfacet
  facet normal -1.831382e-01 -6.834809e-01 7.066218e-01
    outer loop
      vertex   -1.148222e-04 -3.533864e-04 3.345653e-04
      vertex   -6.956004e-05 -3.272542e-04 3.715724e-04
      vertex   -1.033864e-04 -3.181905e-04 3.715724e-04
    endloop
  endfacet
  facet normal -2.535781e-01 -6.605936e-01 7.066218e-01
    outer loop
      vertex   -1.148222e-04 -3.533864e-04 3.345653e-04
      vertex   -1.033864e-04 -3.181905e-04 3.715724e-04
      vertex   -1.511321e-04 -3.394483e-04 3.345653e-04
    endloop
  endfacet
  facet normal -2.535781e-01 -6.605936e-01 7.066218e-01
    outer loop
      vertex   -1.511321e-04 -3.394483e-04 3.345653e-04
      vertex   -1.033864e-04 -3.181905e-04 3.715724e-04
      vertex   -1.360800e-04 -3.056406e-04 3.715724e-04
    endloop
  endfacet
  facet normal -3.212398e-01 -6.304686e-01 7.066218e-01
    outer loop
      vertex   -1.511321e-04 -3.394483e-04 3.345653e-04
      vertex   -1.360800e-04 -3.056406e-04 3.715724e-04
      vertex   -1.857862e-04 -3.217911e-04 3.345653e-04
    endloop
  endfacet
  facet normal -3.212398e-01 -6.304686e-01 7.066218e-01
    outer loop
      vertex   -1.857862e-04 -3.217911e-04 3.345653e-04
      vertex   -1.360800e-04 -3.056406e-04 3.715724e-04
      vertex   -1.672827e-04 -2.897421e-04 3.715724e-04
    endloop
  endfacet
  facet normal -3.853819e-01 -5.934361e-01 7.066218e-01
    outer loop
      vertex   -1.857862e-04 -3.217911e-04 3.345653e-04
      vertex   -1.672827e-04 -2.897421e-04 3.715724e-04
      vertex   -2.184048e-04 -3.006084e-04 3.345653e-04
    endloop
  endfacet
  facet normal -3.853819e-01 -5.934361e-01 7.066218e-01
    outer loop
      vertex   -2.184048e-04 -3.006084e-04 3.345653e-04
      vertex   -1.672827e-04 -2.897421e-04 3.715724e-04
      vertex   -1.966526e-04 -2.706690e-04 3.715724e-04
    endloop
  endfacet
  facet normal -4.453017e-01 -5.499019e-01 7.066218e-01
    outer loop
      vertex   -2.184048e-04 -3.006084e-04 3.345653e-04
      vertex   -1.966526e-04 -2.706690e-04 3.715724e-04
      vertex   -2.486305e-04 -2.761321e-04 3.345653e-04
    endloop
  endfacet
  facet normal -4.453017e-01 -5.499019e-01 7.066218e-01
    outer loop
      vertex   -2.486305e-04 -2.761321e-04 3.345653e-04
      vertex   -1.966526e-04 -2.706690e-04 3.715724e-04
      vertex   -2.238679e-04 -2.486305e-04 3.715724e-04
    endloop
  endfacet
  facet normal -5.003427e-01 -5.003427e-01 7.066218e-01
    outer loop
      vertex   -2.486305e-04 -2.761321e-04 3.345653e-04
      vertex   -2.238679e-04 -2.486305e-04 3.715724e-04
      vertex   -2.761321e-04 -2.486305e-04 3.345653e-04
    endloop
  endfacet
  facet normal -5.003427e-01 -5.003427e-01 7.066218e-01
    outer loop
      vertex   -2.761321e-04 -2.486305e-04 3.345653e-04
      vertex   -2.238679e-04 -2.486305e-04 3.715724e-04
      vertex   -2.486305e-04 -2.238679e-04 3.715724e-04
    endloop
  endfacet
  facet normal -5.499019e-01 -4.453017e-01 7.066218e-01
    outer loop
      vertex   -2.761321e-04 -2.486305e-04 3.345653e-04
      vertex   -2.486305e-04 -2.238679e-04 3.715724e-04
      vertex   -3.006084e-04 -2.184048e-04 3.345653e-04
    endloop
  endfacet
  facet normal -5.499019e-01 -4.453017e-01 7.066218e-01
    outer loop
      vertex   -3.006084e-04 -2.184048e-04 3.345653e-04
      vertex   -2.486305e-04 -2.238679e-04 3.715724e-04
      vertex   -2.706690e-04 -1.966526e-04 3.715724e-04
    endloop
  endfacet
  facet normal -5.934361e-01 -3.853819e-01 7.066218e-01
    outer loop
      vertex   -3.006084e-04 -2.184048e-04 3.345653e-04
      vertex   -2.706690e-04 -1.966526e-04 3.715724e-04
      vertex   -3.217911e-04 -1.857862e-04 3.345653e-04
    endloop
  endfacet
  facet normal -5.934361e-01 -3.853819e-01 7.066218e-01
    outer loop
      vertex   -3.217911e-04 -1.857862e-04 3.345653e-04
      vertex   -2.706690e-04 -1.966526e-04 3.715724e-04
      vertex   -2.897421e-04 -1.672827e-04 3.715724e-04
    endloop
  endfacet
  facet normal -6.304686e-01 -3.212398e-01 7.066218e-01
    outer loop
      vertex   -3.217911e-04 -1.857862e-04 3.345653e-04
      vertex   -2.897421e-04 -1.672827e-04 3.715724e-04
      vertex   -3.394483e-04 -1.511321e-04 3.345653e-04
    endloop
  endfacet
  facet normal -6.304686e-01 -3.212398e-01 7.066218e-01
    outer loop
      vertex   -3.394483e-04 -1.511321e-04 3.345653e-04
      vertex   -2.897421e-04 -1.672827e-04 3.715724e-04
      vertex   -3.056406e-04 -1.360800e-04 3.715724e-04
    endloop
  endfacet
  facet normal -6.605936e-01 -2.535781e-01 7.066218e-01
    outer loop
      vertex   -3.394483e-04 -1.511321e-04 3.345653e-04
      vertex   -3.056406e-04 -1.360800e-04 3.715724e-04
      vertex   -3.533864e-04 -1.148222e-04 3.345653e-04
    endloop
  endfacet
  facet normal -6.605936e-01 -2.535781e-01 7.066218e-01
    outer loop
      vertex   -3.533864e-04 -1.148222e-04 3.345653e-04
      vertex   -3.056406e-04 -1.360800e-04 3.715724e-04
      vertex   -3.181905e-04 -1.033864e-04 3.715724e-04
    endloop
  endfacet
  facet normal -6.834809e-01 -1.831382e-01 7.066218e-01
    outer loop
      vertex   -3.533864e-04 -1.148222e-04 3.345653e-04
      vertex   -3.181905e-04 -1.033864e-04 3.715724e-04
      vertex   -3.634527e-04 -7.725425e-05 3.345653e-04
    endloop
  endfacet
  facet normal -6.834809e-01 -1.831382e-01 7.066218e-01
    outer loop
      vertex   -3.634527e-04 -7.725425e-05 3.345653e-04
      vertex   -3.181905e-04 -1.033864e-04 3.715724e-04
      vertex   -3.272542e-04 -6.956004e-05 3.715724e-04
    endloop
  endfacet
  facet normal -6.988799e-01 -1.106917e-01 7.066218e-01
    outer loop
      vertex   -3.634527e-04 -7.725425e-05 3.345653e-04
      vertex   -3.272542e-04 -6.956004e-05 3.715724e-04
      vertex   -3.695369e-04 -3.883989e-05 3.345653e-04
    endloop
  endfacet
  facet normal -6.988799e-01 -1.106917e-01 7.066218e-01
    outer loop
      vertex   -3.695369e-04 -3.883989e-05 3.345653e-04
      vertex   -3.272542e-04 -6.956004e-05 3.715724e-04
      vertex   -3.327325e-04 -3.497160e-05 3.715724e-04
    endloop
  endfacet
  facet normal -7.066218e-01 -3.703248e-02 7.066218e-01
    outer loop
      vertex   -3.695369e-04 -3.883989e-05 3.345653e-04
      vertex   -3.327325e-04 -3.497160e-05 3.715724e-04
      vertex   -3.715724e-04 -4.550450e-20 3.345653e-04
    endloop
  endfacet
  facet normal -7.066218e-01 -3.703248e-02 7.066218e-01
    outer loop
      vertex   -3.715724e-04 -4.550450e-20 3.345653e-04
      vertex   -3.327325e-04 -3.497160e-05 3.715724e-04
      vertex   -3.345653e-04 -4.097243e-20 3.715724e-04
    endloop
  endfacet
  facet normal -7.066218e-01 3.703248e-02 7.066218e-01
    outer loop
      vertex   -3.715724e-04 -4.550450e-20 3.345653e-04
      vertex   -3.345653e-04 -4.097243e-20 3.715724e-04
      vertex   -3.695369e-04 3.883989e-05 3.345653e-04
    endloop
  endfacet
  facet normal -7.066218e-01 3.703248e-02 7.066218e-01
    outer loop
      vertex   -3.695369e-04 3.883989e-05 3.345653e-04
      vertex   -3.345653e-04 -4.097243e-20 3.715724e-04
      vertex   -3.327325e-04 3.497160e-05 3.715724e-04
    endloop
  endfacet
  facet normal -6.988799e-01 1.106917e-01 7.066218e-01
    outer loop
      vertex   -3.695369e-04 3.883989e-05 3.345653e-04
      vertex   -3.327325e-04 3.497160e-05 3.715724e-04
      vertex   -3.634527e-04 7.725425e-05 3.345653e-04
    endloop
  endfacet
  facet normal -6.988799e-01 1.106917e-01 7.066218e-01
    outer loop
      vertex   -3.634527e-04 7.725425e-05 3.345653e-04
      vertex   -3.327325e-04 3.497160e-05 3.715724e-04
      vertex   -3.272542e-04 6.956004e-05 3.715724e-04
    endloop
  endfacet
  facet normal -6.834809e-01 1.831382e-01 7.066218e-01
    outer loop
      vertex   -3.634527e-04 7.725425e-05 3.345653e-04
      vertex   -3.272542e-04 6.956004e-05 3.715724e-04
      vertex   -3.533864e-04 1.148222e-04 3.345653e-04
    endloop
  endfacet
  facet normal -6.834809e-01 1.831382e-01 7.066218e-01
    outer loop
      vertex   -3.533864e-04 1.148222e-04 3.345653e-04
      vertex   -3.272542e-04 6.956004e-05 3.715724e-04
      vertex   -3.181905e-04 1.033864e-04 3.715724e-04
    endloop
  endfacet
  facet normal -6.605936e-01 2.535781e-01 7.066218e-01
    outer loop
      vertex   -3.533864e-04 1.148222e-04 3.345653e-04
      vertex   -3.181905e-04 1.033864e-04 3.715724e-04
      vertex   -3.394483e-04 1.511321e-04 3.345653e-04
    endloop
  endfacet
  facet normal -6.605936e-01 2.535781e-01 7.066218e-01
    outer loop
      vertex   -3.394483e-04 1.511321e-04 3.345653e-04
      vertex   -3.181905e-04 1.033864e-04 3.715724e-04
      vertex   -3.056406e-04 1.360800e-04 3.715724e-04
    endloop
  endfacet
  facet normal -6.304686e-01 3.212398e-01 7.066218e-01
    outer loop
      vertex   -3.394483e-04 1.511321e-04 3.345653e-04
      vertex   -3.056406e-04 1.360800e-04 3.715724e-04
      vertex   -3.217911e-04 1.857862e-04 3.345653e-04
    endloop
  endfacet
  facet normal -6.304686e-01 3.212398e-01 7.066218e-01
    outer loop
      vertex   -3.217911e-04 1.857862e-04 3.345653e-04
      vertex   -3.056406e-04 1.360800e-04 3.715724e-04
      vertex   -2.897421e-04 1.672827e-04 3.715724e-04
    endloop
  endfacet
  facet normal -5.934361e-01 3.853819e-01 7.066218e-01
    outer loop
      vertex   -3.217911e-04 1.857862e-04 3.345653e-04
      vertex   -2.897421e-04 1.672827e-04 3.715724e-04
      vertex   -3.006084e-04 2.184048e-04 3.345653e-04
    endloop
  endfacet
  facet normal -5.934361e-01 3.853819e-01 7.066218e-01
    outer loop
      vertex   -3.006084e-04 2.184048e-04 3.345653e-04
      vertex   -2.897421e-04 1.672827e-04 3.715724e-04
      vertex   -2.706690e-04 1.966526e-04 3.715724e-04
    endloop
  endfacet
  facet normal -5.499019e-01 4.453017e-01 7.066218e-01
    outer loop
      vertex   -3.006084e-04 2.184048e-04 3.345653e-04
      vertex   -2.706690e-04 1.966526e-04 3.715724e-04
      vertex   -2.761321e-04 2.486305e-04 3.345653e-04
    endloop
  endfacet
  facet normal -5.499019e-01 4.453017e-01 7.066218e-01
    outer loop
      vertex   -2.761321e-04 2.486305e-04 3.345653e-04
      vertex   -2.706690e-04 1.966526e-04 3.715724e-04
      vertex   -2.486305e-04 2.238679e-04 3.715724e-04
    endloop
  endfacet
  facet normal -5.003427e-01 5.003427e-01 7.066218e-01
    outer loop
      vertex   -2.761321e-04 2.486305e-04 3.345653e-04
      vertex   -2.486305e-04 2.238679e-04 3.715724e-04
      vertex   -2.486305e-04 2.761321e-04 3.345653e-04
    endloop
  endfacet
  facet normal -5.003427e-01 5.003427e-01 7.066218e-01
    outer loop
      vertex   -2.486305e-04 2.761321e-04 3.345653e-04
      vertex   -2.486305e-04 2.238679e-04 3.715724e-04
      vertex   -2.238679e-04 2.486305e-04 3.715724e-04
    endloop
  endfacet
  facet normal -4.453017e-01 5.499019e-01 7.066218e-01
    outer loop
      vertex   -2.486305e-04 2.761321e-04 3.345653e-04
      vertex   -2.238679e-04 2.486305e-04 3.715724e-04
      vertex   -2.184048e-04 3.006084e-04 3.345653e-04
    endloop
  endfacet
  facet normal -4.453017e-01 5.499019e-01 7.066218e-01
    outer loop
      vertex   -2.184048e-04 3.006084e-04 3.345653e-04
      vertex   -2.238679e-04 2.486305e-04 3.715724e-04
      vertex   -1.966526e-04 2.706690e-04 3.715724e-04
    endloop
  endfacet
  facet normal -3.853819e-01 5.934361e-01 7.066218e-01
    outer loop
      vertex   -2.184048e-04 3.006084e-04 3.345653e-04
      vertex   -1.966526e-04 2.706690e-04 3.715724e-04
      vertex   -1.857862e-04 3.217911e-04 3.345653e-04
    endloop
  endfacet
  facet normal -3.853819e-01 5.934361e-01 7.066218e-01
    outer loop
      vertex   -1.857862e-04 3.217911e-04 3.345653e-04
      vertex   -1.966526e-04 2.706690e-04 3.715724e-04
      vertex   -1.672827e-04 2.897421e-04 3.715724e-04
    endloop
  endfacet
  facet normal -3.212398e-01 6.304686e-01 7.066218e-01
    outer loop
      vertex   -1.857862e-04 3.217911e-04 3.345653e-04
      vertex   -1.672827e-04 2.897421e-04 3.715724e-04
      vertex   -1.511321e-04 3.394483e-04 3.345653e-04
    endloop
  endfacet
  facet normal -3.212398e-01 6.304686e-01 7.066218e-01
    outer loop
      vertex   -1.511321e-04 3.394483e-04 3.345653e-04
      vertex   -1.672827e-04 2.897421e-04 3.715724e-04
      vertex   -1.360800e-04 3.056406e-04 3.715724e-04
    endloop
  endfacet
  facet normal -2.535781e-01 6.605936e-01 7.066218e-01
    outer loop
      vertex   -1.511321e-04 3.394483e-04 3.345653e-04
      vertex   -1.360800e-04 3.056406e-04 3.715724e-04
      vertex   -1.148222e-04 3.533864e-04 3.345653e-04
    endloop
  endfacet
  facet normal -2.535781e-01 6.605936e-01 7.066218e-01
    outer loop
      vertex   -1.148222e-04 3.533864e-04 3.345653e-04
      vertex   -1.360800e-04 3.056406e-04 3.715724e-04
      vertex   -1.033864e-04 3.181905e-04 3.715724e-04
    endloop
  endfacet
  facet normal -1.831382e-01 6.834809e-01 7.066218e-01
    outer loop
      vertex   -1.148222e-04 3.533864e-04 3.345653e-04
      vertex   -1.033864e-04 3.181905e-04 3.715724e-04
      vertex   -7.725425e-05 3.634527e-04 3.345653e-04
    endloop
  endfacet
  facet normal -1.831382e-01 6.834809e-01 7.066218e-01
    outer loop
      vertex   -7.725425e-05 3.634527e-04 3.345653e-04
      vertex   -1.033864e-04 3.181905e-04 3.715724e-04
      vertex   -6.956004e-05 3.272542e-04 3.715724e-04
    endloop
  endfacet
  facet normal -1.106917e-01 6.988799e-01 7.066218e-01
    outer loop
      vertex   -7.725425e-05 3.634527e-04 3.345653e-04
      vertex   -6.956004e-05 3.272542e-04 3.715724e-04
      vertex   -3.883989e-05 3.695369e-04 3.345653e-04
    endloop
  endfacet
  facet normal -1.106917e-01 6.988799e-01 7.066218e-01
    outer loop
      vertex   -3.883989e-05 3.695369e-04 3.345653e-04
      vertex   -6.956004e-05 3.272542e-04 3.715724e-04
      vertex   -3.497160e-05 3.327325e-04 3.715724e-04
    endloop
  endfacet
  facet normal -3.703248e-02 7.066218e-01 7.066218e-01
    outer loop
      vertex   -3.883989e-05 3.695369e-04 3.345653e-04
      vertex   -3.497160e-05 3.327325e-04 3.715724e-04
      vertex   2.275225e-20 3.715724e-04 3.345653e-04
    endloop
  endfacet
  facet normal -3.703248e-02 7.066218e-01 7.066218e-01
    outer loop
      vertex   2.275225e-20 3.715724e-04 3.345653e-04
      vertex   -3.497160e-05 3.327325e-04 3.715724e-04
      vertex   2.048622e-20 3.345653e-04 3.715724e-04
    endloop
  endfacet
  facet normal 3.703248e-02 7.066218e-01 7.066218e-01
    outer loop
      vertex   2.275225e-20 3.715724e-04 3.345653e-04
      vertex   2.048622e-20 3.345653e-04 3.715724e-04
      vertex   3.883989e-05 3.695369e-04 3.345653e-04
    endloop
  endfacet
  facet normal 3.703248e-02 7.066218e-01 7.066218e-01
    outer loop
      vertex   3.883989e-05 3.695369e-04 3.345653e-04
      vertex   2.048622e-20 3.345653e-04 3.715724e-04
      vertex   3.497160e-05 3.327325e-04 3.715724e-04
    endloop
  endfacet
  facet normal 1.106917e-01 6.988799e-01 7.066218e-01
    outer loop
      vertex   3.883989e-05 3.695369e-04 3.345653e-04
      vertex   3.497160e-05 3.327325e-04 3.715724e-04
      vertex   7.725425e-05 3.634527e-04 3.345653e-04
    endloop
  endfacet
  facet normal 1.106917e-01 6.988799e-01 7.066218e-01
    outer loop
      vertex   7.725425e-05 3.634527e-04 3.345653e-04
      vertex   3.497160e-05 3.327325e-04 3.715724e-04
      vertex   6.956004e-05 3.272542e-04 3.715724e-04
    endloop
  endfacet
  facet normal 1.831382e-01 6.834809e-01 7.066218e-01
    outer loop
      vertex   7.725425e-05 3.634527e-04 3.345653e-04
      vertex   6.956004e-05 3.272542e-04 3.715724e-04
      vertex   1.148222e-04 3.533864e-04 3.345653e-04
    endloop
  endfacet
  facet normal 1.831382e-01 6.834809e-01 7.066218e-01
    outer loop
      vertex   1.148222e-04 3.533864e-04 3.345653e-04
      vertex   6.956004e-05 3.272542e-04 3.715724e-04
      vertex   1.033864e-04 3.181905e-04 3.715724e-04
    endloop
  endfacet
  facet normal 2.535781e-01 6.605936e-01 7.066218e-01
    outer loop
      vertex   1.148222e-04 3.533864e-04 3.345653e-04
      vertex   1.033864e-04 3.181905e-04 3.715724e-04
      vertex   1.511321e-04 3.394483e-04 3.345653e-04
    endloop
  endfacet
  facet normal 2.535781e-01 6.605936e-01 7.066218e-01
    outer loop
      vertex   1.511321e-04 3.394483e-04 3.345653e-04
      vertex   1.033864e-04 3.181905e-04 3.715724e-04
      vertex   1.360800e-04 3.056406e-04 3.715724e-04
    endloop
  endfacet
  facet normal 3.212398e-01 6.304686e-01 7.066218e-01
    outer loop
      vertex   1.511321e-04 3.394483e-04 3.345653e-04
      vertex   1.360800e-04 3.056406e-04 3.715724e-04
      vertex   1.857862e-04 3.217911e-04 3.345653e-04
    endloop
  endfacet
  facet normal 3.212398e-01 6.304686e-01 7.066218e-01
    outer loop
      vertex   1.857862e-04 3.217911e-04 3.345653e-04
      vertex   1.360800e-04 3.056406e-04 3.715724e-04
      vertex   1.672827e-04 2.897421e-04 3.715724e-04
    endloop
  endfacet
  facet normal 3.853819e-01 5.934361e-01 7.066218e-01
    outer loop
      vertex   1.857862e-04 3.217911e-04 3.345653e-04
      vertex   1.672827e-04 2.897421e-04 3.715724e-04
      vertex   2.184048e-04 3.006084e-04 3.345653e-04
    endloop
  endfacet
  facet normal 3.853819e-01 5.934361e-01 7.066218e-01
    outer loop
      vertex   2.184048e-04 3.006084e-04 3.345653e-04
      vertex   1.672827e-04 2.897421e-04 3.715724e-04
      vertex   1.966526e-04 2.706690e-04 3.715724e-04
    endloop
  endfacet
  facet normal 4.453017e-01 5.499019e-01 7.066218e-01
    outer loop
      vertex   2.184048e-04 3.006084e-04 3.345653e-04
      vertex   1.966526e-04 2.706690e-04 3.715724e-04
      vertex   2.486305e-04 2.761321e-04 3.345653e-04
    endloop
  endfacet
  facet normal 4.453017e-01 5.499019e-01 7.066218e-01
    outer loop
      vertex   2.486305e-04 2.761321e-04 3.345653e-04
      vertex   1.966526e-04 2.706690e-04 3.715724e-04
      vertex   2.238679e-04 2.486305e-04 3.715724e-04
    endloop
  endfacet
  facet normal 5.003427e-01 5.003427e-01 7.066218e-01
    outer loop
      vertex   2.486305e-04 2.761321e-04 3.345653e-04
      vertex   2.238679e-04 2.486305e-04 3.715724e-04
      vertex   2.761321e-04 2.486305e-04 3.345653e-04
    endloop
  endfacet
  facet normal 5.003427e-01 5.003427e-01 7.066218e-01
    outer loop
      vertex   2.761321e-04 2.486305e-04 3.345653e-04
      vertex   2.238679e-04 2.486305e-04 3.715724e-04
      vertex   2.486305e-04 2.238679e-04 3.715724e-04
    endloop
  endfacet
  facet normal 5.499019e-01 4.453017e-01 7.066218e-01
    outer loop
      vertex   2.761321e-04 2.486305e-04 3.345653e-04
      vertex   2.486305e-04 2.238679e-04 3.715724e-04
      vertex   3.006084e-04 2.184048e-04 3.345653e-04
    endloop
  endfacet
  facet normal 5.499019e-01 4.453017e-01 7.066218e-01
    outer loop
      vertex   3.006084e-04 2.184048e-04 3.345653e-04
      vertex   2.486305e-04 2.238679e-04 3.715724e-04
      vertex   2.706690e-04 1.966526e-04 3.715724e-04
    endloop
  endfacet
  facet normal 5.934361e-01 3.853819e-01 7.066218e-01
    outer loop
      vertex   3.006084e-04 2.184048e-04 3.345653e-04
      vertex   2.706690e-04 1.966526e-04 3.715724e-04
      vertex   3.217911e-04 1.857862e-04 3.345653e-04
    endloop
  endfacet
  facet normal 5.934361e-01 3.853819e-01 7.066218e-01
    outer loop
      vertex   3.217911e-04 1.857862e-04 3.345653e-04
      vertex   2.706690e-04 1.966526e-04 3.715724e-04
      vertex   2.897421e-04 1.672827e-04 3.715724e-04
    endloop
  endfacet
  facet normal 6.304686e-01 3.212398e-01 7.066218e-01
    outer loop
      vertex   3.217911e-04 1.857862e-04 3.345653e-04
      vertex   2.897421e-04 1.672827e-04 3.715724e-04
      vertex   3.394483e-04 1.511321e-04 3.345653e-04
    endloop
  endfacet
  facet normal 6.304686e-01 3.212398e-01 7.066218e-01
    outer loop
      vertex   3.394483e-04 1.511321e-04 3.345653e-04
      vertex   2.897421e-04 1.672827e-04 3.715724e-04
      vertex   3.056406e-04 1.360800e-04 3.715724e-04
    endloop
  endfacet
  facet normal 6.605936e-01 2.535781e-01 7.066218e-01
    outer loop
      vertex   3.394483e-04 1.511321e-04 3.345653e-04
      vertex   3.056406e-04 1.360800e-04 3.715724e-04
      vertex   3.533864e-04 1.148222e-04 3.345653e-04
    endloop
  endfacet
  facet normal 6.605936e-01 2.535781e-01 7.066218e-01
    outer loop
      vertex   3.533864e-04 1.148222e-04 3.345653e-04
      vertex   3.056406e-04 1.360800e-04 3.715724e-04
      vertex   3.181905e-04 1.033864e-04 3.715724e-04
    endloop
  endfacet
  facet normal 6.834809e-01 1.831382e-01 7.066218e-01
    outer loop
      vertex   3.533864e-04 1.148222e-04 3.345653e-04
      vertex   3.181905e-04 1.033864e-04 3.715724e-04
      vertex   3.634527e-04 7.725425e-05 3.345653e-04
    endloop
  endfacet
  facet normal 6.834809e-01 1.831382e-01 7.066218e-01
    outer loop
      vertex   3.634527e-04 7.725425e-05 3.345653e-04
      vertex   3.181905e-04 1.033864e-04 3.715724e-04
      vertex   3.272542e-04 6.956004e-05 3.715724e-04
    endloop
  endfacet
  facet normal 6.988799e-01 1.106917e-01 7.066218e-01
    outer loop
      vertex   3.634527e-04 7.725425e-05 3.345653e-04
      vertex   3.272542e-04 6.956004e-05 3.715724e-04
      vertex   3.695369e-04 3.883989e-05 3.345653e-04
    endloop
  endfacet
  facet normal 6.988799e-01 1.106917e-01 7.066218e-01
    outer loop
      vertex   3.695369e-04 3.883989e-05 3.345653e-04
      vertex   3.272542e-04 6.956004e-05 3.715724e-04
      vertex   3.327325e-04 3.497160e-05 3.715724e-04
    endloop
  endfacet
  facet normal 7.066218e-01 3.703248e-02 7.066218e-01
    outer loop
      vertex   3.695369e-04 3.883989e-05 3.345653e-04
      vertex   3.327325e-04 3.497160e-05 3.715724e-04
      vertex   3.715724e-04 0.000000e+00 3.345653e-04
    endloop
  endfacet
  facet normal 7.066218e-01 3.703248e-02 7.066218e-01
    outer loop
      vertex   3.715724e-04 0.000000e+00 3.345653e-04
      vertex   3.327325e-04 3.497160e-05 3.715724e-04
      vertex   3.345653e-04 0.000000e+00 3.715724e-04
    endloop
  endfacet
  facet normal 6.289784e-01 -3.296336e-02 7.767236e-01
    outer loop
      vertex   3.345653e-04 0.000000e+00 3.715724e-04
      vertex   2.938926e-04 0.000000e+00 4.045085e-04
      vertex   3.327325e-04 -3.497160e-05 3.715724e-04
    endloop
  endfacet
  facet normal 6.289784e-01 -3.296336e-02 7.767236e-01
    outer loop
      vertex   3.327325e-04 -3.497160e-05 3.715724e-04
      vertex   2.938926e-04 0.000000e+00 4.045085e-04
      vertex   2.922827e-04 -3.072014e-05 4.045085e-04
    endloop
  endfacet
  facet normal 6.220872e-01 -9.852893e-02 7.767236e-01
    outer loop
      vertex   3.327325e-04 -3.497160e-05 3.715724e-04
      vertex   2.922827e-04 -3.072014e-05 4.045085e-04
      vertex   3.272542e-04 -6.956004e-05 3.715724e-04
    endloop
  endfacet
  facet normal 6.220872e-01 -9.852893e-02 7.767236e-01
    outer loop
      vertex   3.272542e-04 -6.956004e-05 3.715724e-04
      vertex   2.922827e-04 -3.072014e-05 4.045085e-04
      vertex   2.874704e-04 -6.110371e-05 4.045085e-04
    endloop
  endfacet
  facet normal 6.083802e-01 -1.630150e-01 7.767236e-01
    outer loop
      vertex   3.272542e-04 -6.956004e-05 3.715724e-04
      vertex   2.874704e-04 -6.110371e-05 4.045085e-04
      vertex   3.181905e-04 -1.033864e-04 3.715724e-04
    endloop
  endfacet
  facet normal 6.083802e-01 -1.630150e-01 7.767236e-01
    outer loop
      vertex   3.181905e-04 -1.033864e-04 3.715724e-04
      vertex   2.874704e-04 -6.110371e-05 4.045085e-04
      vertex   2.795085e-04 -9.081782e-05 4.045085e-04
    endloop
  endfacet
  facet normal 5.880078e-01 -2.257150e-01 7.767236e-01
    outer loop
      vertex   3.181905e-04 -1.033864e-04 3.715724e-04
      vertex   2.795085e-04 -9.081782e-05 4.045085e-04
      vertex   3.056406e-04 -1.360800e-04 3.715724e-04
    endloop
  endfacet
  facet normal 5.880078e-01 -2.257150e-01 7.767236e-01
    outer loop
      vertex   3.056406e-04 -1.360800e-04 3.715724e-04
      vertex   2.795085e-04 -9.081782e-05 4.045085e-04
      vertex   2.684843e-04 -1.195369e-04 4.045085e-04
    endloop
  endfacet
  facet normal 5.611929e-01 -2.859421e-01 7.767236e-01
    outer loop
      vertex   3.056406e-04 -1.360800e-04 3.715724e-04
      vertex   2.684843e-04 -1.195369e-04 4.045085e-04
      vertex   2.897421e-04 -1.672827e-04 3.715724e-04
    endloop
  endfacet
  facet normal 5.611929e-01 -2.859421e-01 7.767236e-01
    outer loop
      vertex   2.897421e-04 -1.672827e-04 3.715724e-04
      vertex   2.684843e-04 -1.195369e-04 4.045085e-04
      vertex   2.545185e-04 -1.469463e-04 4.045085e-04
    endloop
  endfacet
  facet normal 5.282296e-01 -3.430363e-01 7.767236e-01
    outer loop
      vertex   2.897421e-04 -1.672827e-04 3.715724e-04
      vertex   2.545185e-04 -1.469463e-04 4.045085e-04
      vertex   2.706690e-04 -1.966526e-04 3.715724e-04
    endloop
  endfacet
  facet normal 5.282296e-01 -3.430363e-01 7.767236e-01
    outer loop
      vertex   2.706690e-04 -1.966526e-04 3.715724e-04
      vertex   2.545185e-04 -1.469463e-04 4.045085e-04
      vertex   2.377641e-04 -1.727458e-04 4.045085e-04
    endloop
  endfacet
  facet normal 4.894788e-01 -3.963721e-01 7.767236e-01
    outer loop
      vertex   2.706690e-04 -1.966526e-04 3.715724e-04
      vertex   2.377641e-04 -1.727458e-04 4.045085e-04
      vertex   2.486305e-04 -2.238679e-04 3.715724e-04
    endloop
  endfacet
  facet normal 4.894788e-01 -3.963721e-01 7.767236e-01
    outer loop
      vertex   2.486305e-04 -2.238679e-04 3.715724e-04
      vertex   2.377641e-04 -1.727458e-04 4.045085e-04
      vertex   2.184048e-04 -1.966526e-04 4.045085e-04
    endloop
  endfacet
  facet normal 4.453652e-01 -4.453652e-01 7.767236e-01
    outer loop
      vertex   2.486305e-04 -2.238679e-04 3.715724e-04
      vertex   2.184048e-04 -1.966526e-04 4.045085e-04
      vertex   2.238679e-04 -2.486305e-04 3.715724e-04
    endloop
  endfacet
  facet normal 4.453652e-01 -4.453652e-01 7.767236e-01
    outer loop
      vertex   2.238679e-04 -2.486305e-04 3.715724e-04
      vertex   2.184048e-04 -1.966526e-04 4.045085e-04
      vertex   1.966526e-04 -2.184048e-04 4.045085e-04
    endloop
  endfacet
  facet normal 3.963721e-01 -4.894788e-01 7.767236e-01
    outer loop
      vertex   2.238679e-04 -2.486305e-04 3.715724e-04
      vertex   1.966526e-04 -2.184048e-04 4.045085e-04
      vertex   1.966526e-04 -2.706690e-04 3.715724e-04
    endloop
  endfacet
  facet normal 3.963721e-01 -4.894788e-01 7.767236e-01
    outer loop
      vertex   1.966526e-04 -2.706690e-04 3.715724e-04
      vertex   1.966526e-04 -2.184048e-04 4.045085e-04
      vertex   1.727458e-04 -2.377641e-04 4.045085e-04
    endloop
  endfacet
  facet normal 3.430363e-01 -5.282296e-01 7.767236e-01
    outer loop
      vertex   1.966526e-04 -2.706690e-04 3.715724e-04
      vertex   1.727458e-04 -2.377641e-04 4.045085e-04
      vertex   1.672827e-04 -2.897421e-04 3.715724e-04
    endloop
  endfacet
  facet normal 3.430363e-01 -5.282296e-01 7.767236e-01
    outer loop
      vertex   1.672827e-04 -2.897421e-04 3.715724e-04
      vertex   1.727458e-04 -2.377641e-04 4.045085e-04
      vertex   1.469463e-04 -2.545185e-04 4.045085e-04
    endloop
  endfacet
  facet normal 2.859421e-01 -5.611929e-01 7.767236e-01
    outer loop
      vertex   1.672827e-04 -2.897421e-04 3.715724e-04
      vertex   1.469463e-04 -2.545185e-04 4.045085e-04
      vertex   1.360800e-04 -3.056406e-04 3.715724e-04
    endloop
  endfacet
  facet normal 2.859421e-01 -5.611929e-01 7.767236e-01
    outer loop
      vertex   1.360800e-04 -3.056406e-04 3.715724e-04
      vertex   1.469463e-04 -2.545185e-04 4.045085e-04
      vertex   1.195369e-04 -2.684843e-04 4.045085e-04
    endloop
  endfacet
  facet normal 2.257150e-01 -5.880078e-01 7.767236e-01
    outer loop
      vertex   1.360800e-04 -3.056406e-04 3.715724e-04
      vertex   1.195369e-04 -2.684843e-04 4.045085e-04
      vertex   1.033864e-04 -3.181905e-04 3.715724e-04
    endloop
  endfacet
  facet normal 2.257150e-01 -5.880078e-01 7.767236e-01
    outer loop
      vertex   1.033864e-04 -3.181905e-04 3.715724e-04
      vertex   1.195369e-04 -2.684843e-04 4.045085e-04
      vertex   9.081782e-05 -2.795085e-04 4.045085e-04
    endloop
  endfacet
  facet normal 1.630150e-01 -6.083802e-01 7.767236e-01
    outer loop
      vertex   1.033864e-04 -3.181905e-04 3.715724e-04
      vertex   9.081782e-05 -2.795085e-04 4.045085e-04
      vertex   6.956004e-05 -3.272542e-04 3.715724e-04
    endloop
  endfacet
  facet normal 1.630150e-01 -6.083802e-01 7.767236e-01
    outer loop
      vertex   6.956004e-05 -3.272542e-04 3.715724e-04
      vertex   9.081782e-05 -2.795085e-04 4.045085e-04
      vertex   6.110371e-05 -2.874704e-04 4.045085e-04
    endloop
  endfacet
  facet normal 9.852893e-02 -6.220872e-01 7.767236e-01
    outer loop
      vertex   6.956004e-05 -3.272542e-04 3.715724e-04
      vertex   6.110371e-05 -2.874704e-04 4.045085e-04
      vertex   3.497160e-05 -3.327325e-04 3.715724e-04
    endloop
  endfacet
  facet normal 9.852893e-02 -6.220872e-01 7.767236e-01
    outer loop
      vertex   3.497160e-05 -3.327325e-04 3.715724e-04
      vertex   6.110371e-05 -2.874704e-04 4.045085e-04
      vertex   3.072014e-05 -2.922827e-04 4.045085e-04
    endloop
  endfacet
  facet normal 3.296336e-02 -6.289784e-01 7.767236e-01
    outer loop
      vertex   3.497160e-05 -3.327325e-04 3.715724e-04
      vertex   3.072014e-05 -2.922827e-04 4.045085e-04
      vertex   2.048622e-20 -3.345653e-04 3.715724e-04
    endloop
  endfacet
  facet normal 3.296336e-02 -6.289784e-01 7.767236e-01
    outer loop
      vertex   2.048622e-20 -3.345653e-04 3.715724e-04
      vertex   3.072014e-05 -2.922827e-04 4.045085e-04
      vertex   1.799573e-20 -2.938926e-04 4.045085e-04
    endloop
  endfacet
  facet normal -3.296336e-02 -6.289784e-01 7.767236e-01
    outer loop
      vertex   2.048622e-20 -3.345653e-04 3.715724e-04
      vertex   1.799573e-20 -2.938926e-04 4.045085e-04
      vertex   -3.497160e-05 -3.327325e-04 3.715724e-04
    endloop
  endfacet
  facet normal -3.296336e-02 -6.289784e-01 7.767236e-01
    outer loop
      vertex   -3.497160e-05 -3.327325e-04 3.715724e-04
      vertex   1.799573e-20 -2.938926e-04 4.045085e-04
      vertex   -3.072014e-05 -2.922827e-04 4.045085e-04
    endloop
  endfacet
  facet normal -9.852893e-02 -6.220872e-01 7.767236e-01
    outer loop
      vertex   -3.497160e-05 -3.327325e-04 3.715724e-04
      vertex   -3.072014e-05 -2.922827e-04 4.045085e-04
      vertex   -6.956004e-05 -3.272542e-04 3.715724e-04
    endloop
  endfacet
  facet normal -9.852893e-02 -6.220872e-01 7.767236e-01
    outer loop
      vertex   -6.956004e-05 -3.272542e-04 3.715724e-04
      vertex   -3.072014e-05 -2.922827e-04 4.045085e-04
      vertex   -6.110371e-05 -2.874704e-04 4.045085e-04
    endloop
  endfacet
  facet normal -1.630150e-01 -6.083802e-01 7.767236e-01
    outer loop
      vertex   -6.956004e-05 -3.272542e-04 3.715724e-04
      vertex   -6.110371e-05 -2.874704e-04 4.045085e-04
      vertex   -1.033864e-04 -3.181905e-04 3.715724e-04
    endloop
  endfacet
  facet normal -1.630150e-01 -6.083802e-01 7.767236e-01
    outer loop
      vertex   -1.033864e-04 -3.181905e-04 3.715724e-04
      vertex   -6.110371e-05 -2.874704e-04 4.045085e-04
      vertex   -9.081782e-05 -2.795085e-04 4.045085e-04
    endloop
  endfacet
  facet normal -2.257150e-01 -5.880078e-01 7.767236e-01
    outer loop
      vertex   -1.033864e-04 -3.181905e-04 3.715724e-04
      vertex   -9.081782e-05 -2.795085e-04 4.045085e-04
      vertex   -1.360800e-04 -3.056406e-04 3.715724e-04
    endloop
  endfacet
  facet normal -2.257150e-01 -5.880078e-01 7.767236e-01
    outer loop
      vertex   -1.360800e-04 -3.056406e-04 3.715724e-04
      vertex   -9.081782e-05 -2.795085e-04 4.045085e-04
      vertex   -1.195369e-04 -2.684843e-04 4.045085e-04
    endloop
  endfacet
  facet normal -2.859421e-01 -5.611929e-01 7.767236e-01
    outer loop
      vertex   -1.360800e-04 -3.056406e-04 3.715724e-04
      vertex   -1.195369e-04 -2.684843e-04 4.045085e-04
      vertex   -1.672827e-04 -2.897421e-04 3.715724e-04
    endloop
  endfacet
  facet normal -2.859421e-01 -5.611929e-01 7.767236e-01
    outer loop
      vertex   -1.672827e-04 -2.897421e-04 3.715724e-04
      vertex   -1.195369e-04 -2.684843e-04 4.045085e-04
      vertex   -1.469463e-04 -2.545185e-04 4.045085e-04
    endloop
  endfacet
  facet normal -3.430363e-01 -5.282296e-01 7.767236e-01
    outer loop
      vertex   -1.672827e-04 -2.897421e-04 3.715724e-04
      vertex   -1.469463e-04 -2.545185e-04 4.045085e-04
      vertex   -1.966526e-04 -2.706690e-04 3.715724e-04
    endloop
  endfacet
  facet normal -3.430363e-01 -5.282296e-01 7.767236e-01
    outer loop
      vertex   -1.966526e-04 -2.706690e-04 3.715724e-04
      vertex   -1.469463e-04 -2.545185e-04 4.045085e-04
      vertex   -1.727458e-04 -2.377641e-04 4.045085e-04
    endloop
  endfacet
  facet normal -3.963721e-01 -4.894788e-01 7.767236e-01
    outer loop
      vertex   -1.966526e-04 -2.706690e-04 3.715724e-04
      vertex   -1.727458e-04 -2.377641e-04 4.045085e-04
      vertex   -2.238679e-04 -2.486305e-04 3.715724e-04
    endloop
  endfacet
  facet normal -3.963721e-01 -4.894788e-01 7.767236e-01
    outer loop
      vertex   -2.238679e-04 -2.486305e-04 3.715724e-04
      vertex   -1.727458e-04 -2.377641e-04 4.045085e-04
      vertex   -1.966526e-04 -2.184048e-04 4.045085e-04
    endloop
  endfacet
  facet normal -4.453652e-01 -4.453652e-01 7.767236e-01
    outer loop
      vertex   -2.238679e-04 -2.486305e-04 3.715724e-04
      vertex   -1.966526e-04 -2.184048e-04 4.045085e-04
      vertex   -2.486305e-04 -2.238679e-04 3.715724e-04
    endloop
  endfacet
  facet normal -4.453652e-01 -4.453652e-01 7.767236e-01
    outer loop
      vertex   -2.486305e-04 -2.238679e-04 3.715724e-04
      vertex   -1.966526e-04 -2.184048e-04 4.045085e-04
      vertex   -2.184048e-04 -1.966526e-04 4.045085e-04
    endloop
  endfacet
  facet normal -4.894788e-01 -3.963721e-01 7.767236e-01
    outer loop
      vertex   -2.486305e-04 -2.238679e-04 3.715724e-04
      vertex   -2.184048e-04 -1.966526e-04 4.045085e-04
      vertex   -2.706690e-04 -1.966526e-04 3.715724e-04
    endloop
  endfacet
  facet normal -4.894788e-01 -3.963721e-01 7.767236e-01
    outer loop
      vertex   -2.706690e-04 -1.966526e-04 3.715724e-04
      vertex   -2.184048e-04 -1.966526e-04 4.045085e-04
      vertex   -2.377641e-04 -1.727458e-04 4.045085e-04
    endloop
  endfacet
  facet normal -5.282296e-01 -3.430363e-01 7.767236e-01
    outer loop
      vertex   -2.706690e-04 -1.966526e-04 3.715724e-04
      vertex   -2.377641e-04 -1.727458e-04 4.045085e-04
      vertex   -2.897421e-04 -1.672827e-04 3.715724e-04
    endloop
  endfacet
  facet normal -5.282296e-01 -3.430363e-01 7.767236e-01
    outer loop
      vertex   -2.897421e-04 -1.672827e-04 3.715724e-04
      vertex   -2.377641e-04 -1.727458e-04 4.045085e-04
      vertex   -2.545185e-04 -1.469463e-04 4.045085e-04
    endloop
  endfacet
  facet normal -5.611929e-01 -2.859421e-01 7.767236e-01
    outer loop
      vertex   -2.897421e-04 -1.672827e-04 3.715724e-04
      vertex   -2.545185e-04 -1.469463e-04 4.045085e-04
      vertex   -3.056406e-04 -1.360800e-04 3.715724e-04
    endloop
  endfacet
  facet normal -5.611929e-01 -2.859421e-01 7.767236e-01
    outer loop
      vertex   -3.056406e-04 -1.360800e-04 3.715724e-04
      vertex   -2.545185e-04 -1.469463e-04 4.045085e-04
      vertex   -2.684843e-04 -1.195369e-04 4.045085e-04
    endloop
  endfacet
  facet normal -5.880078e-01 -2.257150e-01 7.767236e-01
    outer loop
      vertex   -3.056406e-04 -1.360800e-04 3.715724e-04
      vertex   -2.684843e-04 -1.195369e-04 4.045085e-04
      vertex   -3.181905e-04 -1.033864e-04 3.715724e-04
    endloop
  endfacet
  facet normal -5.880078e-01 -2.257150e-01 7.767236e-01
    outer loop
      vertex   -3.181905e-04 -1.033864e-04 3.715724e-04
      vertex   -2.684843e-04 -1.195369e-04 4.045085e-04
      vertex   -2.795085e-04 -9.081782e-05 4.045085e-04
    endloop
  endfacet
  facet normal -6.083802e-01 -1.630150e-01 7.767236e-01
    outer loop
      vertex   -3.181905e-04 -1.033864e-04 3.715724e-04
      vertex   -2.795085e-04 -9.081782e-05 4.045085e-04
      vertex   -3.272542e-04 -6.956004e-05 3.715724e-04
    endloop
  endfacet
  facet normal -6.083802e-01 -1.630150e-01 7.767236e-01
    outer loop
      vertex   -3.272542e-04 -6.956004e-05 3.715724e-04
      vertex   -2.795085e-04 -9.081782e-05 4.045085e-04
      vertex   -2.874704e-04 -6.110371e-05 4.045085e-04
    endloop
  endfacet
  facet normal -6.220872e-01 -9.852893e-02 7.767236e-01
    outer loop
      vertex   -3.272542e-04 -6.956004e-05 3.715724e-04
      vertex   -2.874704e-04 -6.110371e-05 4.045085e-04
      vertex   -3.327325e-04 -3.497160e-05 3.715724e-04
    endloop
  endfacet
  facet normal -6.220872e-01 -9.852893e-02 7.767236e-01
    outer loop
      vertex   -3.327325e-04 -3.497160e-05 3.715724e-04
      vertex   -2.874704e-04 -6.110371e-05 4.045085e-04
      vertex   -2.922827e-04 -3.072014e-05 4.045085e-04
    endloop
  endfacet
  facet normal -6.289784e-01 -3.296336e-02 7.767236e-01
    outer loop
      vertex   -3.327325e-04 -3.497160e-05 3.715724e-04
      vertex   -2.922827e-04 -3.072014e-05 4.045085e-04
      vertex   -3.345653e-04 -4.097243e-20 3.715724e-04
    endloop
  endfacet
  facet normal -6.289784e-01 -3.296336e-02 7.767236e-01
    outer loop
      vertex   -3.345653e-04 -4.097243e-20 3.715724e-04
      vertex   -2.922827e-04 -3.072014e-05 4.045085e-04
      vertex   -2.938926e-04 -3.599147e-20 4.045085e-04
    endloop
  endfacet
  facet normal -6.289784e-01 3.296336e-02 7.767236e-01
    outer loop
      vertex   -3.345653e-04 -4.097243e-20 3.715724e-04
      vertex   -2.938926e-04 -3.599147e-20 4.045085e-04
      vertex   -3.327325e-04 3.497160e-05 3.715724e-04
    endloop
  endfacet
  facet normal -6.289784e-01 3.296336e-02 7.767236e-01
    outer loop
      vertex   -3.327325e-04 3.497160e-05 3.715724e-04
      vertex   -2.938926e-04 -3.599147e-20 4.045085e-04
      vertex   -2.922827e-04 3.072014e-05 4.045085e-04
    endloop
  endfacet
  facet normal -6.220872e-01 9.852893e-02 7.767236e-01
    outer loop
      vertex   -3.327325e-04 3.497160e-05 3.715724e-04
      vertex   -2.922827e-04 3.072014e-05 4.045085e-04
      vertex   -3.272542e-04 6.956004e-05 3.715724e-04
    endloop
  endfacet
  facet normal -6.220872e-01 9.852893e-02 7.767236e-01
    outer loop
      vertex   -3.272542e-04 6.956004e-05 3.715724e-04
      vertex   -2.922827e-04 3.072014e-05 4.045085e-04
      vertex   -2.874704e-04 6.110371e-05 4.045085e-04
    endloop
  endfacet
  facet normal -6.083802e-01 1.630150e-01 7.767236e-01
    outer loop
      vertex   -3.272542e-04 6.956004e-05 3.715724e-04
      vertex   -2.874704e-04 6.110371e-05 4.045085e-04
      vertex   -3.181905e-04 1.033864e-04 3.715724e-04
    endloop
  endfacet
  facet normal -6.083802e-01 1.630150e-01 7.767236e-01
    outer loop
      vertex   -3.181905e-04 1.033864e-04 3.715724e-04
      vertex   -2.874704e-04 6.110371e-05 4.045085e-04
      vertex   -2.795085e-04 9.081782e-05 4.045085e-04
    endloop
  endfacet
  facet normal -5.880078e-01 2.257150e-01 7.767236e-01
    outer loop
      vertex   -3.181905e-04 1.033864e-04 3.715724e-04
      vertex   -2.795085e-04 9.081782e-05 4.045085e-04
      vertex   -3.056406e-04 1.360800e-04 3.715724e-04
    endloop
  endfacet
  facet normal -5.880078e-01 2.257150e-01 7.767236e-01
    outer loop
      vertex   -3.056406e-04 1.360800e-04 3.715724e-04
      vertex   -2.795085e-04 9.081782e-05 4.045085e-04
      vertex   -2.684843e-04 1.195369e-04 4.045085e-04
    endloop
  endfacet
  facet normal -5.611929e-01 2.859421e-01 7.767236e-01
    outer loop
      vertex   -3.056406e-04 1.360800e-04 3.715724e-04
      vertex   -2.684843e-04 1.195369e-04 4.045085e-04
      vertex   -2.897421e-04 1.672827e-04 3.715724e-04
    endloop
  endfacet
  facet normal -5.611929e-01 2.859421e-01 7.767236e-01
    outer loop
      vertex   -2.897421e-04 1.672827e-04 3.715724e-04
      vertex   -2.684843e-04 1.195369e-04 4.045085e-04
      vertex   -2.545185e-04 1.469463e-04 4.045085e-04
    endloop
  endfacet
  facet normal -5.282296e-01 3.430363e-01 7.767236e-01
    outer loop
      vertex   -2.897421e-04 1.672827e-04 3.715724e-04
      vertex   -2.545185e-04 1.469463e-04 4.045085e-04
      vertex   -2.706690e-04 1.966526e-04 3.715724e-04
    endloop
  endfacet
  facet normal -5.282296e-01 3.430363e-01 7.767236e-01
    outer loop
      vertex   -2.706690e-04 1.966526e-04 3.715724e-04
      vertex   -2.545185e-04 1.469463e-04 4.045085e-04
      vertex   -2.377641e-04 1.727458e-04 4.045085e-04
    endloop
  endfacet
  facet normal -4.894788e-01 3.963721e-01 7.767236e-01
    outer loop
      vertex   -2.706690e-04 1.966526e-04 3.715724e-04
      vertex   -2.377641e-04 1.727458e-04 4.045085e-04
      vertex   -2.486305e-04 2.238679e-04 3.715724e-04
    endloop
  endfacet
  facet normal -4.894788e-01 3.963721e-01 7.767236e-01
    outer loop
      vertex   -2.486305e-04 2.238679e-04 3.715724e-04
      vertex   -2.377641e-04 1.727458e-04 4.045085e-04
      vertex   -2.184048e-04 1.966526e-04 4.045085e-04
    endloop
  endfacet
  facet normal -4.453652e-01 4.453652e-01 7.767236e-01
    outer loop
      vertex   -2.486305e-04 2.238679e-04 3.715724e-04
      vertex   -2.184048e-04 1.966526e-04 4.045085e-04
      vertex   -2.238679e-04 2.486305e-04 3.715724e-04
    endloop
  endfacet
  facet normal -4.453652e-01 4.453652e-01 7.767236e-01
    outer loop
      vertex   -2.238679e-04 2.486305e-04 3.715724e-04
      vertex   -2.184048e-04 1.966526e-04 4.045085e-04
      vertex   -1.966526e-04 2.184048e-04 4.045085e-04
    endloop
  endfacet
  facet normal -3.963721e-01 4.894788e-01 7.767236e-01
    outer loop
      vertex   -2.238679e-04 2.486305e-04 3.715724e-04
      vertex   -1.966526e-04 2.184048e-04 4.045085e-04
      vertex   -1.966526e-04 2.706690e-04 3.715724e-04
    endloop
  endfacet
  facet normal -3.963721e-01 4.894788e-01 7.767236e-01
    outer loop
      vertex   -1.966526e-04 2.706690e-04 3.715724e-04
      vertex   -1.966526e-04 2.184048e-04 4.045085e-04
      vertex   -1.727458e-04 2.377641e-04 4.045085e-04
    endloop
  endfacet
  facet normal -3.430363e-01 5.282296e-01 7.767236e-01
    outer loop
      vertex   -1.966526e-04 2.706690e-04 3.715724e-04
      vertex   -1.727458e-04 2.377641e-04 4.045085e-04
      vertex   -1.672827e-04 2.897421e-04 3.715724e-04
    endloop
  endfacet
  facet normal -3.430363e-01 5.282296e-01 7.767236e-01
    outer loop
      vertex   -1.672827e-04 2.897421e-04 3.715724e-04
      vertex   -1.727458e-04 2.377641e-04 4.045085e-04
      vertex   -1.469463e-04 2.545185e-04 4.045085e-04
    endloop
  endfacet
  facet normal -2.859421e-01 5.611929e-01 7.767236e-01
    outer loop
      vertex   -1.672827e-04 2.897421e-04 3.715724e-04
      vertex   -1.469463e-04 2.545185e-04 4.045085e-04
      vertex   -1.360800e-04 3.056406e-04 3.715724e-04
    endloop
  endfacet
  facet normal -2.859421e-01 5.611929e-01 7.767236e-01
    outer loop
      vertex   -1.360800e-04 3.056406e-04 3.715724e-04
      vertex   -1.469463e-04 2.545185e-04 4.045085e-04
      vertex   -1.195369e-04 2.684843e-04 4.045085e-04
    endloop
  endfacet
  facet normal -2.257150e-01 5.880078e-01 7.767236e-01
    outer loop
      vertex   -1.360800e-04 3.056406e-04 3.715724e-04
      vertex   -1.195369e-04 2.684843e-04 4.045085e-04
      vertex   -1.033864e-04 3.181905e-04 3.715724e-04
    endloop
  endfacet
  facet normal -2.257150e-01 5.880078e-01 7.767236e-01
    outer loop
      vertex   -1.033864e-04 3.181905e-04 3.715724e-04
      vertex   -1.195369e-04 2.684843e-04 4.045085e-04
      vertex   -9.081782e-05 2.795085e-04 4.045085e-04
    endloop
  endfacet
  facet normal -1.630150e-01 6.083802e-01 7.767236e-01
    outer loop
      vertex   -1.033864e-04 3.181905e-04 3.715724e-04
      vertex   -9.081782e-05 2.795085e-04 4.045085e-04
      vertex   -6.956004e-05 3.272542e-04 3.715724e-04
    endloop
  endfacet
  facet normal -1.630150e-01 6.083802e-01 7.767236e-01
    outer loop
      vertex   -6.956004e-05 3.272542e-04 3.715724e-04
      vertex   -9.081782e-05 2.795085e-04 4.045085e-04
      vertex   -6.110371e-05 2.874704e-04 4.045085e-04
    endloop
  endfacet
  facet normal -9.852893e-02 6.220872e-01 7.767236e-01
    outer loop
      vertex   -6.956004e-05 3.272542e-04 3.715724e-04
      vertex   -6.110371e-05 2.874704e-04 4.045085e-04
      vertex   -3.497160e-05 3.327325e-04 3.715724e-04
    endloop
  endfacet
  facet normal -9.852893e-02 6.220872e-01 7.767236e-01
    outer loop
      vertex   -3.497160e-05 3.327325e-04 3.715724e-04
      vertex   -6.110371e-05 2.874704e-04 4.045085e-04
      vertex   -3.072014e-05 2.922827e-04 4.045085e-04
    endloop
  endfacet
  facet normal -3.296336e-02 6.289784e-01 7.767236e-01
    outer loop
      vertex   -3.497160e-05 3.327325e-04 3.715724e-04
      vertex   -3.072014e-05 2.922827e-04 4.045085e-04
      vertex   2.048622e-20 3.345653e-04 3.715724e-04
    endloop
  endfacet
  facet normal -3.296336e-02 6.289784e-01 7.767236e-01
    outer loop
      vertex   2.048622e-20 3.345653e-04 3.715724e-04
      vertex   -3.072014e-05 2.922827e-04 4.045085e-04
      vertex   1.799573e-20 2.938926e-04 4.045085e-04
    endloop
  endfacet
  facet normal 3.296336e-02 6.289784e-01 7.767236e-01
    outer loop
      vertex   2.048622e-20 3.345653e-04 3.715724e-04
      vertex   1.799573e-20 2.938926e-04 4.045085e-04
      vertex   3.497160e-05 3.327325e-04 3.715724e-04
    endloop
  endfacet
  facet normal 3.296336e-02 6.289784e-01 7.767236e-01
    outer loop
      vertex   3.497160e-05 3.327325e-04 3.715724e-04
      vertex   1.799573e-20 2.938926e-04 4.045085e-04
      vertex   3.072014e-05 2.922827e-04 4.045085e-04
    endloop
  endfacet
  facet normal 9.852893e-02 6.220872e-01 7.767236e-01
    outer loop
      vertex   3.497160e-05 3.327325e-04 3.715724e-04
      vertex   3.072014e-05 2.922827e-04 4.045085e-04
      vertex   6.956004e-05 3.272542e-04 3.715724e-04
    endloop
  endfacet
  facet normal 9.852893e-02 6.220872e-01 7.767236e-01
    outer loop
      vertex   6.956004e-05 3.272542e-04 3.715724e-04
      vertex   3.072014e-05 2.922827e-04 4.045085e-04
      vertex   6.110371e-05 2.874704e-04 4.045085e-04
    endloop
  endfacet
  facet normal 1.630150e-01 6.083802e-01 7.767236e-01
    outer loop
      vertex   6.956004e-05 3.272542e-04 3.715724e-04
      vertex   6.110371e-05 2.874704e-04 4.045085e-04
      vertex   1.033864e-04 3.181905e-04 3.715724e-04
    endloop
  endfacet
  facet normal 1.630150e-01 6.083802e-01 7.767236e-01
    outer loop
      vertex   1.033864e-04 3.181905e-04 3.715724e-04
      vertex   6.110371e-05 2.874704e-04 4.045085e-04
      vertex   9.081782e-05 2.795085e-04 4.045085e-04
    endloop
  endfacet
  facet normal 2.257150e-01 5.880078e-01 7.767236e-01
    outer loop
      vertex   1.033864e-04 3.181905e-04 3.715724e-04
      vertex   9.081782e-05 2.795085e-04 4.045085e-04
      vertex   1.360800e-04 3.056406e-04 3.715724e-04
    endloop
  endfacet
  facet normal 2.257150e-01 5.880078e-01 7.767236e-01
    outer loop
      vertex   1.360800e-04 3.056406e-04 3.715724e-04
      vertex   9.081782e-05 2.795085e-04 4.045085e-04
      vertex   1.195369e-04 2.684843e-04 4.045085e-04
    endloop
  endfacet
  facet normal 2.859421e-01 5.611929e-01 7.767236e-01
    outer loop
      vertex   1.360800e-04 3.056406e-04 3.715724e-04
      vertex   1.195369e-04 2.684843e-04 4.045085e-04
      vertex   1.672827e-04 2.897421e-04 3.715724e-04
    endloop
  endfacet
  facet normal 2.859421e-01 5.611929e-01 7.767236e-01
    outer loop
      vertex   1.672827e-04 2.897421e-04 3.715724e-04
      vertex   1.195369e-04 2.684843e-04 4.045085e-04
      vertex   1.469463e-04 2.545185e-04 4.045085e-04
    endloop
  endfacet
  facet normal 3.430363e-01 5.282296e-01 7.767236e-01
    outer loop
      vertex   1.672827e-04 2.897421e-04 3.715724e-04
      vertex   1.469463e-04 2.545185e-04 4.045085e-04
      vertex   1.966526e-04 2.706690e-04 3.715724e-04
    endloop
  endfacet
  facet normal 3.430363e-01 5.282296e-01 7.767236e-01
    outer loop
      vertex   1.966526e-04 2.706690e-04 3.715724e-04
      vertex   1.469463e-04 2.545185e-04 4.045085e-04
      vertex   1.727458e-04 2.377641e-04 4.045085e-04
    endloop
  endfacet
  facet normal 3.963721e-01 4.894788e-01 7.767236e-01
    outer loop
      vertex   1.966526e-04 2.706690e-04 3.715724e-04
      vertex   1.727458e-04 2.377641e-04 4.045085e-04
      vertex   2.238679e-04 2.486305e-04 3.715724e-04
    endloop
  endfacet
  facet normal 3.963721e-01 4.894788e-01 7.767236e-01
    outer loop
      vertex   2.238679e-04 2.486305e-04 3.715724e-04
      vertex   1.727458e-04 2.377641e-04 4.045085e-04
      vertex   1.966526e-04 2.184048e-04 4.045085e-04
    endloop
  endfacet
  facet normal 4.453652e-01 4.453652e-01 7.767236e-01
    outer loop
      vertex   2.238679e-04 2.486305e-04 3.715724e-04
      vertex   1.966526e-04 2.184048e-04 4.045085e-04
      vertex   2.486305e-04 2.238679e-04 3.715724e-04
    endloop
  endfacet
  facet normal 4.453652e-01 4.453652e-01 7.767236e-01
    outer loop
      vertex   2.486305e-04 2.238679e-04 3.715724e-04
      vertex   1.966526e-04 2.184048e-04 4.045085e-04
      vertex   2.184048e-04 1.966526e-04 4.045085e-04
    endloop
  endfacet
  facet normal 4.894788e-01 3.963721e-01 7.767236e-01
    outer loop
      vertex   2.486305e-04 2.238679e-04 3.715724e-04
      vertex   2.184048e-04 1.966526e-04 4.045085e-04
      vertex   2.706690e-04 1.966526e-04 3.715724e-04
    endloop
  endfacet
  facet normal 4.894788e-01 3.963721e-01 7.767236e-01
    outer loop
      vertex   2.706690e-04 1.966526e-04 3.715724e-04
      vertex   2.184048e-04 1.966526e-04 4.045085e-04
      vertex   2.377641e-04 1.727458e-04 4.045085e-04
    endloop
  endfacet
  facet normal 5.282296e-01 3.430363e-01 7.767236e-01
    outer loop
      vertex   2.706690e-04 1.966526e-04 3.715724e-04
      vertex   2.377641e-04 1.727458e-04 4.045085e-04
      vertex   2.897421e-04 1.672827e-04 3.715724e-04
    endloop
  endfacet
  facet normal 5.282296e-01 3.430363e-01 7.767236e-01
    outer loop
      vertex   2.897421e-04 1.672827e-04 3.715724e-04
      vertex   2.377641e-04 1.727458e-04 4.045085e-04
      vertex   2.545185e-04 1.469463e-04 4.045085e-04
    endloop
  endfacet
  facet normal 5.611929e-01 2.859421e-01 7.767236e-01
    outer loop
      vertex   2.897421e-04 1.672827e-04 3.715724e-04
      vertex   2.545185e-04 1.469463e-04 4.045085e-04
      vertex   3.056406e-04 1.360800e-04 3.715724e-04
    endloop
  endfacet
  facet normal 5.611929e-01 2.859421e-01 7.767236e-01
    outer loop
      vertex   3.056406e-04 1.360800e-04 3.715724e-04
      vertex   2.545185e-04 1.469463e-04 4.045085e-04
      vertex   2.684843e-04 1.195369e-04 4.045085e-04
    endloop
  endfacet
  facet normal 5.880078e-01 2.257150e-01 7.767236e-01
    outer loop
      vertex   3.056406e-04 1.360800e-04 3.715724e-04
      vertex   2.684843e-04 1.195369e-04 4.045085e-04
      vertex   3.181905e-04 1.033864e-04 3.715724e-04
    endloop
  endfacet
  facet normal 5.880078e-01 2.257150e-01 7.767236e-01
    outer loop
      vertex   3.181905e-04 1.033864e-04 3.715724e-04
      vertex   2.684843e-04 1.195369e-04 4.045085e-04
      vertex   2.795085e-04 9.081782e-05 4.045085e-04
    endloop
  endfacet
  facet normal 6.083802e-01 1.630150e-01 7.767236e-01
    outer loop
      vertex   3.181905e-04 1.033864e-04 3.715724e-04
      vertex   2.795085e-04 9.081782e-05 4.045085e-04
      vertex   3.272542e-04 6.956004e-05 3.715724e-04
    endloop
  endfacet
  facet normal 6.083802e-01 1.630150e-01 7.767236e-01
    outer loop
      vertex   3.272542e-04 6.956004e-05 3.715724e-04
      vertex   2.795085e-04 9.081782e-05 4.045085e-04
      vertex   2.874704e-04 6.110371e-05 4.045085e-04
    endloop
  endfacet
  facet normal 6.220872e-01 9.852893e-02 7.767236e-01
    outer loop
      vertex   3.272542e-04 6.956004e-05 3.715724e-04
      vertex   2.874704e-04 6.110371e-05 4.045085e-04
      vertex   3.327325e-04 3.497160e-05 3.715724e-04
    endloop
  endfacet
  facet normal 6.220872e-01 9.852893e-02 7.767236e-01
    outer loop
      vertex   3.327325e-04 3.497160e-05 3.715724e-04
      vertex   2.874704e-04 6.110371e-05 4.045085e-04
      vertex   2.922827e-04 3.072014e-05 4.045085e-04
    endloop
  endfacet
  facet normal 6.289784e-01 3.296336e-02 7.767236e-01
    outer loop
      vertex   3.327325e-04 3.497160e-05 3.715724e-04
      vertex   2.922827e-04 3.072014e-05 4.045085e-04
      vertex   3.345653e-04 0.000000e+00 3.715724e-04
    endloop
  endfacet
  facet normal 6.289784e-01 3.296336e-02 7.767236e-01
    outer loop
      vertex   3.345653e-04 0.000000e+00 3.715724e-04
      vertex   2.922827e-04 3.072014e-05 4.045085e-04
      vertex   2.938926e-04 0.000000e+00 4.045085e-04
    endloop
  endfacet
  facet normal 5.444173e-01 -2.853170e-02 8.383291e-01
    outer loop
      vertex   2.938926e-04 0.000000e+00 4.045085e-04
      vertex   2.500000e-04 0.000000e+00 4.330127e-04
      vertex   2.922827e-04 -3.072014e-05 4.045085e-04
    endloop
  endfacet
  facet normal 5.444173e-01 -2.853170e-02 8.383291e-01
    outer loop
      vertex   2.922827e-04 -3.072014e-05 4.045085e-04
      vertex   2.500000e-04 0.000000e+00 4.330127e-04
      vertex   2.486305e-04 -2.613212e-05 4.330127e-04
    endloop
  endfacet
  facet normal 5.384526e-01 -8.528251e-02 8.383291e-01
    outer loop
      vertex   2.922827e-04 -3.072014e-05 4.045085e-04
      vertex   2.486305e-04 -2.613212e-05 4.330127e-04
      vertex   2.874704e-04 -6.110371e-05 4.045085e-04
    endloop
  endfacet
  facet normal 5.384526e-01 -8.528251e-02 8.383291e-01
    outer loop
      vertex   2.874704e-04 -6.110371e-05 4.045085e-04
      vertex   2.486305e-04 -2.613212e-05 4.330127e-04
      vertex   2.445369e-04 -5.197792e-05 4.330127e-04
    endloop
  endfacet
  facet normal 5.265884e-01 -1.410989e-01 8.383291e-01
    outer loop
      vertex   2.874704e-04 -6.110371e-05 4.045085e-04
      vertex   2.445369e-04 -5.197792e-05 4.330127e-04
      vertex   2.795085e-04 -9.081782e-05 4.045085e-04
    endloop
  endfacet
  facet normal 5.265884e-01 -1.410989e-01 8.383291e-01
    outer loop
      vertex   2.795085e-04 -9.081782e-05 4.045085e-04
      vertex   2.445369e-04 -5.197792e-05 4.330127e-04
      vertex   2.377641e-04 -7.725425e-05 4.330127e-04
    endloop
  endfacet
  facet normal 5.089548e-01 -1.953695e-01 8.383291e-01
    outer loop
      vertex   2.795085e-04 -9.081782e-05 4.045085e-04
      vertex   2.377641e-04 -7.725425e-05 4.330127e-04
      vertex   2.684843e-04 -1.195369e-04 4.045085e-04
    endloop
  endfacet
  facet normal 5.089548e-01 -1.953695e-01 8.383291e-01
    outer loop
      vertex   2.684843e-04 -1.195369e-04 4.045085e-04
      vertex   2.377641e-04 -7.725425e-05 4.330127e-04
      vertex   2.283864e-04 -1.016842e-04 4.330127e-04
    endloop
  endfacet
  facet normal 4.857451e-01 -2.474995e-01 8.383291e-01
    outer loop
      vertex   2.684843e-04 -1.195369e-04 4.045085e-04
      vertex   2.283864e-04 -1.016842e-04 4.330127e-04
      vertex   2.545185e-04 -1.469463e-04 4.045085e-04
    endloop
  endfacet
  facet normal 4.857451e-01 -2.474995e-01 8.383291e-01
    outer loop
      vertex   2.545185e-04 -1.469463e-04 4.045085e-04
      vertex   2.283864e-04 -1.016842e-04 4.330127e-04
      vertex   2.165064e-04 -1.250000e-04 4.330127e-04
    endloop
  endfacet
  facet normal 4.572134e-01 -2.969178e-01 8.383291e-01
    outer loop
      vertex   2.545185e-04 -1.469463e-04 4.045085e-04
      vertex   2.165064e-04 -1.250000e-04 4.330127e-04
      vertex   2.377641e-04 -1.727458e-04 4.045085e-04
    endloop
  endfacet
  facet normal 4.572134e-01 -2.969178e-01 8.383291e-01
    outer loop
      vertex   2.377641e-04 -1.727458e-04 4.045085e-04
      vertex   2.165064e-04 -1.250000e-04 4.330127e-04
      vertex   2.022542e-04 -1.469463e-04 4.330127e-04
    endloop
  endfacet
  facet normal 4.236723e-01 -3.430831e-01 8.383291e-01
    outer loop
      vertex   2.377641e-04 -1.727458e-04 4.045085e-04
      vertex   2.022542e-04 -1.469463e-04 4.330127e-04
      vertex   2.184048e-04 -1.966526e-04 4.045085e-04
    endloop
  endfacet
  facet normal 4.236723e-01 -3.430831e-01 8.383291e-01
    outer loop
      vertex   2.184048e-04 -1.966526e-04 4.045085e-04
      vertex   2.022542e-04 -1.469463e-04 4.330127e-04
      vertex   1.857862e-04 -1.672827e-04 4.330127e-04
    endloop
  endfacet
  facet normal 3.854895e-01 -3.854895e-01 8.383291e-01
    outer loop
      vertex   2.184048e-04 -1.966526e-04 4.045085e-04
      vertex   1.857862e-04 -1.672827e-04 4.330127e-04
      vertex   1.966526e-04 -2.184048e-04 4.045085e-04
    endloop
  endfacet
  facet normal 3.854895e-01 -3.854895e-01 8.383291e-01
    outer loop
      vertex   1.966526e-04 -2.184048e-04 4.045085e-04
      vertex   1.857862e-04 -1.672827e-04 4.330127e-04
      vertex   1.672827e-04 -1.857862e-04 4.330127e-04
    endloop
  endfacet
  facet normal 3.430831e-01 -4.236723e-01 8.383291e-01
    outer loop
      vertex   1.966526e-04 -2.184048e-04 4.045085e-04
      vertex   1.672827e-04 -1.857862e-04 4.330127e-04
      vertex   1.727458e-04 -2.377641e-04 4.045085e-04
    endloop
  endfacet
  facet normal 3.430831e-01 -4.236723e-01 8.383291e-01
    outer loop
      vertex   1.727458e-04 -2.377641e-04 4.045085e-04
      vertex   1.672827e-04 -1.857862e-04 4.330127e-04
      vertex   1.469463e-04 -2.022542e-04 4.330127e-04
    endloop
  endfacet
  facet normal 2.969178e-01 -4.572134e-01 8.383291e-01
    outer loop
      vertex   1.727458e-04 -2.377641e-04 4.045085e-04
      vertex   1.469463e-04 -2.022542e-04 4.330127e-04
      vertex   1.469463e-04 -2.545185e-04 4.045085e-04
    endloop
  endfacet
  facet normal 2.969178e-01 -4.572134e-01 8.383291e-01
    outer loop
      vertex   1.469463e-04 -2.545185e-04 4.045085e-04
      vertex   1.469463e-04 -2.022542e-04 4.330127e-04
      vertex   1.250000e-04 -2.165064e-04 4.330127e-04
    endloop
  endfacet
  facet normal 2.474995e-01 -4.857451e-01 8.383291e-01
    outer loop
      vertex   1.469463e-04 -2.545185e-04 4.045085e-04
      vertex   1.250000e-04 -2.165064e-04 4.330127e-04
      vertex   1.195369e-04 -2.684843e-04 4.045085e-04
    endloop
  endfacet
  facet normal 2.474995e-01 -4.857451e-01 8.383291e-01
    outer loop
      vertex   1.195369e-04 -2.684843e-04 4.045085e-04
      vertex   1.250000e-04 -2.165064e-04 4.330127e-04
      vertex   1.016842e-04 -2.283864e-04 4.330127e-04
    endloop
  endfacet
  facet normal 1.953695e-01 -5.089548e-01 8.383291e-01
    outer loop
      vertex   1.195369e-04 -2.684843e-04 4.045085e-04
      vertex   1.016842e-04 -2.283864e-04 4.330127e-04
      vertex   9.081782e-05 -2.795085e-04 4.045085e-04
    endloop
  endfacet
  facet normal 1.953695e-01 -5.089548e-01 8.383291e-01
    outer loop
      vertex   9.081782e-05 -2.795085e-04 4.045085e-04
      vertex   1.016842e-04 -2.283864e-04 4.330127e-04
      vertex   7.725425e-05 -2.377641e-04 4.330127e-04
    endloop
  endfacet
  facet normal 1.410989e-01 -5.265884e-01 8.383291e-01
    outer loop
      vertex   9.081782e-05 -2.795085e-04 4.045085e-04
      vertex   7.725425e-05 -2.377641e-04 4.330127e-04
      vertex   6.110371e-05 -2.874704e-04 4.045085e-04
    endloop
  endfacet
  facet normal 1.410989e-01 -5.265884e-01 8.383291e-01
    outer loop
      vertex   6.110371e-05 -2.874704e-04 4.045085e-04
      vertex   7.725425e-05 -2.377641e-04 4.330127e-04
      vertex   5.197792e-05 -2.445369e-04 4.330127e-04
    endloop
  endfacet
  facet normal 8.528251e-02 -5.384526e-01 8.383291e-01
    outer loop
      vertex   6.110371e-05 -2.874704e-04 4.045085e-04
      vertex   5.197792e-05 -2.445369e-04 4.330127e-04
      vertex   3.072014e-05 -2.922827e-04 4.045085e-04
    endloop
  endfacet
  facet normal 8.528251e-02 -5.384526e-01 8.383291e-01
    outer loop
      vertex   3.072014e-05 -2.922827e-04 4.045085e-04
      vertex   5.197792e-05 -2.445369e-04 4.330127e-04
      vertex   2.613212e-05 -2.486305e-04 4.330127e-04
    endloop
  endfacet
  facet normal 2.853170e-02 -5.444173e-01 8.383291e-01
    outer loop
      vertex   3.072014e-05 -2.922827e-04 4.045085e-04
      vertex   2.613212e-05 -2.486305e-04 4.330127e-04
      vertex   1.799573e-20 -2.938926e-04 4.045085e-04
    endloop
  endfacet
  facet normal 2.853170e-02 -5.444173e-01 8.383291e-01
    outer loop
      vertex   1.799573e-20 -2.938926e-04 4.045085e-04
      vertex   2.613212e-05 -2.486305e-04 4.330127e-04
      vertex   1.530808e-20 -2.500000e-04 4.330127e-04
    endloop
  endfacet
  facet normal -2.853170e-02 -5.444173e-01 8.383291e-01
    outer loop
      vertex   1.799573e-20 -2.938926e-04 4.045085e-04
      vertex   1.530808e-20 -2.500000e-04 4.330127e-04
      vertex   -3.072014e-05 -2.922827e-04 4.045085e-04
    endloop
  endfacet
  facet normal -2.853170e-02 -5.444173e-01 8.383291e-01
    outer loop
      vertex   -3.072014e-05 -2.922827e-04 4.045085e-04
      vertex   1.530808e-20 -2.500000e-04 4.330127e-04
      vertex   -2.613212e-05 -2.486305e-04 4.330127e-04
    endloop
  endfacet
  facet normal -8.528251e-02 -5.384526e-01 8.383291e-01
    outer loop
      vertex   -3.072014e-05 -2.922827e-04 4.045085e-04
      vertex   -2.613212e-05 -2.486305e-04 4.330127e-04
      vertex   -6.110371e-05 -2.874704e-04 4.045085e-04
    endloop
  endfacet
  facet normal -8.528251e-02 -5.384526e-01 8.383291e-01
    outer loop
      vertex   -6.110371e-05 -2.874704e-04 4.045085e-04
      vertex   -2.613212e-05 -2.486305e-04 4.330127e-04
      vertex   -5.197792e-05 -2.445369e-04 4.330127e-04
    endloop
  endfacet
  facet normal -1.410989e-01 -5.265884e-01 8.383291e-01
    outer loop
      vertex   -6.110371e-05 -2.874704e-04 4.045085e-04
      vertex   -5.197792e-05 -2.445369e-04 4.330127e-04
      vertex   -9.081782e-05 -2.795085e-04 4.045085e-04
    endloop
  endfacet
  facet normal -1.410989e-01 -5.265884e-01 8.383291e-01
    outer loop
      vertex   -9.081782e-05 -2.795085e-04 4.045085e-04
      vertex   -5.197792e-05 -2.445369e-04 4.330127e-04
      vertex   -7.725425e-05 -2.377641e-04 4.330127e-04
    endloop
  endfacet
  facet normal -1.953695e-01 -5.089548e-01 8.383291e-01
    outer loop
      vertex   -9.081782e-05 -2.795085e-04 4.045085e-04
      vertex   -7.725425e-05 -2.377641e-04 4.330127e-04
      vertex   -1.195369e-04 -2.684843e-04 4.045085e-04
    endloop
  endfacet
  facet normal -1.953695e-01 -5.089548e-01 8.383291e-01
    outer loop
      vertex   -1.195369e-04 -2.684843e-04 4.045085e-04
      vertex   -7.725425e-05 -2.377641e-04 4.330127e-04
      vertex   -1.016842e-04 -2.283864e-04 4.330127e-04
    endloop
  endfacet
  facet normal -2.474995e-01 -4.857451e-01 8.383291e-01
    outer loop
      vertex   -1.195369e-04 -2.684843e-04 4.045085e-04
      vertex   -1.016842e-04 -2.283864e-04 4.330127e-04
      vertex   -1.469463e-04 -2.545185e-04 4.045085e-04
    endloop
  endfacet
  facet normal -2.474995e-01 -4.857451e-01 8.383291e-01
    outer loop
      vertex   -1.469463e-04 -2.545185e-04 4.045085e-04
      vertex   -1.016842e-04 -2.283864e-04 4.330127e-04
      vertex   -1.250000e-04 -2.165064e-04 4.330127e-04
    endloop
  endfacet
  facet normal -2.969178e-01 -4.572134e-01 8.383291e-01
    outer loop
      vertex   -1.469463e-04 -2.545185e-04 4.045085e-04
      vertex   -1.250000e-04 -2.165064e-04 4.330127e-04
      vertex   -1.727458e-04 -2.377641e-04 4.045085e-04
    endloop
  endfacet
  facet normal -2.969178e-01 -4.572134e-01 8.383291e-01
    outer loop
      vertex   -1.727458e-04 -2.377641e-04 4.045085e-04
      vertex   -1.250000e-04 -2.165064e-04 4.330127e-04
      vertex   -1.469463e-04 -2.022542e-04 4.330127e-04
    endloop
  endfacet
  facet normal -3.430831e-01 -4.236723e-01 8.383291e-01
    outer loop
      vertex   -1.727458e-04 -2.377641e-04 4.045085e-04
      vertex   -1.469463e-04 -2.022542e-04 4.330127e-04
      vertex   -1.966526e-04 -2.184048e-04 4.045085e-04
    endloop
  endfacet
  facet normal -3.430831e-01 -4.236723e-01 8.383291e-01
    outer loop
      vertex   -1.966526e-04 -2.184048e-04 4.045085e-04
      vertex   -1.469463e-04 -2.022542e-04 4.330127e-04
      vertex   -1.672827e-04 -1.857862e-04 4.330127e-04
    endloop
  endfacet
  facet normal -3.854895e-01 -3.854895e-01 8.383291e-01
    outer loop
      vertex   -1.966526e-04 -2.184048e-04 4.045085e-04
      vertex   -1.672827e-04 -1.857862e-04 4.330127e-04
      vertex   -2.184048e-04 -1.966526e-04 4.045085e-04
    endloop
  endfacet
  facet normal -3.854895e-01 -3.854895e-01 8.383291e-01
    outer loop
      vertex   -2.184048e-04 -1.966526e-04 4.045085e-04
      vertex   -1.672827e-04 -1.857862e-04 4.330127e-04
      vertex   -1.857862e-04 -1.672827e-04 4.330127e-04
    endloop
  endfacet
  facet normal -4.236723e-01 -3.430831e-01 8.383291e-01
    outer loop
      vertex   -2.184048e-04 -1.966526e-04 4.045085e-04
      vertex   -1.857862e-04 -1.672827e-04 4.330127e-04
      vertex   -2.377641e-04 -1.727458e-04 4.045085e-04
    endloop
  endfacet
  facet normal -4.236723e-01 -3.430831e-01 8.383291e-01
    outer loop
      vertex   -2.377641e-04 -1.727458e-04 4.045085e-04
      vertex   -1.857862e-04 -1.672827e-04 4.330127e-04
      vertex   -2.022542e-04 -1.469463e-04 4.330127e-04
    endloop
  endfacet
  facet normal -4.572134e-01 -2.969178e-01 8.383291e-01
    outer loop
      vertex   -2.377641e-04 -1.727458e-04 4.045085e-04
      vertex   -2.022542e-04 -1.469463e-04 4.330127e-04
      vertex   -2.545185e-04 -1.469463e-04 4.045085e-04
    endloop
  endfacet
  facet normal -4.572134e-01 -2.969178e-01 8.383291e-01
    outer loop
      vertex   -2.545185e-04 -1.469463e-04 4.045085e-04
      vertex   -2.022542e-04 -1.469463e-04 4.330127e-04
      vertex   -2.165064e-04 -1.250000e-04 4.330127e-04
    endloop
  endfacet
  facet normal -4.857451e-01 -2.474995e-01 8.383291e-01
    outer loop
      vertex   -2.545185e-04 -1.469463e-04 4.045085e-04
      vertex   -2.165064e-04 -1.250000e-04 4.330127e-04
      vertex   -2.684843e-04 -1.195369e-04 4.045085e-04
    endloop
  endfacet
  facet normal -4.857451e-01 -2.474995e-01 8.383291e-01
    outer loop
      vertex   -2.684843e-04 -1.195369e-04 4.045085e-04
      vertex   -2.165064e-04 -1.250000e-04 4.330127e-04
      vertex   -2.283864e-04 -1.016842e-04 4.330127e-04
    endloop
  endfacet
  facet normal -5.089548e-01 -1.953695e-01 8.383291e-01
    outer loop
      vertex   -2.684843e-04 -1.195369e-04 4.045085e-04
      vertex   -2.283864e-04 -1.016842e-04 4.330127e-04
      vertex   -2.795085e-04 -9.081782e-05 4.045085e-04
    endloop
  endfacet
  facet normal -5.089548e-01 -1.953695e-01 8.383291e-01
    outer loop
      vertex   -2.795085e-04 -9.081782e-05 4.045085e-04
      vertex   -2.283864e-04 -1.016842e-04 4.330127e-04
      vertex   -2.377641e-04 -7.725425e-05 4.330127e-04
    endloop
  endfacet
  facet normal -5.265884e-01 -1.410989e-01 8.383291e-01
    outer loop
      vertex   -2.795085e-04 -9.081782e-05 4.045085e-04
      vertex   -2.377641e-04 -7.725425e-05 4.330127e-04
      vertex   -2.874704e-04 -6.110371e-05 4.045085e-04
    endloop
  endfacet
  facet normal -5.265884e-01 -1.410989e-01 8.383291e-01
    outer loop
      vertex   -2.874704e-04 -6.110371e-05 4.045085e-04
      vertex   -2.377641e-04 -7.725425e-05 4.330127e-04
      vertex   -2.445369e-04 -5.197792e-05 4.330127e-04
    endloop
  endfacet
  facet normal -5.384526e-01 -8.528251e-02 8.383291e-01
    outer loop
      vertex   -2.874704e-04 -6.110371e-05 4.045085e-04
      vertex   -2.445369e-04 -5.197792e-05 4.330127e-04
      vertex   -2.922827e-04 -3.072014e-05 4.045085e-04
    endloop
  endfacet
  facet normal -5.384526e-01 -8.528251e-02 8.383291e-01
    outer loop
      vertex   -2.922827e-04 -3.072014e-05 4.045085e-04
      vertex   -2.445369e-04 -5.197792e-05 4.330127e-04
      vertex   -2.486305e-04 -2.613212e-05 4.330127e-04
    endloop
  endfacet
  facet normal -5.444173e-01 -2.853170e-02 8.383291e-01
    outer loop
      vertex   -2.922827e-04 -3.072014e-05 4.045085e-04
      vertex   -2.486305e-04 -2.613212e-05 4.330127e-04
      vertex   -2.938926e-04 -3.599147e-20 4.045085e-04
    endloop
  endfacet
  facet normal -5.444173e-01 -2.853170e-02 8.383291e-01
    outer loop
      vertex   -2.938926e-04 -3.599147e-20 4.045085e-04
      vertex   -2.486305e-04 -2.613212e-05 4.330127e-04
      vertex   -2.500000e-04 -3.061617e-20 4.330127e-04
    endloop
  endfacet
  facet normal -5.444173e-01 2.853170e-02 8.383291e-01
    outer loop
      vertex   -2.938926e-04 -3.599147e-20 4.045085e-04
      vertex   -2.500000e-04 -3.061617e-20 4.330127e-04
      vertex   -2.922827e-04 3.072014e-05 4.045085e-04
    endloop
  endfacet
  facet normal -5.444173e-01 2.853170e-02 8.383291e-01
    outer loop
      vertex   -2.922827e-04 3.072014e-05 4.045085e-04
      vertex   -2.500000e-04 -3.061617e-20 4.330127e-04
      vertex   -2.486305e-04 2.613212e-05 4.330127e-04
    endloop
  endfacet
  facet normal -5.384526e-01 8.528251e-02 8.383291e-01
    outer loop
      vertex   -2.922827e-04 3.072014e-05 4.045085e-04
      vertex   -2.486305e-04 2.613212e-05 4.330127e-04
      vertex   -2.874704e-04 6.110371e-05 4.045085e-04
    endloop
  endfacet
  facet normal -5.384526e-01 8.528251e-02 8.383291e-01
    outer loop
      vertex   -2.874704e-04 6.110371e-05 4.045085e-04
      vertex   -2.486305e-04 2.613212e-05 4.330127e-04
      vertex   -2.445369e-04 5.197792e-05 4.330127e-04
    endloop
  endfacet
  facet normal -5.265884e-01 1.410989e-01 8.383291e-01
    outer loop
      vertex   -2.874704e-04 6.110371e-05 4.045085e-04
      vertex   -2.445369e-04 5.197792e-05 4.330127e-04
      vertex   -2.795085e-04 9.081782e-05 4.045085e-04
    endloop
  endfacet
  facet normal -5.265884e-01 1.410989e-01 8.383291e-01
    outer loop
      vertex   -2.795085e-04 9.081782e-05 4.045085e-04
      vertex   -2.445369e-04 5.197792e-05 4.330127e-04
      vertex   -2.377641e-04 7.725425e-05 4.330127e-04
    endloop
  endfacet
  facet normal -5.089548e-01 1.953695e-01 8.383291e-01
    outer loop
      vertex   -2.795085e-04 9.081782e-05 4.045085e-04
      vertex   -2.377641e-04 7.725425e-05 4.330127e-04
      vertex   -2.684843e-04 1.195369e-04 4.045085e-04
    endloop
  endfacet
  facet normal -5.089548e-01 1.953695e-01 8.383291e-01
    outer loop
      vertex   -2.684843e-04 1.195369e-04 4.045085e-04
      vertex   -2.377641e-04 7.725425e-05 4.330127e-04
      vertex   -2.283864e-04 1.016842e-04 4.330127e-04
    endloop
  endfacet
  facet normal -4.857451e-01 2.474995e-01 8.383291e-01
    outer loop
      vertex   -2.684843e-04 1.195369e-04 4.045085e-04
      vertex   -2.283864e-04 1.016842e-04 4.330127e-04
      vertex   -2.545185e-04 1.469463e-04 4.045085e-04
    endloop
  endfacet
  facet normal -4.857451e-01 2.474995e-01 8.383291e-01
    outer loop
      vertex   -2.545185e-04 1.469463e-04 4.045085e-04
      vertex   -2.283864e-04 1.016842e-04 4.330127e-04
      vertex   -2.165064e-04 1.250000e-04 4.330127e-04
    endloop
  endfacet
  facet normal -4.572134e-01 2.969178e-01 8.383291e-01
    outer loop
      vertex   -2.545185e-04 1.469463e-04 4.045085e-04
      vertex   -2.165064e-04 1.250000e-04 4.330127e-04
      vertex   -2.377641e-04 1.727458e-04 4.045085e-04
    endloop
  endfacet
  facet normal -4.572134e-01 2.969178e-01 8.383291e-01
    outer loop
      vertex   -2.377641e-04 1.727458e-04 4.045085e-04
      vertex   -2.165064e-04 1.250000e-04 4.330127e-04
      vertex   -2.022542e-04 1.469463e-04 4.330127e-04
    endloop
  endfacet
  facet normal -4.236723e-01 3.430831e-01 8.383291e-01
    outer loop
      vertex   -2.377641e-04 1.727458e-04 4.045085e-04
      vertex   -2.022542e-04 1.469463e-04 4.330127e-04
      vertex   -2.184048e-04 1.966526e-04 4.045085e-04
    endloop
  endfacet
  facet normal -4.236723e-01 3.430831e-01 8.383291e-01
    outer loop
      vertex   -2.184048e-04 1.966526e-04 4.045085e-04
      vertex   -2.022542e-04 1.469463e-04 4.330127e-04
      vertex   -1.857862e-04 1.672827e-04 4.330127e-04
    endloop
  endfacet
  facet normal -3.854895e-01 3.854895e-01 8.383291e-01
    outer loop
      vertex   -2.184048e-04 1.966526e-04 4.045085e-04
      vertex   -1.857862e-04 1.672827e-04 4.330127e-04
      vertex   -1.966526e-04 2.184048e-04 4.045085e-04
    endloop
  endfacet
  facet normal -3.854895e-01 3.854895e-01 8.383291e-01
    outer loop
      vertex   -1.966526e-04 2.184048e-04 4.045085e-04
      vertex   -1.857862e-04 1.672827e-04 4.330127e-04
      vertex   -1.672827e-04 1.857862e-04 4.330127e-04
    endloop
  endfacet
  facet normal -3.430831e-01 4.236723e-01 8.383291e-01
    outer loop
      vertex   -1.966526e-04 2.184048e-04 4.045085e-04
      vertex   -1.672827e-04 1.857862e-04 4.330127e-04
      vertex   -1.727458e-04 2.377641e-04 4.045085e-04
    endloop
  endfacet
  facet normal -3.430831e-01 4.236723e-01 8.383291e-01
    outer loop
      vertex   -1.727458e-04 2.377641e-04 4.045085e-04
      vertex   -1.672827e-04 1.857862e-04 4.330127e-04
      vertex   -1.469463e-04 2.022542e-04 4.330127e-04
    endloop
  endfacet
  facet normal -2.969178e-01 4.572134e-01 8.383291e-01
    outer loop
      vertex   -1.727458e-04 2.377641e-04 4.045085e-04
      vertex   -1.469463e-04 2.022542e-04 4.330127e-04
      vertex   -1.469463e-04 2.545185e-04 4.045085e-04
    endloop
  endfacet
  facet normal -2.969178e-01 4.572134e-01 8.383291e-01
    outer loop
      vertex   -1.469463e-04 2.545185e-04 4.045085e-04
      vertex   -1.469463e-04 2.022542e-04 4.330127e-04
      vertex   -1.250000e-04 2.165064e-04 4.330127e-04
    endloop
  endfacet
  facet normal -2.474995e-01 4.857451e-01 8.383291e-01
    outer loop
      vertex   -1.469463e-04 2.545185e-04 4.045085e-04
      vertex   -1.250000e-04 2.165064e-04 4.330127e-04
      vertex   -1.195369e-04 2.684843e-04 4.045085e-04
    endloop
  endfacet
  facet normal -2.474995e-01 4.857451e-01 8.383291e-01
    outer loop
      vertex   -1.195369e-04 2.684843e-04 4.045085e-04
      vertex   -1.250000e-04 2.165064e-04 4.330127e-04
      vertex   -1.016842e-04 2.283864e-04 4.330127e-04
    endloop
  endfacet
  facet normal -1.953695e-01 5.089548e-01 8.383291e-01
    outer loop
      vertex   -1.195369e-04 2.684843e-04 4.045085e-04
      vertex   -1.016842e-04 2.283864e-04 4.330127e-04
      vertex   -9.081782e-05 2.795085e-04 4.045085e-04
    endloop
  endfacet
  facet normal -1.953695e-01 5.089548e-01 8.383291e-01
    outer loop
      vertex   -9.081782e-05 2.795085e-04 4.045085e-04
      vertex   -1.016842e-04 2.283864e-04 4.330127e-04
      vertex   -7.725425e-05 2.377641e-04 4.330127e-04
    endloop
  endfacet
  facet normal -1.410989e-01 5.265884e-01 8.383291e-01
    outer loop
      vertex   -9.081782e-05 2.795085e-04 4.045085e-04
      vertex   -7.725425e-05 2.377641e-04 4.330127e-04
      vertex   -6.110371e-05 2.874704e-04 4.045085e-04
    endloop
  endfacet
  facet normal -1.410989e-01 5.265884e-01 8.383291e-01
    outer loop
      vertex   -6.110371e-05 2.874704e-04 4.045085e-04
      vertex   -7.725425e-05 2.377641e-04 4.330127e-04
      vertex   -5.197792e-05 2.445369e-04 4.330127e-04
    endloop
  endfacet
  facet normal -8.528251e-02 5.384526e-01 8.383291e-01
    outer loop
      vertex   -6.110371e-05 2.874704e-04 4.045085e-04
      vertex   -5.197792e-05 2.445369e-04 4.330127e-04
      vertex   -3.072014e-05 2.922827e-04 4.045085e-04
    endloop
  endfacet
  facet normal -8.528251e-02 5.384526e-01 8.383291e-01
    outer loop
      vertex   -3.072014e-05 2.922827e-04 4.045085e-04
      vertex   -5.197792e-05 2.445369e-04 4.330127e-04
      vertex   -2.613212e-05 2.486305e-04 4.330127e-04
    endloop
  endfacet
  facet normal -2.853170e-02 5.444173e-01 8.383291e-01
    outer loop
      vertex   -3.072014e-05 2.922827e-04 4.045085e-04
      vertex   -2.613212e-05 2.486305e-04 4.330127e-04
      vertex   1.799573e-20 2.938926e-04 4.045085e-04
    endloop
  endfacet
  facet normal -2.853170e-02 5.444173e-01 8.383291e-01
    outer loop
      vertex   1.799573e-20 2.938926e-04 4.045085e-04
      vertex   -2.613212e-05 2.486305e-04 4.330127e-04
      vertex   1.530808e-20 2.500000e-04 4.330127e-04
    endloop
  endfacet
  facet normal 2.853170e-02 5.444173e-01 8.383291e-01
    outer loop
      vertex   1.799573e-20 2.938926e-04 4.045085e-04
      vertex   1.530808e-20 2.500000e-04 4.330127e-04
      vertex   3.072014e-05 2.922827e-04 4.045085e-04
    endloop
  endfacet
  facet normal 2.853170e-02 5.444173e-01 8.383291e-01
    outer loop
      vertex   3.072014e-05 2.922827e-04 4.045085e-04
      vertex   1.530808e-20 2.500000e-04 4.330127e-04
      vertex   2.613212e-05 2.486305e-04 4.330127e-04
    endloop
  endfacet
  facet normal 8.528251e-02 5.384526e-01 8.383291e-01
    outer loop
      vertex   3.072014e-05 2.922827e-04 4.045085e-04
      vertex   2.613212e-05 2.486305e-04 4.330127e-04
      vertex   6.110371e-05 2.874704e-04 4.045085e-04
    endloop
  endfacet
  facet normal 8.528251e-02 5.384526e-01 8.383291e-01
    outer loop
      vertex   6.110371e-05 2.874704e-04 4.045085e-04
      vertex   2.613212e-05 2.486305e-04 4.330127e-04
      vertex   5.197792e-05 2.445369e-04 4.330127e-04
    endloop
  endfacet
  facet normal 1.410989e-01 5.265884e-01 8.383291e-01
    outer loop
      vertex   6.110371e-05 2.874704e-04 4.045085e-04
      vertex   5.197792e-05 2.445369e-04 4.330127e-04
      vertex   9.081782e-05 2.795085e-04 4.045085e-04
    endloop
  endfacet
  facet normal 1.410989e-01 5.265884e-01 8.383291e-01
    outer loop
      vertex   9.081782e-05 2.795085e-04 4.045085e-04
      vertex   5.197792e-05 2.445369e-04 4.330127e-04
      vertex   7.725425e-05 2.377641e-04 4.330127e-04
    endloop
  endfacet
  facet normal 1.953695e-01 5.089548e-01 8.383291e-01
    outer loop
      vertex   9.081782e-05 2.795085e-04 4.045085e-04
      vertex   7.725425e-05 2.377641e-04 4.330127e-04
      vertex   1.195369e-04 2.684843e-04 4.045085e-04
    endloop
  endfacet
  facet normal 1.953695e-01 5.089548e-01 8.383291e-01
    outer loop
      vertex   1.195369e-04 2.684843e-04 4.045085e-04
      vertex   7.725425e-05 2.377641e-04 4.330127e-04
      vertex   1.016842e-04 2.283864e-04 4.330127e-04
    endloop
  endfacet
  facet normal 2.474995e-01 4.857451e-01 8.383291e-01
    outer loop
      vertex   1.195369e-04 2.684843e-04 4.045085e-04
      vertex   1.016842e-04 2.283864e-04 4.330127e-04
      vertex   1.469463e-04 2.545185e-04 4.045085e-04
    endloop
  endfacet
  facet normal 2.474995e-01 4.857451e-01 8.383291e-01
    outer loop
      vertex   1.469463e-04 2.545185e-04 4.045085e-04
      vertex   1.016842e-04 2.283864e-04 4.330127e-04
      vertex   1.250000e-04 2.165064e-04 4.330127e-04
    endloop
  endfacet
  facet normal 2.969178e-01 4.572134e-01 8.383291e-01
    outer loop
      vertex   1.469463e-04 2.545185e-04 4.045085e-04
      vertex   1.250000e-04 2.165064e-04 4.330127e-04
      vertex   1.727458e-04 2.377641e-04 4.045085e-04
    endloop
  endfacet
  facet normal 2.969178e-01 4.572134e-01 8.383291e-01
    outer loop
      vertex   1.727458e-04 2.377641e-04 4.045085e-04
      vertex   1.250000e-04 2.165064e-04 4.330127e-04
      vertex   1.469463e-04 2.022542e-04 4.330127e-04
    endloop
  endfacet
  facet normal 3.430831e-01 4.236723e-01 8.383291e-01
    outer loop
      vertex   1.727458e-04 2.377641e-04 4.045085e-04
      vertex   1.469463e-04 2.022542e-04 4.330127e-04
      vertex   1.966526e-04 2.184048e-04 4.045085e-04
    endloop
  endfacet
  facet normal 3.430831e-01 4.236723e-01 8.383291e-01
    outer loop
      vertex   1.966526e-04 2.184048e-04 4.045085e-04
      vertex   1.469463e-04 2.022542e-04 4.330127e-04
      vertex   1.672827e-04 1.857862e-04 4.330127e-04
    endloop
  endfacet
  facet normal 3.854895e-01 3.854895e-01 8.383291e-01
    outer loop
      vertex   1.966526e-04 2.184048e-04 4.045085e-04
      vertex   1.672827e-04 1.857862e-04 4.330127e-04
      vertex   2.184048e-04 1.966526e-04 4.045085e-04
    endloop
  endfacet
  facet normal 3.854895e-01 3.854895e-01 8.383291e-01
    outer loop
      vertex   2.184048e-04 1.966526e-04 4.045085e-04
      vertex   1.672827e-04 1.857862e-04 4.330127e-04
      vertex   1.857862e-04 1.672827e-04 4.330127e-04
    endloop
  endfacet
  facet normal 4.236723e-01 3.430831e-01 8.383291e-01
    outer loop
      vertex   2.184048e-04 1.966526e-04 4.045085e-04
      vertex   1.857862e-04 1.672827e-04 4.330127e-04
      vertex   2.377641e-04 1.727458e-04 4.045085e-04
    endloop
  endfacet
  facet normal 4.236723e-01 3.430831e-01 8.383291e-01
    outer loop
      vertex   2.377641e-04 1.727458e-04 4.045085e-04
      vertex   1.857862e-04 1.672827e-04 4.330127e-04
      vertex   2.022542e-04 1.469463e-04 4.330127e-04
    endloop
  endfacet
  facet normal 4.572134e-01 2.969178e-01 8.383291e-01
    outer loop
      vertex   2.377641e-04 1.727458e-04 4.045085e-04
      vertex   2.022542e-04 1.469463e-04 4.330127e-04
      vertex   2.545185e-04 1.469463e-04 4.045085e-04
    endloop
  endfacet
  facet normal 4.572134e-01 2.969178e-01 8.383291e-01
    outer loop
      vertex   2.545185e-04 1.469463e-04 4.045085e-04
      vertex   2.022542e-04 1.469463e-04 4.330127e-04
      vertex   2.165064e-04 1.250000e-04 4.330127e-04
    endloop
  endfacet
  facet normal 4.857451e-01 2.474995e-01 8.383291e-01
    outer loop
      vertex   2.545185e-04 1.469463e-04 4.045085e-04
      vertex   2.165064e-04 1.250000e-04 4.330127e-04
      vertex   2.684843e-04 1.195369e-04 4.045085e-04
    endloop
  endfacet
  facet normal 4.857451e-01 2.474995e-01 8.383291e-01
    outer loop
      vertex   2.684843e-04 1.195369e-04 4.045085e-04
      vertex   2.165064e-04 1.250000e-04 4.330127e-04
      vertex   2.283864e-04 1.016842e-04 4.330127e-04
    endloop
  endfacet
  facet normal 5.089548e-01 1.953695e-01 8.383291e-01
    outer loop
      vertex   2.684843e-04 1.195369e-04 4.045085e-04
      vertex   2.283864e-04 1.016842e-04 4.330127e-04
      vertex   2.795085e-04 9.081782e-05 4.045085e-04
    endloop
  endfacet
  facet normal 5.089548e-01 1.953695e-01 8.383291e-01
    outer loop
      vertex   2.795085e-04 9.081782e-05 4.045085e-04
      vertex   2.283864e-04 1.016842e-04 4.330127e-04
      vertex   2.377641e-04 7.725425e-05 4.330127e-04
    endloop
  endfacet
  facet normal 5.265884e-01 1.410989e-01 8.383291e-01
    outer loop
      vertex   2.795085e-04 9.081782e-05 4.045085e-04
      vertex   2.377641e-04 7.725425e-05 4.330127e-04
      vertex   2.874704e-04 6.110371e-05 4.045085e-04
    endloop
  endfacet
  facet normal 5.265884e-01 1.410989e-01 8.383291e-01
    outer loop
      vertex   2.874704e-04 6.110371e-05 4.045085e-04
      vertex   2.377641e-04 7.725425e-05 4.330127e-04
      vertex   2.445369e-04 5.197792e-05 4.330127e-04
    endloop
  endfacet
  facet normal 5.384526e-01 8.528251e-02 8.383291e-01
    outer loop
      vertex   2.874704e-04 6.110371e-05 4.045085e-04
      vertex   2.445369e-04 5.197792e-05 4.330127e-04
      vertex   2.922827e-04 3.072014e-05 4.045085e-04
    endloop
  endfacet
  facet normal 5.384526e-01 8.528251e-02 8.383291e-01
    outer loop
      vertex   2.922827e-04 3.072014e-05 4.045085e-04
      vertex   2.445369e-04 5.197792e-05 4.330127e-04
      vertex   2.486305e-04 2.613212e-05 4.330127e-04
    endloop
  endfacet
  facet normal 5.444173e-01 2.853170e-02 8.383291e-01
    outer loop
      vertex   2.922827e-04 3.072014e-05 4.045085e-04
      vertex   2.486305e-04 2.613212e-05 4.330127e-04
      vertex   2.938926e-04 0.000000e+00 4.045085e-04
    endloop
  endfacet
  facet normal 5.444173e-01 2.853170e-02 8.383291e-01
    outer loop
      vertex   2.938926e-04 0.000000e+00 4.045085e-04
      vertex   2.486305e-04 2.613212e-05 4.330127e-04
      vertex   2.500000e-04 0.000000e+00 4.330127e-04
    endloop
  endfacet
  facet normal 4.538621e-01 -2.378590e-02 8.907544e-01
    outer loop
      vertex   2.500000e-04 0.000000e+00 4.330127e-04
      vertex   2.033683e-04 0.000000e+00 4.567727e-04
      vertex   2.486305e-04 -2.613212e-05 4.330127e-04
    endloop
  endfacet
  facet normal 4.538621e-01 -2.378590e-02 8.907544e-01
    outer loop
      vertex   2.486305e-04 -2.613212e-05 4.330127e-04
      vertex   2.033683e-04 0.000000e+00 4.567727e-04
      vertex   2.022542e-04 -2.125778e-05 4.567727e-04
    endloop
  endfacet
  facet normal 4.488894e-01 -7.109710e-02 8.907544e-01
    outer loop
      vertex   2.486305e-04 -2.613212e-05 4.330127e-04
      vertex   2.022542e-04 -2.125778e-05 4.567727e-04
      vertex   2.445369e-04 -5.197792e-05 4.330127e-04
    endloop
  endfacet
  facet normal 4.488894e-01 -7.109710e-02 8.907544e-01
    outer loop
      vertex   2.445369e-04 -5.197792e-05 4.330127e-04
      vertex   2.022542e-04 -2.125778e-05 4.567727e-04
      vertex   1.989242e-04 -4.228265e-05 4.567727e-04
    endloop
  endfacet
  facet normal 4.389987e-01 -1.176294e-01 8.907544e-01
    outer loop
      vertex   2.445369e-04 -5.197792e-05 4.330127e-04
      vertex   1.989242e-04 -4.228265e-05 4.567727e-04
      vertex   2.377641e-04 -7.725425e-05 4.330127e-04
    endloop
  endfacet
  facet normal 4.389987e-01 -1.176294e-01 8.907544e-01
    outer loop
      vertex   2.377641e-04 -7.725425e-05 4.330127e-04
      vertex   1.989242e-04 -4.228265e-05 4.567727e-04
      vertex   1.934148e-04 -6.284427e-05 4.567727e-04
    endloop
  endfacet
  facet normal 4.242982e-01 -1.628728e-01 8.907544e-01
    outer loop
      vertex   2.377641e-04 -7.725425e-05 4.330127e-04
      vertex   1.934148e-04 -6.284427e-05 4.567727e-04
      vertex   2.283864e-04 -1.016842e-04 4.330127e-04
    endloop
  endfacet
  facet normal 4.242982e-01 -1.628728e-01 8.907544e-01
    outer loop
      vertex   2.283864e-04 -1.016842e-04 4.330127e-04
      vertex   1.934148e-04 -6.284427e-05 4.567727e-04
      vertex   1.857862e-04 -8.271735e-05 4.567727e-04
    endloop
  endfacet
  facet normal 4.049490e-01 -2.063318e-01 8.907544e-01
    outer loop
      vertex   2.283864e-04 -1.016842e-04 4.330127e-04
      vertex   1.857862e-04 -8.271735e-05 4.567727e-04
      vertex   2.165064e-04 -1.250000e-04 4.330127e-04
    endloop
  endfacet
  facet normal 4.049490e-01 -2.063318e-01 8.907544e-01
    outer loop
      vertex   2.165064e-04 -1.250000e-04 4.330127e-04
      vertex   1.857862e-04 -8.271735e-05 4.567727e-04
      vertex   1.761221e-04 -1.016842e-04 4.567727e-04
    endloop
  endfacet
  facet normal 3.811631e-01 -2.475302e-01 8.907544e-01
    outer loop
      vertex   2.165064e-04 -1.250000e-04 4.330127e-04
      vertex   1.761221e-04 -1.016842e-04 4.567727e-04
      vertex   2.022542e-04 -1.469463e-04 4.330127e-04
    endloop
  endfacet
  facet normal 3.811631e-01 -2.475302e-01 8.907544e-01
    outer loop
      vertex   2.022542e-04 -1.469463e-04 4.330127e-04
      vertex   1.761221e-04 -1.016842e-04 4.567727e-04
      vertex   1.645284e-04 -1.195369e-04 4.567727e-04
    endloop
  endfacet
  facet normal 3.532011e-01 -2.860166e-01 8.907544e-01
    outer loop
      vertex   2.022542e-04 -1.469463e-04 4.330127e-04
      vertex   1.645284e-04 -1.195369e-04 4.567727e-04
      vertex   1.857862e-04 -1.672827e-04 4.330127e-04
    endloop
  endfacet
  facet normal 3.532011e-01 -2.860166e-01 8.907544e-01
    outer loop
      vertex   1.857862e-04 -1.672827e-04 4.330127e-04
      vertex   1.645284e-04 -1.195369e-04 4.567727e-04
      vertex   1.511321e-04 -1.360800e-04 4.567727e-04
    endloop
  endfacet
  facet normal 3.213694e-01 -3.213694e-01 8.907544e-01
    outer loop
      vertex   1.857862e-04 -1.672827e-04 4.330127e-04
      vertex   1.511321e-04 -1.360800e-04 4.567727e-04
      vertex   1.672827e-04 -1.857862e-04 4.330127e-04
    endloop
  endfacet
  facet normal 3.213694e-01 -3.213694e-01 8.907544e-01
    outer loop
      vertex   1.672827e-04 -1.857862e-04 4.330127e-04
      vertex   1.511321e-04 -1.360800e-04 4.567727e-04
      vertex   1.360800e-04 -1.511321e-04 4.567727e-04
    endloop
  endfacet
  facet normal 2.860166e-01 -3.532011e-01 8.907544e-01
    outer loop
      vertex   1.672827e-04 -1.857862e-04 4.330127e-04
      vertex   1.360800e-04 -1.511321e-04 4.567727e-04
      vertex   1.469463e-04 -2.022542e-04 4.330127e-04
    endloop
  endfacet
  facet normal 2.860166e-01 -3.532011e-01 8.907544e-01
    outer loop
      vertex   1.469463e-04 -2.022542e-04 4.330127e-04
      vertex   1.360800e-04 -1.511321e-04 4.567727e-04
      vertex   1.195369e-04 -1.645284e-04 4.567727e-04
    endloop
  endfacet
  facet normal 2.475302e-01 -3.811631e-01 8.907544e-01
    outer loop
      vertex   1.469463e-04 -2.022542e-04 4.330127e-04
      vertex   1.195369e-04 -1.645284e-04 4.567727e-04
      vertex   1.250000e-04 -2.165064e-04 4.330127e-04
    endloop
  endfacet
  facet normal 2.475302e-01 -3.811631e-01 8.907544e-01
    outer loop
      vertex   1.250000e-04 -2.165064e-04 4.330127e-04
      vertex   1.195369e-04 -1.645284e-04 4.567727e-04
      vertex   1.016842e-04 -1.761221e-04 4.567727e-04
    endloop
  endfacet
  facet normal 2.063318e-01 -4.049490e-01 8.907544e-01
    outer loop
      vertex   1.250000e-04 -2.165064e-04 4.330127e-04
      vertex   1.016842e-04 -1.761221e-04 4.567727e-04
      vertex   1.016842e-04 -2.283864e-04 4.330127e-04
    endloop
  endfacet
  facet normal 2.063318e-01 -4.049490e-01 8.907544e-01
    outer loop
      vertex   1.016842e-04 -2.283864e-04 4.330127e-04
      vertex   1.016842e-04 -1.761221e-04 4.567727e-04
      vertex   8.271735e-05 -1.857862e-04 4.567727e-04
    endloop
  endfacet
  facet normal 1.628728e-01 -4.242982e-01 8.907544e-01
    outer loop
      vertex   1.016842e-04 -2.283864e-04 4.330127e-04
      vertex   8.271735e-05 -1.857862e-04 4.567727e-04
      vertex   7.725425e-05 -2.377641e-04 4.330127e-04
    endloop
  endfacet
  facet normal 1.628728e-01 -4.242982e-01 8.907544e-01
    outer loop
      vertex   7.725425e-05 -2.377641e-04 4.330127e-04
      vertex   8.271735e-05 -1.857862e-04 4.567727e-04
      vertex   6.284427e-05 -1.934148e-04 4.567727e-04
    endloop
  endfacet
  facet normal 1.176294e-01 -4.389987e-01 8.907544e-01
    outer loop
      vertex   7.725425e-05 -2.377641e-04 4.330127e-04
      vertex   6.284427e-05 -1.934148e-04 4.567727e-04
      vertex   5.197792e-05 -2.445369e-04 4.330127e-04
    endloop
  endfacet
  facet normal 1.176294e-01 -4.389987e-01 8.907544e-01
    outer loop
      vertex   5.197792e-05 -2.445369e-04 4.330127e-04
      vertex   6.284427e-05 -1.934148e-04 4.567727e-04
      vertex   4.228265e-05 -1.989242e-04 4.567727e-04
    endloop
  endfacet
  facet normal 7.109710e-02 -4.488894e-01 8.907544e-01
    outer loop
      vertex   5.197792e-05 -2.445369e-04 4.330127e-04
      vertex   4.228265e-05 -1.989242e-04 4.567727e-04
      vertex   2.613212e-05 -2.486305e-04 4.330127e-04
    endloop
  endfacet
  facet normal 7.109710e-02 -4.488894e-01 8.907544e-01
    outer loop
      vertex   2.613212e-05 -2.486305e-04 4.330127e-04
      vertex   4.228265e-05 -1.989242e-04 4.567727e-04
      vertex   2.125778e-05 -2.022542e-04 4.567727e-04
    endloop
  endfacet
  facet normal 2.378590e-02 -4.538621e-01 8.907544e-01
    outer loop
      vertex   2.613212e-05 -2.486305e-04 4.330127e-04
      vertex   2.125778e-05 -2.022542e-04 4.567727e-04
      vertex   1.530808e-20 -2.500000e-04 4.330127e-04
    endloop
  endfacet
  facet normal 2.378590e-02 -4.538621e-01 8.907544e-01
    outer loop
      vertex   1.530808e-20 -2.500000e-04 4.330127e-04
      vertex   2.125778e-05 -2.022542e-04 4.567727e-04
      vertex   1.245272e-20 -2.033683e-04 4.567727e-04
    endloop
  endfacet
  facet normal -2.378590e-02 -4.538621e-01 8.907544e-01
    outer loop
      vertex   1.530808e-20 -2.500000e-04 4.330127e-04
      vertex   1.245272e-20 -2.033683e-04 4.567727e-04
      vertex   -2.613212e-05 -2.486305e-04 4.330127e-04
    endloop
  endfacet
  facet normal -2.378590e-02 -4.538621e-01 8.907544e-01
    outer loop
      vertex   -2.613212e-05 -2.486305e-04 4.330127e-04
      vertex   1.245272e-20 -2.033683e-04 4.567727e-04
      vertex   -2.125778e-05 -2.022542e-04 4.567727e-04
    endloop
  endfacet
  facet normal -7.109710e-02 -4.488894e-01 8.907544e-01
    outer loop
      vertex   -2.613212e-05 -2.486305e-04 4.330127e-04
      vertex   -2.125778e-05 -2.022542e-04 4.567727e-04
      vertex   -5.197792e-05 -2.445369e-04 4.330127e-04
    endloop
  endfacet
  facet normal -7.109710e-02 -4.488894e-01 8.907544e-01
    outer loop
      vertex   -5.197792e-05 -2.445369e-04 4.330127e-04
      vertex   -2.125778e-05 -2.022542e-04 4.567727e-04
      vertex   -4.228265e-05 -1.989242e-04 4.567727e-04
    endloop
  endfacet
  facet normal -1.176294e-01 -4.389987e-01 8.907544e-01
    outer loop
      vertex   -5.197792e-05 -2.445369e-04 4.330127e-04
      vertex   -4.228265e-05 -1.989242e-04 4.567727e-04
      vertex   -7.725425e-05 -2.377641e-04 4.330127e-04
    endloop
  endfacet
  facet normal -1.176294e-01 -4.389987e-01 8.907544e-01
    outer loop
      vertex   -7.725425e-05 -2.377641e-04 4.330127e-04
      vertex   -4.228265e-05 -1.989242e-04 4.567727e-04
      vertex   -6.284427e-05 -1.934148e-04 4.567727e-04
    endloop
  endfacet
  facet normal -1.628728e-01 -4.242982e-01 8.907544e-01
    outer loop
      vertex   -7.725425e-05 -2.377641e-04 4.330127e-04
      vertex   -6.284427e-05 -1.934148e-04 4.567727e-04
      vertex   -1.016842e-04 -2.283864e-04 4.330127e-04
    endloop
  endfacet
  facet normal -1.628728e-01 -4.242982e-01 8.907544e-01
    outer loop
      vertex   -1.016842e-04 -2.283864e-04 4.330127e-04
      vertex   -6.284427e-05 -1.934148e-04 4.567727e-04
      vertex   -8.271735e-05 -1.857862e-04 4.567727e-04
    endloop
  endfacet
  facet normal -2.063318e-01 -4.049490e-01 8.907544e-01
    outer loop
      vertex   -1.016842e-04 -2.283864e-04 4.330127e-04
      vertex   -8.271735e-05 -1.857862e-04 4.567727e-04
      vertex   -1.250000e-04 -2.165064e-04 4.330127e-04
    endloop
  endfacet
  facet normal -2.063318e-01 -4.049490e-01 8.907544e-01
    outer loop
      vertex   -1.250000e-04 -2.165064e-04 4.330127e-04
      vertex   -8.271735e-05 -1.857862e-04 4.567727e-04
      vertex   -1.016842e-04 -1.761221e-04 4.567727e-04
    endloop
  endfacet
  facet normal -2.475302e-01 -3.811631e-01 8.907544e-01
    outer loop
      vertex   -1.250000e-04 -2.165064e-04 4.330127e-04
      vertex   -1.016842e-04 -1.761221e-04 4.567727e-04
      vertex   -1.469463e-04 -2.022542e-04 4.330127e-04
    endloop
  endfacet
  facet normal -2.475302e-01 -3.811631e-01 8.907544e-01
    outer loop
      vertex   -1.469463e-04 -2.022542e-04 4.330127e-04
      vertex   -1.016842e-04 -1.761221e-04 4.567727e-04
      vertex   -1.195369e-04 -1.645284e-04 4.567727e-04
    endloop
  endfacet
  facet normal -2.860166e-01 -3.532011e-01 8.907544e-01
    outer loop
      vertex   -1.469463e-04 -2.022542e-04 4.330127e-04
      vertex   -1.195369e-04 -1.645284e-04 4.567727e-04
      vertex   -1.672827e-04 -1.857862e-04 4.330127e-04
    endloop
  endfacet
  facet normal -2.860166e-01 -3.532011e-01 8.907544e-01
    outer loop
      vertex   -1.672827e-04 -1.857862e-04 4.330127e-04
      vertex   -1.195369e-04 -1.645284e-04 4.567727e-04
      vertex   -1.360800e-04 -1.511321e-04 4.567727e-04
    endloop
  endfacet
  facet normal -3.213694e-01 -3.213694e-01 8.907544e-01
    outer loop
      vertex   -1.672827e-04 -1.857862e-04 4.330127e-04
      vertex   -1.360800e-04 -1.511321e-04 4.567727e-04
      vertex   -1.857862e-04 -1.672827e-04 4.330127e-04
    endloop
  endfacet
  facet normal -3.213694e-01 -3.213694e-01 8.907544e-01
    outer loop
      vertex   -1.857862e-04 -1.672827e-04 4.330127e-04
      vertex   -1.360800e-04 -1.511321e-04 4.567727e-04
      vertex   -1.511321e-04 -1.360800e-04 4.567727e-04
    endloop
  endfacet
  facet normal -3.532011e-01 -2.860166e-01 8.907544e-01
    outer loop
      vertex   -1.857862e-04 -1.672827e-04 4.330127e-04
      vertex   -1.511321e-04 -1.360800e-04 4.567727e-04
      vertex   -2.022542e-04 -1.469463e-04 4.330127e-04
    endloop
  endfacet
  facet normal -3.532011e-01 -2.860166e-01 8.907544e-01
    outer loop
      vertex   -2.022542e-04 -1.469463e-04 4.330127e-04
      vertex   -1.511321e-04 -1.360800e-04 4.567727e-04
      vertex   -1.645284e-04 -1.195369e-04 4.567727e-04
    endloop
  endfacet
  facet normal -3.811631e-01 -2.475302e-01 8.907544e-01
    outer loop
      vertex   -2.022542e-04 -1.469463e-04 4.330127e-04
      vertex   -1.645284e-04 -1.195369e-04 4.567727e-04
      vertex   -2.165064e-04 -1.250000e-04 4.330127e-04
    endloop
  endfacet
  facet normal -3.811631e-01 -2.475302e-01 8.907544e-01
    outer loop
      vertex   -2.165064e-04 -1.250000e-04 4.330127e-04
      vertex   -1.645284e-04 -1.195369e-04 4.567727e-04
      vertex   -1.761221e-04 -1.016842e-04 4.567727e-04
    endloop
  endfacet
  facet normal -4.049490e-01 -2.063318e-01 8.907544e-01
    outer loop
      vertex   -2.165064e-04 -1.250000e-04 4.330127e-04
      vertex   -1.761221e-04 -1.016842e-04 4.567727e-04
      vertex   -2.283864e-04 -1.016842e-04 4.330127e-04
    endloop
  endfacet
  facet normal -4.049490e-01 -2.063318e-01 8.907544e-01
    outer loop
      vertex   -2.283864e-04 -1.016842e-04 4.330127e-04
      vertex   -1.761221e-04 -1.016842e-04 4.567727e-04
      vertex   -1.857862e-04 -8.271735e-05 4.567727e-04
    endloop
  endfacet
  facet normal -4.242982e-01 -1.628728e-01 8.907544e-01
    outer loop
      vertex   -2.283864e-04 -1.016842e-04 4.330127e-04
      vertex   -1.857862e-04 -8.271735e-05 4.567727e-04
      vertex   -2.377641e-04 -7.725425e-05 4.330127e-04
    endloop
  endfacet
  facet normal -4.242982e-01 -1.628728e-01 8.907544e-01
    outer loop
      vertex   -2.377641e-04 -7.725425e-05 4.330127e-04
      vertex   -1.857862e-04 -8.271735e-05 4.567727e-04
      vertex   -1.934148e-04 -6.284427e-05 4.567727e-04
    endloop
  endfacet
  facet normal -4.389987e-01 -1.176294e-01 8.907544e-01
    outer loop
      vertex   -2.377641e-04 -7.725425e-05 4.330127e-04
      vertex   -1.934148e-04 -6.284427e-05 4.567727e-04
      vertex   -2.445369e-04 -5.197792e-05 4.330127e-04
    endloop
  endfacet
  facet normal -4.389987e-01 -1.176294e-01 8.907544e-01
    outer loop
      vertex   -2.445369e-04 -5.197792e-05 4.330127e-04
      vertex   -1.934148e-04 -6.284427e-05 4.567727e-04
      vertex   -1.989242e-04 -4.228265e-05 4.567727e-04
    endloop
  endfacet
  facet normal -4.488894e-01 -7.109710e-02 8.907544e-01
    outer loop
      vertex   -2.445369e-04 -5.197792e-05 4.330127e-04
      vertex   -1.989242e-04 -4.228265e-05 4.567727e-04
      vertex   -2.486305e-04 -2.613212e-05 4.330127e-04
    endloop
  endfacet
  facet normal -4.488894e-01 -7.109710e-02 8.907544e-01
    outer loop
      vertex   -2.486305e-04 -2.613212e-05 4.330127e-04
      vertex   -1.989242e-04 -4.228265e-05 4.567727e-04
      vertex   -2.022542e-04 -2.125778e-05 4.567727e-04
    endloop
  endfacet
  facet normal -4.538621e-01 -2.378590e-02 8.907544e-01
    outer loop
      vertex   -2.486305e-04 -2.613212e-05 4.330127e-04
      vertex   -2.022542e-04 -2.125778e-05 4.567727e-04
      vertex   -2.500000e-04 -3.061617e-20 4.330127e-04
    endloop
  endfacet
  facet normal -4.538621e-01 -2.378590e-02 8.907544e-01
    outer loop
      vertex   -2.500000e-04 -3.061617e-20 4.330127e-04
      vertex   -2.022542e-04 -2.125778e-05 4.567727e-04
      vertex   -2.033683e-04 -2.490544e-20 4.567727e-04
    endloop
  endfacet
  facet normal -4.538621e-01 2.378590e-02 8.907544e-01
    outer loop
      vertex   -2.500000e-04 -3.061617e-20 4.330127e-04
      vertex   -2.033683e-04 -2.490544e-20 4.567727e-04
      vertex   -2.486305e-04 2.613212e-05 4.330127e-04
    endloop
  endfacet
  facet normal -4.538621e-01 2.378590e-02 8.907544e-01
    outer loop
      vertex   -2.486305e-04 2.613212e-05 4.330127e-04
      vertex   -2.033683e-04 -2.490544e-20 4.567727e-04
      vertex   -2.022542e-04 2.125778e-05 4.567727e-04
    endloop
  endfacet
  facet normal -4.488894e-01 7.109710e-02 8.907544e-01
    outer loop
      vertex   -2.486305e-04 2.613212e-05 4.330127e-04
      vertex   -2.022542e-04 2.125778e-05 4.567727e-04
      vertex   -2.445369e-04 5.197792e-05 4.330127e-04
    endloop
  endfacet
  facet normal -4.488894e-01 7.109710e-02 8.907544e-01
    outer loop
      vertex   -2.445369e-04 5.197792e-05 4.330127e-04
      vertex   -2.022542e-04 2.125778e-05 4.567727e-04
      vertex   -1.989242e-04 4.228265e-05 4.567727e-04
    endloop
  endfacet
  facet normal -4.389987e-01 1.176294e-01 8.907544e-01
    outer loop
      vertex   -2.445369e-04 5.197792e-05 4.330127e-04
      vertex   -1.989242e-04 4.228265e-05 4.567727e-04
      vertex   -2.377641e-04 7.725425e-05 4.330127e-04
    endloop
  endfacet
  facet normal -4.389987e-01 1.176294e-01 8.907544e-01
    outer loop
      vertex   -2.377641e-04 7.725425e-05 4.330127e-04
      vertex   -1.989242e-04 4.228265e-05 4.567727e-04
      vertex   -1.934148e-04 6.284427e-05 4.567727e-04
    endloop
  endfacet
  facet normal -4.242982e-01 1.628728e-01 8.907544e-01
    outer loop
      vertex   -2.377641e-04 7.725425e-05 4.330127e-04
      vertex   -1.934148e-04 6.284427e-05 4.567727e-04
      vertex   -2.283864e-04 1.016842e-04 4.330127e-04
    endloop
  endfacet
  facet normal -4.242982e-01 1.628728e-01 8.907544e-01
    outer loop
      vertex   -2.283864e-04 1.016842e-04 4.330127e-04
      vertex   -1.934148e-04 6.284427e-05 4.567727e-04
      vertex   -1.857862e-04 8.271735e-05 4.567727e-04
    endloop
  endfacet
  facet normal -4.049490e-01 2.063318e-01 8.907544e-01
    outer loop
      vertex   -2.283864e-04 1.016842e-04 4.330127e-04
      vertex   -1.857862e-04 8.271735e-05 4.567727e-04
      vertex   -2.165064e-04 1.250000e-04 4.330127e-04
    endloop
  endfacet
  facet normal -4.049490e-01 2.063318e-01 8.907544e-01
    outer loop
      vertex   -2.165064e-04 1.250000e-04 4.330127e-04
      vertex   -1.857862e-04 8.271735e-05 4.567727e-04
      vertex   -1.761221e-04 1.016842e-04 4.567727e-04
    endloop
  endfacet
  facet normal -3.811631e-01 2.475302e-01 8.907544e-01
    outer loop
      vertex   -2.165064e-04 1.250000e-04 4.330127e-04
      vertex   -1.761221e-04 1.016842e-04 4.567727e-04
      vertex   -2.022542e-04 1.469463e-04 4.330127e-04
    endloop
  endfacet
  facet normal -3.811631e-01 2.475302e-01 8.907544e-01
    outer loop
      vertex   -2.022542e-04 1.469463e-04 4.330127e-04
      vertex   -1.761221e-04 1.016842e-04 4.567727e-04
      vertex   -1.645284e-04 1.195369e-04 4.567727e-04
    endloop
  endfacet
  facet normal -3.532011e-01 2.860166e-01 8.907544e-01
    outer loop
      vertex   -2.022542e-04 1.469463e-04 4.330127e-04
      vertex   -1.645284e-04 1.195369e-04 4.567727e-04
      vertex   -1.857862e-04 1.672827e-04 4.330127e-04
    endloop
  endfacet
  facet normal -3.532011e-01 2.860166e-01 8.907544e-01
    outer loop
      vertex   -1.857862e-04 1.672827e-04 4.330127e-04
      vertex   -1.645284e-04 1.195369e-04 4.567727e-04
      vertex   -1.511321e-04 1.360800e-04 4.567727e-04
    endloop
  endfacet
  facet normal -3.213694e-01 3.213694e-01 8.907544e-01
    outer loop
      vertex   -1.857862e-04 1.672827e-04 4.330127e-04
      vertex   -1.511321e-04 1.360800e-04 4.567727e-04
      vertex   -1.672827e-04 1.857862e-04 4.330127e-04
    endloop
  endfacet
  facet normal -3.213694e-01 3.213694e-01 8.907544e-01
    outer loop
      vertex   -1.672827e-04 1.857862e-04 4.330127e-04
      vertex   -1.511321e-04 1.360800e-04 4.567727e-04
      vertex   -1.360800e-04 1.511321e-04 4.567727e-04
    endloop
  endfacet
  facet normal -2.860166e-01 3.532011e-01 8.907544e-01
    outer loop
      vertex   -1.672827e-04 1.857862e-04 4.330127e-04
      vertex   -1.360800e-04 1.511321e-04 4.567727e-04
      vertex   -1.469463e-04 2.022542e-04 4.330127e-04
    endloop
  endfacet
  facet normal -2.860166e-01 3.532011e-01 8.907544e-01
    outer loop
      vertex   -1.469463e-04 2.022542e-04 4.330127e-04
      vertex   -1.360800e-04 1.511321e-04 4.567727e-04
      vertex   -1.195369e-04 1.645284e-04 4.567727e-04
    endloop
  endfacet
  facet normal -2.475302e-01 3.811631e-01 8.907544e-01
    outer loop
      vertex   -1.469463e-04 2.022542e-04 4.330127e-04
      vertex   -1.195369e-04 1.645284e-04 4.567727e-04
      vertex   -1.250000e-04 2.165064e-04 4.330127e-04
    endloop
  endfacet
  facet normal -2.475302e-01 3.811631e-01 8.907544e-01
    outer loop
      vertex   -1.250000e-04 2.165064e-04 4.330127e-04
      vertex   -1.195369e-04 1.645284e-04 4.567727e-04
      vertex   -1.016842e-04 1.761221e-04 4.567727e-04
    endloop
  endfacet
  facet normal -2.063318e-01 4.049490e-01 8.907544e-01
    outer loop
      vertex   -1.250000e-04 2.165064e-04 4.330127e-04
      vertex   -1.016842e-04 1.761221e-04 4.567727e-04
      vertex   -1.016842e-04 2.283864e-04 4.330127e-04
    endloop
  endfacet
  facet normal -2.063318e-01 4.049490e-01 8.907544e-01
    outer loop
      vertex   -1.016842e-04 2.283864e-04 4.330127e-04
      vertex   -1.016842e-04 1.761221e-04 4.567727e-04
      vertex   -8.271735e-05 1.857862e-04 4.567727e-04
    endloop
  endfacet
  facet normal -1.628728e-01 4.242982e-01 8.907544e-01
    outer loop
      vertex   -1.016842e-04 2.283864e-04 4.330127e-04
      vertex   -8.271735e-05 1.857862e-04 4.567727e-04
      vertex   -7.725425e-05 2.377641e-04 4.330127e-04
    endloop
  endfacet
  facet normal -1.628728e-01 4.242982e-01 8.907544e-01
    outer loop
      vertex   -7.725425e-05 2.377641e-04 4.330127e-04
      vertex   -8.271735e-05 1.857862e-04 4.567727e-04
      vertex   -6.284427e-05 1.934148e-04 4.567727e-04
    endloop
  endfacet
  facet normal -1.176294e-01 4.389987e-01 8.907544e-01
    outer loop
      vertex   -7.725425e-05 2.377641e-04 4.330127e-04
      vertex   -6.284427e-05 1.934148e-04 4.567727e-04
      vertex   -5.197792e-05 2.445369e-04 4.330127e-04
    endloop
  endfacet
  facet normal -1.176294e-01 4.389987e-01 8.907544e-01
    outer loop
      vertex   -5.197792e-05 2.445369e-04 4.330127e-04
      vertex   -6.284427e-05 1.934148e-04 4.567727e-04
      vertex   -4.228265e-05 1.989242e-04 4.567727e-04
    endloop
  endfacet
  facet normal -7.109710e-02 4.488894e-01 8.907544e-01
    outer loop
      vertex   -5.197792e-05 2.445369e-04 4.330127e-04
      vertex   -4.228265e-05 1.989242e-04 4.567727e-04
      vertex   -2.613212e-05 2.486305e-04 4.330127e-04
    endloop
  endfacet
  facet normal -7.109710e-02 4.488894e-01 8.907544e-01
    outer loop
      vertex   -2.613212e-05 2.486305e-04 4.330127e-04
      vertex   -4.228265e-05 1.989242e-04 4.567727e-04
      vertex   -2.125778e-05 2.022542e-04 4.567727e-04
    endloop
  endfacet
  facet normal -2.378590e-02 4.538621e-01 8.907544e-01
    outer loop
      vertex   -2.613212e-05 2.486305e-04 4.330127e-04
      vertex   -2.125778e-05 2.022542e-04 4.567727e-04
      vertex   1.530808e-20 2.500000e-04 4.330127e-04
    endloop
  endfacet
  facet normal -2.378590e-02 4.538621e-01 8.907544e-01
    outer loop
      vertex   1.530808e-20 2.500000e-04 4.330127e-04
      vertex   -2.125778e-05 2.022542e-04 4.567727e-04
      vertex   1.245272e-20 2.033683e-04 4.567727e-04
    endloop
  endfacet
  facet normal 2.378590e-02 4.538621e-01 8.907544e-01
    outer loop
      vertex   1.530808e-20 2.500000e-04 4.330127e-04
      vertex   1.245272e-20 2.033683e-04 4.567727e-04
      vertex   2.613212e-05 2.486305e-04 4.330127e-04
    endloop
  endfacet
  facet normal 2.378590e-02 4.538621e-01 8.907544e-01
    outer loop
      vertex   2.613212e-05 2.486305e-04 4.330127e-04
      vertex   1.245272e-20 2.033683e-04 4.567727e-04
      vertex   2.125778e-05 2.022542e-04 4.567727e-04
    endloop
  endfacet
  facet normal 7.109710e-02 4.488894e-01 8.907544e-01
    outer loop
      vertex   2.613212e-05 2.486305e-04 4.330127e-04
      vertex   2.125778e-05 2.022542e-04 4.567727e-04
      vertex   5.197792e-05 2.445369e-04 4.330127e-04
    endloop
  endfacet
  facet normal 7.109710e-02 4.488894e-01 8.907544e-01
    outer loop
      vertex   5.197792e-05 2.445369e-04 4.330127e-04
      vertex   2.125778e-05 2.022542e-04 4.567727e-04
      vertex   4.228265e-05 1.989242e-04 4.567727e-04
    endloop
  endfacet
  facet normal 1.176294e-01 4.389987e-01 8.907544e-01
    outer loop
      vertex   5.197792e-05 2.445369e-04 4.330127e-04
      vertex   4.228265e-05 1.989242e-04 4.567727e-04
      vertex   7.725425e-05 2.377641e-04 4.330127e-04
    endloop
  endfacet
  facet normal 1.176294e-01 4.389987e-01 8.907544e-01
    outer loop
      vertex   7.725425e-05 2.377641e-04 4.330127e-04
      vertex   4.228265e-05 1.989242e-04 4.567727e-04
      vertex   6.284427e-05 1.934148e-04 4.567727e-04
    endloop
  endfacet
  facet normal 1.628728e-01 4.242982e-01 8.907544e-01
    outer loop
      vertex   7.725425e-05 2.377641e-04 4.330127e-04
      vertex   6.284427e-05 1.934148e-04 4.567727e-04
      vertex   1.016842e-04 2.283864e-04 4.330127e-04
    endloop
  endfacet
  facet normal 1.628728e-01 4.242982e-01 8.907544e-01
    outer loop
      vertex   1.016842e-04 2.283864e-04 4.330127e-04
      vertex   6.284427e-05 1.934148e-04 4.567727e-04
      vertex   8.271735e-05 1.857862e-04 4.567727e-04
    endloop
  endfacet
  facet normal 2.063318e-01 4.049490e-01 8.907544e-01
    outer loop
      vertex   1.016842e-04 2.283864e-04 4.330127e-04
      vertex   8.271735e-05 1.857862e-04 4.567727e-04
      vertex   1.250000e-04 2.165064e-04 4.330127e-04
    endloop
  endfacet
  facet normal 2.063318e-01 4.049490e-01 8.907544e-01
    outer loop
      vertex   1.250000e-04 2.165064e-04 4.330127e-04
      vertex   8.271735e-05 1.857862e-04 4.567727e-04
      vertex   1.016842e-04 1.761221e-04 4.567727e-04
    endloop
  endfacet
  facet normal 2.475302e-01 3.811631e-01 8.907544e-01
    outer loop
      vertex   1.250000e-04 2.165064e-04 4.330127e-04
      vertex   1.016842e-04 1.761221e-04 4.567727e-04
      vertex   1.469463e-04 2.022542e-04 4.330127e-04
    endloop
  endfacet
  facet normal 2.475302e-01 3.811631e-01 8.907544e-01
    outer loop
      vertex   1.469463e-04 2.022542e-04 4.330127e-04
      vertex   1.016842e-04 1.761221e-04 4.567727e-04
      vertex   1.195369e-04 1.645284e-04 4.567727e-04
    endloop
  endfacet
  facet normal 2.860166e-01 3.532011e-01 8.907544e-01
    outer loop
      vertex   1.469463e-04 2.022542e-04 4.330127e-04
      vertex   1.195369e-04 1.645284e-04 4.567727e-04
      vertex   1.672827e-04 1.857862e-04 4.330127e-04
    endloop
  endfacet
  facet normal 2.860166e-01 3.532011e-01 8.907544e-01
    outer loop
      vertex   1.672827e-04 1.857862e-04 4.330127e-04
      vertex   1.195369e-04 1.645284e-04 4.567727e-04
      vertex   1.360800e-04 1.511321e-04 4.567727e-04
    endloop
  endfacet
  facet normal 3.213694e-01 3.213694e-01 8.907544e-01
    outer loop
      vertex   1.672827e-04 1.857862e-04 4.330127e-04
      vertex   1.360800e-04 1.511321e-04 4.567727e-04
      vertex   1.857862e-04 1.672827e-04 4.330127e-04
    endloop
  endfacet
  facet normal 3.213694e-01 3.213694e-01 8.907544e-01
    outer loop
      vertex   1.857862e-04 1.672827e-04 4.330127e-04
      vertex   1.360800e-04 1.511321e-04 4.567727e-04
      vertex   1.511321e-04 1.360800e-04 4.567727e-04
    endloop
  endfacet
  facet normal 3.532011e-01 2.860166e-01 8.907544e-01
    outer loop
      vertex   1.857862e-04 1.672827e-04 4.330127e-04
      vertex   1.511321e-04 1.360800e-04 4.567727e-04
      vertex   2.022542e-04 1.469463e-04 4.330127e-04
    endloop
  endfacet
  facet normal 3.532011e-01 2.860166e-01 8.907544e-01
    outer loop
      vertex   2.022542e-04 1.469463e-04 4.330127e-04
      vertex   1.511321e-04 1.360800e-04 4.567727e-04
      vertex   1.645284e-04 1.195369e-04 4.567727e-04
    endloop
  endfacet
  facet normal 3.811631e-01 2.475302e-01 8.907544e-01
    outer loop
      vertex   2.022542e-04 1.469463e-04 4.330127e-04
      vertex   1.645284e-04 1.195369e-04 4.567727e-04
      vertex   2.165064e-04 1.250000e-04 4.330127e-04
    endloop
  endfacet
  facet normal 3.811631e-01 2.475302e-01 8.907544e-01
    outer loop
      vertex   2.165064e-04 1.250000e-04 4.330127e-04
      vertex   1.645284e-04 1.195369e-04 4.567727e-04
      vertex   1.761221e-04 1.016842e-04 4.567727e-04
    endloop
  endfacet
  facet normal 4.049490e-01 2.063318e-01 8.907544e-01
    outer loop
      vertex   2.165064e-04 1.250000e-04 4.330127e-04
      vertex   1.761221e-04 1.016842e-04 4.567727e-04
      vertex   2.283864e-04 1.016842e-04 4.330127e-04
    endloop
  endfacet
  facet normal 4.049490e-01 2.063318e-01 8.907544e-01
    outer loop
      vertex   2.283864e-04 1.016842e-04 4.330127e-04
      vertex   1.761221e-04 1.016842e-04 4.567727e-04
      vertex   1.857862e-04 8.271735e-05 4.567727e-04
    endloop
  endfacet
  facet normal 4.242982e-01 1.628728e-01 8.907544e-01
    outer loop
      vertex   2.283864e-04 1.016842e-04 4.330127e-04
      vertex   1.857862e-04 8.271735e-05 4.567727e-04
      vertex   2.377641e-04 7.725425e-05 4.330127e-04
    endloop
  endfacet
  facet normal 4.242982e-01 1.628728e-01 8.907544e-01
    outer loop
      vertex   2.377641e-04 7.725425e-05 4.330127e-04
      vertex   1.857862e-04 8.271735e-05 4.567727e-04
      vertex   1.934148e-04 6.284427e-05 4.567727e-04
    endloop
  endfacet
  facet normal 4.389987e-01 1.176294e-01 8.907544e-01
    outer loop
      vertex   2.377641e-04 7.725425e-05 4.330127e-04
      vertex   1.934148e-04 6.284427e-05 4.567727e-04
      vertex   2.445369e-04 5.197792e-05 4.330127e-04
    endloop
  endfacet
  facet normal 4.389987e-01 1.176294e-01 8.907544e-01
    outer loop
      vertex   2.445369e-04 5.197792e-05 4.330127e-04
      vertex   1.934148e-04 6.284427e-05 4.567727e-04
      vertex   1.989242e-04 4.228265e-05 4.567727e-04
    endloop
  endfacet
  facet normal 4.488894e-01 7.109710e-02 8.907544e-01
    outer loop
      vertex   2.445369e-04 5.197792e-05 4.330127e-04
      vertex   1.989242e-04 4.228265e-05 4.567727e-04
      vertex   2.486305e-04 2.613212e-05 4.330127e-04
    endloop
  endfacet
  facet normal 4.488894e-01 7.109710e-02 8.907544e-01
    outer loop
      vertex   2.486305e-04 2.613212e-05 4.330127e-04
      vertex   1.989242e-04 4.228265e-05 4.567727e-04
      vertex   2.022542e-04 2.125778e-05 4.567727e-04
    endloop
  endfacet
  facet normal 4.538621e-01 2.378590e-02 8.907544e-01
    outer loop
      vertex   2.486305e-04 2.613212e-05 4.330127e-04
      vertex   2.022542e-04 2.125778e-05 4.567727e-04
      vertex   2.500000e-04 0.000000e+00 4.330127e-04
    endloop
  endfacet
  facet normal 4.538621e-01 2.378590e-02 8.907544e-01
    outer loop
      vertex   2.500000e-04 0.000000e+00 4.330127e-04
      vertex   2.022542e-04 2.125778e-05 4.567727e-04
      vertex   2.033683e-04 0.000000e+00 4.567727e-04
    endloop
  endfacet
  facet normal 3.583048e-01 -1.877796e-02 9.334158e-01
    outer loop
      vertex   2.033683e-04 0.000000e+00 4.567727e-04
      vertex   1.545085e-04 0.000000e+00 4.755283e-04
      vertex   2.022542e-04 -2.125778e-05 4.567727e-04
    endloop
  endfacet
  facet normal 3.583048e-01 -1.877796e-02 9.334158e-01
    outer loop
      vertex   2.022542e-04 -2.125778e-05 4.567727e-04
      vertex   1.545085e-04 0.000000e+00 4.755283e-04
      vertex   1.536621e-04 -1.615054e-05 4.755283e-04
    endloop
  endfacet
  facet normal 3.543791e-01 -5.612814e-02 9.334158e-01
    outer loop
      vertex   2.022542e-04 -2.125778e-05 4.567727e-04
      vertex   1.536621e-04 -1.615054e-05 4.755283e-04
      vertex   1.989242e-04 -4.228265e-05 4.567727e-04
    endloop
  endfacet
  facet normal 3.543791e-01 -5.612814e-02 9.334158e-01
    outer loop
      vertex   1.989242e-04 -4.228265e-05 4.567727e-04
      vertex   1.536621e-04 -1.615054e-05 4.755283e-04
      vertex   1.511321e-04 -3.212412e-05 4.755283e-04
    endloop
  endfacet
  facet normal 3.465708e-01 -9.286336e-02 9.334158e-01
    outer loop
      vertex   1.989242e-04 -4.228265e-05 4.567727e-04
      vertex   1.511321e-04 -3.212412e-05 4.755283e-04
      vertex   1.934148e-04 -6.284427e-05 4.567727e-04
    endloop
  endfacet
  facet normal 3.465708e-01 -9.286336e-02 9.334158e-01
    outer loop
      vertex   1.934148e-04 -6.284427e-05 4.567727e-04
      vertex   1.511321e-04 -3.212412e-05 4.755283e-04
      vertex   1.469463e-04 -4.774575e-05 4.755283e-04
    endloop
  endfacet
  facet normal 3.349654e-01 -1.285812e-01 9.334158e-01
    outer loop
      vertex   1.934148e-04 -6.284427e-05 4.567727e-04
      vertex   1.469463e-04 -4.774575e-05 4.755283e-04
      vertex   1.857862e-04 -8.271735e-05 4.567727e-04
    endloop
  endfacet
  facet normal 3.349654e-01 -1.285812e-01 9.334158e-01
    outer loop
      vertex   1.857862e-04 -8.271735e-05 4.567727e-04
      vertex   1.469463e-04 -4.774575e-05 4.755283e-04
      vertex   1.411505e-04 -6.284427e-05 4.755283e-04
    endloop
  endfacet
  facet normal 3.196900e-01 -1.628902e-01 9.334158e-01
    outer loop
      vertex   1.857862e-04 -8.271735e-05 4.567727e-04
      vertex   1.411505e-04 -6.284427e-05 4.755283e-04
      vertex   1.761221e-04 -1.016842e-04 4.567727e-04
    endloop
  endfacet
  facet normal 3.196900e-01 -1.628902e-01 9.334158e-01
    outer loop
      vertex   1.761221e-04 -1.016842e-04 4.567727e-04
      vertex   1.411505e-04 -6.284427e-05 4.755283e-04
      vertex   1.338083e-04 -7.725425e-05 4.755283e-04
    endloop
  endfacet
  facet normal 3.009120e-01 -1.954146e-01 9.334158e-01
    outer loop
      vertex   1.761221e-04 -1.016842e-04 4.567727e-04
      vertex   1.338083e-04 -7.725425e-05 4.755283e-04
      vertex   1.645284e-04 -1.195369e-04 4.567727e-04
    endloop
  endfacet
  facet normal 3.009120e-01 -1.954146e-01 9.334158e-01
    outer loop
      vertex   1.645284e-04 -1.195369e-04 4.567727e-04
      vertex   1.338083e-04 -7.725425e-05 4.755283e-04
      vertex   1.250000e-04 -9.081782e-05 4.755283e-04
    endloop
  endfacet
  facet normal 2.788372e-01 -2.257979e-01 9.334158e-01
    outer loop
      vertex   1.645284e-04 -1.195369e-04 4.567727e-04
      vertex   1.250000e-04 -9.081782e-05 4.755283e-04
      vertex   1.511321e-04 -1.360800e-04 4.567727e-04
    endloop
  endfacet
  facet normal 2.788372e-01 -2.257979e-01 9.334158e-01
    outer loop
      vertex   1.511321e-04 -1.360800e-04 4.567727e-04
      vertex   1.250000e-04 -9.081782e-05 4.755283e-04
      vertex   1.148222e-04 -1.033864e-04 4.755283e-04
    endloop
  endfacet
  facet normal 2.537074e-01 -2.537074e-01 9.334158e-01
    outer loop
      vertex   1.511321e-04 -1.360800e-04 4.567727e-04
      vertex   1.148222e-04 -1.033864e-04 4.755283e-04
      vertex   1.360800e-04 -1.511321e-04 4.567727e-04
    endloop
  endfacet
  facet normal 2.537074e-01 -2.537074e-01 9.334158e-01
    outer loop
      vertex   1.360800e-04 -1.511321e-04 4.567727e-04
      vertex   1.148222e-04 -1.033864e-04 4.755283e-04
      vertex   1.033864e-04 -1.148222e-04 4.755283e-04
    endloop
  endfacet
  facet normal 2.257979e-01 -2.788372e-01 9.334158e-01
    outer loop
      vertex   1.360800e-04 -1.511321e-04 4.567727e-04
      vertex   1.033864e-04 -1.148222e-04 4.755283e-04
      vertex   1.195369e-04 -1.645284e-04 4.567727e-04
    endloop
  endfacet
  facet normal 2.257979e-01 -2.788372e-01 9.334158e-01
    outer loop
      vertex   1.195369e-04 -1.645284e-04 4.567727e-04
      vertex   1.033864e-04 -1.148222e-04 4.755283e-04
      vertex   9.081782e-05 -1.250000e-04 4.755283e-04
    endloop
  endfacet
  facet normal 1.954146e-01 -3.009120e-01 9.334158e-01
    outer loop
      vertex   1.195369e-04 -1.645284e-04 4.567727e-04
      vertex   9.081782e-05 -1.250000e-04 4.755283e-04
      vertex   1.016842e-04 -1.761221e-04 4.567727e-04
    endloop
  endfacet
  facet normal 1.954146e-01 -3.009120e-01 9.334158e-01
    outer loop
      vertex   1.016842e-04 -1.761221e-04 4.567727e-04
      vertex   9.081782e-05 -1.250000e-04 4.755283e-04
      vertex   7.725425e-05 -1.338083e-04 4.755283e-04
    endloop
  endfacet
  facet normal 1.628902e-01 -3.196900e-01 9.334158e-01
    outer loop
      vertex   1.016842e-04 -1.761221e-04 4.567727e-04
      vertex   7.725425e-05 -1.338083e-04 4.755283e-04
      vertex   8.271735e-05 -1.857862e-04 4.567727e-04
    endloop
  endfacet
  facet normal 1.628902e-01 -3.196900e-01 9.334158e-01
    outer loop
      vertex   8.271735e-05 -1.857862e-04 4.567727e-04
      vertex   7.725425e-05 -1.338083e-04 4.755283e-04
      vertex   6.284427e-05 -1.411505e-04 4.755283e-04
    endloop
  endfacet
  facet normal 1.285812e-01 -3.349654e-01 9.334158e-01
    outer loop
      vertex   8.271735e-05 -1.857862e-04 4.567727e-04
      vertex   6.284427e-05 -1.411505e-04 4.755283e-04
      vertex   6.284427e-05 -1.934148e-04 4.567727e-04
    endloop
  endfacet
  facet normal 1.285812e-01 -3.349654e-01 9.334158e-01
    outer loop
      vertex   6.284427e-05 -1.934148e-04 4.567727e-04
      vertex   6.284427e-05 -1.411505e-04 4.755283e-04
      vertex   4.774575e-05 -1.469463e-04 4.755283e-04
    endloop
  endfacet
  facet normal 9.286336e-02 -3.465708e-01 9.334158e-01
    outer loop
      vertex   6.284427e-05 -1.934148e-04 4.567727e-04
      vertex   4.774575e-05 -1.469463e-04 4.755283e-04
      vertex   4.228265e-05 -1.989242e-04 4.567727e-04
    endloop
  endfacet
  facet normal 9.286336e-02 -3.465708e-01 9.334158e-01
    outer loop
      vertex   4.228265e-05 -1.989242e-04 4.567727e-04
      vertex   4.774575e-05 -1.469463e-04 4.755283e-04
      vertex   3.212412e-05 -1.511321e-04 4.755283e-04
    endloop
  endfacet
  facet normal 5.612814e-02 -3.543791e-01 9.334158e-01
    outer loop
      vertex   4.228265e-05 -1.989242e-04 4.567727e-04
      vertex   3.212412e-05 -1.511321e-04 4.755283e-04
      vertex   2.125778e-05 -2.022542e-04 4.567727e-04
    endloop
  endfacet
  facet normal 5.612814e-02 -3.543791e-01 9.334158e-01
    outer loop
      vertex   2.125778e-05 -2.022542e-04 4.567727e-04
      vertex   3.212412e-05 -1.511321e-04 4.755283e-04
      vertex   1.615054e-05 -1.536621e-04 4.755283e-04
    endloop
  endfacet
  facet normal 1.877796e-02 -3.583048e-01 9.334158e-01
    outer loop
      vertex   2.125778e-05 -2.022542e-04 4.567727e-04
      vertex   1.615054e-05 -1.536621e-04 4.755283e-04
      vertex   1.245272e-20 -2.033683e-04 4.567727e-04
    endloop
  endfacet
  facet normal 1.877796e-02 -3.583048e-01 9.334158e-01
    outer loop
      vertex   1.245272e-20 -2.033683e-04 4.567727e-04
      vertex   1.615054e-05 -1.536621e-04 4.755283e-04
      vertex   9.460917e-21 -1.545085e-04 4.755283e-04
    endloop
  endfacet
  facet normal -1.877796e-02 -3.583048e-01 9.334158e-01
    outer loop
      vertex   1.245272e-20 -2.033683e-04 4.567727e-04
      vertex   9.460917e-21 -1.545085e-04 4.755283e-04
      vertex   -2.125778e-05 -2.022542e-04 4.567727e-04
    endloop
  endfacet
  facet normal -1.877796e-02 -3.583048e-01 9.334158e-01
    outer loop
      vertex   -2.125778e-05 -2.022542e-04 4.567727e-04
      vertex   9.460917e-21 -1.545085e-04 4.755283e-04
      vertex   -1.615054e-05 -1.536621e-04 4.755283e-04
    endloop
  endfacet
  facet normal -5.612814e-02 -3.543791e-01 9.334158e-01
    outer loop
      vertex   -2.125778e-05 -2.022542e-04 4.567727e-04
      vertex   -1.615054e-05 -1.536621e-04 4.755283e-04
      vertex   -4.228265e-05 -1.989242e-04 4.567727e-04
    endloop
  endfacet
  facet normal -5.612814e-02 -3.543791e-01 9.334158e-01
    outer loop
      vertex   -4.228265e-05 -1.989242e-04 4.567727e-04
      vertex   -1.615054e-05 -1.536621e-04 4.755283e-04
      vertex   -3.212412e-05 -1.511321e-04 4.755283e-04
    endloop
  endfacet
  facet normal -9.286336e-02 -3.465708e-01 9.334158e-01
    outer loop
      vertex   -4.228265e-05 -1.989242e-04 4.567727e-04
      vertex   -3.212412e-05 -1.511321e-04 4.755283e-04
      vertex   -6.284427e-05 -1.934148e-04 4.567727e-04
    endloop
  endfacet
  facet normal -9.286336e-02 -3.465708e-01 9.334158e-01
    outer loop
      vertex   -6.284427e-05 -1.934148e-04 4.567727e-04
      vertex   -3.212412e-05 -1.511321e-04 4.755283e-04
      vertex   -4.774575e-05 -1.469463e-04 4.755283e-04
    endloop
  endfacet
  facet normal -1.285812e-01 -3.349654e-01 9.334158e-01
    outer loop
      vertex   -6.284427e-05 -1.934148e-04 4.567727e-04
      vertex   -4.774575e-05 -1.469463e-04 4.755283e-04
      vertex   -8.271735e-05 -1.857862e-04 4.567727e-04
    endloop
  endfacet
  facet normal -1.285812e-01 -3.349654e-01 9.334158e-01
    outer loop
      vertex   -8.271735e-05 -1.857862e-04 4.567727e-04
      vertex   -4.774575e-05 -1.469463e-04 4.755283e-04
      vertex   -6.284427e-05 -1.411505e-04 4.755283e-04
    endloop
  endfacet
  facet normal -1.628902e-01 -3.196900e-01 9.334158e-01
    outer loop
      vertex   -8.271735e-05 -1.857862e-04 4.567727e-04
      vertex   -6.284427e-05 -1.411505e-04 4.755283e-04
      vertex   -1.016842e-04 -1.761221e-04 4.567727e-04
    endloop
  endfacet
  facet normal -1.628902e-01 -3.196900e-01 9.334158e-01
    outer loop
      vertex   -1.016842e-04 -1.761221e-04 4.567727e-04
      vertex   -6.284427e-05 -1.411505e-04 4.755283e-04
      vertex   -7.725425e-05 -1.338083e-04 4.755283e-04
    endloop
  endfacet
  facet normal -1.954146e-01 -3.009120e-01 9.334158e-01
    outer loop
      vertex   -1.016842e-04 -1.761221e-04 4.567727e-04
      vertex   -7.725425e-05 -1.338083e-04 4.755283e-04
      vertex   -1.195369e-04 -1.645284e-04 4.567727e-04
    endloop
  endfacet
  facet normal -1.954146e-01 -3.009120e-01 9.334158e-01
    outer loop
      vertex   -1.195369e-04 -1.645284e-04 4.567727e-04
      vertex   -7.725425e-05 -1.338083e-04 4.755283e-04
      vertex   -9.081782e-05 -1.250000e-04 4.755283e-04
    endloop
  endfacet
  facet normal -2.257979e-01 -2.788372e-01 9.334158e-01
    outer loop
      vertex   -1.195369e-04 -1.645284e-04 4.567727e-04
      vertex   -9.081782e-05 -1.250000e-04 4.755283e-04
      vertex   -1.360800e-04 -1.511321e-04 4.567727e-04
    endloop
  endfacet
  facet normal -2.257979e-01 -2.788372e-01 9.334158e-01
    outer loop
      vertex   -1.360800e-04 -1.511321e-04 4.567727e-04
      vertex   -9.081782e-05 -1.250000e-04 4.755283e-04
      vertex   -1.033864e-04 -1.148222e-04 4.755283e-04
    endloop
  endfacet
  facet normal -2.537074e-01 -2.537074e-01 9.334158e-01
    outer loop
      vertex   -1.360800e-04 -1.511321e-04 4.567727e-04
      vertex   -1.033864e-04 -1.148222e-04 4.755283e-04
      vertex   -1.511321e-04 -1.360800e-04 4.567727e-04
    endloop
  endfacet
  facet normal -2.537074e-01 -2.537074e-01 9.334158e-01
    outer loop
      vertex   -1.511321e-04 -1.360800e-04 4.567727e-04
      vertex   -1.033864e-04 -1.148222e-04 4.755283e-04
      vertex   -1.148222e-04 -1.033864e-04 4.755283e-04
    endloop
  endfacet
  facet normal -2.788372e-01 -2.257979e-01 9.334158e-01
    outer loop
      vertex   -1.511321e-04 -1.360800e-04 4.567727e-04
      vertex   -1.148222e-04 -1.033864e-04 4.755283e-04
      vertex   -1.645284e-04 -1.195369e-04 4.567727e-04
    endloop
  endfacet
  facet normal -2.788372e-01 -2.257979e-01 9.334158e-01
    outer loop
      vertex   -1.645284e-04 -1.195369e-04 4.567727e-04
      vertex   -1.148222e-04 -1.033864e-04 4.755283e-04
      vertex   -1.250000e-04 -9.081782e-05 4.755283e-04
    endloop
  endfacet
  facet normal -3.009120e-01 -1.954146e-01 9.334158e-01
    outer loop
      vertex   -1.645284e-04 -1.195369e-04 4.567727e-04
      vertex   -1.250000e-04 -9.081782e-05 4.755283e-04
      vertex   -1.761221e-04 -1.016842e-04 4.567727e-04
    endloop
  endfacet
  facet normal -3.009120e-01 -1.954146e-01 9.334158e-01
    outer loop
      vertex   -1.761221e-04 -1.016842e-04 4.567727e-04
      vertex   -1.250000e-04 -9.081782e-05 4.755283e-04
      vertex   -1.338083e-04 -7.725425e-05 4.755283e-04
    endloop
  endfacet
  facet normal -3.196900e-01 -1.628902e-01 9.334158e-01
    outer loop
      vertex   -1.761221e-04 -1.016842e-04 4.567727e-04
      vertex   -1.338083e-04 -7.725425e-05 4.755283e-04
      vertex   -1.857862e-04 -8.271735e-05 4.567727e-04
    endloop
  endfacet
  facet normal -3.196900e-01 -1.628902e-01 9.334158e-01
    outer loop
      vertex   -1.857862e-04 -8.271735e-05 4.567727e-04
      vertex   -1.338083e-04 -7.725425e-05 4.755283e-04
      vertex   -1.411505e-04 -6.284427e-05 4.755283e-04
    endloop
  endfacet
  facet normal -3.349654e-01 -1.285812e-01 9.334158e-01
    outer loop
      vertex   -1.857862e-04 -8.271735e-05 4.567727e-04
      vertex   -1.411505e-04 -6.284427e-05 4.755283e-04
      vertex   -1.934148e-04 -6.284427e-05 4.567727e-04
    endloop
  endfacet
  facet normal -3.349654e-01 -1.285812e-01 9.334158e-01
    outer loop
      vertex   -1.934148e-04 -6.284427e-05 4.567727e-04
      vertex   -1.411505e-04 -6.284427e-05 4.755283e-04
      vertex   -1.469463e-04 -4.774575e-05 4.755283e-04
    endloop
  endfacet
  facet normal -3.465708e-01 -9.286336e-02 9.334158e-01
    outer loop
      vertex   -1.934148e-04 -6.284427e-05 4.567727e-04
      vertex   -1.469463e-04 -4.774575e-05 4.755283e-04
      vertex   -1.989242e-04 -4.228265e-05 4.567727e-04
    endloop
  endfacet
  facet normal -3.465708e-01 -9.286336e-02 9.334158e-01
    outer loop
      vertex   -1.989242e-04 -4.228265e-05 4.567727e-04
      vertex   -1.469463e-04 -4.774575e-05 4.755283e-04
      vertex   -1.511321e-04 -3.212412e-05 4.755283e-04
    endloop
  endfacet
  facet normal -3.543791e-01 -5.612814e-02 9.334158e-01
    outer loop
      vertex   -1.989242e-04 -4.228265e-05 4.567727e-04
      vertex   -1.511321e-04 -3.212412e-05 4.755283e-04
      vertex   -2.022542e-04 -2.125778e-05 4.567727e-04
    endloop
  endfacet
  facet normal -3.543791e-01 -5.612814e-02 9.334158e-01
    outer loop
      vertex   -2.022542e-04 -2.125778e-05 4.567727e-04
      vertex   -1.511321e-04 -3.212412e-05 4.755283e-04
      vertex   -1.536621e-04 -1.615054e-05 4.755283e-04
    endloop
  endfacet
  facet normal -3.583048e-01 -1.877796e-02 9.334158e-01
    outer loop
      vertex   -2.022542e-04 -2.125778e-05 4.567727e-04
      vertex   -1.536621e-04 -1.615054e-05 4.755283e-04
      vertex   -2.033683e-04 -2.490544e-20 4.567727e-04
    endloop
  endfacet
  facet normal -3.583048e-01 -1.877796e-02 9.334158e-01
    outer loop
      vertex   -2.033683e-04 -2.490544e-20 4.567727e-04
      vertex   -1.536621e-04 -1.615054e-05 4.755283e-04
      vertex   -1.545085e-04 -1.892183e-20 4.755283e-04
    endloop
  endfacet
  facet normal -3.583048e-01 1.877796e-02 9.334158e-01
    outer loop
      vertex   -2.033683e-04 -2.490544e-20 4.567727e-04
      vertex   -1.545085e-04 -1.892183e-20 4.755283e-04
      vertex   -2.022542e-04 2.125778e-05 4.567727e-04
    endloop
  endfacet
  facet normal -3.583048e-01 1.877796e-02 9.334158e-01
    outer loop
      vertex   -2.022542e-04 2.125778e-05 4.567727e-04
      vertex   -1.545085e-04 -1.892183e-20 4.755283e-04
      vertex   -1.536621e-04 1.615054e-05 4.755283e-04
    endloop
  endfacet
  facet normal -3.543791e-01 5.612814e-02 9.334158e-01
    outer loop
      vertex   -2.022542e-04 2.125778e-05 4.567727e-04
      vertex   -1.536621e-04 1.615054e-05 4.755283e-04
      vertex   -1.989242e-04 4.228265e-05 4.567727e-04
    endloop
  endfacet
  facet normal -3.543791e-01 5.612814e-02 9.334158e-01
    outer loop
      vertex   -1.989242e-04 4.228265e-05 4.567727e-04
      vertex   -1.536621e-04 1.615054e-05 4.755283e-04
      vertex   -1.511321e-04 3.212412e-05 4.755283e-04
    endloop
  endfacet
  facet normal -3.465708e-01 9.286336e-02 9.334158e-01
    outer loop
      vertex   -1.989242e-04 4.228265e-05 4.567727e-04
      vertex   -1.511321e-04 3.212412e-05 4.755283e-04
      vertex   -1.934148e-04 6.284427e-05 4.567727e-04
    endloop
  endfacet
  facet normal -3.465708e-01 9.286336e-02 9.334158e-01
    outer loop
      vertex   -1.934148e-04 6.284427e-05 4.567727e-04
      vertex   -1.511321e-04 3.212412e-05 4.755283e-04
      vertex   -1.469463e-04 4.774575e-05 4.755283e-04
    endloop
  endfacet
  facet normal -3.349654e-01 1.285812e-01 9.334158e-01
    outer loop
      vertex   -1.934148e-04 6.284427e-05 4.567727e-04
      vertex   -1.469463e-04 4.774575e-05 4.755283e-04
      vertex   -1.857862e-04 8.271735e-05 4.567727e-04
    endloop
  endfacet
  facet normal -3.349654e-01 1.285812e-01 9.334158e-01
    outer loop
      vertex   -1.857862e-04 8.271735e-05 4.567727e-04
      vertex   -1.469463e-04 4.774575e-05 4.755283e-04
      vertex   -1.411505e-04 6.284427e-05 4.755283e-04
    endloop
  endfacet
  facet normal -3.196900e-01 1.628902e-01 9.334158e-01
    outer loop
      vertex   -1.857862e-04 8.271735e-05 4.567727e-04
      vertex   -1.411505e-04 6.284427e-05 4.755283e-04
      vertex   -1.761221e-04 1.016842e-04 4.567727e-04
    endloop
  endfacet
  facet normal -3.196900e-01 1.628902e-01 9.334158e-01
    outer loop
      vertex   -1.761221e-04 1.016842e-04 4.567727e-04
      vertex   -1.411505e-04 6.284427e-05 4.755283e-04
      vertex   -1.338083e-04 7.725425e-05 4.755283e-04
    endloop
  endfacet
  facet normal -3.009120e-01 1.954146e-01 9.334158e-01
    outer loop
      vertex   -1.761221e-04 1.016842e-04 4.567727e-04
      vertex   -1.338083e-04 7.725425e-05 4.755283e-04
      vertex   -1.645284e-04 1.195369e-04 4.567727e-04
    endloop
  endfacet
  facet normal -3.009120e-01 1.954146e-01 9.334158e-01
    outer loop
      vertex   -1.645284e-04 1.195369e-04 4.567727e-04
      vertex   -1.338083e-04 7.725425e-05 4.755283e-04
      vertex   -1.250000e-04 9.081782e-05 4.755283e-04
    endloop
  endfacet
  facet normal -2.788372e-01 2.257979e-01 9.334158e-01
    outer loop
      vertex   -1.645284e-04 1.195369e-04 4.567727e-04
      vertex   -1.250000e-04 9.081782e-05 4.755283e-04
      vertex   -1.511321e-04 1.360800e-04 4.567727e-04
    endloop
  endfacet
  facet normal -2.788372e-01 2.257979e-01 9.334158e-01
    outer loop
      vertex   -1.511321e-04 1.360800e-04 4.567727e-04
      vertex   -1.250000e-04 9.081782e-05 4.755283e-04
      vertex   -1.148222e-04 1.033864e-04 4.755283e-04
    endloop
  endfacet
  facet normal -2.537074e-01 2.537074e-01 9.334158e-01
    outer loop
      vertex   -1.511321e-04 1.360800e-04 4.567727e-04
      vertex   -1.148222e-04 1.033864e-04 4.755283e-04
      vertex   -1.360800e-04 1.511321e-04 4.567727e-04
    endloop
  endfacet
  facet normal -2.537074e-01 2.537074e-01 9.334158e-01
    outer loop
      vertex   -1.360800e-04 1.511321e-04 4.567727e-04
      vertex   -1.148222e-04 1.033864e-04 4.755283e-04
      vertex   -1.033864e-04 1.148222e-04 4.755283e-04
    endloop
  endfacet
  facet normal -2.257979e-01 2.788372e-01 9.334158e-01
    outer loop
      vertex   -1.360800e-04 1.511321e-04 4.567727e-04
      vertex   -1.033864e-04 1.148222e-04 4.755283e-04
      vertex   -1.195369e-04 1.645284e-04 4.567727e-04
    endloop
  endfacet
  facet normal -2.257979e-01 2.788372e-01 9.334158e-01
    outer loop
      vertex   -1.195369e-04 1.645284e-04 4.567727e-04
      vertex   -1.033864e-04 1.148222e-04 4.755283e-04
      vertex   -9.081782e-05 1.250000e-04 4.755283e-04
    endloop
  endfacet
  facet normal -1.954146e-01 3.009120e-01 9.334158e-01
    outer loop
      vertex   -1.195369e-04 1.645284e-04 4.567727e-04
      vertex   -9.081782e-05 1.250000e-04 4.755283e-04
      vertex   -1.016842e-04 1.761221e-04 4.567727e-04
    endloop
  endfacet
  facet normal -1.954146e-01 3.009120e-01 9.334158e-01
    outer loop
      vertex   -1.016842e-04 1.761221e-04 4.567727e-04
      vertex   -9.081782e-05 1.250000e-04 4.755283e-04
      vertex   -7.725425e-05 1.338083e-04 4.755283e-04
    endloop
  endfacet
  facet normal -1.628902e-01 3.196900e-01 9.334158e-01
    outer loop
      vertex   -1.016842e-04 1.761221e-04 4.567727e-04
      vertex   -7.725425e-05 1.338083e-04 4.755283e-04
      vertex   -8.271735e-05 1.857862e-04 4.567727e-04
    endloop
  endfacet
  facet normal -1.628902e-01 3.196900e-01 9.334158e-01
    outer loop
      vertex   -8.271735e-05 1.857862e-04 4.567727e-04
      vertex   -7.725425e-05 1.338083e-04 4.755283e-04
      vertex   -6.284427e-05 1.411505e-04 4.755283e-04
    endloop
  endfacet
  facet normal -1.285812e-01 3.349654e-01 9.334158e-01
    outer loop
      vertex   -8.271735e-05 1.857862e-04 4.567727e-04
      vertex   -6.284427e-05 1.411505e-04 4.755283e-04
      vertex   -6.284427e-05 1.934148e-04 4.567727e-04
    endloop
  endfacet
  facet normal -1.285812e-01 3.349654e-01 9.334158e-01
    outer loop
      vertex   -6.284427e-05 1.934148e-04 4.567727e-04
      vertex   -6.284427e-05 1.411505e-04 4.755283e-04
      vertex   -4.774575e-05 1.469463e-04 4.755283e-04
    endloop
  endfacet
  facet normal -9.286336e-02 3.465708e-01 9.334158e-01
    outer loop
      vertex   -6.284427e-05 1.934148e-04 4.567727e-04
      vertex   -4.774575e-05 1.469463e-04 4.755283e-04
      vertex   -4.228265e-05 1.989242e-04 4.567727e-04
    endloop
  endfacet
  facet normal -9.286336e-02 3.465708e-01 9.334158e-01
    outer loop
      vertex   -4.228265e-05 1.989242e-04 4.567727e-04
      vertex   -4.774575e-05 1.469463e-04 4.755283e-04
      vertex   -3.212412e-05 1.511321e-04 4.755283e-04
    endloop
  endfacet
  facet normal -5.612814e-02 3.543791e-01 9.334158e-01
    outer loop
      vertex   -4.228265e-05 1.989242e-04 4.567727e-04
      vertex   -3.212412e-05 1.511321e-04 4.755283e-04
      vertex   -2.125778e-05 2.022542e-04 4.567727e-04
    endloop
  endfacet
  facet normal -5.612814e-02 3.543791e-01 9.334158e-01
    outer loop
      vertex   -2.125778e-05 2.022542e-04 4.567727e-04
      vertex   -3.212412e-05 1.511321e-04 4.755283e-04
      vertex   -1.615054e-05 1.536621e-04 4.755283e-04
    endloop
  endfacet
  facet normal -1.877796e-02 3.583048e-01 9.334158e-01
    outer loop
      vertex   -2.125778e-05 2.022542e-04 4.567727e-04
      vertex   -1.615054e-05 1.536621e-04 4.755283e-04
      vertex   1.245272e-20 2.033683e-04 4.567727e-04
    endloop
  endfacet
  facet normal -1.877796e-02 3.583048e-01 9.334158e-01
    outer loop
      vertex   1.245272e-20 2.033683e-04 4.567727e-04
      vertex   -1.615054e-05 1.536621e-04 4.755283e-04
      vertex   9.460917e-21 1.545085e-04 4.755283e-04
    endloop
  endfacet
  facet normal 1.877796e-02 3.583048e-01 9.334158e-01
    outer loop
      vertex   1.245272e-20 2.033683e-04 4.567727e-04
      vertex   9.460917e-21 1.545085e-04 4.755283e-04
      vertex   2.125778e-05 2.022542e-04 4.567727e-04
    endloop
  endfacet
  facet normal 1.877796e-02 3.583048e-01 9.334158e-01
    outer loop
      vertex   2.125778e-05 2.022542e-04 4.567727e-04
      vertex   9.460917e-21 1.545085e-04 4.755283e-04
      vertex   1.615054e-05 1.536621e-04 4.755283e-04
    endloop
  endfacet
  facet normal 5.612814e-02 3.543791e-01 9.334158e-01
    outer loop
      vertex   2.125778e-05 2.022542e-04 4.567727e-04
      vertex   1.615054e-05 1.536621e-04 4.755283e-04
      vertex   4.228265e-05 1.989242e-04 4.567727e-04
    endloop
  endfacet
  facet normal 5.612814e-02 3.543791e-01 9.334158e-01
    outer loop
      vertex   4.228265e-05 1.989242e-04 4.567727e-04
      vertex   1.615054e-05 1.536621e-04 4.755283e-04
      vertex   3.212412e-05 1.511321e-04 4.755283e-04
    endloop
  endfacet
  facet normal 9.286336e-02 3.465708e-01 9.334158e-01
    outer loop
      vertex   4.228265e-05 1.989242e-04 4.567727e-04
      vertex   3.212412e-05 1.511321e-04 4.755283e-04
      vertex   6.284427e-05 1.934148e-04 4.567727e-04
    endloop
  endfacet
  facet normal 9.286336e-02 3.465708e-01 9.334158e-01
    outer loop
      vertex   6.284427e-05 1.934148e-04 4.567727e-04
      vertex   3.212412e-05 1.511321e-04 4.755283e-04
      vertex   4.774575e-05 1.469463e-04 4.755283e-04
    endloop
  endfacet
  facet normal 1.285812e-01 3.349654e-01 9.334158e-01
    outer loop
      vertex   6.284427e-05 1.934148e-04 4.567727e-04
      vertex   4.774575e-05 1.469463e-04 4.755283e-04
      vertex   8.271735e-05 1.857862e-04 4.567727e-04
    endloop
  endfacet
  facet normal 1.285812e-01 3.349654e-01 9.334158e-01
    outer loop
      vertex   8.271735e-05 1.857862e-04 4.567727e-04
      vertex   4.774575e-05 1.469463e-04 4.755283e-04
      vertex   6.284427e-05 1.411505e-04 4.755283e-04
    endloop
  endfacet
  facet normal 1.628902e-01 3.196900e-01 9.334158e-01
    outer loop
      vertex   8.271735e-05 1.857862e-04 4.567727e-04
      vertex   6.284427e-05 1.411505e-04 4.755283e-04
      vertex   1.016842e-04 1.761221e-04 4.567727e-04
    endloop
  endfacet
  facet normal 1.628902e-01 3.196900e-01 9.334158e-01
    outer loop
      vertex   1.016842e-04 1.761221e-04 4.567727e-04
      vertex   6.284427e-05 1.411505e-04 4.755283e-04
      vertex   7.725425e-05 1.338083e-04 4.755283e-04
    endloop
  endfacet
  facet normal 1.954146e-01 3.009120e-01 9.334158e-01
    outer loop
      vertex   1.016842e-04 1.761221e-04 4.567727e-04
      vertex   7.725425e-05 1.338083e-04 4.755283e-04
      vertex   1.195369e-04 1.645284e-04 4.567727e-04
    endloop
  endfacet
  facet normal 1.954146e-01 3.009120e-01 9.334158e-01
    outer loop
      vertex   1.195369e-04 1.645284e-04 4.567727e-04
      vertex   7.725425e-05 1.338083e-04 4.755283e-04
      vertex   9.081782e-05 1.250000e-04 4.755283e-04
    endloop
  endfacet
  facet normal 2.257979e-01 2.788372e-01 9.334158e-01
    outer loop
      vertex   1.195369e-04 1.645284e-04 4.567727e-04
      vertex   9.081782e-05 1.250000e-04 4.755283e-04
      vertex   1.360800e-04 1.511321e-04 4.567727e-04
    endloop
  endfacet
  facet normal 2.257979e-01 2.788372e-01 9.334158e-01
    outer loop
      vertex   1.360800e-04 1.511321e-04 4.567727e-04
      vertex   9.081782e-05 1.250000e-04 4.755283e-04
      vertex   1.033864e-04 1.148222e-04 4.755283e-04
    endloop
  endfacet
  facet normal 2.537074e-01 2.537074e-01 9.334158e-01
    outer loop
      vertex   1.360800e-04 1.511321e-04 4.567727e-04
      vertex   1.033864e-04 1.148222e-04 4.755283e-04
      vertex   1.511321e-04 1.360800e-04 4.567727e-04
    endloop
  endfacet
  facet normal 2.537074e-01 2.537074e-01 9.334158e-01
    outer loop
      vertex   1.511321e-04 1.360800e-04 4.567727e-04
      vertex   1.033864e-04 1.148222e-04 4.755283e-04
      vertex   1.148222e-04 1.033864e-04 4.755283e-04
    endloop
  endfacet
  facet normal 2.788372e-01 2.257979e-01 9.334158e-01
    outer loop
      vertex   1.511321e-04 1.360800e-04 4.567727e-04
      vertex   1.148222e-04 1.033864e-04 4.755283e-04
      vertex   1.645284e-04 1.195369e-04 4.567727e-04
    endloop
  endfacet
  facet normal 2.788372e-01 2.257979e-01 9.334158e-01
    outer loop
      vertex   1.645284e-04 1.195369e-04 4.567727e-04
      vertex   1.148222e-04 1.033864e-04 4.755283e-04
      vertex   1.250000e-04 9.081782e-05 4.755283e-04
    endloop
  endfacet
  facet normal 3.009120e-01 1.954146e-01 9.334158e-01
    outer loop
      vertex   1.645284e-04 1.195369e-04 4.567727e-04
      vertex   1.250000e-04 9.081782e-05 4.755283e-04
      vertex   1.761221e-04 1.016842e-04 4.567727e-04
    endloop
  endfacet
  facet normal 3.009120e-01 1.954146e-01 9.334158e-01
    outer loop
      vertex   1.761221e-04 1.016842e-04 4.567727e-04
      vertex   1.250000e-04 9.081782e-05 4.755283e-04
      vertex   1.338083e-04 7.725425e-05 4.755283e-04
    endloop
  endfacet
  facet normal 3.196900e-01 1.628902e-01 9.334158e-01
    outer loop
      vertex   1.761221e-04 1.016842e-04 4.567727e-04
      vertex   1.338083e-04 7.725425e-05 4.755283e-04
      vertex   1.857862e-04 8.271735e-05 4.567727e-04
    endloop
  endfacet
  facet normal 3.196900e-01 1.628902e-01 9.334158e-01
    outer loop
      vertex   1.857862e-04 8.271735e-05 4.567727e-04
      vertex   1.338083e-04 7.725425e-05 4.755283e-04
      vertex   1.411505e-04 6.284427e-05 4.755283e-04
    endloop
  endfacet
  facet normal 3.349654e-01 1.285812e-01 9.334158e-01
    outer loop
      vertex   1.857862e-04 8.271735e-05 4.567727e-04
      vertex   1.411505e-04 6.284427e-05 4.755283e-04
      vertex   1.934148e-04 6.284427e-05 4.567727e-04
    endloop
  endfacet
  facet normal 3.349654e-01 1.285812e-01 9.334158e-01
    outer loop
      vertex   1.934148e-04 6.284427e-05 4.567727e-04
      vertex   1.411505e-04 6.284427e-05 4.755283e-04
      vertex   1.469463e-04 4.774575e-05 4.755283e-04
    endloop
  endfacet
  facet normal 3.465708e-01 9.286336e-02 9.334158e-01
    outer loop
      vertex   1.934148e-04 6.284427e-05 4.567727e-04
      vertex   1.469463e-04 4.774575e-05 4.755283e-04
      vertex   1.989242e-04 4.228265e-05 4.567727e-04
    endloop
  endfacet
  facet normal 3.465708e-01 9.286336e-02 9.334158e-01
    outer loop
      vertex   1.989242e-04 4.228265e-05 4.567727e-04
      vertex   1.469463e-04 4.774575e-05 4.755283e-04
      vertex   1.511321e-04 3.212412e-05 4.755283e-04
    endloop
  endfacet
  facet normal 3.543791e-01 5.612814e-02 9.334158e-01
    outer loop
      vertex   1.989242e-04 4.228265e-05 4.567727e-04
      vertex   1.511321e-04 3.212412e-05 4.755283e-04
      vertex   2.022542e-04 2.125778e-05 4.567727e-04
    endloop
  endfacet
  facet normal 3.543791e-01 5.612814e-02 9.334158e-01
    outer loop
      vertex   2.022542e-04 2.125778e-05 4.567727e-04
      vertex   1.511321e-04 3.212412e-05 4.755283e-04
      vertex   1.536621e-04 1.615054e-05 4.755283e-04
    endloop
  endfacet
  facet normal 3.583048e-01 1.877796e-02 9.334158e-01
    outer loop
      vertex   2.022542e-04 2.125778e-05 4.567727e-04
      vertex   1.536621e-04 1.615054e-05 4.755283e-04
      vertex   2.033683e-04 0.000000e+00 4.567727e-04
    endloop
  endfacet
  facet normal 3.583048e-01 1.877796e-02 9.334158e-01
    outer loop
      vertex   2.033683e-04 0.000000e+00 4.567727e-04
      vertex   1.536621e-04 1.615054e-05 4.755283e-04
      vertex   1.545085e-04 0.000000e+00 4.755283e-04
    endloop
  endfacet
  facet normal 2.587952e-01 -1.356288e-02 9.658370e-01
    outer loop
      vertex   1.545085e-04 0.000000e+00 4.755283e-04
      vertex   1.039558e-04 0.000000e+00 4.890738e-04
      vertex   1.536621e-04 -1.615054e-05 4.755283e-04
    endloop
  endfacet
  facet normal 2.587952e-01 -1.356288e-02 9.658370e-01
    outer loop
      vertex   1.536621e-04 -1.615054e-05 4.755283e-04
      vertex   1.039558e-04 0.000000e+00 4.890738e-04
      vertex   1.033864e-04 -1.086634e-05 4.890738e-04
    endloop
  endfacet
  facet normal 2.559598e-01 -4.054005e-02 9.658370e-01
    outer loop
      vertex   1.536621e-04 -1.615054e-05 4.755283e-04
      vertex   1.033864e-04 -1.086634e-05 4.890738e-04
      vertex   1.511321e-04 -3.212412e-05 4.755283e-04
    endloop
  endfacet
  facet normal 2.559598e-01 -4.054005e-02 9.658370e-01
    outer loop
      vertex   1.511321e-04 -3.212412e-05 4.755283e-04
      vertex   1.033864e-04 -1.086634e-05 4.890738e-04
      vertex   1.016842e-04 -2.161364e-05 4.890738e-04
    endloop
  endfacet
  facet normal 2.503201e-01 -6.707306e-02 9.658370e-01
    outer loop
      vertex   1.511321e-04 -3.212412e-05 4.755283e-04
      vertex   1.016842e-04 -2.161364e-05 4.890738e-04
      vertex   1.469463e-04 -4.774575e-05 4.755283e-04
    endloop
  endfacet
  facet normal 2.503201e-01 -6.707306e-02 9.658370e-01
    outer loop
      vertex   1.469463e-04 -4.774575e-05 4.755283e-04
      vertex   1.016842e-04 -2.161364e-05 4.890738e-04
      vertex   9.886788e-05 -3.212412e-05 4.890738e-04
    endloop
  endfacet
  facet normal 2.419377e-01 -9.287120e-02 9.658370e-01
    outer loop
      vertex   1.469463e-04 -4.774575e-05 4.755283e-04
      vertex   9.886788e-05 -3.212412e-05 4.890738e-04
      vertex   1.411505e-04 -6.284427e-05 4.755283e-04
    endloop
  endfacet
  facet normal 2.419377e-01 -9.287120e-02 9.658370e-01
    outer loop
      vertex   1.411505e-04 -6.284427e-05 4.755283e-04
      vertex   9.886788e-05 -3.212412e-05 4.890738e-04
      vertex   9.496839e-05 -4.228265e-05 4.890738e-04
    endloop
  endfacet
  facet normal 2.309047e-01 -1.176518e-01 9.658370e-01
    outer loop
      vertex   1.411505e-04 -6.284427e-05 4.755283e-04
      vertex   9.496839e-05 -4.228265e-05 4.890738e-04
      vertex   1.338083e-04 -7.725425e-05 4.755283e-04
    endloop
  endfacet
  facet normal 2.309047e-01 -1.176518e-01 9.658370e-01
    outer loop
      vertex   1.338083e-04 -7.725425e-05 4.755283e-04
      vertex   9.496839e-05 -4.228265e-05 4.890738e-04
      vertex   9.002840e-05 -5.197792e-05 4.890738e-04
    endloop
  endfacet
  facet normal 2.173418e-01 -1.411434e-01 9.658370e-01
    outer loop
      vertex   1.338083e-04 -7.725425e-05 4.755283e-04
      vertex   9.002840e-05 -5.197792e-05 4.890738e-04
      vertex   1.250000e-04 -9.081782e-05 4.755283e-04
    endloop
  endfacet
  facet normal 2.173418e-01 -1.411434e-01 9.658370e-01
    outer loop
      vertex   1.250000e-04 -9.081782e-05 4.755283e-04
      vertex   9.002840e-05 -5.197792e-05 4.890738e-04
      vertex   8.410205e-05 -6.110371e-05 4.890738e-04
    endloop
  endfacet
  facet normal 2.013977e-01 -1.630886e-01 9.658370e-01
    outer loop
      vertex   1.250000e-04 -9.081782e-05 4.755283e-04
      vertex   8.410205e-05 -6.110371e-05 4.890738e-04
      vertex   1.148222e-04 -1.033864e-04 4.755283e-04
    endloop
  endfacet
  facet normal 2.013977e-01 -1.630886e-01 9.658370e-01
    outer loop
      vertex   1.148222e-04 -1.033864e-04 4.755283e-04
      vertex   8.410205e-05 -6.110371e-05 4.890738e-04
      vertex   7.725425e-05 -6.956004e-05 4.890738e-04
    endloop
  endfacet
  facet normal 1.832470e-01 -1.832470e-01 9.658370e-01
    outer loop
      vertex   1.148222e-04 -1.033864e-04 4.755283e-04
      vertex   7.725425e-05 -6.956004e-05 4.890738e-04
      vertex   1.033864e-04 -1.148222e-04 4.755283e-04
    endloop
  endfacet
  facet normal 1.832470e-01 -1.832470e-01 9.658370e-01
    outer loop
      vertex   1.033864e-04 -1.148222e-04 4.755283e-04
      vertex   7.725425e-05 -6.956004e-05 4.890738e-04
      vertex   6.956004e-05 -7.725425e-05 4.890738e-04
    endloop
  endfacet
  facet normal 1.630886e-01 -2.013977e-01 9.658370e-01
    outer loop
      vertex   1.033864e-04 -1.148222e-04 4.755283e-04
      vertex   6.956004e-05 -7.725425e-05 4.890738e-04
      vertex   9.081782e-05 -1.250000e-04 4.755283e-04
    endloop
  endfacet
  facet normal 1.630886e-01 -2.013977e-01 9.658370e-01
    outer loop
      vertex   9.081782e-05 -1.250000e-04 4.755283e-04
      vertex   6.956004e-05 -7.725425e-05 4.890738e-04
      vertex   6.110371e-05 -8.410205e-05 4.890738e-04
    endloop
  endfacet
  facet normal 1.411434e-01 -2.173418e-01 9.658370e-01
    outer loop
      vertex   9.081782e-05 -1.250000e-04 4.755283e-04
      vertex   6.110371e-05 -8.410205e-05 4.890738e-04
      vertex   7.725425e-05 -1.338083e-04 4.755283e-04
    endloop
  endfacet
  facet normal 1.411434e-01 -2.173418e-01 9.658370e-01
    outer loop
      vertex   7.725425e-05 -1.338083e-04 4.755283e-04
      vertex   6.110371e-05 -8.410205e-05 4.890738e-04
      vertex   5.197792e-05 -9.002840e-05 4.890738e-04
    endloop
  endfacet
  facet normal 1.176518e-01 -2.309047e-01 9.658370e-01
    outer loop
      vertex   7.725425e-05 -1.338083e-04 4.755283e-04
      vertex   5.197792e-05 -9.002840e-05 4.890738e-04
      vertex   6.284427e-05 -1.411505e-04 4.755283e-04
    endloop
  endfacet
  facet normal 1.176518e-01 -2.309047e-01 9.658370e-01
    outer loop
      vertex   6.284427e-05 -1.411505e-04 4.755283e-04
      vertex   5.197792e-05 -9.002840e-05 4.890738e-04
      vertex   4.228265e-05 -9.496839e-05 4.890738e-04
    endloop
  endfacet
  facet normal 9.287120e-02 -2.419377e-01 9.658370e-01
    outer loop
      vertex   6.284427e-05 -1.411505e-04 4.755283e-04
      vertex   4.228265e-05 -9.496839e-05 4.890738e-04
      vertex   4.774575e-05 -1.469463e-04 4.755283e-04
    endloop
  endfacet
  facet normal 9.287120e-02 -2.419377e-01 9.658370e-01
    outer loop
      vertex   4.774575e-05 -1.469463e-04 4.755283e-04
      vertex   4.228265e-05 -9.496839e-05 4.890738e-04
      vertex   3.212412e-05 -9.886788e-05 4.890738e-04
    endloop
  endfacet
  facet normal 6.707306e-02 -2.503201e-01 9.658370e-01
    outer loop
      vertex   4.774575e-05 -1.469463e-04 4.755283e-04
      vertex   3.212412e-05 -9.886788e-05 4.890738e-04
      vertex   3.212412e-05 -1.511321e-04 4.755283e-04
    endloop
  endfacet
  facet normal 6.707306e-02 -2.503201e-01 9.658370e-01
    outer loop
      vertex   3.212412e-05 -1.511321e-04 4.755283e-04
      vertex   3.212412e-05 -9.886788e-05 4.890738e-04
      vertex   2.161364e-05 -1.016842e-04 4.890738e-04
    endloop
  endfacet
  facet normal 4.054005e-02 -2.559598e-01 9.658370e-01
    outer loop
      vertex   3.212412e-05 -1.511321e-04 4.755283e-04
      vertex   2.161364e-05 -1.016842e-04 4.890738e-04
      vertex   1.615054e-05 -1.536621e-04 4.755283e-04
    endloop
  endfacet
  facet normal 4.054005e-02 -2.559598e-01 9.658370e-01
    outer loop
      vertex   1.615054e-05 -1.536621e-04 4.755283e-04
      vertex   2.161364e-05 -1.016842e-04 4.890738e-04
      vertex   1.086634e-05 -1.033864e-04 4.890738e-04
    endloop
  endfacet
  facet normal 1.356288e-02 -2.587952e-01 9.658370e-01
    outer loop
      vertex   1.615054e-05 -1.536621e-04 4.755283e-04
      vertex   1.086634e-05 -1.033864e-04 4.890738e-04
      vertex   9.460917e-21 -1.545085e-04 4.755283e-04
    endloop
  endfacet
  facet normal 1.356288e-02 -2.587952e-01 9.658370e-01
    outer loop
      vertex   9.460917e-21 -1.545085e-04 4.755283e-04
      vertex   1.086634e-05 -1.033864e-04 4.890738e-04
      vertex   6.365460e-21 -1.039558e-04 4.890738e-04
    endloop
  endfacet
  facet normal -1.356288e-02 -2.587952e-01 9.658370e-01
    outer loop
      vertex   9.460917e-21 -1.545085e-04 4.755283e-04
      vertex   6.365460e-21 -1.039558e-04 4.890738e-04
      vertex   -1.615054e-05 -1.536621e-04 4.755283e-04
    endloop
  endfacet
  facet normal -1.356288e-02 -2.587952e-01 9.658370e-01
    outer loop
      vertex   -1.615054e-05 -1.536621e-04 4.755283e-04
      vertex   6.365460e-21 -1.039558e-04 4.890738e-04
      vertex   -1.086634e-05 -1.033864e-04 4.890738e-04
    endloop
  endfacet
  facet normal -4.054005e-02 -2.559598e-01 9.658370e-01
    outer loop
      vertex   -1.615054e-05 -1.536621e-04 4.755283e-04
      vertex   -1.086634e-05 -1.033864e-04 4.890738e-04
      vertex   -3.212412e-05 -1.511321e-04 4.755283e-04
    endloop
  endfacet
  facet normal -4.054005e-02 -2.559598e-01 9.658370e-01
    outer loop
      vertex   -3.212412e-05 -1.511321e-04 4.755283e-04
      vertex   -1.086634e-05 -1.033864e-04 4.890738e-04
      vertex   -2.161364e-05 -1.016842e-04 4.890738e-04
    endloop
  endfacet
  facet normal -6.707306e-02 -2.503201e-01 9.658370e-01
    outer loop
      vertex   -3.212412e-05 -1.511321e-04 4.755283e-04
      vertex   -2.161364e-05 -1.016842e-04 4.890738e-04
      vertex   -4.774575e-05 -1.469463e-04 4.755283e-04
    endloop
  endfacet
  facet normal -6.707306e-02 -2.503201e-01 9.658370e-01
    outer loop
      vertex   -4.774575e-05 -1.469463e-04 4.755283e-04
      vertex   -2.161364e-05 -1.016842e-04 4.890738e-04
      vertex   -3.212412e-05 -9.886788e-05 4.890738e-04
    endloop
  endfacet
  facet normal -9.287120e-02 -2.419377e-01 9.658370e-01
    outer loop
      vertex   -4.774575e-05 -1.469463e-04 4.755283e-04
      vertex   -3.212412e-05 -9.886788e-05 4.890738e-04
      vertex   -6.284427e-05 -1.411505e-04 4.755283e-04
    endloop
  endfacet
  facet normal -9.287120e-02 -2.419377e-01 9.658370e-01
    outer loop
      vertex   -6.284427e-05 -1.411505e-04 4.755283e-04
      vertex   -3.212412e-05 -9.886788e-05 4.890738e-04
      vertex   -4.228265e-05 -9.496839e-05 4.890738e-04
    endloop
  endfacet
  facet normal -1.176518e-01 -2.309047e-01 9.658370e-01
    outer loop
      vertex   -6.284427e-05 -1.411505e-04 4.755283e-04
      vertex   -4.228265e-05 -9.496839e-05 4.890738e-04
      vertex   -7.725425e-05 -1.338083e-04 4.755283e-04
    endloop
  endfacet
  facet normal -1.176518e-01 -2.309047e-01 9.658370e-01
    outer loop
      vertex   -7.725425e-05 -1.338083e-04 4.755283e-04
      vertex   -4.228265e-05 -9.496839e-05 4.890738e-04
      vertex   -5.197792e-05 -9.002840e-05 4.890738e-04
    endloop
  endfacet
  facet normal -1.411434e-01 -2.173418e-01 9.658370e-01
    outer loop
      vertex   -7.725425e-05 -1.338083e-04 4.755283e-04
      vertex   -5.197792e-05 -9.002840e-05 4.890738e-04
      vertex   -9.081782e-05 -1.250000e-04 4.755283e-04
    endloop
  endfacet
  facet normal -1.411434e-01 -2.173418e-01 9.658370e-01
    outer loop
      vertex   -9.081782e-05 -1.250000e-04 4.755283e-04
      vertex   -5.197792e-05 -9.002840e-05 4.890738e-04
      vertex   -6.110371e-05 -8.410205e-05 4.890738e-04
    endloop
  endfacet
  facet normal -1.630886e-01 -2.013977e-01 9.658370e-01
    outer loop
      vertex   -9.081782e-05 -1.250000e-04 4.755283e-04
      vertex   -6.110371e-05 -8.410205e-05 4.890738e-04
      vertex   -1.033864e-04 -1.148222e-04 4.755283e-04
    endloop
  endfacet
  facet normal -1.630886e-01 -2.013977e-01 9.658370e-01
    outer loop
      vertex   -1.033864e-04 -1.148222e-04 4.755283e-04
      vertex   -6.110371e-05 -8.410205e-05 4.890738e-04
      vertex   -6.956004e-05 -7.725425e-05 4.890738e-04
    endloop
  endfacet
  facet normal -1.832470e-01 -1.832470e-01 9.658370e-01
    outer loop
      vertex   -1.033864e-04 -1.148222e-04 4.755283e-04
      vertex   -6.956004e-05 -7.725425e-05 4.890738e-04
      vertex   -1.148222e-04 -1.033864e-04 4.755283e-04
    endloop
  endfacet
  facet normal -1.832470e-01 -1.832470e-01 9.658370e-01
    outer loop
      vertex   -1.148222e-04 -1.033864e-04 4.755283e-04
      vertex   -6.956004e-05 -7.725425e-05 4.890738e-04
      vertex   -7.725425e-05 -6.956004e-05 4.890738e-04
    endloop
  endfacet
  facet normal -2.013977e-01 -1.630886e-01 9.658370e-01
    outer loop
      vertex   -1.148222e-04 -1.033864e-04 4.755283e-04
      vertex   -7.725425e-05 -6.956004e-05 4.890738e-04
      vertex   -1.250000e-04 -9.081782e-05 4.755283e-04
    endloop
  endfacet
  facet normal -2.013977e-01 -1.630886e-01 9.658370e-01
    outer loop
      vertex   -1.250000e-04 -9.081782e-05 4.755283e-04
      vertex   -7.725425e-05 -6.956004e-05 4.890738e-04
      vertex   -8.410205e-05 -6.110371e-05 4.890738e-04
    endloop
  endfacet
  facet normal -2.173418e-01 -1.411434e-01 9.658370e-01
    outer loop
      vertex   -1.250000e-04 -9.081782e-05 4.755283e-04
      vertex   -8.410205e-05 -6.110371e-05 4.890738e-04
      vertex   -1.338083e-04 -7.725425e-05 4.755283e-04
    endloop
  endfacet
  facet normal -2.173418e-01 -1.411434e-01 9.658370e-01
    outer loop
      vertex   -1.338083e-04 -7.725425e-05 4.755283e-04
      vertex   -8.410205e-05 -6.110371e-05 4.890738e-04
      vertex   -9.002840e-05 -5.197792e-05 4.890738e-04
    endloop
  endfacet
  facet normal -2.309047e-01 -1.176518e-01 9.658370e-01
    outer loop
      vertex   -1.338083e-04 -7.725425e-05 4.755283e-04
      vertex   -9.002840e-05 -5.197792e-05 4.890738e-04
      vertex   -1.411505e-04 -6.284427e-05 4.755283e-04
    endloop
  endfacet
  facet normal -2.309047e-01 -1.176518e-01 9.658370e-01
    outer loop
      vertex   -1.411505e-04 -6.284427e-05 4.755283e-04
      vertex   -9.002840e-05 -5.197792e-05 4.890738e-04
      vertex   -9.496839e-05 -4.228265e-05 4.890738e-04
    endloop
  endfacet
  facet normal -2.419377e-01 -9.287120e-02 9.658370e-01
    outer loop
      vertex   -1.411505e-04 -6.284427e-05 4.755283e-04
      vertex   -9.496839e-05 -4.228265e-05 4.890738e-04
      vertex   -1.469463e-04 -4.774575e-05 4.755283e-04
    endloop
  endfacet
  facet normal -2.419377e-01 -9.287120e-02 9.658370e-01
    outer loop
      vertex   -1.469463e-04 -4.774575e-05 4.755283e-04
      vertex   -9.496839e-05 -4.228265e-05 4.890738e-04
      vertex   -9.886788e-05 -3.212412e-05 4.890738e-04
    endloop
  endfacet
  facet normal -2.503201e-01 -6.707306e-02 9.658370e-01
    outer loop
      vertex   -1.469463e-04 -4.774575e-05 4.755283e-04
      vertex   -9.886788e-05 -3.212412e-05 4.890738e-04
      vertex   -1.511321e-04 -3.212412e-05 4.755283e-04
    endloop
  endfacet
  facet normal -2.503201e-01 -6.707306e-02 9.658370e-01
    outer loop
      vertex   -1.511321e-04 -3.212412e-05 4.755283e-04
      vertex   -9.886788e-05 -3.212412e-05 4.890738e-04
      vertex   -1.016842e-04 -2.161364e-05 4.890738e-04
    endloop
  endfacet
  facet normal -2.559598e-01 -4.054005e-02 9.658370e-01
    outer loop
      vertex   -1.511321e-04 -3.212412e-05 4.755283e-04
      vertex   -1.016842e-04 -2.161364e-05 4.890738e-04
      vertex   -1.536621e-04 -1.615054e-05 4.755283e-04
    endloop
  endfacet
  facet normal -2.559598e-01 -4.054005e-02 9.658370e-01
    outer loop
      vertex   -1.536621e-04 -1.615054e-05 4.755283e-04
      vertex   -1.016842e-04 -2.161364e-05 4.890738e-04
      vertex   -1.033864e-04 -1.086634e-05 4.890738e-04
    endloop
  endfacet
  facet normal -2.587952e-01 -1.356288e-02 9.658370e-01
    outer loop
      vertex   -1.536621e-04 -1.615054e-05 4.755283e-04
      vertex   -1.033864e-04 -1.086634e-05 4.890738e-04
      vertex   -1.545085e-04 -1.892183e-20 4.755283e-04
    endloop
  endfacet
  facet normal -2.587952e-01 -1.356288e-02 9.658370e-01
    outer loop
      vertex   -1.545085e-04 -1.892183e-20 4.755283e-04
      vertex   -1.033864e-04 -1.086634e-05 4.890738e-04
      vertex   -1.039558e-04 -1.273092e-20 4.890738e-04
    endloop
  endfacet
  facet normal -2.587952e-01 1.356288e-02 9.658370e-01
    outer loop
      vertex   -1.545085e-04 -1.892183e-20 4.755283e-04
      vertex   -1.039558e-04 -1.273092e-20 4.890738e-04
      vertex   -1.536621e-04 1.615054e-05 4.755283e-04
    endloop
  endfacet
  facet normal -2.587952e-01 1.356288e-02 9.658370e-01
    outer loop
      vertex   -1.536621e-04 1.615054e-05 4.755283e-04
      vertex   -1.039558e-04 -1.273092e-20 4.890738e-04
      vertex   -1.033864e-04 1.086634e-05 4.890738e-04
    endloop
  endfacet
  facet normal -2.559598e-01 4.054005e-02 9.658370e-01
    outer loop
      vertex   -1.536621e-04 1.615054e-05 4.755283e-04
      vertex   -1.033864e-04 1.086634e-05 4.890738e-04
      vertex   -1.511321e-04 3.212412e-05 4.755283e-04
    endloop
  endfacet
  facet normal -2.559598e-01 4.054005e-02 9.658370e-01
    outer loop
      vertex   -1.511321e-04 3.212412e-05 4.755283e-04
      vertex   -1.033864e-04 1.086634e-05 4.890738e-04
      vertex   -1.016842e-04 2.161364e-05 4.890738e-04
    endloop
  endfacet
  facet normal -2.503201e-01 6.707306e-02 9.658370e-01
    outer loop
      vertex   -1.511321e-04 3.212412e-05 4.755283e-04
      vertex   -1.016842e-04 2.161364e-05 4.890738e-04
      vertex   -1.469463e-04 4.774575e-05 4.755283e-04
    endloop
  endfacet
  facet normal -2.503201e-01 6.707306e-02 9.658370e-01
    outer loop
      vertex   -1.469463e-04 4.774575e-05 4.755283e-04
      vertex   -1.016842e-04 2.161364e-05 4.890738e-04
      vertex   -9.886788e-05 3.212412e-05 4.890738e-04
    endloop
  endfacet
  facet normal -2.419377e-01 9.287120e-02 9.658370e-01
    outer loop
      vertex   -1.469463e-04 4.774575e-05 4.755283e-04
      vertex   -9.886788e-05 3.212412e-05 4.890738e-04
      vertex   -1.411505e-04 6.284427e-05 4.755283e-04
    endloop
  endfacet
  facet normal -2.419377e-01 9.287120e-02 9.658370e-01
    outer loop
      vertex   -1.411505e-04 6.284427e-05 4.755283e-04
      vertex   -9.886788e-05 3.212412e-05 4.890738e-04
      vertex   -9.496839e-05 4.228265e-05 4.890738e-04
    endloop
  endfacet
  facet normal -2.309047e-01 1.176518e-01 9.658370e-01
    outer loop
      vertex   -1.411505e-04 6.284427e-05 4.755283e-04
      vertex   -9.496839e-05 4.228265e-05 4.890738e-04
      vertex   -1.338083e-04 7.725425e-05 4.755283e-04
    endloop
  endfacet
  facet normal -2.309047e-01 1.176518e-01 9.658370e-01
    outer loop
      vertex   -1.338083e-04 7.725425e-05 4.755283e-04
      vertex   -9.496839e-05 4.228265e-05 4.890738e-04
      vertex   -9.002840e-05 5.197792e-05 4.890738e-04
    endloop
  endfacet
  facet normal -2.173418e-01 1.411434e-01 9.658370e-01
    outer loop
      vertex   -1.338083e-04 7.725425e-05 4.755283e-04
      vertex   -9.002840e-05 5.197792e-05 4.890738e-04
      vertex   -1.250000e-04 9.081782e-05 4.755283e-04
    endloop
  endfacet
  facet normal -2.173418e-01 1.411434e-01 9.658370e-01
    outer loop
      vertex   -1.250000e-04 9.081782e-05 4.755283e-04
      vertex   -9.002840e-05 5.197792e-05 4.890738e-04
      vertex   -8.410205e-05 6.110371e-05 4.890738e-04
    endloop
  endfacet
  facet normal -2.013977e-01 1.630886e-01 9.658370e-01
    outer loop
      vertex   -1.250000e-04 9.081782e-05 4.755283e-04
      vertex   -8.410205e-05 6.110371e-05 4.890738e-04
      vertex   -1.148222e-04 1.033864e-04 4.755283e-04
    endloop
  endfacet
  facet normal -2.013977e-01 1.630886e-01 9.658370e-01
    outer loop
      vertex   -1.148222e-04 1.033864e-04 4.755283e-04
      vertex   -8.410205e-05 6.110371e-05 4.890738e-04
      vertex   -7.725425e-05 6.956004e-05 4.890738e-04
    endloop
  endfacet
  facet normal -1.832470e-01 1.832470e-01 9.658370e-01
    outer loop
      vertex   -1.148222e-04 1.033864e-04 4.755283e-04
      vertex   -7.725425e-05 6.956004e-05 4.890738e-04
      vertex   -1.033864e-04 1.148222e-04 4.755283e-04
    endloop
  endfacet
  facet normal -1.832470e-01 1.832470e-01 9.658370e-01
    outer loop
      vertex   -1.033864e-04 1.148222e-04 4.755283e-04
      vertex   -7.725425e-05 6.956004e-05 4.890738e-04
      vertex   -6.956004e-05 7.725425e-05 4.890738e-04
    endloop
  endfacet
  facet normal -1.630886e-01 2.013977e-01 9.658370e-01
    outer loop
      vertex   -1.033864e-04 1.148222e-04 4.755283e-04
      vertex   -6.956004e-05 7.725425e-05 4.890738e-04
      vertex   -9.081782e-05 1.250000e-04 4.755283e-04
    endloop
  endfacet
  facet normal -1.630886e-01 2.013977e-01 9.658370e-01
    outer loop
      vertex   -9.081782e-05 1.250000e-04 4.755283e-04
      vertex   -6.956004e-05 7.725425e-05 4.890738e-04
      vertex   -6.110371e-05 8.410205e-05 4.890738e-04
    endloop
  endfacet
  facet normal -1.411434e-01 2.173418e-01 9.658370e-01
    outer loop
      vertex   -9.081782e-05 1.250000e-04 4.755283e-04
      vertex   -6.110371e-05 8.410205e-05 4.890738e-04
      vertex   -7.725425e-05 1.338083e-04 4.755283e-04
    endloop
  endfacet
  facet normal -1.411434e-01 2.173418e-01 9.658370e-01
    outer loop
      vertex   -7.725425e-05 1.338083e-04 4.755283e-04
      vertex   -6.110371e-05 8.410205e-05 4.890738e-04
      vertex   -5.197792e-05 9.002840e-05 4.890738e-04
    endloop
  endfacet
  facet normal -1.176518e-01 2.309047e-01 9.658370e-01
    outer loop
      vertex   -7.725425e-05 1.338083e-04 4.755283e-04
      vertex   -5.197792e-05 9.002840e-05 4.890738e-04
      vertex   -6.284427e-05 1.411505e-04 4.755283e-04
    endloop
  endfacet
  facet normal -1.176518e-01 2.309047e-01 9.658370e-01
    outer loop
      vertex   -6.284427e-05 1.411505e-04 4.755283e-04
      vertex   -5.197792e-05 9.002840e-05 4.890738e-04
      vertex   -4.228265e-05 9.496839e-05 4.890738e-04
    endloop
  endfacet
  facet normal -9.287120e-02 2.419377e-01 9.658370e-01
    outer loop
      vertex   -6.284427e-05 1.411505e-04 4.755283e-04
      vertex   -4.228265e-05 9.496839e-05 4.890738e-04
      vertex   -4.774575e-05 1.469463e-04 4.755283e-04
    endloop
  endfacet
  facet normal -9.287120e-02 2.419377e-01 9.658370e-01
    outer loop
      vertex   -4.774575e-05 1.469463e-04 4.755283e-04
      vertex   -4.228265e-05 9.496839e-05 4.890738e-04
      vertex   -3.212412e-05 9.886788e-05 4.890738e-04
    endloop
  endfacet
  facet normal -6.707306e-02 2.503201e-01 9.658370e-01
    outer loop
      vertex   -4.774575e-05 1.469463e-04 4.755283e-04
      vertex   -3.212412e-05 9.886788e-05 4.890738e-04
      vertex   -3.212412e-05 1.511321e-04 4.755283e-04
    endloop
  endfacet
  facet normal -6.707306e-02 2.503201e-01 9.658370e-01
    outer loop
      vertex   -3.212412e-05 1.511321e-04 4.755283e-04
      vertex   -3.212412e-05 9.886788e-05 4.890738e-04
      vertex   -2.161364e-05 1.016842e-04 4.890738e-04
    endloop
  endfacet
  facet normal -4.054005e-02 2.559598e-01 9.658370e-01
    outer loop
      vertex   -3.212412e-05 1.511321e-04 4.755283e-04
      vertex   -2.161364e-05 1.016842e-04 4.890738e-04
      vertex   -1.615054e-05 1.536621e-04 4.755283e-04
    endloop
  endfacet
  facet normal -4.054005e-02 2.559598e-01 9.658370e-01
    outer loop
      vertex   -1.615054e-05 1.536621e-04 4.755283e-04
      vertex   -2.161364e-05 1.016842e-04 4.890738e-04
      vertex   -1.086634e-05 1.033864e-04 4.890738e-04
    endloop
  endfacet
  facet normal -1.356288e-02 2.587952e-01 9.658370e-01
    outer loop
      vertex   -1.615054e-05 1.536621e-04 4.755283e-04
      vertex   -1.086634e-05 1.033864e-04 4.890738e-04
      vertex   9.460917e-21 1.545085e-04 4.755283e-04
    endloop
  endfacet
  facet normal -1.356288e-02 2.587952e-01 9.658370e-01
    outer loop
      vertex   9.460917e-21 1.545085e-04 4.755283e-04
      vertex   -1.086634e-05 1.033864e-04 4.890738e-04
      vertex   6.365460e-21 1.039558e-04 4.890738e-04
    endloop
  endfacet
  facet normal 1.356288e-02 2.587952e-01 9.658370e-01
    outer loop
      vertex   9.460917e-21 1.545085e-04 4.755283e-04
      vertex   6.365460e-21 1.039558e-04 4.890738e-04
      vertex   1.615054e-05 1.536621e-04 4.755283e-04
    endloop
  endfacet
  facet normal 1.356288e-02 2.587952e-01 9.658370e-01
    outer loop
      vertex   1.615054e-05 1.536621e-04 4.755283e-04
      vertex   6.365460e-21 1.039558e-04 4.890738e-04
      vertex   1.086634e-05 1.033864e-04 4.890738e-04
    endloop
  endfacet
  facet normal 4.054005e-02 2.559598e-01 9.658370e-01
    outer loop
      vertex   1.615054e-05 1.536621e-04 4.755283e-04
      vertex   1.086634e-05 1.033864e-04 4.890738e-04
      vertex   3.212412e-05 1.511321e-04 4.755283e-04
    endloop
  endfacet
  facet normal 4.054005e-02 2.559598e-01 9.658370e-01
    outer loop
      vertex   3.212412e-05 1.511321e-04 4.755283e-04
      vertex   1.086634e-05 1.033864e-04 4.890738e-04
      vertex   2.161364e-05 1.016842e-04 4.890738e-04
    endloop
  endfacet
  facet normal 6.707306e-02 2.503201e-01 9.658370e-01
    outer loop
      vertex   3.212412e-05 1.511321e-04 4.755283e-04
      vertex   2.161364e-05 1.016842e-04 4.890738e-04
      vertex   4.774575e-05 1.469463e-04 4.755283e-04
    endloop
  endfacet
  facet normal 6.707306e-02 2.503201e-01 9.658370e-01
    outer loop
      vertex   4.774575e-05 1.469463e-04 4.755283e-04
      vertex   2.161364e-05 1.016842e-04 4.890738e-04
      vertex   3.212412e-05 9.886788e-05 4.890738e-04
    endloop
  endfacet
  facet normal 9.287120e-02 2.419377e-01 9.658370e-01
    outer loop
      vertex   4.774575e-05 1.469463e-04 4.755283e-04
      vertex   3.212412e-05 9.886788e-05 4.890738e-04
      vertex   6.284427e-05 1.411505e-04 4.755283e-04
    endloop
  endfacet
  facet normal 9.287120e-02 2.419377e-01 9.658370e-01
    outer loop
      vertex   6.284427e-05 1.411505e-04 4.755283e-04
      vertex   3.212412e-05 9.886788e-05 4.890738e-04
      vertex   4.228265e-05 9.496839e-05 4.890738e-04
    endloop
  endfacet
  facet normal 1.176518e-01 2.309047e-01 9.658370e-01
    outer loop
      vertex   6.284427e-05 1.411505e-04 4.755283e-04
      vertex   4.228265e-05 9.496839e-05 4.890738e-04
      vertex   7.725425e-05 1.338083e-04 4.755283e-04
    endloop
  endfacet
  facet normal 1.176518e-01 2.309047e-01 9.658370e-01
    outer loop
      vertex   7.725425e-05 1.338083e-04 4.755283e-04
      vertex   4.228265e-05 9.496839e-05 4.890738e-04
      vertex   5.197792e-05 9.002840e-05 4.890738e-04
    endloop
  endfacet
  facet normal 1.411434e-01 2.173418e-01 9.658370e-01
    outer loop
      vertex   7.725425e-05 1.338083e-04 4.755283e-04
      vertex   5.197792e-05 9.002840e-05 4.890738e-04
      vertex   9.081782e-05 1.250000e-04 4.755283e-04
    endloop
  endfacet
  facet normal 1.411434e-01 2.173418e-01 9.658370e-01
    outer loop
      vertex   9.081782e-05 1.250000e-04 4.755283e-04
      vertex   5.197792e-05 9.002840e-05 4.890738e-04
      vertex   6.110371e-05 8.410205e-05 4.890738e-04
    endloop
  endfacet
  facet normal 1.630886e-01 2.013977e-01 9.658370e-01
    outer loop
      vertex   9.081782e-05 1.250000e-04 4.755283e-04
      vertex   6.110371e-05 8.410205e-05 4.890738e-04
      vertex   1.033864e-04 1.148222e-04 4.755283e-04
    endloop
  endfacet
  facet normal 1.630886e-01 2.013977e-01 9.658370e-01
    outer loop
      vertex   1.033864e-04 1.148222e-04 4.755283e-04
      vertex   6.110371e-05 8.410205e-05 4.890738e-04
      vertex   6.956004e-05 7.725425e-05 4.890738e-04
    endloop
  endfacet
  facet normal 1.832470e-01 1.832470e-01 9.658370e-01
    outer loop
      vertex   1.033864e-04 1.148222e-04 4.755283e-04
      vertex   6.956004e-05 7.725425e-05 4.890738e-04
      vertex   1.148222e-04 1.033864e-04 4.755283e-04
    endloop
  endfacet
  facet normal 1.832470e-01 1.832470e-01 9.658370e-01
    outer loop
      vertex   1.148222e-04 1.033864e-04 4.755283e-04
      vertex   6.956004e-05 7.725425e-05 4.890738e-04
      vertex   7.725425e-05 6.956004e-05 4.890738e-04
    endloop
  endfacet
  facet normal 2.013977e-01 1.630886e-01 9.658370e-01
    outer loop
      vertex   1.148222e-04 1.033864e-04 4.755283e-04
      vertex   7.725425e-05 6.956004e-05 4.890738e-04
      vertex   1.250000e-04 9.081782e-05 4.755283e-04
    endloop
  endfacet
  facet normal 2.013977e-01 1.630886e-01 9.658370e-01
    outer loop
      vertex   1.250000e-04 9.081782e-05 4.755283e-04
      vertex   7.725425e-05 6.956004e-05 4.890738e-04
      vertex   8.410205e-05 6.110371e-05 4.890738e-04
    endloop
  endfacet
  facet normal 2.173418e-01 1.411434e-01 9.658370e-01
    outer loop
      vertex   1.250000e-04 9.081782e-05 4.755283e-04
      vertex   8.410205e-05 6.110371e-05 4.890738e-04
      vertex   1.338083e-04 7.725425e-05 4.755283e-04
    endloop
  endfacet
  facet normal 2.173418e-01 1.411434e-01 9.658370e-01
    outer loop
      vertex   1.338083e-04 7.725425e-05 4.755283e-04
      vertex   8.410205e-05 6.110371e-05 4.890738e-04
      vertex   9.002840e-05 5.197792e-05 4.890738e-04
    endloop
  endfacet
  facet normal 2.309047e-01 1.176518e-01 9.658370e-01
    outer loop
      vertex   1.338083e-04 7.725425e-05 4.755283e-04
      vertex   9.002840e-05 5.197792e-05 4.890738e-04
      vertex   1.411505e-04 6.284427e-05 4.755283e-04
    endloop
  endfacet
  facet normal 2.309047e-01 1.176518e-01 9.658370e-01
    outer loop
      vertex   1.411505e-04 6.284427e-05 4.755283e-04
      vertex   9.002840e-05 5.197792e-05 4.890738e-04
      vertex   9.496839e-05 4.228265e-05 4.890738e-04
    endloop
  endfacet
  facet normal 2.419377e-01 9.287120e-02 9.658370e-01
    outer loop
      vertex   1.411505e-04 6.284427e-05 4.755283e-04
      vertex   9.496839e-05 4.228265e-05 4.890738e-04
      vertex   1.469463e-04 4.774575e-05 4.755283e-04
    endloop
  endfacet
  facet normal 2.419377e-01 9.287120e-02 9.658370e-01
    outer loop
      vertex   1.469463e-04 4.774575e-05 4.755283e-04
      vertex   9.496839e-05 4.228265e-05 4.890738e-04
      vertex   9.886788e-05 3.212412e-05 4.890738e-04
    endloop
  endfacet
  facet normal 2.503201e-01 6.707306e-02 9.658370e-01
    outer loop
      vertex   1.469463e-04 4.774575e-05 4.755283e-04
      vertex   9.886788e-05 3.212412e-05 4.890738e-04
      vertex   1.511321e-04 3.212412e-05 4.755283e-04
    endloop
  endfacet
  facet normal 2.503201e-01 6.707306e-02 9.658370e-01
    outer loop
      vertex   1.511321e-04 3.212412e-05 4.755283e-04
      vertex   9.886788e-05 3.212412e-05 4.890738e-04
      vertex   1.016842e-04 2.161364e-05 4.890738e-04
    endloop
  endfacet
  facet normal 2.559598e-01 4.054005e-02 9.658370e-01
    outer loop
      vertex   1.511321e-04 3.212412e-05 4.755283e-04
      vertex   1.016842e-04 2.161364e-05 4.890738e-04
      vertex   1.536621e-04 1.615054e-05 4.755283e-04
    endloop
  endfacet
  facet normal 2.559598e-01 4.054005e-02 9.658370e-01
    outer loop
      vertex   1.536621e-04 1.615054e-05 4.755283e-04
      vertex   1.016842e-04 2.161364e-05 4.890738e-04
      vertex   1.033864e-04 1.086634e-05 4.890738e-04
    endloop
  endfacet
  facet normal 2.587952e-01 1.356288e-02 9.658370e-01
    outer loop
      vertex   1.536621e-04 1.615054e-05 4.755283e-04
      vertex   1.033864e-04 1.086634e-05 4.890738e-04
      vertex   1.545085e-04 0.000000e+00 4.755283e-04
    endloop
  endfacet
  facet normal 2.587952e-01 1.356288e-02 9.658370e-01
    outer loop
      vertex   1.545085e-04 0.000000e+00 4.755283e-04
      vertex   1.033864e-04 1.086634e-05 4.890738e-04
      vertex   1.039558e-04 0.000000e+00 4.890738e-04
    endloop
  endfacet
  facet normal 1.564292e-01 -8.198107e-03 9.876551e-01
    outer loop
      vertex   1.039558e-04 0.000000e+00 4.890738e-04
      vertex   5.226423e-05 0.000000e+00 4.972609e-04
      vertex   1.033864e-04 -1.086634e-05 4.890738e-04
    endloop
  endfacet
  facet normal 1.564292e-01 -8.198107e-03 9.876551e-01
    outer loop
      vertex   1.033864e-04 -1.086634e-05 4.890738e-04
      vertex   5.226423e-05 0.000000e+00 4.972609e-04
      vertex   5.197792e-05 -5.463100e-06 4.972609e-04
    endloop
  endfacet
  facet normal 1.547153e-01 -2.450450e-02 9.876551e-01
    outer loop
      vertex   1.033864e-04 -1.086634e-05 4.890738e-04
      vertex   5.197792e-05 -5.463100e-06 4.972609e-04
      vertex   1.016842e-04 -2.161364e-05 4.890738e-04
    endloop
  endfacet
  facet normal 1.547153e-01 -2.450450e-02 9.876551e-01
    outer loop
      vertex   1.016842e-04 -2.161364e-05 4.890738e-04
      vertex   5.197792e-05 -5.463100e-06 4.972609e-04
      vertex   5.112213e-05 -1.086634e-05 4.972609e-04
    endloop
  endfacet
  facet normal 1.513064e-01 -4.054242e-02 9.876551e-01
    outer loop
      vertex   1.016842e-04 -2.161364e-05 4.890738e-04
      vertex   5.112213e-05 -1.086634e-05 4.972609e-04
      vertex   9.886788e-05 -3.212412e-05 4.890738e-04
    endloop
  endfacet
  facet normal 1.513064e-01 -4.054242e-02 9.876551e-01
    outer loop
      vertex   9.886788e-05 -3.212412e-05 4.890738e-04
      vertex   5.112213e-05 -1.086634e-05 4.972609e-04
      vertex   4.970624e-05 -1.615054e-05 4.972609e-04
    endloop
  endfacet
  facet normal 1.462397e-01 -5.613615e-02 9.876551e-01
    outer loop
      vertex   9.886788e-05 -3.212412e-05 4.890738e-04
      vertex   4.970624e-05 -1.615054e-05 4.972609e-04
      vertex   9.496839e-05 -4.228265e-05 4.890738e-04
    endloop
  endfacet
  facet normal 1.462397e-01 -5.613615e-02 9.876551e-01
    outer loop
      vertex   9.496839e-05 -4.228265e-05 4.890738e-04
      vertex   4.970624e-05 -1.615054e-05 4.972609e-04
      vertex   4.774575e-05 -2.125778e-05 4.972609e-04
    endloop
  endfacet
  facet normal 1.395707e-01 -7.111483e-02 9.876551e-01
    outer loop
      vertex   9.496839e-05 -4.228265e-05 4.890738e-04
      vertex   4.774575e-05 -2.125778e-05 4.972609e-04
      vertex   9.002840e-05 -5.197792e-05 4.890738e-04
    endloop
  endfacet
  facet normal 1.395707e-01 -7.111483e-02 9.876551e-01
    outer loop
      vertex   9.002840e-05 -5.197792e-05 4.890738e-04
      vertex   4.774575e-05 -2.125778e-05 4.972609e-04
      vertex   4.526215e-05 -2.613212e-05 4.972609e-04
    endloop
  endfacet
  facet normal 1.313726e-01 -8.531437e-02 9.876551e-01
    outer loop
      vertex   9.002840e-05 -5.197792e-05 4.890738e-04
      vertex   4.526215e-05 -2.613212e-05 4.972609e-04
      vertex   8.410205e-05 -6.110371e-05 4.890738e-04
    endloop
  endfacet
  facet normal 1.313726e-01 -8.531437e-02 9.876551e-01
    outer loop
      vertex   8.410205e-05 -6.110371e-05 4.890738e-04
      vertex   4.526215e-05 -2.613212e-05 4.972609e-04
      vertex   4.228265e-05 -3.072014e-05 4.972609e-04
    endloop
  endfacet
  facet normal 1.217352e-01 -9.857919e-02 9.876551e-01
    outer loop
      vertex   8.410205e-05 -6.110371e-05 4.890738e-04
      vertex   4.228265e-05 -3.072014e-05 4.972609e-04
      vertex   7.725425e-05 -6.956004e-05 4.890738e-04
    endloop
  endfacet
  facet normal 1.217352e-01 -9.857919e-02 9.876551e-01
    outer loop
      vertex   7.725425e-05 -6.956004e-05 4.890738e-04
      vertex   4.228265e-05 -3.072014e-05 4.972609e-04
      vertex   3.883989e-05 -3.497160e-05 4.972609e-04
    endloop
  endfacet
  facet normal 1.107640e-01 -1.107640e-01 9.876551e-01
    outer loop
      vertex   7.725425e-05 -6.956004e-05 4.890738e-04
      vertex   3.883989e-05 -3.497160e-05 4.972609e-04
      vertex   6.956004e-05 -7.725425e-05 4.890738e-04
    endloop
  endfacet
  facet normal 1.107640e-01 -1.107640e-01 9.876551e-01
    outer loop
      vertex   6.956004e-05 -7.725425e-05 4.890738e-04
      vertex   3.883989e-05 -3.497160e-05 4.972609e-04
      vertex   3.497160e-05 -3.883989e-05 4.972609e-04
    endloop
  endfacet
  facet normal 9.857919e-02 -1.217352e-01 9.876551e-01
    outer loop
      vertex   6.956004e-05 -7.725425e-05 4.890738e-04
      vertex   3.497160e-05 -3.883989e-05 4.972609e-04
      vertex   6.110371e-05 -8.410205e-05 4.890738e-04
    endloop
  endfacet
  facet normal 9.857919e-02 -1.217352e-01 9.876551e-01
    outer loop
      vertex   6.110371e-05 -8.410205e-05 4.890738e-04
      vertex   3.497160e-05 -3.883989e-05 4.972609e-04
      vertex   3.072014e-05 -4.228265e-05 4.972609e-04
    endloop
  endfacet
  facet normal 8.531437e-02 -1.313726e-01 9.876551e-01
    outer loop
      vertex   6.110371e-05 -8.410205e-05 4.890738e-04
      vertex   3.072014e-05 -4.228265e-05 4.972609e-04
      vertex   5.197792e-05 -9.002840e-05 4.890738e-04
    endloop
  endfacet
  facet normal 8.531437e-02 -1.313726e-01 9.876551e-01
    outer loop
      vertex   5.197792e-05 -9.002840e-05 4.890738e-04
      vertex   3.072014e-05 -4.228265e-05 4.972609e-04
      vertex   2.613212e-05 -4.526215e-05 4.972609e-04
    endloop
  endfacet
  facet normal 7.111483e-02 -1.395707e-01 9.876551e-01
    outer loop
      vertex   5.197792e-05 -9.002840e-05 4.890738e-04
      vertex   2.613212e-05 -4.526215e-05 4.972609e-04
      vertex   4.228265e-05 -9.496839e-05 4.890738e-04
    endloop
  endfacet
  facet normal 7.111483e-02 -1.395707e-01 9.876551e-01
    outer loop
      vertex   4.228265e-05 -9.496839e-05 4.890738e-04
      vertex   2.613212e-05 -4.526215e-05 4.972609e-04
      vertex   2.125778e-05 -4.774575e-05 4.972609e-04
    endloop
  endfacet
  facet normal 5.613615e-02 -1.462397e-01 9.876551e-01
    outer loop
      vertex   4.228265e-05 -9.496839e-05 4.890738e-04
      vertex   2.125778e-05 -4.774575e-05 4.972609e-04
      vertex   3.212412e-05 -9.886788e-05 4.890738e-04
    endloop
  endfacet
  facet normal 5.613615e-02 -1.462397e-01 9.876551e-01
    outer loop
      vertex   3.212412e-05 -9.886788e-05 4.890738e-04
      vertex   2.125778e-05 -4.774575e-05 4.972609e-04
      vertex   1.615054e-05 -4.970624e-05 4.972609e-04
    endloop
  endfacet
  facet normal 4.054242e-02 -1.513064e-01 9.876551e-01
    outer loop
      vertex   3.212412e-05 -9.886788e-05 4.890738e-04
      vertex   1.615054e-05 -4.970624e-05 4.972609e-04
      vertex   2.161364e-05 -1.016842e-04 4.890738e-04
    endloop
  endfacet
  facet normal 4.054242e-02 -1.513064e-01 9.876551e-01
    outer loop
      vertex   2.161364e-05 -1.016842e-04 4.890738e-04
      vertex   1.615054e-05 -4.970624e-05 4.972609e-04
      vertex   1.086634e-05 -5.112213e-05 4.972609e-04
    endloop
  endfacet
  facet normal 2.450450e-02 -1.547153e-01 9.876551e-01
    outer loop
      vertex   2.161364e-05 -1.016842e-04 4.890738e-04
      vertex   1.086634e-05 -5.112213e-05 4.972609e-04
      vertex   1.086634e-05 -1.033864e-04 4.890738e-04
    endloop
  endfacet
  facet normal 2.450450e-02 -1.547153e-01 9.876551e-01
    outer loop
      vertex   1.086634e-05 -1.033864e-04 4.890738e-04
      vertex   1.086634e-05 -5.112213e-05 4.972609e-04
      vertex   5.463100e-06 -5.197792e-05 4.972609e-04
    endloop
  endfacet
  facet normal 8.198107e-03 -1.564292e-01 9.876551e-01
    outer loop
      vertex   1.086634e-05 -1.033864e-04 4.890738e-04
      vertex   5.463100e-06 -5.197792e-05 4.972609e-04
      vertex   6.365460e-21 -1.039558e-04 4.890738e-04
    endloop
  endfacet
  facet normal 8.198107e-03 -1.564292e-01 9.876551e-01
    outer loop
      vertex   6.365460e-21 -1.039558e-04 4.890738e-04
      vertex   5.463100e-06 -5.197792e-05 4.972609e-04
      vertex   3.200261e-21 -5.226423e-05 4.972609e-04
    endloop
  endfacet
  facet normal -8.198107e-03 -1.564292e-01 9.876551e-01
    outer loop
      vertex   6.365460e-21 -1.039558e-04 4.890738e-04
      vertex   3.200261e-21 -5.226423e-05 4.972609e-04
      vertex   -1.086634e-05 -1.033864e-04 4.890738e-04
    endloop
  endfacet
  facet normal -8.198107e-03 -1.564292e-01 9.876551e-01
    outer loop
      vertex   -1.086634e-05 -1.033864e-04 4.890738e-04
      vertex   3.200261e-21 -5.226423e-05 4.972609e-04
      vertex   -5.463100e-06 -5.197792e-05 4.972609e-04
    endloop
  endfacet
  facet normal -2.450450e-02 -1.547153e-01 9.876551e-01
    outer loop
      vertex   -1.086634e-05 -1.033864e-04 4.890738e-04
      vertex   -5.463100e-06 -5.197792e-05 4.972609e-04
      vertex   -2.161364e-05 -1.016842e-04 4.890738e-04
    endloop
  endfacet
  facet normal -2.450450e-02 -1.547153e-01 9.876551e-01
    outer loop
      vertex   -2.161364e-05 -1.016842e-04 4.890738e-04
      vertex   -5.463100e-06 -5.197792e-05 4.972609e-04
      vertex   -1.086634e-05 -5.112213e-05 4.972609e-04
    endloop
  endfacet
  facet normal -4.054242e-02 -1.513064e-01 9.876551e-01
    outer loop
      vertex   -2.161364e-05 -1.016842e-04 4.890738e-04
      vertex   -1.086634e-05 -5.112213e-05 4.972609e-04
      vertex   -3.212412e-05 -9.886788e-05 4.890738e-04
    endloop
  endfacet
  facet normal -4.054242e-02 -1.513064e-01 9.876551e-01
    outer loop
      vertex   -3.212412e-05 -9.886788e-05 4.890738e-04
      vertex   -1.086634e-05 -5.112213e-05 4.972609e-04
      vertex   -1.615054e-05 -4.970624e-05 4.972609e-04
    endloop
  endfacet
  facet normal -5.613615e-02 -1.462397e-01 9.876551e-01
    outer loop
      vertex   -3.212412e-05 -9.886788e-05 4.890738e-04
      vertex   -1.615054e-05 -4.970624e-05 4.972609e-04
      vertex   -4.228265e-05 -9.496839e-05 4.890738e-04
    endloop
  endfacet
  facet normal -5.613615e-02 -1.462397e-01 9.876551e-01
    outer loop
      vertex   -4.228265e-05 -9.496839e-05 4.890738e-04
      vertex   -1.615054e-05 -4.970624e-05 4.972609e-04
      vertex   -2.125778e-05 -4.774575e-05 4.972609e-04
    endloop
  endfacet
  facet normal -7.111483e-02 -1.395707e-01 9.876551e-01
    outer loop
      vertex   -4.228265e-05 -9.496839e-05 4.890738e-04
      vertex   -2.125778e-05 -4.774575e-05 4.972609e-04
      vertex   -5.197792e-05 -9.002840e-05 4.890738e-04
    endloop
  endfacet
  facet normal -7.111483e-02 -1.395707e-01 9.876551e-01
    outer loop
      vertex   -5.197792e-05 -9.002840e-05 4.890738e-04
      vertex   -2.125778e-05 -4.774575e-05 4.972609e-04
      vertex   -2.613212e-05 -4.526215e-05 4.972609e-04
    endloop
  endfacet
  facet normal -8.531437e-02 -1.313726e-01 9.876551e-01
    outer loop
      vertex   -5.197792e-05 -9.002840e-05 4.890738e-04
      vertex   -2.613212e-05 -4.526215e-05 4.972609e-04
      vertex   -6.110371e-05 -8.410205e-05 4.890738e-04
    endloop
  endfacet
  facet normal -8.531437e-02 -1.313726e-01 9.876551e-01
    outer loop
      vertex   -6.110371e-05 -8.410205e-05 4.890738e-04
      vertex   -2.613212e-05 -4.526215e-05 4.972609e-04
      vertex   -3.072014e-05 -4.228265e-05 4.972609e-04
    endloop
  endfacet
  facet normal -9.857919e-02 -1.217352e-01 9.876551e-01
    outer loop
      vertex   -6.110371e-05 -8.410205e-05 4.890738e-04
      vertex   -3.072014e-05 -4.228265e-05 4.972609e-04
      vertex   -6.956004e-05 -7.725425e-05 4.890738e-04
    endloop
  endfacet
  facet normal -9.857919e-02 -1.217352e-01 9.876551e-01
    outer loop
      vertex   -6.956004e-05 -7.725425e-05 4.890738e-04
      vertex   -3.072014e-05 -4.228265e-05 4.972609e-04
      vertex   -3.497160e-05 -3.883989e-05 4.972609e-04
    endloop
  endfacet
  facet normal -1.107640e-01 -1.107640e-01 9.876551e-01
    outer loop
      vertex   -6.956004e-05 -7.725425e-05 4.890738e-04
      vertex   -3.497160e-05 -3.883989e-05 4.972609e-04
      vertex   -7.725425e-05 -6.956004e-05 4.890738e-04
    endloop
  endfacet
  facet normal -1.107640e-01 -1.107640e-01 9.876551e-01
    outer loop
      vertex   -7.725425e-05 -6.956004e-05 4.890738e-04
      vertex   -3.497160e-05 -3.883989e-05 4.972609e-04
      vertex   -3.883989e-05 -3.497160e-05 4.972609e-04
    endloop
  endfacet
  facet normal -1.217352e-01 -9.857919e-02 9.876551e-01
    outer loop
      vertex   -7.725425e-05 -6.956004e-05 4.890738e-04
      vertex   -3.883989e-05 -3.497160e-05 4.972609e-04
      vertex   -8.410205e-05 -6.110371e-05 4.890738e-04
    endloop
  endfacet
  facet normal -1.217352e-01 -9.857919e-02 9.876551e-01
    outer loop
      vertex   -8.410205e-05 -6.110371e-05 4.890738e-04
      vertex   -3.883989e-05 -3.497160e-05 4.972609e-04
      vertex   -4.228265e-05 -3.072014e-05 4.972609e-04
    endloop
  endfacet
  facet normal -1.313726e-01 -8.531437e-02 9.876551e-01
    outer loop
      vertex   -8.410205e-05 -6.110371e-05 4.890738e-04
      vertex   -4.228265e-05 -3.072014e-05 4.972609e-04
      vertex   -9.002840e-05 -5.197792e-05 4.890738e-04
    endloop
  endfacet
  facet normal -1.313726e-01 -8.531437e-02 9.876551e-01
    outer loop
      vertex   -9.002840e-05 -5.197792e-05 4.890738e-04
      vertex   -4.228265e-05 -3.072014e-05 4.972609e-04
      vertex   -4.526215e-05 -2.613212e-05 4.972609e-04
    endloop
  endfacet
  facet normal -1.395707e-01 -7.111483e-02 9.876551e-01
    outer loop
      vertex   -9.002840e-05 -5.197792e-05 4.890738e-04
      vertex   -4.526215e-05 -2.613212e-05 4.972609e-04
      vertex   -9.496839e-05 -4.228265e-05 4.890738e-04
    endloop
  endfacet
  facet normal -1.395707e-01 -7.111483e-02 9.876551e-01
    outer loop
      vertex   -9.496839e-05 -4.228265e-05 4.890738e-04
      vertex   -4.526215e-05 -2.613212e-05 4.972609e-04
      vertex   -4.774575e-05 -2.125778e-05 4.972609e-04
    endloop
  endfacet
  facet normal -1.462397e-01 -5.613615e-02 9.876551e-01
    outer loop
      vertex   -9.496839e-05 -4.228265e-05 4.890738e-04
      vertex   -4.774575e-05 -2.125778e-05 4.972609e-04
      vertex   -9.886788e-05 -3.212412e-05 4.890738e-04
    endloop
  endfacet
  facet normal -1.462397e-01 -5.613615e-02 9.876551e-01
    outer loop
      vertex   -9.886788e-05 -3.212412e-05 4.890738e-04
      vertex   -4.774575e-05 -2.125778e-05 4.972609e-04
      vertex   -4.970624e-05 -1.615054e-05 4.972609e-04
    endloop
  endfacet
  facet normal -1.513064e-01 -4.054242e-02 9.876551e-01
    outer loop
      vertex   -9.886788e-05 -3.212412e-05 4.890738e-04
      vertex   -4.970624e-05 -1.615054e-05 4.972609e-04
      vertex   -1.016842e-04 -2.161364e-05 4.890738e-04
    endloop
  endfacet
  facet normal -1.513064e-01 -4.054242e-02 9.876551e-01
    outer loop
      vertex   -1.016842e-04 -2.161364e-05 4.890738e-04
      vertex   -4.970624e-05 -1.615054e-05 4.972609e-04
      vertex   -5.112213e-05 -1.086634e-05 4.972609e-04
    endloop
  endfacet
  facet normal -1.547153e-01 -2.450450e-02 9.876551e-01
    outer loop
      vertex   -1.016842e-04 -2.161364e-05 4.890738e-04
      vertex   -5.112213e-05 -1.086634e-05 4.972609e-04
      vertex   -1.033864e-04 -1.086634e-05 4.890738e-04
    endloop
  endfacet
  facet normal -1.547153e-01 -2.450450e-02 9.876551e-01
    outer loop
      vertex   -1.033864e-04 -1.086634e-05 4.890738e-04
      vertex   -5.112213e-05 -1.086634e-05 4.972609e-04
      vertex   -5.197792e-05 -5.463100e-06 4.972609e-04
    endloop
  endfacet
  facet normal -1.564292e-01 -8.198107e-03 9.876551e-01
    outer loop
      vertex   -1.033864e-04 -1.086634e-05 4.890738e-04
      vertex   -5.197792e-05 -5.463100e-06 4.972609e-04
      vertex   -1.039558e-04 -1.273092e-20 4.890738e-04
    endloop
  endfacet
  facet normal -1.564292e-01 -8.198107e-03 9.876551e-01
    outer loop
      vertex   -1.039558e-04 -1.273092e-20 4.890738e-04
      vertex   -5.197792e-05 -5.463100e-06 4.972609e-04
      vertex   -5.226423e-05 -6.400522e-21 4.972609e-04
    endloop
  endfacet
  facet normal -1.564292e-01 8.198107e-03 9.876551e-01
    outer loop
      vertex   -1.039558e-04 -1.273092e-20 4.890738e-04
      vertex   -5.226423e-05 -6.400522e-21 4.972609e-04
      vertex   -1.033864e-04 1.086634e-05 4.890738e-04
    endloop
  endfacet
  facet normal -1.564292e-01 8.198107e-03 9.876551e-01
    outer loop
      vertex   -1.033864e-04 1.086634e-05 4.890738e-04
      vertex   -5.226423e-05 -6.400522e-21 4.972609e-04
      vertex   -5.197792e-05 5.463100e-06 4.972609e-04
    endloop
  endfacet
  facet normal -1.547153e-01 2.450450e-02 9.876551e-01
    outer loop
      vertex   -1.033864e-04 1.086634e-05 4.890738e-04
      vertex   -5.197792e-05 5.463100e-06 4.972609e-04
      vertex   -1.016842e-04 2.161364e-05 4.890738e-04
    endloop
  endfacet
  facet normal -1.547153e-01 2.450450e-02 9.876551e-01
    outer loop
      vertex   -1.016842e-04 2.161364e-05 4.890738e-04
      vertex   -5.197792e-05 5.463100e-06 4.972609e-04
      vertex   -5.112213e-05 1.086634e-05 4.972609e-04
    endloop
  endfacet
  facet normal -1.513064e-01 4.054242e-02 9.876551e-01
    outer loop
      vertex   -1.016842e-04 2.161364e-05 4.890738e-04
      vertex   -5.112213e-05 1.086634e-05 4.972609e-04
      vertex   -9.886788e-05 3.212412e-05 4.890738e-04
    endloop
  endfacet
  facet normal -1.513064e-01 4.054242e-02 9.876551e-01
    outer loop
      vertex   -9.886788e-05 3.212412e-05 4.890738e-04
      vertex   -5.112213e-05 1.086634e-05 4.972609e-04
      vertex   -4.970624e-05 1.615054e-05 4.972609e-04
    endloop
  endfacet
  facet normal -1.462397e-01 5.613615e-02 9.876551e-01
    outer loop
      vertex   -9.886788e-05 3.212412e-05 4.890738e-04
      vertex   -4.970624e-05 1.615054e-05 4.972609e-04
      vertex   -9.496839e-05 4.228265e-05 4.890738e-04
    endloop
  endfacet
  facet normal -1.462397e-01 5.613615e-02 9.876551e-01
    outer loop
      vertex   -9.496839e-05 4.228265e-05 4.890738e-04
      vertex   -4.970624e-05 1.615054e-05 4.972609e-04
      vertex   -4.774575e-05 2.125778e-05 4.972609e-04
    endloop
  endfacet
  facet normal -1.395707e-01 7.111483e-02 9.876551e-01
    outer loop
      vertex   -9.496839e-05 4.228265e-05 4.890738e-04
      vertex   -4.774575e-05 2.125778e-05 4.972609e-04
      vertex   -9.002840e-05 5.197792e-05 4.890738e-04
    endloop
  endfacet
  facet normal -1.395707e-01 7.111483e-02 9.876551e-01
    outer loop
      vertex   -9.002840e-05 5.197792e-05 4.890738e-04
      vertex   -4.774575e-05 2.125778e-05 4.972609e-04
      vertex   -4.526215e-05 2.613212e-05 4.972609e-04
    endloop
  endfacet
  facet normal -1.313726e-01 8.531437e-02 9.876551e-01
    outer loop
      vertex   -9.002840e-05 5.197792e-05 4.890738e-04
      vertex   -4.526215e-05 2.613212e-05 4.972609e-04
      vertex   -8.410205e-05 6.110371e-05 4.890738e-04
    endloop
  endfacet
  facet normal -1.313726e-01 8.531437e-02 9.876551e-01
    outer loop
      vertex   -8.410205e-05 6.110371e-05 4.890738e-04
      vertex   -4.526215e-05 2.613212e-05 4.972609e-04
      vertex   -4.228265e-05 3.072014e-05 4.972609e-04
    endloop
  endfacet
  facet normal -1.217352e-01 9.857919e-02 9.876551e-01
    outer loop
      vertex   -8.410205e-05 6.110371e-05 4.890738e-04
      vertex   -4.228265e-05 3.072014e-05 4.972609e-04
      vertex   -7.725425e-05 6.956004e-05 4.890738e-04
    endloop
  endfacet
  facet normal -1.217352e-01 9.857919e-02 9.876551e-01
    outer loop
      vertex   -7.725425e-05 6.956004e-05 4.890738e-04
      vertex   -4.228265e-05 3.072014e-05 4.972609e-04
      vertex   -3.883989e-05 3.497160e-05 4.972609e-04
    endloop
  endfacet
  facet normal -1.107640e-01 1.107640e-01 9.876551e-01
    outer loop
      vertex   -7.725425e-05 6.956004e-05 4.890738e-04
      vertex   -3.883989e-05 3.497160e-05 4.972609e-04
      vertex   -6.956004e-05 7.725425e-05 4.890738e-04
    endloop
  endfacet
  facet normal -1.107640e-01 1.107640e-01 9.876551e-01
    outer loop
      vertex   -6.956004e-05 7.725425e-05 4.890738e-04
      vertex   -3.883989e-05 3.497160e-05 4.972609e-04
      vertex   -3.497160e-05 3.883989e-05 4.972609e-04
    endloop
  endfacet
  facet normal -9.857919e-02 1.217352e-01 9.876551e-01
    outer loop
      vertex   -6.956004e-05 7.725425e-05 4.890738e-04
      vertex   -3.497160e-05 3.883989e-05 4.972609e-04
      vertex   -6.110371e-05 8.410205e-05 4.890738e-04
    endloop
  endfacet
  facet normal -9.857919e-02 1.217352e-01 9.876551e-01
    outer loop
      vertex   -6.110371e-05 8.410205e-05 4.890738e-04
      vertex   -3.497160e-05 3.883989e-05 4.972609e-04
      vertex   -3.072014e-05 4.228265e-05 4.972609e-04
    endloop
  endfacet
  facet normal -8.531437e-02 1.313726e-01 9.876551e-01
    outer loop
      vertex   -6.110371e-05 8.410205e-05 4.890738e-04
      vertex   -3.072014e-05 4.228265e-05 4.972609e-04
      vertex   -5.197792e-05 9.002840e-05 4.890738e-04
    endloop
  endfacet
  facet normal -8.531437e-02 1.313726e-01 9.876551e-01
    outer loop
      vertex   -5.197792e-05 9.002840e-05 4.890738e-04
      vertex   -3.072014e-05 4.228265e-05 4.972609e-04
      vertex   -2.613212e-05 4.526215e-05 4.972609e-04
    endloop
  endfacet
  facet normal -7.111483e-02 1.395707e-01 9.876551e-01
    outer loop
      vertex   -5.197792e-05 9.002840e-05 4.890738e-04
      vertex   -2.613212e-05 4.526215e-05 4.972609e-04
      vertex   -4.228265e-05 9.496839e-05 4.890738e-04
    endloop
  endfacet
  facet normal -7.111483e-02 1.395707e-01 9.876551e-01
    outer loop
      vertex   -4.228265e-05 9.496839e-05 4.890738e-04
      vertex   -2.613212e-05 4.526215e-05 4.972609e-04
      vertex   -2.125778e-05 4.774575e-05 4.972609e-04
    endloop
  endfacet
  facet normal -5.613615e-02 1.462397e-01 9.876551e-01
    outer loop
      vertex   -4.228265e-05 9.496839e-05 4.890738e-04
      vertex   -2.125778e-05 4.774575e-05 4.972609e-04
      vertex   -3.212412e-05 9.886788e-05 4.890738e-04
    endloop
  endfacet
  facet normal -5.613615e-02 1.462397e-01 9.876551e-01
    outer loop
      vertex   -3.212412e-05 9.886788e-05 4.890738e-04
      vertex   -2.125778e-05 4.774575e-05 4.972609e-04
      vertex   -1.615054e-05 4.970624e-05 4.972609e-04
    endloop
  endfacet
  facet normal -4.054242e-02 1.513064e-01 9.876551e-01
    outer loop
      vertex   -3.212412e-05 9.886788e-05 4.890738e-04
      vertex   -1.615054e-05 4.970624e-05 4.972609e-04
      vertex   -2.161364e-05 1.016842e-04 4.890738e-04
    endloop
  endfacet
  facet normal -4.054242e-02 1.513064e-01 9.876551e-01
    outer loop
      vertex   -2.161364e-05 1.016842e-04 4.890738e-04
      vertex   -1.615054e-05 4.970624e-05 4.972609e-04
      vertex   -1.086634e-05 5.112213e-05 4.972609e-04
    endloop
  endfacet
  facet normal -2.450450e-02 1.547153e-01 9.876551e-01
    outer loop
      vertex   -2.161364e-05 1.016842e-04 4.890738e-04
      vertex   -1.086634e-05 5.112213e-05 4.972609e-04
      vertex   -1.086634e-05 1.033864e-04 4.890738e-04
    endloop
  endfacet
  facet normal -2.450450e-02 1.547153e-01 9.876551e-01
    outer loop
      vertex   -1.086634e-05 1.033864e-04 4.890738e-04
      vertex   -1.086634e-05 5.112213e-05 4.972609e-04
      vertex   -5.463100e-06 5.197792e-05 4.972609e-04
    endloop
  endfacet
  facet normal -8.198107e-03 1.564292e-01 9.876551e-01
    outer loop
      vertex   -1.086634e-05 1.033864e-04 4.890738e-04
      vertex   -5.463100e-06 5.197792e-05 4.972609e-04
      vertex   6.365460e-21 1.039558e-04 4.890738e-04
    endloop
  endfacet
  facet normal -8.198107e-03 1.564292e-01 9.876551e-01
    outer loop
      vertex   6.365460e-21 1.039558e-04 4.890738e-04
      vertex   -5.463100e-06 5.197792e-05 4.972609e-04
      vertex   3.200261e-21 5.226423e-05 4.972609e-04
    endloop
  endfacet
  facet normal 8.198107e-03 1.564292e-01 9.876551e-01
    outer loop
      vertex   6.365460e-21 1.039558e-04 4.890738e-04
      vertex   3.200261e-21 5.226423e-05 4.972609e-04
      vertex   1.086634e-05 1.033864e-04 4.890738e-04
    endloop
  endfacet
  facet normal 8.198107e-03 1.564292e-01 9.876551e-01
    outer loop
      vertex   1.086634e-05 1.033864e-04 4.890738e-04
      vertex   3.200261e-21 5.226423e-05 4.972609e-04
      vertex   5.463100e-06 5.197792e-05 4.972609e-04
    endloop
  endfacet
  facet normal 2.450450e-02 1.547153e-01 9.876551e-01
    outer loop
      vertex   1.086634e-05 1.033864e-04 4.890738e-04
      vertex   5.463100e-06 5.197792e-05 4.972609e-04
      vertex   2.161364e-05 1.016842e-04 4.890738e-04
    endloop
  endfacet
  facet normal 2.450450e-02 1.547153e-01 9.876551e-01
    outer loop
      vertex   2.161364e-05 1.016842e-04 4.890738e-04
      vertex   5.463100e-06 5.197792e-05 4.972609e-04
      vertex   1.086634e-05 5.112213e-05 4.972609e-04
    endloop
  endfacet
  facet normal 4.054242e-02 1.513064e-01 9.876551e-01
    outer loop
      vertex   2.161364e-05 1.016842e-04 4.890738e-04
      vertex   1.086634e-05 5.112213e-05 4.972609e-04
      vertex   3.212412e-05 9.886788e-05 4.890738e-04
    endloop
  endfacet
  facet normal 4.054242e-02 1.513064e-01 9.876551e-01
    outer loop
      vertex   3.212412e-05 9.886788e-05 4.890738e-04
      vertex   1.086634e-05 5.112213e-05 4.972609e-04
      vertex   1.615054e-05 4.970624e-05 4.972609e-04
    endloop
  endfacet
  facet normal 5.613615e-02 1.462397e-01 9.876551e-01
    outer loop
      vertex   3.212412e-05 9.886788e-05 4.890738e-04
      vertex   1.615054e-05 4.970624e-05 4.972609e-04
      vertex   4.228265e-05 9.496839e-05 4.890738e-04
    endloop
  endfacet
  facet normal 5.613615e-02 1.462397e-01 9.876551e-01
    outer loop
      vertex   4.228265e-05 9.496839e-05 4.890738e-04
      vertex   1.615054e-05 4.970624e-05 4.972609e-04
      vertex   2.125778e-05 4.774575e-05 4.972609e-04
    endloop
  endfacet
  facet normal 7.111483e-02 1.395707e-01 9.876551e-01
    outer loop
      vertex   4.228265e-05 9.496839e-05 4.890738e-04
      vertex   2.125778e-05 4.774575e-05 4.972609e-04
      vertex   5.197792e-05 9.002840e-05 4.890738e-04
    endloop
  endfacet
  facet normal 7.111483e-02 1.395707e-01 9.876551e-01
    outer loop
      vertex   5.197792e-05 9.002840e-05 4.890738e-04
      vertex   2.125778e-05 4.774575e-05 4.972609e-04
      vertex   2.613212e-05 4.526215e-05 4.972609e-04
    endloop
  endfacet
  facet normal 8.531437e-02 1.313726e-01 9.876551e-01
    outer loop
      vertex   5.197792e-05 9.002840e-05 4.890738e-04
      vertex   2.613212e-05 4.526215e-05 4.972609e-04
      vertex   6.110371e-05 8.410205e-05 4.890738e-04
    endloop
  endfacet
  facet normal 8.531437e-02 1.313726e-01 9.876551e-01
    outer loop
      vertex   6.110371e-05 8.410205e-05 4.890738e-04
      vertex   2.613212e-05 4.526215e-05 4.972609e-04
      vertex   3.072014e-05 4.228265e-05 4.972609e-04
    endloop
  endfacet
  facet normal 9.857919e-02 1.217352e-01 9.876551e-01
    outer loop
      vertex   6.110371e-05 8.410205e-05 4.890738e-04
      vertex   3.072014e-05 4.228265e-05 4.972609e-04
      vertex   6.956004e-05 7.725425e-05 4.890738e-04
    endloop
  endfacet
  facet normal 9.857919e-02 1.217352e-01 9.876551e-01
    outer loop
      vertex   6.956004e-05 7.725425e-05 4.890738e-04
      vertex   3.072014e-05 4.228265e-05 4.972609e-04
      vertex   3.497160e-05 3.883989e-05 4.972609e-04
    endloop
  endfacet
  facet normal 1.107640e-01 1.107640e-01 9.876551e-01
    outer loop
      vertex   6.956004e-05 7.725425e-05 4.890738e-04
      vertex   3.497160e-05 3.883989e-05 4.972609e-04
      vertex   7.725425e-05 6.956004e-05 4.890738e-04
    endloop
  endfacet
  facet normal 1.107640e-01 1.107640e-01 9.876551e-01
    outer loop
      vertex   7.725425e-05 6.956004e-05 4.890738e-04
      vertex   3.497160e-05 3.883989e-05 4.972609e-04
      vertex   3.883989e-05 3.497160e-05 4.972609e-04
    endloop
  endfacet
  facet normal 1.217352e-01 9.857919e-02 9.876551e-01
    outer loop
      vertex   7.725425e-05 6.956004e-05 4.890738e-04
      vertex   3.883989e-05 3.497160e-05 4.972609e-04
      vertex   8.410205e-05 6.110371e-05 4.890738e-04
    endloop
  endfacet
  facet normal 1.217352e-01 9.857919e-02 9.876551e-01
    outer loop
      vertex   8.410205e-05 6.110371e-05 4.890738e-04
      vertex   3.883989e-05 3.497160e-05 4.972609e-04
      vertex   4.228265e-05 3.072014e-05 4.972609e-04
    endloop
  endfacet
  facet normal 1.313726e-01 8.531437e-02 9.876551e-01
    outer loop
      vertex   8.410205e-05 6.110371e-05 4.890738e-04
      vertex   4.228265e-05 3.072014e-05 4.972609e-04
      vertex   9.002840e-05 5.197792e-05 4.890738e-04
    endloop
  endfacet
  facet normal 1.313726e-01 8.531437e-02 9.876551e-01
    outer loop
      vertex   9.002840e-05 5.197792e-05 4.890738e-04
      vertex   4.228265e-05 3.072014e-05 4.972609e-04
      vertex   4.526215e-05 2.613212e-05 4.972609e-04
    endloop
  endfacet
  facet normal 1.395707e-01 7.111483e-02 9.876551e-01
    outer loop
      vertex   9.002840e-05 5.197792e-05 4.890738e-04
      vertex   4.526215e-05 2.613212e-05 4.972609e-04
      vertex   9.496839e-05 4.228265e-05 4.890738e-04
    endloop
  endfacet
  facet normal 1.395707e-01 7.111483e-02 9.876551e-01
    outer loop
      vertex   9.496839e-05 4.228265e-05 4.890738e-04
      vertex   4.526215e-05 2.613212e-05 4.972609e-04
      vertex   4.774575e-05 2.125778e-05 4.972609e-04
    endloop
  endfacet
  facet normal 1.462397e-01 5.613615e-02 9.876551e-01
    outer loop
      vertex   9.496839e-05 4.228265e-05 4.890738e-04
      vertex   4.774575e-05 2.125778e-05 4.972609e-04
      vertex   9.886788e-05 3.212412e-05 4.890738e-04
    endloop
  endfacet
  facet normal 1.462397e-01 5.613615e-02 9.876551e-01
    outer loop
      vertex   9.886788e-05 3.212412e-05 4.890738e-04
      vertex   4.774575e-05 2.125778e-05 4.972609e-04
      vertex   4.970624e-05 1.615054e-05 4.972609e-04
    endloop
  endfacet
  facet normal 1.513064e-01 4.054242e-02 9.876551e-01
    outer loop
      vertex   9.886788e-05 3.212412e-05 4.890738e-04
      vertex   4.970624e-05 1.615054e-05 4.972609e-04
      vertex   1.016842e-04 2.161364e-05 4.890738e-04
    endloop
  endfacet
  facet normal 1.513064e-01 4.054242e-02 9.876551e-01
    outer loop
      vertex   1.016842e-04 2.161364e-05 4.890738e-04
      vertex   4.970624e-05 1.615054e-05 4.972609e-04
      vertex   5.112213e-05 1.086634e-05 4.972609e-04
    endloop
  endfacet
  facet normal 1.547153e-01 2.450450e-02 9.876551e-01
    outer loop
      vertex   1.016842e-04 2.161364e-05 4.890738e-04
      vertex   5.112213e-05 1.086634e-05 4.972609e-04
      vertex   1.033864e-04 1.086634e-05 4.890738e-04
    endloop
  endfacet
  facet normal 1.547153e-01 2.450450e-02 9.876551e-01
    outer loop
      vertex   1.033864e-04 1.086634e-05 4.890738e-04
      vertex   5.112213e-05 1.086634e-05 4.972609e-04
      vertex   5.197792e-05 5.463100e-06 4.972609e-04
    endloop
  endfacet
  facet normal 1.564292e-01 8.198107e-03 9.876551e-01
    outer loop
      vertex   1.033864e-04 1.086634e-05 4.890738e-04
      vertex   5.197792e-05 5.463100e-06 4.972609e-04
      vertex   1.039558e-04 0.000000e+00 4.890738e-04
    endloop
  endfacet
  facet normal 1.564292e-01 8.198107e-03 9.876551e-01
    outer loop
      vertex   1.039558e-04 0.000000e+00 4.890738e-04
      vertex   5.197792e-05 5.463100e-06 4.972609e-04
      vertex   5.226423e-05 0.000000e+00 4.972609e-04
    endloop
  endfacet
  facet normal 5.233576e-02 -2.742801e-03 9.986258e-01
    outer loop
      vertex   5.226423e-05 0.000000e+00 4.972609e-04
      vertex   -3.061617e-20 3.749399e-36 5.000000e-04
      vertex   5.197792e-05 -5.463100e-06 4.972609e-04
    endloop
  endfacet
  facet normal -5.233576e-02 2.742801e-03 9.986258e-01
    outer loop
      vertex   -5.226423e-05 -6.400522e-21 4.972609e-04
      vertex   -3.061617e-20 3.749399e-36 5.000000e-04
      vertex   -5.197792e-05 5.463100e-06 4.972609e-04
    endloop
  endfacet
  facet normal -5.233576e-02 -2.742801e-03 -9.986258e-01
    outer loop
      vertex   -5.226423e-05 -6.400522e-21 -4.972609e-04
      vertex   -3.061617e-20 -3.749399e-36 -5.000000e-04
      vertex   -5.197792e-05 -5.463100e-06 -4.972609e-04
    endloop
  endfacet
endsolid
