solid ASCII
  facet normal 0.000000e+00 1.000000e+00 0.000000e+00
    outer loop
      vertex   5.809663e-02 -9.772362e-02 -5.425205e-03
      vertex   5.945927e-02 -9.772362e-02 1.160944e-03
      vertex   6.000000e-02 -9.772362e-02 1.160944e-03
    endloop
  endfacet
  facet normal 0.000000e+00 1.000000e+00 -0.000000e+00
    outer loop
      vertex   6.000000e-02 -9.772362e-02 -8.080193e-02
      vertex   5.809663e-02 -9.772362e-02 -5.425205e-03
      vertex   6.000000e-02 -9.772362e-02 1.160944e-03
    endloop
  endfacet
  facet normal 0.000000e+00 1.000000e+00 0.000000e+00
    outer loop
      vertex   6.000000e-02 -9.772362e-02 -8.080193e-02
      vertex   5.358343e-02 -9.772362e-02 -1.748695e-02
      vertex   5.809663e-02 -9.772362e-02 -5.425205e-03
    endloop
  endfacet
  facet normal 0.000000e+00 1.000000e+00 0.000000e+00
    outer loop
      vertex   6.000000e-02 -9.772362e-02 -8.080193e-02
      vertex   4.488273e-02 -9.772362e-02 -3.035907e-02
      vertex   5.358343e-02 -9.772362e-02 -1.748695e-02
    endloop
  endfacet
  facet normal -0.000000e+00 1.000000e+00 0.000000e+00
    outer loop
      vertex   3.673980e-02 -9.772362e-02 -3.815319e-02
      vertex   4.488273e-02 -9.772362e-02 -3.035907e-02
      vertex   6.000000e-02 -9.772362e-02 -8.080193e-02
    endloop
  endfacet
  facet normal 0.000000e+00 1.000000e+00 0.000000e+00
    outer loop
      vertex   6.000000e-02 -9.772362e-02 -8.080193e-02
      vertex   2.720329e-02 -9.772362e-02 -4.417832e-02
      vertex   3.673980e-02 -9.772362e-02 -3.815319e-02
    endloop
  endfacet
  facet normal 0.000000e+00 1.000000e+00 0.000000e+00
    outer loop
      vertex   6.000000e-02 -9.772362e-02 -8.080193e-02
      vertex   1.620622e-02 -9.772362e-02 -4.850213e-02
      vertex   2.720329e-02 -9.772362e-02 -4.417832e-02
    endloop
  endfacet
  facet normal -0.000000e+00 1.000000e+00 0.000000e+00
    outer loop
      vertex   4.833415e-03 -9.772362e-02 -5.049297e-02
      vertex   1.620622e-02 -9.772362e-02 -4.850213e-02
      vertex   6.000000e-02 -9.772362e-02 -8.080193e-02
    endloop
  endfacet
  facet normal 0.000000e+00 1.000000e+00 0.000000e+00
    outer loop
      vertex   -6.000000e-02 -9.772362e-02 -8.080193e-02
      vertex   4.833415e-03 -9.772362e-02 -5.049297e-02
      vertex   6.000000e-02 -9.772362e-02 -8.080193e-02
    endloop
  endfacet
  facet normal 0.000000e+00 1.000000e+00 0.000000e+00
    outer loop
      vertex   -6.000000e-02 -9.772362e-02 -8.080193e-02
      vertex   -5.640892e-03 -9.772362e-02 -5.046880e-02
      vertex   4.833415e-03 -9.772362e-02 -5.049297e-02
    endloop
  endfacet
  facet normal 0.000000e+00 1.000000e+00 0.000000e+00
    outer loop
      vertex   -6.000000e-02 -9.772362e-02 -8.080193e-02
      vertex   -1.439544e-02 -9.772362e-02 -4.902203e-02
      vertex   -5.640892e-03 -9.772362e-02 -5.046880e-02
    endloop
  endfacet
  facet normal 0.000000e+00 1.000000e+00 0.000000e+00
    outer loop
      vertex   -6.000000e-02 -9.772362e-02 -8.080193e-02
      vertex   -2.231646e-02 -9.772362e-02 -4.642504e-02
      vertex   -1.439544e-02 -9.772362e-02 -4.902203e-02
    endloop
  endfacet
  facet normal 0.000000e+00 1.000000e+00 0.000000e+00
    outer loop
      vertex   -3.233279e-02 -9.772362e-02 -4.123653e-02
      vertex   -2.231646e-02 -9.772362e-02 -4.642504e-02
      vertex   -6.000000e-02 -9.772362e-02 -8.080193e-02
    endloop
  endfacet
  facet normal 0.000000e+00 1.000000e+00 0.000000e+00
    outer loop
      vertex   -6.000000e-02 -9.772362e-02 -8.080193e-02
      vertex   -4.044115e-02 -9.772362e-02 -3.503392e-02
      vertex   -3.233279e-02 -9.772362e-02 -4.123653e-02
    endloop
  endfacet
  facet normal 0.000000e+00 1.000000e+00 0.000000e+00
    outer loop
      vertex   -6.000000e-02 -9.772362e-02 -8.080193e-02
      vertex   -4.754213e-02 -9.772362e-02 -2.732515e-02
      vertex   -4.044115e-02 -9.772362e-02 -3.503392e-02
    endloop
  endfacet
  facet normal 0.000000e+00 1.000000e+00 0.000000e+00
    outer loop
      vertex   -6.000000e-02 -9.772362e-02 -8.080193e-02
      vertex   -5.348660e-02 -9.772362e-02 -1.773826e-02
      vertex   -4.754213e-02 -9.772362e-02 -2.732515e-02
    endloop
  endfacet
  facet normal 0.000000e+00 1.000000e+00 0.000000e+00
    outer loop
      vertex   -6.000000e-02 -9.772362e-02 -8.080193e-02
      vertex   -5.813799e-02 -9.772362e-02 -5.156983e-03
      vertex   -5.348660e-02 -9.772362e-02 -1.773826e-02
    endloop
  endfacet
  facet normal 0.000000e+00 1.000000e+00 0.000000e+00
    outer loop
      vertex   -6.000000e-02 -9.772362e-02 1.160944e-03
      vertex   -5.813799e-02 -9.772362e-02 -5.156983e-03
      vertex   -6.000000e-02 -9.772362e-02 -8.080193e-02
    endloop
  endfacet
  facet normal 0.000000e+00 1.000000e+00 0.000000e+00
    outer loop
      vertex   -5.945927e-02 -9.772362e-02 1.160944e-03
      vertex   -5.813799e-02 -9.772362e-02 -5.156983e-03
      vertex   -6.000000e-02 -9.772362e-02 1.160944e-03
    endloop
  endfacet
  facet normal -9.791645e-01 -1.403369e-02 2.025831e-01
    outer loop
      vertex   5.809663e-02 -9.772362e-02 -5.425205e-03
      vertex   5.804324e-02 -1.018707e-01 -5.970553e-03
      vertex   5.945927e-02 -9.772362e-02 1.160944e-03
    endloop
  endfacet
  facet normal -9.498335e-01 -2.872529e-02 3.114341e-01
    outer loop
      vertex   5.606249e-02 -1.036902e-01 -1.217942e-02
      vertex   5.804324e-02 -1.018707e-01 -5.970553e-03
      vertex   5.809663e-02 -9.772362e-02 -5.425205e-03
    endloop
  endfacet
  facet normal -9.337899e-01 -7.717314e-02 3.494006e-01
    outer loop
      vertex   5.358343e-02 -9.772362e-02 -1.748695e-02
      vertex   5.606249e-02 -1.036902e-01 -1.217942e-02
      vertex   5.809663e-02 -9.772362e-02 -5.425205e-03
    endloop
  endfacet
  facet normal -9.010316e-01 1.134096e-02 4.336052e-01
    outer loop
      vertex   5.358343e-02 -9.772362e-02 -1.748695e-02
      vertex   5.183635e-02 -1.052316e-01 -2.092102e-02
      vertex   5.606249e-02 -1.036902e-01 -1.217942e-02
    endloop
  endfacet
  facet normal -8.268322e-01 -6.322601e-02 5.588837e-01
    outer loop
      vertex   4.488273e-02 -9.772362e-02 -3.035907e-02
      vertex   5.183635e-02 -1.052316e-01 -2.092102e-02
      vertex   5.358343e-02 -9.772362e-02 -1.748695e-02
    endloop
  endfacet
  facet normal -8.196981e-01 -4.097503e-02 5.713283e-01
    outer loop
      vertex   4.488273e-02 -9.772362e-02 -3.035907e-02
      vertex   4.679282e-02 -1.065239e-01 -2.824976e-02
      vertex   5.183635e-02 -1.052316e-01 -2.092102e-02
    endloop
  endfacet
  facet normal -7.029645e-01 1.783985e-02 7.110012e-01
    outer loop
      vertex   4.488273e-02 -9.772362e-02 -3.035907e-02
      vertex   3.701085e-02 -1.082217e-01 -3.787857e-02
      vertex   4.679282e-02 -1.065239e-01 -2.824976e-02
    endloop
  endfacet
  facet normal -6.914646e-01 1.045206e-03 7.224096e-01
    outer loop
      vertex   3.673980e-02 -9.772362e-02 -3.815319e-02
      vertex   3.701085e-02 -1.082217e-01 -3.787857e-02
      vertex   4.488273e-02 -9.772362e-02 -3.035907e-02
    endloop
  endfacet
  facet normal -5.587874e-01 7.266313e-03 8.292791e-01
    outer loop
      vertex   3.673980e-02 -9.772362e-02 -3.815319e-02
      vertex   2.896341e-02 -1.091763e-01 -4.329275e-02
      vertex   3.701085e-02 -1.082217e-01 -3.787857e-02
    endloop
  endfacet
  facet normal -5.340495e-01 -1.671483e-02 8.452879e-01
    outer loop
      vertex   2.720329e-02 -9.772362e-02 -4.417832e-02
      vertex   2.896341e-02 -1.091763e-01 -4.329275e-02
      vertex   3.673980e-02 -9.772362e-02 -3.815319e-02
    endloop
  endfacet
  facet normal -3.896844e-01 1.131711e-02 9.208789e-01
    outer loop
      vertex   2.720329e-02 -9.772362e-02 -4.417832e-02
      vertex   1.829709e-02 -1.099705e-01 -4.779661e-02
      vertex   2.896341e-02 -1.091763e-01 -4.329275e-02
    endloop
  endfacet
  facet normal -3.658967e-01 -8.857769e-03 9.306133e-01
    outer loop
      vertex   1.620622e-02 -9.772362e-02 -4.850213e-02
      vertex   1.829709e-02 -1.099705e-01 -4.779661e-02
      vertex   2.720329e-02 -9.772362e-02 -4.417832e-02
    endloop
  endfacet
  facet normal -1.723663e-01 2.729639e-02 9.846546e-01
    outer loop
      vertex   4.833415e-03 -9.772362e-02 -5.049297e-02
      vertex   1.829709e-02 -1.099705e-01 -4.779661e-02
      vertex   1.620622e-02 -9.772362e-02 -4.850213e-02
    endloop
  endfacet
  facet normal -2.143652e-01 -2.066298e-02 9.765350e-01
    outer loop
      vertex   4.833415e-03 -9.772362e-02 -5.049297e-02
      vertex   6.464839e-03 -1.104302e-01 -5.040371e-02
      vertex   1.829709e-02 -1.099705e-01 -4.779661e-02
    endloop
  endfacet
  facet normal -1.848400e-02 4.650167e-03 9.998183e-01
    outer loop
      vertex   4.833415e-03 -9.772362e-02 -5.049297e-02
      vertex   -4.044459e-03 -1.104644e-01 -5.059784e-02
      vertex   6.464839e-03 -1.104302e-01 -5.040371e-02
    endloop
  endfacet
  facet normal 2.307517e-03 -9.838571e-03 9.999489e-01
    outer loop
      vertex   -5.640892e-03 -9.772362e-02 -5.046880e-02
      vertex   -4.044459e-03 -1.104644e-01 -5.059784e-02
      vertex   4.833415e-03 -9.772362e-02 -5.049297e-02
    endloop
  endfacet
  facet normal 1.225298e-01 5.301319e-03 9.924507e-01
    outer loop
      vertex   -5.640892e-03 -9.772362e-02 -5.046880e-02
      vertex   -1.127207e-02 -1.103072e-01 -4.970634e-02
      vertex   -4.044459e-03 -1.104644e-01 -5.059784e-02
    endloop
  endfacet
  facet normal 1.630338e-01 -1.318288e-02 9.865324e-01
    outer loop
      vertex   -1.439544e-02 -9.772362e-02 -4.902203e-02
      vertex   -1.127207e-02 -1.103072e-01 -4.970634e-02
      vertex   -5.640892e-03 -9.772362e-02 -5.046880e-02
    endloop
  endfacet
  facet normal 2.719573e-01 1.517669e-02 9.621896e-01
    outer loop
      vertex   -1.439544e-02 -9.772362e-02 -4.902203e-02
      vertex   -2.035374e-02 -1.098559e-01 -4.714658e-02
      vertex   -1.127207e-02 -1.103072e-01 -4.970634e-02
    endloop
  endfacet
  facet normal 3.115375e-01 -6.112794e-03 9.502142e-01
    outer loop
      vertex   -2.231646e-02 -9.772362e-02 -4.642504e-02
      vertex   -2.035374e-02 -1.098559e-01 -4.714658e-02
      vertex   -1.439544e-02 -9.772362e-02 -4.902203e-02
    endloop
  endfacet
  facet normal 4.093117e-01 1.195873e-02 9.123162e-01
    outer loop
      vertex   -2.231646e-02 -9.772362e-02 -4.642504e-02
      vertex   -2.896341e-02 -1.091763e-01 -4.329275e-02
      vertex   -2.035374e-02 -1.098559e-01 -4.714658e-02
    endloop
  endfacet
  facet normal 4.598239e-01 -2.409474e-02 8.876832e-01
    outer loop
      vertex   -3.233279e-02 -9.772362e-02 -4.123653e-02
      vertex   -2.896341e-02 -1.091763e-01 -4.329275e-02
      vertex   -2.231646e-02 -9.772362e-02 -4.642504e-02
    endloop
  endfacet
  facet normal 5.627671e-01 1.718713e-02 8.264368e-01
    outer loop
      vertex   -3.233279e-02 -9.772362e-02 -4.123653e-02
      vertex   -3.743544e-02 -1.081628e-01 -3.754475e-02
      vertex   -2.896341e-02 -1.091763e-01 -4.329275e-02
    endloop
  endfacet
  facet normal 6.075016e-01 -1.609518e-02 7.941554e-01
    outer loop
      vertex   -4.044115e-02 -9.772362e-02 -3.503392e-02
      vertex   -3.743544e-02 -1.081628e-01 -3.754475e-02
      vertex   -3.233279e-02 -9.772362e-02 -4.123653e-02
    endloop
  endfacet
  facet normal 6.939518e-01 2.674625e-02 7.195245e-01
    outer loop
      vertex   -4.044115e-02 -9.772362e-02 -3.503392e-02
      vertex   -4.560375e-02 -1.067828e-01 -2.971805e-02
      vertex   -3.743544e-02 -1.081628e-01 -3.754475e-02
    endloop
  endfacet
  facet normal 7.353357e-01 -2.157989e-02 6.773593e-01
    outer loop
      vertex   -4.754213e-02 -9.772362e-02 -2.732515e-02
      vertex   -4.560375e-02 -1.067828e-01 -2.971805e-02
      vertex   -4.044115e-02 -9.772362e-02 -3.503392e-02
    endloop
  endfacet
  facet normal 8.164448e-01 2.228592e-02 5.769933e-01
    outer loop
      vertex   -4.754213e-02 -9.772362e-02 -2.732515e-02
      vertex   -5.122685e-02 -1.053893e-01 -2.181519e-02
      vertex   -4.560375e-02 -1.067828e-01 -2.971805e-02
    endloop
  endfacet
  facet normal 8.495033e-01 -2.972199e-02 5.267454e-01
    outer loop
      vertex   -5.348660e-02 -9.772362e-02 -1.773826e-02
      vertex   -5.122685e-02 -1.053893e-01 -2.181519e-02
      vertex   -4.754213e-02 -9.772362e-02 -2.732515e-02
    endloop
  endfacet
  facet normal 8.953677e-01 2.755365e-02 4.444744e-01
    outer loop
      vertex   -5.348660e-02 -9.772362e-02 -1.773826e-02
      vertex   -5.606249e-02 -1.036902e-01 -1.217942e-02
      vertex   -5.122685e-02 -1.053893e-01 -2.181519e-02
    endloop
  endfacet
  facet normal 9.348243e-01 -8.158758e-02 3.456109e-01
    outer loop
      vertex   -5.813799e-02 -9.772362e-02 -5.156983e-03
      vertex   -5.606249e-02 -1.036902e-01 -1.217942e-02
      vertex   -5.348660e-02 -9.772362e-02 -1.773826e-02
    endloop
  endfacet
  facet normal 9.571728e-01 -7.674260e-03 2.894157e-01
    outer loop
      vertex   -5.813799e-02 -9.772362e-02 -5.156983e-03
      vertex   -5.852365e-02 -1.009389e-01 -3.966761e-03
      vertex   -5.606249e-02 -1.036902e-01 -1.217942e-02
    endloop
  endfacet
  facet normal 9.779771e-01 -4.159338e-02 2.045258e-01
    outer loop
      vertex   -5.945927e-02 -9.772362e-02 1.160944e-03
      vertex   -5.852365e-02 -1.009389e-01 -3.966761e-03
      vertex   -5.813799e-02 -9.772362e-02 -5.156983e-03
    endloop
  endfacet
  facet normal 0.000000e+00 -9.848078e-01 1.736482e-01
    outer loop
      vertex   -5.122685e-02 -1.053893e-01 -2.181519e-02
      vertex   -5.606249e-02 -1.036902e-01 -1.217942e-02
      vertex   -6.000000e-02 -1.036902e-01 -1.217942e-02
    endloop
  endfacet
  facet normal -9.292711e-09 -9.848078e-01 1.736482e-01
    outer loop
      vertex   -6.000000e-02 -1.332104e-01 -1.795967e-01
      vertex   -5.122685e-02 -1.053893e-01 -2.181519e-02
      vertex   -6.000000e-02 -1.036902e-01 -1.217942e-02
    endloop
  endfacet
  facet normal -3.876412e-07 -9.848078e-01 1.736482e-01
    outer loop
      vertex   -6.000000e-02 -1.332104e-01 -1.795967e-01
      vertex   -4.560375e-02 -1.067828e-01 -2.971805e-02
      vertex   -5.122685e-02 -1.053893e-01 -2.181519e-02
    endloop
  endfacet
  facet normal 6.207254e-07 -9.848078e-01 1.736481e-01
    outer loop
      vertex   -3.743544e-02 -1.081628e-01 -3.754475e-02
      vertex   -4.560375e-02 -1.067828e-01 -2.971805e-02
      vertex   -6.000000e-02 -1.332104e-01 -1.795967e-01
    endloop
  endfacet
  facet normal 6.863689e-08 -9.848078e-01 1.736482e-01
    outer loop
      vertex   -2.896341e-02 -1.091763e-01 -4.329275e-02
      vertex   -3.743544e-02 -1.081628e-01 -3.754475e-02
      vertex   -6.000000e-02 -1.332104e-01 -1.795967e-01
    endloop
  endfacet
  facet normal -6.373292e-07 -9.848077e-01 1.736483e-01
    outer loop
      vertex   -6.000000e-02 -1.332104e-01 -1.795967e-01
      vertex   -2.035374e-02 -1.098559e-01 -4.714658e-02
      vertex   -2.896341e-02 -1.091763e-01 -4.329275e-02
    endloop
  endfacet
  facet normal 4.482256e-09 -9.848078e-01 1.736481e-01
    outer loop
      vertex   -1.127207e-02 -1.103072e-01 -4.970634e-02
      vertex   -2.035374e-02 -1.098559e-01 -4.714658e-02
      vertex   -6.000000e-02 -1.332104e-01 -1.795967e-01
    endloop
  endfacet
  facet normal 1.295723e-06 -9.848078e-01 1.736477e-01
    outer loop
      vertex   -4.044459e-03 -1.104644e-01 -5.059784e-02
      vertex   -1.127207e-02 -1.103072e-01 -4.970634e-02
      vertex   -6.000000e-02 -1.332104e-01 -1.795967e-01
    endloop
  endfacet
  facet normal -2.819449e-07 -9.848077e-01 1.736483e-01
    outer loop
      vertex   -6.000000e-02 -1.332104e-01 -1.795967e-01
      vertex   6.464839e-03 -1.104302e-01 -5.040371e-02
      vertex   -4.044459e-03 -1.104644e-01 -5.059784e-02
    endloop
  endfacet
  facet normal 0.000000e+00 -9.848077e-01 1.736482e-01
    outer loop
      vertex   7.000000e-02 -1.332104e-01 -1.795967e-01
      vertex   6.464839e-03 -1.104302e-01 -5.040371e-02
      vertex   -6.000000e-02 -1.332104e-01 -1.795967e-01
    endloop
  endfacet
  facet normal -1.563911e-07 -9.848078e-01 1.736481e-01
    outer loop
      vertex   7.000000e-02 -1.332104e-01 -1.795967e-01
      vertex   1.829709e-02 -1.099705e-01 -4.779661e-02
      vertex   6.464839e-03 -1.104302e-01 -5.040371e-02
    endloop
  endfacet
  facet normal 8.405158e-08 -9.848077e-01 1.736482e-01
    outer loop
      vertex   2.896341e-02 -1.091763e-01 -4.329275e-02
      vertex   1.829709e-02 -1.099705e-01 -4.779661e-02
      vertex   7.000000e-02 -1.332104e-01 -1.795967e-01
    endloop
  endfacet
  facet normal -9.197849e-09 -9.848078e-01 1.736482e-01
    outer loop
      vertex   7.000000e-02 -1.332104e-01 -1.795967e-01
      vertex   3.701085e-02 -1.082217e-01 -3.787857e-02
      vertex   2.896341e-02 -1.091763e-01 -4.329275e-02
    endloop
  endfacet
  facet normal -5.804298e-07 -9.848076e-01 1.736488e-01
    outer loop
      vertex   5.183635e-02 -1.052316e-01 -2.092102e-02
      vertex   4.679282e-02 -1.065239e-01 -2.824976e-02
      vertex   7.000000e-02 -1.036902e-01 -1.217942e-02
    endloop
  endfacet
  facet normal 0.000000e+00 -9.848078e-01 1.736477e-01
    outer loop
      vertex   7.000000e-02 -1.036902e-01 -1.217942e-02
      vertex   5.606249e-02 -1.036902e-01 -1.217942e-02
      vertex   5.183635e-02 -1.052316e-01 -2.092102e-02
    endloop
  endfacet
  facet normal -1.311876e-07 -9.848078e-01 1.736482e-01
    outer loop
      vertex   7.000000e-02 -1.332104e-01 -1.795967e-01
      vertex   4.679282e-02 -1.065239e-01 -2.824976e-02
      vertex   3.701085e-02 -1.082217e-01 -3.787857e-02
    endloop
  endfacet
  facet normal -1.073287e-07 -9.848078e-01 1.736482e-01
    outer loop
      vertex   7.000000e-02 -1.036902e-01 -1.217942e-02
      vertex   4.679282e-02 -1.065239e-01 -2.824976e-02
      vertex   7.000000e-02 -1.332104e-01 -1.795967e-01
    endloop
  endfacet
  facet normal -0.000000e+00 7.454406e-02 9.972177e-01
    outer loop
      vertex   6.000000e-02 -6.931961e-02 1.222036e-02
      vertex   7.000000e-02 -7.419835e-02 1.258506e-02
      vertex   7.000000e-02 -6.931961e-02 1.222036e-02
    endloop
  endfacet
  facet normal -7.883764e-02 -8.736157e-02 9.930522e-01
    outer loop
      vertex   6.000000e-02 -6.931961e-02 1.222036e-02
      vertex   7.000000e-02 -7.906766e-02 1.215669e-02
      vertex   7.000000e-02 -7.419835e-02 1.258506e-02
    endloop
  endfacet
  facet normal -2.570612e-02 -3.289649e-02 9.991281e-01
    outer loop
      vertex   6.000000e-02 -8.065454e-02 1.184716e-02
      vertex   7.000000e-02 -7.906766e-02 1.215669e-02
      vertex   6.000000e-02 -6.931961e-02 1.222036e-02
    endloop
  endfacet
  facet normal 6.375095e-03 -2.299979e-01 9.731702e-01
    outer loop
      vertex   6.000000e-02 -8.065454e-02 1.184716e-02
      vertex   7.000000e-02 -8.346100e-02 1.111838e-02
      vertex   7.000000e-02 -7.906766e-02 1.215669e-02
    endloop
  endfacet
  facet normal -2.385978e-02 -3.300670e-01 9.436559e-01
    outer loop
      vertex   6.000000e-02 -8.691424e-02 9.657673e-03
      vertex   7.000000e-02 -8.346100e-02 1.111838e-02
      vertex   6.000000e-02 -8.065454e-02 1.184716e-02
    endloop
  endfacet
  facet normal -2.270249e-04 -3.890174e-01 9.212304e-01
    outer loop
      vertex   6.000000e-02 -8.691424e-02 9.657673e-03
      vertex   7.000000e-02 -8.761978e-02 9.362203e-03
      vertex   7.000000e-02 -8.346100e-02 1.111838e-02
    endloop
  endfacet
  facet normal -1.044607e-02 -5.086072e-01 8.609353e-01
    outer loop
      vertex   6.000000e-02 -8.691424e-02 9.657673e-03
      vertex   7.000000e-02 -9.150658e-02 7.066035e-03
      vertex   7.000000e-02 -8.761978e-02 9.362203e-03
    endloop
  endfacet
  facet normal -4.491803e-02 -5.633786e-01 8.249769e-01
    outer loop
      vertex   6.000000e-02 -9.455952e-02 4.436699e-03
      vertex   7.000000e-02 -9.150658e-02 7.066035e-03
      vertex   6.000000e-02 -8.691424e-02 9.657673e-03
    endloop
  endfacet
  facet normal -1.747583e-02 -6.190033e-01 7.851939e-01
    outer loop
      vertex   6.000000e-02 -9.455952e-02 4.436699e-03
      vertex   7.000000e-02 -9.387270e-02 5.200715e-03
      vertex   7.000000e-02 -9.150658e-02 7.066035e-03
    endloop
  endfacet
  facet normal -7.232145e-03 -6.947526e-01 7.192124e-01
    outer loop
      vertex   6.000000e-02 -9.455952e-02 4.436699e-03
      vertex   7.000000e-02 -9.603971e-02 3.107398e-03
      vertex   7.000000e-02 -9.387270e-02 5.200715e-03
    endloop
  endfacet
  facet normal -3.370886e-02 -7.841815e-01 6.196152e-01
    outer loop
      vertex   6.000000e-02 -9.455952e-02 4.436699e-03
      vertex   7.000000e-02 -9.883848e-02 -4.347058e-04
      vertex   7.000000e-02 -9.603971e-02 3.107398e-03
    endloop
  endfacet
  facet normal 3.065460e-02 -7.189205e-01 6.944160e-01
    outer loop
      vertex   6.000000e-02 -9.772362e-02 1.160944e-03
      vertex   7.000000e-02 -9.883848e-02 -4.347058e-04
      vertex   6.000000e-02 -9.455952e-02 4.436699e-03
    endloop
  endfacet
  facet normal 0.000000e+00 -8.197362e-01 5.727413e-01
    outer loop
      vertex   5.945927e-02 -9.772362e-02 1.160944e-03
      vertex   7.000000e-02 -9.883848e-02 -4.347058e-04
      vertex   6.000000e-02 -9.772362e-02 1.160944e-03
    endloop
  endfacet
  facet normal -2.002429e-02 -8.768419e-01 4.803616e-01
    outer loop
      vertex   5.945927e-02 -9.772362e-02 1.160944e-03
      vertex   7.000000e-02 -1.017264e-01 -5.706213e-03
      vertex   7.000000e-02 -9.883848e-02 -4.347058e-04
    endloop
  endfacet
  facet normal -6.804744e-04 -8.644014e-01 5.028020e-01
    outer loop
      vertex   5.804324e-02 -1.018707e-01 -5.970553e-03
      vertex   7.000000e-02 -1.017264e-01 -5.706213e-03
      vertex   5.945927e-02 -9.772362e-02 1.160944e-03
    endloop
  endfacet
  facet normal 5.408706e-03 -9.600931e-01 2.796281e-01
    outer loop
      vertex   5.606249e-02 -1.036902e-01 -1.217942e-02
      vertex   7.000000e-02 -1.017264e-01 -5.706213e-03
      vertex   5.804324e-02 -1.018707e-01 -5.970553e-03
    endloop
  endfacet
  facet normal 0.000000e+00 -9.569313e-01 2.903144e-01
    outer loop
      vertex   5.606249e-02 -1.036902e-01 -1.217942e-02
      vertex   7.000000e-02 -1.036902e-01 -1.217942e-02
      vertex   7.000000e-02 -1.017264e-01 -5.706213e-03
    endloop
  endfacet
  facet normal 0.000000e+00 -8.132641e-01 5.818948e-01
    outer loop
      vertex   6.000000e-02 -4.353175e-02 2.459648e-02
      vertex   7.000000e-02 -4.634384e-02 2.066627e-02
      vertex   7.000000e-02 -4.353175e-02 2.459648e-02
    endloop
  endfacet
  facet normal 2.328300e-02 -7.840640e-01 6.202431e-01
    outer loop
      vertex   6.000000e-02 -4.780357e-02 1.919636e-02
      vertex   7.000000e-02 -4.634384e-02 2.066627e-02
      vertex   6.000000e-02 -4.353175e-02 2.459648e-02
    endloop
  endfacet
  facet normal -7.641153e-03 -6.830613e-01 7.303211e-01
    outer loop
      vertex   6.000000e-02 -4.780357e-02 1.919636e-02
      vertex   7.000000e-02 -5.037154e-02 1.689920e-02
      vertex   7.000000e-02 -4.634384e-02 2.066627e-02
    endloop
  endfacet
  facet normal 2.203723e-02 -6.175184e-01 7.862476e-01
    outer loop
      vertex   6.000000e-02 -5.267262e-02 1.537222e-02
      vertex   7.000000e-02 -5.037154e-02 1.689920e-02
      vertex   6.000000e-02 -4.780357e-02 1.919636e-02
    endloop
  endfacet
  facet normal -2.186946e-02 -4.850737e-01 8.741998e-01
    outer loop
      vertex   6.000000e-02 -5.267262e-02 1.537222e-02
      vertex   7.000000e-02 -5.593921e-02 1.380983e-02
      vertex   7.000000e-02 -5.037154e-02 1.689920e-02
    endloop
  endfacet
  facet normal 9.543849e-03 -4.075334e-01 9.131404e-01
    outer loop
      vertex   6.000000e-02 -5.770864e-02 1.312465e-02
      vertex   7.000000e-02 -5.593921e-02 1.380983e-02
      vertex   6.000000e-02 -5.267262e-02 1.537222e-02
    endloop
  endfacet
  facet normal -1.864010e-02 -2.676842e-01 9.633264e-01
    outer loop
      vertex   6.000000e-02 -5.770864e-02 1.312465e-02
      vertex   7.000000e-02 -6.174318e-02 1.219705e-02
      vertex   7.000000e-02 -5.593921e-02 1.380983e-02
    endloop
  endfacet
  facet normal 1.145828e-02 -1.969937e-01 9.803378e-01
    outer loop
      vertex   6.000000e-02 -6.311536e-02 1.203820e-02
      vertex   7.000000e-02 -6.174318e-02 1.219705e-02
      vertex   6.000000e-02 -5.770864e-02 1.312465e-02
    endloop
  endfacet
  facet normal -1.630516e-02 3.076247e-03 9.998623e-01
    outer loop
      vertex   6.000000e-02 -6.311536e-02 1.203820e-02
      vertex   7.000000e-02 -6.931961e-02 1.222036e-02
      vertex   7.000000e-02 -6.174318e-02 1.219705e-02
    endloop
  endfacet
  facet normal -0.000000e+00 2.934829e-02 9.995692e-01
    outer loop
      vertex   6.000000e-02 -6.931961e-02 1.222036e-02
      vertex   7.000000e-02 -6.931961e-02 1.222036e-02
      vertex   6.000000e-02 -6.311536e-02 1.203820e-02
    endloop
  endfacet
  facet normal 0.000000e+00 -3.280815e-01 9.446494e-01
    outer loop
      vertex   5.682736e-02 8.282948e-02 -1.104421e-02
      vertex   7.000000e-02 8.152526e-02 -1.149717e-02
      vertex   7.000000e-02 8.282948e-02 -1.104421e-02
    endloop
  endfacet
  facet normal 1.027387e-02 -2.338876e-01 9.722094e-01
    outer loop
      vertex   5.682736e-02 8.282948e-02 -1.104421e-02
      vertex   7.000000e-02 7.850783e-02 -1.222308e-02
      vertex   7.000000e-02 8.152526e-02 -1.149717e-02
    endloop
  endfacet
  facet normal -1.102163e-02 -2.942817e-01 9.556552e-01
    outer loop
      vertex   5.650891e-02 7.986809e-02 -1.195980e-02
      vertex   7.000000e-02 7.850783e-02 -1.222308e-02
      vertex   5.682736e-02 8.282948e-02 -1.104421e-02
    endloop
  endfacet
  facet normal 2.760257e-03 -1.635685e-01 9.865281e-01
    outer loop
      vertex   5.881348e-02 7.680690e-02 -1.247380e-02
      vertex   7.000000e-02 7.850783e-02 -1.222308e-02
      vertex   5.650891e-02 7.986809e-02 -1.195980e-02
    endloop
  endfacet
  facet normal -8.984365e-03 -8.773889e-02 9.961030e-01
    outer loop
      vertex   5.881348e-02 7.680690e-02 -1.247380e-02
      vertex   7.000000e-02 7.405022e-02 -1.261572e-02
      vertex   7.000000e-02 7.850783e-02 -1.222308e-02
    endloop
  endfacet
  facet normal 5.904231e-03 -2.750173e-02 9.996043e-01
    outer loop
      vertex   6.000000e-02 7.227638e-02 -1.260546e-02
      vertex   7.000000e-02 7.405022e-02 -1.261572e-02
      vertex   5.881348e-02 7.680690e-02 -1.247380e-02
    endloop
  endfacet
  facet normal -1.352330e-02 8.200307e-02 9.965403e-01
    outer loop
      vertex   6.000000e-02 7.227638e-02 -1.260546e-02
      vertex   7.000000e-02 6.959042e-02 -1.224873e-02
      vertex   7.000000e-02 7.405022e-02 -1.261572e-02
    endloop
  endfacet
  facet normal 4.737101e-02 3.027851e-01 9.518809e-01
    outer loop
      vertex   6.000000e-02 7.227638e-02 -1.260546e-02
      vertex   7.000000e-02 6.385989e-02 -1.042590e-02
      vertex   7.000000e-02 6.959042e-02 -1.224873e-02
    endloop
  endfacet
  facet normal 5.680030e-03 2.570082e-01 9.663925e-01
    outer loop
      vertex   6.000000e-02 6.341968e-02 -1.025005e-02
      vertex   7.000000e-02 6.385989e-02 -1.042590e-02
      vertex   6.000000e-02 7.227638e-02 -1.260546e-02
    endloop
  endfacet
  facet normal -7.181337e-03 5.073540e-01 8.617078e-01
    outer loop
      vertex   6.000000e-02 6.341968e-02 -1.025005e-02
      vertex   7.000000e-02 5.868138e-02 -7.376913e-03
      vertex   7.000000e-02 6.385989e-02 -1.042590e-02
    endloop
  endfacet
  facet normal 2.684092e-02 5.591150e-01 8.286555e-01
    outer loop
      vertex   6.000000e-02 5.725888e-02 -6.093209e-03
      vertex   7.000000e-02 5.868138e-02 -7.376913e-03
      vertex   6.000000e-02 6.341968e-02 -1.025005e-02
    endloop
  endfacet
  facet normal -2.057646e-03 6.778934e-01 7.351574e-01
    outer loop
      vertex   6.000000e-02 5.725888e-02 -6.093209e-03
      vertex   7.000000e-02 5.539164e-02 -4.343420e-03
      vertex   7.000000e-02 5.868138e-02 -7.376913e-03
    endloop
  endfacet
  facet normal 3.272910e-02 7.711250e-01 6.358420e-01
    outer loop
      vertex   6.000000e-02 5.241810e-02 -2.224904e-04
      vertex   7.000000e-02 5.539164e-02 -4.343420e-03
      vertex   6.000000e-02 5.725888e-02 -6.093209e-03
    endloop
  endfacet
  facet normal 1.765897e-02 7.899804e-01 6.128777e-01
    outer loop
      vertex   6.000000e-02 5.241810e-02 -2.224904e-04
      vertex   7.000000e-02 5.306778e-02 -1.348041e-03
      vertex   7.000000e-02 5.539164e-02 -4.343420e-03
    endloop
  endfacet
  facet normal -4.683788e-03 8.835221e-01 4.683660e-01
    outer loop
      vertex   6.000000e-02 5.241810e-02 -2.224904e-04
      vertex   7.000000e-02 5.113193e-02 2.303739e-03
      vertex   7.000000e-02 5.306778e-02 -1.348041e-03
    endloop
  endfacet
  facet normal 3.371239e-02 9.382723e-01 3.442508e-01
    outer loop
      vertex   6.000000e-02 4.931896e-02 8.224357e-03
      vertex   7.000000e-02 5.113193e-02 2.303739e-03
      vertex   6.000000e-02 5.241810e-02 -2.224904e-04
    endloop
  endfacet
  facet normal -0.000000e+00 9.561760e-01 2.927925e-01
    outer loop
      vertex   6.000000e-02 4.931896e-02 8.224357e-03
      vertex   7.000000e-02 4.931896e-02 8.224357e-03
      vertex   7.000000e-02 5.113193e-02 2.303739e-03
    endloop
  endfacet
  facet normal 9.306129e-01 -1.301466e-02 3.657735e-01
    outer loop
      vertex   -5.650891e-02 7.986809e-02 -1.195980e-02
      vertex   -5.497850e-02 8.430554e-02 -1.569562e-02
      vertex   -5.682736e-02 8.282948e-02 -1.104421e-02
    endloop
  endfacet
  facet normal 9.214198e-01 9.253911e-03 3.884584e-01
    outer loop
      vertex   -5.478372e-02 8.094755e-02 -1.607766e-02
      vertex   -5.497850e-02 8.430554e-02 -1.569562e-02
      vertex   -5.650891e-02 7.986809e-02 -1.195980e-02
    endloop
  endfacet
  facet normal 8.802619e-01 -2.920179e-03 4.744792e-01
    outer loop
      vertex   -5.478372e-02 8.094755e-02 -1.607766e-02
      vertex   -5.052742e-02 8.648895e-02 -2.393991e-02
      vertex   -5.497850e-02 8.430554e-02 -1.569562e-02
    endloop
  endfacet
  facet normal 8.806502e-01 -4.255791e-03 4.737480e-01
    outer loop
      vertex   -5.000000e-02 8.227638e-02 -2.495817e-02
      vertex   -5.052742e-02 8.648895e-02 -2.393991e-02
      vertex   -5.478372e-02 8.094755e-02 -1.607766e-02
    endloop
  endfacet
  facet normal 7.814082e-01 -5.247026e-02 6.218103e-01
    outer loop
      vertex   -5.000000e-02 8.227638e-02 -2.495817e-02
      vertex   -4.226584e-02 8.844938e-02 -3.415653e-02
      vertex   -5.052742e-02 8.648895e-02 -2.393991e-02
    endloop
  endfacet
  facet normal 7.735597e-01 -2.565962e-02 6.332037e-01
    outer loop
      vertex   -4.320883e-02 8.227638e-02 -3.325467e-02
      vertex   -4.226584e-02 8.844938e-02 -3.415653e-02
      vertex   -5.000000e-02 8.227638e-02 -2.495817e-02
    endloop
  endfacet
  facet normal 6.430486e-01 1.363501e-02 7.657040e-01
    outer loop
      vertex   -3.337135e-02 8.227638e-02 -4.151632e-02
      vertex   -4.226584e-02 8.844938e-02 -3.415653e-02
      vertex   -4.320883e-02 8.227638e-02 -3.325467e-02
    endloop
  endfacet
  facet normal 6.350234e-01 -5.994526e-03 7.724696e-01
    outer loop
      vertex   -3.337135e-02 8.227638e-02 -4.151632e-02
      vertex   -3.272988e-02 8.942352e-02 -4.198819e-02
      vertex   -4.226584e-02 8.844938e-02 -3.415653e-02
    endloop
  endfacet
  facet normal 4.747363e-01 1.549057e-02 8.799917e-01
    outer loop
      vertex   -3.337135e-02 8.227638e-02 -4.151632e-02
      vertex   -2.383179e-02 8.977872e-02 -4.679477e-02
      vertex   -3.272988e-02 8.942352e-02 -4.198819e-02
    endloop
  endfacet
  facet normal 4.837277e-01 6.990492e-04 8.752182e-01
    outer loop
      vertex   -2.352028e-02 8.227638e-02 -4.696095e-02
      vertex   -2.383179e-02 8.977872e-02 -4.679477e-02
      vertex   -3.337135e-02 8.227638e-02 -4.151632e-02
    endloop
  endfacet
  facet normal 3.083394e-01 -8.267294e-03 9.512405e-01
    outer loop
      vertex   -1.433985e-02 8.227638e-02 -4.993673e-02
      vertex   -2.383179e-02 8.977872e-02 -4.679477e-02
      vertex   -2.352028e-02 8.227638e-02 -4.696095e-02
    endloop
  endfacet
  facet normal 3.346792e-01 2.897526e-02 9.418865e-01
    outer loop
      vertex   -1.433985e-02 8.227638e-02 -4.993673e-02
      vertex   -1.622949e-02 8.990013e-02 -4.949982e-02
      vertex   -2.383179e-02 8.977872e-02 -4.679477e-02
    endloop
  endfacet
  facet normal 2.077181e-01 -4.573607e-03 9.781780e-01
    outer loop
      vertex   -1.433985e-02 8.227638e-02 -4.993673e-02
      vertex   -8.341992e-03 8.994765e-02 -5.117452e-02
      vertex   -1.622949e-02 8.990013e-02 -4.949982e-02
    endloop
  endfacet
  facet normal 1.442018e-01 4.674360e-02 9.884437e-01
    outer loop
      vertex   -2.414252e-03 8.227638e-02 -5.167653e-02
      vertex   -8.341992e-03 8.994765e-02 -5.117452e-02
      vertex   -1.433985e-02 8.227638e-02 -4.993673e-02
    endloop
  endfacet
  facet normal 7.250097e-02 -9.242256e-03 9.973255e-01
    outer loop
      vertex   -2.414252e-03 8.227638e-02 -5.167653e-02
      vertex   -9.303115e-04 8.995821e-02 -5.171322e-02
      vertex   -8.341992e-03 8.994765e-02 -5.117452e-02
    endloop
  endfacet
  facet normal -4.711493e-02 1.387161e-02 9.987932e-01
    outer loop
      vertex   7.758042e-03 8.227638e-02 -5.119668e-02
      vertex   -9.303115e-04 8.995821e-02 -5.171322e-02
      vertex   -2.414252e-03 8.227638e-02 -5.167653e-02
    endloop
  endfacet
  facet normal -4.930903e-02 1.138502e-02 9.987187e-01
    outer loop
      vertex   7.758042e-03 8.227638e-02 -5.119668e-02
      vertex   7.470915e-03 8.995039e-02 -5.129834e-02
      vertex   -9.303115e-04 8.995821e-02 -5.171322e-02
    endloop
  endfacet
  facet normal -1.982641e-01 5.565584e-03 9.801328e-01
    outer loop
      vertex   7.758042e-03 8.227638e-02 -5.119668e-02
      vertex   1.565198e-02 8.990452e-02 -4.964319e-02
      vertex   7.470915e-03 8.995039e-02 -5.129834e-02
    endloop
  endfacet
  facet normal -2.198617e-01 2.894040e-02 9.751017e-01
    outer loop
      vertex   1.873513e-02 8.227638e-02 -4.872162e-02
      vertex   1.565198e-02 8.990452e-02 -4.964319e-02
      vertex   7.758042e-03 8.227638e-02 -5.119668e-02
    endloop
  endfacet
  facet normal -3.641758e-01 -3.475520e-02 9.306815e-01
    outer loop
      vertex   1.873513e-02 8.227638e-02 -4.872162e-02
      vertex   2.696625e-02 8.967398e-02 -4.522452e-02
      vertex   1.565198e-02 8.990452e-02 -4.964319e-02
    endloop
  endfacet
  facet normal -3.798793e-01 -1.455944e-02 9.249215e-01
    outer loop
      vertex   2.692070e-02 8.227638e-02 -4.535968e-02
      vertex   2.696625e-02 8.967398e-02 -4.522452e-02
      vertex   1.873513e-02 8.227638e-02 -4.872162e-02
    endloop
  endfacet
  facet normal -5.118059e-01 -1.254269e-02 8.590095e-01
    outer loop
      vertex   3.429423e-02 8.227638e-02 -4.096646e-02
      vertex   2.696625e-02 8.967398e-02 -4.522452e-02
      vertex   2.692070e-02 8.227638e-02 -4.535968e-02
    endloop
  endfacet
  facet normal -5.632967e-01 -8.492126e-02 8.218790e-01
    outer loop
      vertex   3.429423e-02 8.227638e-02 -4.096646e-02
      vertex   3.972960e-02 8.880028e-02 -3.656710e-02
      vertex   2.696625e-02 8.967398e-02 -4.522452e-02
    endloop
  endfacet
  facet normal -6.292769e-01 1.918693e-04 7.771812e-01
    outer loop
      vertex   4.096485e-02 8.227638e-02 -3.556532e-02
      vertex   3.972960e-02 8.880028e-02 -3.656710e-02
      vertex   3.429423e-02 8.227638e-02 -4.096646e-02
    endloop
  endfacet
  facet normal -7.605085e-01 -4.452281e-02 6.477998e-01
    outer loop
      vertex   5.000000e-02 8.227638e-02 -2.495817e-02
      vertex   3.972960e-02 8.880028e-02 -3.656710e-02
      vertex   4.096485e-02 8.227638e-02 -3.556532e-02
    endloop
  endfacet
  facet normal -7.495618e-01 -2.143993e-03 6.619310e-01
    outer loop
      vertex   5.000000e-02 8.227638e-02 -2.495817e-02
      vertex   4.957222e-02 8.683468e-02 -2.542782e-02
      vertex   3.972960e-02 8.880028e-02 -3.656710e-02
    endloop
  endfacet
  facet normal -8.817976e-01 -3.429004e-02 4.703798e-01
    outer loop
      vertex   5.455335e-02 8.102102e-02 -1.651375e-02
      vertex   4.957222e-02 8.683468e-02 -2.542782e-02
      vertex   5.000000e-02 8.227638e-02 -2.495817e-02
    endloop
  endfacet
  facet normal -8.785947e-01 -2.124885e-02 4.770953e-01
    outer loop
      vertex   5.455335e-02 8.102102e-02 -1.651375e-02
      vertex   5.499791e-02 8.424524e-02 -1.555146e-02
      vertex   4.957222e-02 8.683468e-02 -2.542782e-02
    endloop
  endfacet
  facet normal -9.180673e-01 8.296302e-03 3.963378e-01
    outer loop
      vertex   5.650891e-02 7.986809e-02 -1.195980e-02
      vertex   5.499791e-02 8.424524e-02 -1.555146e-02
      vertex   5.455335e-02 8.102102e-02 -1.651375e-02
    endloop
  endfacet
  facet normal -9.281295e-01 -1.519059e-02 3.719475e-01
    outer loop
      vertex   5.682736e-02 8.282948e-02 -1.104421e-02
      vertex   5.499791e-02 8.424524e-02 -1.555146e-02
      vertex   5.650891e-02 7.986809e-02 -1.195980e-02
    endloop
  endfacet
  facet normal -9.658850e-01 -2.588909e-01 -6.456573e-03
    outer loop
      vertex   6.000000e-02 7.227638e-02 -1.260546e-02
      vertex   5.924523e-02 7.598829e-02 -4.853218e-02
      vertex   5.990501e-02 7.358040e-02 -5.068350e-02
    endloop
  endfacet
  facet normal -9.673997e-01 -2.531872e-01 -5.835442e-03
    outer loop
      vertex   5.881348e-02 7.680690e-02 -1.247380e-02
      vertex   5.924523e-02 7.598829e-02 -4.853218e-02
      vertex   6.000000e-02 7.227638e-02 -1.260546e-02
    endloop
  endfacet
  facet normal -8.849811e-01 -4.656269e-01 -2.573129e-05
    outer loop
      vertex   5.881348e-02 7.680690e-02 -1.247380e-02
      vertex   5.823453e-02 7.790926e-02 -4.853218e-02
      vertex   5.924523e-02 7.598829e-02 -4.853218e-02
    endloop
  endfacet
  facet normal -7.518373e-01 -6.592991e-01 -8.084350e-03
    outer loop
      vertex   5.881348e-02 7.680690e-02 -1.247380e-02
      vertex   5.656971e-02 7.976818e-02 -4.530520e-02
      vertex   5.823453e-02 7.790926e-02 -4.853218e-02
    endloop
  endfacet
  facet normal -7.988838e-01 -6.014853e-01 3.455091e-04
    outer loop
      vertex   5.650891e-02 7.986809e-02 -1.195980e-02
      vertex   5.656971e-02 7.976818e-02 -4.530520e-02
      vertex   5.881348e-02 7.680690e-02 -1.247380e-02
    endloop
  endfacet
  facet normal -5.107097e-01 -8.597516e-01 1.644874e-03
    outer loop
      vertex   5.455335e-02 8.102102e-02 -1.651375e-02
      vertex   5.656971e-02 7.976818e-02 -4.530520e-02
      vertex   5.650891e-02 7.986809e-02 -1.195980e-02
    endloop
  endfacet
  facet normal -5.636022e-01 -8.260388e-01 -3.526376e-03
    outer loop
      vertex   5.455335e-02 8.102102e-02 -1.651375e-02
      vertex   5.470982e-02 8.108768e-02 -5.713745e-02
      vertex   5.656971e-02 7.976818e-02 -4.530520e-02
    endloop
  endfacet
  facet normal -3.472867e-01 -9.377546e-01 -2.876494e-03
    outer loop
      vertex   5.455335e-02 8.102102e-02 -1.651375e-02
      vertex   5.218320e-02 8.199864e-02 -4.907001e-02
      vertex   5.470982e-02 8.108768e-02 -5.713745e-02
    endloop
  endfacet
  facet normal -2.464877e-01 -9.690817e-01 -1.115553e-02
    outer loop
      vertex   5.000000e-02 8.227638e-02 -2.495817e-02
      vertex   5.218320e-02 8.199864e-02 -4.907001e-02
      vertex   5.455335e-02 8.102102e-02 -1.651375e-02
    endloop
  endfacet
  facet normal -1.261992e-01 -9.920049e-01 0.000000e+00
    outer loop
      vertex   5.000000e-02 8.227638e-02 -8.080193e-02
      vertex   5.218320e-02 8.199864e-02 -4.907001e-02
      vertex   5.000000e-02 8.227638e-02 -2.495817e-02
    endloop
  endfacet
  facet normal -2.660025e-01 -9.639219e-01 9.864456e-03
    outer loop
      vertex   5.455178e-02 8.102028e-02 -8.080193e-02
      vertex   5.218320e-02 8.199864e-02 -4.907001e-02
      vertex   5.000000e-02 8.227638e-02 -8.080193e-02
    endloop
  endfacet
  facet normal -3.253819e-01 -9.455702e-01 4.866347e-03
    outer loop
      vertex   5.455178e-02 8.102028e-02 -8.080193e-02
      vertex   5.470982e-02 8.108768e-02 -5.713745e-02
      vertex   5.218320e-02 8.199864e-02 -4.907001e-02
    endloop
  endfacet
  facet normal -6.049994e-01 -7.962009e-01 6.308251e-03
    outer loop
      vertex   5.455178e-02 8.102028e-02 -8.080193e-02
      vertex   5.656971e-02 7.976818e-02 -4.530520e-02
      vertex   5.470982e-02 8.108768e-02 -5.713745e-02
    endloop
  endfacet
  facet normal -6.260940e-01 -7.797056e-01 8.089293e-03
    outer loop
      vertex   5.789582e-02 7.833506e-02 -8.080193e-02
      vertex   5.656971e-02 7.976818e-02 -4.530520e-02
      vertex   5.455178e-02 8.102028e-02 -8.080193e-02
    endloop
  endfacet
  facet normal -7.457578e-01 -6.662165e-01 -9.631101e-04
    outer loop
      vertex   5.789582e-02 7.833506e-02 -8.080193e-02
      vertex   5.823453e-02 7.790926e-02 -4.853218e-02
      vertex   5.656971e-02 7.976818e-02 -4.530520e-02
    endloop
  endfacet
  facet normal -8.849767e-01 -4.656246e-01 3.144941e-03
    outer loop
      vertex   5.789582e-02 7.833506e-02 -8.080193e-02
      vertex   5.924523e-02 7.598829e-02 -4.853218e-02
      vertex   5.823453e-02 7.790926e-02 -4.853218e-02
    endloop
  endfacet
  facet normal -9.445354e-01 -3.280369e-01 1.564132e-02
    outer loop
      vertex   6.000000e-02 7.227638e-02 -8.080193e-02
      vertex   5.924523e-02 7.598829e-02 -4.853218e-02
      vertex   5.789582e-02 7.833506e-02 -8.080193e-02
    endloop
  endfacet
  facet normal -9.624003e-01 -2.714952e-01 8.719607e-03
    outer loop
      vertex   6.000000e-02 7.227638e-02 -8.080193e-02
      vertex   5.990501e-02 7.358040e-02 -5.068350e-02
      vertex   5.924523e-02 7.598829e-02 -4.853218e-02
    endloop
  endfacet
  facet normal -9.973576e-01 -7.264836e-02 -0.000000e+00
    outer loop
      vertex   6.000000e-02 7.227638e-02 -1.260546e-02
      vertex   5.990501e-02 7.358040e-02 -5.068350e-02
      vertex   6.000000e-02 7.227638e-02 -8.080193e-02
    endloop
  endfacet
  facet normal 0.000000e+00 -1.000000e+00 0.000000e+00
    outer loop
      vertex   4.096485e-02 8.227638e-02 -3.556532e-02
      vertex   5.000000e-02 8.227638e-02 -8.080193e-02
      vertex   5.000000e-02 8.227638e-02 -2.495817e-02
    endloop
  endfacet
  facet normal 0.000000e+00 -1.000000e+00 0.000000e+00
    outer loop
      vertex   3.429423e-02 8.227638e-02 -4.096646e-02
      vertex   5.000000e-02 8.227638e-02 -8.080193e-02
      vertex   4.096485e-02 8.227638e-02 -3.556532e-02
    endloop
  endfacet
  facet normal 0.000000e+00 -1.000000e+00 0.000000e+00
    outer loop
      vertex   2.692070e-02 8.227638e-02 -4.535968e-02
      vertex   5.000000e-02 8.227638e-02 -8.080193e-02
      vertex   3.429423e-02 8.227638e-02 -4.096646e-02
    endloop
  endfacet
  facet normal 0.000000e+00 -1.000000e+00 0.000000e+00
    outer loop
      vertex   1.873513e-02 8.227638e-02 -4.872162e-02
      vertex   5.000000e-02 8.227638e-02 -8.080193e-02
      vertex   2.692070e-02 8.227638e-02 -4.535968e-02
    endloop
  endfacet
  facet normal 0.000000e+00 -1.000000e+00 0.000000e+00
    outer loop
      vertex   7.758042e-03 8.227638e-02 -5.119668e-02
      vertex   5.000000e-02 8.227638e-02 -8.080193e-02
      vertex   1.873513e-02 8.227638e-02 -4.872162e-02
    endloop
  endfacet
  facet normal 0.000000e+00 -1.000000e+00 0.000000e+00
    outer loop
      vertex   -2.414252e-03 8.227638e-02 -5.167653e-02
      vertex   5.000000e-02 8.227638e-02 -8.080193e-02
      vertex   7.758042e-03 8.227638e-02 -5.119668e-02
    endloop
  endfacet
  facet normal 0.000000e+00 -1.000000e+00 -0.000000e+00
    outer loop
      vertex   -2.414252e-03 8.227638e-02 -5.167653e-02
      vertex   -5.000000e-02 8.227638e-02 -8.080193e-02
      vertex   5.000000e-02 8.227638e-02 -8.080193e-02
    endloop
  endfacet
  facet normal 0.000000e+00 -1.000000e+00 -0.000000e+00
    outer loop
      vertex   -1.433985e-02 8.227638e-02 -4.993673e-02
      vertex   -5.000000e-02 8.227638e-02 -8.080193e-02
      vertex   -2.414252e-03 8.227638e-02 -5.167653e-02
    endloop
  endfacet
  facet normal 0.000000e+00 -1.000000e+00 -0.000000e+00
    outer loop
      vertex   -2.352028e-02 8.227638e-02 -4.696095e-02
      vertex   -5.000000e-02 8.227638e-02 -8.080193e-02
      vertex   -1.433985e-02 8.227638e-02 -4.993673e-02
    endloop
  endfacet
  facet normal 0.000000e+00 -1.000000e+00 -0.000000e+00
    outer loop
      vertex   -3.337135e-02 8.227638e-02 -4.151632e-02
      vertex   -5.000000e-02 8.227638e-02 -8.080193e-02
      vertex   -2.352028e-02 8.227638e-02 -4.696095e-02
    endloop
  endfacet
  facet normal 0.000000e+00 -1.000000e+00 -0.000000e+00
    outer loop
      vertex   -4.320883e-02 8.227638e-02 -3.325467e-02
      vertex   -5.000000e-02 8.227638e-02 -8.080193e-02
      vertex   -3.337135e-02 8.227638e-02 -4.151632e-02
    endloop
  endfacet
  facet normal 0.000000e+00 -1.000000e+00 0.000000e+00
    outer loop
      vertex   -5.000000e-02 8.227638e-02 -2.495817e-02
      vertex   -5.000000e-02 8.227638e-02 -8.080193e-02
      vertex   -4.320883e-02 8.227638e-02 -3.325467e-02
    endloop
  endfacet
  facet normal 0.000000e+00 0.000000e+00 1.000000e+00
    outer loop
      vertex   5.000000e-02 8.227638e-02 -8.080193e-02
      vertex   -5.000000e-02 8.227638e-02 -8.080193e-02
      vertex   6.000000e-02 -9.772362e-02 -8.080193e-02
    endloop
  endfacet
  facet normal 0.000000e+00 0.000000e+00 1.000000e+00
    outer loop
      vertex   5.455178e-02 8.102028e-02 -8.080193e-02
      vertex   6.000000e-02 7.227638e-02 -8.080193e-02
      vertex   5.789582e-02 7.833506e-02 -8.080193e-02
    endloop
  endfacet
  facet normal 0.000000e+00 0.000000e+00 1.000000e+00
    outer loop
      vertex   5.000000e-02 8.227638e-02 -8.080193e-02
      vertex   6.000000e-02 7.227638e-02 -8.080193e-02
      vertex   5.455178e-02 8.102028e-02 -8.080193e-02
    endloop
  endfacet
  facet normal 0.000000e+00 -0.000000e+00 1.000000e+00
    outer loop
      vertex   6.000000e-02 -9.772362e-02 -8.080193e-02
      vertex   6.000000e-02 7.227638e-02 -8.080193e-02
      vertex   5.000000e-02 8.227638e-02 -8.080193e-02
    endloop
  endfacet
  facet normal 0.000000e+00 0.000000e+00 1.000000e+00
    outer loop
      vertex   -6.000000e-02 7.227638e-02 -8.080193e-02
      vertex   -5.542786e-02 8.059652e-02 -8.080193e-02
      vertex   -5.839382e-02 7.762383e-02 -8.080193e-02
    endloop
  endfacet
  facet normal 0.000000e+00 0.000000e+00 1.000000e+00
    outer loop
      vertex   -5.000000e-02 8.227638e-02 -8.080193e-02
      vertex   -5.542786e-02 8.059652e-02 -8.080193e-02
      vertex   -6.000000e-02 7.227638e-02 -8.080193e-02
    endloop
  endfacet
  facet normal 0.000000e+00 0.000000e+00 1.000000e+00
    outer loop
      vertex   -5.000000e-02 8.227638e-02 -8.080193e-02
      vertex   -6.000000e-02 -9.772362e-02 -8.080193e-02
      vertex   6.000000e-02 -9.772362e-02 -8.080193e-02
    endloop
  endfacet
  facet normal 0.000000e+00 0.000000e+00 1.000000e+00
    outer loop
      vertex   -5.000000e-02 8.227638e-02 -8.080193e-02
      vertex   -6.000000e-02 7.227638e-02 -8.080193e-02
      vertex   -6.000000e-02 -9.772362e-02 -8.080193e-02
    endloop
  endfacet
  facet normal 3.149209e-01 -9.490241e-01 1.334774e-02
    outer loop
      vertex   -5.411739e-02 8.136395e-02 -4.853218e-02
      vertex   -5.000000e-02 8.227638e-02 -8.080193e-02
      vertex   -5.200016e-02 8.205139e-02 -4.960784e-02
    endloop
  endfacet
  facet normal 2.956360e-01 -9.552406e-01 1.071135e-02
    outer loop
      vertex   -5.542786e-02 8.059652e-02 -8.080193e-02
      vertex   -5.000000e-02 8.227638e-02 -8.080193e-02
      vertex   -5.411739e-02 8.136395e-02 -4.853218e-02
    endloop
  endfacet
  facet normal 5.185216e-01 -8.550642e-01 -7.223004e-04
    outer loop
      vertex   -5.615676e-02 8.012089e-02 -4.100257e-02
      vertex   -5.542786e-02 8.059652e-02 -8.080193e-02
      vertex   -5.411739e-02 8.136395e-02 -4.853218e-02
    endloop
  endfacet
  facet normal 7.323287e-01 -6.809309e-01 5.274495e-03
    outer loop
      vertex   -5.830081e-02 7.775668e-02 -4.853218e-02
      vertex   -5.542786e-02 8.059652e-02 -8.080193e-02
      vertex   -5.615676e-02 8.012089e-02 -4.100257e-02
    endloop
  endfacet
  facet normal 7.079066e-01 -7.063055e-01 8.671704e-04
    outer loop
      vertex   -5.839382e-02 7.762383e-02 -8.080193e-02
      vertex   -5.542786e-02 8.059652e-02 -8.080193e-02
      vertex   -5.830081e-02 7.775668e-02 -4.853218e-02
    endloop
  endfacet
  facet normal 7.359310e-01 -6.770497e-01 3.030098e-03
    outer loop
      vertex   -5.650891e-02 7.986809e-02 -1.195980e-02
      vertex   -5.830081e-02 7.775668e-02 -4.853218e-02
      vertex   -5.615676e-02 8.012089e-02 -4.100257e-02
    endloop
  endfacet
  facet normal 8.478992e-01 -5.300445e-01 -1.094285e-02
    outer loop
      vertex   -5.956738e-02 7.498919e-02 -1.262208e-02
      vertex   -5.830081e-02 7.775668e-02 -4.853218e-02
      vertex   -5.650891e-02 7.986809e-02 -1.195980e-02
    endloop
  endfacet
  facet normal 9.206740e-01 -3.903250e-01 2.391748e-03
    outer loop
      vertex   -5.956738e-02 7.498919e-02 -1.262208e-02
      vertex   -5.971655e-02 7.443048e-02 -4.638086e-02
      vertex   -5.830081e-02 7.775668e-02 -4.853218e-02
    endloop
  endfacet
  facet normal 9.875188e-01 -1.574912e-01 -1.757031e-03
    outer loop
      vertex   -6.000000e-02 7.227638e-02 -1.260546e-02
      vertex   -5.971655e-02 7.443048e-02 -4.638086e-02
      vertex   -5.956738e-02 7.498919e-02 -1.262208e-02
    endloop
  endfacet
  facet normal 9.914536e-01 -1.304596e-01 0.000000e+00
    outer loop
      vertex   -6.000000e-02 7.227638e-02 -8.080193e-02
      vertex   -5.971655e-02 7.443048e-02 -4.638086e-02
      vertex   -6.000000e-02 7.227638e-02 -1.260546e-02
    endloop
  endfacet
  facet normal 9.237617e-01 -3.826191e-01 1.633784e-02
    outer loop
      vertex   -6.000000e-02 7.227638e-02 -8.080193e-02
      vertex   -5.830081e-02 7.775668e-02 -4.853218e-02
      vertex   -5.971655e-02 7.443048e-02 -4.638086e-02
    endloop
  endfacet
  facet normal 9.577294e-01 -2.876665e-01 -1.576374e-03
    outer loop
      vertex   -5.839382e-02 7.762383e-02 -8.080193e-02
      vertex   -5.830081e-02 7.775668e-02 -4.853218e-02
      vertex   -6.000000e-02 7.227638e-02 -8.080193e-02
    endloop
  endfacet
  facet normal 5.287512e-01 -8.487763e-01 -9.767458e-04
    outer loop
      vertex   -5.615676e-02 8.012089e-02 -4.100257e-02
      vertex   -5.478372e-02 8.094755e-02 -1.607766e-02
      vertex   -5.650891e-02 7.986809e-02 -1.195980e-02
    endloop
  endfacet
  facet normal 5.196814e-01 -8.543601e-01 -2.919252e-04
    outer loop
      vertex   -5.411739e-02 8.136395e-02 -4.853218e-02
      vertex   -5.478372e-02 8.094755e-02 -1.607766e-02
      vertex   -5.615676e-02 8.012089e-02 -4.100257e-02
    endloop
  endfacet
  facet normal 3.060883e-01 -9.519847e-01 -5.929727e-03
    outer loop
      vertex   -5.200016e-02 8.205139e-02 -4.960784e-02
      vertex   -5.478372e-02 8.094755e-02 -1.607766e-02
      vertex   -5.411739e-02 8.136395e-02 -4.853218e-02
    endloop
  endfacet
  facet normal 2.481161e-01 -9.686645e-01 -1.129148e-02
    outer loop
      vertex   -5.200016e-02 8.205139e-02 -4.960784e-02
      vertex   -5.000000e-02 8.227638e-02 -2.495817e-02
      vertex   -5.478372e-02 8.094755e-02 -1.607766e-02
    endloop
  endfacet
  facet normal 1.117814e-01 -9.937328e-01 0.000000e+00
    outer loop
      vertex   -5.000000e-02 8.227638e-02 -8.080193e-02
      vertex   -5.000000e-02 8.227638e-02 -2.495817e-02
      vertex   -5.200016e-02 8.205139e-02 -4.960784e-02
    endloop
  endfacet
  facet normal 1.158838e-01 -1.239443e-02 9.931854e-01
    outer loop
      vertex   -5.956738e-02 7.498919e-02 -1.262208e-02
      vertex   -6.000000e-02 7.563043e-02 -1.256360e-02
      vertex   -6.000000e-02 7.227638e-02 -1.260546e-02
    endloop
  endfacet
  facet normal -3.398374e-02 -1.134838e-01 9.929585e-01
    outer loop
      vertex   -5.650891e-02 7.986809e-02 -1.195980e-02
      vertex   -6.000000e-02 7.563043e-02 -1.256360e-02
      vertex   -5.956738e-02 7.498919e-02 -1.262208e-02
    endloop
  endfacet
  facet normal 9.094883e-03 -1.483929e-01 9.888867e-01
    outer loop
      vertex   -5.650891e-02 7.986809e-02 -1.195980e-02
      vertex   -6.000000e-02 7.993785e-02 -1.191723e-02
      vertex   -6.000000e-02 7.563043e-02 -1.256360e-02
    endloop
  endfacet
  facet normal 5.762559e-03 -2.948110e-01 9.555382e-01
    outer loop
      vertex   -5.682736e-02 8.282948e-02 -1.104421e-02
      vertex   -6.000000e-02 7.993785e-02 -1.191723e-02
      vertex   -5.650891e-02 7.986809e-02 -1.195980e-02
    endloop
  endfacet
  facet normal 0.000000e+00 -2.890267e-01 9.573210e-01
    outer loop
      vertex   -5.682736e-02 8.282948e-02 -1.104421e-02
      vertex   -6.000000e-02 8.282948e-02 -1.104421e-02
      vertex   -6.000000e-02 7.993785e-02 -1.191723e-02
    endloop
  endfacet
  facet normal 0.000000e+00 -9.693229e-01 2.457909e-01
    outer loop
      vertex   -5.606249e-02 -1.036902e-01 -1.217942e-02
      vertex   -6.000000e-02 -1.026936e-01 -8.249025e-03
      vertex   -6.000000e-02 -1.036902e-01 -1.217942e-02
    endloop
  endfacet
  facet normal 1.081452e-01 -9.324337e-01 3.447781e-01
    outer loop
      vertex   -5.852365e-02 -1.009389e-01 -3.966761e-03
      vertex   -6.000000e-02 -1.026936e-01 -8.249025e-03
      vertex   -5.606249e-02 -1.036902e-01 -1.217942e-02
    endloop
  endfacet
  facet normal 4.783567e-02 -9.299528e-01 3.645539e-01
    outer loop
      vertex   -5.852365e-02 -1.009389e-01 -3.966761e-03
      vertex   -6.000000e-02 -1.012138e-01 -4.474257e-03
      vertex   -6.000000e-02 -1.026936e-01 -8.249025e-03
    endloop
  endfacet
  facet normal -2.270315e-02 -8.499271e-01 5.264110e-01
    outer loop
      vertex   -5.852365e-02 -1.009389e-01 -3.966761e-03
      vertex   -6.000000e-02 -9.772362e-02 1.160944e-03
      vertex   -6.000000e-02 -1.012138e-01 -4.474257e-03
    endloop
  endfacet
  facet normal 0.000000e+00 -8.472165e-01 5.312479e-01
    outer loop
      vertex   -5.945927e-02 -9.772362e-02 1.160944e-03
      vertex   -6.000000e-02 -9.772362e-02 1.160944e-03
      vertex   -5.852365e-02 -1.009389e-01 -3.966761e-03
    endloop
  endfacet
  facet normal -8.950800e-01 8.388445e-03 4.458267e-01
    outer loop
      vertex   -6.829312e-02 -7.003698e-02 7.819356e-03
      vertex   -6.916151e-02 -6.286011e-02 5.940871e-03
      vertex   -6.944463e-02 -7.041267e-02 5.514556e-03
    endloop
  endfacet
  facet normal -9.853225e-01 2.742629e-02 1.684853e-01
    outer loop
      vertex   -6.944463e-02 -7.041267e-02 5.514556e-03
      vertex   -6.916151e-02 -6.286011e-02 5.940871e-03
      vertex   -7.000000e-02 -7.092840e-02 2.350622e-03
    endloop
  endfacet
  facet normal -9.119511e-01 -8.394002e-02 4.016207e-01
    outer loop
      vertex   -6.916151e-02 -6.286011e-02 5.940871e-03
      vertex   -6.949207e-02 -5.401904e-02 7.038071e-03
      vertex   -7.000000e-02 -7.092840e-02 2.350622e-03
    endloop
  endfacet
  facet normal -3.760813e-01 -4.303967e-01 8.205617e-01
    outer loop
      vertex   -6.236500e-02 -5.541552e-02 1.361178e-02
      vertex   -6.196390e-02 -5.119963e-02 1.600691e-02
      vertex   -6.509255e-02 -5.103881e-02 1.465734e-02
    endloop
  endfacet
  facet normal 4.109951e-01 1.614700e-02 9.114946e-01
    outer loop
      vertex   -6.141048e-02 -6.303152e-02 1.192022e-02
      vertex   -6.230686e-02 -5.951800e-02 1.226215e-02
      vertex   -6.151695e-02 -6.934248e-02 1.208002e-02
    endloop
  endfacet
  facet normal -4.270482e-01 -2.880291e-01 8.571284e-01
    outer loop
      vertex   -6.236500e-02 -5.541552e-02 1.361178e-02
      vertex   -6.557824e-02 -5.701089e-02 1.147474e-02
      vertex   -6.230686e-02 -5.951800e-02 1.226215e-02
    endloop
  endfacet
  facet normal -4.831860e-01 -5.504801e-02 8.737854e-01
    outer loop
      vertex   -6.230686e-02 -5.951800e-02 1.226215e-02
      vertex   -6.602426e-02 -6.347643e-02 9.957126e-03
      vertex   -6.151695e-02 -6.934248e-02 1.208002e-02
    endloop
  endfacet
  facet normal -3.642830e-01 -1.889202e-01 9.119249e-01
    outer loop
      vertex   -6.230686e-02 -5.951800e-02 1.226215e-02
      vertex   -6.557824e-02 -5.701089e-02 1.147474e-02
      vertex   -6.602426e-02 -6.347643e-02 9.957126e-03
    endloop
  endfacet
  facet normal -3.498332e-01 -4.182656e-01 8.382545e-01
    outer loop
      vertex   -6.236500e-02 -5.541552e-02 1.361178e-02
      vertex   -6.509255e-02 -5.103881e-02 1.465734e-02
      vertex   -6.557824e-02 -5.701089e-02 1.147474e-02
    endloop
  endfacet
  facet normal -5.093791e-01 2.877900e-02 8.600609e-01
    outer loop
      vertex   -6.382319e-02 -6.944348e-02 1.146039e-02
      vertex   -6.602426e-02 -6.347643e-02 9.957126e-03
      vertex   -6.605867e-02 -6.965813e-02 1.014359e-02
    endloop
  endfacet
  facet normal -2.626426e-01 1.434996e-01 9.541629e-01
    outer loop
      vertex   -6.151695e-02 -6.934248e-02 1.208002e-02
      vertex   -6.602426e-02 -6.347643e-02 9.957126e-03
      vertex   -6.382319e-02 -6.944348e-02 1.146039e-02
    endloop
  endfacet
  facet normal -6.405545e-01 -3.199291e-01 6.980941e-01
    outer loop
      vertex   -6.509255e-02 -5.103881e-02 1.465734e-02
      vertex   -6.707935e-02 -5.161277e-02 1.257126e-02
      vertex   -6.557824e-02 -5.701089e-02 1.147474e-02
    endloop
  endfacet
  facet normal -7.075843e-01 -1.148449e-01 6.972339e-01
    outer loop
      vertex   -6.557824e-02 -5.701089e-02 1.147474e-02
      vertex   -6.777878e-02 -5.991311e-02 8.763494e-03
      vertex   -6.602426e-02 -6.347643e-02 9.957126e-03
    endloop
  endfacet
  facet normal -7.182937e-01 -2.833723e-02 6.951626e-01
    outer loop
      vertex   -6.605867e-02 -6.965813e-02 1.014359e-02
      vertex   -6.777878e-02 -5.991311e-02 8.763494e-03
      vertex   -6.829312e-02 -7.003698e-02 7.819356e-03
    endloop
  endfacet
  facet normal -5.218722e-01 2.862178e-02 8.525434e-01
    outer loop
      vertex   -6.602426e-02 -6.347643e-02 9.957126e-03
      vertex   -6.777878e-02 -5.991311e-02 8.763494e-03
      vertex   -6.605867e-02 -6.965813e-02 1.014359e-02
    endloop
  endfacet
  facet normal -6.608551e-01 -1.796639e-01 7.286916e-01
    outer loop
      vertex   -6.557824e-02 -5.701089e-02 1.147474e-02
      vertex   -6.869355e-02 -5.192229e-02 9.904076e-03
      vertex   -6.777878e-02 -5.991311e-02 8.763494e-03
    endloop
  endfacet
  facet normal -7.918305e-01 -3.252023e-01 5.169602e-01
    outer loop
      vertex   -6.707935e-02 -5.161277e-02 1.257126e-02
      vertex   -6.869355e-02 -5.192229e-02 9.904076e-03
      vertex   -6.557824e-02 -5.701089e-02 1.147474e-02
    endloop
  endfacet
  facet normal -9.001192e-01 5.105545e-03 4.356137e-01
    outer loop
      vertex   -6.777878e-02 -5.991311e-02 8.763494e-03
      vertex   -6.916151e-02 -6.286011e-02 5.940871e-03
      vertex   -6.829312e-02 -7.003698e-02 7.819356e-03
    endloop
  endfacet
  facet normal -8.506542e-01 -9.595396e-02 5.168948e-01
    outer loop
      vertex   -6.777878e-02 -5.991311e-02 8.763494e-03
      vertex   -6.949207e-02 -5.401904e-02 7.038071e-03
      vertex   -6.916151e-02 -6.286011e-02 5.940871e-03
    endloop
  endfacet
  facet normal -9.153978e-01 -1.576609e-01 3.703916e-01
    outer loop
      vertex   -6.777878e-02 -5.991311e-02 8.763494e-03
      vertex   -6.869355e-02 -5.192229e-02 9.904076e-03
      vertex   -6.949207e-02 -5.401904e-02 7.038071e-03
    endloop
  endfacet
  facet normal -4.856685e-01 -6.072442e-01 6.287930e-01
    outer loop
      vertex   -6.196390e-02 -5.119963e-02 1.600691e-02
      vertex   -6.154140e-02 -4.447456e-02 2.282785e-02
      vertex   -6.584158e-02 -4.692269e-02 1.714223e-02
    endloop
  endfacet
  facet normal -3.588234e-01 -5.293941e-01 7.687572e-01
    outer loop
      vertex   -6.196390e-02 -5.119963e-02 1.600691e-02
      vertex   -6.584158e-02 -4.692269e-02 1.714223e-02
      vertex   -6.509255e-02 -5.103881e-02 1.465734e-02
    endloop
  endfacet
  facet normal -1.962424e-01 -7.839822e-01 5.889490e-01
    outer loop
      vertex   -6.154140e-02 -4.447456e-02 2.282785e-02
      vertex   -6.000000e-02 -4.694829e-02 2.004854e-02
      vertex   -6.000000e-02 -4.353175e-02 2.459648e-02
    endloop
  endfacet
  facet normal -2.397232e-02 -7.533291e-01 6.572066e-01
    outer loop
      vertex   -6.135643e-02 -4.824246e-02 1.851561e-02
      vertex   -6.000000e-02 -4.694829e-02 2.004854e-02
      vertex   -6.154140e-02 -4.447456e-02 2.282785e-02
    endloop
  endfacet
  facet normal -2.904537e-01 -5.889155e-01 7.541984e-01
    outer loop
      vertex   -6.135643e-02 -4.824246e-02 1.851561e-02
      vertex   -6.000000e-02 -5.316541e-02 1.519390e-02
      vertex   -6.000000e-02 -4.694829e-02 2.004854e-02
    endloop
  endfacet
  facet normal -2.744576e-01 -5.886651e-01 7.603594e-01
    outer loop
      vertex   -6.196390e-02 -5.119963e-02 1.600691e-02
      vertex   -6.000000e-02 -5.316541e-02 1.519390e-02
      vertex   -6.135643e-02 -4.824246e-02 1.851561e-02
    endloop
  endfacet
  facet normal -1.225770e-01 -4.814014e-01 8.678868e-01
    outer loop
      vertex   -6.236500e-02 -5.541552e-02 1.361178e-02
      vertex   -6.000000e-02 -5.316541e-02 1.519390e-02
      vertex   -6.196390e-02 -5.119963e-02 1.600691e-02
    endloop
  endfacet
  facet normal -3.160733e-01 -3.005207e-01 8.998805e-01
    outer loop
      vertex   -6.230686e-02 -5.951800e-02 1.226215e-02
      vertex   -6.000000e-02 -5.316541e-02 1.519390e-02
      vertex   -6.236500e-02 -5.541552e-02 1.361178e-02
    endloop
  endfacet
  facet normal -2.438190e-01 -3.319946e-01 9.112255e-01
    outer loop
      vertex   -6.230686e-02 -5.951800e-02 1.226215e-02
      vertex   -6.000000e-02 -6.089780e-02 1.237669e-02
      vertex   -6.000000e-02 -5.316541e-02 1.519390e-02
    endloop
  endfacet
  facet normal -1.252313e-01 -1.276998e-01 9.838749e-01
    outer loop
      vertex   -6.141048e-02 -6.303152e-02 1.192022e-02
      vertex   -6.000000e-02 -6.089780e-02 1.237669e-02
      vertex   -6.230686e-02 -5.951800e-02 1.226215e-02
    endloop
  endfacet
  facet normal -2.833835e-01 -1.779850e-02 9.588415e-01
    outer loop
      vertex   -6.141048e-02 -6.303152e-02 1.192022e-02
      vertex   -6.000000e-02 -6.931961e-02 1.222036e-02
      vertex   -6.000000e-02 -6.089780e-02 1.237669e-02
    endloop
  endfacet
  facet normal -9.248868e-02 2.676400e-02 9.953540e-01
    outer loop
      vertex   -6.151695e-02 -6.934248e-02 1.208002e-02
      vertex   -6.000000e-02 -6.931961e-02 1.222036e-02
      vertex   -6.141048e-02 -6.303152e-02 1.192022e-02
    endloop
  endfacet
  facet normal -8.195934e-01 -2.740659e-01 5.031447e-01
    outer loop
      vertex   -6.584158e-02 -4.692269e-02 1.714223e-02
      vertex   -6.892285e-02 -4.871759e-02 1.114533e-02
      vertex   -6.707935e-02 -5.161277e-02 1.257126e-02
    endloop
  endfacet
  facet normal -5.530759e-01 -5.020340e-01 6.648827e-01
    outer loop
      vertex   -6.509255e-02 -5.103881e-02 1.465734e-02
      vertex   -6.584158e-02 -4.692269e-02 1.714223e-02
      vertex   -6.707935e-02 -5.161277e-02 1.257126e-02
    endloop
  endfacet
  facet normal 6.187320e-01 -5.782453e-01 5.317923e-01
    outer loop
      vertex   -6.135643e-02 -4.824246e-02 1.851561e-02
      vertex   -6.154140e-02 -4.447456e-02 2.282785e-02
      vertex   -6.196390e-02 -5.119963e-02 1.600691e-02
    endloop
  endfacet
  facet normal -8.123671e-01 -2.602511e-01 5.218515e-01
    outer loop
      vertex   -6.892285e-02 -4.871759e-02 1.114533e-02
      vertex   -6.869355e-02 -5.192229e-02 9.904076e-03
      vertex   -6.707935e-02 -5.161277e-02 1.257126e-02
    endloop
  endfacet
  facet normal -8.852663e-01 -2.216971e-01 4.088447e-01
    outer loop
      vertex   -6.892285e-02 -4.871759e-02 1.114533e-02
      vertex   -6.949207e-02 -5.401904e-02 7.038071e-03
      vertex   -6.869355e-02 -5.192229e-02 9.904076e-03
    endloop
  endfacet
  facet normal -9.791501e-01 -4.782344e-02 1.974284e-01
    outer loop
      vertex   -7.000000e-02 -4.968902e-02 5.567866e-03
      vertex   -6.949207e-02 -5.401904e-02 7.038071e-03
      vertex   -6.892285e-02 -4.871759e-02 1.114533e-02
    endloop
  endfacet
  facet normal -9.720274e-01 -3.517539e-02 2.322185e-01
    outer loop
      vertex   -7.000000e-02 -4.968902e-02 5.567866e-03
      vertex   -7.000000e-02 -7.092840e-02 2.350622e-03
      vertex   -6.949207e-02 -5.401904e-02 7.038071e-03
    endloop
  endfacet
  facet normal -8.275938e-01 -5.162750e-01 2.203374e-01
    outer loop
      vertex   -6.828042e-02 -9.604359e-02 -4.300524e-03
      vertex   -6.905015e-02 -9.602425e-02 -7.146317e-03
      vertex   -6.727807e-02 -9.904632e-02 -7.571397e-03
    endloop
  endfacet
  facet normal -6.616981e-01 -7.220848e-01 2.018643e-01
    outer loop
      vertex   -6.549765e-02 -1.006129e-01 -7.339189e-03
      vertex   -6.727807e-02 -9.904632e-02 -7.571397e-03
      vertex   -6.554091e-02 -1.020093e-01 -1.247581e-02
    endloop
  endfacet
  facet normal -9.017706e-01 -3.584698e-01 2.414730e-01
    outer loop
      vertex   -6.947730e-02 -9.225310e-02 -3.143182e-03
      vertex   -6.905015e-02 -9.602425e-02 -7.146317e-03
      vertex   -6.828042e-02 -9.604359e-02 -4.300524e-03
    endloop
  endfacet
  facet normal -8.981619e-01 -3.604639e-01 2.517359e-01
    outer loop
      vertex   -6.876096e-02 -9.204982e-02 -2.962919e-04
      vertex   -6.947730e-02 -9.225310e-02 -3.143182e-03
      vertex   -6.828042e-02 -9.604359e-02 -4.300524e-03
    endloop
  endfacet
  facet normal -3.164990e-01 -7.208279e-01 6.166324e-01
    outer loop
      vertex   -6.560359e-02 -9.491800e-02 1.690987e-03
      vertex   -6.488665e-02 -9.812832e-02 -1.693806e-03
      vertex   -6.234434e-02 -9.938783e-02 -1.861251e-03
    endloop
  endfacet
  facet normal -6.497717e-01 -6.917480e-01 3.150895e-01
    outer loop
      vertex   -6.628893e-02 -9.803720e-02 -3.316213e-03
      vertex   -6.727807e-02 -9.904632e-02 -7.571397e-03
      vertex   -6.549765e-02 -1.006129e-01 -7.339189e-03
    endloop
  endfacet
  facet normal -7.447393e-01 -5.894518e-01 3.129057e-01
    outer loop
      vertex   -6.628893e-02 -9.803720e-02 -3.316213e-03
      vertex   -6.828042e-02 -9.604359e-02 -4.300524e-03
      vertex   -6.727807e-02 -9.904632e-02 -7.571397e-03
    endloop
  endfacet
  facet normal -9.883553e-01 -1.098090e-01 1.053368e-01
    outer loop
      vertex   -6.964383e-02 -8.630820e-02 1.491547e-03
      vertex   -7.000000e-02 -8.652224e-02 -2.073436e-03
      vertex   -6.947730e-02 -9.225310e-02 -3.143182e-03
    endloop
  endfacet
  facet normal -8.195930e-01 -3.291479e-01 4.689659e-01
    outer loop
      vertex   -6.719417e-02 -9.066216e-02 3.730327e-03
      vertex   -6.742541e-02 -8.691316e-02 5.957454e-03
      vertex   -6.906670e-02 -8.795696e-02 2.356445e-03
    endloop
  endfacet
  facet normal -9.337543e-01 -1.585188e-01 3.208968e-01
    outer loop
      vertex   -6.906670e-02 -8.795696e-02 2.356445e-03
      vertex   -6.884686e-02 -8.303871e-02 5.425667e-03
      vertex   -6.964383e-02 -8.630820e-02 1.491547e-03
    endloop
  endfacet
  facet normal -7.507751e-02 -8.477469e-01 5.250606e-01
    outer loop
      vertex   -6.000000e-02 -9.772362e-02 1.160944e-03
      vertex   -6.234434e-02 -9.938783e-02 -1.861251e-03
      vertex   -6.000000e-02 -1.012138e-01 -4.474257e-03
    endloop
  endfacet
  facet normal -4.207886e-01 -7.323149e-01 5.353987e-01
    outer loop
      vertex   -6.236869e-02 -9.635975e-02 2.261399e-03
      vertex   -6.560359e-02 -9.491800e-02 1.690987e-03
      vertex   -6.234434e-02 -9.938783e-02 -1.861251e-03
    endloop
  endfacet
  facet normal -8.518958e-01 -2.493293e-01 4.605524e-01
    outer loop
      vertex   -6.884686e-02 -8.303871e-02 5.425667e-03
      vertex   -6.906670e-02 -8.795696e-02 2.356445e-03
      vertex   -6.742541e-02 -8.691316e-02 5.957454e-03
    endloop
  endfacet
  facet normal -9.495297e-01 -1.181753e-01 2.905648e-01
    outer loop
      vertex   -6.884686e-02 -8.303871e-02 5.425667e-03
      vertex   -6.966153e-02 -7.870383e-02 4.526473e-03
      vertex   -6.964383e-02 -8.630820e-02 1.491547e-03
    endloop
  endfacet
  facet normal -4.060272e-01 -6.616008e-01 6.304175e-01
    outer loop
      vertex   -6.356281e-02 -9.324007e-02 4.766306e-03
      vertex   -6.560359e-02 -9.491800e-02 1.690987e-03
      vertex   -6.236869e-02 -9.635975e-02 2.261399e-03
    endloop
  endfacet
  facet normal -5.102446e-01 -5.660805e-01 6.474591e-01
    outer loop
      vertex   -6.527116e-02 -9.031055e-02 5.981309e-03
      vertex   -6.560359e-02 -9.491800e-02 1.690987e-03
      vertex   -6.356281e-02 -9.324007e-02 4.766306e-03
    endloop
  endfacet
  facet normal -6.097440e-01 -5.161250e-01 6.015208e-01
    outer loop
      vertex   -6.527116e-02 -9.031055e-02 5.981309e-03
      vertex   -6.719417e-02 -9.066216e-02 3.730327e-03
      vertex   -6.560359e-02 -9.491800e-02 1.690987e-03
    endloop
  endfacet
  facet normal -2.722221e-01 -5.713255e-01 7.742624e-01
    outer loop
      vertex   -6.151695e-02 -8.985914e-02 7.980382e-03
      vertex   -6.356281e-02 -9.324007e-02 4.766306e-03
      vertex   -6.130402e-02 -9.336214e-02 5.470395e-03
    endloop
  endfacet
  facet normal -3.153394e-01 -5.466296e-01 7.757300e-01
    outer loop
      vertex   -6.151695e-02 -8.985914e-02 7.980382e-03
      vertex   -6.421814e-02 -8.849137e-02 7.846147e-03
      vertex   -6.356281e-02 -9.324007e-02 4.766306e-03
    endloop
  endfacet
  facet normal -2.717815e-01 -4.534320e-01 8.488429e-01
    outer loop
      vertex   -6.200016e-02 -8.608462e-02 9.841926e-03
      vertex   -6.421814e-02 -8.849137e-02 7.846147e-03
      vertex   -6.151695e-02 -8.985914e-02 7.980382e-03
    endloop
  endfacet
  facet normal -3.162164e-01 -4.157221e-01 8.527499e-01
    outer loop
      vertex   -6.200016e-02 -8.608462e-02 9.841926e-03
      vertex   -6.382319e-02 -8.485264e-02 9.766513e-03
      vertex   -6.421814e-02 -8.849137e-02 7.846147e-03
    endloop
  endfacet
  facet normal -2.449020e-01 -3.060802e-01 9.199663e-01
    outer loop
      vertex   -6.183553e-02 -8.132257e-02 1.147013e-02
      vertex   -6.382319e-02 -8.485264e-02 9.766513e-03
      vertex   -6.200016e-02 -8.608462e-02 9.841926e-03
    endloop
  endfacet
  facet normal -3.667232e-01 -2.287095e-01 9.017794e-01
    outer loop
      vertex   -6.183553e-02 -8.132257e-02 1.147013e-02
      vertex   -6.534746e-02 -8.012140e-02 1.034658e-02
      vertex   -6.382319e-02 -8.485264e-02 9.766513e-03
    endloop
  endfacet
  facet normal -3.567278e-01 -1.867993e-01 9.153422e-01
    outer loop
      vertex   -6.183553e-02 -8.132257e-02 1.147013e-02
      vertex   -6.450356e-02 -7.682557e-02 1.134807e-02
      vertex   -6.534746e-02 -8.012140e-02 1.034658e-02
    endloop
  endfacet
  facet normal -4.770092e-01 -3.691677e-01 7.976073e-01
    outer loop
      vertex   -6.382319e-02 -8.485264e-02 9.766513e-03
      vertex   -6.563288e-02 -8.457304e-02 8.813642e-03
      vertex   -6.421814e-02 -8.849137e-02 7.846147e-03
    endloop
  endfacet
  facet normal -4.810392e-01 -2.577147e-01 8.379644e-01
    outer loop
      vertex   -6.382319e-02 -8.485264e-02 9.766513e-03
      vertex   -6.534746e-02 -8.012140e-02 1.034658e-02
      vertex   -6.563288e-02 -8.457304e-02 8.813642e-03
    endloop
  endfacet
  facet normal -6.408830e-01 -2.128812e-01 7.375301e-01
    outer loop
      vertex   -6.534746e-02 -8.012140e-02 1.034658e-02
      vertex   -6.736576e-02 -8.033189e-02 8.532012e-03
      vertex   -6.563288e-02 -8.457304e-02 8.813642e-03
    endloop
  endfacet
  facet normal -1.863635e-01 -7.923623e-01 5.808879e-01
    outer loop
      vertex   -6.236869e-02 -9.635975e-02 2.261399e-03
      vertex   -6.234434e-02 -9.938783e-02 -1.861251e-03
      vertex   -6.000000e-02 -9.772362e-02 1.160944e-03
    endloop
  endfacet
  facet normal -9.917002e-01 -7.247417e-03 1.283670e-01
    outer loop
      vertex   -7.000000e-02 -7.901781e-02 1.893906e-03
      vertex   -6.966153e-02 -7.870383e-02 4.526473e-03
      vertex   -7.000000e-02 -7.092840e-02 2.350622e-03
    endloop
  endfacet
  facet normal -2.885144e-01 -1.454869e-01 9.463577e-01
    outer loop
      vertex   -6.450356e-02 -7.682557e-02 1.134807e-02
      vertex   -6.183553e-02 -8.132257e-02 1.147013e-02
      vertex   -6.157101e-02 -7.597564e-02 1.237277e-02
    endloop
  endfacet
  facet normal -6.227500e-01 -7.713663e-02 7.786093e-01
    outer loop
      vertex   -6.543397e-02 -7.382262e-02 1.090141e-02
      vertex   -6.534746e-02 -8.012140e-02 1.034658e-02
      vertex   -6.450356e-02 -7.682557e-02 1.134807e-02
    endloop
  endfacet
  facet normal -6.623850e-01 -7.475793e-02 7.454243e-01
    outer loop
      vertex   -6.736576e-02 -8.033189e-02 8.532012e-03
      vertex   -6.534746e-02 -8.012140e-02 1.034658e-02
      vertex   -6.543397e-02 -7.382262e-02 1.090141e-02
    endloop
  endfacet
  facet normal -6.443513e-01 -8.539609e-02 7.599466e-01
    outer loop
      vertex   -6.736576e-02 -7.335623e-02 9.315875e-03
      vertex   -6.736576e-02 -8.033189e-02 8.532012e-03
      vertex   -6.543397e-02 -7.382262e-02 1.090141e-02
    endloop
  endfacet
  facet normal -7.687934e-01 -7.141160e-02 6.354975e-01
    outer loop
      vertex   -6.854330e-02 -7.792625e-02 7.377801e-03
      vertex   -6.736576e-02 -8.033189e-02 8.532012e-03
      vertex   -6.736576e-02 -7.335623e-02 9.315875e-03
    endloop
  endfacet
  facet normal -9.289415e-01 -1.975626e-02 3.696990e-01
    outer loop
      vertex   -6.944463e-02 -7.041267e-02 5.514556e-03
      vertex   -6.966153e-02 -7.870383e-02 4.526473e-03
      vertex   -6.854330e-02 -7.792625e-02 7.377801e-03
    endloop
  endfacet
  facet normal -3.261120e-01 -1.439219e-02 9.452216e-01
    outer loop
      vertex   -6.205010e-02 -7.205364e-02 1.226720e-02
      vertex   -6.450356e-02 -7.682557e-02 1.134807e-02
      vertex   -6.157101e-02 -7.597564e-02 1.237277e-02
    endloop
  endfacet
  facet normal -3.826635e-01 1.882960e-02 9.236959e-01
    outer loop
      vertex   -6.543397e-02 -7.382262e-02 1.090141e-02
      vertex   -6.450356e-02 -7.682557e-02 1.134807e-02
      vertex   -6.205010e-02 -7.205364e-02 1.226720e-02
    endloop
  endfacet
  facet normal -8.522517e-01 -2.252563e-03 5.231270e-01
    outer loop
      vertex   -6.829312e-02 -7.003698e-02 7.819356e-03
      vertex   -6.854330e-02 -7.792625e-02 7.377801e-03
      vertex   -6.736576e-02 -7.335623e-02 9.315875e-03
    endloop
  endfacet
  facet normal -8.947808e-01 3.385254e-03 4.464928e-01
    outer loop
      vertex   -6.829312e-02 -7.003698e-02 7.819356e-03
      vertex   -6.944463e-02 -7.041267e-02 5.514556e-03
      vertex   -6.854330e-02 -7.792625e-02 7.377801e-03
    endloop
  endfacet
  facet normal -9.684920e-01 -2.487752e-01 1.157937e-02
    outer loop
      vertex   -7.000000e-02 -9.384214e-02 -1.391590e-02
      vertex   -6.882794e-02 -9.836786e-02 -1.311789e-02
      vertex   -6.968088e-02 -9.485494e-02 -8.983794e-03
    endloop
  endfacet
  facet normal -9.331517e-01 -3.450872e-01 1.007112e-01
    outer loop
      vertex   -6.905015e-02 -9.602425e-02 -7.146317e-03
      vertex   -6.968088e-02 -9.485494e-02 -8.983794e-03
      vertex   -6.882794e-02 -9.836786e-02 -1.311789e-02
    endloop
  endfacet
  facet normal -8.254371e-01 -5.399616e-01 1.646057e-01
    outer loop
      vertex   -6.727807e-02 -9.904632e-02 -7.571397e-03
      vertex   -6.882794e-02 -9.836786e-02 -1.311789e-02
      vertex   -6.736576e-02 -1.004891e-01 -1.274386e-02
    endloop
  endfacet
  facet normal -8.391689e-01 -5.161722e-01 1.713527e-01
    outer loop
      vertex   -6.905015e-02 -9.602425e-02 -7.146317e-03
      vertex   -6.882794e-02 -9.836786e-02 -1.311789e-02
      vertex   -6.727807e-02 -9.904632e-02 -7.571397e-03
    endloop
  endfacet
  facet normal -9.957606e-01 -7.824236e-02 4.836215e-02
    outer loop
      vertex   -7.000000e-02 -8.652224e-02 -2.073436e-03
      vertex   -7.000000e-02 -9.384214e-02 -1.391590e-02
      vertex   -6.968088e-02 -9.485494e-02 -8.983794e-03
    endloop
  endfacet
  facet normal -6.434945e-01 -7.344130e-01 2.157601e-01
    outer loop
      vertex   -6.727807e-02 -9.904632e-02 -7.571397e-03
      vertex   -6.736576e-02 -1.004891e-01 -1.274386e-02
      vertex   -6.554091e-02 -1.020093e-01 -1.247581e-02
    endloop
  endfacet
  facet normal -9.502451e-01 -2.708894e-01 1.537957e-01
    outer loop
      vertex   -6.947730e-02 -9.225310e-02 -3.143182e-03
      vertex   -6.968088e-02 -9.485494e-02 -8.983794e-03
      vertex   -6.905015e-02 -9.602425e-02 -7.146317e-03
    endloop
  endfacet
  facet normal -9.910528e-01 -1.056237e-01 8.159668e-02
    outer loop
      vertex   -6.947730e-02 -9.225310e-02 -3.143182e-03
      vertex   -7.000000e-02 -8.652224e-02 -2.073436e-03
      vertex   -6.968088e-02 -9.485494e-02 -8.983794e-03
    endloop
  endfacet
  facet normal -4.111440e-01 -8.157144e-01 4.069037e-01
    outer loop
      vertex   -6.000000e-02 -1.026936e-01 -8.249025e-03
      vertex   -6.554091e-02 -1.020093e-01 -1.247581e-02
      vertex   -6.299276e-02 -1.031898e-01 -1.226766e-02
    endloop
  endfacet
  facet normal -2.922659e-01 -9.275284e-01 2.329631e-01
    outer loop
      vertex   -6.391102e-02 -1.008218e-01 -5.703074e-03
      vertex   -6.554091e-02 -1.020093e-01 -1.247581e-02
      vertex   -6.000000e-02 -1.026936e-01 -8.249025e-03
    endloop
  endfacet
  facet normal -3.719071e-01 -8.949650e-01 2.464196e-01
    outer loop
      vertex   -6.391102e-02 -1.008218e-01 -5.703074e-03
      vertex   -6.549765e-02 -1.006129e-01 -7.339189e-03
      vertex   -6.554091e-02 -1.020093e-01 -1.247581e-02
    endloop
  endfacet
  facet normal -5.057640e-01 -7.682602e-01 3.924016e-01
    outer loop
      vertex   -6.628893e-02 -9.803720e-02 -3.316213e-03
      vertex   -6.549765e-02 -1.006129e-01 -7.339189e-03
      vertex   -6.391102e-02 -1.008218e-01 -5.703074e-03
    endloop
  endfacet
  facet normal -7.421299e-01 -5.580151e-01 3.712981e-01
    outer loop
      vertex   -6.764587e-02 -9.423064e-02 -3.075876e-04
      vertex   -6.828042e-02 -9.604359e-02 -4.300524e-03
      vertex   -6.628893e-02 -9.803720e-02 -3.316213e-03
    endloop
  endfacet
  facet normal -8.400144e-01 -4.312176e-01 3.292829e-01
    outer loop
      vertex   -6.764587e-02 -9.423064e-02 -3.075876e-04
      vertex   -6.876096e-02 -9.204982e-02 -2.962919e-04
      vertex   -6.828042e-02 -9.604359e-02 -4.300524e-03
    endloop
  endfacet
  facet normal -9.387489e-01 -2.340535e-01 2.529220e-01
    outer loop
      vertex   -6.906670e-02 -8.795696e-02 2.356445e-03
      vertex   -6.947730e-02 -9.225310e-02 -3.143182e-03
      vertex   -6.876096e-02 -9.204982e-02 -2.962919e-04
    endloop
  endfacet
  facet normal -9.493310e-01 -2.093413e-01 2.344077e-01
    outer loop
      vertex   -6.906670e-02 -8.795696e-02 2.356445e-03
      vertex   -6.964383e-02 -8.630820e-02 1.491547e-03
      vertex   -6.947730e-02 -9.225310e-02 -3.143182e-03
    endloop
  endfacet
  facet normal -1.669605e-01 -9.557171e-01 2.423409e-01
    outer loop
      vertex   -6.000000e-02 -1.026936e-01 -8.249025e-03
      vertex   -6.299276e-02 -1.031898e-01 -1.226766e-02
      vertex   -6.000000e-02 -1.036902e-01 -1.217942e-02
    endloop
  endfacet
  facet normal -5.049547e-01 -7.683354e-01 3.932956e-01
    outer loop
      vertex   -6.488665e-02 -9.812832e-02 -1.693806e-03
      vertex   -6.628893e-02 -9.803720e-02 -3.316213e-03
      vertex   -6.391102e-02 -1.008218e-01 -5.703074e-03
    endloop
  endfacet
  facet normal -6.149416e-01 -6.121326e-01 4.971323e-01
    outer loop
      vertex   -6.488665e-02 -9.812832e-02 -1.693806e-03
      vertex   -6.764587e-02 -9.423064e-02 -3.075876e-04
      vertex   -6.628893e-02 -9.803720e-02 -3.316213e-03
    endloop
  endfacet
  facet normal -2.036442e-01 -9.115091e-01 3.573237e-01
    outer loop
      vertex   -6.000000e-02 -1.012138e-01 -4.474257e-03
      vertex   -6.391102e-02 -1.008218e-01 -5.703074e-03
      vertex   -6.000000e-02 -1.026936e-01 -8.249025e-03
    endloop
  endfacet
  facet normal -3.714095e-01 -8.100159e-01 4.537942e-01
    outer loop
      vertex   -6.488665e-02 -9.812832e-02 -1.693806e-03
      vertex   -6.391102e-02 -1.008218e-01 -5.703074e-03
      vertex   -6.234434e-02 -9.938783e-02 -1.861251e-03
    endloop
  endfacet
  facet normal -6.465411e-01 -6.171766e-01 4.484168e-01
    outer loop
      vertex   -6.560359e-02 -9.491800e-02 1.690987e-03
      vertex   -6.764587e-02 -9.423064e-02 -3.075876e-04
      vertex   -6.488665e-02 -9.812832e-02 -1.693806e-03
    endloop
  endfacet
  facet normal -2.198408e-01 -8.811850e-01 4.185487e-01
    outer loop
      vertex   -6.234434e-02 -9.938783e-02 -1.861251e-03
      vertex   -6.391102e-02 -1.008218e-01 -5.703074e-03
      vertex   -6.000000e-02 -1.012138e-01 -4.474257e-03
    endloop
  endfacet
  facet normal -6.839646e-01 -5.069841e-01 5.245566e-01
    outer loop
      vertex   -6.719417e-02 -9.066216e-02 3.730327e-03
      vertex   -6.764587e-02 -9.423064e-02 -3.075876e-04
      vertex   -6.560359e-02 -9.491800e-02 1.690987e-03
    endloop
  endfacet
  facet normal -7.942561e-01 -4.084450e-01 4.498110e-01
    outer loop
      vertex   -6.719417e-02 -9.066216e-02 3.730327e-03
      vertex   -6.876096e-02 -9.204982e-02 -2.962919e-04
      vertex   -6.764587e-02 -9.423064e-02 -3.075876e-04
    endloop
  endfacet
  facet normal -8.268984e-01 -3.480523e-01 4.416997e-01
    outer loop
      vertex   -6.906670e-02 -8.795696e-02 2.356445e-03
      vertex   -6.876096e-02 -9.204982e-02 -2.962919e-04
      vertex   -6.719417e-02 -9.066216e-02 3.730327e-03
    endloop
  endfacet
  facet normal -9.938687e-01 -4.297191e-02 1.018749e-01
    outer loop
      vertex   -6.966153e-02 -7.870383e-02 4.526473e-03
      vertex   -7.000000e-02 -8.652224e-02 -2.073436e-03
      vertex   -6.964383e-02 -8.630820e-02 1.491547e-03
    endloop
  endfacet
  facet normal -9.881671e-01 -7.168623e-02 1.355982e-01
    outer loop
      vertex   -7.000000e-02 -7.901781e-02 1.893906e-03
      vertex   -7.000000e-02 -8.652224e-02 -2.073436e-03
      vertex   -6.966153e-02 -7.870383e-02 4.526473e-03
    endloop
  endfacet
  facet normal -6.593082e-01 -4.136520e-01 6.278572e-01
    outer loop
      vertex   -6.742541e-02 -8.691316e-02 5.957454e-03
      vertex   -6.719417e-02 -9.066216e-02 3.730327e-03
      vertex   -6.527116e-02 -9.031055e-02 5.981309e-03
    endloop
  endfacet
  facet normal -9.181213e-01 -9.261632e-02 3.853251e-01
    outer loop
      vertex   -6.966153e-02 -7.870383e-02 4.526473e-03
      vertex   -6.884686e-02 -8.303871e-02 5.425667e-03
      vertex   -6.854330e-02 -7.792625e-02 7.377801e-03
    endloop
  endfacet
  facet normal -2.552326e-01 -6.628724e-01 7.038867e-01
    outer loop
      vertex   -6.130402e-02 -9.336214e-02 5.470395e-03
      vertex   -6.356281e-02 -9.324007e-02 4.766306e-03
      vertex   -6.236869e-02 -9.635975e-02 2.261399e-03
    endloop
  endfacet
  facet normal -3.919638e-01 -5.380667e-01 7.462229e-01
    outer loop
      vertex   -6.421814e-02 -8.849137e-02 7.846147e-03
      vertex   -6.527116e-02 -9.031055e-02 5.981309e-03
      vertex   -6.356281e-02 -9.324007e-02 4.766306e-03
    endloop
  endfacet
  facet normal -7.959128e-01 -2.142871e-01 5.662189e-01
    outer loop
      vertex   -6.736576e-02 -8.033189e-02 8.532012e-03
      vertex   -6.884686e-02 -8.303871e-02 5.425667e-03
      vertex   -6.742541e-02 -8.691316e-02 5.957454e-03
    endloop
  endfacet
  facet normal -8.334521e-01 -1.532374e-01 5.309198e-01
    outer loop
      vertex   -6.854330e-02 -7.792625e-02 7.377801e-03
      vertex   -6.884686e-02 -8.303871e-02 5.425667e-03
      vertex   -6.736576e-02 -8.033189e-02 8.532012e-03
    endloop
  endfacet
  facet normal -5.878844e-01 -3.875809e-01 7.100514e-01
    outer loop
      vertex   -6.563288e-02 -8.457304e-02 8.813642e-03
      vertex   -6.527116e-02 -9.031055e-02 5.981309e-03
      vertex   -6.421814e-02 -8.849137e-02 7.846147e-03
    endloop
  endfacet
  facet normal -6.093888e-01 -3.815269e-01 6.950414e-01
    outer loop
      vertex   -6.563288e-02 -8.457304e-02 8.813642e-03
      vertex   -6.742541e-02 -8.691316e-02 5.957454e-03
      vertex   -6.527116e-02 -9.031055e-02 5.981309e-03
    endloop
  endfacet
  facet normal -7.153605e-01 -2.489308e-01 6.529110e-01
    outer loop
      vertex   -6.736576e-02 -8.033189e-02 8.532012e-03
      vertex   -6.742541e-02 -8.691316e-02 5.957454e-03
      vertex   -6.563288e-02 -8.457304e-02 8.813642e-03
    endloop
  endfacet
  facet normal -9.850735e-01 5.266198e-03 1.720537e-01
    outer loop
      vertex   -7.000000e-02 -7.092840e-02 2.350622e-03
      vertex   -6.966153e-02 -7.870383e-02 4.526473e-03
      vertex   -6.944463e-02 -7.041267e-02 5.514556e-03
    endloop
  endfacet
  facet normal -7.509638e-02 -7.019159e-01 7.082899e-01
    outer loop
      vertex   -6.000000e-02 -9.381908e-02 5.030340e-03
      vertex   -6.236869e-02 -9.635975e-02 2.261399e-03
      vertex   -6.000000e-02 -9.772362e-02 1.160944e-03
    endloop
  endfacet
  facet normal -2.299340e-02 -7.267560e-01 6.865107e-01
    outer loop
      vertex   -6.000000e-02 -9.381908e-02 5.030340e-03
      vertex   -6.130402e-02 -9.336214e-02 5.470395e-03
      vertex   -6.236869e-02 -9.635975e-02 2.261399e-03
    endloop
  endfacet
  facet normal 7.174223e-02 -5.780571e-01 8.128364e-01
    outer loop
      vertex   -6.000000e-02 -9.381908e-02 5.030340e-03
      vertex   -6.151695e-02 -8.985914e-02 7.980382e-03
      vertex   -6.130402e-02 -9.336214e-02 5.470395e-03
    endloop
  endfacet
  facet normal 1.938051e-01 -5.372644e-01 8.208451e-01
    outer loop
      vertex   -6.000000e-02 -8.623462e-02 9.994570e-03
      vertex   -6.151695e-02 -8.985914e-02 7.980382e-03
      vertex   -6.000000e-02 -9.381908e-02 5.030340e-03
    endloop
  endfacet
  facet normal -1.014730e-01 -4.504545e-01 8.870141e-01
    outer loop
      vertex   -6.000000e-02 -8.623462e-02 9.994570e-03
      vertex   -6.200016e-02 -8.608462e-02 9.841926e-03
      vertex   -6.151695e-02 -8.985914e-02 7.980382e-03
    endloop
  endfacet
  facet normal -9.588261e-02 -3.190635e-01 9.428706e-01
    outer loop
      vertex   -6.000000e-02 -8.623462e-02 9.994570e-03
      vertex   -6.183553e-02 -8.132257e-02 1.147013e-02
      vertex   -6.200016e-02 -8.608462e-02 9.841926e-03
    endloop
  endfacet
  facet normal -7.147117e-02 -3.113621e-01 9.475999e-01
    outer loop
      vertex   -6.000000e-02 -8.028772e-02 1.194860e-02
      vertex   -6.183553e-02 -8.132257e-02 1.147013e-02
      vertex   -6.000000e-02 -8.623462e-02 9.994570e-03
    endloop
  endfacet
  facet normal -1.657707e-01 -1.561782e-01 9.737189e-01
    outer loop
      vertex   -6.000000e-02 -8.028772e-02 1.194860e-02
      vertex   -6.157101e-02 -7.597564e-02 1.237277e-02
      vertex   -6.183553e-02 -8.132257e-02 1.147013e-02
    endloop
  endfacet
  facet normal 1.979350e-01 -2.427995e-02 9.799144e-01
    outer loop
      vertex   -6.000000e-02 -6.931961e-02 1.222036e-02
      vertex   -6.157101e-02 -7.597564e-02 1.237277e-02
      vertex   -6.000000e-02 -8.028772e-02 1.194860e-02
    endloop
  endfacet
  facet normal -1.122166e-02 2.553778e-02 9.996109e-01
    outer loop
      vertex   -6.000000e-02 -6.931961e-02 1.222036e-02
      vertex   -6.205010e-02 -7.205364e-02 1.226720e-02
      vertex   -6.157101e-02 -7.597564e-02 1.237277e-02
    endloop
  endfacet
  facet normal -3.848390e-01 2.377745e-02 9.226774e-01
    outer loop
      vertex   -6.382319e-02 -6.944348e-02 1.146039e-02
      vertex   -6.543397e-02 -7.382262e-02 1.090141e-02
      vertex   -6.205010e-02 -7.205364e-02 1.226720e-02
    endloop
  endfacet
  facet normal -5.115722e-01 7.895522e-02 8.556050e-01
    outer loop
      vertex   -6.605867e-02 -6.965813e-02 1.014359e-02
      vertex   -6.543397e-02 -7.382262e-02 1.090141e-02
      vertex   -6.382319e-02 -6.944348e-02 1.146039e-02
    endloop
  endfacet
  facet normal -6.268399e-01 4.748776e-02 7.776996e-01
    outer loop
      vertex   -6.605867e-02 -6.965813e-02 1.014359e-02
      vertex   -6.736576e-02 -7.335623e-02 9.315875e-03
      vertex   -6.543397e-02 -7.382262e-02 1.090141e-02
    endloop
  endfacet
  facet normal -7.254017e-01 1.041001e-01 6.804084e-01
    outer loop
      vertex   -6.736576e-02 -7.335623e-02 9.315875e-03
      vertex   -6.605867e-02 -6.965813e-02 1.014359e-02
      vertex   -6.829312e-02 -7.003698e-02 7.819356e-03
    endloop
  endfacet
  facet normal -2.624726e-01 1.177361e-01 9.577298e-01
    outer loop
      vertex   -6.205010e-02 -7.205364e-02 1.226720e-02
      vertex   -6.151695e-02 -6.934248e-02 1.208002e-02
      vertex   -6.382319e-02 -6.944348e-02 1.146039e-02
    endloop
  endfacet
  facet normal -9.307138e-02 8.677991e-02 9.918704e-01
    outer loop
      vertex   -6.205010e-02 -7.205364e-02 1.226720e-02
      vertex   -6.000000e-02 -6.931961e-02 1.222036e-02
      vertex   -6.151695e-02 -6.934248e-02 1.208002e-02
    endloop
  endfacet
  facet normal -9.689757e-01 -2.427516e-01 4.645170e-02
    outer loop
      vertex   -6.882794e-02 -9.836786e-02 -1.311789e-02
      vertex   -7.000000e-02 -9.384214e-02 -1.391590e-02
      vertex   -6.968547e-02 -1.104789e-01 -9.429673e-02
    endloop
  endfacet
  facet normal -9.307310e-01 -3.601387e-01 6.356066e-02
    outer loop
      vertex   -6.883216e-02 -1.126176e-01 -9.391962e-02
      vertex   -6.882794e-02 -9.836786e-02 -1.311789e-02
      vertex   -6.968547e-02 -1.104789e-01 -9.429673e-02
    endloop
  endfacet
  facet normal -2.068232e-01 -9.638471e-01 1.679968e-01
    outer loop
      vertex   -6.380865e-02 -1.324175e-01 -1.797365e-01
      vertex   -6.000000e-02 -1.332104e-01 -1.795967e-01
      vertex   -6.220490e-02 -1.161543e-01 -8.445510e-02
    endloop
  endfacet
  facet normal -1.241401e-01 -9.771900e-01 1.723049e-01
    outer loop
      vertex   -6.220490e-02 -1.161543e-01 -8.445510e-02
      vertex   -6.000000e-02 -1.332104e-01 -1.795967e-01
      vertex   -6.000000e-02 -1.036902e-01 -1.217942e-02
    endloop
  endfacet
  facet normal -3.367513e-01 -9.272137e-01 1.639309e-01
    outer loop
      vertex   -6.445959e-02 -1.162594e-01 -8.968118e-02
      vertex   -6.380865e-02 -1.324175e-01 -1.797365e-01
      vertex   -6.220490e-02 -1.161543e-01 -8.445510e-02
    endloop
  endfacet
  facet normal -5.601105e-01 -8.160911e-01 1.423782e-01
    outer loop
      vertex   -6.693023e-02 -1.303390e-01 -1.801030e-01
      vertex   -6.380865e-02 -1.324175e-01 -1.797365e-01
      vertex   -6.445959e-02 -1.162594e-01 -8.968118e-02
    endloop
  endfacet
  facet normal -9.917001e-01 -1.266193e-01 2.232639e-02
    outer loop
      vertex   -7.000000e-02 -1.233623e-01 -1.813332e-01
      vertex   -6.968547e-02 -1.104789e-01 -9.429673e-02
      vertex   -7.000000e-02 -9.384214e-02 -1.391590e-02
    endloop
  endfacet
  facet normal -9.809670e-01 -1.915370e-01 3.189694e-02
    outer loop
      vertex   -6.934940e-02 -1.265994e-01 -1.807624e-01
      vertex   -6.968547e-02 -1.104789e-01 -9.429673e-02
      vertex   -7.000000e-02 -1.233623e-01 -1.813332e-01
    endloop
  endfacet
  facet normal -9.307310e-01 -3.601446e-01 6.352700e-02
    outer loop
      vertex   -6.934940e-02 -1.265994e-01 -1.807624e-01
      vertex   -6.883216e-02 -1.126176e-01 -9.391962e-02
      vertex   -6.968547e-02 -1.104789e-01 -9.429673e-02
    endloop
  endfacet
  facet normal -8.433873e-01 -5.296639e-01 9.029950e-02
    outer loop
      vertex   -6.693023e-02 -1.303390e-01 -1.801030e-01
      vertex   -6.883216e-02 -1.126176e-01 -9.391962e-02
      vertex   -6.934940e-02 -1.265994e-01 -1.807624e-01
    endloop
  endfacet
  facet normal -7.982536e-01 -5.932114e-01 1.043624e-01
    outer loop
      vertex   -6.693023e-02 -1.303390e-01 -1.801030e-01
      vertex   -6.687065e-02 -1.154334e-01 -9.492158e-02
      vertex   -6.883216e-02 -1.126176e-01 -9.391962e-02
    endloop
  endfacet
  facet normal -5.806053e-01 -8.019300e-01 1.407332e-01
    outer loop
      vertex   -6.445959e-02 -1.162594e-01 -8.968118e-02
      vertex   -6.687065e-02 -1.154334e-01 -9.492158e-02
      vertex   -6.693023e-02 -1.303390e-01 -1.801030e-01
    endloop
  endfacet
  facet normal -1.674033e-01 -9.706797e-01 1.725021e-01
    outer loop
      vertex   -6.299276e-02 -1.031898e-01 -1.226766e-02
      vertex   -6.220490e-02 -1.161543e-01 -8.445510e-02
      vertex   -6.000000e-02 -1.036902e-01 -1.217942e-02
    endloop
  endfacet
  facet normal -3.346350e-01 -9.281371e-01 1.630364e-01
    outer loop
      vertex   -6.299276e-02 -1.031898e-01 -1.226766e-02
      vertex   -6.445959e-02 -1.162594e-01 -8.968118e-02
      vertex   -6.220490e-02 -1.161543e-01 -8.445510e-02
    endloop
  endfacet
  facet normal -4.256773e-01 -8.908901e-01 1.584731e-01
    outer loop
      vertex   -6.554091e-02 -1.020093e-01 -1.247581e-02
      vertex   -6.445959e-02 -1.162594e-01 -8.968118e-02
      vertex   -6.299276e-02 -1.031898e-01 -1.226766e-02
    endloop
  endfacet
  facet normal -5.794827e-01 -8.028575e-01 1.400705e-01
    outer loop
      vertex   -6.554091e-02 -1.020093e-01 -1.247581e-02
      vertex   -6.687065e-02 -1.154334e-01 -9.492158e-02
      vertex   -6.445959e-02 -1.162594e-01 -8.968118e-02
    endloop
  endfacet
  facet normal -6.458291e-01 -7.518378e-01 1.328333e-01
    outer loop
      vertex   -6.736576e-02 -1.004891e-01 -1.274386e-02
      vertex   -6.687065e-02 -1.154334e-01 -9.492158e-02
      vertex   -6.554091e-02 -1.020093e-01 -1.247581e-02
    endloop
  endfacet
  facet normal -7.986014e-01 -5.929772e-01 1.030236e-01
    outer loop
      vertex   -6.736576e-02 -1.004891e-01 -1.274386e-02
      vertex   -6.883216e-02 -1.126176e-01 -9.391962e-02
      vertex   -6.687065e-02 -1.154334e-01 -9.492158e-02
    endloop
  endfacet
  facet normal -8.273716e-01 -5.531122e-01 9.758702e-02
    outer loop
      vertex   -6.882794e-02 -9.836786e-02 -1.311789e-02
      vertex   -6.883216e-02 -1.126176e-01 -9.391962e-02
      vertex   -6.736576e-02 -1.004891e-01 -1.274386e-02
    endloop
  endfacet
  facet normal 3.143614e-03 9.990233e-01 4.407399e-02
    outer loop
      vertex   3.000000e-02 8.991585e-02 -5.092339e-02
      vertex   1.565198e-02 8.990452e-02 -4.964319e-02
      vertex   2.696625e-02 8.967398e-02 -4.522452e-02
    endloop
  endfacet
  facet normal 1.167769e-03 9.997587e-01 2.193583e-02
    outer loop
      vertex   3.000000e-02 8.991585e-02 -5.092339e-02
      vertex   7.470915e-03 8.995039e-02 -5.129834e-02
      vertex   1.565198e-02 8.990452e-02 -4.964319e-02
    endloop
  endfacet
  facet normal 1.839132e-03 9.998291e-01 -1.839623e-02
    outer loop
      vertex   3.000000e-02 8.991585e-02 -5.092339e-02
      vertex   -9.303115e-04 8.995821e-02 -5.171322e-02
      vertex   7.470915e-03 8.995039e-02 -5.129834e-02
    endloop
  endfacet
  facet normal 0.000000e+00 9.531585e-01 3.024714e-01
    outer loop
      vertex   -5.497850e-02 8.430554e-02 -1.569562e-02
      vertex   -6.000000e-02 8.282948e-02 -1.104421e-02
      vertex   -5.682736e-02 8.282948e-02 -1.104421e-02
    endloop
  endfacet
  facet normal 3.428291e-03 9.520799e-01 3.058302e-01
    outer loop
      vertex   -5.497850e-02 8.430554e-02 -1.569562e-02
      vertex   -6.580232e-02 8.346263e-02 -1.295021e-02
      vertex   -6.000000e-02 8.282948e-02 -1.104421e-02
    endloop
  endfacet
  facet normal 6.810469e-04 9.552009e-01 2.959573e-01
    outer loop
      vertex   -5.497850e-02 8.430554e-02 -1.569562e-02
      vertex   -6.897725e-02 8.455750e-02 -1.647657e-02
      vertex   -6.580232e-02 8.346263e-02 -1.295021e-02
    endloop
  endfacet
  facet normal 2.424899e-03 9.635819e-01 2.674025e-01
    outer loop
      vertex   -5.497850e-02 8.430554e-02 -1.569562e-02
      vertex   -7.000000e-02 8.571465e-02 -2.063711e-02
      vertex   -6.897725e-02 8.455750e-02 -1.647657e-02
    endloop
  endfacet
  facet normal 5.482960e-03 9.659224e-01 2.587738e-01
    outer loop
      vertex   -5.052742e-02 8.648895e-02 -2.393991e-02
      vertex   -7.000000e-02 8.571465e-02 -2.063711e-02
      vertex   -5.497850e-02 8.430554e-02 -1.569562e-02
    endloop
  endfacet
  facet normal -4.122748e-03 9.990520e-01 -4.333649e-02
    outer loop
      vertex   -4.375000e-03 8.987154e-02 -5.700056e-02
      vertex   -7.000000e-02 8.914404e-02 -6.752878e-02
      vertex   -7.000000e-02 8.988358e-02 -5.047997e-02
    endloop
  endfacet
  facet normal 2.722478e-04 9.975029e-01 -7.062455e-02
    outer loop
      vertex   1.875000e-03 8.891973e-02 -7.041992e-02
      vertex   -7.000000e-02 8.914404e-02 -6.752878e-02
      vertex   -4.375000e-03 8.987154e-02 -5.700056e-02
    endloop
  endfacet
  facet normal -3.791929e-03 9.853130e-01 -1.707158e-01
    outer loop
      vertex   1.437500e-02 8.702742e-02 -8.161933e-02
      vertex   -7.000000e-02 8.914404e-02 -6.752878e-02
      vertex   1.875000e-03 8.891973e-02 -7.041992e-02
    endloop
  endfacet
  facet normal -4.728499e-03 9.843468e-01 -1.761789e-01
    outer loop
      vertex   1.437500e-02 8.702742e-02 -8.161933e-02
      vertex   -7.000000e-02 8.550953e-02 -8.783551e-02
      vertex   -7.000000e-02 8.914404e-02 -6.752878e-02
    endloop
  endfacet
  facet normal 4.219906e-04 9.701225e-01 -2.426154e-01
    outer loop
      vertex   5.000000e-03 8.466196e-02 -9.109415e-02
      vertex   -7.000000e-02 8.550953e-02 -8.783551e-02
      vertex   1.437500e-02 8.702742e-02 -8.161933e-02
    endloop
  endfacet
  facet normal -3.559568e-03 9.447875e-01 -3.276644e-01
    outer loop
      vertex   -1.250000e-03 8.065845e-02 -1.025700e-01
      vertex   -7.000000e-02 8.550953e-02 -8.783551e-02
      vertex   5.000000e-03 8.466196e-02 -9.109415e-02
    endloop
  endfacet
  facet normal -1.075206e-04 9.496960e-01 -3.131734e-01
    outer loop
      vertex   -1.250000e-03 8.065845e-02 -1.025700e-01
      vertex   -7.000000e-02 8.053663e-02 -1.029158e-01
      vertex   -7.000000e-02 8.550953e-02 -8.783551e-02
    endloop
  endfacet
  facet normal 4.502980e-04 9.117634e-01 -4.107155e-01
    outer loop
      vertex   -7.500000e-03 7.517952e-02 -1.147397e-01
      vertex   -7.000000e-02 8.053663e-02 -1.029158e-01
      vertex   -1.250000e-03 8.065845e-02 -1.025700e-01
    endloop
  endfacet
  facet normal -2.475827e-04 9.103783e-01 -4.137769e-01
    outer loop
      vertex   -7.500000e-03 7.517952e-02 -1.147397e-01
      vertex   -7.000000e-02 7.511476e-02 -1.148448e-01
      vertex   -7.000000e-02 8.053663e-02 -1.029158e-01
    endloop
  endfacet
  facet normal -3.325972e-05 8.600454e-01 -5.102175e-01
    outer loop
      vertex   3.437500e-03 6.786329e-02 -1.270730e-01
      vertex   -7.000000e-02 7.511476e-02 -1.148448e-01
      vertex   -7.500000e-03 7.517952e-02 -1.147397e-01
    endloop
  endfacet
  facet normal 1.893608e-03 8.650797e-01 -5.016309e-01
    outer loop
      vertex   3.437500e-03 6.786329e-02 -1.270730e-01
      vertex   -7.000000e-02 6.874013e-02 -1.258381e-01
      vertex   -7.000000e-02 7.511476e-02 -1.148448e-01
    endloop
  endfacet
  facet normal -9.077855e-04 7.890957e-01 -6.142696e-01
    outer loop
      vertex   3.437500e-03 6.786329e-02 -1.270730e-01
      vertex   -7.000000e-02 5.411537e-02 -1.446252e-01
      vertex   -7.000000e-02 6.874013e-02 -1.258381e-01
    endloop
  endfacet
  facet normal -6.909354e-03 8.010665e-01 -5.985355e-01
    outer loop
      vertex   1.125000e-02 5.896146e-02 -1.390772e-01
      vertex   -7.000000e-02 5.411537e-02 -1.446252e-01
      vertex   3.437500e-03 6.786329e-02 -1.270730e-01
    endloop
  endfacet
  facet normal -7.004738e-03 9.819692e-01 1.889111e-01
    outer loop
      vertex   -5.052742e-02 8.648895e-02 -2.393991e-02
      vertex   -7.000000e-02 8.864002e-02 -3.584332e-02
      vertex   -7.000000e-02 8.571465e-02 -2.063711e-02
    endloop
  endfacet
  facet normal -4.492932e-03 9.827393e-01 1.849412e-01
    outer loop
      vertex   -4.226584e-02 8.844938e-02 -3.415653e-02
      vertex   -7.000000e-02 8.864002e-02 -3.584332e-02
      vertex   -5.052742e-02 8.648895e-02 -2.393991e-02
    endloop
  endfacet
  facet normal -6.387299e-04 9.924476e-01 1.226677e-01
    outer loop
      vertex   -3.272988e-02 8.942352e-02 -4.198819e-02
      vertex   -7.000000e-02 8.864002e-02 -3.584332e-02
      vertex   -4.226584e-02 8.844938e-02 -3.415653e-02
    endloop
  endfacet
  facet normal -6.988914e-03 9.963859e-01 8.465448e-02
    outer loop
      vertex   -3.272988e-02 8.942352e-02 -4.198819e-02
      vertex   -7.000000e-02 8.988358e-02 -5.047997e-02
      vertex   -7.000000e-02 8.864002e-02 -3.584332e-02
    endloop
  endfacet
  facet normal -3.153128e-03 9.976878e-01 6.788989e-02
    outer loop
      vertex   -2.383179e-02 8.977872e-02 -4.679477e-02
      vertex   -7.000000e-02 8.988358e-02 -5.047997e-02
      vertex   -3.272988e-02 8.942352e-02 -4.198819e-02
    endloop
  endfacet
  facet normal -1.070244e-03 9.991239e-01 4.183642e-02
    outer loop
      vertex   -2.383179e-02 8.977872e-02 -4.679477e-02
      vertex   -1.622949e-02 8.990013e-02 -4.949982e-02
      vertex   -7.000000e-02 8.988358e-02 -5.047997e-02
    endloop
  endfacet
  facet normal -2.317358e-04 9.999912e-01 -4.177988e-03
    outer loop
      vertex   -1.622949e-02 8.990013e-02 -4.949982e-02
      vertex   -4.375000e-03 8.987154e-02 -5.700056e-02
      vertex   -7.000000e-02 8.988358e-02 -5.047997e-02
    endloop
  endfacet
  facet normal -1.028321e-02 9.997458e-01 -2.006283e-02
    outer loop
      vertex   -8.341992e-03 8.994765e-02 -5.117452e-02
      vertex   -4.375000e-03 8.987154e-02 -5.700056e-02
      vertex   -1.622949e-02 8.990013e-02 -4.949982e-02
    endloop
  endfacet
  facet normal -2.497257e-03 9.998879e-01 -1.476317e-02
    outer loop
      vertex   -9.303115e-04 8.995821e-02 -5.171322e-02
      vertex   -4.375000e-03 8.987154e-02 -5.700056e-02
      vertex   -8.341992e-03 8.994765e-02 -5.117452e-02
    endloop
  endfacet
  facet normal 1.818154e-03 9.998439e-01 -1.757393e-02
    outer loop
      vertex   3.000000e-02 8.991585e-02 -5.092339e-02
      vertex   -4.375000e-03 8.987154e-02 -5.700056e-02
      vertex   -9.303115e-04 8.995821e-02 -5.171322e-02
    endloop
  endfacet
  facet normal 0.000000e+00 7.531402e-01 -6.578600e-01
    outer loop
      vertex   8.000000e-02 5.411537e-02 -1.446252e-01
      vertex   -7.000000e-02 5.411537e-02 -1.446252e-01
      vertex   1.125000e-02 5.896146e-02 -1.390772e-01
    endloop
  endfacet
  facet normal 4.145028e-03 7.780193e-01 -6.282267e-01
    outer loop
      vertex   1.125000e-02 5.896146e-02 -1.390772e-01
      vertex   8.000000e-02 6.508722e-02 -1.310372e-01
      vertex   8.000000e-02 5.411537e-02 -1.446252e-01
    endloop
  endfacet
  facet normal -1.775368e-03 8.026879e-01 -5.963966e-01
    outer loop
      vertex   3.437500e-03 6.786329e-02 -1.270730e-01
      vertex   8.000000e-02 6.508722e-02 -1.310372e-01
      vertex   1.125000e-02 5.896146e-02 -1.390772e-01
    endloop
  endfacet
  facet normal 2.745322e-03 8.432601e-01 -5.374987e-01
    outer loop
      vertex   3.437500e-03 6.786329e-02 -1.270730e-01
      vertex   8.000000e-02 7.362049e-02 -1.176497e-01
      vertex   8.000000e-02 6.508722e-02 -1.310372e-01
    endloop
  endfacet
  facet normal -1.692143e-03 8.593979e-01 -5.113046e-01
    outer loop
      vertex   -7.500000e-03 7.517952e-02 -1.147397e-01
      vertex   8.000000e-02 7.362049e-02 -1.176497e-01
      vertex   3.437500e-03 6.786329e-02 -1.270730e-01
    endloop
  endfacet
  facet normal 2.156427e-03 9.070148e-01 -4.210932e-01
    outer loop
      vertex   -7.500000e-03 7.517952e-02 -1.147397e-01
      vertex   8.000000e-02 8.064033e-02 -1.025293e-01
      vertex   8.000000e-02 7.362049e-02 -1.176497e-01
    endloop
  endfacet
  facet normal 4.089346e-04 9.117714e-01 -4.106979e-01
    outer loop
      vertex   -1.250000e-03 8.065845e-02 -1.025700e-01
      vertex   8.000000e-02 8.064033e-02 -1.025293e-01
      vertex   -7.500000e-03 7.517952e-02 -1.147397e-01
    endloop
  endfacet
  facet normal 3.691615e-04 9.492386e-01 -3.145568e-01
    outer loop
      vertex   -1.250000e-03 8.065845e-02 -1.025700e-01
      vertex   8.000000e-02 8.550953e-02 -8.783551e-02
      vertex   8.000000e-02 8.064033e-02 -1.025293e-01
    endloop
  endfacet
  facet normal 3.727232e-03 9.435525e-01 -3.312021e-01
    outer loop
      vertex   5.000000e-03 8.466196e-02 -9.109415e-02
      vertex   8.000000e-02 8.550953e-02 -8.783551e-02
      vertex   -1.250000e-03 8.065845e-02 -1.025700e-01
    endloop
  endfacet
  facet normal -4.600012e-04 9.703275e-01 -2.417939e-01
    outer loop
      vertex   1.437500e-02 8.702742e-02 -8.161933e-02
      vertex   8.000000e-02 8.550953e-02 -8.783551e-02
      vertex   5.000000e-03 8.466196e-02 -9.109415e-02
    endloop
  endfacet
  facet normal 4.707717e-03 9.817668e-01 -1.900310e-01
    outer loop
      vertex   1.437500e-02 8.702742e-02 -8.161933e-02
      vertex   8.000000e-02 8.882821e-02 -7.069004e-02
      vertex   8.000000e-02 8.550953e-02 -8.783551e-02
    endloop
  endfacet
  facet normal 5.812957e-04 9.861302e-01 -1.659728e-01
    outer loop
      vertex   1.875000e-03 8.891973e-02 -7.041992e-02
      vertex   8.000000e-02 8.882821e-02 -7.069004e-02
      vertex   1.437500e-02 8.702742e-02 -8.161933e-02
    endloop
  endfacet
  facet normal 9.253514e-04 9.975239e-01 -7.032186e-02
    outer loop
      vertex   -4.375000e-03 8.987154e-02 -5.700056e-02
      vertex   8.000000e-02 8.882821e-02 -7.069004e-02
      vertex   1.875000e-03 8.891973e-02 -7.041992e-02
    endloop
  endfacet
  facet normal -1.719504e-04 9.970274e-01 -7.704723e-02
    outer loop
      vertex   -4.375000e-03 8.987154e-02 -5.700056e-02
      vertex   8.000000e-02 8.989883e-02 -5.683567e-02
      vertex   8.000000e-02 8.882821e-02 -7.069004e-02
    endloop
  endfacet
  facet normal -3.126896e-04 9.999847e-01 -5.522027e-03
    outer loop
      vertex   3.000000e-02 8.991585e-02 -5.092339e-02
      vertex   8.000000e-02 8.989883e-02 -5.683567e-02
      vertex   -4.375000e-03 8.987154e-02 -5.700056e-02
    endloop
  endfacet
  facet normal 3.460827e-03 9.996457e-01 2.639149e-02
    outer loop
      vertex   3.000000e-02 8.991585e-02 -5.092339e-02
      vertex   8.000000e-02 8.956346e-02 -4.413233e-02
      vertex   8.000000e-02 8.989883e-02 -5.683567e-02
    endloop
  endfacet
  facet normal 1.195690e-03 9.990727e-01 4.303912e-02
    outer loop
      vertex   8.000000e-02 8.956346e-02 -4.413233e-02
      vertex   3.000000e-02 8.991585e-02 -5.092339e-02
      vertex   2.696625e-02 8.967398e-02 -4.522452e-02
    endloop
  endfacet
  facet normal 5.774964e-06 9.949471e-01 1.004006e-01
    outer loop
      vertex   3.972960e-02 8.880028e-02 -3.656710e-02
      vertex   8.000000e-02 8.956346e-02 -4.413233e-02
      vertex   2.696625e-02 8.967398e-02 -4.522452e-02
    endloop
  endfacet
  facet normal 4.122273e-03 9.925132e-01 1.220675e-01
    outer loop
      vertex   3.972960e-02 8.880028e-02 -3.656710e-02
      vertex   8.000000e-02 8.801224e-02 -3.151961e-02
      vertex   8.000000e-02 8.956346e-02 -4.413233e-02
    endloop
  endfacet
  facet normal -2.820891e-03 9.843525e-01 1.761881e-01
    outer loop
      vertex   4.957222e-02 8.683468e-02 -2.542782e-02
      vertex   8.000000e-02 8.801224e-02 -3.151961e-02
      vertex   3.972960e-02 8.880028e-02 -3.656710e-02
    endloop
  endfacet
  facet normal 3.491388e-03 9.784253e-01 2.065715e-01
    outer loop
      vertex   4.957222e-02 8.683468e-02 -2.542782e-02
      vertex   8.000000e-02 8.571465e-02 -2.063711e-02
      vertex   8.000000e-02 8.801224e-02 -3.151961e-02
    endloop
  endfacet
  facet normal -4.730684e-03 9.666543e-01 2.560413e-01
    outer loop
      vertex   5.499791e-02 8.424524e-02 -1.555146e-02
      vertex   8.000000e-02 8.571465e-02 -2.063711e-02
      vertex   4.957222e-02 8.683468e-02 -2.542782e-02
    endloop
  endfacet
  facet normal -2.313010e-03 9.636754e-01 2.670664e-01
    outer loop
      vertex   5.499791e-02 8.424524e-02 -1.555146e-02
      vertex   7.902687e-02 8.458730e-02 -1.657761e-02
      vertex   8.000000e-02 8.571465e-02 -2.063711e-02
    endloop
  endfacet
  facet normal -1.125391e-03 9.562909e-01 2.924149e-01
    outer loop
      vertex   5.499791e-02 8.424524e-02 -1.555146e-02
      vertex   7.675215e-02 8.367416e-02 -1.360013e-02
      vertex   7.902687e-02 8.458730e-02 -1.657761e-02
    endloop
  endfacet
  facet normal -2.577582e-03 9.516286e-01 3.072400e-01
    outer loop
      vertex   7.363702e-02 8.306786e-02 -1.174831e-02
      vertex   7.675215e-02 8.367416e-02 -1.360013e-02
      vertex   5.499791e-02 8.424524e-02 -1.555146e-02
    endloop
  endfacet
  facet normal -9.601132e-04 9.539307e-01 3.000255e-01
    outer loop
      vertex   5.682736e-02 8.282948e-02 -1.104421e-02
      vertex   7.363702e-02 8.306786e-02 -1.174831e-02
      vertex   5.499791e-02 8.424524e-02 -1.555146e-02
    endloop
  endfacet
  facet normal -0.000000e+00 9.471924e-01 3.206658e-01
    outer loop
      vertex   5.682736e-02 8.282948e-02 -1.104421e-02
      vertex   7.000000e-02 8.282948e-02 -1.104421e-02
      vertex   7.363702e-02 8.306786e-02 -1.174831e-02
    endloop
  endfacet
  facet normal 1.000000e+00 -0.000000e+00 0.000000e+00
    outer loop
      vertex   8.000000e-02 7.663371e-02 -2.215588e-02
      vertex   8.000000e-02 8.801224e-02 -3.151961e-02
      vertex   8.000000e-02 8.571465e-02 -2.063711e-02
    endloop
  endfacet
  facet normal 1.000000e+00 0.000000e+00 0.000000e+00
    outer loop
      vertex   8.000000e-02 7.663371e-02 -2.215588e-02
      vertex   8.000000e-02 8.956346e-02 -4.413233e-02
      vertex   8.000000e-02 8.801224e-02 -3.151961e-02
    endloop
  endfacet
  facet normal 1.000000e+00 0.000000e+00 0.000000e+00
    outer loop
      vertex   8.000000e-02 7.663371e-02 -2.215588e-02
      vertex   8.000000e-02 8.989883e-02 -5.683567e-02
      vertex   8.000000e-02 8.956346e-02 -4.413233e-02
    endloop
  endfacet
  facet normal 1.000000e+00 0.000000e+00 -0.000000e+00
    outer loop
      vertex   8.000000e-02 8.882821e-02 -7.069004e-02
      vertex   8.000000e-02 8.989883e-02 -5.683567e-02
      vertex   8.000000e-02 4.668178e-02 -1.765043e-02
    endloop
  endfacet
  facet normal 1.000000e+00 0.000000e+00 0.000000e+00
    outer loop
      vertex   8.000000e-02 4.668178e-02 -1.765043e-02
      vertex   8.000000e-02 8.550953e-02 -8.783551e-02
      vertex   8.000000e-02 8.882821e-02 -7.069004e-02
    endloop
  endfacet
  facet normal 1.000000e+00 0.000000e+00 0.000000e+00
    outer loop
      vertex   8.000000e-02 4.296907e-02 -2.547042e-02
      vertex   8.000000e-02 7.362049e-02 -1.176497e-01
      vertex   8.000000e-02 8.064033e-02 -1.025293e-01
    endloop
  endfacet
  facet normal 1.000000e+00 0.000000e+00 0.000000e+00
    outer loop
      vertex   8.000000e-02 4.296907e-02 -2.547042e-02
      vertex   8.000000e-02 6.508722e-02 -1.310372e-01
      vertex   8.000000e-02 7.362049e-02 -1.176497e-01
    endloop
  endfacet
  facet normal 1.000000e+00 0.000000e+00 0.000000e+00
    outer loop
      vertex   8.000000e-02 4.296907e-02 -2.547042e-02
      vertex   8.000000e-02 5.411537e-02 -1.446252e-01
      vertex   8.000000e-02 6.508722e-02 -1.310372e-01
    endloop
  endfacet
  facet normal 1.000000e+00 0.000000e+00 0.000000e+00
    outer loop
      vertex   8.000000e-02 -8.935162e-02 -4.471774e-03
      vertex   8.000000e-02 -9.384214e-02 -1.391590e-02
      vertex   8.000000e-02 -1.233623e-01 -1.813332e-01
    endloop
  endfacet
  facet normal 1.000000e+00 0.000000e+00 0.000000e+00
    outer loop
      vertex   8.000000e-02 -1.233623e-01 -1.813332e-01
      vertex   8.000000e-02 -8.068301e-02 1.171291e-03
      vertex   8.000000e-02 -8.935162e-02 -4.471774e-03
    endloop
  endfacet
  facet normal 1.000000e+00 0.000000e+00 0.000000e+00
    outer loop
      vertex   8.000000e-02 -7.092840e-02 2.350622e-03
      vertex   8.000000e-02 -8.068301e-02 1.171291e-03
      vertex   8.000000e-02 -1.233623e-01 -1.813332e-01
    endloop
  endfacet
  facet normal 1.000000e+00 0.000000e+00 0.000000e+00
    outer loop
      vertex   8.000000e-02 -1.233623e-01 -1.813332e-01
      vertex   8.000000e-02 -5.679826e-02 3.309759e-03
      vertex   8.000000e-02 -7.092840e-02 2.350622e-03
    endloop
  endfacet
  facet normal 1.000000e+00 0.000000e+00 0.000000e+00
    outer loop
      vertex   8.000000e-02 -1.233623e-01 -1.813332e-01
      vertex   8.000000e-02 -4.968902e-02 5.567866e-03
      vertex   8.000000e-02 -5.679826e-02 3.309759e-03
    endloop
  endfacet
  facet normal 1.000000e+00 0.000000e+00 0.000000e+00
    outer loop
      vertex   8.000000e-02 -1.233623e-01 -1.813332e-01
      vertex   8.000000e-02 -4.950868e-02 -6.795990e-03
      vertex   8.000000e-02 -4.968902e-02 5.567866e-03
    endloop
  endfacet
  facet normal 1.000000e+00 0.000000e+00 0.000000e+00
    outer loop
      vertex   8.000000e-02 -1.233623e-01 -1.813332e-01
      vertex   8.000000e-02 -4.716997e-02 -1.614991e-02
      vertex   8.000000e-02 -4.950868e-02 -6.795990e-03
    endloop
  endfacet
  facet normal 1.000000e+00 0.000000e+00 0.000000e+00
    outer loop
      vertex   8.000000e-02 -1.233623e-01 -1.813332e-01
      vertex   8.000000e-02 -4.093364e-02 -2.846511e-02
      vertex   8.000000e-02 -4.716997e-02 -1.614991e-02
    endloop
  endfacet
  facet normal 1.000000e+00 0.000000e+00 -0.000000e+00
    outer loop
      vertex   8.000000e-02 -6.884627e-02 -1.909459e-01
      vertex   8.000000e-02 -4.093364e-02 -2.846511e-02
      vertex   8.000000e-02 -1.233623e-01 -1.813332e-01
    endloop
  endfacet
  facet normal 1.000000e+00 0.000000e+00 -0.000000e+00
    outer loop
      vertex   8.000000e-02 -6.399462e-02 -1.862616e-01
      vertex   8.000000e-02 -4.093364e-02 -2.846511e-02
      vertex   8.000000e-02 -6.884627e-02 -1.909459e-01
    endloop
  endfacet
  facet normal 1.000000e+00 0.000000e+00 0.000000e+00
    outer loop
      vertex   8.000000e-02 -6.399462e-02 -1.862616e-01
      vertex   8.000000e-02 -3.155946e-02 -3.859827e-02
      vertex   8.000000e-02 -4.093364e-02 -2.846511e-02
    endloop
  endfacet
  facet normal 1.000000e+00 0.000000e+00 -0.000000e+00
    outer loop
      vertex   8.000000e-02 -5.487389e-02 -1.803951e-01
      vertex   8.000000e-02 -3.155946e-02 -3.859827e-02
      vertex   8.000000e-02 -6.399462e-02 -1.862616e-01
    endloop
  endfacet
  facet normal 1.000000e+00 0.000000e+00 -0.000000e+00
    outer loop
      vertex   8.000000e-02 -4.770143e-02 -1.778501e-01
      vertex   8.000000e-02 -3.155946e-02 -3.859827e-02
      vertex   8.000000e-02 -5.487389e-02 -1.803951e-01
    endloop
  endfacet
  facet normal 1.000000e+00 0.000000e+00 0.000000e+00
    outer loop
      vertex   8.000000e-02 -4.770143e-02 -1.778501e-01
      vertex   8.000000e-02 -2.271709e-02 -4.448615e-02
      vertex   8.000000e-02 -3.155946e-02 -3.859827e-02
    endloop
  endfacet
  facet normal 1.000000e+00 0.000000e+00 -0.000000e+00
    outer loop
      vertex   8.000000e-02 -3.994662e-02 -1.768096e-01
      vertex   8.000000e-02 -2.271709e-02 -4.448615e-02
      vertex   8.000000e-02 -4.770143e-02 -1.778501e-01
    endloop
  endfacet
  facet normal 1.000000e+00 0.000000e+00 0.000000e+00
    outer loop
      vertex   8.000000e-02 -3.994662e-02 -1.768096e-01
      vertex   8.000000e-02 -1.228295e-02 -4.832137e-02
      vertex   8.000000e-02 -2.271709e-02 -4.448615e-02
    endloop
  endfacet
  facet normal 1.000000e+00 0.000000e+00 -0.000000e+00
    outer loop
      vertex   8.000000e-02 -3.020211e-02 -1.775334e-01
      vertex   8.000000e-02 -1.228295e-02 -4.832137e-02
      vertex   8.000000e-02 -3.994662e-02 -1.768096e-01
    endloop
  endfacet
  facet normal 1.000000e+00 0.000000e+00 0.000000e+00
    outer loop
      vertex   8.000000e-02 -3.020211e-02 -1.775334e-01
      vertex   8.000000e-02 -1.780479e-03 -4.991907e-02
      vertex   8.000000e-02 -1.228295e-02 -4.832137e-02
    endloop
  endfacet
  facet normal 1.000000e+00 0.000000e+00 -0.000000e+00
    outer loop
      vertex   8.000000e-02 -2.153718e-02 -1.803941e-01
      vertex   8.000000e-02 -1.780479e-03 -4.991907e-02
      vertex   8.000000e-02 -3.020211e-02 -1.775334e-01
    endloop
  endfacet
  facet normal 1.000000e+00 0.000000e+00 0.000000e+00
    outer loop
      vertex   8.000000e-02 -2.153718e-02 -1.803941e-01
      vertex   8.000000e-02 7.103198e-03 -4.937366e-02
      vertex   8.000000e-02 -1.780479e-03 -4.991907e-02
    endloop
  endfacet
  facet normal 1.000000e+00 0.000000e+00 -0.000000e+00
    outer loop
      vertex   8.000000e-02 -1.563672e-02 -1.836634e-01
      vertex   8.000000e-02 7.103198e-03 -4.937366e-02
      vertex   8.000000e-02 -2.153718e-02 -1.803941e-01
    endloop
  endfacet
  facet normal 1.000000e+00 0.000000e+00 -0.000000e+00
    outer loop
      vertex   8.000000e-02 -8.669208e-03 -1.898861e-01
      vertex   8.000000e-02 7.103198e-03 -4.937366e-02
      vertex   8.000000e-02 -1.563672e-02 -1.836634e-01
    endloop
  endfacet
  facet normal 1.000000e+00 0.000000e+00 0.000000e+00
    outer loop
      vertex   8.000000e-02 -8.669208e-03 -1.898861e-01
      vertex   8.000000e-02 1.832713e-02 -4.642028e-02
      vertex   8.000000e-02 7.103198e-03 -4.937366e-02
    endloop
  endfacet
  facet normal 1.000000e+00 0.000000e+00 -0.000000e+00
    outer loop
      vertex   8.000000e-02 -3.090494e-03 -1.976381e-01
      vertex   8.000000e-02 1.832713e-02 -4.642028e-02
      vertex   8.000000e-02 -8.669208e-03 -1.898861e-01
    endloop
  endfacet
  facet normal 1.000000e+00 0.000000e+00 0.000000e+00
    outer loop
      vertex   8.000000e-02 -3.090494e-03 -1.976381e-01
      vertex   8.000000e-02 2.951298e-02 -4.014200e-02
      vertex   8.000000e-02 1.832713e-02 -4.642028e-02
    endloop
  endfacet
  facet normal 1.000000e+00 0.000000e+00 -0.000000e+00
    outer loop
      vertex   8.000000e-02 -6.177304e-04 -2.029740e-01
      vertex   8.000000e-02 2.951298e-02 -4.014200e-02
      vertex   8.000000e-02 -3.090494e-03 -1.976381e-01
    endloop
  endfacet
  facet normal 1.000000e+00 0.000000e+00 0.000000e+00
    outer loop
      vertex   8.000000e-02 -6.177304e-04 -2.029740e-01
      vertex   8.000000e-02 3.725675e-02 -3.324327e-02
      vertex   8.000000e-02 2.951298e-02 -4.014200e-02
    endloop
  endfacet
  facet normal 1.000000e+00 0.000000e+00 0.000000e+00
    outer loop
      vertex   8.000000e-02 -6.177304e-04 -2.029740e-01
      vertex   8.000000e-02 4.296907e-02 -2.547042e-02
      vertex   8.000000e-02 3.725675e-02 -3.324327e-02
    endloop
  endfacet
  facet normal 1.000000e+00 0.000000e+00 0.000000e+00
    outer loop
      vertex   8.000000e-02 4.296907e-02 -2.547042e-02
      vertex   8.000000e-02 -6.177304e-04 -2.029740e-01
      vertex   8.000000e-02 5.411537e-02 -1.446252e-01
    endloop
  endfacet
  facet normal 1.000000e+00 0.000000e+00 0.000000e+00
    outer loop
      vertex   8.000000e-02 4.668178e-02 -1.765043e-02
      vertex   8.000000e-02 8.064033e-02 -1.025293e-01
      vertex   8.000000e-02 8.550953e-02 -8.783551e-02
    endloop
  endfacet
  facet normal 1.000000e+00 -0.000000e+00 0.000000e+00
    outer loop
      vertex   8.000000e-02 4.296907e-02 -2.547042e-02
      vertex   8.000000e-02 8.064033e-02 -1.025293e-01
      vertex   8.000000e-02 4.668178e-02 -1.765043e-02
    endloop
  endfacet
  facet normal 1.000000e+00 0.000000e+00 0.000000e+00
    outer loop
      vertex   8.000000e-02 5.524053e-02 -1.666844e-02
      vertex   8.000000e-02 8.989883e-02 -5.683567e-02
      vertex   8.000000e-02 7.663371e-02 -2.215588e-02
    endloop
  endfacet
  facet normal 1.000000e+00 0.000000e+00 0.000000e+00
    outer loop
      vertex   8.000000e-02 5.524053e-02 -1.666844e-02
      vertex   8.000000e-02 4.668178e-02 -1.765043e-02
      vertex   8.000000e-02 8.989883e-02 -5.683567e-02
    endloop
  endfacet
  facet normal 1.000000e+00 0.000000e+00 0.000000e+00
    outer loop
      vertex   8.000000e-02 4.859672e-02 -1.176260e-02
      vertex   8.000000e-02 4.668178e-02 -1.765043e-02
      vertex   8.000000e-02 5.524053e-02 -1.666844e-02
    endloop
  endfacet
  facet normal 9.913993e-01 3.124970e-02 1.270865e-01
    outer loop
      vertex   8.000000e-02 -7.092840e-02 2.350622e-03
      vertex   7.932280e-02 -6.272946e-02 5.617414e-03
      vertex   7.968809e-02 -7.054707e-02 4.690085e-03
    endloop
  endfacet
  facet normal 8.861417e-01 -1.354055e-02 4.632165e-01
    outer loop
      vertex   7.932280e-02 -6.272946e-02 5.617414e-03
      vertex   7.837723e-02 -6.507894e-02 7.357624e-03
      vertex   7.968809e-02 -7.054707e-02 4.690085e-03
    endloop
  endfacet
  facet normal 7.170124e-01 8.532526e-02 6.918185e-01
    outer loop
      vertex   7.809352e-02 -6.999512e-02 8.076208e-03
      vertex   7.501986e-02 -6.428583e-02 1.055765e-02
      vertex   7.605867e-02 -6.965813e-02 1.014359e-02
    endloop
  endfacet
  facet normal 5.346583e-01 3.832012e-02 8.441991e-01
    outer loop
      vertex   7.501986e-02 -6.428583e-02 1.055765e-02
      vertex   7.422618e-02 -6.947034e-02 1.129564e-02
      vertex   7.605867e-02 -6.965813e-02 1.014359e-02
    endloop
  endfacet
  facet normal 3.548970e-01 8.549842e-02 9.309877e-01
    outer loop
      vertex   7.422618e-02 -6.947034e-02 1.129564e-02
      vertex   7.000000e-02 -6.174318e-02 1.219705e-02
      vertex   7.300420e-02 -6.939553e-02 1.175460e-02
    endloop
  endfacet
  facet normal 1.532808e-01 3.040298e-03 9.881780e-01
    outer loop
      vertex   7.000000e-02 -6.174318e-02 1.219705e-02
      vertex   7.000000e-02 -6.931961e-02 1.222036e-02
      vertex   7.300420e-02 -6.939553e-02 1.175460e-02
    endloop
  endfacet
  facet normal 9.700415e-01 -1.645256e-02 2.423814e-01
    outer loop
      vertex   8.000000e-02 -5.679826e-02 3.309759e-03
      vertex   7.932280e-02 -6.272946e-02 5.617414e-03
      vertex   8.000000e-02 -7.092840e-02 2.350622e-03
    endloop
  endfacet
  facet normal 9.818077e-01 -3.987057e-02 1.856447e-01
    outer loop
      vertex   8.000000e-02 -5.679826e-02 3.309759e-03
      vertex   7.914151e-02 -5.260871e-02 8.749773e-03
      vertex   7.932280e-02 -6.272946e-02 5.617414e-03
    endloop
  endfacet
  facet normal 5.745862e-01 -4.797306e-01 6.631057e-01
    outer loop
      vertex   7.000000e-02 -4.353175e-02 2.459648e-02
      vertex   7.516737e-02 -5.128443e-02 1.451016e-02
      vertex   7.558962e-02 -4.836142e-02 1.625896e-02
    endloop
  endfacet
  facet normal -8.403803e-02 -8.103872e-01 5.798363e-01
    outer loop
      vertex   7.516737e-02 -5.128443e-02 1.451016e-02
      vertex   7.000000e-02 -4.353175e-02 2.459648e-02
      vertex   7.000000e-02 -4.634384e-02 2.066627e-02
    endloop
  endfacet
  facet normal 7.916354e-01 -1.676629e-01 5.875394e-01
    outer loop
      vertex   7.914151e-02 -5.260871e-02 8.749773e-03
      vertex   7.832986e-02 -5.752954e-02 8.439137e-03
      vertex   7.932280e-02 -6.272946e-02 5.617414e-03
    endloop
  endfacet
  facet normal 9.063201e-01 -5.435078e-02 4.190823e-01
    outer loop
      vertex   7.832986e-02 -5.752954e-02 8.439137e-03
      vertex   7.837723e-02 -6.507894e-02 7.357624e-03
      vertex   7.932280e-02 -6.272946e-02 5.617414e-03
    endloop
  endfacet
  facet normal 8.704886e-01 -1.726750e-01 4.609045e-01
    outer loop
      vertex   7.914151e-02 -5.260871e-02 8.749773e-03
      vertex   7.757614e-02 -5.092179e-02 1.233822e-02
      vertex   7.832986e-02 -5.752954e-02 8.439137e-03
    endloop
  endfacet
  facet normal 7.207422e-01 -9.387042e-02 6.868181e-01
    outer loop
      vertex   7.832986e-02 -5.752954e-02 8.439137e-03
      vertex   7.673051e-02 -6.105930e-02 9.635056e-03
      vertex   7.837723e-02 -6.507894e-02 7.357624e-03
    endloop
  endfacet
  facet normal 7.224982e-01 -9.536186e-02 6.847645e-01
    outer loop
      vertex   7.832986e-02 -5.752954e-02 8.439137e-03
      vertex   7.524987e-02 -5.710775e-02 1.174759e-02
      vertex   7.673051e-02 -6.105930e-02 9.635056e-03
    endloop
  endfacet
  facet normal 6.598826e-01 -3.245892e-01 6.776406e-01
    outer loop
      vertex   7.832986e-02 -5.752954e-02 8.439137e-03
      vertex   7.757614e-02 -5.092179e-02 1.233822e-02
      vertex   7.516737e-02 -5.128443e-02 1.451016e-02
    endloop
  endfacet
  facet normal 6.765040e-01 -3.078013e-01 6.690297e-01
    outer loop
      vertex   7.516737e-02 -5.128443e-02 1.451016e-02
      vertex   7.524987e-02 -5.710775e-02 1.174759e-02
      vertex   7.832986e-02 -5.752954e-02 8.439137e-03
    endloop
  endfacet
  facet normal 6.648544e-01 -1.428481e-01 7.331869e-01
    outer loop
      vertex   7.673051e-02 -6.105930e-02 9.635056e-03
      vertex   7.524987e-02 -5.710775e-02 1.174759e-02
      vertex   7.501986e-02 -6.428583e-02 1.055765e-02
    endloop
  endfacet
  facet normal 4.144991e-01 -2.790459e-01 8.662124e-01
    outer loop
      vertex   7.524987e-02 -5.710775e-02 1.174759e-02
      vertex   7.284002e-02 -5.582319e-02 1.331457e-02
      vertex   7.268727e-02 -5.959011e-02 1.217417e-02
    endloop
  endfacet
  facet normal 3.815430e-01 -3.917703e-01 8.372222e-01
    outer loop
      vertex   7.278802e-02 -5.184879e-02 1.533040e-02
      vertex   7.524987e-02 -5.710775e-02 1.174759e-02
      vertex   7.516737e-02 -5.128443e-02 1.451016e-02
    endloop
  endfacet
  facet normal 3.234749e-01 -4.246573e-01 8.455946e-01
    outer loop
      vertex   7.284002e-02 -5.582319e-02 1.331457e-02
      vertex   7.524987e-02 -5.710775e-02 1.174759e-02
      vertex   7.278802e-02 -5.184879e-02 1.533040e-02
    endloop
  endfacet
  facet normal 1.715113e-01 -4.438580e-01 8.795305e-01
    outer loop
      vertex   7.000000e-02 -5.593921e-02 1.380983e-02
      vertex   7.284002e-02 -5.582319e-02 1.331457e-02
      vertex   7.278802e-02 -5.184879e-02 1.533040e-02
    endloop
  endfacet
  facet normal 3.458894e-01 8.012162e-02 9.348481e-01
    outer loop
      vertex   7.501986e-02 -6.428583e-02 1.055765e-02
      vertex   7.000000e-02 -6.174318e-02 1.219705e-02
      vertex   7.422618e-02 -6.947034e-02 1.129564e-02
    endloop
  endfacet
  facet normal 1.938767e-01 -2.318469e-01 9.532360e-01
    outer loop
      vertex   7.268727e-02 -5.959011e-02 1.217417e-02
      vertex   7.000000e-02 -6.174318e-02 1.219705e-02
      vertex   7.501986e-02 -6.428583e-02 1.055765e-02
    endloop
  endfacet
  facet normal 2.173884e-01 -2.613280e-01 9.404520e-01
    outer loop
      vertex   7.000000e-02 -5.593921e-02 1.380983e-02
      vertex   7.000000e-02 -6.174318e-02 1.219705e-02
      vertex   7.268727e-02 -5.959011e-02 1.217417e-02
    endloop
  endfacet
  facet normal 3.154130e-01 -1.650226e-01 9.344957e-01
    outer loop
      vertex   7.524987e-02 -5.710775e-02 1.174759e-02
      vertex   7.268727e-02 -5.959011e-02 1.217417e-02
      vertex   7.501986e-02 -6.428583e-02 1.055765e-02
    endloop
  endfacet
  facet normal 1.758749e-01 -2.917633e-01 9.401820e-01
    outer loop
      vertex   7.284002e-02 -5.582319e-02 1.331457e-02
      vertex   7.000000e-02 -5.593921e-02 1.380983e-02
      vertex   7.268727e-02 -5.959011e-02 1.217417e-02
    endloop
  endfacet
  facet normal 2.287165e-01 -4.723289e-01 8.512310e-01
    outer loop
      vertex   7.000000e-02 -5.037154e-02 1.689920e-02
      vertex   7.000000e-02 -5.593921e-02 1.380983e-02
      vertex   7.278802e-02 -5.184879e-02 1.533040e-02
    endloop
  endfacet
  facet normal 3.859831e-01 -5.337919e-01 7.523850e-01
    outer loop
      vertex   7.000000e-02 -4.634384e-02 2.066627e-02
      vertex   7.278802e-02 -5.184879e-02 1.533040e-02
      vertex   7.516737e-02 -5.128443e-02 1.451016e-02
    endloop
  endfacet
  facet normal 4.896581e-02 -6.822618e-01 7.294664e-01
    outer loop
      vertex   7.000000e-02 -4.634384e-02 2.066627e-02
      vertex   7.000000e-02 -5.037154e-02 1.689920e-02
      vertex   7.278802e-02 -5.184879e-02 1.533040e-02
    endloop
  endfacet
  facet normal 6.733087e-01 -3.474240e-01 6.526500e-01
    outer loop
      vertex   7.558962e-02 -4.836142e-02 1.625896e-02
      vertex   7.704241e-02 -4.759989e-02 1.516557e-02
      vertex   7.000000e-02 -4.353175e-02 2.459648e-02
    endloop
  endfacet
  facet normal 6.758807e-01 -4.116994e-01 6.113010e-01
    outer loop
      vertex   7.757614e-02 -5.092179e-02 1.233822e-02
      vertex   7.704241e-02 -4.759989e-02 1.516557e-02
      vertex   7.558962e-02 -4.836142e-02 1.625896e-02
    endloop
  endfacet
  facet normal 6.308682e-01 -4.634357e-01 6.222802e-01
    outer loop
      vertex   7.757614e-02 -5.092179e-02 1.233822e-02
      vertex   7.558962e-02 -4.836142e-02 1.625896e-02
      vertex   7.516737e-02 -5.128443e-02 1.451016e-02
    endloop
  endfacet
  facet normal 8.206680e-01 -2.881260e-01 4.934445e-01
    outer loop
      vertex   7.914151e-02 -5.260871e-02 8.749773e-03
      vertex   7.704241e-02 -4.759989e-02 1.516557e-02
      vertex   7.757614e-02 -5.092179e-02 1.233822e-02
    endloop
  endfacet
  facet normal 8.866337e-01 -1.761539e-01 4.276103e-01
    outer loop
      vertex   7.939212e-02 -4.903518e-02 9.702265e-03
      vertex   7.704241e-02 -4.759989e-02 1.516557e-02
      vertex   7.914151e-02 -5.260871e-02 8.749773e-03
    endloop
  endfacet
  facet normal 8.358176e-01 3.187721e-02 5.480810e-01
    outer loop
      vertex   7.673051e-02 -6.105930e-02 9.635056e-03
      vertex   7.809352e-02 -6.999512e-02 8.076208e-03
      vertex   7.837723e-02 -6.507894e-02 7.357624e-03
    endloop
  endfacet
  facet normal 5.581191e-01 -5.925028e-02 8.276427e-01
    outer loop
      vertex   7.673051e-02 -6.105930e-02 9.635056e-03
      vertex   7.501986e-02 -6.428583e-02 1.055765e-02
      vertex   7.809352e-02 -6.999512e-02 8.076208e-03
    endloop
  endfacet
  facet normal 9.052789e-01 9.834940e-03 4.247039e-01
    outer loop
      vertex   7.968809e-02 -7.054707e-02 4.690085e-03
      vertex   7.837723e-02 -6.507894e-02 7.357624e-03
      vertex   7.809352e-02 -6.999512e-02 8.076208e-03
    endloop
  endfacet
  facet normal 9.574018e-01 -1.351559e-01 2.551759e-01
    outer loop
      vertex   7.939212e-02 -4.903518e-02 9.702265e-03
      vertex   7.914151e-02 -5.260871e-02 8.749773e-03
      vertex   8.000000e-02 -5.679826e-02 3.309759e-03
    endloop
  endfacet
  facet normal 9.870640e-01 -4.853512e-02 1.528039e-01
    outer loop
      vertex   8.000000e-02 -5.679826e-02 3.309759e-03
      vertex   8.000000e-02 -4.968902e-02 5.567866e-03
      vertex   7.939212e-02 -4.903518e-02 9.702265e-03
    endloop
  endfacet
  facet normal 9.907459e-01 -1.629109e-02 1.347486e-01
    outer loop
      vertex   7.968809e-02 -7.054707e-02 4.690085e-03
      vertex   8.000000e-02 -8.068301e-02 1.171291e-03
      vertex   8.000000e-02 -7.092840e-02 2.350622e-03
    endloop
  endfacet
  facet normal 9.933095e-01 -9.391186e-03 1.151006e-01
    outer loop
      vertex   7.959039e-02 -7.848191e-02 4.885808e-03
      vertex   8.000000e-02 -8.068301e-02 1.171291e-03
      vertex   7.968809e-02 -7.054707e-02 4.690085e-03
    endloop
  endfacet
  facet normal 9.944288e-01 -5.750791e-02 8.834088e-02
    outer loop
      vertex   7.964908e-02 -8.565939e-02 1.882031e-03
      vertex   8.000000e-02 -8.935162e-02 -4.471774e-03
      vertex   8.000000e-02 -8.068301e-02 1.171291e-03
    endloop
  endfacet
  facet normal 9.973369e-01 -6.586510e-02 3.131779e-02
    outer loop
      vertex   7.982223e-02 -9.326841e-02 -7.047921e-03
      vertex   8.000000e-02 -9.384214e-02 -1.391590e-02
      vertex   8.000000e-02 -8.935162e-02 -4.471774e-03
    endloop
  endfacet
  facet normal 9.890793e-01 -4.994339e-02 1.386640e-01
    outer loop
      vertex   7.964908e-02 -8.565939e-02 1.882031e-03
      vertex   8.000000e-02 -8.068301e-02 1.171291e-03
      vertex   7.959039e-02 -7.848191e-02 4.885808e-03
    endloop
  endfacet
  facet normal 9.797168e-01 -1.449638e-01 1.383493e-01
    outer loop
      vertex   7.926229e-02 -9.242817e-02 -2.471379e-03
      vertex   8.000000e-02 -8.935162e-02 -4.471774e-03
      vertex   7.964908e-02 -8.565939e-02 1.882031e-03
    endloop
  endfacet
  facet normal 9.793663e-01 -1.401900e-01 1.455621e-01
    outer loop
      vertex   7.926229e-02 -9.242817e-02 -2.471379e-03
      vertex   7.982223e-02 -9.326841e-02 -7.047921e-03
      vertex   8.000000e-02 -8.935162e-02 -4.471774e-03
    endloop
  endfacet
  facet normal 9.885522e-01 -1.460698e-01 3.779047e-02
    outer loop
      vertex   7.957530e-02 -9.659101e-02 -1.343120e-02
      vertex   8.000000e-02 -9.384214e-02 -1.391590e-02
      vertex   7.982223e-02 -9.326841e-02 -7.047921e-03
    endloop
  endfacet
  facet normal 9.540263e-01 -4.354335e-03 2.996912e-01
    outer loop
      vertex   7.894944e-02 -7.510493e-02 6.975252e-03
      vertex   7.959039e-02 -7.848191e-02 4.885808e-03
      vertex   7.968809e-02 -7.054707e-02 4.690085e-03
    endloop
  endfacet
  facet normal 9.607310e-01 -1.004020e-01 2.586802e-01
    outer loop
      vertex   7.910843e-02 -8.348710e-02 4.733115e-03
      vertex   7.964908e-02 -8.565939e-02 1.882031e-03
      vertex   7.959039e-02 -7.848191e-02 4.885808e-03
    endloop
  endfacet
  facet normal 8.864548e-01 -4.236874e-01 1.862441e-01
    outer loop
      vertex   7.926229e-02 -9.242817e-02 -2.471379e-03
      vertex   7.957530e-02 -9.659101e-02 -1.343120e-02
      vertex   7.982223e-02 -9.326841e-02 -7.047921e-03
    endloop
  endfacet
  facet normal 9.068230e-01 6.206857e-02 4.169168e-01
    outer loop
      vertex   7.894944e-02 -7.510493e-02 6.975252e-03
      vertex   7.968809e-02 -7.054707e-02 4.690085e-03
      vertex   7.809352e-02 -6.999512e-02 8.076208e-03
    endloop
  endfacet
  facet normal 9.105136e-01 -7.837882e-02 4.059825e-01
    outer loop
      vertex   7.839382e-02 -7.910392e-02 7.449311e-03
      vertex   7.959039e-02 -7.848191e-02 4.885808e-03
      vertex   7.894944e-02 -7.510493e-02 6.975252e-03
    endloop
  endfacet
  facet normal 9.106848e-01 -9.991970e-02 4.008357e-01
    outer loop
      vertex   7.910843e-02 -8.348710e-02 4.733115e-03
      vertex   7.959039e-02 -7.848191e-02 4.885808e-03
      vertex   7.839382e-02 -7.910392e-02 7.449311e-03
    endloop
  endfacet
  facet normal 8.867008e-01 -2.709803e-01 3.746084e-01
    outer loop
      vertex   7.826749e-02 -8.473764e-02 5.819011e-03
      vertex   7.964908e-02 -8.565939e-02 1.882031e-03
      vertex   7.910843e-02 -8.348710e-02 4.733115e-03
    endloop
  endfacet
  facet normal 9.128528e-01 -1.854240e-01 3.637549e-01
    outer loop
      vertex   7.866484e-02 -8.881950e-02 2.741139e-03
      vertex   7.964908e-02 -8.565939e-02 1.882031e-03
      vertex   7.826749e-02 -8.473764e-02 5.819011e-03
    endloop
  endfacet
  facet normal 9.395181e-01 -2.216304e-01 2.611238e-01
    outer loop
      vertex   7.866484e-02 -8.881950e-02 2.741139e-03
      vertex   7.926229e-02 -9.242817e-02 -2.471379e-03
      vertex   7.964908e-02 -8.565939e-02 1.882031e-03
    endloop
  endfacet
  facet normal 9.441934e-01 -2.980738e-01 1.401816e-01
    outer loop
      vertex   7.843915e-02 -9.650116e-02 -5.587648e-03
      vertex   7.957530e-02 -9.659101e-02 -1.343120e-02
      vertex   7.926229e-02 -9.242817e-02 -2.471379e-03
    endloop
  endfacet
  facet normal 9.283898e-01 -3.448622e-01 1.384284e-01
    outer loop
      vertex   7.886167e-02 -9.838515e-02 -1.311484e-02
      vertex   7.957530e-02 -9.659101e-02 -1.343120e-02
      vertex   7.843915e-02 -9.650116e-02 -5.587648e-03
    endloop
  endfacet
  facet normal 8.848666e-01 -3.293612e-01 3.294425e-01
    outer loop
      vertex   7.796196e-02 -9.222709e-02 1.222303e-03
      vertex   7.926229e-02 -9.242817e-02 -2.471379e-03
      vertex   7.866484e-02 -8.881950e-02 2.741139e-03
    endloop
  endfacet
  facet normal 8.190409e-01 1.361152e-02 5.735736e-01
    outer loop
      vertex   7.733772e-02 -7.458151e-02 9.264296e-03
      vertex   7.894944e-02 -7.510493e-02 6.975252e-03
      vertex   7.809352e-02 -6.999512e-02 8.076208e-03
    endloop
  endfacet
  facet normal 8.121186e-01 -4.386073e-02 5.818415e-01
    outer loop
      vertex   7.733772e-02 -7.458151e-02 9.264296e-03
      vertex   7.839382e-02 -7.910392e-02 7.449311e-03
      vertex   7.894944e-02 -7.510493e-02 6.975252e-03
    endloop
  endfacet
  facet normal 8.608400e-01 -1.591733e-01 4.833409e-01
    outer loop
      vertex   7.826749e-02 -8.473764e-02 5.819011e-03
      vertex   7.910843e-02 -8.348710e-02 4.733115e-03
      vertex   7.839382e-02 -7.910392e-02 7.449311e-03
    endloop
  endfacet
  facet normal 8.647717e-01 -3.825861e-01 3.252658e-01
    outer loop
      vertex   7.771955e-02 -9.525618e-02 -1.696105e-03
      vertex   7.926229e-02 -9.242817e-02 -2.471379e-03
      vertex   7.796196e-02 -9.222709e-02 1.222303e-03
    endloop
  endfacet
  facet normal 8.716549e-01 -3.965449e-01 2.880448e-01
    outer loop
      vertex   7.771955e-02 -9.525618e-02 -1.696105e-03
      vertex   7.843915e-02 -9.650116e-02 -5.587648e-03
      vertex   7.926229e-02 -9.242817e-02 -2.471379e-03
    endloop
  endfacet
  facet normal 8.247354e-01 -5.359598e-01 1.804402e-01
    outer loop
      vertex   7.707124e-02 -9.941667e-02 -7.995251e-03
      vertex   7.886167e-02 -9.838515e-02 -1.311484e-02
      vertex   7.843915e-02 -9.650116e-02 -5.587648e-03
    endloop
  endfacet
  facet normal 7.723678e-01 -3.044521e-01 5.574558e-01
    outer loop
      vertex   7.718157e-02 -8.904066e-02 4.973505e-03
      vertex   7.826749e-02 -8.473764e-02 5.819011e-03
      vertex   7.693365e-02 -8.527542e-02 7.373376e-03
    endloop
  endfacet
  facet normal 8.072679e-01 -3.032155e-01 5.063387e-01
    outer loop
      vertex   7.718157e-02 -8.904066e-02 4.973505e-03
      vertex   7.866484e-02 -8.881950e-02 2.741139e-03
      vertex   7.826749e-02 -8.473764e-02 5.819011e-03
    endloop
  endfacet
  facet normal 7.876380e-01 -3.789929e-01 4.857888e-01
    outer loop
      vertex   7.796196e-02 -9.222709e-02 1.222303e-03
      vertex   7.866484e-02 -8.881950e-02 2.741139e-03
      vertex   7.718157e-02 -8.904066e-02 4.973505e-03
    endloop
  endfacet
  facet normal 8.088259e-01 -5.631188e-01 1.694043e-01
    outer loop
      vertex   7.707124e-02 -9.941667e-02 -7.995251e-03
      vertex   7.733772e-02 -1.004638e-01 -1.274832e-02
      vertex   7.886167e-02 -9.838515e-02 -1.311484e-02
    endloop
  endfacet
  facet normal 7.731096e-01 -7.235104e-02 6.301325e-01
    outer loop
      vertex   7.649604e-02 -7.764209e-02 9.945541e-03
      vertex   7.839382e-02 -7.910392e-02 7.449311e-03
      vertex   7.733772e-02 -7.458151e-02 9.264296e-03
    endloop
  endfacet
  facet normal 7.479617e-01 -1.377228e-01 6.492963e-01
    outer loop
      vertex   7.632913e-02 -8.106844e-02 9.411050e-03
      vertex   7.839382e-02 -7.910392e-02 7.449311e-03
      vertex   7.649604e-02 -7.764209e-02 9.945541e-03
    endloop
  endfacet
  facet normal 7.665072e-01 -1.943274e-01 6.121303e-01
    outer loop
      vertex   7.632913e-02 -8.106844e-02 9.411050e-03
      vertex   7.826749e-02 -8.473764e-02 5.819011e-03
      vertex   7.839382e-02 -7.910392e-02 7.449311e-03
    endloop
  endfacet
  facet normal 7.764258e-01 -1.808398e-01 6.037052e-01
    outer loop
      vertex   7.632913e-02 -8.106844e-02 9.411050e-03
      vertex   7.693365e-02 -8.527542e-02 7.373376e-03
      vertex   7.826749e-02 -8.473764e-02 5.819011e-03
    endloop
  endfacet
  facet normal 7.148725e-01 -5.139885e-01 4.741025e-01
    outer loop
      vertex   7.609613e-02 -9.534123e-02 6.595309e-04
      vertex   7.771955e-02 -9.525618e-02 -1.696105e-03
      vertex   7.796196e-02 -9.222709e-02 1.222303e-03
    endloop
  endfacet
  facet normal 7.717789e-01 -5.502354e-01 3.187450e-01
    outer loop
      vertex   7.678967e-02 -9.823231e-02 -4.582147e-03
      vertex   7.843915e-02 -9.650116e-02 -5.587648e-03
      vertex   7.771955e-02 -9.525618e-02 -1.696105e-03
    endloop
  endfacet
  facet normal 7.702777e-01 -5.801110e-01 2.648463e-01
    outer loop
      vertex   7.678967e-02 -9.823231e-02 -4.582147e-03
      vertex   7.707124e-02 -9.941667e-02 -7.995251e-03
      vertex   7.843915e-02 -9.650116e-02 -5.587648e-03
    endloop
  endfacet
  facet normal 6.335668e-01 -3.857482e-01 6.706649e-01
    outer loop
      vertex   7.567614e-02 -8.999484e-02 5.846850e-03
      vertex   7.718157e-02 -8.904066e-02 4.973505e-03
      vertex   7.693365e-02 -8.527542e-02 7.373376e-03
    endloop
  endfacet
  facet normal 6.498640e-01 -5.072169e-01 5.660457e-01
    outer loop
      vertex   7.567614e-02 -8.999484e-02 5.846850e-03
      vertex   7.796196e-02 -9.222709e-02 1.222303e-03
      vertex   7.718157e-02 -8.904066e-02 4.973505e-03
    endloop
  endfacet
  facet normal 6.585666e-01 -4.967313e-01 5.652858e-01
    outer loop
      vertex   7.609613e-02 -9.534123e-02 6.595309e-04
      vertex   7.796196e-02 -9.222709e-02 1.222303e-03
      vertex   7.567614e-02 -8.999484e-02 5.846850e-03
    endloop
  endfacet
  facet normal 6.555674e-01 -6.211930e-01 4.293608e-01
    outer loop
      vertex   7.609613e-02 -9.534123e-02 6.595309e-04
      vertex   7.678967e-02 -9.823231e-02 -4.582147e-03
      vertex   7.771955e-02 -9.525618e-02 -1.696105e-03
    endloop
  endfacet
  facet normal 6.192420e-01 2.068825e-02 7.849276e-01
    outer loop
      vertex   7.459554e-02 -7.455821e-02 1.142704e-02
      vertex   7.733772e-02 -7.458151e-02 9.264296e-03
      vertex   7.605867e-02 -6.965813e-02 1.014359e-02
    endloop
  endfacet
  facet normal 6.192834e-01 4.458131e-03 7.851549e-01
    outer loop
      vertex   7.459554e-02 -7.455821e-02 1.142704e-02
      vertex   7.649604e-02 -7.764209e-02 9.945541e-03
      vertex   7.733772e-02 -7.458151e-02 9.264296e-03
    endloop
  endfacet
  facet normal 6.044650e-01 -2.752337e-01 7.475751e-01
    outer loop
      vertex   7.494450e-02 -8.352852e-02 9.624893e-03
      vertex   7.693365e-02 -8.527542e-02 7.373376e-03
      vertex   7.632913e-02 -8.106844e-02 9.411050e-03
    endloop
  endfacet
  facet normal 5.225699e-01 -3.852590e-01 7.605893e-01
    outer loop
      vertex   7.494450e-02 -8.352852e-02 9.624893e-03
      vertex   7.567614e-02 -8.999484e-02 5.846850e-03
      vertex   7.693365e-02 -8.527542e-02 7.373376e-03
    endloop
  endfacet
  facet normal 5.827007e-01 -6.765570e-01 4.502560e-01
    outer loop
      vertex   7.531714e-02 -9.946817e-02 -4.533497e-03
      vertex   7.678967e-02 -9.823231e-02 -4.582147e-03
      vertex   7.609613e-02 -9.534123e-02 6.595309e-04
    endloop
  endfacet
  facet normal 6.185698e-01 -7.251054e-01 3.026444e-01
    outer loop
      vertex   7.531714e-02 -9.946817e-02 -4.533497e-03
      vertex   7.707124e-02 -9.941667e-02 -7.995251e-03
      vertex   7.678967e-02 -9.823231e-02 -4.582147e-03
    endloop
  endfacet
  facet normal 6.074028e-01 -7.679560e-01 2.032375e-01
    outer loop
      vertex   7.459554e-02 -1.025360e-01 -1.238294e-02
      vertex   7.733772e-02 -1.004638e-01 -1.274832e-02
      vertex   7.707124e-02 -9.941667e-02 -7.995251e-03
    endloop
  endfacet
  facet normal 5.357047e-01 6.063963e-02 8.422252e-01
    outer loop
      vertex   7.422618e-02 -6.947034e-02 1.129564e-02
      vertex   7.459554e-02 -7.455821e-02 1.142704e-02
      vertex   7.605867e-02 -6.965813e-02 1.014359e-02
    endloop
  endfacet
  facet normal 5.417207e-01 -6.860996e-02 8.377538e-01
    outer loop
      vertex   7.431487e-02 -7.800433e-02 1.132630e-02
      vertex   7.649604e-02 -7.764209e-02 9.945541e-03
      vertex   7.459554e-02 -7.455821e-02 1.142704e-02
    endloop
  endfacet
  facet normal 5.466562e-01 -1.549956e-01 8.228872e-01
    outer loop
      vertex   7.431487e-02 -7.800433e-02 1.132630e-02
      vertex   7.632913e-02 -8.106844e-02 9.411050e-03
      vertex   7.649604e-02 -7.764209e-02 9.945541e-03
    endloop
  endfacet
  facet normal 4.933555e-01 -2.041827e-01 8.455233e-01
    outer loop
      vertex   7.494450e-02 -8.352852e-02 9.624893e-03
      vertex   7.632913e-02 -8.106844e-02 9.411050e-03
      vertex   7.431487e-02 -7.800433e-02 1.132630e-02
    endloop
  endfacet
  facet normal 5.420573e-01 -5.628497e-01 6.239985e-01
    outer loop
      vertex   7.365953e-02 -9.483998e-02 3.228297e-03
      vertex   7.609613e-02 -9.534123e-02 6.595309e-04
      vertex   7.567614e-02 -8.999484e-02 5.846850e-03
    endloop
  endfacet
  facet normal 5.702709e-01 -6.826334e-01 4.569495e-01
    outer loop
      vertex   7.406903e-02 -9.810749e-02 -9.431450e-04
      vertex   7.531714e-02 -9.946817e-02 -4.533497e-03
      vertex   7.609613e-02 -9.534123e-02 6.595309e-04
    endloop
  endfacet
  facet normal 5.672284e-01 -7.759809e-01 2.758724e-01
    outer loop
      vertex   7.386428e-02 -1.014797e-01 -7.204390e-03
      vertex   7.707124e-02 -9.941667e-02 -7.995251e-03
      vertex   7.531714e-02 -9.946817e-02 -4.533497e-03
    endloop
  endfacet
  facet normal 5.664106e-01 -7.881766e-01 2.407421e-01
    outer loop
      vertex   7.386428e-02 -1.014797e-01 -7.204390e-03
      vertex   7.459554e-02 -1.025360e-01 -1.238294e-02
      vertex   7.707124e-02 -9.941667e-02 -7.995251e-03
    endloop
  endfacet
  facet normal 5.022545e-01 -3.931575e-01 7.701738e-01
    outer loop
      vertex   7.299276e-02 -8.674453e-02 9.255977e-03
      vertex   7.567614e-02 -8.999484e-02 5.846850e-03
      vertex   7.494450e-02 -8.352852e-02 9.624893e-03
    endloop
  endfacet
  facet normal 5.357901e-01 -3.591591e-01 7.641556e-01
    outer loop
      vertex   7.382319e-02 -8.982294e-02 7.226840e-03
      vertex   7.567614e-02 -8.999484e-02 5.846850e-03
      vertex   7.299276e-02 -8.674453e-02 9.255977e-03
    endloop
  endfacet
  facet normal 4.595756e-01 -5.626610e-01 6.871702e-01
    outer loop
      vertex   7.365953e-02 -9.483998e-02 3.228297e-03
      vertex   7.567614e-02 -8.999484e-02 5.846850e-03
      vertex   7.382319e-02 -8.982294e-02 7.226840e-03
    endloop
  endfacet
  facet normal 4.660035e-01 -6.737511e-01 5.734982e-01
    outer loop
      vertex   7.406903e-02 -9.810749e-02 -9.431450e-04
      vertex   7.609613e-02 -9.534123e-02 6.595309e-04
      vertex   7.365953e-02 -9.483998e-02 3.228297e-03
    endloop
  endfacet
  facet normal 3.538360e-01 4.980644e-02 9.339804e-01
    outer loop
      vertex   7.300420e-02 -6.939553e-02 1.175460e-02
      vertex   7.459554e-02 -7.455821e-02 1.142704e-02
      vertex   7.422618e-02 -6.947034e-02 1.129564e-02
    endloop
  endfacet
  facet normal 4.124601e-01 -2.248787e-01 8.827832e-01
    outer loop
      vertex   7.263404e-02 -8.253532e-02 1.095741e-02
      vertex   7.494450e-02 -8.352852e-02 9.624893e-03
      vertex   7.431487e-02 -7.800433e-02 1.132630e-02
    endloop
  endfacet
  facet normal 3.653528e-01 -3.219195e-01 8.734330e-01
    outer loop
      vertex   7.263404e-02 -8.253532e-02 1.095741e-02
      vertex   7.299276e-02 -8.674453e-02 9.255977e-03
      vertex   7.494450e-02 -8.352852e-02 9.624893e-03
    endloop
  endfacet
  facet normal 4.035479e-01 -8.002489e-01 4.435660e-01
    outer loop
      vertex   7.247681e-02 -1.004942e-01 -3.800482e-03
      vertex   7.531714e-02 -9.946817e-02 -4.533497e-03
      vertex   7.406903e-02 -9.810749e-02 -9.431450e-04
    endloop
  endfacet
  facet normal 4.010709e-01 -8.232116e-01 4.018269e-01
    outer loop
      vertex   7.247681e-02 -1.004942e-01 -3.800482e-03
      vertex   7.386428e-02 -1.014797e-01 -7.204390e-03
      vertex   7.531714e-02 -9.946817e-02 -4.533497e-03
    endloop
  endfacet
  facet normal 3.546145e-01 -9.050824e-01 2.346794e-01
    outer loop
      vertex   7.216234e-02 -1.034476e-01 -1.222219e-02
      vertex   7.459554e-02 -1.025360e-01 -1.238294e-02
      vertex   7.386428e-02 -1.014797e-01 -7.204390e-03
    endloop
  endfacet
  facet normal 2.453656e-01 1.412884e-02 9.693277e-01
    outer loop
      vertex   7.000000e-02 -7.419835e-02 1.258506e-02
      vertex   7.459554e-02 -7.455821e-02 1.142704e-02
      vertex   7.300420e-02 -6.939553e-02 1.175460e-02
    endloop
  endfacet
  facet normal 2.461144e-01 2.500913e-02 9.689181e-01
    outer loop
      vertex   7.216234e-02 -7.754914e-02 1.212229e-02
      vertex   7.459554e-02 -7.455821e-02 1.142704e-02
      vertex   7.000000e-02 -7.419835e-02 1.258506e-02
    endloop
  endfacet
  facet normal 3.360918e-01 -5.485838e-02 9.402302e-01
    outer loop
      vertex   7.216234e-02 -7.754914e-02 1.212229e-02
      vertex   7.431487e-02 -7.800433e-02 1.132630e-02
      vertex   7.459554e-02 -7.455821e-02 1.142704e-02
    endloop
  endfacet
  facet normal 3.051352e-01 -1.891803e-01 9.333292e-01
    outer loop
      vertex   7.216234e-02 -7.754914e-02 1.212229e-02
      vertex   7.263404e-02 -8.253532e-02 1.095741e-02
      vertex   7.431487e-02 -7.800433e-02 1.132630e-02
    endloop
  endfacet
  facet normal 1.869445e-01 -5.049932e-01 8.426349e-01
    outer loop
      vertex   7.000000e-02 -9.150658e-02 7.066035e-03
      vertex   7.382319e-02 -8.982294e-02 7.226840e-03
      vertex   7.299276e-02 -8.674453e-02 9.255977e-03
    endloop
  endfacet
  facet normal 2.369325e-01 -6.102280e-01 7.559661e-01
    outer loop
      vertex   7.000000e-02 -9.150658e-02 7.066035e-03
      vertex   7.365953e-02 -9.483998e-02 3.228297e-03
      vertex   7.382319e-02 -8.982294e-02 7.226840e-03
    endloop
  endfacet
  facet normal 2.512983e-01 -5.992308e-01 7.601129e-01
    outer loop
      vertex   7.000000e-02 -9.387270e-02 5.200715e-03
      vertex   7.365953e-02 -9.483998e-02 3.228297e-03
      vertex   7.000000e-02 -9.150658e-02 7.066035e-03
    endloop
  endfacet
  facet normal 2.132188e-01 -7.588659e-01 6.153538e-01
    outer loop
      vertex   7.000000e-02 -9.883848e-02 -4.347058e-04
      vertex   7.406903e-02 -9.810749e-02 -9.431450e-04
      vertex   7.365953e-02 -9.483998e-02 3.228297e-03
    endloop
  endfacet
  facet normal 2.137682e-01 -8.050596e-01 5.533373e-01
    outer loop
      vertex   7.247681e-02 -1.004942e-01 -3.800482e-03
      vertex   7.406903e-02 -9.810749e-02 -9.431450e-04
      vertex   7.000000e-02 -9.883848e-02 -4.347058e-04
    endloop
  endfacet
  facet normal 1.921763e-01 -9.189447e-01 3.443964e-01
    outer loop
      vertex   7.000000e-02 -1.017264e-01 -5.706213e-03
      vertex   7.386428e-02 -1.014797e-01 -7.204390e-03
      vertex   7.247681e-02 -1.004942e-01 -3.800482e-03
    endloop
  endfacet
  facet normal 1.998934e-01 -6.807487e-01 7.047154e-01
    outer loop
      vertex   7.000000e-02 -9.603971e-02 3.107398e-03
      vertex   7.365953e-02 -9.483998e-02 3.228297e-03
      vertex   7.000000e-02 -9.387270e-02 5.200715e-03
    endloop
  endfacet
  facet normal 2.303802e-01 -7.635215e-01 6.032909e-01
    outer loop
      vertex   7.000000e-02 -9.883848e-02 -4.347058e-04
      vertex   7.365953e-02 -9.483998e-02 3.228297e-03
      vertex   7.000000e-02 -9.603971e-02 3.107398e-03
    endloop
  endfacet
  facet normal 1.784050e-01 -9.350951e-01 3.062170e-01
    outer loop
      vertex   7.000000e-02 -1.017264e-01 -5.706213e-03
      vertex   7.216234e-02 -1.034476e-01 -1.222219e-02
      vertex   7.386428e-02 -1.014797e-01 -7.204390e-03
    endloop
  endfacet
  facet normal 7.715837e-02 -8.737308e-02 9.931830e-01
    outer loop
      vertex   7.000000e-02 -7.906766e-02 1.215669e-02
      vertex   7.216234e-02 -7.754914e-02 1.212229e-02
      vertex   7.000000e-02 -7.419835e-02 1.258506e-02
    endloop
  endfacet
  facet normal 1.627021e-01 -2.098440e-01 9.641024e-01
    outer loop
      vertex   7.000000e-02 -7.906766e-02 1.215669e-02
      vertex   7.263404e-02 -8.253532e-02 1.095741e-02
      vertex   7.216234e-02 -7.754914e-02 1.212229e-02
    endloop
  endfacet
  facet normal 1.389405e-01 -2.277717e-01 9.637508e-01
    outer loop
      vertex   7.000000e-02 -8.346100e-02 1.111838e-02
      vertex   7.263404e-02 -8.253532e-02 1.095741e-02
      vertex   7.000000e-02 -7.906766e-02 1.215669e-02
    endloop
  endfacet
  facet normal 1.895107e-01 -3.819679e-01 9.045364e-01
    outer loop
      vertex   7.000000e-02 -8.761978e-02 9.362203e-03
      vertex   7.263404e-02 -8.253532e-02 1.095741e-02
      vertex   7.000000e-02 -8.346100e-02 1.111838e-02
    endloop
  endfacet
  facet normal 1.383120e-01 -3.610019e-01 9.222513e-01
    outer loop
      vertex   7.000000e-02 -8.761978e-02 9.362203e-03
      vertex   7.299276e-02 -8.674453e-02 9.255977e-03
      vertex   7.263404e-02 -8.253532e-02 1.095741e-02
    endloop
  endfacet
  facet normal 1.764985e-01 -5.006498e-01 8.474657e-01
    outer loop
      vertex   7.000000e-02 -8.761978e-02 9.362203e-03
      vertex   7.000000e-02 -9.150658e-02 7.066035e-03
      vertex   7.299276e-02 -8.674453e-02 9.255977e-03
    endloop
  endfacet
  facet normal 6.648072e-02 -8.750775e-01 4.793951e-01
    outer loop
      vertex   7.000000e-02 -1.017264e-01 -5.706213e-03
      vertex   7.247681e-02 -1.004942e-01 -3.800482e-03
      vertex   7.000000e-02 -9.883848e-02 -4.347058e-04
    endloop
  endfacet
  facet normal 1.123858e-01 -9.508688e-01 2.884752e-01
    outer loop
      vertex   7.000000e-02 -1.036902e-01 -1.217942e-02
      vertex   7.216234e-02 -1.034476e-01 -1.222219e-02
      vertex   7.000000e-02 -1.017264e-01 -5.706213e-03
    endloop
  endfacet
  facet normal 1.546077e-01 7.364774e-02 9.852271e-01
    outer loop
      vertex   7.300420e-02 -6.939553e-02 1.175460e-02
      vertex   7.000000e-02 -6.931961e-02 1.222036e-02
      vertex   7.000000e-02 -7.419835e-02 1.258506e-02
    endloop
  endfacet
  facet normal 7.163555e-01 6.198227e-02 6.949770e-01
    outer loop
      vertex   7.809352e-02 -6.999512e-02 8.076208e-03
      vertex   7.605867e-02 -6.965813e-02 1.014359e-02
      vertex   7.733772e-02 -7.458151e-02 9.264296e-03
    endloop
  endfacet
  facet normal 9.502118e-01 -3.064744e-01 5.631180e-02
    outer loop
      vertex   7.888759e-02 -1.076879e-01 -6.676766e-02
      vertex   7.925087e-02 -1.172378e-01 -1.248723e-01
      vertex   7.980700e-02 -1.089005e-01 -8.888091e-02
    endloop
  endfacet
  facet normal 1.131899e-01 -9.784280e-01 1.728196e-01
    outer loop
      vertex   7.216234e-02 -1.034476e-01 -1.222219e-02
      vertex   7.000000e-02 -1.036902e-01 -1.217942e-02
      vertex   7.167912e-02 -1.199293e-01 -1.052174e-01
    endloop
  endfacet
  facet normal 3.151100e-01 -9.347721e-01 1.640332e-01
    outer loop
      vertex   7.415350e-02 -1.180490e-01 -9.925546e-02
      vertex   7.216234e-02 -1.034476e-01 -1.222219e-02
      vertex   7.167912e-02 -1.199293e-01 -1.052174e-01
    endloop
  endfacet
  facet normal 3.555881e-01 -9.203995e-01 1.625480e-01
    outer loop
      vertex   7.459554e-02 -1.025360e-01 -1.238294e-02
      vertex   7.216234e-02 -1.034476e-01 -1.222219e-02
      vertex   7.415350e-02 -1.180490e-01 -9.925546e-02
    endloop
  endfacet
  facet normal 9.694149e-02 -9.801694e-01 1.728303e-01
    outer loop
      vertex   7.167912e-02 -1.199293e-01 -1.052174e-01
      vertex   7.000000e-02 -1.036902e-01 -1.217942e-02
      vertex   7.000000e-02 -1.332104e-01 -1.795967e-01
    endloop
  endfacet
  facet normal 9.805437e-01 -1.936196e-01 3.233401e-02
    outer loop
      vertex   7.980700e-02 -1.089005e-01 -8.888091e-02
      vertex   7.936363e-02 -1.264929e-01 -1.807812e-01
      vertex   8.000000e-02 -1.233623e-01 -1.813332e-01
    endloop
  endfacet
  facet normal 9.943751e-01 -1.043064e-01 1.839203e-02
    outer loop
      vertex   7.980700e-02 -1.089005e-01 -8.888091e-02
      vertex   8.000000e-02 -1.233623e-01 -1.813332e-01
      vertex   8.000000e-02 -9.384214e-02 -1.391590e-02
    endloop
  endfacet
  facet normal 9.658719e-01 -2.552217e-01 4.419725e-02
    outer loop
      vertex   7.925087e-02 -1.172378e-01 -1.248723e-01
      vertex   7.936363e-02 -1.264929e-01 -1.807812e-01
      vertex   7.980700e-02 -1.089005e-01 -8.888091e-02
    endloop
  endfacet
  facet normal 2.657070e-01 -9.510237e-01 1.579676e-01
    outer loop
      vertex   7.888759e-02 -1.076879e-01 -6.676766e-02
      vertex   7.936363e-02 -1.264929e-01 -1.807812e-01
      vertex   7.925087e-02 -1.172378e-01 -1.248723e-01
    endloop
  endfacet
  facet normal 8.881828e-01 -4.527551e-01 7.838413e-02
    outer loop
      vertex   7.777864e-02 -1.295101e-01 -1.802492e-01
      vertex   7.936363e-02 -1.264929e-01 -1.807812e-01
      vertex   7.888759e-02 -1.076879e-01 -6.676766e-02
    endloop
  endfacet
  facet normal 3.250120e-01 -9.322273e-01 1.591210e-01
    outer loop
      vertex   7.000000e-02 -1.332104e-01 -1.795967e-01
      vertex   7.415350e-02 -1.180490e-01 -9.925546e-02
      vertex   7.167912e-02 -1.199293e-01 -1.052174e-01
    endloop
  endfacet
  facet normal 2.694041e-01 -9.487664e-01 1.651170e-01
    outer loop
      vertex   7.475653e-02 -1.319000e-01 -1.798278e-01
      vertex   7.415350e-02 -1.180490e-01 -9.925546e-02
      vertex   7.000000e-02 -1.332104e-01 -1.795967e-01
    endloop
  endfacet
  facet normal 5.477638e-01 -8.238440e-01 1.457252e-01
    outer loop
      vertex   7.475653e-02 -1.319000e-01 -1.798278e-01
      vertex   7.683627e-02 -1.116925e-01 -7.340400e-02
      vertex   7.415350e-02 -1.180490e-01 -9.925546e-02
    endloop
  endfacet
  facet normal 6.261187e-01 -7.681921e-01 1.336269e-01
    outer loop
      vertex   7.777864e-02 -1.295101e-01 -1.802492e-01
      vertex   7.683627e-02 -1.116925e-01 -7.340400e-02
      vertex   7.475653e-02 -1.319000e-01 -1.798278e-01
    endloop
  endfacet
  facet normal 8.039858e-01 -5.853576e-01 1.047060e-01
    outer loop
      vertex   7.777864e-02 -1.295101e-01 -1.802492e-01
      vertex   7.888759e-02 -1.076879e-01 -6.676766e-02
      vertex   7.683627e-02 -1.116925e-01 -7.340400e-02
    endloop
  endfacet
  facet normal 9.886211e-01 -1.479524e-01 2.717407e-02
    outer loop
      vertex   7.957530e-02 -9.659101e-02 -1.343120e-02
      vertex   7.980700e-02 -1.089005e-01 -8.888091e-02
      vertex   8.000000e-02 -9.384214e-02 -1.391590e-02
    endloop
  endfacet
  facet normal 9.406749e-01 -3.344108e-01 5.744708e-02
    outer loop
      vertex   7.957530e-02 -9.659101e-02 -1.343120e-02
      vertex   7.888759e-02 -1.076879e-01 -6.676766e-02
      vertex   7.980700e-02 -1.089005e-01 -8.888091e-02
    endloop
  endfacet
  facet normal 9.311139e-01 -3.592905e-01 6.274672e-02
    outer loop
      vertex   7.886167e-02 -9.838515e-02 -1.311484e-02
      vertex   7.888759e-02 -1.076879e-01 -6.676766e-02
      vertex   7.957530e-02 -9.659101e-02 -1.343120e-02
    endloop
  endfacet
  facet normal 8.107602e-01 -5.767067e-01 1.003861e-01
    outer loop
      vertex   7.733772e-02 -1.004638e-01 -1.274832e-02
      vertex   7.888759e-02 -1.076879e-01 -6.676766e-02
      vertex   7.886167e-02 -9.838515e-02 -1.311484e-02
    endloop
  endfacet
  facet normal 8.077106e-01 -5.808884e-01 1.008578e-01
    outer loop
      vertex   7.733772e-02 -1.004638e-01 -1.274832e-02
      vertex   7.683627e-02 -1.116925e-01 -7.340400e-02
      vertex   7.888759e-02 -1.076879e-01 -6.676766e-02
    endloop
  endfacet
  facet normal 6.087613e-01 -7.809846e-01 1.395448e-01
    outer loop
      vertex   7.459554e-02 -1.025360e-01 -1.238294e-02
      vertex   7.683627e-02 -1.116925e-01 -7.340400e-02
      vertex   7.733772e-02 -1.004638e-01 -1.274832e-02
    endloop
  endfacet
  facet normal 5.576750e-01 -8.176197e-01 1.431662e-01
    outer loop
      vertex   7.415350e-02 -1.180490e-01 -9.925546e-02
      vertex   7.683627e-02 -1.116925e-01 -7.340400e-02
      vertex   7.459554e-02 -1.025360e-01 -1.238294e-02
    endloop
  endfacet
  facet normal 0.000000e+00 7.293433e-01 -6.841479e-01
    outer loop
      vertex   8.000000e-02 5.411537e-02 -1.446252e-01
      vertex   8.000000e-02 -6.177304e-04 -2.029740e-01
      vertex   7.000000e-02 -6.177304e-04 -2.029740e-01
    endloop
  endfacet
  facet normal 0.000000e+00 7.293433e-01 -6.841479e-01
    outer loop
      vertex   -7.000000e-02 5.411537e-02 -1.446252e-01
      vertex   -6.000000e-02 -6.177304e-04 -2.029740e-01
      vertex   -7.000000e-02 -6.177304e-04 -2.029740e-01
    endloop
  endfacet
  facet normal 0.000000e+00 7.293433e-01 -6.841479e-01
    outer loop
      vertex   8.000000e-02 5.411537e-02 -1.446252e-01
      vertex   -6.000000e-02 -6.177304e-04 -2.029740e-01
      vertex   -7.000000e-02 5.411537e-02 -1.446252e-01
    endloop
  endfacet
  facet normal 0.000000e+00 7.293433e-01 -6.841479e-01
    outer loop
      vertex   7.000000e-02 -6.177304e-04 -2.029740e-01
      vertex   -6.000000e-02 -6.177304e-04 -2.029740e-01
      vertex   8.000000e-02 5.411537e-02 -1.446252e-01
    endloop
  endfacet
  facet normal 0.000000e+00 7.291851e-01 -6.843166e-01
    outer loop
      vertex   7.000000e-02 -6.177304e-04 -2.029740e-01
      vertex   -6.000000e-02 -6.196815e-04 -2.029761e-01
      vertex   -6.000000e-02 -6.177304e-04 -2.029740e-01
    endloop
  endfacet
  facet normal 0.000000e+00 7.291851e-01 -6.843166e-01
    outer loop
      vertex   7.000000e-02 -6.196815e-04 -2.029761e-01
      vertex   -6.000000e-02 -6.196815e-04 -2.029761e-01
      vertex   7.000000e-02 -6.177304e-04 -2.029740e-01
    endloop
  endfacet
  facet normal -0.000000e+00 -8.981906e-01 -4.396062e-01
    outer loop
      vertex   8.000000e-02 -6.177304e-04 -2.029740e-01
      vertex   7.000000e-02 -3.390716e-03 -1.973083e-01
      vertex   7.000000e-02 -6.177304e-04 -2.029740e-01
    endloop
  endfacet
  facet normal 1.336952e-02 -9.072260e-01 -4.204310e-01
    outer loop
      vertex   8.000000e-02 -3.090494e-03 -1.976381e-01
      vertex   7.000000e-02 -3.390716e-03 -1.973083e-01
      vertex   8.000000e-02 -6.177304e-04 -2.029740e-01
    endloop
  endfacet
  facet normal 5.101869e-03 -8.116618e-01 -5.841054e-01
    outer loop
      vertex   8.000000e-02 -8.669208e-03 -1.898861e-01
      vertex   7.000000e-02 -3.390716e-03 -1.973083e-01
      vertex   8.000000e-02 -3.090494e-03 -1.976381e-01
    endloop
  endfacet
  facet normal 9.140423e-03 -8.090402e-01 -5.876822e-01
    outer loop
      vertex   8.000000e-02 -8.669208e-03 -1.898861e-01
      vertex   7.000000e-02 -9.509845e-03 -1.888843e-01
      vertex   7.000000e-02 -3.390716e-03 -1.973083e-01
    endloop
  endfacet
  facet normal -2.773099e-02 -6.119795e-01 -7.903873e-01
    outer loop
      vertex   8.000000e-02 -8.669208e-03 -1.898861e-01
      vertex   7.000000e-02 -1.808614e-02 -1.822439e-01
      vertex   7.000000e-02 -9.509845e-03 -1.888843e-01
    endloop
  endfacet
  facet normal 5.719031e-02 -6.650242e-01 -7.446288e-01
    outer loop
      vertex   8.000000e-02 -1.563672e-02 -1.836634e-01
      vertex   7.000000e-02 -1.808614e-02 -1.822439e-01
      vertex   8.000000e-02 -8.669208e-03 -1.898861e-01
    endloop
  endfacet
  facet normal -5.453662e-03 -4.846497e-01 -8.746914e-01
    outer loop
      vertex   8.000000e-02 -2.153718e-02 -1.803941e-01
      vertex   7.000000e-02 -1.808614e-02 -1.822439e-01
      vertex   8.000000e-02 -1.563672e-02 -1.836634e-01
    endloop
  endfacet
  facet normal 2.996175e-02 -4.033862e-01 -9.145392e-01
    outer loop
      vertex   8.000000e-02 -2.153718e-02 -1.803941e-01
      vertex   7.000000e-02 -2.702610e-02 -1.783006e-01
      vertex   7.000000e-02 -1.808614e-02 -1.822439e-01
    endloop
  endfacet
  facet normal -2.670214e-02 -3.133911e-01 -9.492486e-01
    outer loop
      vertex   8.000000e-02 -3.020211e-02 -1.775334e-01
      vertex   7.000000e-02 -2.702610e-02 -1.783006e-01
      vertex   8.000000e-02 -2.153718e-02 -1.803941e-01
    endloop
  endfacet
  facet normal 1.330026e-02 -1.950385e-01 -9.807054e-01
    outer loop
      vertex   8.000000e-02 -3.020211e-02 -1.775334e-01
      vertex   7.000000e-02 -3.385628e-02 -1.769423e-01
      vertex   7.000000e-02 -2.702610e-02 -1.783006e-01
    endloop
  endfacet
  facet normal -3.186353e-02 -7.403809e-02 -9.967462e-01
    outer loop
      vertex   8.000000e-02 -3.994662e-02 -1.768096e-01
      vertex   7.000000e-02 -3.385628e-02 -1.769423e-01
      vertex   8.000000e-02 -3.020211e-02 -1.775334e-01
    endloop
  endfacet
  facet normal 1.148724e-02 -2.927849e-03 -9.999297e-01
    outer loop
      vertex   8.000000e-02 -3.994662e-02 -1.768096e-01
      vertex   7.000000e-02 -4.190113e-02 -1.769187e-01
      vertex   7.000000e-02 -3.385628e-02 -1.769423e-01
    endloop
  endfacet
  facet normal -1.517250e-02 1.329746e-01 -9.910033e-01
    outer loop
      vertex   8.000000e-02 -4.770143e-02 -1.778501e-01
      vertex   7.000000e-02 -4.190113e-02 -1.769187e-01
      vertex   8.000000e-02 -3.994662e-02 -1.768096e-01
    endloop
  endfacet
  facet normal 1.377865e-02 1.816457e-01 -9.832675e-01
    outer loop
      vertex   8.000000e-02 -4.770143e-02 -1.778501e-01
      vertex   7.000000e-02 -4.938508e-02 -1.783013e-01
      vertex   7.000000e-02 -4.190113e-02 -1.769187e-01
    endloop
  endfacet
  facet normal -1.377997e-02 3.343628e-01 -9.423437e-01
    outer loop
      vertex   8.000000e-02 -5.487389e-02 -1.803951e-01
      vertex   7.000000e-02 -4.938508e-02 -1.783013e-01
      vertex   8.000000e-02 -4.770143e-02 -1.778501e-01
    endloop
  endfacet
  facet normal 6.901810e-03 3.673551e-01 -9.300552e-01
    outer loop
      vertex   8.000000e-02 -5.487389e-02 -1.803951e-01
      vertex   7.000000e-02 -5.606197e-02 -1.809385e-01
      vertex   7.000000e-02 -4.938508e-02 -1.783013e-01
    endloop
  endfacet
  facet normal -1.855886e-02 5.408722e-01 -8.409000e-01
    outer loop
      vertex   8.000000e-02 -6.399462e-02 -1.862616e-01
      vertex   7.000000e-02 -5.606197e-02 -1.809385e-01
      vertex   8.000000e-02 -5.487389e-02 -1.803951e-01
    endloop
  endfacet
  facet normal -4.177099e-05 5.571688e-01 -8.303993e-01
    outer loop
      vertex   8.000000e-02 -6.399462e-02 -1.862616e-01
      vertex   7.000000e-02 -6.417599e-02 -1.863828e-01
      vertex   7.000000e-02 -5.606197e-02 -1.809385e-01
    endloop
  endfacet
  facet normal -4.006892e-03 6.988480e-01 -7.152589e-01
    outer loop
      vertex   8.000000e-02 -6.399462e-02 -1.862616e-01
      vertex   7.000000e-02 -6.884627e-02 -1.909459e-01
      vertex   7.000000e-02 -6.417599e-02 -1.863828e-01
    endloop
  endfacet
  facet normal 0.000000e+00 6.945916e-01 -7.194043e-01
    outer loop
      vertex   8.000000e-02 -6.884627e-02 -1.909459e-01
      vertex   7.000000e-02 -6.884627e-02 -1.909459e-01
      vertex   8.000000e-02 -6.399462e-02 -1.862616e-01
    endloop
  endfacet
  facet normal 1.000000e+00 0.000000e+00 0.000000e+00
    outer loop
      vertex   7.000000e-02 -4.190113e-02 -1.769187e-01
      vertex   7.000000e-02 -2.702610e-02 -1.783006e-01
      vertex   7.000000e-02 -3.385628e-02 -1.769423e-01
    endloop
  endfacet
  facet normal 1.000000e+00 0.000000e+00 0.000000e+00
    outer loop
      vertex   7.000000e-02 -4.938508e-02 -1.783013e-01
      vertex   7.000000e-02 -2.702610e-02 -1.783006e-01
      vertex   7.000000e-02 -4.190113e-02 -1.769187e-01
    endloop
  endfacet
  facet normal 1.000000e+00 -0.000000e+00 0.000000e+00
    outer loop
      vertex   7.000000e-02 -4.938508e-02 -1.783013e-01
      vertex   7.000000e-02 -1.808614e-02 -1.822439e-01
      vertex   7.000000e-02 -2.702610e-02 -1.783006e-01
    endloop
  endfacet
  facet normal 1.000000e+00 -0.000000e+00 0.000000e+00
    outer loop
      vertex   7.000000e-02 -5.606197e-02 -1.809385e-01
      vertex   7.000000e-02 -1.808614e-02 -1.822439e-01
      vertex   7.000000e-02 -4.938508e-02 -1.783013e-01
    endloop
  endfacet
  facet normal 1.000000e+00 0.000000e+00 0.000000e+00
    outer loop
      vertex   7.000000e-02 -6.417599e-02 -1.863828e-01
      vertex   7.000000e-02 -1.808614e-02 -1.822439e-01
      vertex   7.000000e-02 -5.606197e-02 -1.809385e-01
    endloop
  endfacet
  facet normal 1.000000e+00 -0.000000e+00 0.000000e+00
    outer loop
      vertex   7.000000e-02 -6.417599e-02 -1.863828e-01
      vertex   7.000000e-02 -9.509845e-03 -1.888843e-01
      vertex   7.000000e-02 -1.808614e-02 -1.822439e-01
    endloop
  endfacet
  facet normal 1.000000e+00 0.000000e+00 0.000000e+00
    outer loop
      vertex   7.000000e-02 -6.884627e-02 -1.909459e-01
      vertex   7.000000e-02 -9.509845e-03 -1.888843e-01
      vertex   7.000000e-02 -6.417599e-02 -1.863828e-01
    endloop
  endfacet
  facet normal 1.000000e+00 -0.000000e+00 0.000000e+00
    outer loop
      vertex   7.000000e-02 -6.884627e-02 -1.909459e-01
      vertex   7.000000e-02 -3.390716e-03 -1.973083e-01
      vertex   7.000000e-02 -9.509845e-03 -1.888843e-01
    endloop
  endfacet
  facet normal 1.000000e+00 0.000000e+00 -0.000000e+00
    outer loop
      vertex   7.000000e-02 -6.196815e-04 -2.029761e-01
      vertex   7.000000e-02 -6.177304e-04 -2.029740e-01
      vertex   7.000000e-02 -3.390716e-03 -1.973083e-01
    endloop
  endfacet
  facet normal 1.000000e+00 0.000000e+00 0.000000e+00
    outer loop
      vertex   7.000000e-02 -6.196815e-04 -2.029761e-01
      vertex   7.000000e-02 -3.390716e-03 -1.973083e-01
      vertex   7.000000e-02 -6.884627e-02 -1.909459e-01
    endloop
  endfacet
  facet normal -1.000000e+00 0.000000e+00 -0.000000e+00
    outer loop
      vertex   -7.000000e-02 -7.901781e-02 1.893906e-03
      vertex   -7.000000e-02 -7.092840e-02 2.350622e-03
      vertex   -7.000000e-02 -1.233623e-01 -1.813332e-01
    endloop
  endfacet
  facet normal -1.000000e+00 0.000000e+00 0.000000e+00
    outer loop
      vertex   -7.000000e-02 -1.233623e-01 -1.813332e-01
      vertex   -7.000000e-02 -8.652224e-02 -2.073436e-03
      vertex   -7.000000e-02 -7.901781e-02 1.893906e-03
    endloop
  endfacet
  facet normal -1.000000e+00 0.000000e+00 -0.000000e+00
    outer loop
      vertex   -7.000000e-02 -9.384214e-02 -1.391590e-02
      vertex   -7.000000e-02 -8.652224e-02 -2.073436e-03
      vertex   -7.000000e-02 -1.233623e-01 -1.813332e-01
    endloop
  endfacet
  facet normal -1.000000e+00 0.000000e+00 0.000000e+00
    outer loop
      vertex   -7.000000e-02 8.864002e-02 -3.584332e-02
      vertex   -7.000000e-02 6.714717e-02 -2.138403e-02
      vertex   -7.000000e-02 8.571465e-02 -2.063711e-02
    endloop
  endfacet
  facet normal -1.000000e+00 0.000000e+00 0.000000e+00
    outer loop
      vertex   -7.000000e-02 8.988358e-02 -5.047997e-02
      vertex   -7.000000e-02 6.714717e-02 -2.138403e-02
      vertex   -7.000000e-02 8.864002e-02 -3.584332e-02
    endloop
  endfacet
  facet normal -1.000000e+00 0.000000e+00 0.000000e+00
    outer loop
      vertex   -7.000000e-02 6.714717e-02 -2.138403e-02
      vertex   -7.000000e-02 8.988358e-02 -5.047997e-02
      vertex   -7.000000e-02 8.914404e-02 -6.752878e-02
    endloop
  endfacet
  facet normal -1.000000e+00 0.000000e+00 0.000000e+00
    outer loop
      vertex   -7.000000e-02 4.668178e-02 -1.765043e-02
      vertex   -7.000000e-02 5.529562e-02 -1.692821e-02
      vertex   -7.000000e-02 6.714717e-02 -2.138403e-02
    endloop
  endfacet
  facet normal -1.000000e+00 -0.000000e+00 0.000000e+00
    outer loop
      vertex   -7.000000e-02 5.529562e-02 -1.692821e-02
      vertex   -7.000000e-02 4.668178e-02 -1.765043e-02
      vertex   -7.000000e-02 4.859672e-02 -1.176260e-02
    endloop
  endfacet
  facet normal -1.000000e+00 0.000000e+00 0.000000e+00
    outer loop
      vertex   -7.000000e-02 8.914404e-02 -6.752878e-02
      vertex   -7.000000e-02 4.668178e-02 -1.765043e-02
      vertex   -7.000000e-02 6.714717e-02 -2.138403e-02
    endloop
  endfacet
  facet normal -1.000000e+00 0.000000e+00 0.000000e+00
    outer loop
      vertex   -7.000000e-02 8.550953e-02 -8.783551e-02
      vertex   -7.000000e-02 4.668178e-02 -1.765043e-02
      vertex   -7.000000e-02 8.914404e-02 -6.752878e-02
    endloop
  endfacet
  facet normal -1.000000e+00 0.000000e+00 0.000000e+00
    outer loop
      vertex   -7.000000e-02 8.053663e-02 -1.029158e-01
      vertex   -7.000000e-02 4.668178e-02 -1.765043e-02
      vertex   -7.000000e-02 8.550953e-02 -8.783551e-02
    endloop
  endfacet
  facet normal -1.000000e+00 0.000000e+00 0.000000e+00
    outer loop
      vertex   -7.000000e-02 7.511476e-02 -1.148448e-01
      vertex   -7.000000e-02 4.668178e-02 -1.765043e-02
      vertex   -7.000000e-02 8.053663e-02 -1.029158e-01
    endloop
  endfacet
  facet normal -1.000000e+00 0.000000e+00 0.000000e+00
    outer loop
      vertex   -7.000000e-02 6.874013e-02 -1.258381e-01
      vertex   -7.000000e-02 4.668178e-02 -1.765043e-02
      vertex   -7.000000e-02 7.511476e-02 -1.148448e-01
    endloop
  endfacet
  facet normal -1.000000e+00 0.000000e+00 0.000000e+00
    outer loop
      vertex   -7.000000e-02 5.411537e-02 -1.446252e-01
      vertex   -7.000000e-02 4.668178e-02 -1.765043e-02
      vertex   -7.000000e-02 6.874013e-02 -1.258381e-01
    endloop
  endfacet
  facet normal -1.000000e+00 0.000000e+00 0.000000e+00
    outer loop
      vertex   -7.000000e-02 5.411537e-02 -1.446252e-01
      vertex   -7.000000e-02 4.159799e-02 -2.753299e-02
      vertex   -7.000000e-02 4.668178e-02 -1.765043e-02
    endloop
  endfacet
  facet normal -1.000000e+00 0.000000e+00 0.000000e+00
    outer loop
      vertex   -7.000000e-02 -6.177304e-04 -2.029740e-01
      vertex   -7.000000e-02 4.159799e-02 -2.753299e-02
      vertex   -7.000000e-02 5.411537e-02 -1.446252e-01
    endloop
  endfacet
  facet normal -1.000000e+00 0.000000e+00 0.000000e+00
    outer loop
      vertex   -7.000000e-02 -6.177304e-04 -2.029740e-01
      vertex   -7.000000e-02 3.336535e-02 -3.704833e-02
      vertex   -7.000000e-02 4.159799e-02 -2.753299e-02
    endloop
  endfacet
  facet normal -1.000000e+00 0.000000e+00 0.000000e+00
    outer loop
      vertex   -7.000000e-02 -6.177304e-04 -2.029740e-01
      vertex   -7.000000e-02 2.481402e-02 -4.335144e-02
      vertex   -7.000000e-02 3.336535e-02 -3.704833e-02
    endloop
  endfacet
  facet normal -1.000000e+00 0.000000e+00 0.000000e+00
    outer loop
      vertex   -7.000000e-02 -4.986622e-03 -1.944590e-01
      vertex   -7.000000e-02 2.481402e-02 -4.335144e-02
      vertex   -7.000000e-02 -6.177304e-04 -2.029740e-01
    endloop
  endfacet
  facet normal -1.000000e+00 0.000000e+00 0.000000e+00
    outer loop
      vertex   -7.000000e-02 -4.986622e-03 -1.944590e-01
      vertex   -7.000000e-02 1.575150e-02 -4.729864e-02
      vertex   -7.000000e-02 2.481402e-02 -4.335144e-02
    endloop
  endfacet
  facet normal -1.000000e+00 0.000000e+00 0.000000e+00
    outer loop
      vertex   -7.000000e-02 -9.509845e-03 -1.888843e-01
      vertex   -7.000000e-02 1.575150e-02 -4.729864e-02
      vertex   -7.000000e-02 -4.986622e-03 -1.944590e-01
    endloop
  endfacet
  facet normal -1.000000e+00 0.000000e+00 0.000000e+00
    outer loop
      vertex   -7.000000e-02 -1.808614e-02 -1.822439e-01
      vertex   -7.000000e-02 1.575150e-02 -4.729864e-02
      vertex   -7.000000e-02 -9.509845e-03 -1.888843e-01
    endloop
  endfacet
  facet normal -1.000000e+00 0.000000e+00 0.000000e+00
    outer loop
      vertex   -7.000000e-02 -1.808614e-02 -1.822439e-01
      vertex   -7.000000e-02 4.405218e-03 -4.973706e-02
      vertex   -7.000000e-02 1.575150e-02 -4.729864e-02
    endloop
  endfacet
  facet normal -1.000000e+00 0.000000e+00 0.000000e+00
    outer loop
      vertex   -7.000000e-02 -1.808614e-02 -1.822439e-01
      vertex   -7.000000e-02 -3.759362e-03 -4.980914e-02
      vertex   -7.000000e-02 4.405218e-03 -4.973706e-02
    endloop
  endfacet
  facet normal -1.000000e+00 0.000000e+00 0.000000e+00
    outer loop
      vertex   -7.000000e-02 -2.702610e-02 -1.783006e-01
      vertex   -7.000000e-02 -3.759362e-03 -4.980914e-02
      vertex   -7.000000e-02 -1.808614e-02 -1.822439e-01
    endloop
  endfacet
  facet normal -1.000000e+00 0.000000e+00 0.000000e+00
    outer loop
      vertex   -7.000000e-02 -2.702610e-02 -1.783006e-01
      vertex   -7.000000e-02 -1.158472e-02 -4.858886e-02
      vertex   -7.000000e-02 -3.759362e-03 -4.980914e-02
    endloop
  endfacet
  facet normal -1.000000e+00 0.000000e+00 0.000000e+00
    outer loop
      vertex   -7.000000e-02 -3.385628e-02 -1.769423e-01
      vertex   -7.000000e-02 -1.158472e-02 -4.858886e-02
      vertex   -7.000000e-02 -2.702610e-02 -1.783006e-01
    endloop
  endfacet
  facet normal -1.000000e+00 0.000000e+00 0.000000e+00
    outer loop
      vertex   -7.000000e-02 -4.190113e-02 -1.769187e-01
      vertex   -7.000000e-02 -1.158472e-02 -4.858886e-02
      vertex   -7.000000e-02 -3.385628e-02 -1.769423e-01
    endloop
  endfacet
  facet normal -1.000000e+00 0.000000e+00 0.000000e+00
    outer loop
      vertex   -7.000000e-02 -4.190113e-02 -1.769187e-01
      vertex   -7.000000e-02 -2.000193e-02 -4.569613e-02
      vertex   -7.000000e-02 -1.158472e-02 -4.858886e-02
    endloop
  endfacet
  facet normal -1.000000e+00 0.000000e+00 0.000000e+00
    outer loop
      vertex   -7.000000e-02 -4.938508e-02 -1.783013e-01
      vertex   -7.000000e-02 -2.000193e-02 -4.569613e-02
      vertex   -7.000000e-02 -4.190113e-02 -1.769187e-01
    endloop
  endfacet
  facet normal -1.000000e+00 0.000000e+00 0.000000e+00
    outer loop
      vertex   -7.000000e-02 -4.938508e-02 -1.783013e-01
      vertex   -7.000000e-02 -3.155946e-02 -3.859827e-02
      vertex   -7.000000e-02 -2.000193e-02 -4.569613e-02
    endloop
  endfacet
  facet normal -1.000000e+00 0.000000e+00 0.000000e+00
    outer loop
      vertex   -7.000000e-02 -5.606197e-02 -1.809385e-01
      vertex   -7.000000e-02 -3.155946e-02 -3.859827e-02
      vertex   -7.000000e-02 -4.938508e-02 -1.783013e-01
    endloop
  endfacet
  facet normal -1.000000e+00 0.000000e+00 0.000000e+00
    outer loop
      vertex   -7.000000e-02 -6.417599e-02 -1.863828e-01
      vertex   -7.000000e-02 -3.155946e-02 -3.859827e-02
      vertex   -7.000000e-02 -5.606197e-02 -1.809385e-01
    endloop
  endfacet
  facet normal -1.000000e+00 0.000000e+00 0.000000e+00
    outer loop
      vertex   -7.000000e-02 -6.417599e-02 -1.863828e-01
      vertex   -7.000000e-02 -4.121472e-02 -2.805659e-02
      vertex   -7.000000e-02 -3.155946e-02 -3.859827e-02
    endloop
  endfacet
  facet normal -1.000000e+00 0.000000e+00 0.000000e+00
    outer loop
      vertex   -7.000000e-02 -6.884627e-02 -1.909459e-01
      vertex   -7.000000e-02 -4.121472e-02 -2.805659e-02
      vertex   -7.000000e-02 -6.417599e-02 -1.863828e-01
    endloop
  endfacet
  facet normal -1.000000e+00 0.000000e+00 0.000000e+00
    outer loop
      vertex   -7.000000e-02 -1.233623e-01 -1.813332e-01
      vertex   -7.000000e-02 -4.121472e-02 -2.805659e-02
      vertex   -7.000000e-02 -6.884627e-02 -1.909459e-01
    endloop
  endfacet
  facet normal -1.000000e+00 0.000000e+00 -0.000000e+00
    outer loop
      vertex   -7.000000e-02 -4.630530e-02 -1.873240e-02
      vertex   -7.000000e-02 -4.121472e-02 -2.805659e-02
      vertex   -7.000000e-02 -1.233623e-01 -1.813332e-01
    endloop
  endfacet
  facet normal -1.000000e+00 0.000000e+00 0.000000e+00
    outer loop
      vertex   -7.000000e-02 -1.233623e-01 -1.813332e-01
      vertex   -7.000000e-02 -4.868401e-02 -1.117813e-02
      vertex   -7.000000e-02 -4.630530e-02 -1.873240e-02
    endloop
  endfacet
  facet normal -1.000000e+00 0.000000e+00 0.000000e+00
    outer loop
      vertex   -7.000000e-02 -1.233623e-01 -1.813332e-01
      vertex   -7.000000e-02 -4.986281e-02 -2.103688e-03
      vertex   -7.000000e-02 -4.868401e-02 -1.117813e-02
    endloop
  endfacet
  facet normal -1.000000e+00 0.000000e+00 0.000000e+00
    outer loop
      vertex   -7.000000e-02 -1.233623e-01 -1.813332e-01
      vertex   -7.000000e-02 -4.968902e-02 5.567866e-03
      vertex   -7.000000e-02 -4.986281e-02 -2.103688e-03
    endloop
  endfacet
  facet normal -1.000000e+00 0.000000e+00 -0.000000e+00
    outer loop
      vertex   -7.000000e-02 -7.092840e-02 2.350622e-03
      vertex   -7.000000e-02 -4.968902e-02 5.567866e-03
      vertex   -7.000000e-02 -1.233623e-01 -1.813332e-01
    endloop
  endfacet
  facet normal 1.879629e-06 -1.736469e-01 -9.848080e-01
    outer loop
      vertex   -6.000000e-02 -1.332104e-01 -1.795967e-01
      vertex   -6.934940e-02 -1.265994e-01 -1.807624e-01
      vertex   -7.000000e-02 -1.233623e-01 -1.813332e-01
    endloop
  endfacet
  facet normal -1.166079e-06 -1.736511e-01 -9.848072e-01
    outer loop
      vertex   -6.000000e-02 -1.332104e-01 -1.795967e-01
      vertex   -6.693023e-02 -1.303390e-01 -1.801030e-01
      vertex   -6.934940e-02 -1.265994e-01 -1.807624e-01
    endloop
  endfacet
  facet normal -9.234628e-08 -1.736486e-01 -9.848077e-01
    outer loop
      vertex   -6.380865e-02 -1.324175e-01 -1.797365e-01
      vertex   -6.693023e-02 -1.303390e-01 -1.801030e-01
      vertex   -6.000000e-02 -1.332104e-01 -1.795967e-01
    endloop
  endfacet
  facet normal -0.000000e+00 -1.736482e-01 -9.848077e-01
    outer loop
      vertex   -6.000000e-02 -6.884627e-02 -1.909459e-01
      vertex   -7.000000e-02 -1.233623e-01 -1.813332e-01
      vertex   -7.000000e-02 -6.884627e-02 -1.909459e-01
    endloop
  endfacet
  facet normal 4.723593e-07 -1.736483e-01 -9.848077e-01
    outer loop
      vertex   -6.000000e-02 -6.884627e-02 -1.909459e-01
      vertex   -6.000000e-02 -1.332104e-01 -1.795967e-01
      vertex   -7.000000e-02 -1.233623e-01 -1.813332e-01
    endloop
  endfacet
  facet normal 1.917757e-08 -1.736443e-01 -9.848084e-01
    outer loop
      vertex   7.777864e-02 -1.295101e-01 -1.802492e-01
      vertex   7.475653e-02 -1.319000e-01 -1.798278e-01
      vertex   7.000000e-02 -1.332104e-01 -1.795967e-01
    endloop
  endfacet
  facet normal 6.177648e-06 -1.736569e-01 -9.848062e-01
    outer loop
      vertex   7.936363e-02 -1.264929e-01 -1.807812e-01
      vertex   7.777864e-02 -1.295101e-01 -1.802492e-01
      vertex   7.000000e-02 -1.332104e-01 -1.795967e-01
    endloop
  endfacet
  facet normal 6.284400e-07 -1.736494e-01 -9.848075e-01
    outer loop
      vertex   8.000000e-02 -1.233623e-01 -1.813332e-01
      vertex   7.936363e-02 -1.264929e-01 -1.807812e-01
      vertex   7.000000e-02 -1.332104e-01 -1.795967e-01
    endloop
  endfacet
  facet normal -4.723593e-07 -1.736483e-01 -9.848077e-01
    outer loop
      vertex   7.000000e-02 -6.884627e-02 -1.909459e-01
      vertex   8.000000e-02 -1.233623e-01 -1.813332e-01
      vertex   7.000000e-02 -1.332104e-01 -1.795967e-01
    endloop
  endfacet
  facet normal -0.000000e+00 -1.736482e-01 -9.848077e-01
    outer loop
      vertex   8.000000e-02 -6.884627e-02 -1.909459e-01
      vertex   8.000000e-02 -1.233623e-01 -1.813332e-01
      vertex   7.000000e-02 -6.884627e-02 -1.909459e-01
    endloop
  endfacet
  facet normal -1.201819e-07 -1.736483e-01 -9.848077e-01
    outer loop
      vertex   -6.000000e-02 -6.196815e-04 -2.029761e-01
      vertex   7.000000e-02 -6.884627e-02 -1.909459e-01
      vertex   7.000000e-02 -1.332104e-01 -1.795967e-01
    endloop
  endfacet
  facet normal -0.000000e+00 -1.736481e-01 -9.848078e-01
    outer loop
      vertex   7.000000e-02 -6.196815e-04 -2.029761e-01
      vertex   7.000000e-02 -6.884627e-02 -1.909459e-01
      vertex   -6.000000e-02 -6.196815e-04 -2.029761e-01
    endloop
  endfacet
  facet normal 0.000000e+00 -1.736483e-01 -9.848077e-01
    outer loop
      vertex   -6.000000e-02 -6.884627e-02 -1.909459e-01
      vertex   7.000000e-02 -1.332104e-01 -1.795967e-01
      vertex   -6.000000e-02 -1.332104e-01 -1.795967e-01
    endloop
  endfacet
  facet normal 1.133782e-07 -1.736481e-01 -9.848078e-01
    outer loop
      vertex   -6.000000e-02 -6.196815e-04 -2.029761e-01
      vertex   7.000000e-02 -1.332104e-01 -1.795967e-01
      vertex   -6.000000e-02 -6.884627e-02 -1.909459e-01
    endloop
  endfacet
  facet normal -1.000000e+00 -0.000000e+00 0.000000e+00
    outer loop
      vertex   -6.000000e-02 -3.020211e-02 -1.775334e-01
      vertex   -6.000000e-02 -4.770143e-02 -1.778501e-01
      vertex   -6.000000e-02 -3.994662e-02 -1.768096e-01
    endloop
  endfacet
  facet normal -1.000000e+00 0.000000e+00 0.000000e+00
    outer loop
      vertex   -6.000000e-02 -2.153718e-02 -1.803941e-01
      vertex   -6.000000e-02 -4.770143e-02 -1.778501e-01
      vertex   -6.000000e-02 -3.020211e-02 -1.775334e-01
    endloop
  endfacet
  facet normal -1.000000e+00 -0.000000e+00 0.000000e+00
    outer loop
      vertex   -6.000000e-02 -2.153718e-02 -1.803941e-01
      vertex   -6.000000e-02 -5.487389e-02 -1.803951e-01
      vertex   -6.000000e-02 -4.770143e-02 -1.778501e-01
    endloop
  endfacet
  facet normal -1.000000e+00 0.000000e+00 0.000000e+00
    outer loop
      vertex   -6.000000e-02 -1.563672e-02 -1.836634e-01
      vertex   -6.000000e-02 -5.487389e-02 -1.803951e-01
      vertex   -6.000000e-02 -2.153718e-02 -1.803941e-01
    endloop
  endfacet
  facet normal -1.000000e+00 -0.000000e+00 0.000000e+00
    outer loop
      vertex   -6.000000e-02 -1.563672e-02 -1.836634e-01
      vertex   -6.000000e-02 -6.399462e-02 -1.862616e-01
      vertex   -6.000000e-02 -5.487389e-02 -1.803951e-01
    endloop
  endfacet
  facet normal -1.000000e+00 0.000000e+00 0.000000e+00
    outer loop
      vertex   -6.000000e-02 -8.669208e-03 -1.898861e-01
      vertex   -6.000000e-02 -6.399462e-02 -1.862616e-01
      vertex   -6.000000e-02 -1.563672e-02 -1.836634e-01
    endloop
  endfacet
  facet normal -1.000000e+00 -0.000000e+00 0.000000e+00
    outer loop
      vertex   -6.000000e-02 -8.669208e-03 -1.898861e-01
      vertex   -6.000000e-02 -6.884627e-02 -1.909459e-01
      vertex   -6.000000e-02 -6.399462e-02 -1.862616e-01
    endloop
  endfacet
  facet normal -1.000000e+00 0.000000e+00 0.000000e+00
    outer loop
      vertex   -6.000000e-02 -3.090494e-03 -1.976381e-01
      vertex   -6.000000e-02 -6.884627e-02 -1.909459e-01
      vertex   -6.000000e-02 -8.669208e-03 -1.898861e-01
    endloop
  endfacet
  facet normal -1.000000e+00 -0.000000e+00 -0.000000e+00
    outer loop
      vertex   -6.000000e-02 -3.090494e-03 -1.976381e-01
      vertex   -6.000000e-02 -6.196815e-04 -2.029761e-01
      vertex   -6.000000e-02 -6.884627e-02 -1.909459e-01
    endloop
  endfacet
  facet normal -1.000000e+00 -0.000000e+00 0.000000e+00
    outer loop
      vertex   -6.000000e-02 -6.177304e-04 -2.029740e-01
      vertex   -6.000000e-02 -6.196815e-04 -2.029761e-01
      vertex   -6.000000e-02 -3.090494e-03 -1.976381e-01
    endloop
  endfacet
  facet normal 0.000000e+00 -9.073071e-01 -4.204686e-01
    outer loop
      vertex   -6.000000e-02 -3.090494e-03 -1.976381e-01
      vertex   -7.000000e-02 -6.177304e-04 -2.029740e-01
      vertex   -6.000000e-02 -6.177304e-04 -2.029740e-01
    endloop
  endfacet
  facet normal 2.356733e-02 -8.894763e-01 -4.563733e-01
    outer loop
      vertex   -6.000000e-02 -3.090494e-03 -1.976381e-01
      vertex   -7.000000e-02 -4.986622e-03 -1.944590e-01
      vertex   -7.000000e-02 -6.177304e-04 -2.029740e-01
    endloop
  endfacet
  facet normal -3.177986e-02 -8.112623e-01 -5.838180e-01
    outer loop
      vertex   -6.000000e-02 -8.669208e-03 -1.898861e-01
      vertex   -7.000000e-02 -4.986622e-03 -1.944590e-01
      vertex   -6.000000e-02 -3.090494e-03 -1.976381e-01
    endloop
  endfacet
  facet normal 2.161332e-03 -7.765331e-01 -6.300727e-01
    outer loop
      vertex   -6.000000e-02 -8.669208e-03 -1.898861e-01
      vertex   -7.000000e-02 -9.509845e-03 -1.888843e-01
      vertex   -7.000000e-02 -4.986622e-03 -1.944590e-01
    endloop
  endfacet
  facet normal -2.773099e-02 -6.119795e-01 -7.903873e-01
    outer loop
      vertex   -6.000000e-02 -8.669208e-03 -1.898861e-01
      vertex   -7.000000e-02 -1.808614e-02 -1.822439e-01
      vertex   -7.000000e-02 -9.509845e-03 -1.888843e-01
    endloop
  endfacet
  facet normal 5.719031e-02 -6.650242e-01 -7.446288e-01
    outer loop
      vertex   -6.000000e-02 -1.563672e-02 -1.836634e-01
      vertex   -7.000000e-02 -1.808614e-02 -1.822439e-01
      vertex   -6.000000e-02 -8.669208e-03 -1.898861e-01
    endloop
  endfacet
  facet normal -5.453662e-03 -4.846497e-01 -8.746914e-01
    outer loop
      vertex   -6.000000e-02 -2.153718e-02 -1.803941e-01
      vertex   -7.000000e-02 -1.808614e-02 -1.822439e-01
      vertex   -6.000000e-02 -1.563672e-02 -1.836634e-01
    endloop
  endfacet
  facet normal 2.996175e-02 -4.033862e-01 -9.145392e-01
    outer loop
      vertex   -6.000000e-02 -2.153718e-02 -1.803941e-01
      vertex   -7.000000e-02 -2.702610e-02 -1.783006e-01
      vertex   -7.000000e-02 -1.808614e-02 -1.822439e-01
    endloop
  endfacet
  facet normal -2.670214e-02 -3.133911e-01 -9.492486e-01
    outer loop
      vertex   -6.000000e-02 -3.020211e-02 -1.775334e-01
      vertex   -7.000000e-02 -2.702610e-02 -1.783006e-01
      vertex   -6.000000e-02 -2.153718e-02 -1.803941e-01
    endloop
  endfacet
  facet normal 1.330026e-02 -1.950385e-01 -9.807054e-01
    outer loop
      vertex   -6.000000e-02 -3.020211e-02 -1.775334e-01
      vertex   -7.000000e-02 -3.385628e-02 -1.769423e-01
      vertex   -7.000000e-02 -2.702610e-02 -1.783006e-01
    endloop
  endfacet
  facet normal -3.186353e-02 -7.403809e-02 -9.967462e-01
    outer loop
      vertex   -6.000000e-02 -3.994662e-02 -1.768096e-01
      vertex   -7.000000e-02 -3.385628e-02 -1.769423e-01
      vertex   -6.000000e-02 -3.020211e-02 -1.775334e-01
    endloop
  endfacet
  facet normal 1.148724e-02 -2.927849e-03 -9.999297e-01
    outer loop
      vertex   -6.000000e-02 -3.994662e-02 -1.768096e-01
      vertex   -7.000000e-02 -4.190113e-02 -1.769187e-01
      vertex   -7.000000e-02 -3.385628e-02 -1.769423e-01
    endloop
  endfacet
  facet normal -1.517250e-02 1.329746e-01 -9.910033e-01
    outer loop
      vertex   -6.000000e-02 -4.770143e-02 -1.778501e-01
      vertex   -7.000000e-02 -4.190113e-02 -1.769187e-01
      vertex   -6.000000e-02 -3.994662e-02 -1.768096e-01
    endloop
  endfacet
  facet normal 1.377865e-02 1.816457e-01 -9.832675e-01
    outer loop
      vertex   -6.000000e-02 -4.770143e-02 -1.778501e-01
      vertex   -7.000000e-02 -4.938508e-02 -1.783013e-01
      vertex   -7.000000e-02 -4.190113e-02 -1.769187e-01
    endloop
  endfacet
  facet normal -1.377997e-02 3.343628e-01 -9.423437e-01
    outer loop
      vertex   -6.000000e-02 -5.487389e-02 -1.803951e-01
      vertex   -7.000000e-02 -4.938508e-02 -1.783013e-01
      vertex   -6.000000e-02 -4.770143e-02 -1.778501e-01
    endloop
  endfacet
  facet normal 6.901810e-03 3.673551e-01 -9.300552e-01
    outer loop
      vertex   -6.000000e-02 -5.487389e-02 -1.803951e-01
      vertex   -7.000000e-02 -5.606197e-02 -1.809385e-01
      vertex   -7.000000e-02 -4.938508e-02 -1.783013e-01
    endloop
  endfacet
  facet normal -1.855886e-02 5.408722e-01 -8.409000e-01
    outer loop
      vertex   -6.000000e-02 -6.399462e-02 -1.862616e-01
      vertex   -7.000000e-02 -5.606197e-02 -1.809385e-01
      vertex   -6.000000e-02 -5.487389e-02 -1.803951e-01
    endloop
  endfacet
  facet normal -4.177099e-05 5.571688e-01 -8.303993e-01
    outer loop
      vertex   -6.000000e-02 -6.399462e-02 -1.862616e-01
      vertex   -7.000000e-02 -6.417599e-02 -1.863828e-01
      vertex   -7.000000e-02 -5.606197e-02 -1.809385e-01
    endloop
  endfacet
  facet normal -4.006892e-03 6.988480e-01 -7.152589e-01
    outer loop
      vertex   -6.000000e-02 -6.399462e-02 -1.862616e-01
      vertex   -7.000000e-02 -6.884627e-02 -1.909459e-01
      vertex   -7.000000e-02 -6.417599e-02 -1.863828e-01
    endloop
  endfacet
  facet normal 0.000000e+00 6.945916e-01 -7.194043e-01
    outer loop
      vertex   -6.000000e-02 -6.884627e-02 -1.909459e-01
      vertex   -7.000000e-02 -6.884627e-02 -1.909459e-01
      vertex   -6.000000e-02 -6.399462e-02 -1.862616e-01
    endloop
  endfacet
  facet normal -6.384601e-01 -9.643326e-02 7.635898e-01
    outer loop
      vertex   -6.765310e-02 8.048889e-02 -1.546462e-02
      vertex   -6.548779e-02 7.604262e-02 -1.421565e-02
      vertex   -6.519835e-02 7.934319e-02 -1.355681e-02
    endloop
  endfacet
  facet normal -1.689997e-01 -1.462645e-01 9.747029e-01
    outer loop
      vertex   -6.000000e-02 7.563043e-02 -1.256360e-02
      vertex   -6.000000e-02 7.993785e-02 -1.191723e-02
      vertex   -6.334747e-02 8.061164e-02 -1.239652e-02
    endloop
  endfacet
  facet normal -3.671980e-01 -2.765521e-01 8.880791e-01
    outer loop
      vertex   -6.334747e-02 8.061164e-02 -1.239652e-02
      vertex   -6.519835e-02 7.934319e-02 -1.355681e-02
      vertex   -6.000000e-02 7.563043e-02 -1.256360e-02
    endloop
  endfacet
  facet normal -1.756518e-01 1.737670e-02 9.842990e-01
    outer loop
      vertex   -6.215411e-02 7.339189e-02 -1.290849e-02
      vertex   -6.000000e-02 7.563043e-02 -1.256360e-02
      vertex   -6.519835e-02 7.934319e-02 -1.355681e-02
    endloop
  endfacet
  facet normal -4.535394e-01 -1.360450e-01 8.807916e-01
    outer loop
      vertex   -6.548779e-02 7.604262e-02 -1.421565e-02
      vertex   -6.215411e-02 7.339189e-02 -1.290849e-02
      vertex   -6.519835e-02 7.934319e-02 -1.355681e-02
    endloop
  endfacet
  facet normal -9.699718e-01 8.559280e-02 2.276589e-01
    outer loop
      vertex   -7.000000e-02 5.529562e-02 -1.692821e-02
      vertex   -6.948140e-02 6.264273e-02 -1.748094e-02
      vertex   -7.000000e-02 6.714717e-02 -2.138403e-02
    endloop
  endfacet
  facet normal -9.552770e-01 -5.079678e-02 2.913169e-01
    outer loop
      vertex   -6.836230e-02 7.073045e-02 -1.709136e-02
      vertex   -6.913842e-02 8.036372e-02 -1.795666e-02
      vertex   -6.983187e-02 7.942568e-02 -2.039414e-02
    endloop
  endfacet
  facet normal -7.509876e-01 -1.193114e-03 6.603153e-01
    outer loop
      vertex   -6.836230e-02 7.073045e-02 -1.709136e-02
      vertex   -6.703412e-02 7.459052e-02 -1.557383e-02
      vertex   -6.913842e-02 8.036372e-02 -1.795666e-02
    endloop
  endfacet
  facet normal -7.084459e-01 -3.338821e-02 7.049749e-01
    outer loop
      vertex   -6.836230e-02 7.073045e-02 -1.709136e-02
      vertex   -6.486765e-02 6.969102e-02 -1.362874e-02
      vertex   -6.703412e-02 7.459052e-02 -1.557383e-02
    endloop
  endfacet
  facet normal -3.488209e-01 2.220124e-01 9.105133e-01
    outer loop
      vertex   -6.573227e-02 6.433551e-02 -1.265413e-02
      vertex   -6.191682e-02 6.761257e-02 -1.199147e-02
      vertex   -6.486765e-02 6.969102e-02 -1.362874e-02
    endloop
  endfacet
  facet normal -9.860595e-01 8.055458e-02 1.455943e-01
    outer loop
      vertex   -7.000000e-02 5.529562e-02 -1.692821e-02
      vertex   -6.932190e-02 5.329647e-02 -1.122958e-02
      vertex   -6.948140e-02 6.264273e-02 -1.748094e-02
    endloop
  endfacet
  facet normal -8.494939e-01 2.832324e-01 4.451287e-01
    outer loop
      vertex   -6.932190e-02 5.329647e-02 -1.122958e-02
      vertex   -6.811373e-02 5.572606e-02 -1.046981e-02
      vertex   -6.948140e-02 6.264273e-02 -1.748094e-02
    endloop
  endfacet
  facet normal -8.011441e-01 3.404842e-01 4.921775e-01
    outer loop
      vertex   -6.811373e-02 5.572606e-02 -1.046981e-02
      vertex   -6.759264e-02 5.939974e-02 -1.216302e-02
      vertex   -6.948140e-02 6.264273e-02 -1.748094e-02
    endloop
  endfacet
  facet normal -7.403624e-01 3.651442e-01 5.643875e-01
    outer loop
      vertex   -6.759264e-02 5.939974e-02 -1.216302e-02
      vertex   -6.811373e-02 5.572606e-02 -1.046981e-02
      vertex   -6.472206e-02 5.471770e-02 -5.368246e-03
    endloop
  endfacet
  facet normal -5.895643e-01 5.269393e-01 6.121674e-01
    outer loop
      vertex   -6.472206e-02 5.471770e-02 -5.368246e-03
      vertex   -6.513320e-02 5.863187e-02 -9.133425e-03
      vertex   -6.759264e-02 5.939974e-02 -1.216302e-02
    endloop
  endfacet
  facet normal -4.483713e-01 8.004569e-01 3.977837e-01
    outer loop
      vertex   -6.236663e-02 5.340741e-02 -2.340732e-03
      vertex   -6.583554e-02 5.158373e-02 -2.581019e-03
      vertex   -6.186438e-02 4.964011e-02 5.806301e-03
    endloop
  endfacet
  facet normal -8.621644e-01 3.013827e-01 4.072359e-01
    outer loop
      vertex   -6.811373e-02 5.572606e-02 -1.046981e-02
      vertex   -6.932190e-02 5.329647e-02 -1.122958e-02
      vertex   -6.583554e-02 5.158373e-02 -2.581019e-03
    endloop
  endfacet
  facet normal -3.268597e-01 6.371223e-01 6.980243e-01
    outer loop
      vertex   -6.251938e-02 5.745781e-02 -6.837848e-03
      vertex   -6.513320e-02 5.863187e-02 -9.133425e-03
      vertex   -6.472206e-02 5.471770e-02 -5.368246e-03
    endloop
  endfacet
  facet normal -6.922335e-01 3.250253e-01 6.443379e-01
    outer loop
      vertex   -6.573227e-02 6.433551e-02 -1.265413e-02
      vertex   -6.759264e-02 5.939974e-02 -1.216302e-02
      vertex   -6.513320e-02 5.863187e-02 -9.133425e-03
    endloop
  endfacet
  facet normal -6.422056e-01 3.117353e-01 7.002807e-01
    outer loop
      vertex   -6.780963e-02 6.579635e-02 -1.520952e-02
      vertex   -6.759264e-02 5.939974e-02 -1.216302e-02
      vertex   -6.573227e-02 6.433551e-02 -1.265413e-02
    endloop
  endfacet
  facet normal -8.913889e-01 1.698867e-01 4.201955e-01
    outer loop
      vertex   -6.780963e-02 6.579635e-02 -1.520952e-02
      vertex   -6.948140e-02 6.264273e-02 -1.748094e-02
      vertex   -6.759264e-02 5.939974e-02 -1.216302e-02
    endloop
  endfacet
  facet normal -4.835485e-01 4.224349e-01 7.666353e-01
    outer loop
      vertex   -6.573227e-02 6.433551e-02 -1.265413e-02
      vertex   -6.513320e-02 5.863187e-02 -9.133425e-03
      vertex   -6.251938e-02 5.745781e-02 -6.837848e-03
    endloop
  endfacet
  facet normal -8.600570e-01 9.485956e-02 5.013019e-01
    outer loop
      vertex   -6.836230e-02 7.073045e-02 -1.709136e-02
      vertex   -6.948140e-02 6.264273e-02 -1.748094e-02
      vertex   -6.780963e-02 6.579635e-02 -1.520952e-02
    endloop
  endfacet
  facet normal -9.567547e-01 1.196141e-01 2.651657e-01
    outer loop
      vertex   -6.836230e-02 7.073045e-02 -1.709136e-02
      vertex   -7.000000e-02 6.714717e-02 -2.138403e-02
      vertex   -6.948140e-02 6.264273e-02 -1.748094e-02
    endloop
  endfacet
  facet normal -1.501564e-02 5.453742e-01 8.380582e-01
    outer loop
      vertex   -6.220448e-02 6.293087e-02 -1.039385e-02
      vertex   -6.251938e-02 5.745781e-02 -6.837848e-03
      vertex   -6.141048e-02 5.935898e-02 -8.055180e-03
    endloop
  endfacet
  facet normal -2.961689e-01 5.323086e-01 7.930520e-01
    outer loop
      vertex   -6.220448e-02 6.293087e-02 -1.039385e-02
      vertex   -6.573227e-02 6.433551e-02 -1.265413e-02
      vertex   -6.251938e-02 5.745781e-02 -6.837848e-03
    endloop
  endfacet
  facet normal -9.469798e-01 -1.291428e-02 3.210336e-01
    outer loop
      vertex   -7.000000e-02 8.571465e-02 -2.063711e-02
      vertex   -7.000000e-02 6.714717e-02 -2.138403e-02
      vertex   -6.983187e-02 7.942568e-02 -2.039414e-02
    endloop
  endfacet
  facet normal -9.602039e-01 -1.489551e-02 2.789024e-01
    outer loop
      vertex   -6.913842e-02 8.036372e-02 -1.795666e-02
      vertex   -7.000000e-02 8.571465e-02 -2.063711e-02
      vertex   -6.983187e-02 7.942568e-02 -2.039414e-02
    endloop
  endfacet
  facet normal -9.728944e-01 -4.281217e-02 2.272521e-01
    outer loop
      vertex   -6.913842e-02 8.036372e-02 -1.795666e-02
      vertex   -6.897725e-02 8.455750e-02 -1.647657e-02
      vertex   -7.000000e-02 8.571465e-02 -2.063711e-02
    endloop
  endfacet
  facet normal -8.462322e-01 -1.481091e-01 5.118152e-01
    outer loop
      vertex   -6.765310e-02 8.048889e-02 -1.546462e-02
      vertex   -6.897725e-02 8.455750e-02 -1.647657e-02
      vertex   -6.913842e-02 8.036372e-02 -1.795666e-02
    endloop
  endfacet
  facet normal -7.532702e-01 -8.287015e-02 6.524696e-01
    outer loop
      vertex   -6.765310e-02 8.048889e-02 -1.546462e-02
      vertex   -6.580232e-02 8.346263e-02 -1.295021e-02
      vertex   -6.897725e-02 8.455750e-02 -1.647657e-02
    endloop
  endfacet
  facet normal -6.582200e-01 -2.032452e-01 7.248709e-01
    outer loop
      vertex   -6.519835e-02 7.934319e-02 -1.355681e-02
      vertex   -6.580232e-02 8.346263e-02 -1.295021e-02
      vertex   -6.765310e-02 8.048889e-02 -1.546462e-02
    endloop
  endfacet
  facet normal -4.231667e-01 -1.924191e-01 8.853840e-01
    outer loop
      vertex   -6.334747e-02 8.061164e-02 -1.239652e-02
      vertex   -6.580232e-02 8.346263e-02 -1.295021e-02
      vertex   -6.519835e-02 7.934319e-02 -1.355681e-02
    endloop
  endfacet
  facet normal -3.198237e-01 -9.225095e-02 9.429754e-01
    outer loop
      vertex   -6.334747e-02 8.061164e-02 -1.239652e-02
      vertex   -6.000000e-02 8.282948e-02 -1.104421e-02
      vertex   -6.580232e-02 8.346263e-02 -1.295021e-02
    endloop
  endfacet
  facet normal -1.916282e-01 -2.836704e-01 9.395796e-01
    outer loop
      vertex   -6.000000e-02 7.993785e-02 -1.191723e-02
      vertex   -6.000000e-02 8.282948e-02 -1.104421e-02
      vertex   -6.334747e-02 8.061164e-02 -1.239652e-02
    endloop
  endfacet
  facet normal -1.455608e-01 -1.234560e-02 9.892723e-01
    outer loop
      vertex   -6.215411e-02 7.339189e-02 -1.290849e-02
      vertex   -6.000000e-02 7.227638e-02 -1.260546e-02
      vertex   -6.000000e-02 7.563043e-02 -1.256360e-02
    endloop
  endfacet
  facet normal -5.895987e-02 1.540780e-01 9.862980e-01
    outer loop
      vertex   -6.191682e-02 6.761257e-02 -1.199147e-02
      vertex   -6.000000e-02 7.227638e-02 -1.260546e-02
      vertex   -6.215411e-02 7.339189e-02 -1.290849e-02
    endloop
  endfacet
  facet normal -6.149126e-01 -7.905767e-02 7.846224e-01
    outer loop
      vertex   -6.703412e-02 7.459052e-02 -1.557383e-02
      vertex   -6.548779e-02 7.604262e-02 -1.421565e-02
      vertex   -6.765310e-02 8.048889e-02 -1.546462e-02
    endloop
  endfacet
  facet normal -3.260170e-01 5.537488e-02 9.437407e-01
    outer loop
      vertex   -6.486765e-02 6.969102e-02 -1.362874e-02
      vertex   -6.215411e-02 7.339189e-02 -1.290849e-02
      vertex   -6.548779e-02 7.604262e-02 -1.421565e-02
    endloop
  endfacet
  facet normal -4.117881e-01 1.262925e-01 9.024859e-01
    outer loop
      vertex   -6.486765e-02 6.969102e-02 -1.362874e-02
      vertex   -6.191682e-02 6.761257e-02 -1.199147e-02
      vertex   -6.215411e-02 7.339189e-02 -1.290849e-02
    endloop
  endfacet
  facet normal -8.525838e-01 -9.897231e-02 5.131329e-01
    outer loop
      vertex   -6.703412e-02 7.459052e-02 -1.557383e-02
      vertex   -6.765310e-02 8.048889e-02 -1.546462e-02
      vertex   -6.913842e-02 8.036372e-02 -1.795666e-02
    endloop
  endfacet
  facet normal -6.623264e-01 4.562922e-03 7.492015e-01
    outer loop
      vertex   -6.486765e-02 6.969102e-02 -1.362874e-02
      vertex   -6.548779e-02 7.604262e-02 -1.421565e-02
      vertex   -6.703412e-02 7.459052e-02 -1.557383e-02
    endloop
  endfacet
  facet normal -3.944514e-01 2.774481e-01 8.760312e-01
    outer loop
      vertex   -6.191682e-02 6.761257e-02 -1.199147e-02
      vertex   -6.000000e-02 6.160556e-02 -9.225901e-03
      vertex   -6.000000e-02 7.227638e-02 -1.260546e-02
    endloop
  endfacet
  facet normal -2.825335e-01 3.253069e-01 9.024136e-01
    outer loop
      vertex   -6.220448e-02 6.293087e-02 -1.039385e-02
      vertex   -6.000000e-02 6.160556e-02 -9.225901e-03
      vertex   -6.191682e-02 6.761257e-02 -1.199147e-02
    endloop
  endfacet
  facet normal -4.193505e-01 3.161656e-01 8.509903e-01
    outer loop
      vertex   -6.220448e-02 6.293087e-02 -1.039385e-02
      vertex   -6.191682e-02 6.761257e-02 -1.199147e-02
      vertex   -6.573227e-02 6.433551e-02 -1.265413e-02
    endloop
  endfacet
  facet normal -6.475175e-01 2.363776e-01 7.244630e-01
    outer loop
      vertex   -6.573227e-02 6.433551e-02 -1.265413e-02
      vertex   -6.486765e-02 6.969102e-02 -1.362874e-02
      vertex   -6.836230e-02 7.073045e-02 -1.709136e-02
    endloop
  endfacet
  facet normal -1.324308e-01 5.221770e-01 8.424923e-01
    outer loop
      vertex   -6.141048e-02 5.935898e-02 -8.055180e-03
      vertex   -6.000000e-02 6.160556e-02 -9.225901e-03
      vertex   -6.220448e-02 6.293087e-02 -1.039385e-02
    endloop
  endfacet
  facet normal -4.196314e-01 6.673267e-01 6.152923e-01
    outer loop
      vertex   -6.236663e-02 5.340741e-02 -2.340732e-03
      vertex   -6.251938e-02 5.745781e-02 -6.837848e-03
      vertex   -6.472206e-02 5.471770e-02 -5.368246e-03
    endloop
  endfacet
  facet normal -6.518697e-02 7.403653e-01 6.690365e-01
    outer loop
      vertex   -6.236663e-02 5.340741e-02 -2.340732e-03
      vertex   -6.000000e-02 5.572784e-02 -4.677960e-03
      vertex   -6.251938e-02 5.745781e-02 -6.837848e-03
    endloop
  endfacet
  facet normal -1.943844e-01 7.874349e-01 5.849452e-01
    outer loop
      vertex   -6.236663e-02 5.340741e-02 -2.340732e-03
      vertex   -6.000000e-02 5.241810e-02 -2.224904e-04
      vertex   -6.000000e-02 5.572784e-02 -4.677960e-03
    endloop
  endfacet
  facet normal -8.023761e-02 8.657558e-01 4.939928e-01
    outer loop
      vertex   -6.151860e-02 5.161000e-02 9.470992e-04
      vertex   -6.000000e-02 5.241810e-02 -2.224904e-04
      vertex   -6.236663e-02 5.340741e-02 -2.340732e-03
    endloop
  endfacet
  facet normal -5.666577e-01 6.507765e-01 5.053603e-01
    outer loop
      vertex   -6.583554e-02 5.158373e-02 -2.581019e-03
      vertex   -6.472206e-02 5.471770e-02 -5.368246e-03
      vertex   -6.811373e-02 5.572606e-02 -1.046981e-02
    endloop
  endfacet
  facet normal -4.018207e-01 6.841201e-01 6.087034e-01
    outer loop
      vertex   -6.583554e-02 5.158373e-02 -2.581019e-03
      vertex   -6.236663e-02 5.340741e-02 -2.340732e-03
      vertex   -6.472206e-02 5.471770e-02 -5.368246e-03
    endloop
  endfacet
  facet normal -2.281100e-01 9.140546e-01 3.353654e-01
    outer loop
      vertex   -6.000000e-02 4.931896e-02 8.224357e-03
      vertex   -6.000000e-02 5.241810e-02 -2.224904e-04
      vertex   -6.151860e-02 5.161000e-02 9.470992e-04
    endloop
  endfacet
  facet normal 3.662327e-01 8.529921e-01 3.718575e-01
    outer loop
      vertex   -6.186438e-02 4.964011e-02 5.806301e-03
      vertex   -6.151860e-02 5.161000e-02 9.470992e-04
      vertex   -6.236663e-02 5.340741e-02 -2.340732e-03
    endloop
  endfacet
  facet normal -2.893790e-01 8.940854e-01 3.418641e-01
    outer loop
      vertex   -6.186438e-02 4.964011e-02 5.806301e-03
      vertex   -6.000000e-02 4.931896e-02 8.224357e-03
      vertex   -6.151860e-02 5.161000e-02 9.470992e-04
    endloop
  endfacet
  facet normal -6.320441e-01 6.336560e-01 4.460945e-01
    outer loop
      vertex   -6.583554e-02 5.158373e-02 -2.581019e-03
      vertex   -6.667348e-02 4.992225e-02 -1.408184e-03
      vertex   -6.186438e-02 4.964011e-02 5.806301e-03
    endloop
  endfacet
  facet normal -6.768245e-01 6.207103e-01 3.957617e-01
    outer loop
      vertex   -6.583554e-02 5.158373e-02 -2.581019e-03
      vertex   -6.932190e-02 5.329647e-02 -1.122958e-02
      vertex   -6.667348e-02 4.992225e-02 -1.408184e-03
    endloop
  endfacet
  facet normal -9.507083e-01 1.040426e-01 2.921111e-01
    outer loop
      vertex   -6.932190e-02 5.329647e-02 -1.122958e-02
      vertex   -7.000000e-02 4.859672e-02 -1.176260e-02
      vertex   -6.667348e-02 4.992225e-02 -1.408184e-03
    endloop
  endfacet
  facet normal -9.794372e-01 1.231977e-01 1.597660e-01
    outer loop
      vertex   -7.000000e-02 5.529562e-02 -1.692821e-02
      vertex   -7.000000e-02 4.859672e-02 -1.176260e-02
      vertex   -6.932190e-02 5.329647e-02 -1.122958e-02
    endloop
  endfacet
  facet normal -9.293697e-01 -1.700296e-02 3.687584e-01
    outer loop
      vertex   -7.000000e-02 6.714717e-02 -2.138403e-02
      vertex   -6.836230e-02 7.073045e-02 -1.709136e-02
      vertex   -6.983187e-02 7.942568e-02 -2.039414e-02
    endloop
  endfacet
  facet normal -7.104257e-01 1.799213e-01 6.803849e-01
    outer loop
      vertex   -6.780963e-02 6.579635e-02 -1.520952e-02
      vertex   -6.573227e-02 6.433551e-02 -1.265413e-02
      vertex   -6.836230e-02 7.073045e-02 -1.709136e-02
    endloop
  endfacet
  facet normal -3.032736e-01 5.831372e-01 7.536420e-01
    outer loop
      vertex   -6.141048e-02 5.935898e-02 -8.055180e-03
      vertex   -6.000000e-02 5.572784e-02 -4.677960e-03
      vertex   -6.000000e-02 6.160556e-02 -9.225901e-03
    endloop
  endfacet
  facet normal -2.252940e-01 6.151718e-01 7.555172e-01
    outer loop
      vertex   -6.251938e-02 5.745781e-02 -6.837848e-03
      vertex   -6.000000e-02 5.572784e-02 -4.677960e-03
      vertex   -6.141048e-02 5.935898e-02 -8.055180e-03
    endloop
  endfacet
  facet normal 1.000000e+00 -0.000000e+00 0.000000e+00
    outer loop
      vertex   -6.000000e-02 -4.694829e-02 2.004854e-02
      vertex   -6.000000e-02 -4.739261e-02 1.556677e-02
      vertex   -6.000000e-02 -4.353175e-02 2.459648e-02
    endloop
  endfacet
  facet normal 1.000000e+00 0.000000e+00 0.000000e+00
    outer loop
      vertex   -6.000000e-02 -5.316541e-02 1.519390e-02
      vertex   -6.000000e-02 -4.739261e-02 1.556677e-02
      vertex   -6.000000e-02 -4.694829e-02 2.004854e-02
    endloop
  endfacet
  facet normal 1.000000e+00 0.000000e+00 0.000000e+00
    outer loop
      vertex   -6.000000e-02 -6.089780e-02 1.237669e-02
      vertex   -6.000000e-02 -4.739261e-02 1.556677e-02
      vertex   -6.000000e-02 -5.316541e-02 1.519390e-02
    endloop
  endfacet
  facet normal 1.000000e+00 -0.000000e+00 0.000000e+00
    outer loop
      vertex   -6.000000e-02 -6.089780e-02 1.237669e-02
      vertex   -6.000000e-02 -4.972013e-02 4.036309e-03
      vertex   -6.000000e-02 -4.739261e-02 1.556677e-02
    endloop
  endfacet
  facet normal 1.000000e+00 -0.000000e+00 0.000000e+00
    outer loop
      vertex   -6.000000e-02 -6.931961e-02 1.222036e-02
      vertex   -6.000000e-02 -4.972013e-02 4.036309e-03
      vertex   -6.000000e-02 -6.089780e-02 1.237669e-02
    endloop
  endfacet
  facet normal 1.000000e+00 0.000000e+00 0.000000e+00
    outer loop
      vertex   -6.000000e-02 -8.623462e-02 9.994570e-03
      vertex   -6.000000e-02 -6.931961e-02 1.222036e-02
      vertex   -6.000000e-02 -8.028772e-02 1.194860e-02
    endloop
  endfacet
  facet normal 1.000000e+00 0.000000e+00 0.000000e+00
    outer loop
      vertex   -6.000000e-02 -9.381908e-02 5.030340e-03
      vertex   -6.000000e-02 -6.931961e-02 1.222036e-02
      vertex   -6.000000e-02 -8.623462e-02 9.994570e-03
    endloop
  endfacet
  facet normal 1.000000e+00 -0.000000e+00 0.000000e+00
    outer loop
      vertex   -6.000000e-02 -9.381908e-02 5.030340e-03
      vertex   -6.000000e-02 -4.972013e-02 4.036309e-03
      vertex   -6.000000e-02 -6.931961e-02 1.222036e-02
    endloop
  endfacet
  facet normal 1.000000e+00 0.000000e+00 0.000000e+00
    outer loop
      vertex   -6.000000e-02 -9.381908e-02 5.030340e-03
      vertex   -6.000000e-02 -4.928292e-02 -7.718592e-03
      vertex   -6.000000e-02 -4.972013e-02 4.036309e-03
    endloop
  endfacet
  facet normal 1.000000e+00 -0.000000e+00 0.000000e+00
    outer loop
      vertex   -6.000000e-02 -9.772362e-02 1.160944e-03
      vertex   -6.000000e-02 -4.928292e-02 -7.718592e-03
      vertex   -6.000000e-02 -9.381908e-02 5.030340e-03
    endloop
  endfacet
  facet normal 1.000000e+00 0.000000e+00 0.000000e+00
    outer loop
      vertex   -6.000000e-02 -9.772362e-02 1.160944e-03
      vertex   -6.000000e-02 -4.653420e-02 -1.815826e-02
      vertex   -6.000000e-02 -4.928292e-02 -7.718592e-03
    endloop
  endfacet
  facet normal 1.000000e+00 0.000000e+00 0.000000e+00
    outer loop
      vertex   -6.000000e-02 -4.254564e-02 -2.604326e-02
      vertex   -6.000000e-02 -4.653420e-02 -1.815826e-02
      vertex   -6.000000e-02 -9.772362e-02 1.160944e-03
    endloop
  endfacet
  facet normal 1.000000e+00 0.000000e+00 0.000000e+00
    outer loop
      vertex   -6.000000e-02 -9.772362e-02 -8.080193e-02
      vertex   -6.000000e-02 -4.254564e-02 -2.604326e-02
      vertex   -6.000000e-02 -9.772362e-02 1.160944e-03
    endloop
  endfacet
  facet normal 1.000000e+00 0.000000e+00 0.000000e+00
    outer loop
      vertex   -6.000000e-02 -3.526435e-02 -3.528185e-02
      vertex   -6.000000e-02 -4.254564e-02 -2.604326e-02
      vertex   -6.000000e-02 -9.772362e-02 -8.080193e-02
    endloop
  endfacet
  facet normal 1.000000e+00 0.000000e+00 0.000000e+00
    outer loop
      vertex   -6.000000e-02 -2.452796e-02 -4.340977e-02
      vertex   -6.000000e-02 -3.526435e-02 -3.528185e-02
      vertex   -6.000000e-02 -9.772362e-02 -8.080193e-02
    endloop
  endfacet
  facet normal 1.000000e+00 0.000000e+00 0.000000e+00
    outer loop
      vertex   -6.000000e-02 -9.772362e-02 -8.080193e-02
      vertex   -6.000000e-02 -1.441354e-02 -4.782681e-02
      vertex   -6.000000e-02 -2.452796e-02 -4.340977e-02
    endloop
  endfacet
  facet normal 1.000000e+00 0.000000e+00 0.000000e+00
    outer loop
      vertex   -6.000000e-02 -9.772362e-02 -8.080193e-02
      vertex   -6.000000e-02 -6.729926e-03 -4.949608e-02
      vertex   -6.000000e-02 -1.441354e-02 -4.782681e-02
    endloop
  endfacet
  facet normal 1.000000e+00 0.000000e+00 0.000000e+00
    outer loop
      vertex   -6.000000e-02 7.227638e-02 -8.080193e-02
      vertex   -6.000000e-02 -6.729926e-03 -4.949608e-02
      vertex   -6.000000e-02 -9.772362e-02 -8.080193e-02
    endloop
  endfacet
  facet normal 1.000000e+00 0.000000e+00 0.000000e+00
    outer loop
      vertex   -6.000000e-02 7.227638e-02 -8.080193e-02
      vertex   -6.000000e-02 1.120441e-03 -4.993895e-02
      vertex   -6.000000e-02 -6.729926e-03 -4.949608e-02
    endloop
  endfacet
  facet normal 1.000000e+00 0.000000e+00 0.000000e+00
    outer loop
      vertex   -6.000000e-02 1.181473e-02 -4.846437e-02
      vertex   -6.000000e-02 1.120441e-03 -4.993895e-02
      vertex   -6.000000e-02 7.227638e-02 -8.080193e-02
    endloop
  endfacet
  facet normal 1.000000e+00 0.000000e+00 0.000000e+00
    outer loop
      vertex   -6.000000e-02 2.020228e-02 -4.568394e-02
      vertex   -6.000000e-02 1.181473e-02 -4.846437e-02
      vertex   -6.000000e-02 7.227638e-02 -8.080193e-02
    endloop
  endfacet
  facet normal 1.000000e+00 0.000000e+00 0.000000e+00
    outer loop
      vertex   -6.000000e-02 7.227638e-02 -8.080193e-02
      vertex   -6.000000e-02 2.951149e-02 -4.021760e-02
      vertex   -6.000000e-02 2.020228e-02 -4.568394e-02
    endloop
  endfacet
  facet normal 1.000000e+00 0.000000e+00 0.000000e+00
    outer loop
      vertex   -6.000000e-02 7.227638e-02 -8.080193e-02
      vertex   -6.000000e-02 3.734074e-02 -3.315039e-02
      vertex   -6.000000e-02 2.951149e-02 -4.021760e-02
    endloop
  endfacet
  facet normal 1.000000e+00 0.000000e+00 0.000000e+00
    outer loop
      vertex   -6.000000e-02 7.227638e-02 -1.260546e-02
      vertex   -6.000000e-02 3.734074e-02 -3.315039e-02
      vertex   -6.000000e-02 7.227638e-02 -8.080193e-02
    endloop
  endfacet
  facet normal 1.000000e+00 0.000000e+00 0.000000e+00
    outer loop
      vertex   -6.000000e-02 7.227638e-02 -1.260546e-02
      vertex   -6.000000e-02 4.367086e-02 -2.410889e-02
      vertex   -6.000000e-02 3.734074e-02 -3.315039e-02
    endloop
  endfacet
  facet normal 1.000000e+00 0.000000e+00 0.000000e+00
    outer loop
      vertex   -6.000000e-02 7.227638e-02 -1.260546e-02
      vertex   -6.000000e-02 4.730177e-02 -1.605294e-02
      vertex   -6.000000e-02 4.367086e-02 -2.410889e-02
    endloop
  endfacet
  facet normal 1.000000e+00 0.000000e+00 0.000000e+00
    outer loop
      vertex   -6.000000e-02 6.160556e-02 -9.225901e-03
      vertex   -6.000000e-02 4.730177e-02 -1.605294e-02
      vertex   -6.000000e-02 7.227638e-02 -1.260546e-02
    endloop
  endfacet
  facet normal 1.000000e+00 0.000000e+00 0.000000e+00
    outer loop
      vertex   -6.000000e-02 6.160556e-02 -9.225901e-03
      vertex   -6.000000e-02 4.923480e-02 -8.431405e-03
      vertex   -6.000000e-02 4.730177e-02 -1.605294e-02
    endloop
  endfacet
  facet normal 1.000000e+00 0.000000e+00 0.000000e+00
    outer loop
      vertex   -6.000000e-02 5.572784e-02 -4.677960e-03
      vertex   -6.000000e-02 4.923480e-02 -8.431405e-03
      vertex   -6.000000e-02 6.160556e-02 -9.225901e-03
    endloop
  endfacet
  facet normal 1.000000e+00 0.000000e+00 0.000000e+00
    outer loop
      vertex   -6.000000e-02 5.572784e-02 -4.677960e-03
      vertex   -6.000000e-02 4.990455e-02 6.286991e-04
      vertex   -6.000000e-02 4.923480e-02 -8.431405e-03
    endloop
  endfacet
  facet normal 1.000000e+00 0.000000e+00 0.000000e+00
    outer loop
      vertex   -6.000000e-02 5.241810e-02 -2.224904e-04
      vertex   -6.000000e-02 4.990455e-02 6.286991e-04
      vertex   -6.000000e-02 5.572784e-02 -4.677960e-03
    endloop
  endfacet
  facet normal 1.000000e+00 0.000000e+00 0.000000e+00
    outer loop
      vertex   -6.000000e-02 4.931896e-02 8.224357e-03
      vertex   -6.000000e-02 4.990455e-02 6.286991e-04
      vertex   -6.000000e-02 5.241810e-02 -2.224904e-04
    endloop
  endfacet
  facet normal -6.540757e-01 7.351510e-01 1.781515e-01
    outer loop
      vertex   -6.000000e-02 -4.353175e-02 2.459648e-02
      vertex   -6.584158e-02 -4.692269e-02 1.714223e-02
      vertex   -6.154140e-02 -4.447456e-02 2.282785e-02
    endloop
  endfacet
  facet normal -3.204749e-02 9.190050e-01 -3.929412e-01
    outer loop
      vertex   -6.000000e-02 -4.739261e-02 1.556677e-02
      vertex   -6.584158e-02 -4.692269e-02 1.714223e-02
      vertex   -6.000000e-02 -4.353175e-02 2.459648e-02
    endloop
  endfacet
  facet normal -2.342098e-04 9.580424e-01 -2.866263e-01
    outer loop
      vertex   -6.000000e-02 -4.739261e-02 1.556677e-02
      vertex   -6.892285e-02 -4.871759e-02 1.114533e-02
      vertex   -6.584158e-02 -4.692269e-02 1.714223e-02
    endloop
  endfacet
  facet normal -4.745652e-02 9.791242e-01 -1.976452e-01
    outer loop
      vertex   -6.000000e-02 -4.972013e-02 4.036309e-03
      vertex   -6.892285e-02 -4.871759e-02 1.114533e-02
      vertex   -6.000000e-02 -4.739261e-02 1.556677e-02
    endloop
  endfacet
  facet normal -2.255842e-02 9.856455e-01 -1.673141e-01
    outer loop
      vertex   -7.000000e-02 -4.968902e-02 5.567866e-03
      vertex   -6.892285e-02 -4.871759e-02 1.114533e-02
      vertex   -6.000000e-02 -4.972013e-02 4.036309e-03
    endloop
  endfacet
  facet normal -7.186487e-02 -9.944634e-01 -7.666844e-02
    outer loop
      vertex   -6.186438e-02 4.964011e-02 5.806301e-03
      vertex   -6.000000e-02 4.990455e-02 6.286991e-04
      vertex   -6.000000e-02 4.931896e-02 8.224357e-03
    endloop
  endfacet
  facet normal 1.164252e-02 -9.988354e-01 -4.682199e-02
    outer loop
      vertex   -6.667348e-02 4.992225e-02 -1.408184e-03
      vertex   -6.000000e-02 4.990455e-02 6.286991e-04
      vertex   -6.186438e-02 4.964011e-02 5.806301e-03
    endloop
  endfacet
  facet normal -2.513790e-02 -9.969637e-01 7.369867e-02
    outer loop
      vertex   -6.667348e-02 4.992225e-02 -1.408184e-03
      vertex   -6.000000e-02 4.923480e-02 -8.431405e-03
      vertex   -6.000000e-02 4.990455e-02 6.286991e-04
    endloop
  endfacet
  facet normal 2.352341e-02 -9.925549e-01 1.195052e-01
    outer loop
      vertex   -7.000000e-02 4.859672e-02 -1.176260e-02
      vertex   -6.000000e-02 4.923480e-02 -8.431405e-03
      vertex   -6.667348e-02 4.992225e-02 -1.408184e-03
    endloop
  endfacet
  facet normal -2.004157e-02 -9.691148e-01 2.457942e-01
    outer loop
      vertex   -7.000000e-02 4.859672e-02 -1.176260e-02
      vertex   -6.000000e-02 4.730177e-02 -1.605294e-02
      vertex   -6.000000e-02 4.923480e-02 -8.431405e-03
    endloop
  endfacet
  facet normal 9.549999e-03 -9.509243e-01 3.092763e-01
    outer loop
      vertex   -7.000000e-02 4.668178e-02 -1.765043e-02
      vertex   -6.000000e-02 4.730177e-02 -1.605294e-02
      vertex   -7.000000e-02 4.859672e-02 -1.176260e-02
    endloop
  endfacet
  facet normal -9.117737e-03 -9.116408e-01 4.108867e-01
    outer loop
      vertex   -7.000000e-02 4.668178e-02 -1.765043e-02
      vertex   -6.000000e-02 4.367086e-02 -2.410889e-02
      vertex   -6.000000e-02 4.730177e-02 -1.605294e-02
    endloop
  endfacet
  facet normal 2.768451e-02 -8.888983e-01 4.572673e-01
    outer loop
      vertex   -7.000000e-02 4.159799e-02 -2.753299e-02
      vertex   -6.000000e-02 4.367086e-02 -2.410889e-02
      vertex   -7.000000e-02 4.668178e-02 -1.765043e-02
    endloop
  endfacet
  facet normal -2.656535e-02 -8.188971e-01 5.733252e-01
    outer loop
      vertex   -7.000000e-02 4.159799e-02 -2.753299e-02
      vertex   -6.000000e-02 3.734074e-02 -3.315039e-02
      vertex   -6.000000e-02 4.367086e-02 -2.410889e-02
    endloop
  endfacet
  facet normal 4.554650e-02 -7.554543e-01 6.536163e-01
    outer loop
      vertex   -7.000000e-02 3.336535e-02 -3.704833e-02
      vertex   -6.000000e-02 3.734074e-02 -3.315039e-02
      vertex   -7.000000e-02 4.159799e-02 -2.753299e-02
    endloop
  endfacet
  facet normal -2.296764e-02 -6.698811e-01 7.421130e-01
    outer loop
      vertex   -7.000000e-02 3.336535e-02 -3.704833e-02
      vertex   -6.000000e-02 2.951149e-02 -4.021760e-02
      vertex   -6.000000e-02 3.734074e-02 -3.315039e-02
    endloop
  endfacet
  facet normal 2.644317e-02 -5.931216e-01 8.046785e-01
    outer loop
      vertex   -7.000000e-02 2.481402e-02 -4.335144e-02
      vertex   -6.000000e-02 2.951149e-02 -4.021760e-02
      vertex   -7.000000e-02 3.336535e-02 -3.704833e-02
    endloop
  endfacet
  facet normal -3.236385e-02 -5.060895e-01 8.618735e-01
    outer loop
      vertex   -7.000000e-02 2.481402e-02 -4.335144e-02
      vertex   -6.000000e-02 2.020228e-02 -4.568394e-02
      vertex   -6.000000e-02 2.951149e-02 -4.021760e-02
    endloop
  endfacet
  facet normal 2.967707e-02 -3.991435e-01 9.164081e-01
    outer loop
      vertex   -7.000000e-02 1.575150e-02 -4.729864e-02
      vertex   -6.000000e-02 2.020228e-02 -4.568394e-02
      vertex   -7.000000e-02 2.481402e-02 -4.335144e-02
    endloop
  endfacet
  facet normal -1.322057e-02 -3.146296e-01 9.491224e-01
    outer loop
      vertex   -7.000000e-02 1.575150e-02 -4.729864e-02
      vertex   -6.000000e-02 1.181473e-02 -4.846437e-02
      vertex   -6.000000e-02 2.020228e-02 -4.568394e-02
    endloop
  endfacet
  facet normal 3.123931e-02 -2.100089e-01 9.772003e-01
    outer loop
      vertex   -7.000000e-02 4.405218e-03 -4.973706e-02
      vertex   -6.000000e-02 1.181473e-02 -4.846437e-02
      vertex   -7.000000e-02 1.575150e-02 -4.729864e-02
    endloop
  endfacet
  facet normal -2.485984e-02 -1.365503e-01 9.903212e-01
    outer loop
      vertex   -7.000000e-02 4.405218e-03 -4.973706e-02
      vertex   -6.000000e-02 1.120441e-03 -4.993895e-02
      vertex   -6.000000e-02 1.181473e-02 -4.846437e-02
    endloop
  endfacet
  facet normal 1.728596e-02 -8.827141e-03 9.998116e-01
    outer loop
      vertex   -7.000000e-02 -3.759362e-03 -4.980914e-02
      vertex   -6.000000e-02 1.120441e-03 -4.993895e-02
      vertex   -7.000000e-02 4.405218e-03 -4.973706e-02
    endloop
  endfacet
  facet normal -1.452315e-02 5.631808e-02 9.983072e-01
    outer loop
      vertex   -7.000000e-02 -3.759362e-03 -4.980914e-02
      vertex   -6.000000e-02 -6.729926e-03 -4.949608e-02
      vertex   -6.000000e-02 1.120441e-03 -4.993895e-02
    endloop
  endfacet
  facet normal 1.483612e-02 1.540605e-01 9.879500e-01
    outer loop
      vertex   -7.000000e-02 -1.158472e-02 -4.858886e-02
      vertex   -6.000000e-02 -6.729926e-03 -4.949608e-02
      vertex   -7.000000e-02 -3.759362e-03 -4.980914e-02
    endloop
  endfacet
  facet normal -1.441071e-02 2.122767e-01 9.771033e-01
    outer loop
      vertex   -7.000000e-02 -1.158472e-02 -4.858886e-02
      vertex   -6.000000e-02 -1.441354e-02 -4.782681e-02
      vertex   -6.000000e-02 -6.729926e-03 -4.949608e-02
    endloop
  endfacet
  facet normal 1.986796e-02 3.249462e-01 9.455238e-01
    outer loop
      vertex   -7.000000e-02 -2.000193e-02 -4.569613e-02
      vertex   -6.000000e-02 -1.441354e-02 -4.782681e-02
      vertex   -7.000000e-02 -1.158472e-02 -4.858886e-02
    endloop
  endfacet
  facet normal -2.838036e-02 4.000475e-01 9.160549e-01
    outer loop
      vertex   -7.000000e-02 -2.000193e-02 -4.569613e-02
      vertex   -6.000000e-02 -2.452796e-02 -4.340977e-02
      vertex   -6.000000e-02 -1.441354e-02 -4.782681e-02
    endloop
  endfacet
  facet normal 4.199269e-02 5.228624e-01 8.513821e-01
    outer loop
      vertex   -7.000000e-02 -3.155946e-02 -3.859827e-02
      vertex   -6.000000e-02 -2.452796e-02 -4.340977e-02
      vertex   -7.000000e-02 -2.000193e-02 -4.569613e-02
    endloop
  endfacet
  facet normal -4.075959e-02 6.030870e-01 7.966334e-01
    outer loop
      vertex   -7.000000e-02 -3.155946e-02 -3.859827e-02
      vertex   -6.000000e-02 -3.526435e-02 -3.528185e-02
      vertex   -6.000000e-02 -2.452796e-02 -4.340977e-02
    endloop
  endfacet
  facet normal 4.915221e-02 7.365394e-01 6.746064e-01
    outer loop
      vertex   -7.000000e-02 -4.121472e-02 -2.805659e-02
      vertex   -6.000000e-02 -3.526435e-02 -3.528185e-02
      vertex   -7.000000e-02 -3.155946e-02 -3.859827e-02
    endloop
  endfacet
  facet normal -2.009107e-02 7.852336e-01 6.188736e-01
    outer loop
      vertex   -7.000000e-02 -4.121472e-02 -2.805659e-02
      vertex   -6.000000e-02 -4.254564e-02 -2.604326e-02
      vertex   -6.000000e-02 -3.526435e-02 -3.528185e-02
    endloop
  endfacet
  facet normal 2.033570e-02 8.775297e-01 4.790909e-01
    outer loop
      vertex   -7.000000e-02 -4.630530e-02 -1.873240e-02
      vertex   -6.000000e-02 -4.254564e-02 -2.604326e-02
      vertex   -7.000000e-02 -4.121472e-02 -2.805659e-02
    endloop
  endfacet
  facet normal -5.489709e-03 8.923191e-01 4.513718e-01
    outer loop
      vertex   -7.000000e-02 -4.630530e-02 -1.873240e-02
      vertex   -6.000000e-02 -4.653420e-02 -1.815826e-02
      vertex   -6.000000e-02 -4.254564e-02 -2.604326e-02
    endloop
  endfacet
  facet normal 4.589312e-03 9.538208e-01 3.003412e-01
    outer loop
      vertex   -7.000000e-02 -4.868401e-02 -1.117813e-02
      vertex   -6.000000e-02 -4.653420e-02 -1.815826e-02
      vertex   -7.000000e-02 -4.630530e-02 -1.873240e-02
    endloop
  endfacet
  facet normal -3.015452e-02 9.666019e-01 2.545023e-01
    outer loop
      vertex   -7.000000e-02 -4.868401e-02 -1.117813e-02
      vertex   -6.000000e-02 -4.928292e-02 -7.718592e-03
      vertex   -6.000000e-02 -4.653420e-02 -1.815826e-02
    endloop
  endfacet
  facet normal 1.482468e-02 9.915588e-01 1.288077e-01
    outer loop
      vertex   -7.000000e-02 -4.986281e-02 -2.103688e-03
      vertex   -6.000000e-02 -4.928292e-02 -7.718592e-03
      vertex   -7.000000e-02 -4.868401e-02 -1.117813e-02
    endloop
  endfacet
  facet normal -3.705393e-02 9.986228e-01 3.714279e-02
    outer loop
      vertex   -7.000000e-02 -4.986281e-02 -2.103688e-03
      vertex   -6.000000e-02 -4.972013e-02 4.036309e-03
      vertex   -6.000000e-02 -4.928292e-02 -7.718592e-03
    endloop
  endfacet
  facet normal -3.581651e-04 9.997434e-01 -2.264838e-02
    outer loop
      vertex   -7.000000e-02 -4.968902e-02 5.567866e-03
      vertex   -6.000000e-02 -4.972013e-02 4.036309e-03
      vertex   -7.000000e-02 -4.986281e-02 -2.103688e-03
    endloop
  endfacet
  facet normal 2.989009e-01 4.841724e-01 8.223353e-01
    outer loop
      vertex   7.000000e-02 5.868138e-02 -7.376913e-03
      vertex   7.488939e-02 5.967554e-02 -9.739439e-03
      vertex   7.000000e-02 6.385989e-02 -1.042590e-02
    endloop
  endfacet
  facet normal 2.654635e-01 -1.583698e-01 9.510248e-01
    outer loop
      vertex   7.000000e-02 8.152526e-02 -1.149717e-02
      vertex   7.460432e-02 7.591730e-02 -1.371626e-02
      vertex   7.479301e-02 8.122526e-02 -1.288502e-02
    endloop
  endfacet
  facet normal 2.382848e-01 -1.522724e-02 9.710759e-01
    outer loop
      vertex   7.000000e-02 7.405022e-02 -1.261572e-02
      vertex   7.542528e-02 7.045295e-02 -1.400340e-02
      vertex   7.460432e-02 7.591730e-02 -1.371626e-02
    endloop
  endfacet
  facet normal 3.748040e-01 2.176213e-01 9.012008e-01
    outer loop
      vertex   7.000000e-02 7.405022e-02 -1.261572e-02
      vertex   7.299276e-02 6.928098e-02 -1.270872e-02
      vertex   7.542528e-02 7.045295e-02 -1.400340e-02
    endloop
  endfacet
  facet normal 6.137173e-01 -1.434026e-01 7.763934e-01
    outer loop
      vertex   7.460432e-02 7.591730e-02 -1.371626e-02
      vertex   7.684705e-02 8.000975e-02 -1.473319e-02
      vertex   7.479301e-02 8.122526e-02 -1.288502e-02
    endloop
  endfacet
  facet normal 6.210106e-01 5.220572e-02 7.820616e-01
    outer loop
      vertex   7.460432e-02 7.591730e-02 -1.371626e-02
      vertex   7.542528e-02 7.045295e-02 -1.400340e-02
      vertex   7.673663e-02 7.396224e-02 -1.527895e-02
    endloop
  endfacet
  facet normal 4.938904e-01 4.114871e-01 7.659965e-01
    outer loop
      vertex   7.488939e-02 5.967554e-02 -9.739439e-03
      vertex   7.608303e-02 6.363606e-02 -1.263662e-02
      vertex   7.344985e-02 6.508888e-02 -1.171927e-02
    endloop
  endfacet
  facet normal 5.985897e-01 6.648339e-02 7.982921e-01
    outer loop
      vertex   7.542528e-02 7.045295e-02 -1.400340e-02
      vertex   7.741840e-02 6.798189e-02 -1.529212e-02
      vertex   7.673663e-02 7.396224e-02 -1.527895e-02
    endloop
  endfacet
  facet normal 5.518460e-01 3.776065e-01 7.435586e-01
    outer loop
      vertex   7.488939e-02 5.967554e-02 -9.739439e-03
      vertex   7.777084e-02 5.591132e-02 -9.966356e-03
      vertex   7.608303e-02 6.363606e-02 -1.263662e-02
    endloop
  endfacet
  facet normal 7.444274e-01 -1.425650e-02 6.675512e-01
    outer loop
      vertex   7.673663e-02 7.396224e-02 -1.527895e-02
      vertex   7.902479e-02 6.857365e-02 -1.794571e-02
      vertex   7.825981e-02 7.606938e-02 -1.693255e-02
    endloop
  endfacet
  facet normal 8.420968e-01 9.483255e-02 5.309235e-01
    outer loop
      vertex   7.741840e-02 6.798189e-02 -1.529212e-02
      vertex   7.902479e-02 6.857365e-02 -1.794571e-02
      vertex   7.673663e-02 7.396224e-02 -1.527895e-02
    endloop
  endfacet
  facet normal 8.812794e-01 1.950838e-01 4.304521e-01
    outer loop
      vertex   7.821903e-02 5.889650e-02 -1.281371e-02
      vertex   7.884652e-02 6.317172e-02 -1.603594e-02
      vertex   7.741840e-02 6.798189e-02 -1.529212e-02
    endloop
  endfacet
  facet normal 9.038207e-01 3.459059e-02 4.265111e-01
    outer loop
      vertex   7.825981e-02 7.606938e-02 -1.693255e-02
      vertex   7.902479e-02 6.857365e-02 -1.794571e-02
      vertex   7.957895e-02 7.553521e-02 -1.968462e-02
    endloop
  endfacet
  facet normal 9.379349e-01 1.101852e-01 3.288423e-01
    outer loop
      vertex   7.821903e-02 5.889650e-02 -1.281371e-02
      vertex   8.000000e-02 5.524053e-02 -1.666844e-02
      vertex   7.884652e-02 6.317172e-02 -1.603594e-02
    endloop
  endfacet
  facet normal 9.050733e-01 1.056592e-01 4.119204e-01
    outer loop
      vertex   7.902479e-02 6.857365e-02 -1.794571e-02
      vertex   8.000000e-02 5.524053e-02 -1.666844e-02
      vertex   8.000000e-02 7.663371e-02 -2.215588e-02
    endloop
  endfacet
  facet normal 9.479582e-01 2.330203e-01 2.169719e-01
    outer loop
      vertex   7.821903e-02 5.889650e-02 -1.281371e-02
      vertex   7.917468e-02 5.132895e-02 -8.861674e-03
      vertex   8.000000e-02 5.524053e-02 -1.666844e-02
    endloop
  endfacet
  facet normal 6.993211e-01 5.048126e-01 5.060772e-01
    outer loop
      vertex   7.488939e-02 5.967554e-02 -9.739439e-03
      vertex   7.698141e-02 5.319617e-02 -6.167117e-03
      vertex   7.777084e-02 5.591132e-02 -9.966356e-03
    endloop
  endfacet
  facet normal 4.718964e-01 5.376210e-01 6.987685e-01
    outer loop
      vertex   7.488939e-02 5.967554e-02 -9.739439e-03
      vertex   7.337552e-02 5.593843e-02 -5.841817e-03
      vertex   7.698141e-02 5.319617e-02 -6.167117e-03
    endloop
  endfacet
  facet normal 5.586730e-01 6.779400e-01 4.777886e-01
    outer loop
      vertex   7.337552e-02 5.593843e-02 -5.841817e-03
      vertex   7.532446e-02 5.190862e-02 -2.402745e-03
      vertex   7.698141e-02 5.319617e-02 -6.167117e-03
    endloop
  endfacet
  facet normal 1.974219e-01 6.898714e-01 6.964926e-01
    outer loop
      vertex   7.337552e-02 5.593843e-02 -5.841817e-03
      vertex   7.000000e-02 5.539164e-02 -4.343420e-03
      vertex   7.532446e-02 5.190862e-02 -2.402745e-03
    endloop
  endfacet
  facet normal 7.860152e-01 -6.153124e-02 6.151374e-01
    outer loop
      vertex   7.684705e-02 8.000975e-02 -1.473319e-02
      vertex   7.825981e-02 7.606938e-02 -1.693255e-02
      vertex   7.908675e-02 8.266736e-02 -1.732922e-02
    endloop
  endfacet
  facet normal 8.275895e-01 1.626273e-01 5.372598e-01
    outer loop
      vertex   7.741840e-02 6.798189e-02 -1.529212e-02
      vertex   7.884652e-02 6.317172e-02 -1.603594e-02
      vertex   7.902479e-02 6.857365e-02 -1.794571e-02
    endloop
  endfacet
  facet normal 8.301006e-01 3.574738e-01 4.279549e-01
    outer loop
      vertex   7.698141e-02 5.319617e-02 -6.167117e-03
      vertex   7.917468e-02 5.132895e-02 -8.861674e-03
      vertex   7.777084e-02 5.591132e-02 -9.966356e-03
    endloop
  endfacet
  facet normal 3.824203e-01 8.209078e-01 4.241051e-01
    outer loop
      vertex   7.000000e-02 5.539164e-02 -4.343420e-03
      vertex   7.360344e-02 5.092356e-02 1.055823e-03
      vertex   7.532446e-02 5.190862e-02 -2.402745e-03
    endloop
  endfacet
  facet normal 5.367286e-01 -8.555343e-02 8.394063e-01
    outer loop
      vertex   7.460432e-02 7.591730e-02 -1.371626e-02
      vertex   7.673663e-02 7.396224e-02 -1.527895e-02
      vertex   7.684705e-02 8.000975e-02 -1.473319e-02
    endloop
  endfacet
  facet normal 6.978382e-01 2.049373e-01 6.863109e-01
    outer loop
      vertex   7.608303e-02 6.363606e-02 -1.263662e-02
      vertex   7.741840e-02 6.798189e-02 -1.529212e-02
      vertex   7.542528e-02 7.045295e-02 -1.400340e-02
    endloop
  endfacet
  facet normal 3.751676e-01 2.168933e-01 9.012250e-01
    outer loop
      vertex   7.299276e-02 6.928098e-02 -1.270872e-02
      vertex   7.608303e-02 6.363606e-02 -1.263662e-02
      vertex   7.542528e-02 7.045295e-02 -1.400340e-02
    endloop
  endfacet
  facet normal 4.392083e-01 2.514569e-01 8.624764e-01
    outer loop
      vertex   7.344985e-02 6.508888e-02 -1.171927e-02
      vertex   7.608303e-02 6.363606e-02 -1.263662e-02
      vertex   7.299276e-02 6.928098e-02 -1.270872e-02
    endloop
  endfacet
  facet normal 9.849183e-01 1.094499e-02 1.726736e-01
    outer loop
      vertex   7.908675e-02 8.266736e-02 -1.732922e-02
      vertex   7.957895e-02 7.553521e-02 -1.968462e-02
      vertex   8.000000e-02 7.663371e-02 -2.215588e-02
    endloop
  endfacet
  facet normal 9.878277e-01 -4.116428e-02 1.500062e-01
    outer loop
      vertex   7.902479e-02 6.857365e-02 -1.794571e-02
      vertex   8.000000e-02 7.663371e-02 -2.215588e-02
      vertex   7.957895e-02 7.553521e-02 -1.968462e-02
    endloop
  endfacet
  facet normal 9.196862e-01 1.035507e-01 3.787540e-01
    outer loop
      vertex   7.884652e-02 6.317172e-02 -1.603594e-02
      vertex   8.000000e-02 5.524053e-02 -1.666844e-02
      vertex   7.902479e-02 6.857365e-02 -1.794571e-02
    endloop
  endfacet
  facet normal 9.789299e-01 1.212959e-01 1.642668e-01
    outer loop
      vertex   7.917468e-02 5.132895e-02 -8.861674e-03
      vertex   8.000000e-02 4.859672e-02 -1.176260e-02
      vertex   8.000000e-02 5.524053e-02 -1.666844e-02
    endloop
  endfacet
  facet normal 9.741549e-01 6.438398e-02 2.165108e-01
    outer loop
      vertex   8.000000e-02 4.859672e-02 -1.176260e-02
      vertex   7.917468e-02 5.132895e-02 -8.861674e-03
      vertex   7.846640e-02 4.967103e-02 -5.181867e-03
    endloop
  endfacet
  facet normal 8.919511e-01 -8.509404e-02 4.440520e-01
    outer loop
      vertex   7.825981e-02 7.606938e-02 -1.693255e-02
      vertex   7.957895e-02 7.553521e-02 -1.968462e-02
      vertex   7.908675e-02 8.266736e-02 -1.732922e-02
    endloop
  endfacet
  facet normal 7.850735e-01 3.617243e-01 5.028072e-01
    outer loop
      vertex   7.777084e-02 5.591132e-02 -9.966356e-03
      vertex   7.917468e-02 5.132895e-02 -8.861674e-03
      vertex   7.821903e-02 5.889650e-02 -1.281371e-02
    endloop
  endfacet
  facet normal 8.201539e-01 4.457454e-01 3.586901e-01
    outer loop
      vertex   7.846640e-02 4.967103e-02 -5.181867e-03
      vertex   7.917468e-02 5.132895e-02 -8.861674e-03
      vertex   7.698141e-02 5.319617e-02 -6.167117e-03
    endloop
  endfacet
  facet normal 7.769190e-01 -7.064604e-02 6.256245e-01
    outer loop
      vertex   7.673663e-02 7.396224e-02 -1.527895e-02
      vertex   7.825981e-02 7.606938e-02 -1.693255e-02
      vertex   7.684705e-02 8.000975e-02 -1.473319e-02
    endloop
  endfacet
  facet normal 6.284378e-01 2.557729e-01 7.346061e-01
    outer loop
      vertex   7.608303e-02 6.363606e-02 -1.263662e-02
      vertex   7.821903e-02 5.889650e-02 -1.281371e-02
      vertex   7.741840e-02 6.798189e-02 -1.529212e-02
    endloop
  endfacet
  facet normal 8.030580e-01 3.437299e-01 4.867727e-01
    outer loop
      vertex   7.777084e-02 5.591132e-02 -9.966356e-03
      vertex   7.821903e-02 5.889650e-02 -1.281371e-02
      vertex   7.608303e-02 6.363606e-02 -1.263662e-02
    endloop
  endfacet
  facet normal 7.496374e-01 4.511386e-01 4.842703e-01
    outer loop
      vertex   7.532446e-02 5.190862e-02 -2.402745e-03
      vertex   7.846640e-02 4.967103e-02 -5.181867e-03
      vertex   7.698141e-02 5.319617e-02 -6.167117e-03
    endloop
  endfacet
  facet normal 7.305103e-01 5.819640e-01 3.573130e-01
    outer loop
      vertex   7.532446e-02 5.190862e-02 -2.402745e-03
      vertex   7.493350e-02 4.996565e-02 1.561138e-03
      vertex   7.846640e-02 4.967103e-02 -5.181867e-03
    endloop
  endfacet
  facet normal 4.124136e-01 8.012775e-01 4.334390e-01
    outer loop
      vertex   7.360344e-02 5.092356e-02 1.055823e-03
      vertex   7.493350e-02 4.996565e-02 1.561138e-03
      vertex   7.532446e-02 5.190862e-02 -2.402745e-03
    endloop
  endfacet
  facet normal 4.316661e-01 8.094011e-01 3.981637e-01
    outer loop
      vertex   7.000000e-02 4.931896e-02 8.224357e-03
      vertex   7.493350e-02 4.996565e-02 1.561138e-03
      vertex   7.360344e-02 5.092356e-02 1.055823e-03
    endloop
  endfacet
  facet normal 2.841822e-01 -1.418886e-01 9.482131e-01
    outer loop
      vertex   7.000000e-02 7.405022e-02 -1.261572e-02
      vertex   7.460432e-02 7.591730e-02 -1.371626e-02
      vertex   7.000000e-02 8.152526e-02 -1.149717e-02
    endloop
  endfacet
  facet normal 2.014201e-01 3.832406e-01 9.014192e-01
    outer loop
      vertex   7.000000e-02 6.385989e-02 -1.042590e-02
      vertex   7.488939e-02 5.967554e-02 -9.739439e-03
      vertex   7.344985e-02 6.508888e-02 -1.171927e-02
    endloop
  endfacet
  facet normal 2.121490e-01 6.629118e-01 7.180116e-01
    outer loop
      vertex   7.000000e-02 5.868138e-02 -7.376913e-03
      vertex   7.337552e-02 5.593843e-02 -5.841817e-03
      vertex   7.488939e-02 5.967554e-02 -9.739439e-03
    endloop
  endfacet
  facet normal 6.111842e-02 7.886265e-01 6.118274e-01
    outer loop
      vertex   7.000000e-02 5.306778e-02 -1.348041e-03
      vertex   7.360344e-02 5.092356e-02 1.055823e-03
      vertex   7.000000e-02 5.539164e-02 -4.343420e-03
    endloop
  endfacet
  facet normal 1.547983e-01 9.446504e-01 2.892632e-01
    outer loop
      vertex   7.000000e-02 5.113193e-02 2.303739e-03
      vertex   7.000000e-02 4.931896e-02 8.224357e-03
      vertex   7.360344e-02 5.092356e-02 1.055823e-03
    endloop
  endfacet
  facet normal 9.718229e-01 -3.888222e-02 2.324832e-01
    outer loop
      vertex   8.000000e-02 8.571465e-02 -2.063711e-02
      vertex   7.908675e-02 8.266736e-02 -1.732922e-02
      vertex   8.000000e-02 7.663371e-02 -2.215588e-02
    endloop
  endfacet
  facet normal 9.743332e-01 -5.505976e-02 2.182732e-01
    outer loop
      vertex   7.902687e-02 8.458730e-02 -1.657761e-02
      vertex   7.908675e-02 8.266736e-02 -1.732922e-02
      vertex   8.000000e-02 8.571465e-02 -2.063711e-02
    endloop
  endfacet
  facet normal 8.073542e-01 -1.930967e-01 5.575777e-01
    outer loop
      vertex   7.675215e-02 8.367416e-02 -1.360013e-02
      vertex   7.908675e-02 8.266736e-02 -1.732922e-02
      vertex   7.902687e-02 8.458730e-02 -1.657761e-02
    endloop
  endfacet
  facet normal 8.193144e-01 -1.498985e-01 5.534025e-01
    outer loop
      vertex   7.675215e-02 8.367416e-02 -1.360013e-02
      vertex   7.684705e-02 8.000975e-02 -1.473319e-02
      vertex   7.908675e-02 8.266736e-02 -1.732922e-02
    endloop
  endfacet
  facet normal 5.729553e-01 -2.285330e-01 7.870800e-01
    outer loop
      vertex   7.675215e-02 8.367416e-02 -1.360013e-02
      vertex   7.479301e-02 8.122526e-02 -1.288502e-02
      vertex   7.684705e-02 8.000975e-02 -1.473319e-02
    endloop
  endfacet
  facet normal 5.283102e-01 -1.803802e-01 8.296694e-01
    outer loop
      vertex   7.363702e-02 8.306786e-02 -1.174831e-02
      vertex   7.479301e-02 8.122526e-02 -1.288502e-02
      vertex   7.675215e-02 8.367416e-02 -1.360013e-02
    endloop
  endfacet
  facet normal 2.314630e-01 -4.014563e-01 8.861477e-01
    outer loop
      vertex   7.363702e-02 8.306786e-02 -1.174831e-02
      vertex   7.000000e-02 8.152526e-02 -1.149717e-02
      vertex   7.479301e-02 8.122526e-02 -1.288502e-02
    endloop
  endfacet
  facet normal 2.002421e-01 -3.214367e-01 9.255169e-01
    outer loop
      vertex   7.000000e-02 8.282948e-02 -1.104421e-02
      vertex   7.000000e-02 8.152526e-02 -1.149717e-02
      vertex   7.363702e-02 8.306786e-02 -1.174831e-02
    endloop
  endfacet
  facet normal -1.000000e+00 -0.000000e+00 0.000000e+00
    outer loop
      vertex   7.000000e-02 7.850783e-02 -1.222308e-02
      vertex   7.000000e-02 7.405022e-02 -1.261572e-02
      vertex   7.000000e-02 8.152526e-02 -1.149717e-02
    endloop
  endfacet
  facet normal 1.595898e-01 8.095947e-02 9.838580e-01
    outer loop
      vertex   7.000000e-02 6.959042e-02 -1.224873e-02
      vertex   7.299276e-02 6.928098e-02 -1.270872e-02
      vertex   7.000000e-02 7.405022e-02 -1.261572e-02
    endloop
  endfacet
  facet normal 1.719225e-01 2.440125e-01 9.544111e-01
    outer loop
      vertex   7.000000e-02 6.959042e-02 -1.224873e-02
      vertex   7.344985e-02 6.508888e-02 -1.171927e-02
      vertex   7.299276e-02 6.928098e-02 -1.270872e-02
    endloop
  endfacet
  facet normal 2.418782e-01 2.941246e-01 9.246544e-01
    outer loop
      vertex   7.000000e-02 6.385989e-02 -1.042590e-02
      vertex   7.344985e-02 6.508888e-02 -1.171927e-02
      vertex   7.000000e-02 6.959042e-02 -1.224873e-02
    endloop
  endfacet
  facet normal 2.116221e-01 6.625416e-01 7.185087e-01
    outer loop
      vertex   7.000000e-02 5.539164e-02 -4.343420e-03
      vertex   7.337552e-02 5.593843e-02 -5.841817e-03
      vertex   7.000000e-02 5.868138e-02 -7.376913e-03
    endloop
  endfacet
  facet normal 2.085993e-01 8.640952e-01 4.580675e-01
    outer loop
      vertex   7.000000e-02 5.113193e-02 2.303739e-03
      vertex   7.360344e-02 5.092356e-02 1.055823e-03
      vertex   7.000000e-02 5.306778e-02 -1.348041e-03
    endloop
  endfacet
  facet normal -1.000000e+00 0.000000e+00 0.000000e+00
    outer loop
      vertex   6.000000e-02 -6.931961e-02 1.222036e-02
      vertex   6.000000e-02 -8.691424e-02 9.657673e-03
      vertex   6.000000e-02 -8.065454e-02 1.184716e-02
    endloop
  endfacet
  facet normal -1.000000e+00 -0.000000e+00 0.000000e+00
    outer loop
      vertex   6.000000e-02 5.241810e-02 -2.224904e-04
      vertex   6.000000e-02 4.994791e-02 -6.009583e-04
      vertex   6.000000e-02 4.931896e-02 8.224357e-03
    endloop
  endfacet
  facet normal -1.000000e+00 0.000000e+00 0.000000e+00
    outer loop
      vertex   6.000000e-02 5.725888e-02 -6.093209e-03
      vertex   6.000000e-02 4.994791e-02 -6.009583e-04
      vertex   6.000000e-02 5.241810e-02 -2.224904e-04
    endloop
  endfacet
  facet normal -1.000000e+00 -0.000000e+00 0.000000e+00
    outer loop
      vertex   6.000000e-02 5.725888e-02 -6.093209e-03
      vertex   6.000000e-02 4.923480e-02 -8.431405e-03
      vertex   6.000000e-02 4.994791e-02 -6.009583e-04
    endloop
  endfacet
  facet normal -1.000000e+00 0.000000e+00 0.000000e+00
    outer loop
      vertex   6.000000e-02 6.341968e-02 -1.025005e-02
      vertex   6.000000e-02 4.923480e-02 -8.431405e-03
      vertex   6.000000e-02 5.725888e-02 -6.093209e-03
    endloop
  endfacet
  facet normal -1.000000e+00 -0.000000e+00 0.000000e+00
    outer loop
      vertex   6.000000e-02 6.341968e-02 -1.025005e-02
      vertex   6.000000e-02 4.609323e-02 -1.901168e-02
      vertex   6.000000e-02 4.923480e-02 -8.431405e-03
    endloop
  endfacet
  facet normal -1.000000e+00 -0.000000e+00 0.000000e+00
    outer loop
      vertex   6.000000e-02 7.227638e-02 -1.260546e-02
      vertex   6.000000e-02 4.609323e-02 -1.901168e-02
      vertex   6.000000e-02 6.341968e-02 -1.025005e-02
    endloop
  endfacet
  facet normal -1.000000e+00 0.000000e+00 0.000000e+00
    outer loop
      vertex   6.000000e-02 7.227638e-02 -1.260546e-02
      vertex   6.000000e-02 4.023663e-02 -2.948963e-02
      vertex   6.000000e-02 4.609323e-02 -1.901168e-02
    endloop
  endfacet
  facet normal -1.000000e+00 0.000000e+00 0.000000e+00
    outer loop
      vertex   6.000000e-02 7.227638e-02 -8.080193e-02
      vertex   6.000000e-02 4.023663e-02 -2.948963e-02
      vertex   6.000000e-02 7.227638e-02 -1.260546e-02
    endloop
  endfacet
  facet normal -1.000000e+00 0.000000e+00 0.000000e+00
    outer loop
      vertex   6.000000e-02 7.227638e-02 -8.080193e-02
      vertex   6.000000e-02 3.317170e-02 -3.732181e-02
      vertex   6.000000e-02 4.023663e-02 -2.948963e-02
    endloop
  endfacet
  facet normal -1.000000e+00 0.000000e+00 0.000000e+00
    outer loop
      vertex   6.000000e-02 2.544771e-02 -4.298335e-02
      vertex   6.000000e-02 3.317170e-02 -3.732181e-02
      vertex   6.000000e-02 7.227638e-02 -8.080193e-02
    endloop
  endfacet
  facet normal -1.000000e+00 0.000000e+00 0.000000e+00
    outer loop
      vertex   6.000000e-02 7.227638e-02 -8.080193e-02
      vertex   6.000000e-02 1.815211e-02 -4.651645e-02
      vertex   6.000000e-02 2.544771e-02 -4.298335e-02
    endloop
  endfacet
  facet normal -1.000000e+00 0.000000e+00 0.000000e+00
    outer loop
      vertex   6.000000e-02 7.477728e-03 -4.932249e-02
      vertex   6.000000e-02 1.815211e-02 -4.651645e-02
      vertex   6.000000e-02 7.227638e-02 -8.080193e-02
    endloop
  endfacet
  facet normal -1.000000e+00 0.000000e+00 0.000000e+00
    outer loop
      vertex   6.000000e-02 -1.339430e-03 -4.995538e-02
      vertex   6.000000e-02 7.477728e-03 -4.932249e-02
      vertex   6.000000e-02 7.227638e-02 -8.080193e-02
    endloop
  endfacet
  facet normal -1.000000e+00 0.000000e+00 0.000000e+00
    outer loop
      vertex   6.000000e-02 -9.772362e-02 -8.080193e-02
      vertex   6.000000e-02 -1.339430e-03 -4.995538e-02
      vertex   6.000000e-02 7.227638e-02 -8.080193e-02
    endloop
  endfacet
  facet normal -1.000000e+00 0.000000e+00 -0.000000e+00
    outer loop
      vertex   6.000000e-02 -1.154937e-02 -4.852829e-02
      vertex   6.000000e-02 -1.339430e-03 -4.995538e-02
      vertex   6.000000e-02 -9.772362e-02 -8.080193e-02
    endloop
  endfacet
  facet normal -1.000000e+00 0.000000e+00 -0.000000e+00
    outer loop
      vertex   6.000000e-02 -1.995201e-02 -4.579380e-02
      vertex   6.000000e-02 -1.154937e-02 -4.852829e-02
      vertex   6.000000e-02 -9.772362e-02 -8.080193e-02
    endloop
  endfacet
  facet normal -1.000000e+00 0.000000e+00 0.000000e+00
    outer loop
      vertex   6.000000e-02 -9.772362e-02 -8.080193e-02
      vertex   6.000000e-02 -2.748573e-02 -4.165806e-02
      vertex   6.000000e-02 -1.995201e-02 -4.579380e-02
    endloop
  endfacet
  facet normal -1.000000e+00 0.000000e+00 -0.000000e+00
    outer loop
      vertex   6.000000e-02 -3.460878e-02 -3.601925e-02
      vertex   6.000000e-02 -2.748573e-02 -4.165806e-02
      vertex   6.000000e-02 -9.772362e-02 -8.080193e-02
    endloop
  endfacet
  facet normal -1.000000e+00 0.000000e+00 0.000000e+00
    outer loop
      vertex   6.000000e-02 -9.772362e-02 -8.080193e-02
      vertex   6.000000e-02 -3.983221e-02 -3.014215e-02
      vertex   6.000000e-02 -3.460878e-02 -3.601925e-02
    endloop
  endfacet
  facet normal -1.000000e+00 0.000000e+00 0.000000e+00
    outer loop
      vertex   6.000000e-02 -9.772362e-02 -8.080193e-02
      vertex   6.000000e-02 -4.406868e-02 -2.351820e-02
      vertex   6.000000e-02 -3.983221e-02 -3.014215e-02
    endloop
  endfacet
  facet normal -1.000000e+00 0.000000e+00 0.000000e+00
    outer loop
      vertex   6.000000e-02 -9.772362e-02 1.160944e-03
      vertex   6.000000e-02 -4.406868e-02 -2.351820e-02
      vertex   6.000000e-02 -9.772362e-02 -8.080193e-02
    endloop
  endfacet
  facet normal -1.000000e+00 -0.000000e+00 -0.000000e+00
    outer loop
      vertex   6.000000e-02 -4.772950e-02 -1.466882e-02
      vertex   6.000000e-02 -4.406868e-02 -2.351820e-02
      vertex   6.000000e-02 -9.772362e-02 1.160944e-03
    endloop
  endfacet
  facet normal -1.000000e+00 0.000000e+00 0.000000e+00
    outer loop
      vertex   6.000000e-02 -9.772362e-02 1.160944e-03
      vertex   6.000000e-02 -4.969448e-02 -4.060557e-03
      vertex   6.000000e-02 -4.772950e-02 -1.466882e-02
    endloop
  endfacet
  facet normal -1.000000e+00 0.000000e+00 -0.000000e+00
    outer loop
      vertex   6.000000e-02 -9.455952e-02 4.436699e-03
      vertex   6.000000e-02 -4.969448e-02 -4.060557e-03
      vertex   6.000000e-02 -9.772362e-02 1.160944e-03
    endloop
  endfacet
  facet normal -1.000000e+00 0.000000e+00 -0.000000e+00
    outer loop
      vertex   6.000000e-02 -8.691424e-02 9.657673e-03
      vertex   6.000000e-02 -4.969448e-02 -4.060557e-03
      vertex   6.000000e-02 -9.455952e-02 4.436699e-03
    endloop
  endfacet
  facet normal -1.000000e+00 0.000000e+00 -0.000000e+00
    outer loop
      vertex   6.000000e-02 -6.931961e-02 1.222036e-02
      vertex   6.000000e-02 -4.969448e-02 -4.060557e-03
      vertex   6.000000e-02 -8.691424e-02 9.657673e-03
    endloop
  endfacet
  facet normal -1.000000e+00 -0.000000e+00 -0.000000e+00
    outer loop
      vertex   6.000000e-02 -6.311536e-02 1.203820e-02
      vertex   6.000000e-02 -4.969448e-02 -4.060557e-03
      vertex   6.000000e-02 -6.931961e-02 1.222036e-02
    endloop
  endfacet
  facet normal -1.000000e+00 0.000000e+00 0.000000e+00
    outer loop
      vertex   6.000000e-02 -6.311536e-02 1.203820e-02
      vertex   6.000000e-02 -4.892262e-02 9.623194e-03
      vertex   6.000000e-02 -4.969448e-02 -4.060557e-03
    endloop
  endfacet
  facet normal -1.000000e+00 0.000000e+00 -0.000000e+00
    outer loop
      vertex   6.000000e-02 -5.770864e-02 1.312465e-02
      vertex   6.000000e-02 -4.892262e-02 9.623194e-03
      vertex   6.000000e-02 -6.311536e-02 1.203820e-02
    endloop
  endfacet
  facet normal -1.000000e+00 0.000000e+00 -0.000000e+00
    outer loop
      vertex   6.000000e-02 -5.267262e-02 1.537222e-02
      vertex   6.000000e-02 -4.892262e-02 9.623194e-03
      vertex   6.000000e-02 -5.770864e-02 1.312465e-02
    endloop
  endfacet
  facet normal -1.000000e+00 0.000000e+00 0.000000e+00
    outer loop
      vertex   6.000000e-02 -4.780357e-02 1.919636e-02
      vertex   6.000000e-02 -4.892262e-02 9.623194e-03
      vertex   6.000000e-02 -5.267262e-02 1.537222e-02
    endloop
  endfacet
  facet normal -1.000000e+00 0.000000e+00 -0.000000e+00
    outer loop
      vertex   6.000000e-02 -4.780357e-02 1.919636e-02
      vertex   6.000000e-02 -4.591136e-02 1.973526e-02
      vertex   6.000000e-02 -4.892262e-02 9.623194e-03
    endloop
  endfacet
  facet normal -1.000000e+00 0.000000e+00 0.000000e+00
    outer loop
      vertex   6.000000e-02 -4.780357e-02 1.919636e-02
      vertex   6.000000e-02 -4.353175e-02 2.459648e-02
      vertex   6.000000e-02 -4.591136e-02 1.973526e-02
    endloop
  endfacet
  facet normal 0.000000e+00 8.981641e-01 -4.396604e-01
    outer loop
      vertex   7.000000e-02 -4.353175e-02 2.459648e-02
      vertex   6.000000e-02 -4.591136e-02 1.973526e-02
      vertex   6.000000e-02 -4.353175e-02 2.459648e-02
    endloop
  endfacet
  facet normal -1.893086e-02 9.128314e-01 -4.078976e-01
    outer loop
      vertex   7.704241e-02 -4.759989e-02 1.516557e-02
      vertex   6.000000e-02 -4.591136e-02 1.973526e-02
      vertex   7.000000e-02 -4.353175e-02 2.459648e-02
    endloop
  endfacet
  facet normal 1.842694e-02 9.582449e-01 -2.853545e-01
    outer loop
      vertex   7.704241e-02 -4.759989e-02 1.516557e-02
      vertex   6.000000e-02 -4.892262e-02 9.623194e-03
      vertex   6.000000e-02 -4.591136e-02 1.973526e-02
    endloop
  endfacet
  facet normal 6.642612e-03 9.678572e-01 -2.514126e-01
    outer loop
      vertex   7.939212e-02 -4.903518e-02 9.702265e-03
      vertex   6.000000e-02 -4.892262e-02 9.623194e-03
      vertex   7.704241e-02 -4.759989e-02 1.516557e-02
    endloop
  endfacet
  facet normal 6.366702e-03 9.878485e-01 -1.552894e-01
    outer loop
      vertex   8.000000e-02 -4.968902e-02 5.567866e-03
      vertex   6.000000e-02 -4.892262e-02 9.623194e-03
      vertex   7.939212e-02 -4.903518e-02 9.702265e-03
    endloop
  endfacet
  facet normal 2.683010e-02 9.980535e-01 -5.629698e-02
    outer loop
      vertex   8.000000e-02 -4.968902e-02 5.567866e-03
      vertex   6.000000e-02 -4.969448e-02 -4.060557e-03
      vertex   6.000000e-02 -4.892262e-02 9.623194e-03
    endloop
  endfacet
  facet normal -7.294052e-03 9.998670e-01 1.458411e-02
    outer loop
      vertex   8.000000e-02 -4.950868e-02 -6.795990e-03
      vertex   6.000000e-02 -4.969448e-02 -4.060557e-03
      vertex   8.000000e-02 -4.968902e-02 5.567866e-03
    endloop
  endfacet
  facet normal 2.415548e-02 9.698538e-01 2.424874e-01
    outer loop
      vertex   8.000000e-02 -4.716997e-02 -1.614991e-02
      vertex   6.000000e-02 -4.969448e-02 -4.060557e-03
      vertex   8.000000e-02 -4.950868e-02 -6.795990e-03
    endloop
  endfacet
  facet normal -1.401921e-02 9.831772e-01 1.821154e-01
    outer loop
      vertex   8.000000e-02 -4.716997e-02 -1.614991e-02
      vertex   6.000000e-02 -4.772950e-02 -1.466882e-02
      vertex   6.000000e-02 -4.969448e-02 -4.060557e-03
    endloop
  endfacet
  facet normal 2.456625e-03 9.240508e-01 3.822617e-01
    outer loop
      vertex   8.000000e-02 -4.716997e-02 -1.614991e-02
      vertex   6.000000e-02 -4.406868e-02 -2.351820e-02
      vertex   6.000000e-02 -4.772950e-02 -1.466882e-02
    endloop
  endfacet
  facet normal -2.808950e-02 8.917822e-01 4.515922e-01
    outer loop
      vertex   8.000000e-02 -4.093364e-02 -2.846511e-02
      vertex   6.000000e-02 -4.406868e-02 -2.351820e-02
      vertex   8.000000e-02 -4.716997e-02 -1.614991e-02
    endloop
  endfacet
  facet normal 1.214996e-03 8.424357e-01 5.387956e-01
    outer loop
      vertex   8.000000e-02 -4.093364e-02 -2.846511e-02
      vertex   6.000000e-02 -3.983221e-02 -3.014215e-02
      vertex   6.000000e-02 -4.406868e-02 -2.351820e-02
    endloop
  endfacet
  facet normal -1.453966e-02 7.473719e-01 6.642468e-01
    outer loop
      vertex   8.000000e-02 -4.093364e-02 -2.846511e-02
      vertex   6.000000e-02 -3.460878e-02 -3.601925e-02
      vertex   6.000000e-02 -3.983221e-02 -3.014215e-02
    endloop
  endfacet
  facet normal -2.434451e-02 7.338453e-01 6.788802e-01
    outer loop
      vertex   8.000000e-02 -3.155946e-02 -3.859827e-02
      vertex   6.000000e-02 -3.460878e-02 -3.601925e-02
      vertex   8.000000e-02 -4.093364e-02 -2.846511e-02
    endloop
  endfacet
  facet normal 6.471643e-03 6.206715e-01 7.840440e-01
    outer loop
      vertex   8.000000e-02 -3.155946e-02 -3.859827e-02
      vertex   6.000000e-02 -2.748573e-02 -4.165806e-02
      vertex   6.000000e-02 -3.460878e-02 -3.601925e-02
    endloop
  endfacet
  facet normal -1.444877e-02 5.541842e-01 8.322686e-01
    outer loop
      vertex   8.000000e-02 -2.271709e-02 -4.448615e-02
      vertex   6.000000e-02 -2.748573e-02 -4.165806e-02
      vertex   8.000000e-02 -3.155946e-02 -3.859827e-02
    endloop
  endfacet
  facet normal 9.216242e-03 4.812003e-01 8.765622e-01
    outer loop
      vertex   8.000000e-02 -2.271709e-02 -4.448615e-02
      vertex   6.000000e-02 -1.995201e-02 -4.579380e-02
      vertex   6.000000e-02 -2.748573e-02 -4.165806e-02
    endloop
  endfacet
  facet normal -1.366957e-02 3.449650e-01 9.385160e-01
    outer loop
      vertex   8.000000e-02 -1.228295e-02 -4.832137e-02
      vertex   6.000000e-02 -1.995201e-02 -4.579380e-02
      vertex   8.000000e-02 -2.271709e-02 -4.448615e-02
    endloop
  endfacet
  facet normal 1.512283e-03 3.094580e-01 9.509119e-01
    outer loop
      vertex   8.000000e-02 -1.228295e-02 -4.832137e-02
      vertex   6.000000e-02 -1.154937e-02 -4.852829e-02
      vertex   6.000000e-02 -1.995201e-02 -4.579380e-02
    endloop
  endfacet
  facet normal -4.712088e-03 1.503942e-01 9.886149e-01
    outer loop
      vertex   8.000000e-02 -1.780479e-03 -4.991907e-02
      vertex   6.000000e-02 -1.154937e-02 -4.852829e-02
      vertex   8.000000e-02 -1.228295e-02 -4.832137e-02
    endloop
  endfacet
  facet normal 1.254609e-03 1.384286e-01 9.903716e-01
    outer loop
      vertex   8.000000e-02 -1.780479e-03 -4.991907e-02
      vertex   6.000000e-02 -1.339430e-03 -4.995538e-02
      vertex   6.000000e-02 -1.154937e-02 -4.852829e-02
    endloop
  endfacet
  facet normal -3.389719e-03 -7.159440e-02 9.974281e-01
    outer loop
      vertex   8.000000e-02 -1.780479e-03 -4.991907e-02
      vertex   6.000000e-02 7.477728e-03 -4.932249e-02
      vertex   6.000000e-02 -1.339430e-03 -4.995538e-02
    endloop
  endfacet
  facet normal 1.405874e-03 -6.127931e-02 9.981197e-01
    outer loop
      vertex   8.000000e-02 7.103198e-03 -4.937366e-02
      vertex   6.000000e-02 7.477728e-03 -4.932249e-02
      vertex   8.000000e-02 -1.780479e-03 -4.991907e-02
    endloop
  endfacet
  facet normal -2.286824e-03 -2.542381e-01 9.671390e-01
    outer loop
      vertex   8.000000e-02 7.103198e-03 -4.937366e-02
      vertex   6.000000e-02 1.815211e-02 -4.651645e-02
      vertex   6.000000e-02 7.477728e-03 -4.932249e-02
    endloop
  endfacet
  facet normal -2.423268e-03 -2.544693e-01 9.670778e-01
    outer loop
      vertex   8.000000e-02 1.832713e-02 -4.642028e-02
      vertex   6.000000e-02 1.815211e-02 -4.651645e-02
      vertex   8.000000e-02 7.103198e-03 -4.937366e-02
    endloop
  endfacet
  facet normal -5.134811e-04 -4.358574e-01 9.000156e-01
    outer loop
      vertex   8.000000e-02 1.832713e-02 -4.642028e-02
      vertex   6.000000e-02 2.544771e-02 -4.298335e-02
      vertex   6.000000e-02 1.815211e-02 -4.651645e-02
    endloop
  endfacet
  facet normal -2.439381e-02 -4.893001e-01 8.717743e-01
    outer loop
      vertex   8.000000e-02 2.951298e-02 -4.014200e-02
      vertex   6.000000e-02 2.544771e-02 -4.298335e-02
      vertex   8.000000e-02 1.832713e-02 -4.642028e-02
    endloop
  endfacet
  facet normal 5.582021e-03 -5.911699e-01 8.065277e-01
    outer loop
      vertex   8.000000e-02 2.951298e-02 -4.014200e-02
      vertex   6.000000e-02 3.317170e-02 -3.732181e-02
      vertex   6.000000e-02 2.544771e-02 -4.298335e-02
    endloop
  endfacet
  facet normal -1.639719e-02 -6.651023e-01 7.465722e-01
    outer loop
      vertex   8.000000e-02 3.725675e-02 -3.324327e-02
      vertex   6.000000e-02 3.317170e-02 -3.732181e-02
      vertex   8.000000e-02 2.951298e-02 -4.014200e-02
    endloop
  endfacet
  facet normal 1.507397e-02 -7.424568e-01 6.697243e-01
    outer loop
      vertex   8.000000e-02 3.725675e-02 -3.324327e-02
      vertex   6.000000e-02 4.023663e-02 -2.948963e-02
      vertex   6.000000e-02 3.317170e-02 -3.732181e-02
    endloop
  endfacet
  facet normal -8.915686e-03 -8.057681e-01 5.921641e-01
    outer loop
      vertex   8.000000e-02 4.296907e-02 -2.547042e-02
      vertex   6.000000e-02 4.023663e-02 -2.948963e-02
      vertex   8.000000e-02 3.725675e-02 -3.324327e-02
    endloop
  endfacet
  facet normal 2.120353e-02 -8.727019e-01 4.877927e-01
    outer loop
      vertex   8.000000e-02 4.296907e-02 -2.547042e-02
      vertex   6.000000e-02 4.609323e-02 -1.901168e-02
      vertex   6.000000e-02 4.023663e-02 -2.948963e-02
    endloop
  endfacet
  facet normal -2.607594e-03 -9.033546e-01 4.288866e-01
    outer loop
      vertex   8.000000e-02 4.668178e-02 -1.765043e-02
      vertex   6.000000e-02 4.609323e-02 -1.901168e-02
      vertex   8.000000e-02 4.296907e-02 -2.547042e-02
    endloop
  endfacet
  facet normal 6.933389e-03 -9.509448e-01 3.092830e-01
    outer loop
      vertex   8.000000e-02 4.859672e-02 -1.176260e-02
      vertex   6.000000e-02 4.609323e-02 -1.901168e-02
      vertex   8.000000e-02 4.668178e-02 -1.765043e-02
    endloop
  endfacet
  facet normal 1.682371e-02 -9.584975e-01 2.846042e-01
    outer loop
      vertex   8.000000e-02 4.859672e-02 -1.176260e-02
      vertex   6.000000e-02 4.923480e-02 -8.431405e-03
      vertex   6.000000e-02 4.609323e-02 -1.901168e-02
    endloop
  endfacet
  facet normal -4.840073e-03 -9.871024e-01 1.600172e-01
    outer loop
      vertex   7.846640e-02 4.967103e-02 -5.181867e-03
      vertex   6.000000e-02 4.923480e-02 -8.431405e-03
      vertex   8.000000e-02 4.859672e-02 -1.176260e-02
    endloop
  endfacet
  facet normal 7.566053e-03 -9.958504e-01 9.069037e-02
    outer loop
      vertex   7.846640e-02 4.967103e-02 -5.181867e-03
      vertex   6.000000e-02 4.994791e-02 -6.009583e-04
      vertex   6.000000e-02 4.923480e-02 -8.431405e-03
    endloop
  endfacet
  facet normal -4.771378e-03 -9.991414e-01 4.115507e-02
    outer loop
      vertex   7.493350e-02 4.996565e-02 1.561138e-03
      vertex   6.000000e-02 4.994791e-02 -6.009583e-04
      vertex   7.846640e-02 4.967103e-02 -5.181867e-03
    endloop
  endfacet
  facet normal 1.371125e-02 -9.961551e-01 -8.652810e-02
    outer loop
      vertex   7.000000e-02 4.931896e-02 8.224357e-03
      vertex   6.000000e-02 4.994791e-02 -6.009583e-04
      vertex   7.493350e-02 4.996565e-02 1.561138e-03
    endloop
  endfacet
  facet normal -0.000000e+00 -9.974702e-01 -7.108555e-02
    outer loop
      vertex   7.000000e-02 4.931896e-02 8.224357e-03
      vertex   6.000000e-02 4.931896e-02 8.224357e-03
      vertex   6.000000e-02 4.994791e-02 -6.009583e-04
    endloop
  endfacet
  facet normal -1.000000e+00 0.000000e+00 0.000000e+00
    outer loop
      vertex   7.000000e-02 -5.007195e-02 -2.544632e-01
      vertex   7.000000e-02 -2.067454e-02 -2.521341e-01
      vertex   7.000000e-02 -3.677239e-02 -2.565010e-01
    endloop
  endfacet
  facet normal -1.000000e+00 0.000000e+00 0.000000e+00
    outer loop
      vertex   7.000000e-02 -6.361880e-02 -2.473631e-01
      vertex   7.000000e-02 -2.067454e-02 -2.521341e-01
      vertex   7.000000e-02 -5.007195e-02 -2.544632e-01
    endloop
  endfacet
  facet normal -1.000000e+00 0.000000e+00 0.000000e+00
    outer loop
      vertex   7.000000e-02 -6.361880e-02 -2.473631e-01
      vertex   7.000000e-02 -5.060813e-03 -2.381503e-01
      vertex   7.000000e-02 -2.067454e-02 -2.521341e-01
    endloop
  endfacet
  facet normal -1.000000e+00 0.000000e+00 0.000000e+00
    outer loop
      vertex   7.000000e-02 -7.273227e-02 -2.360478e-01
      vertex   7.000000e-02 -5.060813e-03 -2.381503e-01
      vertex   7.000000e-02 -6.361880e-02 -2.473631e-01
    endloop
  endfacet
  facet normal -1.000000e+00 0.000000e+00 0.000000e+00
    outer loop
      vertex   7.000000e-02 -7.273227e-02 -2.360478e-01
      vertex   7.000000e-02 1.339676e-03 -2.202770e-01
      vertex   7.000000e-02 -5.060813e-03 -2.381503e-01
    endloop
  endfacet
  facet normal -1.000000e+00 0.000000e+00 0.000000e+00
    outer loop
      vertex   7.000000e-02 -7.787985e-02 -2.196269e-01
      vertex   7.000000e-02 1.339676e-03 -2.202770e-01
      vertex   7.000000e-02 -7.273227e-02 -2.360478e-01
    endloop
  endfacet
  facet normal -1.000000e+00 -0.000000e+00 0.000000e+00
    outer loop
      vertex   7.000000e-02 -2.349246e-02 -1.799961e-01
      vertex   7.000000e-02 -5.516444e-02 -1.808626e-01
      vertex   7.000000e-02 -3.996475e-02 -1.769016e-01
    endloop
  endfacet
  facet normal -1.000000e+00 0.000000e+00 0.000000e+00
    outer loop
      vertex   7.000000e-02 -2.349246e-02 -1.799961e-01
      vertex   7.000000e-02 -6.976288e-02 -1.925392e-01
      vertex   7.000000e-02 -5.516444e-02 -1.808626e-01
    endloop
  endfacet
  facet normal -1.000000e+00 -0.000000e+00 0.000000e+00
    outer loop
      vertex   7.000000e-02 -7.288367e-03 -1.917851e-01
      vertex   7.000000e-02 -6.976288e-02 -1.925392e-01
      vertex   7.000000e-02 -2.349246e-02 -1.799961e-01
    endloop
  endfacet
  facet normal -1.000000e+00 0.000000e+00 0.000000e+00
    outer loop
      vertex   7.000000e-02 -7.288367e-03 -1.917851e-01
      vertex   7.000000e-02 -7.636463e-02 -2.053691e-01
      vertex   7.000000e-02 -6.976288e-02 -1.925392e-01
    endloop
  endfacet
  facet normal -1.000000e+00 0.000000e+00 0.000000e+00
    outer loop
      vertex   7.000000e-02 4.033197e-05 -2.056899e-01
      vertex   7.000000e-02 -7.636463e-02 -2.053691e-01
      vertex   7.000000e-02 -7.288367e-03 -1.917851e-01
    endloop
  endfacet
  facet normal -1.000000e+00 -0.000000e+00 0.000000e+00
    outer loop
      vertex   7.000000e-02 4.033197e-05 -2.056899e-01
      vertex   7.000000e-02 -7.787985e-02 -2.196269e-01
      vertex   7.000000e-02 -7.636463e-02 -2.053691e-01
    endloop
  endfacet
  facet normal -1.000000e+00 0.000000e+00 0.000000e+00
    outer loop
      vertex   7.000000e-02 1.339676e-03 -2.202770e-01
      vertex   7.000000e-02 -7.787985e-02 -2.196269e-01
      vertex   7.000000e-02 4.033197e-05 -2.056899e-01
    endloop
  endfacet
  facet normal 1.000000e+00 -0.000000e+00 0.000000e+00
    outer loop
      vertex   8.000000e-02 -5.653920e-02 -1.817716e-01
      vertex   8.000000e-02 -1.833153e-02 -1.821672e-01
      vertex   8.000000e-02 -3.470122e-02 -1.772908e-01
    endloop
  endfacet
  facet normal 1.000000e+00 0.000000e+00 0.000000e+00
    outer loop
      vertex   8.000000e-02 -5.653920e-02 -1.817716e-01
      vertex   8.000000e-02 -6.646104e-03 -1.925392e-01
      vertex   8.000000e-02 -1.833153e-02 -1.821672e-01
    endloop
  endfacet
  facet normal 1.000000e+00 0.000000e+00 0.000000e+00
    outer loop
      vertex   8.000000e-02 -7.128647e-02 -1.945546e-01
      vertex   8.000000e-02 -6.646104e-03 -1.925392e-01
      vertex   8.000000e-02 -5.653920e-02 -1.817716e-01
    endloop
  endfacet
  facet normal 1.000000e+00 -0.000000e+00 0.000000e+00
    outer loop
      vertex   8.000000e-02 -7.128647e-02 -1.945546e-01
      vertex   8.000000e-02 -3.541229e-04 -2.040809e-01
      vertex   8.000000e-02 -6.646104e-03 -1.925392e-01
    endloop
  endfacet
  facet normal 1.000000e+00 0.000000e+00 0.000000e+00
    outer loop
      vertex   8.000000e-02 -7.743505e-02 -2.110932e-01
      vertex   8.000000e-02 -3.541229e-04 -2.040809e-01
      vertex   8.000000e-02 -7.128647e-02 -1.945546e-01
    endloop
  endfacet
  facet normal 1.000000e+00 -0.000000e+00 0.000000e+00
    outer loop
      vertex   8.000000e-02 -7.743505e-02 -2.110932e-01
      vertex   8.000000e-02 1.580503e-03 -2.157770e-01
      vertex   8.000000e-02 -3.541229e-04 -2.040809e-01
    endloop
  endfacet
  facet normal 1.000000e+00 0.000000e+00 0.000000e+00
    outer loop
      vertex   8.000000e-02 -2.680845e-02 -2.548035e-01
      vertex   8.000000e-02 -6.334117e-02 -2.473696e-01
      vertex   8.000000e-02 -4.272242e-02 -2.559149e-01
    endloop
  endfacet
  facet normal 1.000000e+00 0.000000e+00 0.000000e+00
    outer loop
      vertex   8.000000e-02 -1.163405e-02 -2.460209e-01
      vertex   8.000000e-02 -6.334117e-02 -2.473696e-01
      vertex   8.000000e-02 -2.680845e-02 -2.548035e-01
    endloop
  endfacet
  facet normal 1.000000e+00 0.000000e+00 0.000000e+00
    outer loop
      vertex   8.000000e-02 -1.163405e-02 -2.460209e-01
      vertex   8.000000e-02 -7.259653e-02 -2.368517e-01
      vertex   8.000000e-02 -6.334117e-02 -2.473696e-01
    endloop
  endfacet
  facet normal 1.000000e+00 0.000000e+00 0.000000e+00
    outer loop
      vertex   8.000000e-02 -1.169456e-03 -2.311656e-01
      vertex   8.000000e-02 -7.259653e-02 -2.368517e-01
      vertex   8.000000e-02 -1.163405e-02 -2.460209e-01
    endloop
  endfacet
  facet normal 1.000000e+00 0.000000e+00 0.000000e+00
    outer loop
      vertex   8.000000e-02 -1.169456e-03 -2.311656e-01
      vertex   8.000000e-02 -7.682660e-02 -2.262466e-01
      vertex   8.000000e-02 -7.259653e-02 -2.368517e-01
    endloop
  endfacet
  facet normal 1.000000e+00 0.000000e+00 0.000000e+00
    outer loop
      vertex   8.000000e-02 1.580503e-03 -2.157770e-01
      vertex   8.000000e-02 -7.682660e-02 -2.262466e-01
      vertex   8.000000e-02 -1.169456e-03 -2.311656e-01
    endloop
  endfacet
  facet normal 1.000000e+00 0.000000e+00 0.000000e+00
    outer loop
      vertex   8.000000e-02 1.580503e-03 -2.157770e-01
      vertex   8.000000e-02 -7.743505e-02 -2.110932e-01
      vertex   8.000000e-02 -7.682660e-02 -2.262466e-01
    endloop
  endfacet
  facet normal 5.536937e-02 9.828954e-01 -1.756444e-01
    outer loop
      vertex   8.000000e-02 -1.169456e-03 -2.311656e-01
      vertex   7.000000e-02 1.339676e-03 -2.202770e-01
      vertex   8.000000e-02 1.580503e-03 -2.157770e-01
    endloop
  endfacet
  facet normal -1.297675e-01 9.334942e-01 -3.342888e-01
    outer loop
      vertex   8.000000e-02 -1.169456e-03 -2.311656e-01
      vertex   7.000000e-02 -5.060813e-03 -2.381503e-01
      vertex   7.000000e-02 1.339676e-03 -2.202770e-01
    endloop
  endfacet
  facet normal 8.381684e-02 8.146477e-01 -5.738674e-01
    outer loop
      vertex   8.000000e-02 -1.163405e-02 -2.460209e-01
      vertex   7.000000e-02 -5.060813e-03 -2.381503e-01
      vertex   8.000000e-02 -1.169456e-03 -2.311656e-01
    endloop
  endfacet
  facet normal -1.461711e-01 6.599921e-01 -7.369155e-01
    outer loop
      vertex   8.000000e-02 -1.163405e-02 -2.460209e-01
      vertex   7.000000e-02 -2.067454e-02 -2.521341e-01
      vertex   7.000000e-02 -5.060813e-03 -2.381503e-01
    endloop
  endfacet
  facet normal 7.601196e-02 4.994774e-01 -8.629858e-01
    outer loop
      vertex   8.000000e-02 -2.680845e-02 -2.548035e-01
      vertex   7.000000e-02 -2.067454e-02 -2.521341e-01
      vertex   8.000000e-02 -1.163405e-02 -2.460209e-01
    endloop
  endfacet
  facet normal -9.658168e-02 2.605847e-01 -9.606079e-01
    outer loop
      vertex   8.000000e-02 -2.680845e-02 -2.548035e-01
      vertex   7.000000e-02 -3.677239e-02 -2.565010e-01
      vertex   7.000000e-02 -2.067454e-02 -2.521341e-01
    endloop
  endfacet
  facet normal 9.942477e-02 6.932389e-02 -9.926273e-01
    outer loop
      vertex   8.000000e-02 -4.272242e-02 -2.559149e-01
      vertex   7.000000e-02 -3.677239e-02 -2.565010e-01
      vertex   8.000000e-02 -2.680845e-02 -2.548035e-01
    endloop
  endfacet
  facet normal -3.216898e-02 -1.513807e-01 -9.879519e-01
    outer loop
      vertex   8.000000e-02 -4.272242e-02 -2.559149e-01
      vertex   7.000000e-02 -5.007195e-02 -2.544632e-01
      vertex   7.000000e-02 -3.677239e-02 -2.565010e-01
    endloop
  endfacet
  facet normal 1.457020e-01 -3.787788e-01 -9.139461e-01
    outer loop
      vertex   8.000000e-02 -6.334117e-02 -2.473696e-01
      vertex   7.000000e-02 -5.007195e-02 -2.544632e-01
      vertex   8.000000e-02 -4.272242e-02 -2.559149e-01
    endloop
  endfacet
  facet normal 1.230621e-02 -4.641841e-01 -8.856533e-01
    outer loop
      vertex   8.000000e-02 -6.334117e-02 -2.473696e-01
      vertex   7.000000e-02 -6.361880e-02 -2.473631e-01
      vertex   7.000000e-02 -5.007195e-02 -2.544632e-01
    endloop
  endfacet
  facet normal 2.120600e-02 -7.786330e-01 -6.271211e-01
    outer loop
      vertex   8.000000e-02 -6.334117e-02 -2.473696e-01
      vertex   7.000000e-02 -7.273227e-02 -2.360478e-01
      vertex   7.000000e-02 -6.361880e-02 -2.473631e-01
    endloop
  endfacet
  facet normal -4.287984e-02 -7.500365e-01 -6.600050e-01
    outer loop
      vertex   8.000000e-02 -7.259653e-02 -2.368517e-01
      vertex   7.000000e-02 -7.273227e-02 -2.360478e-01
      vertex   8.000000e-02 -6.334117e-02 -2.473696e-01
    endloop
  endfacet
  facet normal -1.717446e-02 -9.287009e-01 -3.704317e-01
    outer loop
      vertex   8.000000e-02 -7.682660e-02 -2.262466e-01
      vertex   7.000000e-02 -7.273227e-02 -2.360478e-01
      vertex   8.000000e-02 -7.259653e-02 -2.368517e-01
    endloop
  endfacet
  facet normal -9.704912e-02 -9.497097e-01 -2.977129e-01
    outer loop
      vertex   8.000000e-02 -7.682660e-02 -2.262466e-01
      vertex   7.000000e-02 -7.787985e-02 -2.196269e-01
      vertex   7.000000e-02 -7.273227e-02 -2.360478e-01
    endloop
  endfacet
  facet normal 7.843926e-02 -9.961162e-01 -3.999641e-02
    outer loop
      vertex   8.000000e-02 -7.743505e-02 -2.110932e-01
      vertex   7.000000e-02 -7.787985e-02 -2.196269e-01
      vertex   8.000000e-02 -7.682660e-02 -2.262466e-01
    endloop
  endfacet
  facet normal -4.590257e-02 -9.933522e-01 1.055665e-01
    outer loop
      vertex   8.000000e-02 -7.743505e-02 -2.110932e-01
      vertex   7.000000e-02 -7.636463e-02 -2.053691e-01
      vertex   7.000000e-02 -7.787985e-02 -2.196269e-01
    endloop
  endfacet
  facet normal 9.865031e-02 -9.327487e-01 3.467680e-01
    outer loop
      vertex   8.000000e-02 -7.128647e-02 -1.945546e-01
      vertex   7.000000e-02 -7.636463e-02 -2.053691e-01
      vertex   8.000000e-02 -7.743505e-02 -2.110932e-01
    endloop
  endfacet
  facet normal -4.322396e-02 -8.883583e-01 4.571118e-01
    outer loop
      vertex   8.000000e-02 -7.128647e-02 -1.945546e-01
      vertex   7.000000e-02 -6.976288e-02 -1.925392e-01
      vertex   7.000000e-02 -7.636463e-02 -2.053691e-01
    endloop
  endfacet
  facet normal 5.242455e-02 -6.540874e-01 7.546001e-01
    outer loop
      vertex   8.000000e-02 -5.653920e-02 -1.817716e-01
      vertex   7.000000e-02 -6.976288e-02 -1.925392e-01
      vertex   8.000000e-02 -7.128647e-02 -1.945546e-01
    endloop
  endfacet
  facet normal -1.488392e-02 -6.245537e-01 7.808400e-01
    outer loop
      vertex   8.000000e-02 -5.653920e-02 -1.817716e-01
      vertex   7.000000e-02 -5.516444e-02 -1.808626e-01
      vertex   7.000000e-02 -6.976288e-02 -1.925392e-01
    endloop
  endfacet
  facet normal 5.321679e-02 -2.518208e-01 9.663096e-01
    outer loop
      vertex   8.000000e-02 -5.653920e-02 -1.817716e-01
      vertex   7.000000e-02 -3.996475e-02 -1.769016e-01
      vertex   7.000000e-02 -5.516444e-02 -1.808626e-01
    endloop
  endfacet
  facet normal 1.424575e-01 -1.989457e-01 9.696012e-01
    outer loop
      vertex   8.000000e-02 -3.470122e-02 -1.772908e-01
      vertex   7.000000e-02 -3.996475e-02 -1.769016e-01
      vertex   8.000000e-02 -5.653920e-02 -1.817716e-01
    endloop
  endfacet
  facet normal -5.882265e-02 1.843105e-01 9.811063e-01
    outer loop
      vertex   8.000000e-02 -3.470122e-02 -1.772908e-01
      vertex   7.000000e-02 -2.349246e-02 -1.799961e-01
      vertex   7.000000e-02 -3.996475e-02 -1.769016e-01
    endloop
  endfacet
  facet normal 6.062273e-02 2.849649e-01 9.566190e-01
    outer loop
      vertex   8.000000e-02 -1.833153e-02 -1.821672e-01
      vertex   7.000000e-02 -2.349246e-02 -1.799961e-01
      vertex   8.000000e-02 -3.470122e-02 -1.772908e-01
    endloop
  endfacet
  facet normal -1.270235e-01 5.835452e-01 8.020848e-01
    outer loop
      vertex   8.000000e-02 -1.833153e-02 -1.821672e-01
      vertex   7.000000e-02 -7.288367e-03 -1.917851e-01
      vertex   7.000000e-02 -2.349246e-02 -1.799961e-01
    endloop
  endfacet
  facet normal 1.375811e-02 6.637634e-01 7.478161e-01
    outer loop
      vertex   8.000000e-02 -6.646104e-03 -1.925392e-01
      vertex   7.000000e-02 -7.288367e-03 -1.917851e-01
      vertex   8.000000e-02 -1.833153e-02 -1.821672e-01
    endloop
  endfacet
  facet normal -2.165365e-02 8.844379e-01 4.661553e-01
    outer loop
      vertex   8.000000e-02 -6.646104e-03 -1.925392e-01
      vertex   7.000000e-02 4.033197e-05 -2.056899e-01
      vertex   7.000000e-02 -7.288367e-03 -1.917851e-01
    endloop
  endfacet
  facet normal -4.234396e-02 8.772196e-01 4.782184e-01
    outer loop
      vertex   8.000000e-02 -3.541229e-04 -2.040809e-01
      vertex   7.000000e-02 4.033197e-05 -2.056899e-01
      vertex   8.000000e-02 -6.646104e-03 -1.925392e-01
    endloop
  endfacet
  facet normal 1.265813e-02 9.865157e-01 1.631767e-01
    outer loop
      vertex   8.000000e-02 1.580503e-03 -2.157770e-01
      vertex   7.000000e-02 4.033197e-05 -2.056899e-01
      vertex   8.000000e-02 -3.541229e-04 -2.040809e-01
    endloop
  endfacet
  facet normal -6.378314e-02 9.940281e-01 8.854274e-02
    outer loop
      vertex   8.000000e-02 1.580503e-03 -2.157770e-01
      vertex   7.000000e-02 1.339676e-03 -2.202770e-01
      vertex   7.000000e-02 4.033197e-05 -2.056899e-01
    endloop
  endfacet
  facet normal -1.000000e+00 0.000000e+00 0.000000e+00
    outer loop
      vertex   -7.000000e-02 -5.007195e-02 -2.544632e-01
      vertex   -7.000000e-02 -2.067454e-02 -2.521341e-01
      vertex   -7.000000e-02 -3.677239e-02 -2.565010e-01
    endloop
  endfacet
  facet normal -1.000000e+00 0.000000e+00 0.000000e+00
    outer loop
      vertex   -7.000000e-02 -6.361880e-02 -2.473631e-01
      vertex   -7.000000e-02 -2.067454e-02 -2.521341e-01
      vertex   -7.000000e-02 -5.007195e-02 -2.544632e-01
    endloop
  endfacet
  facet normal -1.000000e+00 0.000000e+00 0.000000e+00
    outer loop
      vertex   -7.000000e-02 -6.361880e-02 -2.473631e-01
      vertex   -7.000000e-02 -5.060813e-03 -2.381503e-01
      vertex   -7.000000e-02 -2.067454e-02 -2.521341e-01
    endloop
  endfacet
  facet normal -1.000000e+00 0.000000e+00 0.000000e+00
    outer loop
      vertex   -7.000000e-02 -7.273227e-02 -2.360478e-01
      vertex   -7.000000e-02 -5.060813e-03 -2.381503e-01
      vertex   -7.000000e-02 -6.361880e-02 -2.473631e-01
    endloop
  endfacet
  facet normal -1.000000e+00 0.000000e+00 0.000000e+00
    outer loop
      vertex   -7.000000e-02 -7.273227e-02 -2.360478e-01
      vertex   -7.000000e-02 1.339676e-03 -2.202770e-01
      vertex   -7.000000e-02 -5.060813e-03 -2.381503e-01
    endloop
  endfacet
  facet normal -1.000000e+00 0.000000e+00 0.000000e+00
    outer loop
      vertex   -7.000000e-02 -7.787985e-02 -2.196269e-01
      vertex   -7.000000e-02 1.339676e-03 -2.202770e-01
      vertex   -7.000000e-02 -7.273227e-02 -2.360478e-01
    endloop
  endfacet
  facet normal -1.000000e+00 -0.000000e+00 0.000000e+00
    outer loop
      vertex   -7.000000e-02 -2.349246e-02 -1.799961e-01
      vertex   -7.000000e-02 -5.516444e-02 -1.808626e-01
      vertex   -7.000000e-02 -3.996475e-02 -1.769016e-01
    endloop
  endfacet
  facet normal -1.000000e+00 0.000000e+00 0.000000e+00
    outer loop
      vertex   -7.000000e-02 -2.349246e-02 -1.799961e-01
      vertex   -7.000000e-02 -6.976288e-02 -1.925392e-01
      vertex   -7.000000e-02 -5.516444e-02 -1.808626e-01
    endloop
  endfacet
  facet normal -1.000000e+00 -0.000000e+00 0.000000e+00
    outer loop
      vertex   -7.000000e-02 -7.288367e-03 -1.917851e-01
      vertex   -7.000000e-02 -6.976288e-02 -1.925392e-01
      vertex   -7.000000e-02 -2.349246e-02 -1.799961e-01
    endloop
  endfacet
  facet normal -1.000000e+00 0.000000e+00 0.000000e+00
    outer loop
      vertex   -7.000000e-02 -7.288367e-03 -1.917851e-01
      vertex   -7.000000e-02 -7.636463e-02 -2.053691e-01
      vertex   -7.000000e-02 -6.976288e-02 -1.925392e-01
    endloop
  endfacet
  facet normal -1.000000e+00 0.000000e+00 0.000000e+00
    outer loop
      vertex   -7.000000e-02 4.033197e-05 -2.056899e-01
      vertex   -7.000000e-02 -7.636463e-02 -2.053691e-01
      vertex   -7.000000e-02 -7.288367e-03 -1.917851e-01
    endloop
  endfacet
  facet normal -1.000000e+00 -0.000000e+00 0.000000e+00
    outer loop
      vertex   -7.000000e-02 4.033197e-05 -2.056899e-01
      vertex   -7.000000e-02 -7.787985e-02 -2.196269e-01
      vertex   -7.000000e-02 -7.636463e-02 -2.053691e-01
    endloop
  endfacet
  facet normal -1.000000e+00 0.000000e+00 0.000000e+00
    outer loop
      vertex   -7.000000e-02 1.339676e-03 -2.202770e-01
      vertex   -7.000000e-02 -7.787985e-02 -2.196269e-01
      vertex   -7.000000e-02 4.033197e-05 -2.056899e-01
    endloop
  endfacet
  facet normal 1.000000e+00 -0.000000e+00 0.000000e+00
    outer loop
      vertex   -6.000000e-02 -4.657510e-02 -1.779260e-01
      vertex   -6.000000e-02 -1.355300e-02 -1.858498e-01
      vertex   -6.000000e-02 -2.958250e-02 -1.778277e-01
    endloop
  endfacet
  facet normal 1.000000e+00 0.000000e+00 0.000000e+00
    outer loop
      vertex   -6.000000e-02 -6.361612e-02 -1.861292e-01
      vertex   -6.000000e-02 -1.355300e-02 -1.858498e-01
      vertex   -6.000000e-02 -4.657510e-02 -1.779260e-01
    endloop
  endfacet
  facet normal 1.000000e+00 0.000000e+00 0.000000e+00
    outer loop
      vertex   -6.000000e-02 -7.190883e-02 -1.953305e-01
      vertex   -6.000000e-02 -1.355300e-02 -1.858498e-01
      vertex   -6.000000e-02 -6.361612e-02 -1.861292e-01
    endloop
  endfacet
  facet normal 1.000000e+00 -0.000000e+00 0.000000e+00
    outer loop
      vertex   -6.000000e-02 -7.190883e-02 -1.953305e-01
      vertex   -6.000000e-02 -2.700071e-03 -1.986175e-01
      vertex   -6.000000e-02 -1.355300e-02 -1.858498e-01
    endloop
  endfacet
  facet normal 1.000000e+00 0.000000e+00 0.000000e+00
    outer loop
      vertex   -6.000000e-02 -7.742771e-02 -2.112036e-01
      vertex   -6.000000e-02 -2.700071e-03 -1.986175e-01
      vertex   -6.000000e-02 -7.190883e-02 -1.953305e-01
    endloop
  endfacet
  facet normal 1.000000e+00 -0.000000e+00 0.000000e+00
    outer loop
      vertex   -6.000000e-02 -7.742771e-02 -2.112036e-01
      vertex   -6.000000e-02 1.357120e-03 -2.133712e-01
      vertex   -6.000000e-02 -2.700071e-03 -1.986175e-01
    endloop
  endfacet
  facet normal 1.000000e+00 0.000000e+00 0.000000e+00
    outer loop
      vertex   -6.000000e-02 -2.680845e-02 -2.548035e-01
      vertex   -6.000000e-02 -4.790205e-02 -2.552703e-01
      vertex   -6.000000e-02 -3.754278e-02 -2.565596e-01
    endloop
  endfacet
  facet normal 1.000000e+00 0.000000e+00 0.000000e+00
    outer loop
      vertex   -6.000000e-02 -2.680845e-02 -2.548035e-01
      vertex   -6.000000e-02 -6.334117e-02 -2.473696e-01
      vertex   -6.000000e-02 -4.790205e-02 -2.552703e-01
    endloop
  endfacet
  facet normal 1.000000e+00 0.000000e+00 0.000000e+00
    outer loop
      vertex   -6.000000e-02 -1.163405e-02 -2.460209e-01
      vertex   -6.000000e-02 -6.334117e-02 -2.473696e-01
      vertex   -6.000000e-02 -2.680845e-02 -2.548035e-01
    endloop
  endfacet
  facet normal 1.000000e+00 0.000000e+00 0.000000e+00
    outer loop
      vertex   -6.000000e-02 -1.163405e-02 -2.460209e-01
      vertex   -6.000000e-02 -7.469935e-02 -2.316591e-01
      vertex   -6.000000e-02 -6.334117e-02 -2.473696e-01
    endloop
  endfacet
  facet normal 1.000000e+00 0.000000e+00 0.000000e+00
    outer loop
      vertex   -6.000000e-02 -1.103862e-03 -2.308406e-01
      vertex   -6.000000e-02 -7.469935e-02 -2.316591e-01
      vertex   -6.000000e-02 -1.163405e-02 -2.460209e-01
    endloop
  endfacet
  facet normal 1.000000e+00 0.000000e+00 0.000000e+00
    outer loop
      vertex   -6.000000e-02 -1.103862e-03 -2.308406e-01
      vertex   -6.000000e-02 -7.742771e-02 -2.112036e-01
      vertex   -6.000000e-02 -7.469935e-02 -2.316591e-01
    endloop
  endfacet
  facet normal 1.000000e+00 0.000000e+00 0.000000e+00
    outer loop
      vertex   -6.000000e-02 1.357120e-03 -2.133712e-01
      vertex   -6.000000e-02 -7.742771e-02 -2.112036e-01
      vertex   -6.000000e-02 -1.103862e-03 -2.308406e-01
    endloop
  endfacet
  facet normal 9.418644e-02 9.858206e-01 -1.388763e-01
    outer loop
      vertex   -6.000000e-02 -1.103862e-03 -2.308406e-01
      vertex   -7.000000e-02 1.339676e-03 -2.202770e-01
      vertex   -6.000000e-02 1.357120e-03 -2.133712e-01
    endloop
  endfacet
  facet normal -1.251002e-01 9.340588e-01 -3.344909e-01
    outer loop
      vertex   -6.000000e-02 -1.103862e-03 -2.308406e-01
      vertex   -7.000000e-02 -5.060813e-03 -2.381503e-01
      vertex   -7.000000e-02 1.339676e-03 -2.202770e-01
    endloop
  endfacet
  facet normal 9.111873e-02 8.182486e-01 -5.675973e-01
    outer loop
      vertex   -6.000000e-02 -1.163405e-02 -2.460209e-01
      vertex   -7.000000e-02 -5.060813e-03 -2.381503e-01
      vertex   -6.000000e-02 -1.103862e-03 -2.308406e-01
    endloop
  endfacet
  facet normal -1.461711e-01 6.599921e-01 -7.369155e-01
    outer loop
      vertex   -6.000000e-02 -1.163405e-02 -2.460209e-01
      vertex   -7.000000e-02 -2.067454e-02 -2.521341e-01
      vertex   -7.000000e-02 -5.060813e-03 -2.381503e-01
    endloop
  endfacet
  facet normal 7.601196e-02 4.994774e-01 -8.629858e-01
    outer loop
      vertex   -6.000000e-02 -2.680845e-02 -2.548035e-01
      vertex   -7.000000e-02 -2.067454e-02 -2.521341e-01
      vertex   -6.000000e-02 -1.163405e-02 -2.460209e-01
    endloop
  endfacet
  facet normal -9.658168e-02 2.605847e-01 -9.606079e-01
    outer loop
      vertex   -6.000000e-02 -2.680845e-02 -2.548035e-01
      vertex   -7.000000e-02 -3.677239e-02 -2.565010e-01
      vertex   -7.000000e-02 -2.067454e-02 -2.521341e-01
    endloop
  endfacet
  facet normal 6.658683e-03 1.614431e-01 -9.868596e-01
    outer loop
      vertex   -6.000000e-02 -3.754278e-02 -2.565596e-01
      vertex   -7.000000e-02 -3.677239e-02 -2.565010e-01
      vertex   -6.000000e-02 -2.680845e-02 -2.548035e-01
    endloop
  endfacet
  facet normal -1.745350e-02 -1.514361e-01 -9.883130e-01
    outer loop
      vertex   -6.000000e-02 -3.754278e-02 -2.565596e-01
      vertex   -7.000000e-02 -5.007195e-02 -2.544632e-01
      vertex   -7.000000e-02 -3.677239e-02 -2.565010e-01
    endloop
  endfacet
  facet normal -5.321854e-02 -1.233298e-01 -9.909377e-01
    outer loop
      vertex   -6.000000e-02 -4.790205e-02 -2.552703e-01
      vertex   -7.000000e-02 -5.007195e-02 -2.544632e-01
      vertex   -6.000000e-02 -3.754278e-02 -2.565596e-01
    endloop
  endfacet
  facet normal 2.698950e-02 -4.553818e-01 -8.898871e-01
    outer loop
      vertex   -6.000000e-02 -6.334117e-02 -2.473696e-01
      vertex   -7.000000e-02 -5.007195e-02 -2.544632e-01
      vertex   -6.000000e-02 -4.790205e-02 -2.552703e-01
    endloop
  endfacet
  facet normal 1.230621e-02 -4.641841e-01 -8.856533e-01
    outer loop
      vertex   -6.000000e-02 -6.334117e-02 -2.473696e-01
      vertex   -7.000000e-02 -6.361880e-02 -2.473631e-01
      vertex   -7.000000e-02 -5.007195e-02 -2.544632e-01
    endloop
  endfacet
  facet normal 2.120600e-02 -7.786330e-01 -6.271211e-01
    outer loop
      vertex   -6.000000e-02 -6.334117e-02 -2.473696e-01
      vertex   -7.000000e-02 -7.273227e-02 -2.360478e-01
      vertex   -7.000000e-02 -6.361880e-02 -2.473631e-01
    endloop
  endfacet
  facet normal 9.725254e-02 -8.065510e-01 -5.831101e-01
    outer loop
      vertex   -6.000000e-02 -7.469935e-02 -2.316591e-01
      vertex   -7.000000e-02 -7.273227e-02 -2.360478e-01
      vertex   -6.000000e-02 -6.334117e-02 -2.473696e-01
    endloop
  endfacet
  facet normal -5.633634e-02 -9.526985e-01 -2.986498e-01
    outer loop
      vertex   -6.000000e-02 -7.469935e-02 -2.316591e-01
      vertex   -7.000000e-02 -7.787985e-02 -2.196269e-01
      vertex   -7.000000e-02 -7.273227e-02 -2.360478e-01
    endloop
  endfacet
  facet normal 1.543105e-01 -9.793494e-01 -1.306253e-01
    outer loop
      vertex   -6.000000e-02 -7.742771e-02 -2.112036e-01
      vertex   -7.000000e-02 -7.787985e-02 -2.196269e-01
      vertex   -6.000000e-02 -7.469935e-02 -2.316591e-01
    endloop
  endfacet
  facet normal -4.401231e-02 -9.934368e-01 1.055755e-01
    outer loop
      vertex   -6.000000e-02 -7.742771e-02 -2.112036e-01
      vertex   -7.000000e-02 -7.636463e-02 -2.053691e-01
      vertex   -7.000000e-02 -7.787985e-02 -2.196269e-01
    endloop
  endfacet
  facet normal 9.081714e-02 -9.406342e-01 3.270467e-01
    outer loop
      vertex   -6.000000e-02 -7.190883e-02 -1.953305e-01
      vertex   -7.000000e-02 -7.636463e-02 -2.053691e-01
      vertex   -6.000000e-02 -7.742771e-02 -2.112036e-01
    endloop
  endfacet
  facet normal -6.297766e-02 -8.874243e-01 4.566312e-01
    outer loop
      vertex   -6.000000e-02 -7.190883e-02 -1.953305e-01
      vertex   -7.000000e-02 -6.976288e-02 -1.925392e-01
      vertex   -7.000000e-02 -7.636463e-02 -2.053691e-01
    endloop
  endfacet
  facet normal 2.745447e-02 -7.425481e-01 6.692298e-01
    outer loop
      vertex   -6.000000e-02 -6.361612e-02 -1.861292e-01
      vertex   -7.000000e-02 -6.976288e-02 -1.925392e-01
      vertex   -6.000000e-02 -7.190883e-02 -1.953305e-01
    endloop
  endfacet
  facet normal -1.158430e-01 -6.204176e-01 7.756690e-01
    outer loop
      vertex   -6.000000e-02 -6.361612e-02 -1.861292e-01
      vertex   -7.000000e-02 -5.516444e-02 -1.808626e-01
      vertex   -7.000000e-02 -6.976288e-02 -1.925392e-01
    endloop
  endfacet
  facet normal 1.073306e-01 -4.312380e-01 8.958314e-01
    outer loop
      vertex   -6.000000e-02 -4.657510e-02 -1.779260e-01
      vertex   -7.000000e-02 -5.516444e-02 -1.808626e-01
      vertex   -6.000000e-02 -6.361612e-02 -1.861292e-01
    endloop
  endfacet
  facet normal -6.741580e-02 -2.516045e-01 9.654793e-01
    outer loop
      vertex   -6.000000e-02 -4.657510e-02 -1.779260e-01
      vertex   -7.000000e-02 -3.996475e-02 -1.769016e-01
      vertex   -7.000000e-02 -5.516444e-02 -1.808626e-01
    endloop
  endfacet
  facet normal 9.813875e-02 -5.756010e-03 9.951561e-01
    outer loop
      vertex   -6.000000e-02 -2.958250e-02 -1.778277e-01
      vertex   -7.000000e-02 -3.996475e-02 -1.769016e-01
      vertex   -6.000000e-02 -4.657510e-02 -1.779260e-01
    endloop
  endfacet
  facet normal -1.001624e-01 1.837017e-01 9.778656e-01
    outer loop
      vertex   -6.000000e-02 -2.958250e-02 -1.778277e-01
      vertex   -7.000000e-02 -2.349246e-02 -1.799961e-01
      vertex   -7.000000e-02 -3.996475e-02 -1.769016e-01
    endloop
  endfacet
  facet normal 7.840312e-02 4.461640e-01 8.915103e-01
    outer loop
      vertex   -6.000000e-02 -1.355300e-02 -1.858498e-01
      vertex   -7.000000e-02 -2.349246e-02 -1.799961e-01
      vertex   -6.000000e-02 -2.958250e-02 -1.778277e-01
    endloop
  endfacet
  facet normal -1.107112e-01 5.846941e-01 8.036640e-01
    outer loop
      vertex   -6.000000e-02 -1.355300e-02 -1.858498e-01
      vertex   -7.000000e-02 -7.288367e-03 -1.917851e-01
      vertex   -7.000000e-02 -2.349246e-02 -1.799961e-01
    endloop
  endfacet
  facet normal 9.251376e-02 7.586607e-01 6.448838e-01
    outer loop
      vertex   -6.000000e-02 -2.700071e-03 -1.986175e-01
      vertex   -7.000000e-02 -7.288367e-03 -1.917851e-01
      vertex   -6.000000e-02 -1.355300e-02 -1.858498e-01
    endloop
  endfacet
  facet normal -8.700013e-02 8.812910e-01 4.644967e-01
    outer loop
      vertex   -6.000000e-02 -2.700071e-03 -1.986175e-01
      vertex   -7.000000e-02 4.033197e-05 -2.056899e-01
      vertex   -7.000000e-02 -7.288367e-03 -1.917851e-01
    endloop
  endfacet
  facet normal 7.648088e-02 9.613823e-01 2.643761e-01
    outer loop
      vertex   -6.000000e-02 1.357120e-03 -2.133712e-01
      vertex   -7.000000e-02 4.033197e-05 -2.056899e-01
      vertex   -6.000000e-02 -2.700071e-03 -1.986175e-01
    endloop
  endfacet
  facet normal -6.288388e-02 9.940850e-01 8.854780e-02
    outer loop
      vertex   -6.000000e-02 1.357120e-03 -2.133712e-01
      vertex   -7.000000e-02 1.339676e-03 -2.202770e-01
      vertex   -7.000000e-02 4.033197e-05 -2.056899e-01
    endloop
  endfacet
  facet normal -1.000000e+00 0.000000e+00 0.000000e+00
    outer loop
      vertex   6.000000e-02 1.745968e-02 4.664588e-02
      vertex   6.000000e-02 3.323406e-02 3.669015e-02
      vertex   6.000000e-02 4.485415e-02 2.150551e-02
    endloop
  endfacet
  facet normal -1.000000e+00 0.000000e+00 0.000000e+00
    outer loop
      vertex   6.000000e-02 4.485415e-02 2.150551e-02
      vertex   6.000000e-02 -1.344488e-03 4.958269e-02
      vertex   6.000000e-02 1.745968e-02 4.664588e-02
    endloop
  endfacet
  facet normal -1.000000e+00 0.000000e+00 0.000000e+00
    outer loop
      vertex   6.000000e-02 4.485415e-02 2.150551e-02
      vertex   6.000000e-02 -2.200258e-02 4.448132e-02
      vertex   6.000000e-02 -1.344488e-03 4.958269e-02
    endloop
  endfacet
  facet normal -1.000000e+00 0.000000e+00 0.000000e+00
    outer loop
      vertex   6.000000e-02 4.485415e-02 2.150551e-02
      vertex   6.000000e-02 -3.594590e-02 3.455190e-02
      vertex   6.000000e-02 -2.200258e-02 4.448132e-02
    endloop
  endfacet
  facet normal -1.000000e+00 0.000000e+00 0.000000e+00
    outer loop
      vertex   6.000000e-02 -4.445423e-02 2.226871e-02
      vertex   6.000000e-02 -3.594590e-02 3.455190e-02
      vertex   6.000000e-02 4.485415e-02 2.150551e-02
    endloop
  endfacet
  facet normal -1.000000e+00 0.000000e+00 0.000000e+00
    outer loop
      vertex   6.000000e-02 -1.965809e-02 -4.584615e-02
      vertex   6.000000e-02 1.972690e-02 -4.570011e-02
      vertex   6.000000e-02 -8.524153e-04 -4.945174e-02
    endloop
  endfacet
  facet normal -1.000000e+00 0.000000e+00 0.000000e+00
    outer loop
      vertex   6.000000e-02 -3.262385e-02 -3.747888e-02
      vertex   6.000000e-02 1.972690e-02 -4.570011e-02
      vertex   6.000000e-02 -1.965809e-02 -4.584615e-02
    endloop
  endfacet
  facet normal -1.000000e+00 0.000000e+00 0.000000e+00
    outer loop
      vertex   6.000000e-02 -3.262385e-02 -3.747888e-02
      vertex   6.000000e-02 3.433030e-02 -3.606939e-02
      vertex   6.000000e-02 1.972690e-02 -4.570011e-02
    endloop
  endfacet
  facet normal -1.000000e+00 0.000000e+00 0.000000e+00
    outer loop
      vertex   6.000000e-02 -4.280487e-02 -2.556726e-02
      vertex   6.000000e-02 3.433030e-02 -3.606939e-02
      vertex   6.000000e-02 -3.262385e-02 -3.747888e-02
    endloop
  endfacet
  facet normal -1.000000e+00 0.000000e+00 0.000000e+00
    outer loop
      vertex   6.000000e-02 -4.280487e-02 -2.556726e-02
      vertex   6.000000e-02 4.500269e-02 -2.062590e-02
      vertex   6.000000e-02 3.433030e-02 -3.606939e-02
    endloop
  endfacet
  facet normal -1.000000e+00 0.000000e+00 0.000000e+00
    outer loop
      vertex   6.000000e-02 -4.843626e-02 -1.132741e-02
      vertex   6.000000e-02 4.500269e-02 -2.062590e-02
      vertex   6.000000e-02 -4.280487e-02 -2.556726e-02
    endloop
  endfacet
  facet normal -1.000000e+00 0.000000e+00 0.000000e+00
    outer loop
      vertex   6.000000e-02 -4.843626e-02 -1.132741e-02
      vertex   6.000000e-02 4.948672e-02 3.309708e-03
      vertex   6.000000e-02 4.500269e-02 -2.062590e-02
    endloop
  endfacet
  facet normal -1.000000e+00 0.000000e+00 0.000000e+00
    outer loop
      vertex   6.000000e-02 -4.950379e-02 5.649391e-03
      vertex   6.000000e-02 4.948672e-02 3.309708e-03
      vertex   6.000000e-02 -4.843626e-02 -1.132741e-02
    endloop
  endfacet
  facet normal -1.000000e+00 0.000000e+00 0.000000e+00
    outer loop
      vertex   6.000000e-02 4.948672e-02 3.309708e-03
      vertex   6.000000e-02 -4.445423e-02 2.226871e-02
      vertex   6.000000e-02 4.485415e-02 2.150551e-02
    endloop
  endfacet
  facet normal -1.000000e+00 0.000000e+00 0.000000e+00
    outer loop
      vertex   6.000000e-02 4.948672e-02 3.309708e-03
      vertex   6.000000e-02 -4.950379e-02 5.649391e-03
      vertex   6.000000e-02 -4.445423e-02 2.226871e-02
    endloop
  endfacet
  facet normal 1.000000e+00 0.000000e+00 0.000000e+00
    outer loop
      vertex   8.000000e-02 4.919307e-04 4.979286e-02
      vertex   8.000000e-02 3.838577e-02 3.114053e-02
      vertex   8.000000e-02 1.738014e-02 4.645234e-02
    endloop
  endfacet
  facet normal 1.000000e+00 -0.000000e+00 0.000000e+00
    outer loop
      vertex   8.000000e-02 -1.580369e-02 4.713122e-02
      vertex   8.000000e-02 3.838577e-02 3.114053e-02
      vertex   8.000000e-02 4.919307e-04 4.979286e-02
    endloop
  endfacet
  facet normal 1.000000e+00 -0.000000e+00 0.000000e+00
    outer loop
      vertex   8.000000e-02 -2.966349e-02 4.007517e-02
      vertex   8.000000e-02 3.838577e-02 3.114053e-02
      vertex   8.000000e-02 -1.580369e-02 4.713122e-02
    endloop
  endfacet
  facet normal 1.000000e+00 0.000000e+00 0.000000e+00
    outer loop
      vertex   8.000000e-02 -4.024159e-02 2.918095e-02
      vertex   8.000000e-02 3.838577e-02 3.114053e-02
      vertex   8.000000e-02 -2.966349e-02 4.007517e-02
    endloop
  endfacet
  facet normal 1.000000e+00 0.000000e+00 0.000000e+00
    outer loop
      vertex   8.000000e-02 -4.848595e-02 1.046044e-02
      vertex   8.000000e-02 3.838577e-02 3.114053e-02
      vertex   8.000000e-02 -4.024159e-02 2.918095e-02
    endloop
  endfacet
  facet normal 1.000000e+00 -0.000000e+00 0.000000e+00
    outer loop
      vertex   8.000000e-02 -4.848595e-02 1.046044e-02
      vertex   8.000000e-02 4.869390e-02 9.743440e-03
      vertex   8.000000e-02 3.838577e-02 3.114053e-02
    endloop
  endfacet
  facet normal 1.000000e+00 0.000000e+00 0.000000e+00
    outer loop
      vertex   8.000000e-02 2.348564e-02 -4.361383e-02
      vertex   8.000000e-02 -1.455436e-02 -4.726663e-02
      vertex   8.000000e-02 4.421617e-03 -4.959859e-02
    endloop
  endfacet
  facet normal 1.000000e+00 0.000000e+00 0.000000e+00
    outer loop
      vertex   8.000000e-02 2.348564e-02 -4.361383e-02
      vertex   8.000000e-02 -3.142975e-02 -3.873604e-02
      vertex   8.000000e-02 -1.455436e-02 -4.726663e-02
    endloop
  endfacet
  facet normal 1.000000e+00 0.000000e+00 0.000000e+00
    outer loop
      vertex   8.000000e-02 3.949056e-02 -3.030092e-02
      vertex   8.000000e-02 -3.142975e-02 -3.873604e-02
      vertex   8.000000e-02 2.348564e-02 -4.361383e-02
    endloop
  endfacet
  facet normal 1.000000e+00 0.000000e+00 0.000000e+00
    outer loop
      vertex   8.000000e-02 3.949056e-02 -3.030092e-02
      vertex   8.000000e-02 -4.130050e-02 -2.781798e-02
      vertex   8.000000e-02 -3.142975e-02 -3.873604e-02
    endloop
  endfacet
  facet normal 1.000000e+00 0.000000e+00 0.000000e+00
    outer loop
      vertex   8.000000e-02 4.778234e-02 -1.325268e-02
      vertex   8.000000e-02 -4.130050e-02 -2.781798e-02
      vertex   8.000000e-02 3.949056e-02 -3.030092e-02
    endloop
  endfacet
  facet normal 1.000000e+00 0.000000e+00 0.000000e+00
    outer loop
      vertex   8.000000e-02 4.778234e-02 -1.325268e-02
      vertex   8.000000e-02 -4.812034e-02 -1.238608e-02
      vertex   8.000000e-02 -4.130050e-02 -2.781798e-02
    endloop
  endfacet
  facet normal 1.000000e+00 0.000000e+00 0.000000e+00
    outer loop
      vertex   8.000000e-02 4.778234e-02 -1.325268e-02
      vertex   8.000000e-02 -4.848595e-02 1.046044e-02
      vertex   8.000000e-02 -4.812034e-02 -1.238608e-02
    endloop
  endfacet
  facet normal 1.000000e+00 0.000000e+00 0.000000e+00
    outer loop
      vertex   8.000000e-02 4.869390e-02 9.743440e-03
      vertex   8.000000e-02 -4.848595e-02 1.046044e-02
      vertex   8.000000e-02 4.778234e-02 -1.325268e-02
    endloop
  endfacet
  facet normal -4.091786e-02 9.682740e-01 2.465181e-01
    outer loop
      vertex   6.000000e-02 4.485415e-02 2.150551e-02
      vertex   8.000000e-02 4.869390e-02 9.743440e-03
      vertex   6.000000e-02 4.948672e-02 3.309708e-03
    endloop
  endfacet
  facet normal 8.200623e-02 8.978714e-01 4.325528e-01
    outer loop
      vertex   6.000000e-02 4.485415e-02 2.150551e-02
      vertex   8.000000e-02 3.838577e-02 3.114053e-02
      vertex   8.000000e-02 4.869390e-02 9.743440e-03
    endloop
  endfacet
  facet normal -3.590592e-02 7.936358e-01 6.073327e-01
    outer loop
      vertex   6.000000e-02 3.323406e-02 3.669015e-02
      vertex   8.000000e-02 3.838577e-02 3.114053e-02
      vertex   6.000000e-02 4.485415e-02 2.150551e-02
    endloop
  endfacet
  facet normal 7.230995e-02 5.875098e-01 8.059799e-01
    outer loop
      vertex   6.000000e-02 3.323406e-02 3.669015e-02
      vertex   8.000000e-02 1.738014e-02 4.645234e-02
      vertex   8.000000e-02 3.838577e-02 3.114053e-02
    endloop
  endfacet
  facet normal 1.030544e-02 5.336951e-01 8.456142e-01
    outer loop
      vertex   6.000000e-02 1.745968e-02 4.664588e-02
      vertex   8.000000e-02 1.738014e-02 4.645234e-02
      vertex   6.000000e-02 3.323406e-02 3.669015e-02
    endloop
  endfacet
  facet normal 1.017436e-02 1.543000e-01 9.879717e-01
    outer loop
      vertex   6.000000e-02 -1.344488e-03 4.958269e-02
      vertex   8.000000e-02 1.738014e-02 4.645234e-02
      vertex   6.000000e-02 1.745968e-02 4.664588e-02
    endloop
  endfacet
  facet normal -2.811483e-02 1.939656e-01 9.806054e-01
    outer loop
      vertex   6.000000e-02 -1.344488e-03 4.958269e-02
      vertex   8.000000e-02 4.919307e-04 4.979286e-02
      vertex   8.000000e-02 1.738014e-02 4.645234e-02
    endloop
  endfacet
  facet normal 4.430245e-03 -1.611969e-01 9.869123e-01
    outer loop
      vertex   6.000000e-02 -1.344488e-03 4.958269e-02
      vertex   8.000000e-02 -1.580369e-02 4.713122e-02
      vertex   8.000000e-02 4.919307e-04 4.979286e-02
    endloop
  endfacet
  facet normal -5.424484e-02 -2.393886e-01 9.694073e-01
    outer loop
      vertex   6.000000e-02 -2.200258e-02 4.448132e-02
      vertex   8.000000e-02 -1.580369e-02 4.713122e-02
      vertex   6.000000e-02 -1.344488e-03 4.958269e-02
    endloop
  endfacet
  facet normal 2.253881e-02 -4.535757e-01 8.909327e-01
    outer loop
      vertex   6.000000e-02 -2.200258e-02 4.448132e-02
      vertex   8.000000e-02 -2.966349e-02 4.007517e-02
      vertex   8.000000e-02 -1.580369e-02 4.713122e-02
    endloop
  endfacet
  facet normal -4.270103e-02 -5.795441e-01 8.138214e-01
    outer loop
      vertex   6.000000e-02 -3.594590e-02 3.455190e-02
      vertex   8.000000e-02 -2.966349e-02 4.007517e-02
      vertex   6.000000e-02 -2.200258e-02 4.448132e-02
    endloop
  endfacet
  facet normal 3.296306e-02 -7.170492e-01 6.962427e-01
    outer loop
      vertex   6.000000e-02 -3.594590e-02 3.455190e-02
      vertex   8.000000e-02 -4.024159e-02 2.918095e-02
      vertex   8.000000e-02 -2.966349e-02 4.007517e-02
    endloop
  endfacet
  facet normal -2.364119e-02 -8.218188e-01 5.692583e-01
    outer loop
      vertex   6.000000e-02 -4.445423e-02 2.226871e-02
      vertex   8.000000e-02 -4.024159e-02 2.918095e-02
      vertex   6.000000e-02 -3.594590e-02 3.455190e-02
    endloop
  endfacet
  facet normal 5.339534e-02 -9.138773e-01 4.024640e-01
    outer loop
      vertex   6.000000e-02 -4.445423e-02 2.226871e-02
      vertex   8.000000e-02 -4.848595e-02 1.046044e-02
      vertex   8.000000e-02 -4.024159e-02 2.918095e-02
    endloop
  endfacet
  facet normal -2.123333e-02 -9.565943e-01 2.906483e-01
    outer loop
      vertex   6.000000e-02 -4.950379e-02 5.649391e-03
      vertex   8.000000e-02 -4.848595e-02 1.046044e-02
      vertex   6.000000e-02 -4.445423e-02 2.226871e-02
    endloop
  endfacet
  facet normal 6.574546e-02 -9.958695e-01 -6.262161e-02
    outer loop
      vertex   6.000000e-02 -4.843626e-02 -1.132741e-02
      vertex   8.000000e-02 -4.848595e-02 1.046044e-02
      vertex   6.000000e-02 -4.950379e-02 5.649391e-03
    endloop
  endfacet
  facet normal 1.494552e-02 -9.997603e-01 -1.599904e-02
    outer loop
      vertex   6.000000e-02 -4.843626e-02 -1.132741e-02
      vertex   8.000000e-02 -4.812034e-02 -1.238608e-02
      vertex   8.000000e-02 -4.848595e-02 1.046044e-02
    endloop
  endfacet
  facet normal -4.777161e-03 -9.299125e-01 -3.677499e-01
    outer loop
      vertex   6.000000e-02 -4.280487e-02 -2.556726e-02
      vertex   8.000000e-02 -4.812034e-02 -1.238608e-02
      vertex   6.000000e-02 -4.843626e-02 -1.132741e-02
    endloop
  endfacet
  facet normal 2.330433e-02 -9.144141e-01 -4.041085e-01
    outer loop
      vertex   6.000000e-02 -4.280487e-02 -2.556726e-02
      vertex   8.000000e-02 -4.130050e-02 -2.781798e-02
      vertex   8.000000e-02 -4.812034e-02 -1.238608e-02
    endloop
  endfacet
  facet normal -1.593655e-02 -7.600720e-01 -6.496434e-01
    outer loop
      vertex   6.000000e-02 -3.262385e-02 -3.747888e-02
      vertex   8.000000e-02 -4.130050e-02 -2.781798e-02
      vertex   6.000000e-02 -4.280487e-02 -2.556726e-02
    endloop
  endfacet
  facet normal 2.133841e-03 -7.417878e-01 -6.706313e-01
    outer loop
      vertex   6.000000e-02 -3.262385e-02 -3.747888e-02
      vertex   8.000000e-02 -3.142975e-02 -3.873604e-02
      vertex   8.000000e-02 -4.130050e-02 -2.781798e-02
    endloop
  endfacet
  facet normal -2.915026e-02 -4.509477e-01 -8.920743e-01
    outer loop
      vertex   6.000000e-02 -3.262385e-02 -3.747888e-02
      vertex   8.000000e-02 -1.455436e-02 -4.726663e-02
      vertex   8.000000e-02 -3.142975e-02 -3.873604e-02
    endloop
  endfacet
  facet normal 7.845088e-02 -5.405593e-01 -8.376402e-01
    outer loop
      vertex   6.000000e-02 -1.965809e-02 -4.584615e-02
      vertex   8.000000e-02 -1.455436e-02 -4.726663e-02
      vertex   6.000000e-02 -3.262385e-02 -3.747888e-02
    endloop
  endfacet
  facet normal -2.169702e-02 -1.882545e-01 -9.818806e-01
    outer loop
      vertex   6.000000e-02 -8.524153e-04 -4.945174e-02
      vertex   8.000000e-02 -1.455436e-02 -4.726663e-02
      vertex   6.000000e-02 -1.965809e-02 -4.584615e-02
    endloop
  endfacet
  facet normal 2.486888e-02 -1.219347e-01 -9.922265e-01
    outer loop
      vertex   6.000000e-02 -8.524153e-04 -4.945174e-02
      vertex   8.000000e-02 4.421617e-03 -4.959859e-02
      vertex   8.000000e-02 -1.455436e-02 -4.726663e-02
    endloop
  endfacet
  facet normal -5.443634e-02 1.790794e-01 -9.823275e-01
    outer loop
      vertex   6.000000e-02 1.972690e-02 -4.570011e-02
      vertex   8.000000e-02 4.421617e-03 -4.959859e-02
      vertex   6.000000e-02 -8.524153e-04 -4.945174e-02
    endloop
  endfacet
  facet normal 4.319404e-02 2.992377e-01 -9.532004e-01
    outer loop
      vertex   6.000000e-02 1.972690e-02 -4.570011e-02
      vertex   8.000000e-02 2.348564e-02 -4.361383e-02
      vertex   8.000000e-02 4.421617e-03 -4.959859e-02
    endloop
  endfacet
  facet normal -1.638331e-02 5.504683e-01 -8.346953e-01
    outer loop
      vertex   6.000000e-02 3.433030e-02 -3.606939e-02
      vertex   8.000000e-02 2.348564e-02 -4.361383e-02
      vertex   6.000000e-02 1.972690e-02 -4.570011e-02
    endloop
  endfacet
  facet normal 5.665252e-02 6.384619e-01 -7.675656e-01
    outer loop
      vertex   6.000000e-02 3.433030e-02 -3.606939e-02
      vertex   8.000000e-02 3.949056e-02 -3.030092e-02
      vertex   8.000000e-02 2.348564e-02 -4.361383e-02
    endloop
  endfacet
  facet normal -4.823047e-02 8.217147e-01 -5.678545e-01
    outer loop
      vertex   6.000000e-02 4.500269e-02 -2.062590e-02
      vertex   8.000000e-02 3.949056e-02 -3.030092e-02
      vertex   6.000000e-02 3.433030e-02 -3.606939e-02
    endloop
  endfacet
  facet normal 3.623835e-02 8.986852e-01 -4.370946e-01
    outer loop
      vertex   6.000000e-02 4.500269e-02 -2.062590e-02
      vertex   8.000000e-02 4.778234e-02 -1.325268e-02
      vertex   8.000000e-02 3.949056e-02 -3.030092e-02
    endloop
  endfacet
  facet normal -6.856110e-02 9.805883e-01 -1.837008e-01
    outer loop
      vertex   6.000000e-02 4.948672e-02 3.309708e-03
      vertex   8.000000e-02 4.778234e-02 -1.325268e-02
      vertex   6.000000e-02 4.500269e-02 -2.062590e-02
    endloop
  endfacet
  facet normal 5.228024e-02 9.978488e-01 -3.955446e-02
    outer loop
      vertex   8.000000e-02 4.778234e-02 -1.325268e-02
      vertex   6.000000e-02 4.948672e-02 3.309708e-03
      vertex   8.000000e-02 4.869390e-02 9.743440e-03
    endloop
  endfacet
  facet normal -1.000000e+00 0.000000e+00 0.000000e+00
    outer loop
      vertex   -7.000000e-02 9.031382e-03 4.886120e-02
      vertex   -7.000000e-02 2.821768e-02 4.079232e-02
      vertex   -7.000000e-02 4.241512e-02 2.590194e-02
    endloop
  endfacet
  facet normal -1.000000e+00 0.000000e+00 0.000000e+00
    outer loop
      vertex   -7.000000e-02 4.241512e-02 2.590194e-02
      vertex   -7.000000e-02 -1.201608e-02 4.815102e-02
      vertex   -7.000000e-02 9.031382e-03 4.886120e-02
    endloop
  endfacet
  facet normal -1.000000e+00 0.000000e+00 0.000000e+00
    outer loop
      vertex   -7.000000e-02 -2.762943e-02 4.146270e-02
      vertex   -7.000000e-02 -1.201608e-02 4.815102e-02
      vertex   -7.000000e-02 4.241512e-02 2.590194e-02
    endloop
  endfacet
  facet normal -1.000000e+00 0.000000e+00 0.000000e+00
    outer loop
      vertex   -7.000000e-02 4.241512e-02 2.590194e-02
      vertex   -7.000000e-02 -3.856162e-02 3.160606e-02
      vertex   -7.000000e-02 -2.762943e-02 4.146270e-02
    endloop
  endfacet
  facet normal -1.000000e+00 0.000000e+00 0.000000e+00
    outer loop
      vertex   -7.000000e-02 -1.580369e-02 -4.713122e-02
      vertex   -7.000000e-02 1.738014e-02 -4.645234e-02
      vertex   -7.000000e-02 4.919307e-04 -4.979286e-02
    endloop
  endfacet
  facet normal -1.000000e+00 0.000000e+00 0.000000e+00
    outer loop
      vertex   -7.000000e-02 -3.262385e-02 -3.747888e-02
      vertex   -7.000000e-02 1.738014e-02 -4.645234e-02
      vertex   -7.000000e-02 -1.580369e-02 -4.713122e-02
    endloop
  endfacet
  facet normal -1.000000e+00 0.000000e+00 0.000000e+00
    outer loop
      vertex   -7.000000e-02 -3.262385e-02 -3.747888e-02
      vertex   -7.000000e-02 3.838577e-02 -3.114053e-02
      vertex   -7.000000e-02 1.738014e-02 -4.645234e-02
    endloop
  endfacet
  facet normal -1.000000e+00 0.000000e+00 0.000000e+00
    outer loop
      vertex   -7.000000e-02 -4.280487e-02 -2.556726e-02
      vertex   -7.000000e-02 3.838577e-02 -3.114053e-02
      vertex   -7.000000e-02 -3.262385e-02 -3.747888e-02
    endloop
  endfacet
  facet normal -1.000000e+00 0.000000e+00 0.000000e+00
    outer loop
      vertex   -7.000000e-02 -4.280487e-02 -2.556726e-02
      vertex   -7.000000e-02 4.869679e-02 -9.121938e-03
      vertex   -7.000000e-02 3.838577e-02 -3.114053e-02
    endloop
  endfacet
  facet normal -1.000000e+00 0.000000e+00 0.000000e+00
    outer loop
      vertex   -7.000000e-02 -4.917424e-02 -4.677004e-03
      vertex   -7.000000e-02 4.869679e-02 -9.121938e-03
      vertex   -7.000000e-02 -4.280487e-02 -2.556726e-02
    endloop
  endfacet
  facet normal -1.000000e+00 -0.000000e+00 0.000000e+00
    outer loop
      vertex   -7.000000e-02 4.241512e-02 2.590194e-02
      vertex   -7.000000e-02 -4.636252e-02 1.761834e-02
      vertex   -7.000000e-02 -3.856162e-02 3.160606e-02
    endloop
  endfacet
  facet normal -1.000000e+00 0.000000e+00 0.000000e+00
    outer loop
      vertex   -7.000000e-02 4.896935e-02 8.924884e-03
      vertex   -7.000000e-02 -4.636252e-02 1.761834e-02
      vertex   -7.000000e-02 4.241512e-02 2.590194e-02
    endloop
  endfacet
  facet normal -1.000000e+00 -0.000000e+00 0.000000e+00
    outer loop
      vertex   -7.000000e-02 4.896935e-02 8.924884e-03
      vertex   -7.000000e-02 -4.917424e-02 -4.677004e-03
      vertex   -7.000000e-02 -4.636252e-02 1.761834e-02
    endloop
  endfacet
  facet normal -1.000000e+00 0.000000e+00 0.000000e+00
    outer loop
      vertex   -7.000000e-02 4.869679e-02 -9.121938e-03
      vertex   -7.000000e-02 -4.917424e-02 -4.677004e-03
      vertex   -7.000000e-02 4.896935e-02 8.924884e-03
    endloop
  endfacet
  facet normal 1.000000e+00 0.000000e+00 0.000000e+00
    outer loop
      vertex   -6.000000e-02 1.738014e-02 4.645234e-02
      vertex   -6.000000e-02 4.577214e-02 1.936143e-02
      vertex   -6.000000e-02 3.479109e-02 3.548990e-02
    endloop
  endfacet
  facet normal 1.000000e+00 0.000000e+00 0.000000e+00
    outer loop
      vertex   -6.000000e-02 4.919307e-04 4.979286e-02
      vertex   -6.000000e-02 4.577214e-02 1.936143e-02
      vertex   -6.000000e-02 1.738014e-02 4.645234e-02
    endloop
  endfacet
  facet normal 1.000000e+00 -0.000000e+00 0.000000e+00
    outer loop
      vertex   -6.000000e-02 -1.385290e-02 4.789613e-02
      vertex   -6.000000e-02 4.577214e-02 1.936143e-02
      vertex   -6.000000e-02 4.919307e-04 4.979286e-02
    endloop
  endfacet
  facet normal 1.000000e+00 -0.000000e+00 0.000000e+00
    outer loop
      vertex   -6.000000e-02 -2.807463e-02 4.102345e-02
      vertex   -6.000000e-02 4.577214e-02 1.936143e-02
      vertex   -6.000000e-02 -1.385290e-02 4.789613e-02
    endloop
  endfacet
  facet normal 1.000000e+00 -0.000000e+00 0.000000e+00
    outer loop
      vertex   -6.000000e-02 -4.265419e-02 2.491500e-02
      vertex   -6.000000e-02 4.577214e-02 1.936143e-02
      vertex   -6.000000e-02 -2.807463e-02 4.102345e-02
    endloop
  endfacet
  facet normal 1.000000e+00 0.000000e+00 0.000000e+00
    outer loop
      vertex   -6.000000e-02 -4.965446e-02 2.575904e-03
      vertex   -6.000000e-02 4.577214e-02 1.936143e-02
      vertex   -6.000000e-02 -4.265419e-02 2.491500e-02
    endloop
  endfacet
  facet normal 1.000000e+00 -0.000000e+00 0.000000e+00
    outer loop
      vertex   -6.000000e-02 -4.965446e-02 2.575904e-03
      vertex   -6.000000e-02 4.976854e-02 -8.615103e-04
      vertex   -6.000000e-02 4.577214e-02 1.936143e-02
    endloop
  endfacet
  facet normal 1.000000e+00 0.000000e+00 0.000000e+00
    outer loop
      vertex   -6.000000e-02 9.154858e-03 -4.885998e-02
      vertex   -6.000000e-02 -2.052286e-02 -4.536941e-02
      vertex   -6.000000e-02 -6.630629e-03 -4.941636e-02
    endloop
  endfacet
  facet normal 1.000000e+00 0.000000e+00 0.000000e+00
    outer loop
      vertex   -6.000000e-02 2.457211e-02 -4.330066e-02
      vertex   -6.000000e-02 -2.052286e-02 -4.536941e-02
      vertex   -6.000000e-02 9.154858e-03 -4.885998e-02
    endloop
  endfacet
  facet normal 1.000000e+00 0.000000e+00 0.000000e+00
    outer loop
      vertex   -6.000000e-02 2.457211e-02 -4.330066e-02
      vertex   -6.000000e-02 -3.618317e-02 -3.359947e-02
      vertex   -6.000000e-02 -2.052286e-02 -4.536941e-02
    endloop
  endfacet
  facet normal 1.000000e+00 0.000000e+00 0.000000e+00
    outer loop
      vertex   -6.000000e-02 3.873904e-02 -3.111702e-02
      vertex   -6.000000e-02 -3.618317e-02 -3.359947e-02
      vertex   -6.000000e-02 2.457211e-02 -4.330066e-02
    endloop
  endfacet
  facet normal 1.000000e+00 0.000000e+00 0.000000e+00
    outer loop
      vertex   -6.000000e-02 4.688128e-02 -1.675952e-02
      vertex   -6.000000e-02 -3.618317e-02 -3.359947e-02
      vertex   -6.000000e-02 3.873904e-02 -3.111702e-02
    endloop
  endfacet
  facet normal 1.000000e+00 0.000000e+00 0.000000e+00
    outer loop
      vertex   -6.000000e-02 4.688128e-02 -1.675952e-02
      vertex   -6.000000e-02 -4.734708e-02 -1.535919e-02
      vertex   -6.000000e-02 -3.618317e-02 -3.359947e-02
    endloop
  endfacet
  facet normal 1.000000e+00 0.000000e+00 0.000000e+00
    outer loop
      vertex   -6.000000e-02 4.976854e-02 -8.615103e-04
      vertex   -6.000000e-02 -4.734708e-02 -1.535919e-02
      vertex   -6.000000e-02 4.688128e-02 -1.675952e-02
    endloop
  endfacet
  facet normal 1.000000e+00 0.000000e+00 0.000000e+00
    outer loop
      vertex   -6.000000e-02 4.976854e-02 -8.615103e-04
      vertex   -6.000000e-02 -4.965446e-02 2.575904e-03
      vertex   -6.000000e-02 -4.734708e-02 -1.535919e-02
    endloop
  endfacet
  facet normal 1.106400e-01 9.750046e-01 1.926779e-01
    outer loop
      vertex   -7.000000e-02 4.896935e-02 8.924884e-03
      vertex   -6.000000e-02 4.577214e-02 1.936143e-02
      vertex   -6.000000e-02 4.976854e-02 -8.615103e-04
    endloop
  endfacet
  facet normal -7.738028e-02 9.300951e-01 3.590757e-01
    outer loop
      vertex   -7.000000e-02 4.241512e-02 2.590194e-02
      vertex   -6.000000e-02 4.577214e-02 1.936143e-02
      vertex   -7.000000e-02 4.896935e-02 8.924884e-03
    endloop
  endfacet
  facet normal 9.023279e-02 8.232283e-01 5.604937e-01
    outer loop
      vertex   -7.000000e-02 4.241512e-02 2.590194e-02
      vertex   -6.000000e-02 3.479109e-02 3.548990e-02
      vertex   -6.000000e-02 4.577214e-02 1.936143e-02
    endloop
  endfacet
  facet normal -1.091897e-01 7.194188e-01 6.859404e-01
    outer loop
      vertex   -7.000000e-02 2.821768e-02 4.079232e-02
      vertex   -6.000000e-02 3.479109e-02 3.548990e-02
      vertex   -7.000000e-02 4.241512e-02 2.590194e-02
    endloop
  endfacet
  facet normal 9.799393e-02 5.302485e-01 8.421602e-01
    outer loop
      vertex   -7.000000e-02 2.821768e-02 4.079232e-02
      vertex   -6.000000e-02 1.738014e-02 4.645234e-02
      vertex   -6.000000e-02 3.479109e-02 3.548990e-02
    endloop
  endfacet
  facet normal -1.010850e-01 3.856811e-01 9.170779e-01
    outer loop
      vertex   -7.000000e-02 9.031382e-03 4.886120e-02
      vertex   -6.000000e-02 1.738014e-02 4.645234e-02
      vertex   -7.000000e-02 2.821768e-02 4.079232e-02
    endloop
  endfacet
  facet normal 7.410164e-02 1.935088e-01 9.782961e-01
    outer loop
      vertex   -7.000000e-02 9.031382e-03 4.886120e-02
      vertex   -6.000000e-02 4.919307e-04 4.979286e-02
      vertex   -6.000000e-02 1.738014e-02 4.645234e-02
    endloop
  endfacet
  facet normal -1.210146e-01 -3.347469e-02 9.920861e-01
    outer loop
      vertex   -7.000000e-02 -1.201608e-02 4.815102e-02
      vertex   -6.000000e-02 4.919307e-04 4.979286e-02
      vertex   -7.000000e-02 9.031382e-03 4.886120e-02
    endloop
  endfacet
  facet normal 1.191717e-03 -1.310832e-01 9.913707e-01
    outer loop
      vertex   -7.000000e-02 -1.201608e-02 4.815102e-02
      vertex   -6.000000e-02 -1.385290e-02 4.789613e-02
      vertex   -6.000000e-02 4.919307e-04 4.979286e-02
    endloop
  endfacet
  facet normal -5.687952e-02 -4.344046e-01 8.989201e-01
    outer loop
      vertex   -7.000000e-02 -1.201608e-02 4.815102e-02
      vertex   -6.000000e-02 -2.807463e-02 4.102345e-02
      vertex   -6.000000e-02 -1.385290e-02 4.789613e-02
    endloop
  endfacet
  facet normal 2.283979e-02 -3.936616e-01 9.189717e-01
    outer loop
      vertex   -7.000000e-02 -2.762943e-02 4.146270e-02
      vertex   -6.000000e-02 -2.807463e-02 4.102345e-02
      vertex   -7.000000e-02 -1.201608e-02 4.815102e-02
    endloop
  endfacet
  facet normal 2.810898e-03 -6.696250e-01 7.426941e-01
    outer loop
      vertex   -7.000000e-02 -3.856162e-02 3.160606e-02
      vertex   -6.000000e-02 -2.807463e-02 4.102345e-02
      vertex   -7.000000e-02 -2.762943e-02 4.146270e-02
    endloop
  endfacet
  facet normal 1.440533e-01 -7.336827e-01 6.640470e-01
    outer loop
      vertex   -7.000000e-02 -3.856162e-02 3.160606e-02
      vertex   -6.000000e-02 -4.265419e-02 2.491500e-02
      vertex   -6.000000e-02 -2.807463e-02 4.102345e-02
    endloop
  endfacet
  facet normal -3.151157e-02 -8.729286e-01 4.868293e-01
    outer loop
      vertex   -7.000000e-02 -4.636252e-02 1.761834e-02
      vertex   -6.000000e-02 -4.265419e-02 2.491500e-02
      vertex   -7.000000e-02 -3.856162e-02 3.160606e-02
    endloop
  endfacet
  facet normal 1.344451e-01 -9.455814e-01 2.963111e-01
    outer loop
      vertex   -7.000000e-02 -4.636252e-02 1.761834e-02
      vertex   -6.000000e-02 -4.965446e-02 2.575904e-03
      vertex   -6.000000e-02 -4.265419e-02 2.491500e-02
    endloop
  endfacet
  facet normal -1.370867e-01 -9.827747e-01 1.239400e-01
    outer loop
      vertex   -7.000000e-02 -4.917424e-02 -4.677004e-03
      vertex   -6.000000e-02 -4.965446e-02 2.575904e-03
      vertex   -7.000000e-02 -4.636252e-02 1.761834e-02
    endloop
  endfacet
  facet normal 4.487299e-02 -9.908267e-01 -1.274713e-01
    outer loop
      vertex   -7.000000e-02 -4.917424e-02 -4.677004e-03
      vertex   -6.000000e-02 -4.734708e-02 -1.535919e-02
      vertex   -6.000000e-02 -4.965446e-02 2.575904e-03
    endloop
  endfacet
  facet normal -1.355029e-01 -9.477054e-01 -2.889523e-01
    outer loop
      vertex   -7.000000e-02 -4.280487e-02 -2.556726e-02
      vertex   -6.000000e-02 -4.734708e-02 -1.535919e-02
      vertex   -7.000000e-02 -4.917424e-02 -4.677004e-03
    endloop
  endfacet
  facet normal 1.439605e-01 -8.440420e-01 -5.165931e-01
    outer loop
      vertex   -7.000000e-02 -4.280487e-02 -2.556726e-02
      vertex   -6.000000e-02 -3.618317e-02 -3.359947e-02
      vertex   -6.000000e-02 -4.734708e-02 -1.535919e-02
    endloop
  endfacet
  facet normal -1.850989e-02 -7.600383e-01 -6.496146e-01
    outer loop
      vertex   -7.000000e-02 -3.262385e-02 -3.747888e-02
      vertex   -6.000000e-02 -3.618317e-02 -3.359947e-02
      vertex   -7.000000e-02 -4.280487e-02 -2.556726e-02
    endloop
  endfacet
  facet normal 9.582849e-02 -5.980415e-01 -7.957156e-01
    outer loop
      vertex   -7.000000e-02 -3.262385e-02 -3.747888e-02
      vertex   -6.000000e-02 -2.052286e-02 -4.536941e-02
      vertex   -6.000000e-02 -3.618317e-02 -3.359947e-02
    endloop
  endfacet
  facet normal -8.180108e-02 -4.960568e-01 -8.644283e-01
    outer loop
      vertex   -7.000000e-02 -1.580369e-02 -4.713122e-02
      vertex   -6.000000e-02 -2.052286e-02 -4.536941e-02
      vertex   -7.000000e-02 -3.262385e-02 -3.747888e-02
    endloop
  endfacet
  facet normal 3.713695e-02 -2.794921e-01 -9.594295e-01
    outer loop
      vertex   -7.000000e-02 -1.580369e-02 -4.713122e-02
      vertex   -6.000000e-02 -6.630629e-03 -4.941636e-02
      vertex   -6.000000e-02 -2.052286e-02 -4.536941e-02
    endloop
  endfacet
  facet normal -7.742378e-02 -1.607146e-01 -9.839595e-01
    outer loop
      vertex   -7.000000e-02 4.919307e-04 -4.979286e-02
      vertex   -6.000000e-02 -6.630629e-03 -4.941636e-02
      vertex   -7.000000e-02 -1.580369e-02 -4.713122e-02
    endloop
  endfacet
  facet normal 6.259272e-02 3.515555e-02 -9.974198e-01
    outer loop
      vertex   -7.000000e-02 4.919307e-04 -4.979286e-02
      vertex   -6.000000e-02 9.154858e-03 -4.885998e-02
      vertex   -6.000000e-02 -6.630629e-03 -4.941636e-02
    endloop
  endfacet
  facet normal -7.635856e-02 1.934758e-01 -9.781291e-01
    outer loop
      vertex   -7.000000e-02 1.738014e-02 -4.645234e-02
      vertex   -6.000000e-02 9.154858e-03 -4.885998e-02
      vertex   -7.000000e-02 4.919307e-04 -4.979286e-02
    endloop
  endfacet
  facet normal 5.244974e-02 3.387442e-01 -9.394154e-01
    outer loop
      vertex   -7.000000e-02 1.738014e-02 -4.645234e-02
      vertex   -6.000000e-02 2.457211e-02 -4.330066e-02
      vertex   -6.000000e-02 9.154858e-03 -4.885998e-02
    endloop
  endfacet
  facet normal -1.665974e-01 5.808198e-01 -7.968021e-01
    outer loop
      vertex   -7.000000e-02 3.838577e-02 -3.114053e-02
      vertex   -6.000000e-02 2.457211e-02 -4.330066e-02
      vertex   -7.000000e-02 1.738014e-02 -4.645234e-02
    endloop
  endfacet
  facet normal -2.124747e-02 6.518947e-01 -7.580118e-01
    outer loop
      vertex   -7.000000e-02 3.838577e-02 -3.114053e-02
      vertex   -6.000000e-02 3.873904e-02 -3.111702e-02
      vertex   -6.000000e-02 2.457211e-02 -4.330066e-02
    endloop
  endfacet
  facet normal -2.955703e-02 8.694777e-01 -4.930871e-01
    outer loop
      vertex   -7.000000e-02 3.838577e-02 -3.114053e-02
      vertex   -6.000000e-02 4.688128e-02 -1.675952e-02
      vertex   -6.000000e-02 3.873904e-02 -3.111702e-02
    endloop
  endfacet
  facet normal -1.574959e-01 8.943175e-01 -4.187973e-01
    outer loop
      vertex   -7.000000e-02 4.869679e-02 -9.121938e-03
      vertex   -6.000000e-02 4.688128e-02 -1.675952e-02
      vertex   -7.000000e-02 3.838577e-02 -3.114053e-02
    endloop
  endfacet
  facet normal 4.211646e-02 9.830327e-01 -1.785299e-01
    outer loop
      vertex   -7.000000e-02 4.869679e-02 -9.121938e-03
      vertex   -6.000000e-02 4.976854e-02 -8.615103e-04
      vertex   -6.000000e-02 4.688128e-02 -1.675952e-02
    endloop
  endfacet
  facet normal -9.426743e-02 9.954334e-01 -1.503371e-02
    outer loop
      vertex   -6.000000e-02 4.976854e-02 -8.615103e-04
      vertex   -7.000000e-02 4.869679e-02 -9.121938e-03
      vertex   -7.000000e-02 4.896935e-02 8.924884e-03
    endloop
  endfacet
  facet normal -1.000000e+00 0.000000e+00 0.000000e+00
    outer loop
      vertex   -6.000000e-02 -7.211742e-02 -2.378685e-01
      vertex   -6.000000e-02 -6.196815e-04 -2.029761e-01
      vertex   -6.000000e-02 8.362234e-04 -2.250048e-01
    endloop
  endfacet
  facet normal -1.000000e+00 0.000000e+00 -0.000000e+00
    outer loop
      vertex   -6.000000e-02 -6.884627e-02 -1.909459e-01
      vertex   -6.000000e-02 -6.196815e-04 -2.029761e-01
      vertex   -6.000000e-02 -7.211742e-02 -2.378685e-01
    endloop
  endfacet
  facet normal 0.000000e+00 9.975788e-01 -6.954487e-02
    outer loop
      vertex   -7.000000e-02 -6.884627e-02 -1.909459e-01
      vertex   -6.000000e-02 -7.211742e-02 -2.378685e-01
      vertex   -7.000000e-02 -7.211742e-02 -2.378685e-01
    endloop
  endfacet
  facet normal 0.000000e+00 9.975788e-01 -6.954487e-02
    outer loop
      vertex   -6.000000e-02 -6.884627e-02 -1.909459e-01
      vertex   -6.000000e-02 -7.211742e-02 -2.378685e-01
      vertex   -7.000000e-02 -6.884627e-02 -1.909459e-01
    endloop
  endfacet
  facet normal -6.717264e-01 -7.399012e-01 -3.646754e-02
    outer loop
      vertex   -6.595624e-02 -1.316293e-01 -2.106768e-01
      vertex   -6.705867e-02 -1.306621e-01 -2.099945e-01
      vertex   -6.805552e-02 -1.295632e-01 -2.139289e-01
    endloop
  endfacet
  facet normal 7.609670e-01 -6.487868e-01 -2.204865e-03
    outer loop
      vertex   7.810026e-02 -1.294517e-01 -2.093338e-01
      vertex   7.649574e-02 -1.312954e-01 -2.205852e-01
      vertex   7.872405e-02 -1.286647e-01 -2.256202e-01
    endloop
  endfacet
  facet normal 9.999850e-01 -3.794916e-03 -3.962009e-03
    outer loop
      vertex   7.990973e-02 -1.246406e-01 -2.103428e-01
      vertex   7.975787e-02 -1.260005e-01 -2.473696e-01
      vertex   8.000000e-02 -7.211742e-02 -2.378685e-01
    endloop
  endfacet
  facet normal 9.826087e-01 -1.856672e-01 2.788893e-03
    outer loop
      vertex   7.955772e-02 -1.265413e-01 -2.128592e-01
      vertex   7.975787e-02 -1.260005e-01 -2.473696e-01
      vertex   7.990973e-02 -1.246406e-01 -2.103428e-01
    endloop
  endfacet
  facet normal 9.339214e-01 -3.574783e-01 -1.862053e-04
    outer loop
      vertex   7.955772e-02 -1.265413e-01 -2.128592e-01
      vertex   7.848807e-02 -1.293176e-01 -2.479545e-01
      vertex   7.975787e-02 -1.260005e-01 -2.473696e-01
    endloop
  endfacet
  facet normal 9.287176e-01 -3.707863e-01 1.025137e-03
    outer loop
      vertex   7.872405e-02 -1.286647e-01 -2.256202e-01
      vertex   7.848807e-02 -1.293176e-01 -2.479545e-01
      vertex   7.955772e-02 -1.265413e-01 -2.128592e-01
    endloop
  endfacet
  facet normal 7.817601e-01 -6.234997e-01 9.964567e-03
    outer loop
      vertex   7.872405e-02 -1.286647e-01 -2.256202e-01
      vertex   7.692544e-02 -1.312824e-01 -2.483009e-01
      vertex   7.848807e-02 -1.293176e-01 -2.479545e-01
    endloop
  endfacet
  facet normal 7.739344e-01 -6.331577e-01 1.169981e-02
    outer loop
      vertex   7.649574e-02 -1.312954e-01 -2.205852e-01
      vertex   7.692544e-02 -1.312824e-01 -2.483009e-01
      vertex   7.872405e-02 -1.286647e-01 -2.256202e-01
    endloop
  endfacet
  facet normal 5.643646e-01 -8.254833e-01 8.359942e-03
    outer loop
      vertex   7.649574e-02 -1.312954e-01 -2.205852e-01
      vertex   7.443326e-02 -1.329893e-01 -2.486019e-01
      vertex   7.692544e-02 -1.312824e-01 -2.483009e-01
    endloop
  endfacet
  facet normal 5.567089e-01 -8.306563e-01 9.236269e-03
    outer loop
      vertex   7.461723e-02 -1.324679e-01 -2.128034e-01
      vertex   7.443326e-02 -1.329893e-01 -2.486019e-01
      vertex   7.649574e-02 -1.312954e-01 -2.205852e-01
    endloop
  endfacet
  facet normal 3.865341e-01 -9.222041e-01 1.144411e-02
    outer loop
      vertex   7.309163e-02 -1.330536e-01 -2.084694e-01
      vertex   7.443326e-02 -1.329893e-01 -2.486019e-01
      vertex   7.461723e-02 -1.324679e-01 -2.128034e-01
    endloop
  endfacet
  facet normal 1.863144e-01 -9.824791e-01 4.654200e-03
    outer loop
      vertex   7.070256e-02 -1.335099e-01 -2.091552e-01
      vertex   7.443326e-02 -1.329893e-01 -2.486019e-01
      vertex   7.309163e-02 -1.330536e-01 -2.084694e-01
    endloop
  endfacet
  facet normal 2.612341e-01 -9.652013e-01 1.196780e-02
    outer loop
      vertex   7.057634e-02 -1.340354e-01 -2.487864e-01
      vertex   7.443326e-02 -1.329893e-01 -2.486019e-01
      vertex   7.070256e-02 -1.335099e-01 -2.091552e-01
    endloop
  endfacet
  facet normal 5.811227e-02 -9.982247e-01 1.305267e-02
    outer loop
      vertex   6.971231e-02 -1.337277e-01 -2.214046e-01
      vertex   7.057634e-02 -1.340354e-01 -2.487864e-01
      vertex   7.070256e-02 -1.335099e-01 -2.091552e-01
    endloop
  endfacet
  facet normal -1.211221e-04 -9.999369e-01 1.123437e-02
    outer loop
      vertex   5.000000e-03 -1.335903e-01 -2.098705e-01
      vertex   7.057634e-02 -1.340354e-01 -2.487864e-01
      vertex   6.971231e-02 -1.337277e-01 -2.214046e-01
    endloop
  endfacet
  facet normal 3.318291e-04 -9.999280e-01 1.199753e-02
    outer loop
      vertex   5.000000e-03 -1.335903e-01 -2.098705e-01
      vertex   -5.941720e-02 -1.340787e-01 -2.487940e-01
      vertex   7.057634e-02 -1.340354e-01 -2.487864e-01
    endloop
  endfacet
  facet normal -2.202785e-04 -9.999166e-01 1.291111e-02
    outer loop
      vertex   -5.963361e-02 -1.337156e-01 -2.206842e-01
      vertex   -5.941720e-02 -1.340787e-01 -2.487940e-01
      vertex   5.000000e-03 -1.335903e-01 -2.098705e-01
    endloop
  endfacet
  facet normal -1.091657e-01 -9.939512e-01 1.199532e-02
    outer loop
      vertex   -5.963361e-02 -1.337156e-01 -2.206842e-01
      vertex   -6.241865e-02 -1.337483e-01 -2.487357e-01
      vertex   -5.941720e-02 -1.340787e-01 -2.487940e-01
    endloop
  endfacet
  facet normal -1.033207e-01 -9.945826e-01 1.141574e-02
    outer loop
      vertex   -6.215590e-02 -1.333380e-01 -2.106092e-01
      vertex   -6.241865e-02 -1.337483e-01 -2.487357e-01
      vertex   -5.963361e-02 -1.337156e-01 -2.206842e-01
    endloop
  endfacet
  facet normal -3.076851e-01 -9.514080e-01 1.235946e-02
    outer loop
      vertex   -6.388181e-02 -1.327966e-01 -2.119034e-01
      vertex   -6.241865e-02 -1.337483e-01 -2.487357e-01
      vertex   -6.215590e-02 -1.333380e-01 -2.106092e-01
    endloop
  endfacet
  facet normal -3.773608e-01 -9.260232e-01 8.935726e-03
    outer loop
      vertex   -6.388181e-02 -1.327966e-01 -2.119034e-01
      vertex   -6.499613e-02 -1.326962e-01 -2.485502e-01
      vertex   -6.241865e-02 -1.337483e-01 -2.487357e-01
    endloop
  endfacet
  facet normal -4.848216e-01 -8.745259e-01 1.234449e-02
    outer loop
      vertex   -6.595624e-02 -1.316293e-01 -2.106768e-01
      vertex   -6.499613e-02 -1.326962e-01 -2.485502e-01
      vertex   -6.388181e-02 -1.327966e-01 -2.119034e-01
    endloop
  endfacet
  facet normal -6.143496e-01 -7.890059e-01 6.651822e-03
    outer loop
      vertex   -6.740070e-02 -1.308211e-01 -2.482196e-01
      vertex   -6.499613e-02 -1.326962e-01 -2.485502e-01
      vertex   -6.595624e-02 -1.316293e-01 -2.106768e-01
    endloop
  endfacet
  facet normal -7.109555e-01 -7.031308e-01 1.221742e-02
    outer loop
      vertex   -6.805552e-02 -1.295632e-01 -2.139289e-01
      vertex   -6.740070e-02 -1.308211e-01 -2.482196e-01
      vertex   -6.595624e-02 -1.316293e-01 -2.106768e-01
    endloop
  endfacet
  facet normal -8.170244e-01 -5.765764e-01 5.549395e-03
    outer loop
      vertex   -6.805552e-02 -1.295632e-01 -2.139289e-01
      vertex   -6.874260e-02 -1.289164e-01 -2.478837e-01
      vertex   -6.740070e-02 -1.308211e-01 -2.482196e-01
    endloop
  endfacet
  facet normal -8.695898e-01 -4.937069e-01 8.191661e-03
    outer loop
      vertex   -6.915429e-02 -1.276863e-01 -2.174544e-01
      vertex   -6.874260e-02 -1.289164e-01 -2.478837e-01
      vertex   -6.805552e-02 -1.295632e-01 -2.139289e-01
    endloop
  endfacet
  facet normal -9.441764e-01 -3.294398e-01 5.425096e-04
    outer loop
      vertex   -6.971311e-02 -1.260921e-01 -2.219304e-01
      vertex   -6.874260e-02 -1.289164e-01 -2.478837e-01
      vertex   -6.915429e-02 -1.276863e-01 -2.174544e-01
    endloop
  endfacet
  facet normal -9.517166e-01 -3.069703e-01 -2.184572e-03
    outer loop
      vertex   -6.988255e-02 -1.253866e-01 -2.472613e-01
      vertex   -6.874260e-02 -1.289164e-01 -2.478837e-01
      vertex   -6.971311e-02 -1.260921e-01 -2.219304e-01
    endloop
  endfacet
  facet normal -9.903076e-01 -1.388640e-01 2.756047e-03
    outer loop
      vertex   -6.995721e-02 -1.242646e-01 -2.175578e-01
      vertex   -6.988255e-02 -1.253866e-01 -2.472613e-01
      vertex   -6.971311e-02 -1.260921e-01 -2.219304e-01
    endloop
  endfacet
  facet normal -9.999960e-01 -1.364534e-03 -2.462061e-03
    outer loop
      vertex   -6.988255e-02 -1.253866e-01 -2.472613e-01
      vertex   -6.995721e-02 -1.242646e-01 -2.175578e-01
      vertex   -7.000000e-02 -1.053763e-01 -2.106459e-01
    endloop
  endfacet
  facet normal 9.999986e-01 -1.658003e-03 1.155855e-04
    outer loop
      vertex   7.990973e-02 -1.246406e-01 -2.103428e-01
      vertex   8.000000e-02 -7.211742e-02 -2.378685e-01
      vertex   8.000000e-02 -6.884627e-02 -1.909459e-01
    endloop
  endfacet
  facet normal -9.999959e-01 -1.814113e-03 -2.216367e-03
    outer loop
      vertex   -6.988255e-02 -1.253866e-01 -2.472613e-01
      vertex   -7.000000e-02 -1.053763e-01 -2.106459e-01
      vertex   -7.000000e-02 -7.211742e-02 -2.378685e-01
    endloop
  endfacet
  facet normal -9.999977e-01 -1.862430e-03 -1.101472e-03
    outer loop
      vertex   -7.000000e-02 -1.226367e-01 -1.814612e-01
      vertex   -7.000000e-02 -1.053763e-01 -2.106459e-01
      vertex   -6.995721e-02 -1.242646e-01 -2.175578e-01
    endloop
  endfacet
  facet normal -1.000000e+00 -0.000000e+00 0.000000e+00
    outer loop
      vertex   -7.000000e-02 -6.884627e-02 -1.909459e-01
      vertex   -7.000000e-02 -1.053763e-01 -2.106459e-01
      vertex   -7.000000e-02 -1.226367e-01 -1.814612e-01
    endloop
  endfacet
  facet normal -9.915662e-01 -1.295171e-01 4.665555e-03
    outer loop
      vertex   -6.995721e-02 -1.242646e-01 -2.175578e-01
      vertex   -6.955163e-02 -1.260477e-01 -1.808597e-01
      vertex   -7.000000e-02 -1.226367e-01 -1.814612e-01
    endloop
  endfacet
  facet normal -9.898740e-01 -1.418915e-01 4.045603e-03
    outer loop
      vertex   -6.971311e-02 -1.260921e-01 -2.219304e-01
      vertex   -6.955163e-02 -1.260477e-01 -1.808597e-01
      vertex   -6.995721e-02 -1.242646e-01 -2.175578e-01
    endloop
  endfacet
  facet normal -9.472077e-01 -3.205947e-01 4.071342e-03
    outer loop
      vertex   -6.915429e-02 -1.276863e-01 -2.174544e-01
      vertex   -6.955163e-02 -1.260477e-01 -1.808597e-01
      vertex   -6.971311e-02 -1.260921e-01 -2.219304e-01
    endloop
  endfacet
  facet normal -8.728737e-01 -4.877895e-01 1.236529e-02
    outer loop
      vertex   -6.805552e-02 -1.295632e-01 -2.139289e-01
      vertex   -6.955163e-02 -1.260477e-01 -1.808597e-01
      vertex   -6.915429e-02 -1.276863e-01 -2.174544e-01
    endloop
  endfacet
  facet normal -9.123870e-01 -4.093226e-01 2.235997e-03
    outer loop
      vertex   -6.805552e-02 -1.295632e-01 -2.139289e-01
      vertex   -6.834667e-02 -1.287309e-01 -1.803866e-01
      vertex   -6.955163e-02 -1.260477e-01 -1.808597e-01
    endloop
  endfacet
  facet normal -7.575279e-01 -6.527319e-01 9.619489e-03
    outer loop
      vertex   -6.705867e-02 -1.306621e-01 -2.099945e-01
      vertex   -6.834667e-02 -1.287309e-01 -1.803866e-01
      vertex   -6.805552e-02 -1.295632e-01 -2.139289e-01
    endloop
  endfacet
  facet normal -7.288385e-01 -6.845633e-01 1.294369e-02
    outer loop
      vertex   -6.705867e-02 -1.306621e-01 -2.099945e-01
      vertex   -6.622480e-02 -1.309825e-01 -1.799896e-01
      vertex   -6.834667e-02 -1.287309e-01 -1.803866e-01
    endloop
  endfacet
  facet normal -6.559093e-01 -7.547712e-01 1.016708e-02
    outer loop
      vertex   -6.595624e-02 -1.316293e-01 -2.106768e-01
      vertex   -6.622480e-02 -1.309825e-01 -1.799896e-01
      vertex   -6.705867e-02 -1.306621e-01 -2.099945e-01
    endloop
  endfacet
  facet normal -4.839708e-01 -8.749689e-01 1.420504e-02
    outer loop
      vertex   -6.388181e-02 -1.327966e-01 -2.119034e-01
      vertex   -6.622480e-02 -1.309825e-01 -1.799896e-01
      vertex   -6.595624e-02 -1.316293e-01 -2.106768e-01
    endloop
  endfacet
  facet normal -4.899944e-01 -8.716199e-01 1.357244e-02
    outer loop
      vertex   -6.388181e-02 -1.327966e-01 -2.119034e-01
      vertex   -6.322083e-02 -1.326666e-01 -1.796926e-01
      vertex   -6.622480e-02 -1.309825e-01 -1.799896e-01
    endloop
  endfacet
  facet normal -3.061706e-01 -9.519228e-01 1.012442e-02
    outer loop
      vertex   -6.215590e-02 -1.333380e-01 -2.106092e-01
      vertex   -6.322083e-02 -1.326666e-01 -1.796926e-01
      vertex   -6.388181e-02 -1.327966e-01 -2.119034e-01
    endloop
  endfacet
  facet normal -2.031596e-01 -9.790418e-01 1.426154e-02
    outer loop
      vertex   -6.215590e-02 -1.333380e-01 -2.106092e-01
      vertex   -6.090836e-02 -1.331453e-01 -1.796082e-01
      vertex   -6.322083e-02 -1.326666e-01 -1.796926e-01
    endloop
  endfacet
  facet normal -1.069806e-01 -9.942058e-01 1.048535e-02
    outer loop
      vertex   -5.963361e-02 -1.337156e-01 -2.206842e-01
      vertex   -6.090836e-02 -1.331453e-01 -1.796082e-01
      vertex   -6.215590e-02 -1.333380e-01 -2.106092e-01
    endloop
  endfacet
  facet normal -3.811785e-04 -9.999037e-01 1.387267e-02
    outer loop
      vertex   5.000000e-03 -1.335903e-01 -2.098705e-01
      vertex   -6.090836e-02 -1.331453e-01 -1.796082e-01
      vertex   -5.963361e-02 -1.337156e-01 -2.206842e-01
    endloop
  endfacet
  facet normal -3.317859e-04 -9.999022e-01 1.398022e-02
    outer loop
      vertex   7.044430e-02 -1.331888e-01 -1.796006e-01
      vertex   -6.090836e-02 -1.331453e-01 -1.796082e-01
      vertex   5.000000e-03 -1.335903e-01 -2.098705e-01
    endloop
  endfacet
  facet normal 1.105153e-03 -9.999403e-01 1.087403e-02
    outer loop
      vertex   7.070256e-02 -1.335099e-01 -2.091552e-01
      vertex   7.044430e-02 -1.331888e-01 -1.796006e-01
      vertex   5.000000e-03 -1.335903e-01 -2.098705e-01
    endloop
  endfacet
  facet normal 1.901906e-01 -9.816698e-01 1.232782e-02
    outer loop
      vertex   7.070256e-02 -1.335099e-01 -2.091552e-01
      vertex   7.310458e-02 -1.326745e-01 -1.796912e-01
      vertex   7.044430e-02 -1.331888e-01 -1.796006e-01
    endloop
  endfacet
  facet normal 1.840264e-01 -9.828371e-01 1.286344e-02
    outer loop
      vertex   7.309163e-02 -1.330536e-01 -2.084694e-01
      vertex   7.310458e-02 -1.326745e-01 -1.796912e-01
      vertex   7.070256e-02 -1.335099e-01 -2.091552e-01
    endloop
  endfacet
  facet normal 3.878085e-01 -9.216623e-01 1.196592e-02
    outer loop
      vertex   7.461723e-02 -1.324679e-01 -2.128034e-01
      vertex   7.310458e-02 -1.326745e-01 -1.796912e-01
      vertex   7.309163e-02 -1.330536e-01 -2.084694e-01
    endloop
  endfacet
  facet normal 4.253532e-01 -9.049224e-01 1.378550e-02
    outer loop
      vertex   7.461723e-02 -1.324679e-01 -2.128034e-01
      vertex   7.549515e-02 -1.315538e-01 -1.798888e-01
      vertex   7.310458e-02 -1.326745e-01 -1.796912e-01
    endloop
  endfacet
  facet normal 5.540875e-01 -8.324167e-01 8.338239e-03
    outer loop
      vertex   7.649574e-02 -1.312954e-01 -2.205852e-01
      vertex   7.549515e-02 -1.315538e-01 -1.798888e-01
      vertex   7.461723e-02 -1.324679e-01 -2.128034e-01
    endloop
  endfacet
  facet normal 6.650529e-01 -7.467060e-01 1.161069e-02
    outer loop
      vertex   7.649574e-02 -1.312954e-01 -2.205852e-01
      vertex   7.764891e-02 -1.296408e-01 -1.802261e-01
      vertex   7.549515e-02 -1.315538e-01 -1.798888e-01
    endloop
  endfacet
  facet normal 7.329491e-01 -6.802481e-01 6.946117e-03
    outer loop
      vertex   7.810026e-02 -1.294517e-01 -2.093338e-01
      vertex   7.764891e-02 -1.296408e-01 -1.802261e-01
      vertex   7.649574e-02 -1.312954e-01 -2.205852e-01
    endloop
  endfacet
  facet normal 8.690802e-01 -4.945648e-01 1.026326e-02
    outer loop
      vertex   7.810026e-02 -1.294517e-01 -2.093338e-01
      vertex   7.928472e-02 -1.267768e-01 -1.807312e-01
      vertex   7.764891e-02 -1.296408e-01 -1.802261e-01
    endloop
  endfacet
  facet normal 8.717316e-01 -4.898874e-01 9.716020e-03
    outer loop
      vertex   7.872405e-02 -1.286647e-01 -2.256202e-01
      vertex   7.928472e-02 -1.267768e-01 -1.807312e-01
      vertex   7.810026e-02 -1.294517e-01 -2.093338e-01
    endloop
  endfacet
  facet normal 9.203315e-01 -3.911080e-01 4.954488e-03
    outer loop
      vertex   7.955772e-02 -1.265413e-01 -2.128592e-01
      vertex   7.928472e-02 -1.267768e-01 -1.807312e-01
      vertex   7.872405e-02 -1.286647e-01 -2.256202e-01
    endloop
  endfacet
  facet normal 9.815708e-01 -1.909726e-01 6.941455e-03
    outer loop
      vertex   7.990973e-02 -1.246406e-01 -2.103428e-01
      vertex   7.928472e-02 -1.267768e-01 -1.807312e-01
      vertex   7.955772e-02 -1.265413e-01 -2.128592e-01
    endloop
  endfacet
  facet normal 9.768223e-01 -2.139893e-01 5.180803e-03
    outer loop
      vertex   7.990973e-02 -1.246406e-01 -2.103428e-01
      vertex   7.995029e-02 -1.237514e-01 -1.812646e-01
      vertex   7.928472e-02 -1.267768e-01 -1.807312e-01
    endloop
  endfacet
  facet normal -1.000000e+00 0.000000e+00 0.000000e+00
    outer loop
      vertex   -7.000000e-02 -1.053763e-01 -2.106459e-01
      vertex   -7.000000e-02 -6.884627e-02 -1.909459e-01
      vertex   -7.000000e-02 -7.211742e-02 -2.378685e-01
    endloop
  endfacet
  facet normal 1.030761e-03 -9.998429e-01 1.769595e-02
    outer loop
      vertex   6.971231e-02 -1.337277e-01 -2.214046e-01
      vertex   7.070256e-02 -1.335099e-01 -2.091552e-01
      vertex   5.000000e-03 -1.335903e-01 -2.098705e-01
    endloop
  endfacet
  facet normal 9.999984e-01 -1.145071e-03 -1.359834e-03
    outer loop
      vertex   7.995029e-02 -1.237514e-01 -1.812646e-01
      vertex   7.990973e-02 -1.246406e-01 -2.103428e-01
      vertex   8.000000e-02 -6.884627e-02 -1.909459e-01
    endloop
  endfacet
  facet normal 0.000000e+00 9.975788e-01 -6.954487e-02
    outer loop
      vertex   7.000000e-02 -6.884627e-02 -1.909459e-01
      vertex   8.000000e-02 -7.211742e-02 -2.378685e-01
      vertex   7.000000e-02 -7.211742e-02 -2.378685e-01
    endloop
  endfacet
  facet normal 0.000000e+00 9.975788e-01 -6.954487e-02
    outer loop
      vertex   8.000000e-02 -6.884627e-02 -1.909459e-01
      vertex   8.000000e-02 -7.211742e-02 -2.378685e-01
      vertex   7.000000e-02 -6.884627e-02 -1.909459e-01
    endloop
  endfacet
  facet normal 1.000000e+00 0.000000e+00 0.000000e+00
    outer loop
      vertex   7.000000e-02 -6.196815e-04 -2.029761e-01
      vertex   7.000000e-02 -7.211742e-02 -2.378685e-01
      vertex   7.000000e-02 8.362234e-04 -2.250048e-01
    endloop
  endfacet
  facet normal 1.000000e+00 0.000000e+00 0.000000e+00
    outer loop
      vertex   7.000000e-02 -6.884627e-02 -1.909459e-01
      vertex   7.000000e-02 -7.211742e-02 -2.378685e-01
      vertex   7.000000e-02 -6.196815e-04 -2.029761e-01
    endloop
  endfacet
  facet normal 0.000000e+00 9.978231e-01 6.594713e-02
    outer loop
      vertex   -6.000000e-02 -6.196815e-04 -2.029761e-01
      vertex   7.000000e-02 8.362234e-04 -2.250048e-01
      vertex   -6.000000e-02 8.362234e-04 -2.250048e-01
    endloop
  endfacet
  facet normal 0.000000e+00 9.978231e-01 6.594713e-02
    outer loop
      vertex   7.000000e-02 -6.196815e-04 -2.029761e-01
      vertex   7.000000e-02 8.362234e-04 -2.250048e-01
      vertex   -6.000000e-02 -6.196815e-04 -2.029761e-01
    endloop
  endfacet
  facet normal 1.575928e-05 1.736447e-01 9.848084e-01
    outer loop
      vertex   7.995029e-02 -1.237514e-01 -1.812646e-01
      vertex   7.764891e-02 -1.296408e-01 -1.802261e-01
      vertex   7.928472e-02 -1.267768e-01 -1.807312e-01
    endloop
  endfacet
  facet normal -1.542656e-05 1.736565e-01 9.848063e-01
    outer loop
      vertex   7.995029e-02 -1.237514e-01 -1.812646e-01
      vertex   7.549515e-02 -1.315538e-01 -1.798888e-01
      vertex   7.764891e-02 -1.296408e-01 -1.802261e-01
    endloop
  endfacet
  facet normal -8.642386e-07 1.736485e-01 9.848077e-01
    outer loop
      vertex   7.995029e-02 -1.237514e-01 -1.812646e-01
      vertex   7.310458e-02 -1.326745e-01 -1.796912e-01
      vertex   7.549515e-02 -1.315538e-01 -1.798888e-01
    endloop
  endfacet
  facet normal -1.711408e-06 1.736491e-01 9.848076e-01
    outer loop
      vertex   7.995029e-02 -1.237514e-01 -1.812646e-01
      vertex   7.044430e-02 -1.331888e-01 -1.796006e-01
      vertex   7.310458e-02 -1.326745e-01 -1.796912e-01
    endloop
  endfacet
  facet normal -0.000000e+00 1.736482e-01 9.848077e-01
    outer loop
      vertex   7.000000e-02 -6.884627e-02 -1.909459e-01
      vertex   7.995029e-02 -1.237514e-01 -1.812646e-01
      vertex   8.000000e-02 -6.884627e-02 -1.909459e-01
    endloop
  endfacet
  facet normal -6.698296e-07 1.736481e-01 9.848078e-01
    outer loop
      vertex   7.044430e-02 -1.331888e-01 -1.796006e-01
      vertex   7.995029e-02 -1.237514e-01 -1.812646e-01
      vertex   7.000000e-02 -6.884627e-02 -1.909459e-01
    endloop
  endfacet
  facet normal 7.388600e-06 1.736543e-01 9.848067e-01
    outer loop
      vertex   -7.000000e-02 -1.226367e-01 -1.814612e-01
      vertex   -6.322083e-02 -1.326666e-01 -1.796926e-01
      vertex   -6.090836e-02 -1.331453e-01 -1.796082e-01
    endloop
  endfacet
  facet normal -4.591117e-08 1.736494e-01 9.848075e-01
    outer loop
      vertex   -7.000000e-02 -1.226367e-01 -1.814612e-01
      vertex   -6.622480e-02 -1.309825e-01 -1.799896e-01
      vertex   -6.322083e-02 -1.326666e-01 -1.796926e-01
    endloop
  endfacet
  facet normal 4.939109e-06 1.736516e-01 9.848072e-01
    outer loop
      vertex   -7.000000e-02 -1.226367e-01 -1.814612e-01
      vertex   -6.834667e-02 -1.287309e-01 -1.803866e-01
      vertex   -6.622480e-02 -1.309825e-01 -1.799896e-01
    endloop
  endfacet
  facet normal 1.008308e-05 1.736529e-01 9.848069e-01
    outer loop
      vertex   -7.000000e-02 -1.226367e-01 -1.814612e-01
      vertex   -6.955163e-02 -1.260477e-01 -1.808597e-01
      vertex   -6.834667e-02 -1.287309e-01 -1.803866e-01
    endloop
  endfacet
  facet normal 0.000000e+00 1.736481e-01 9.848078e-01
    outer loop
      vertex   -6.000000e-02 -6.884627e-02 -1.909459e-01
      vertex   -7.000000e-02 -6.884627e-02 -1.909459e-01
      vertex   -7.000000e-02 -1.226367e-01 -1.814612e-01
    endloop
  endfacet
  facet normal -9.495733e-09 1.736481e-01 9.848078e-01
    outer loop
      vertex   -6.090836e-02 -1.331453e-01 -1.796082e-01
      vertex   -6.000000e-02 -6.884627e-02 -1.909459e-01
      vertex   -7.000000e-02 -1.226367e-01 -1.814612e-01
    endloop
  endfacet
  facet normal -8.994183e-09 1.736481e-01 9.848078e-01
    outer loop
      vertex   7.044430e-02 -1.331888e-01 -1.796006e-01
      vertex   -6.000000e-02 -6.884627e-02 -1.909459e-01
      vertex   -6.090836e-02 -1.331453e-01 -1.796082e-01
    endloop
  endfacet
  facet normal 0.000000e+00 1.736481e-01 9.848078e-01
    outer loop
      vertex   7.000000e-02 -6.884627e-02 -1.909459e-01
      vertex   -6.000000e-02 -6.884627e-02 -1.909459e-01
      vertex   7.044430e-02 -1.331888e-01 -1.796006e-01
    endloop
  endfacet
  facet normal 0.000000e+00 1.736481e-01 9.848078e-01
    outer loop
      vertex   7.000000e-02 -6.884627e-02 -1.909459e-01
      vertex   -6.000000e-02 -6.196815e-04 -2.029761e-01
      vertex   -6.000000e-02 -6.884627e-02 -1.909459e-01
    endloop
  endfacet
  facet normal 0.000000e+00 1.736481e-01 9.848078e-01
    outer loop
      vertex   7.000000e-02 -6.196815e-04 -2.029761e-01
      vertex   -6.000000e-02 -6.196815e-04 -2.029761e-01
      vertex   7.000000e-02 -6.884627e-02 -1.909459e-01
    endloop
  endfacet
  facet normal 1.833824e-05 1.736555e-01 -9.848065e-01
    outer loop
      vertex   -6.988255e-02 -1.253866e-01 -2.472613e-01
      vertex   -6.740070e-02 -1.308211e-01 -2.482196e-01
      vertex   -6.874260e-02 -1.289164e-01 -2.478837e-01
    endloop
  endfacet
  facet normal -8.812227e-06 1.736435e-01 -9.848086e-01
    outer loop
      vertex   -6.988255e-02 -1.253866e-01 -2.472613e-01
      vertex   -6.499613e-02 -1.326962e-01 -2.485502e-01
      vertex   -6.740070e-02 -1.308211e-01 -2.482196e-01
    endloop
  endfacet
  facet normal -3.918483e-06 1.736467e-01 -9.848080e-01
    outer loop
      vertex   -6.988255e-02 -1.253866e-01 -2.472613e-01
      vertex   -6.241865e-02 -1.337483e-01 -2.487357e-01
      vertex   -6.499613e-02 -1.326962e-01 -2.485502e-01
    endloop
  endfacet
  facet normal 7.062374e-06 1.736562e-01 -9.848063e-01
    outer loop
      vertex   -6.988255e-02 -1.253866e-01 -2.472613e-01
      vertex   -5.941720e-02 -1.340787e-01 -2.487940e-01
      vertex   -6.241865e-02 -1.337483e-01 -2.487357e-01
    endloop
  endfacet
  facet normal 0.000000e+00 1.736480e-01 -9.848078e-01
    outer loop
      vertex   -6.000000e-02 -7.211742e-02 -2.378685e-01
      vertex   -6.988255e-02 -1.253866e-01 -2.472613e-01
      vertex   -7.000000e-02 -7.211742e-02 -2.378685e-01
    endloop
  endfacet
  facet normal 5.836519e-08 1.736480e-01 -9.848078e-01
    outer loop
      vertex   -6.000000e-02 -7.211742e-02 -2.378685e-01
      vertex   -5.941720e-02 -1.340787e-01 -2.487940e-01
      vertex   -6.988255e-02 -1.253866e-01 -2.472613e-01
    endloop
  endfacet
  facet normal -9.315609e-08 1.736480e-01 -9.848078e-01
    outer loop
      vertex   7.057634e-02 -1.340354e-01 -2.487864e-01
      vertex   -5.941720e-02 -1.340787e-01 -2.487940e-01
      vertex   -6.000000e-02 -7.211742e-02 -2.378685e-01
    endloop
  endfacet
  facet normal 0.000000e+00 1.736479e-01 -9.848078e-01
    outer loop
      vertex   7.000000e-02 -7.211742e-02 -2.378685e-01
      vertex   8.000000e-02 -7.211742e-02 -2.378685e-01
      vertex   7.975787e-02 -1.260005e-01 -2.473696e-01
    endloop
  endfacet
  facet normal -8.251689e-06 1.736556e-01 -9.848064e-01
    outer loop
      vertex   7.692544e-02 -1.312824e-01 -2.483009e-01
      vertex   7.975787e-02 -1.260005e-01 -2.473696e-01
      vertex   7.848807e-02 -1.293176e-01 -2.479545e-01
    endloop
  endfacet
  facet normal -1.054790e-05 1.736568e-01 -9.848062e-01
    outer loop
      vertex   7.443326e-02 -1.329893e-01 -2.486019e-01
      vertex   7.975787e-02 -1.260005e-01 -2.473696e-01
      vertex   7.692544e-02 -1.312824e-01 -2.483009e-01
    endloop
  endfacet
  facet normal 3.097111e-06 1.736467e-01 -9.848080e-01
    outer loop
      vertex   7.057634e-02 -1.340354e-01 -2.487864e-01
      vertex   7.975787e-02 -1.260005e-01 -2.473696e-01
      vertex   7.443326e-02 -1.329893e-01 -2.486019e-01
    endloop
  endfacet
  facet normal 1.768165e-06 1.736482e-01 -9.848077e-01
    outer loop
      vertex   7.057634e-02 -1.340354e-01 -2.487864e-01
      vertex   7.000000e-02 -7.211742e-02 -2.378685e-01
      vertex   7.975787e-02 -1.260005e-01 -2.473696e-01
    endloop
  endfacet
  facet normal 0.000000e+00 1.736482e-01 -9.848077e-01
    outer loop
      vertex   -6.000000e-02 -7.211742e-02 -2.378685e-01
      vertex   7.000000e-02 -7.211742e-02 -2.378685e-01
      vertex   7.057634e-02 -1.340354e-01 -2.487864e-01
    endloop
  endfacet
  facet normal 0.000000e+00 1.736481e-01 -9.848078e-01
    outer loop
      vertex   -6.000000e-02 -7.211742e-02 -2.378685e-01
      vertex   7.000000e-02 8.362234e-04 -2.250048e-01
      vertex   7.000000e-02 -7.211742e-02 -2.378685e-01
    endloop
  endfacet
  facet normal 0.000000e+00 1.736481e-01 -9.848078e-01
    outer loop
      vertex   -6.000000e-02 8.362234e-04 -2.250048e-01
      vertex   7.000000e-02 8.362234e-04 -2.250048e-01
      vertex   -6.000000e-02 -7.211742e-02 -2.378685e-01
    endloop
  endfacet
endsolid
