# WaveFront *.obj file (generated by Autodesk ATF)

mtllib head_collision.mtl

g Body1

v -10.928886 -10.200000 10.531113
v -9.464052 -10.200000 6.793915
v -6.123396 -10.200000 5.408585
v -2.722945 -10.200000 6.683495
v -1.034194 -10.200000 9.934235
v -1.959547 -10.200000 13.290237
v -5.082370 -10.200000 15.230743
v -9.027748 -10.200000 14.335968
v -10.366424 -7.200000 12.763397
v -7.386771 -7.200000 15.160461
v -2.998888 -7.200000 14.301132
v -1.067238 -7.200000 9.785919
v -3.491003 -7.200000 6.102371
v -7.649365 -7.200000 5.673569
v -9.561666 -7.200000 6.968521
v -10.939099 -7.200000 10.840714
v -10.770018 -7.200000 8.963974
v -5.658119 -7.200000 5.433464
v -1.776556 -7.200000 7.783997
v -1.355755 -7.200000 12.018433
v -5.481804 -7.200000 15.294220
v -9.029565 -7.200000 14.293518
v -10.188192 -10.200000 13.025391
v -7.549566 -10.200000 15.084686
v -3.282828 -10.200000 14.553345
v -1.213863 -10.200000 11.690704
v -1.373355 -10.200000 8.547913
v -4.745192 -10.200000 5.549850
v -8.063924 -10.200000 5.859238
v -10.449327 -10.200000 8.175171
usemtl Eyes_Front
f 28 29 3
f 4 29 28
f 4 2 29
f 4 30 2
f 27 30 4
f 27 1 30
f 5 1 27
f 24 25 7
f 8 25 24
f 8 6 25
f 23 6 8
f 23 26 6
f 1 26 23
f 1 5 26
f 11 10 21
f 11 22 10
f 11 9 22
f 20 9 11
f 20 16 9
f 12 16 20
f 14 13 18
f 15 13 14
f 15 19 13
f 17 19 15
f 17 12 19
f 16 12 17
f 17 1 16
f 17 30 1
f 15 30 17
f 15 2 30
f 15 29 2
f 14 29 15
f 14 3 29
f 18 3 14
f 18 28 3
f 13 28 18
f 13 4 28
f 19 4 13
f 19 27 4
f 12 27 19
f 12 5 27
f 12 26 5
f 20 26 12
f 20 6 26
f 11 6 20
f 11 25 6
f 11 7 25
f 21 7 11
f 21 24 7
f 10 24 21
f 22 24 10
f 22 8 24
f 22 23 8
f 9 23 22
f 9 1 23
f 16 1 9
g Body2

v 1.021377 -10.200000 10.567764
v 2.590275 -10.200000 6.811462
v 6.137857 -10.200000 5.394554
v 9.396581 -10.200000 6.804169
v 10.781302 -10.200000 11.760773
v 8.476862 -10.200000 14.701874
v 4.178983 -10.200000 14.984772
v 1.402394 -10.200000 12.249115
v 2.414357 -7.200000 13.824799
v 6.000000 -7.200000 15.301910
v 9.850822 -7.200000 13.544098
v 10.973125 -7.200000 10.485046
v 9.430647 -7.200000 6.769341
v 5.331886 -7.200000 5.483154
v 2.786418 -7.200000 6.622787
v 1.058551 -7.200000 9.715012
v 1.466478 -7.200000 8.333618
v 7.836019 -7.200000 5.763359
v 10.504872 -7.200000 8.315796
v 10.626645 -7.200000 12.202087
v 8.538942 -7.200000 14.644180
v 3.710540 -7.200000 14.789978
v 1.278598 -7.200000 11.807678
v 2.438683 -10.200000 13.858383
v 6.681289 -10.200000 15.276123
v 9.992964 -10.200000 13.305939
v 10.830790 -10.200000 9.428070
v 7.761221 -10.200000 5.727921
v 4.222661 -10.200000 5.726059
v 1.287985 -10.200000 8.838715
f 58 59 33
f 58 32 59
f 34 32 58
f 34 60 32
f 57 60 34
f 57 31 60
f 37 36 55
f 37 56 36
f 54 56 37
f 38 56 54
f 38 35 56
f 31 35 38
f 31 57 35
f 51 52 40
f 51 39 52
f 41 39 51
f 41 53 39
f 50 53 41
f 42 53 50
f 45 48 44
f 45 43 48
f 45 49 43
f 47 49 45
f 46 49 47
f 46 42 49
f 53 42 46
f 46 60 31
f 47 60 46
f 47 32 60
f 45 32 47
f 45 59 32
f 44 59 45
f 44 33 59
f 44 58 33
f 48 58 44
f 48 34 58
f 43 34 48
f 49 34 43
f 49 57 34
f 42 57 49
f 42 35 57
f 50 35 42
f 50 56 35
f 41 56 50
f 51 56 41
f 51 36 56
f 51 55 36
f 40 55 51
f 40 37 55
f 52 37 40
f 52 54 37
f 39 54 52
f 39 38 54
f 53 38 39
f 53 31 38
f 46 31 53
g Body1:1

v 3.421425 -6.754687 21.262558
v -0.100000 -10.000000 19.175003
v -0.900000 -10.000000 21.375000
v 3.301688 -5.350000 21.350861
v -4.750000 -3.800000 18.675003
v 4.750000 -3.800000 18.675003
v 2.900000 -10.000000 21.074997
v 3.222300 -10.000000 21.362366
v 0.200000 -3.800000 19.475006
v 0.200000 -10.000000 21.074997
v 3.265331 -10.000000 19.199341
v 2.900000 -3.800000 19.475006
v -3.293788 -7.537760 21.356476
v -0.983601 -6.060417 21.357635
v -1.200000 -3.800000 21.074997
v 0.093284 -7.303646 19.276978
v -2.633680 -6.028125 19.349030
v -2.600000 -10.000000 19.475006
v 3.173584 -3.800000 21.348206
v 0.200000 -10.000000 19.475006
v 0.180163 -7.029167 21.162582
v 1.600000 -10.000000 19.475006
v 1.727065 -6.125000 19.245605
v 3.500000 -10.000000 21.074997
v 3.500000 -10.000000 19.475006
v 2.500000 -10.000000 19.475006
v 2.390054 -6.881836 21.272400
v 3.238361 -6.900000 19.205902
v 1.600000 -3.800000 21.074997
v 2.416275 -7.600325 19.307114
v 1.711385 -6.649740 21.295029
v 5.500000 -10.000000 21.125000
v 4.750000 -3.800000 21.875000
v 5.384282 -5.761719 21.498901
v -4.750000 -10.000000 21.875000
v 5.500000 -3.800000 19.425003
v -5.169060 -7.675000 21.712585
v -5.438583 -7.093750 21.396347
v -5.451439 -7.190625 19.196854
v -5.346869 -5.350000 19.008591
v -4.750000 -10.000000 18.675003
v 5.440831 -6.803125 19.177338
v 5.500000 -10.000000 19.425003
v -5.500000 -3.800000 21.125000
v 5.258485 -3.800000 18.887756
v -3.200000 -10.000000 19.175003
v 3.466743 -6.900000 19.350616
v 2.900000 -3.800000 21.074997
v -4.750000 -3.800000 21.875000
v 4.996819 -6.706250 21.823120
v 5.500000 -3.800000 21.125000
v 4.750000 -10.000000 21.875000
v 1.637583 -7.416667 21.194336
v 1.600000 -10.000000 21.074997
v 3.003340 -7.574089 19.272446
v 3.103772 -3.800000 19.209564
v 3.275804 -7.561979 21.352509
v 2.980720 -6.786979 21.254593
v -2.600000 -3.800000 19.475006
v -2.750300 -6.690104 19.227005
v -1.200000 -10.000000 21.074997
v -1.120472 -7.255208 21.243317
v -3.417330 -6.657813 21.267105
v 2.900000 -10.000000 19.475006
v -0.100000 -3.800000 19.175003
v -0.900000 -3.800000 19.175003
v -3.500000 -10.000000 21.074997
v -2.600000 -10.000000 21.074997
v -2.683722 -7.481250 21.245224
v -3.428214 -7.190625 19.313660
v -1.200000 -3.800000 19.475006
v -1.173059 -6.577084 19.368729
v -4.984770 -6.125000 21.828125
v -5.318827 -3.800000 18.978088
v -5.500000 -3.800000 19.425003
v -5.108675 -3.800000 21.762299
v 4.750000 -10.000000 18.675003
v 5.011002 -6.778906 18.731964
v -5.500000 -10.000000 19.425003
v -5.028418 -6.560937 18.735840
v -5.500000 -10.000000 21.125000
v 2.200000 -3.800000 21.375000
v 2.200000 -10.000000 21.375000
v 1.900000 -10.000000 21.375000
v 1.900000 -3.800000 21.375000
v -2.900000 -10.000000 19.175003
v -2.900000 -3.800000 19.175003
v -3.200000 -3.800000 19.175003
v -0.900000 -3.800000 21.375000
v -2.900000 -3.800000 21.375000
v -2.900000 -10.000000 21.375000
v -3.200000 -10.000000 21.375000
v -3.200000 -3.800000 21.375000
v -0.100000 -3.800000 21.375000
v -0.100000 -10.000000 21.375000
v 2.500000 -3.800000 21.074997
v 2.500000 -3.800000 19.475006
v 2.500000 -10.000000 21.074997
v 3.500000 -3.800000 19.475006
v 3.500000 -3.800000 21.074997
v 1.612171 -7.093750 19.394485
v 1.600000 -3.800000 19.475006
v 0.051444 -6.367188 21.309265
v 0.200000 -3.800000 21.074997
v -1.027467 -6.706250 19.217621
v -1.200000 -10.000000 19.475006
v -3.448395 -6.900000 19.332275
v -2.616850 -4.833333 21.164200
v -2.847906 -5.995833 21.370438
v -2.600000 -3.800000 21.074997
v -3.500000 -3.800000 21.074997
v -3.500000 -3.800000 19.475006
v -3.500000 -10.000000 19.475006
v 1.900000 -10.000000 19.175003
v 1.900000 -3.800000 19.175003
v 2.200000 -3.800000 19.175003
v 2.200000 -10.000000 19.175003
v -0.900000 -10.000000 19.175003
usemtl Paint_-_Metal_Flake_(Gold)
f 112 95 155
f 127 152 95
f 141 127 95
f 139 127 141
f 139 173 127
f 139 106 173
f 101 106 139
f 101 146 106
f 152 151 95
f 95 63 155
f 151 63 95
f 151 121 63
f 128 121 151
f 78 121 128
f 78 166 121
f 146 166 78
f 146 178 166
f 101 178 146
f 144 112 155
f 143 112 144
f 155 114 144
f 70 114 155
f 80 114 70
f 80 82 114
f 62 82 80
f 62 174 82
f 101 62 178
f 137 62 101
f 137 174 62
f 177 174 137
f 86 124 67
f 177 124 86
f 177 71 124
f 137 71 177
f 103 71 137
f 103 85 71
f 92 85 103
f 92 84 85
f 92 68 84
f 68 92 112
f 143 68 112
f 143 67 68
f 158 67 143
f 67 158 86
f 111 103 96
f 92 103 111
f 135 141 104
f 139 141 135
f 141 97 98
f 95 97 141
f 95 133 97
f 109 133 95
f 136 133 109
f 136 97 133
f 104 97 136
f 104 98 97
f 141 98 104
f 100 140 99
f 139 140 101
f 139 99 140
f 135 99 139
f 135 100 99
f 134 100 135
f 134 140 100
f 65 140 134
f 101 140 65
f 66 101 65
f 137 101 66
f 103 138 102
f 137 138 103
f 66 138 137
f 105 138 66
f 105 102 138
f 96 102 105
f 103 102 96
f 109 154 149
f 93 154 109
f 65 125 66
f 65 126 125
f 134 148 65
f 134 172 148
f 135 172 134
f 135 171 172
f 104 171 135
f 136 171 104
f 109 171 136
f 109 153 171
f 109 150 153
f 149 150 109
f 149 170 150
f 75 170 149
f 75 119 170
f 131 119 75
f 131 147 119
f 126 147 131
f 65 147 126
f 148 147 65
f 111 79 93
f 111 160 79
f 96 160 111
f 96 159 160
f 105 159 96
f 66 159 105
f 116 159 66
f 116 157 72
f 116 176 157
f 66 176 116
f 66 175 176
f 125 175 66
f 125 162 175
f 69 162 125
f 69 89 162
f 164 89 69
f 154 89 164
f 154 145 89
f 93 145 154
f 93 142 145
f 79 142 93
f 79 156 142
f 108 156 79
f 108 157 156
f 72 157 108
f 112 109 95
f 93 109 112
f 112 94 110
f 92 94 112
f 111 94 92
f 93 94 111
f 93 110 94
f 112 110 93
f 91 145 144
f 89 145 91
f 89 91 113
f 114 91 144
f 114 113 91
f 89 113 114
f 90 176 177
f 176 90 157
f 86 90 177
f 157 90 86
f 82 89 114
f 162 89 82
f 116 72 115
f 115 72 124
f 159 88 107
f 116 88 159
f 116 115 88
f 71 115 124
f 71 88 115
f 85 88 71
f 85 107 88
f 159 107 85
f 124 108 67
f 72 108 124
f 166 75 121
f 131 75 166
f 171 153 73
f 73 153 152
f 73 123 171
f 127 73 152
f 127 123 73
f 171 123 127
f 74 149 63
f 149 122 75
f 149 74 122
f 63 122 74
f 121 122 63
f 75 122 121
f 128 119 78
f 170 119 128
f 76 125 62
f 69 125 76
f 80 76 62
f 69 76 80
f 120 147 146
f 119 120 77
f 147 120 119
f 78 120 146
f 78 77 120
f 119 77 78
f 64 117 118
f 64 61 117
f 118 67 108
f 84 117 61
f 68 117 84
f 67 117 68
f 67 118 117
f 79 118 108
f 79 64 118
f 79 61 64
f 160 61 79
f 84 61 160
f 87 156 158
f 156 87 142
f 143 87 158
f 142 87 143
f 158 157 86
f 156 157 158
f 84 159 85
f 160 159 84
f 161 162 82
f 83 162 161
f 162 83 175
f 82 83 161
f 174 83 82
f 175 83 174
f 81 163 164
f 154 164 163
f 81 164 70
f 70 163 81
f 155 163 70
f 154 163 155
f 70 69 80
f 164 69 70
f 132 131 166
f 165 131 132
f 131 165 126
f 178 132 166
f 178 165 132
f 126 165 178
f 167 172 173
f 167 130 172
f 172 130 148
f 173 130 167
f 106 130 173
f 148 130 106
f 150 170 168
f 129 168 170
f 129 170 128
f 150 129 169
f 168 129 150
f 151 129 128
f 151 169 129
f 150 169 151
f 173 171 127
f 172 171 173
f 177 175 174
f 176 175 177
f 62 126 178
f 125 126 62
f 146 148 106
f 147 148 146
f 142 144 145
f 143 144 142
f 154 63 149
f 155 63 154
f 150 152 153
f 151 152 150
g Body1:2

v 13.090827 -4.685995 14.970398
v 13.894657 -5.497422 10.635620
v 13.874590 -5.540668 8.102722
v 12.705960 -4.874591 3.087418
v 12.141953 -4.802522 2.001144
v 12.991344 -5.625361 14.322784
v 13.350190 -5.629690 13.224609
v 13.201390 -6.353771 12.549561
v 13.612644 -5.664300 12.105133
v 13.557343 -6.181637 11.040054
v 13.810695 -5.824220 9.823517
v 13.659575 -6.175931 8.914551
v 13.598069 -5.966319 7.294495
v 13.085901 -5.765081 4.871521
v 12.146274 -5.329405 2.378571
v 8.215189 -4.769052 20.964386
v 11.827314 -5.508024 16.757202
v 13.277088 -6.104685 6.024979
v 12.571898 -5.877507 3.701065
v 6.115638 -4.473998 22.301086
v 12.525003 -6.052689 14.972229
v 13.385860 -6.680834 10.373016
v 13.353073 -6.825206 9.440811
v 13.389956 -6.683289 8.436676
v 11.678996 -6.089704 2.210602
v 11.161184 -4.958693 0.685150
v 7.189591 -5.643589 21.253098
v 9.127331 -5.985920 19.630005
v 9.305897 -5.215456 19.920105
v 10.271980 -5.930531 18.550598
v 12.681847 -6.585687 13.913849
v 12.861060 -7.398263 11.538391
v 13.092908 -6.851373 6.821548
v 12.771776 -6.945072 5.699066
v 12.691707 -6.563793 4.824799
v 11.714870 -6.786562 2.934769
v 12.078266 -6.867837 3.745918
v 12.564193 -7.633266 6.422119
v 12.879510 -7.656760 8.819000
v 12.906462 -7.617370 9.847412
v 12.406300 -8.346798 10.492371
v 12.888803 -7.496462 10.969025
v 12.493114 -7.589880 12.713776
v 12.191644 -6.960086 14.636841
v 10.977758 -5.923799 17.697327
v 11.397472 -6.326243 16.779556
v 12.099728 -6.209164 15.685776
v 12.587000 -7.159814 13.271530
v 13.080914 -7.221792 8.102509
v 13.089933 -7.063938 7.484039
v 11.126598 -6.579116 1.772873
v 10.489582 -5.880112 0.417999
v 11.924641 -7.776697 14.071976
v 12.307759 -8.252215 11.656296
v 12.591860 -7.984386 7.769135
v 12.210419 -7.471188 4.915695
v 11.791901 -7.609082 4.090042
v 10.947592 -6.332613 1.323196
v 8.252974 -5.963990 20.383423
v 11.489142 -7.803361 15.026855
v 11.528273 -8.219454 14.322784
v 12.070627 -8.219241 12.783737
v 12.318776 -8.547796 9.632187
v 12.445702 -8.344625 8.818954
v 12.215323 -8.360550 6.987206
v 12.085182 -8.103768 5.756966
v 10.103062 -6.678946 0.534126
v 8.655121 -7.479618 19.048462
v 9.875309 -7.464106 17.830475
v 10.841059 -7.906588 16.073792
v 11.887125 -9.031356 10.778259
v 11.894101 -9.126657 9.345123
v 11.120375 -7.903189 3.151428
v 10.435096 -8.448832 2.709755
v 10.829538 -7.773144 2.505371
v 10.841812 -7.168857 16.834061
v 11.919268 -8.965807 7.864838
v 11.611731 -8.561697 5.282921
v 11.522629 -8.352958 4.666794
v 10.302906 -7.431830 1.417496
v 6.638086 -6.855870 20.923294
v 10.612626 -8.319111 15.932922
v 11.649667 -8.967792 12.315765
v 11.444633 -9.655203 10.205933
v 11.445059 -9.686884 9.153763
v 11.440437 -9.620500 8.174240
v 11.673355 -9.016858 6.680481
v 10.721928 -8.812496 3.700607
v 6.746739 -9.856964 0.301865
v 7.655936 -9.313288 0.466606
v 8.797216 -9.395741 1.685013
v 8.899269 -9.732622 2.230019
v 8.628410 -8.718617 0.762459
v 9.557351 -9.802360 3.262306
v 9.717732 -9.230835 2.655861
v 10.065416 -9.671333 3.901108
v 10.991938 -9.137590 4.853081
v 9.972433 -8.762240 16.338898
v 11.028780 -9.260147 13.547424
v 11.392211 -9.548990 11.348923
v 11.144579 -9.709711 6.869484
v 11.280630 -9.242079 5.884918
v 10.567940 -9.722722 5.064987
v 9.666559 -8.409838 1.588264
v 9.428925 -7.453359 0.407661
v 7.996927 -6.794764 20.082916
v 9.490670 -8.580023 17.187073
v 10.531103 -9.000347 15.103241
v 10.974010 -9.640282 12.760239
v 0.873556 -0.813378 24.325287
v 4.899005 -3.859206 23.008606
v 10.031425 -9.777927 14.727325
v 10.547568 -9.769335 13.639175
v 7.125230 -7.608363 20.155304
v 6.973711 -8.732288 19.348221
v 9.676347 -9.584248 15.652710
v 9.238108 -9.723907 16.083954
v 0.763371 -0.856568 24.331055
v 0.741246 -0.875784 24.331055
v 3.951038 -4.146305 23.229370
v 5.965856 -6.236210 21.609375
v 8.445704 -9.661845 17.130478
v 0.763248 -0.976857 24.322510
v 4.438572 -4.761739 22.876328
v 5.993985 -7.785774 20.703354
v 8.458307 -8.896642 17.962112
v 5.819344 -8.273350 20.450653
v 6.936821 -9.729147 18.438339
v 6.023847 -8.630724 20.053650
v 6.062150 -9.608601 19.161926
v 12.131001 -1.006357 0.621399
v -2.699612 -7.516526 22.072006
v -3.219746 -7.306894 22.072006
v -12.164175 -1.823376 0.809059
v -4.200703 -0.069217 23.765625
v -7.085530 0.863660 22.536194
v -8.347099 1.056410 21.772278
v -9.149689 -0.115150 21.248016
v -9.814070 0.185794 20.701523
v -10.395336 0.442910 20.169022
v -11.431786 -0.717969 19.037460
v -12.994680 -0.092308 16.832047
v 12.297447 6.535978 14.927185
v 13.130150 7.031857 11.111526
v 13.318920 6.861463 8.818954
v 13.087353 6.874205 6.869049
v 12.100964 6.233745 3.086021
v 11.776247 5.665328 2.022339
v 12.443623 5.672979 15.522034
v 13.064568 6.599826 12.619827
v 13.425858 6.594351 10.444778
v 13.304764 6.746976 7.864349
v 13.061369 6.106944 5.260132
v 11.884503 5.952855 2.442413
v 11.241887 5.388204 1.044792
v 10.681618 5.461382 0.378807
v 1.751756 0.758584 24.253036
v 1.807256 0.682201 24.249695
v 9.276546 3.213725 20.702454
v 11.626127 4.178260 17.858582
v 11.674181 5.322863 17.132050
v 13.003127 6.103210 13.649658
v 13.556862 6.077450 11.396378
v 13.537894 6.436005 9.727890
v 13.713484 5.938614 8.150436
v 12.505543 6.218029 3.923286
v 6.730271 1.701434 22.653931
v 10.184929 3.348373 19.851196
v 13.043712 5.500088 14.322372
v 13.798506 5.819115 10.158142
v 13.922190 5.559526 9.153763
v 13.343735 5.982471 6.071030
v 13.271679 5.447448 5.007690
v 5.011125 1.793665 23.386215
v 13.487653 5.662917 12.667725
v 13.594280 5.681378 12.152206
v 13.650403 5.680798 6.904579
v 12.621403 5.165746 3.153732
v 10.963833 2.920168 19.164795
v 12.200411 5.260276 16.318329
v 13.762606 4.893246 5.977554
v 13.567926 4.823750 5.190964
v 13.050364 5.212105 4.145996
v 12.672284 4.506008 2.740585
v 13.463952 4.356573 4.416740
v 14.080954 4.110533 6.258255
v 14.137942 4.849226 10.540009
v 13.992618 3.772691 13.224915
v 11.998327 3.257958 17.754959
v 7.986222 2.392197 21.828522
v 5.145578 0.086108 23.444290
v 3.751831 0.901867 23.864609
v 1.834108 0.529288 24.253036
v 1.479937 0.347945 24.297440
v 13.289536 3.925846 15.103897
v 13.124542 4.832597 14.763245
v 13.591777 4.638420 13.685135
v 13.901089 4.595376 12.620605
v 14.011111 4.881761 11.538391
v 14.161858 4.883127 8.675476
v 14.059088 4.998796 7.912079
v 13.968157 4.866664 6.916153
v 12.194805 4.599762 1.982536
v 11.523536 4.287072 0.797356
v 1.847023 0.482289 24.253036
v 9.242573 1.547320 21.074844
v 12.297695 3.959397 16.975708
v 13.022859 3.598548 15.868103
v 13.729059 3.866987 14.004684
v 14.419276 4.110829 9.512573
v 14.443693 3.968416 8.627686
v 13.212181 3.556776 3.244812
v 1.858738 0.434961 24.253036
v 2.595451 0.607359 24.136261
v 11.720171 2.160793 18.457581
v 14.310259 3.602802 12.010193
v 14.336473 4.136785 10.850021
v 14.323746 3.923337 7.318298
v 13.938555 3.757257 5.328918
v 12.979579 3.237896 2.601944
v 12.467653 2.955080 1.602036
v 11.606312 2.932136 0.340332
v 1.869240 0.387350 24.253036
v 2.610116 0.540877 24.136261
v 13.609762 3.322291 14.727325
v 13.869696 2.990353 14.231964
v 14.372672 2.679961 12.702164
v 14.270886 3.292552 6.164513
v 13.989040 2.991760 4.870056
v 13.606922 3.248344 3.978790
v 1.325656 0.177605 24.313980
v 1.878523 0.339486 24.253036
v 2.623078 0.474041 24.136261
v 7.733495 1.132051 22.165619
v 10.262896 1.605572 20.176041
v 12.903841 3.077955 16.359940
v 14.574682 2.923707 11.349091
v 14.621375 3.225298 10.110260
v 14.680019 3.042041 9.010223
v 14.576872 3.142652 7.817139
v 1.886580 0.291400 24.253036
v 2.634329 0.406897 24.136261
v 11.715967 0.895264 18.678375
v 13.506981 2.597576 15.346497
v 14.808018 2.214364 8.651855
v 14.488014 2.666598 6.586510
v 14.214887 2.381696 5.237282
v 13.785514 2.356074 3.967911
v 1.945825 0.227799 24.237549
v 1.893407 0.243124 24.253036
v 7.284915 0.158265 22.474762
v 11.051466 0.935537 19.467972
v 12.992479 1.837255 16.633865
v 14.046078 2.078020 14.185944
v 14.665520 2.121515 11.680588
v 14.832167 2.097452 9.990814
v 14.709125 2.128042 7.389435
v 11.990074 2.310721 0.681740
v 12.009494 1.076457 0.455750
v 12.387896 1.410896 1.042755
v 14.940302 1.243062 9.751801
v 14.689067 1.458276 12.010757
v 14.405188 1.407479 13.294525
v 14.330414 0.915426 13.684814
v 13.536654 1.300789 15.696091
v 2.685854 -0.082569 24.131714
v 1.336732 0.051238 24.313980
v 3.452535 0.233819 23.968750
v 3.797741 0.277798 23.882782
v 8.862185 0.143641 21.456360
v 10.493326 -0.079936 20.062759
v 12.432096 2.208794 17.445053
v 14.764926 2.063756 10.969025
v 14.488697 1.766674 5.931236
v 13.388997 1.992355 2.935822
v 12.985384 1.424439 2.011429
v 12.938271 1.036129 16.884155
v 14.573607 1.024856 12.760620
v 14.952860 1.051953 8.962387
v 14.897959 1.311283 8.293381
v 14.788161 1.159598 7.200096
v 14.597024 1.286201 6.211380
v 14.251045 1.277475 4.893234
v 13.905989 1.292142 3.923065
v 1.017112 -10.000000 10.043793
v 1.018335 -10.000000 10.761505
v -5.459945 -5.664555 21.340195
v -4.965155 -5.664555 21.834946
v -5.318757 -6.893483 21.587692
v -5.312521 -8.450000 18.950058
v -5.334571 -6.900000 18.965958
v -5.443919 -10.000000 19.140442
v -4.750000 -10.000000 18.675003
v -5.296267 -3.800000 18.923080
v -5.500000 -3.800000 21.125000
v -5.284100 -3.800000 21.644073
v -4.750000 -3.800000 21.875000
v -3.723873 -7.404627 21.875000
v -1.536314 -8.146778 21.875000
v 0.952819 -8.220816 21.875000
v 3.517007 -7.501171 21.875000
v 5.217618 -5.664555 21.711380
v 5.385043 -5.664555 21.524017
v 5.422062 -3.800000 21.442459
v 4.750000 -6.796139 21.875000
v 1.698346 -5.637500 21.283997
v 2.434337 -6.490625 19.299316
v 1.600000 -3.800000 21.074997
v 2.933257 -5.637500 19.350616
v 3.359244 -5.375000 19.231934
v 3.380935 -3.800000 19.249237
v 2.969789 -8.000000 19.290588
v 3.359570 -8.000000 19.224670
v 2.900000 -8.000000 19.475006
v 1.900000 -8.000000 21.375000
v -3.427817 -5.768750 21.237045
v -1.083039 -5.375000 21.277283
v -1.188675 -4.850000 21.152344
v -1.170858 -3.800000 21.201309
v 0.116167 -5.046875 19.283325
v 0.120235 -3.800000 19.282227
v -2.847906 -5.637500 19.179550
v -2.600000 -3.800000 19.475006
v -2.797394 -3.800000 19.193085
v -2.600000 -8.000000 19.475006
v 2.984010 -6.425000 21.268982
v 2.986844 -4.850000 21.262360
v 2.900000 -3.800000 21.074997
v 3.277350 -3.800000 21.363678
v 3.337012 -8.000000 21.338348
v 2.900000 -8.000000 21.074997
v 2.252095 -5.900000 21.370438
v 2.345828 -3.800000 21.326752
v 2.200000 -8.000000 21.375000
v 2.500000 -3.800000 19.475006
v 2.500000 -8.000000 21.074997
v 3.500000 -3.800000 19.475006
v 3.500000 -8.000000 21.074997
v 1.675281 -5.375000 19.303833
v 1.847906 -4.850000 19.179550
v 1.847906 -6.950000 19.179550
v 1.600000 -8.000000 19.475006
v 1.822650 -8.000000 19.186310
v 0.115821 -5.867188 21.275635
v -0.035278 -6.425000 21.367065
v 0.200000 -3.800000 19.475006
v 0.200000 -8.000000 21.074997
v -1.089049 -3.800000 19.253387
v -1.200000 -8.000000 19.475006
v -0.100000 -3.800000 19.175003
v -0.900000 -8.000000 19.175003
v -3.388010 -5.703125 19.271088
v -2.758366 -4.850000 21.333740
v -2.847906 -4.850000 21.370438
v -2.707164 -3.800000 21.304810
v -2.600000 -8.000000 21.074997
v -3.500000 -3.800000 19.475006
v -3.500000 -8.000000 21.074997
v -0.900000 -3.800000 21.375000
v -0.100000 -8.000000 21.375000
v -3.200000 -3.800000 21.375000
v -2.900000 -8.000000 21.375000
v 4.833973 -5.350000 18.679718
v 5.036561 -5.350000 18.733185
v 5.284100 -8.450000 18.905945
v 5.459302 -6.609375 19.208633
v 4.750000 -10.000000 18.675003
v 5.117780 -3.800000 18.780746
v 5.443919 -10.000000 19.140442
v 5.500000 -3.800000 21.125000
v 5.500000 -8.166249 20.687881
v -2.900000 -3.800000 19.175003
v -3.200000 -8.000000 19.175003
v 2.200000 -3.800000 19.175003
v 1.900000 -3.800000 19.175003
v 2.200000 -8.000000 19.175003
v 1.900000 -8.000000 19.175003
v -2.900000 -8.000000 19.175003
v -3.200000 -3.800000 19.175003
v 5.500000 -9.682329 19.425003
v 5.500000 -7.529110 21.125000
v 5.500000 -3.800000 19.425003
v 5.404174 -3.800000 19.075165
v 4.750000 -3.800000 18.675003
v 5.269941 -10.000000 18.897644
v 5.334571 -6.125000 18.965958
v 4.872547 -7.239062 18.687469
v 4.916891 -5.350000 18.693802
v -3.200000 -8.000000 21.375000
v -2.900000 -3.800000 21.375000
v -0.900000 -8.000000 21.375000
v -0.100000 -3.800000 21.375000
v -3.500000 -8.000000 19.475006
v -3.500000 -3.800000 21.074997
v -2.681177 -8.000000 21.275620
v -2.600000 -3.800000 21.074997
v -2.847906 -5.900000 21.370438
v -2.822650 -6.687500 21.363678
v -2.642472 -5.637500 21.200790
v -0.100000 -8.000000 19.175003
v -0.900000 -3.800000 19.175003
v -1.083697 -8.000000 19.255157
v -1.200000 -3.800000 19.475006
v -1.149762 -6.064063 19.335236
v 0.200000 -8.000000 19.475006
v 0.200000 -3.800000 21.074997
v 0.002606 -6.950000 21.356903
v 0.166390 -5.342188 21.209213
v 1.728582 -8.000000 19.230194
v 1.600000 -3.800000 19.475006
v 1.822650 -5.900000 19.186310
v 1.797394 -4.850000 19.193085
v 1.731186 -6.687500 19.233902
v 3.500000 -8.000000 19.475006
v 3.500000 -3.800000 21.074997
v 2.500000 -8.000000 19.475006
v 2.500000 -3.800000 21.074997
v 2.418823 -8.000000 21.275620
v 2.200000 -3.800000 21.375000
v 2.397386 -6.031250 21.277649
v 3.105456 -8.000000 21.336655
v 3.371418 -3.800000 21.319809
v 3.135674 -3.800000 21.364807
v 2.911325 -5.900000 21.152344
v 3.281507 -6.293750 21.347839
v 3.456470 -5.637500 21.208160
v -2.847906 -3.800000 19.179550
v -2.679765 -3.800000 19.282227
v -2.689300 -6.031250 19.290314
v 0.100616 -8.000000 19.256180
v 0.186983 -5.571875 19.391327
v -1.200000 -8.000000 21.074997
v -1.200000 -3.800000 21.074997
v -1.188675 -6.950000 21.152344
v -1.000764 -6.425000 21.349365
v -3.281274 -6.162500 21.356842
v 1.900000 -3.800000 21.375000
v 2.900000 -3.800000 19.475006
v 3.142185 -8.000000 19.185745
v 3.156186 -3.800000 19.189011
v 3.477198 -6.031250 19.373367
v 3.129487 -5.637500 19.205292
v 1.600000 -8.000000 21.074997
v 2.384412 -3.800000 19.244781
v 1.609633 -5.637500 21.146027
v 1.816336 -5.243750 21.361984
v 4.750000 -3.800000 21.875000
v 5.478396 -5.664555 21.280334
v 5.308352 -5.664555 21.623978
v 5.052510 -5.664555 21.800034
v 2.689036 -7.839951 21.875000
v 0.008941 -8.283682 21.875000
v -2.474431 -7.889587 21.875000
v -4.750000 -6.796139 21.875000
v -4.955997 -3.800000 21.840027
v -5.413431 -3.800000 21.467789
v -5.500000 -3.800000 19.425003
v -4.750000 -3.800000 18.675003
v -5.500000 -9.682329 19.425003
v -5.468246 -6.706250 19.234421
v -5.106549 -5.785937 18.794800
v -4.976726 -7.675000 18.713501
v -5.500000 -7.529110 21.125000
v -5.292674 -5.664555 21.637985
v -6.455749 12.100419 3.316299
v -3.356725 13.339097 15.325256
v 2.477569 14.786240 9.632187
v 8.839634 10.015079 2.569748
v 1.588927 1.058022 24.253036
v 11.759838 6.941970 15.565430
v -14.833459 1.377041 7.674194
v 3.280564 -7.000000 6.180664
v 9.231543 -7.000000 6.578842
v 10.345634 -7.000000 12.830750
v 2.708969 -7.000000 14.134705
v -8.407942 -7.000000 6.001999
v -1.010391 -7.000000 10.512970
v -9.991026 -7.000000 13.356384
v 0.495936 -1.034646 24.331055
v -0.042468 -6.477919 22.902496
v -2.081365 -5.798519 23.042725
v -6.347059 -8.258406 20.150955
v -2.460754 -2.368238 23.981033
v -11.174788 -9.736561 7.105324
v -11.817720 -8.948875 7.104950
v -11.065730 -7.420527 16.253235
v -6.743961 -4.349152 22.029816
v -10.220754 -6.481378 0.524155
v -12.337323 -5.279922 2.687332
v -11.718380 -4.743587 17.435730
v -13.388248 -4.039315 14.769470
v -14.837198 -2.098070 8.819000
v -14.753001 -2.230850 7.912079
v -13.620888 -2.596920 3.680023
v -14.725004 -1.533078 7.010757
v -13.029187 -3.964243 15.652695
v -6.300379 -2.832904 22.673859
v -11.795180 -5.621469 2.032318
v -12.138462 -6.906057 3.922623
v -2.935636 -1.745251 23.981033
v -11.691776 -7.791560 14.602158
v -11.551043 -9.525837 8.603958
v -10.940134 -9.782286 12.432480
v -9.904066 -9.462767 15.449783
v -0.346431 -0.396333 24.360901
v -0.196209 -0.334264 24.369858
v -0.077850 -2.072704 24.227722
v 0.548119 -1.007973 24.331055
v -9.291031 -7.000000 14.134705
v -1.054944 -7.000000 9.658905
v -8.966876 -7.000000 6.357117
v 3.769666 -7.000000 14.840958
v 10.765273 -7.000000 11.870972
v 8.531245 -7.000000 6.064484
v 2.648354 -7.000000 6.671997
v -14.508464 1.969996 12.597183
v -14.825377 1.269339 11.230377
v -12.621090 0.584422 1.305862
v -14.670479 3.040030 10.014801
v 1.033582 -7.000000 9.906586
v 3.711880 -7.000000 5.933052
v 9.724665 -7.000000 7.041138
v 9.640293 -7.000000 13.781128
v 2.135299 -7.000000 13.537750
v -7.441524 -7.000000 5.599358
v -1.113316 -7.000000 11.417450
v -10.587315 -7.000000 12.334915
v 0.469351 -1.046974 24.331055
v 0.699626 -7.649677 22.246201
v -0.862652 -3.534669 23.899979
v -5.943576 -7.255265 21.068359
v -8.219381 -8.231979 18.829193
v -10.826689 -9.836275 6.071289
v -11.413074 -9.290714 6.492538
v -10.297434 -7.269620 17.496277
v -10.689837 -7.256545 16.987839
v -0.345154 -0.165442 24.370117
v -13.200918 -4.894257 4.238396
v -13.054235 -5.309687 14.503265
v -13.857582 -3.500853 13.914047
v -14.649322 -2.768413 10.969025
v -14.815688 -2.191560 10.062561
v -13.091767 2.932418 2.676468
v -14.622110 1.735373 6.539413
v -14.473549 1.087320 13.131744
v -1.898998 0.194690 24.253036
v -12.012819 3.632000 1.162369
v -14.631596 3.276433 9.392975
v 1.251613 -7.000000 8.826263
v 4.558476 -7.000000 5.599358
v 10.050370 -7.000000 7.452637
v 8.295850 -7.000000 14.802490
v 1.600561 -7.000000 12.734299
v -6.441360 -7.000000 5.400658
v -1.494860 -7.000000 12.509766
v -10.905586 -7.000000 11.280518
v 0.415279 -1.069573 24.331055
v -0.484689 -7.470800 22.363617
v -2.937633 -5.362542 23.059174
v -7.300695 -9.005116 18.876816
v -8.567804 -9.145590 1.142433
v -10.826996 -9.554028 5.340820
v -11.034851 -9.101327 4.870056
v -2.842693 -1.892870 23.981033
v -12.713860 -7.779900 11.016327
v -3.060620 -1.515410 23.981033
v -13.271679 -5.447448 5.007690
v -13.530255 -4.859484 13.639175
v -13.911942 -4.013835 13.270874
v -14.308502 -2.082426 13.340317
v -14.570531 -2.369654 12.010757
v -14.089705 5.009744 8.245667
v -14.265500 4.614588 9.105896
v -12.134962 1.058084 0.631020
v -13.265200 0.977102 16.296585
v -10.267944 1.656806 20.155243
v -13.394211 4.666060 14.231171
v -13.545200 5.698981 12.363342
v -14.580111 3.167224 7.864349
v 1.619407 -7.000000 7.994476
v 5.503389 -7.000000 5.403107
v 10.587315 -7.000000 8.415085
v 7.680082 -7.000000 15.080704
v 1.257419 -7.000000 11.921814
v -5.613459 -7.000000 5.393341
v -2.119745 -7.000000 13.514877
v 0.672031 -0.929956 24.331055
v 0.442459 -1.058619 24.331055
v -0.251594 -6.343798 22.958603
v -0.996385 -1.628286 24.253036
v -2.375862 -2.956178 23.886719
v -7.070168 -9.698711 0.388786
v -2.578468 -2.239501 23.981033
v -11.233002 -8.505844 4.235695
v -1.521801 -0.757979 24.262268
v -12.765576 -7.755893 8.055008
v -4.372785 -2.502489 23.482849
v -13.702581 -5.830438 7.626862
v -14.018868 -5.110789 7.912323
v -14.490494 -3.833201 9.010330
v -12.539693 -2.372756 17.243362
v -13.147824 -1.753081 16.359207
v -12.931437 5.649454 4.304016
v -13.760635 4.573434 5.560471
v -14.081034 4.159974 12.433746
v -13.221383 2.203781 16.081543
v -1.906462 0.097472 24.253036
v -12.765835 1.628897 17.070068
v -13.808144 4.693427 12.865326
v -13.176812 6.550765 6.492538
v -13.629684 6.136428 10.540192
v -13.677114 2.636896 3.822701
v 2.240308 -7.000000 7.083939
v 6.248305 -7.000000 5.389664
v 10.929288 -7.000000 9.605453
v 6.542217 -7.000000 15.321686
v 1.036639 -7.000000 10.926300
v -4.866785 -7.000000 5.523758
v -2.858304 -7.000000 14.257721
v 4.624623 -5.933372 22.340240
v 0.614617 -1.793524 24.253632
v -0.410999 -5.022807 23.490143
v -0.954476 -1.653201 24.253036
v -1.967801 -2.778344 23.976501
v -8.274035 -9.775795 1.566406
v -2.859038 -2.483187 23.889114
v -5.804900 -5.032644 22.249298
v -0.318615 -0.212157 24.370117
v -12.229467 -7.537531 5.076324
v -9.164518 -5.147790 20.063843
v -13.863756 -5.690746 8.866791
v -13.594837 -5.303648 5.930946
v -11.767500 -3.609054 0.828644
v -3.726497 -0.673451 23.889114
v -3.837754 -0.554927 23.863770
v -13.091337 7.282105 10.014755
v -12.375669 5.547204 2.978470
v -13.468618 4.452412 4.506439
v -12.839371 4.399711 15.727722
v -14.204983 2.124721 13.685852
v -3.703947 0.622686 23.894363
v -13.771856 1.690789 15.060959
v -13.905582 4.943794 12.010529
v -5.649649 3.506921 22.819824
v -12.075472 8.096582 5.699066
v -13.654763 5.630438 6.774445
v -13.428295 2.250064 3.086021
v 7.355220 -7.000000 5.573982
v 10.993885 -7.000000 10.540771
v 5.613459 -7.000000 15.356659
v -10.982277 -7.000000 10.126740
v -3.542627 -7.000000 6.026772
v -3.187754 -7.000000 14.509155
v 0.623670 -0.963058 24.331055
v -0.042794 -0.391082 24.367584
v -1.354230 -6.506160 22.818726
v -0.830928 -1.283101 24.296906
v -2.622658 -2.776192 23.879318
v -9.477015 -9.146923 2.211197
v -9.187243 -8.715803 17.395111
v -9.800446 -6.638405 18.574585
v -2.793425 -1.964851 23.981033
v -11.004845 -6.798444 1.800690
v -11.152434 -5.838470 17.503387
v -13.948509 -5.441214 10.158081
v -12.321829 -4.425469 2.062897
v -3.687249 -0.862850 23.889114
v -13.412592 -2.869343 15.434280
v -8.958334 -1.462214 21.304062
v -11.159399 8.763964 14.208191
v -12.858898 7.644790 8.341171
v -10.610473 5.725571 0.455750
v -13.381972 3.746136 3.745918
v -6.358231 2.283935 22.748169
v -14.377225 1.939824 13.178955
v -13.724220 0.774650 15.350449
v -14.170834 4.684547 10.826004
v -9.418324 6.339746 19.160690
v -11.205735 9.242449 13.086090
v -11.969816 7.429303 4.235695
v -13.099272 4.943287 4.012764
v -13.187964 2.080500 2.547729
v 10.908542 -7.000000 11.309128
v 4.824792 -7.000000 15.223053
v -10.846729 -7.000000 9.171631
v -2.815430 -7.000000 6.527374
v -3.680245 -7.000000 14.787750
v 0.648062 -0.946816 24.331055
v 0.574165 -2.602996 24.136261
v -0.552681 -1.827195 24.253036
v -1.037645 -1.602309 24.253036
v -8.029661 -9.512599 17.724976
v -8.974386 -9.688292 2.274734
v -11.649685 -9.192745 11.514832
v -10.545153 -7.827700 16.612717
v -4.330645 -4.489804 22.998047
v -0.336256 -0.182850 24.370117
v -11.710743 -6.775145 15.811859
v -13.687992 -5.927749 10.921417
v -3.610379 -1.142574 23.889114
v -8.446669 -2.876805 21.409790
v -13.073641 -2.426277 2.442383
v -14.709072 -2.901412 9.082001
v -11.020410 8.289474 15.259201
v -7.353899 7.111529 20.335693
v -12.187620 6.932386 4.057175
v -10.872993 6.305721 1.204231
v -12.773311 3.775216 2.484192
v -1.834108 0.529288 24.253036
v -14.708864 2.056019 11.443665
v -14.967084 0.717403 8.818954
v -11.384153 6.444766 16.695862
v -8.740681 8.306217 0.455750
v -5.783243 6.372375 21.654755
v -11.591900 7.377079 3.370392
v -12.220516 4.857846 2.167923
v -1.496855 0.310183 24.296906
v 4.163492 -7.000000 15.025513
v -10.559139 -7.000000 8.337082
v -2.372050 -7.000000 6.942261
v -4.635753 -7.000000 15.181778
v 0.598871 -0.978671 24.331055
v 1.622360 -4.394380 23.600189
v -0.382537 -2.980073 24.062256
v -1.358301 -2.249102 24.141632
v -9.116203 -9.532541 16.508102
v -8.623212 -9.192194 1.242119
v -9.113331 -8.495090 1.042046
v -11.570826 -8.819240 12.993500
v -8.655416 -6.168255 19.930725
v -2.979250 -1.669710 23.981033
v -13.385983 -6.337246 11.727875
v -13.189639 -5.663156 13.695251
v -10.472219 -3.422709 19.534409
v -11.180216 -2.188520 19.101440
v -12.302211 -1.425642 17.813324
v -11.767498 -2.475439 0.417999
v -9.377872 7.760139 18.128983
v -11.766723 9.028996 11.585678
v -5.918782 4.484826 22.392227
v -12.356491 6.365505 3.744545
v -11.432520 3.457196 0.301865
v -11.787552 3.649296 17.894302
v -14.712476 2.272201 7.603287
v -1.903351 0.146129 24.253036
v -9.156984 9.099251 1.752289
v -9.479034 9.818184 3.176422
v -10.657881 10.257940 11.822235
v -12.288185 8.182096 12.010956
v -7.849370 4.397622 21.358612
v -10.556587 2.558564 19.712524
v -1.211243 -7.000000 8.958435
v -7.481575 -7.000000 15.139740
v 2.227314 -2.717770 23.949860
v 1.617967 -3.035082 23.971436
v -0.645258 -1.796591 24.253036
v -1.078227 -1.575286 24.253036
v -1.689113 -1.940653 24.150436
v -9.716675 -9.560033 3.129463
v -2.980944 -2.334660 23.888611
v -11.654907 -9.425629 9.703964
v -11.917185 -8.670164 12.152206
v -12.715313 -7.341189 12.433746
v -11.716923 -6.640424 2.784027
v -10.070033 -4.544914 19.506531
v -14.122016 -4.844053 10.778519
v -14.343085 -3.416693 12.081146
v -13.852446 -1.780311 3.923065
v -14.184675 -1.994536 4.944366
v -13.828115 -1.263077 15.029922
v -14.430609 -1.887492 5.768539
v -13.004238 -3.085379 16.168289
v -14.023946 -4.635990 11.963470
v -12.629540 -5.103204 15.628342
v -13.172964 -7.108526 10.205795
v -11.192020 -6.800802 16.674988
v -11.521191 -8.390472 14.021576
v -12.159793 -8.669732 10.730804
v -2.634820 -2.172920 23.981033
v -8.078426 -8.948978 0.455750
v -1.306057 -1.392234 24.253036
v -4.167953 -6.619846 22.171844
v -0.901007 -2.508673 24.136261
v 0.391118 -1.818577 24.254883
v 0.573682 -0.993646 24.331055
v -5.390841 -7.000000 15.325562
v -1.619407 -7.000000 7.994476
v -9.929851 -7.000000 7.318863
v -2.069332 0.573818 24.216125
v -1.751756 0.758584 24.253036
v -11.690361 7.893477 14.456421
v -9.909113 10.564257 13.248383
v -2.553595 3.035714 23.832703
v -2.399470 2.430310 23.981033
v -12.260609 -0.364226 0.760582
v -14.784657 2.259599 10.444702
v -1.116918 0.241214 24.325760
v -12.083553 4.079275 1.485336
v -12.082062 6.273178 3.086021
v -10.291100 6.386716 0.532700
v -8.421315 7.344390 19.358368
v -6.711356 6.026828 21.342682
v -11.921360 9.027229 10.492401
v -11.931250 9.064775 8.866852
v -9.962864 7.082188 18.055618
v -12.571494 6.630877 4.597725
v -14.035713 5.244299 9.943024
v -13.708901 3.838573 14.071762
v -14.446017 2.516175 6.258972
v -1.899986 0.349726 24.249695
v -1.091416 1.622482 24.244324
v -1.270075 1.425134 24.253036
v -10.668562 10.533180 9.775726
v -12.539600 8.177544 10.181885
v -12.290287 6.149018 15.368652
v -13.369612 3.308647 15.303101
v -8.526293 -7.000000 14.677094
v 2.919624 -6.032402 22.775116
v 0.428310 -2.914508 24.076920
v -0.599165 -1.812484 24.253036
v -1.118106 -1.547236 24.253036
v -2.336621 -2.490797 23.981033
v -1.931920 -1.835688 24.136261
v -10.557610 -9.469354 4.506439
v -11.845546 -9.089448 7.959564
v -11.667137 -8.558399 5.444382
v -12.920448 -7.322411 11.443481
v -11.126386 -5.911448 1.243446
v -0.353151 -0.147603 24.370117
v -14.298075 -4.474773 8.723267
v -14.501257 -3.663207 10.444702
v -1.926081 -0.140858 24.249695
v -13.405587 -1.503863 2.827469
v -10.534416 7.373318 1.670937
v -10.325365 8.136053 16.567566
v -11.323316 7.186991 16.071640
v -12.797054 6.800386 5.513214
v -13.891976 5.014496 6.774643
v -14.375561 3.999051 10.873688
v -14.151814 2.382748 5.030685
v -2.614359 0.516900 24.135696
v -2.519496 2.827093 23.889114
v -2.272247 2.549658 23.981033
v -10.865686 10.324395 9.010284
v -12.416756 8.382803 8.723373
v -13.359598 6.351295 11.821869
v -14.551714 3.356580 10.706818
v 0.522197 -1.021643 24.331055
v 0.441053 -5.857379 23.171127
v -2.128666 -6.652711 22.643539
v -1.533426 -2.180068 24.136261
v -3.375108 -3.617274 23.531677
v -2.520399 -2.304659 23.981033
v -10.130157 -9.556726 3.822266
v -10.643292 -8.579516 3.216843
v -9.985161 -7.828345 1.383995
v -12.889233 -7.662719 9.488663
v -3.098324 -1.436751 23.981033
v -3.134006 -1.357156 23.981033
v -14.004903 -3.994194 5.815002
v -14.551282 -2.821867 7.104950
v -13.512270 -0.698038 15.826004
v -7.574094 -1.359026 22.228271
v -11.429711 9.673878 8.627945
v -10.997534 9.338349 5.282921
v -12.244657 7.348293 13.919220
v -12.784061 7.246412 6.398796
v -12.353041 3.578821 1.670914
v -14.384725 4.200183 9.919128
v -13.679967 1.269198 3.370140
v -8.757320 1.281046 21.477966
v -9.928918 10.203121 14.072906
v -8.230484 8.938763 18.158478
v -10.768377 10.363651 8.150330
v -12.330676 8.210171 7.057854
v -13.650558 6.198133 9.727890
v -14.555061 3.553450 8.723267
v 1.105357 -6.892472 22.643005
v -0.964781 -2.484844 24.136261
v -3.765112 -5.709266 22.716980
v -7.803555 -7.356995 19.848846
v -2.794646 -2.555440 23.889114
v -10.041451 -8.609093 2.317047
v -9.590014 -7.531961 0.650612
v -0.326481 -0.199781 24.370117
v -13.024069 -7.408932 8.771164
v -10.971109 -4.391560 18.608185
v -7.171693 -3.106711 22.167023
v -13.620520 -4.794483 5.328598
v -14.229389 -3.570251 6.257729
v -14.931123 -1.386410 9.249451
v -14.848307 -1.438077 10.873566
v -10.623850 8.818101 3.524368
v -9.510185 7.539634 0.571884
v -12.465852 7.627612 12.712921
v -12.931022 7.247569 7.104950
v -6.908269 4.161862 21.993271
v -14.365220 4.194955 8.436676
v -1.352976 0.295312 24.309723
v -11.887787 1.824983 18.303421
v -10.132586 11.010672 8.388962
v -10.118696 11.066240 9.488647
v -10.417323 10.089777 5.559540
v -11.227073 8.502253 4.236542
v -13.530638 6.432485 8.818970
v -14.412872 3.494215 7.152252
v -3.170856 -7.086665 22.195801
v -6.434589 -9.209242 19.295471
v -1.341186 -1.358425 24.253036
v -5.396249 -5.798419 22.087006
v -2.689455 -2.104922 23.981033
v -10.409188 -7.921002 2.042587
v -2.890108 -1.819654 23.981033
v -3.020921 -1.593079 23.981033
v -12.349227 -5.848007 15.541931
v -10.565155 -5.055280 18.727234
v -12.717712 -4.556751 2.870895
v -13.838478 -3.518964 4.802261
v -14.508698 -1.353761 12.887451
v -14.657999 -0.889377 6.351471
v -2.592852 2.512625 23.931915
v -9.201462 8.742830 17.354950
v -12.787092 7.574327 11.348450
v -13.107502 7.019524 11.300995
v -13.843285 5.476512 11.158981
v -14.221314 4.400589 7.578979
v -5.477909 1.155334 23.286911
v -12.460857 1.049940 17.641663
v -2.206391 2.606857 23.981033
v -9.591827 10.490033 4.597725
v -10.337929 9.721786 4.540672
v -11.175118 7.112328 2.357681
v -13.544909 6.176315 7.579254
v -14.303415 3.251335 6.258255
v -7.117278 -9.848895 18.169525
v -2.399470 -2.430310 23.981033
v -6.778011 -6.853405 20.859680
v -8.643078 -7.511229 19.053192
v -11.675623 -8.102474 4.598137
v -12.138848 -7.806040 13.456024
v -8.209074 -4.958710 20.892303
v -12.730627 -6.151869 14.367188
v -13.279564 -6.261120 12.410324
v -3.638382 -1.049997 23.889114
v -13.015442 -3.377368 2.741669
v -14.953131 -0.620879 10.301422
v -14.786913 -1.134724 11.585678
v -10.434306 8.777514 15.608826
v -10.450093 10.123123 12.992645
v -12.982168 7.495223 9.153748
v -1.489850 1.341004 24.237396
v -13.976595 5.426641 9.010223
v -14.135773 4.079346 6.493027
v -13.954632 2.509900 14.254944
v -14.041687 1.450912 14.422119
v -5.273119 6.682878 21.718872
v -4.807838 6.269587 22.121918
v -1.306057 1.392234 24.253036
v -12.153599 8.782724 9.584351
v -13.061311 6.055815 5.191635
v -13.915948 3.586159 5.099327
v -6.527618 -5.702763 21.596008
v -9.881209 -8.724199 16.508102
v -9.381292 -7.732354 18.148193
v -12.327515 -8.322660 7.484344
v -12.341177 -8.490463 8.747253
v -12.161762 -6.840592 14.859558
v -12.676928 -6.937980 13.351639
v -12.638987 -5.983485 3.967911
v -6.088141 -1.566868 22.964569
v -12.410460 -3.413156 1.693047
v -14.391206 -0.943931 5.282921
v -14.901173 -1.120327 8.150452
v -9.208397 11.057823 13.593567
v -9.920730 11.060810 11.396210
v -11.107135 9.898642 7.484039
v -10.271382 8.607811 2.655304
v -12.246594 7.547500 5.145325
v -12.698146 6.827204 13.501999
v -13.488896 5.511713 5.838310
v -11.821594 2.566662 0.524147
v -11.275146 2.915283 18.812256
v -14.882032 1.814458 9.488647
v -9.215540 11.774677 10.540192
v -9.228290 11.636460 11.443481
v -4.103374 5.909261 22.518402
v -11.794106 8.755015 6.351471
v -11.423594 4.032825 0.539108
v -12.432638 2.091852 1.265167
v -11.567343 -9.477580 10.492493
v -12.348129 -8.250751 11.443481
v -11.439660 -7.566922 3.326698
v -12.989725 -7.225506 7.389099
v -13.435222 -6.652202 9.010223
v -9.318921 -3.593455 20.552002
v -14.260992 -4.239489 11.254181
v -9.991255 -2.050215 20.358444
v -13.822716 -0.399197 15.170929
v -10.399801 -0.678657 20.149963
v -14.166427 -0.295145 4.484604
v -12.804771 -1.634837 1.751984
v -4.014946 -0.853775 23.796906
v -13.786310 -4.877268 12.667450
v -11.065217 -4.971942 0.562973
v -13.588577 -6.301104 10.062546
v -13.332515 -6.627780 11.159119
v -12.030123 -8.404837 6.304863
v -12.499597 -8.265763 9.895233
v -10.849543 -8.436012 15.368195
v -10.671442 -9.374672 14.174866
v -13.834865 2.353915 4.102020
v -11.690812 4.973504 1.404266
v -12.093942 8.739655 7.864349
v -2.336621 2.490797 23.981033
v -9.390325 11.687302 9.632187
v -9.454906 11.615034 8.627686
v -14.918428 1.241109 10.253632
v -14.738979 2.663498 8.627686
v -12.491838 2.860385 1.588570
v -13.816552 5.620230 7.864853
v -9.225637 5.184828 19.985382
v -12.472717 7.633910 6.071289
v -11.414266 9.692160 10.134171
v -11.283585 9.612761 11.633133
v -9.673144 11.030336 12.480591
v -8.320636 11.324654 4.146851
v -9.050468 10.938900 4.552872
v -9.763973 11.314415 10.587601
v -1.174111 1.205259 24.278168
v -2.460754 2.368238 23.981033
v -8.186326 6.078442 20.365723
v -13.236588 6.872451 7.816895
v -13.403337 5.154510 5.053329
v -4.323372 2.458102 23.505600
v -12.372004 2.648624 17.416656
v -14.884366 1.670231 8.627686
v -1.234602 2.943874 24.020081
v -0.957456 1.191666 24.296906
v -9.715232 9.068610 16.291733
v -11.612572 8.533997 5.237274
v -1.697826 0.844515 24.254333
v -1.858738 0.434961 24.253036
v -12.214785 -8.021673 12.737198
v -11.205624 -7.359628 2.654755
v -12.761477 -7.395232 6.680252
v -13.404315 -6.636796 8.293381
v -11.281672 -3.965068 18.415665
v -14.263720 -4.614476 9.536499
v -12.228671 -3.420403 17.332489
v -14.564580 -0.558273 12.900055
v -14.221481 -0.886391 14.050674
v -7.960204 10.652520 2.441833
v -7.364498 9.952149 0.935051
v -8.490033 10.145915 2.315613
v -10.055793 10.997719 7.721527
v -6.813581 7.079755 20.705200
v -7.107255 7.717566 20.070801
v -10.718168 7.160661 17.026779
v -11.666414 5.797612 1.961800
v -12.691055 4.466907 2.751968
v -10.077887 4.042617 19.707489
v -14.158026 2.991827 13.287003
v -14.142086 1.086363 4.506851
v -6.215240 8.808475 19.799500
v -6.668396 9.799934 18.542297
v -9.296183 9.961065 15.635956
v -10.809993 7.994291 2.742744
v -10.701420 5.806193 18.108978
v -2.905469 2.408380 23.891785
v -2.087891 -1.561792 24.133240
v -12.696592 -7.143873 5.838310
v -13.361438 -6.457247 7.223633
v -12.193153 -4.690017 16.739349
v -14.252287 -4.360737 7.721802
v -13.892859 -2.624570 14.367218
v -14.984301 -0.526478 9.225525
v -14.725912 -0.611495 12.152206
v -8.625259 12.262497 9.321213
v -7.542234 10.717356 16.653824
v -8.606367 11.591396 13.409088
v -8.251903 9.344343 1.043442
v -9.634457 11.200748 6.822182
v -7.035548 8.847765 19.213257
v -10.464467 9.452079 14.468109
v -11.986568 8.148435 13.224945
v -4.878583 3.247113 23.178543
v -10.944019 4.996297 0.427963
v -11.113197 4.374020 18.418732
v -14.501755 2.884467 11.869324
v -7.681254 9.898961 17.593964
v -8.473445 10.078295 16.550415
v -10.347760 10.786386 10.587799
v -11.371769 9.318059 6.422119
v -11.555323 5.406930 17.240784
v -8.394913 2.531266 21.529495
v -12.639151 -6.899836 5.190964
v -13.209599 -6.331745 6.164513
v -13.843240 -5.323837 11.585678
v -14.070780 -4.477434 6.774445
v -14.245615 -2.950850 12.992920
v -13.732754 -0.461146 3.370392
v -14.811204 -0.165730 7.057648
v -7.883601 12.128836 13.316849
v -7.979649 11.897538 4.962784
v -7.595385 11.327860 15.608826
v -8.705971 11.887627 12.151733
v -8.124697 8.939877 0.494934
v -9.490864 10.998320 5.652161
v -10.877869 10.237158 10.682983
v -10.829943 9.934968 6.398567
v -12.298670 8.389341 11.158981
v -12.086866 6.875296 14.994415
v -12.969999 5.359652 14.659439
v -12.302725 4.239410 16.821259
v -7.861039 11.688952 14.507874
v -8.467648 10.612272 15.728134
v -10.419930 10.553594 7.152252
v -11.702610 9.159567 7.389572
v -12.618435 6.110975 14.693390
v -9.370516 3.357086 20.568130
v -13.061369 -6.106944 5.260132
v -13.715643 -5.476972 6.774445
v -13.393555 -3.771282 3.789421
v -14.645685 -3.181585 9.871307
v -5.210578 -0.168501 23.425339
v -12.939951 -0.723594 1.847389
v -6.722691 11.266911 16.633865
v -8.039658 12.502192 7.389099
v -2.239131 5.786127 23.018845
v -8.187515 12.381752 11.491119
v -8.540096 12.265877 8.198227
v -1.528498 4.098567 23.705353
v -8.725307 10.543633 3.261276
v -10.045822 9.454987 3.503128
v -9.247309 8.420038 1.114532
v -12.591860 7.984386 7.769135
v -4.274991 4.262593 23.080780
v -13.179367 5.583193 13.845306
v -5.604689 9.571295 19.467163
v -5.595089 10.301382 18.705261
v -9.083144 10.560501 14.927185
v -10.206623 10.537888 6.257729
v -11.618067 8.973919 12.433746
v -13.024399 6.606231 12.760361
v -12.720032 2.870569 16.781067
v -3.337781 -1.343596 23.935074
v -11.429667 -4.341378 0.700455
v -14.524694 -3.398720 7.864609
v -12.141994 -0.042246 18.160843
v -10.929153 0.429746 19.623566
v -7.515854 11.499537 3.370392
v -7.685905 12.515468 12.385910
v -8.040876 12.201534 6.024162
v -2.876235 7.193281 22.198380
v -8.612466 12.162411 11.016479
v -8.686139 11.939869 6.774643
v -5.439309 8.033614 20.798431
v -8.758189 11.412911 5.145325
v -9.192694 11.745611 7.816895
v -8.792357 11.648625 5.930939
v -8.001692 11.184288 3.392105
v -8.555499 12.287889 10.205994
v -4.954361 9.584024 19.784592
v -6.188050 10.875294 17.636612
v -7.654242 12.874945 10.110382
v -7.536958 11.719269 3.833359
v -7.431419 12.778200 6.869049
v -7.076419 12.817596 12.620605
v -6.845433 10.753191 1.487274
v -7.292058 12.538815 5.583923
v -4.372312 8.955827 20.574280
v -6.955863 13.189850 7.816742
v -7.609993 12.894121 8.603897
v -6.753949 12.367474 14.478851
v -6.810697 11.352520 2.336502
v -6.480397 13.519711 9.440811
v -6.782227 13.164653 11.727875
v -12.936070 3.531940 16.084518
v -14.171516 3.796489 12.456055
v -3.664011 -0.956735 23.889114
v -14.436473 -2.704268 6.351471
v -14.905521 -0.131420 10.992615
v -13.927814 0.198970 14.927185
v -0.840636 1.739279 24.249695
v -14.030432 -2.954604 4.985199
v -13.253044 -0.042104 2.357101
v -14.925733 0.166839 7.983536
v -4.888863 11.221676 18.030136
v -4.210348 10.853415 18.812653
v -6.227137 12.182957 15.523041
v -14.410181 1.221615 5.421555
v -13.269657 0.792651 2.443779
v -5.835321 11.372833 17.213654
v -6.825473 11.897723 15.421829
v -14.734686 0.918319 6.751427
v -7.160990 13.168772 9.679977
v -6.873055 12.453534 4.642990
v -6.821181 12.688043 13.536377
v -7.189080 13.070990 10.873825
v -6.785122 13.068527 6.539413
v -6.048109 11.560410 1.979340
v -5.529179 13.656244 6.586739
v -5.305383 11.583551 1.465065
v -0.625325 1.394904 24.296906
v -0.490917 1.244149 24.313980
v -5.656053 13.119356 4.824417
v -4.976971 13.997124 7.341965
v -0.645258 1.796591 24.253036
v -6.037449 13.017941 13.731110
v -5.574206 12.117451 2.528389
v -4.143517 11.510698 0.709724
v -4.216380 14.268240 7.484039
v -0.901007 2.508673 24.136261
v -6.337837 13.223820 12.503494
v -3.593839 14.520397 8.341248
v -4.056357 14.400925 10.349213
v -4.076274 13.325264 3.833359
v 0.742999 3.646229 23.891449
v -6.333054 13.543537 10.540192
v -5.954279 13.630941 11.254028
v -0.636979 2.611479 24.131714
v -4.640496 13.886099 6.141342
v -4.245980 12.124072 17.095520
v -0.499414 1.768702 24.260193
v -4.013579 13.826143 5.190613
v -3.851912 14.192610 6.445435
v -0.789238 5.487826 23.303070
v -2.963603 9.472378 20.617035
v -6.339255 13.556893 8.436676
v -2.974508 13.688217 14.727325
v -0.314422 2.240434 24.198181
v -3.140250 11.866947 0.769188
v -1.491918 6.301629 22.902496
v -5.273484 13.485140 13.247162
v -6.154418 13.497210 7.199928
v -0.593384 11.701412 18.723694
v -1.122501 14.613840 12.527176
v -3.320325 14.501948 11.254028
v -1.652400 14.319178 5.236603
v -1.389284 14.111286 4.507248
v -2.884926 11.350533 18.737305
v -5.418590 13.955860 10.253784
v -1.027926 2.459394 24.136261
v -6.170956 12.664532 4.235695
v -5.570170 13.694450 11.869324
v -1.729700 10.175160 20.235718
v -1.889624 14.716032 7.199890
v -2.256061 14.763625 10.683212
v -2.911278 14.051657 13.706467
v -1.598675 13.847921 14.904785
v -0.002728 13.076557 2.042923
v -0.815086 14.785336 11.751434
v -2.945536 14.685612 10.086456
v -2.051396 13.248857 2.672897
v -1.830379 12.359385 1.083313
v -4.264357 12.893488 15.714920
v -5.028275 13.521571 5.282921
v -5.713540 12.128225 16.075867
v -2.055419 14.287072 13.432892
v 0.498557 1.787929 24.257568
v 0.467851 12.832026 17.108368
v -0.622054 14.977591 9.727875
v -3.143828 13.533459 3.733795
v -1.369871 11.865989 0.301865
v -0.170423 1.901330 24.253036
v -4.195469 13.521281 14.298370
v -4.852838 13.248742 4.303787
v -5.347338 12.823432 14.989700
v 1.717616 14.879396 8.723450
v 1.953989 14.842951 10.205795
v 0.854685 14.855194 11.254181
v -0.612854 13.260621 2.411911
v -2.902260 12.579772 1.751984
v -1.488250 14.745669 11.656693
v -1.908787 14.865263 9.775726
v -4.195777 14.366888 8.436676
v -3.924750 12.528142 2.138382
v -5.833397 12.473283 3.435799
v -6.178091 13.158509 5.710281
v -4.778798 12.789774 3.173904
v -4.320149 14.201649 11.491119
v -1.044301 13.519091 15.767090
v 0.550738 7.836057 22.134430
v -2.861549 13.181011 2.828018
v -0.660463 14.775340 6.916153
v 0.369564 14.173437 14.242981
v 1.326267 12.014286 18.245605
v 1.400752 6.442380 22.832825
v 1.549490 14.657543 6.633606
v 1.988930 14.744650 7.484039
v 0.621129 14.953499 8.460571
v 0.024378 1.908797 24.253036
v -0.557707 6.610256 22.817627
v -1.861838 14.875328 8.986298
v -1.632772 14.555696 6.164513
v -3.971725 12.979719 2.999138
v -0.599165 1.812484 24.253036
v -5.818923 10.623390 0.553970
v 2.816131 14.519418 11.821289
v 1.755222 12.250906 0.910080
v 1.986973 14.291435 5.306755
v 0.651473 13.577686 3.043106
v 0.656079 8.791942 21.494965
v -1.176385 7.751820 22.158844
v -1.437836 13.576418 3.173904
v -1.575571 12.751341 1.649384
v -3.735598 13.678667 4.495125
v -0.836645 2.530865 24.136261
v -0.553285 1.425014 24.296906
v 3.005375 14.502169 7.010345
v 4.867334 13.519403 5.100174
v 1.993103 12.952496 16.654144
v 3.209432 11.152760 18.860474
v 3.120207 13.725414 14.547241
v 1.176417 13.872045 14.949600
v -0.180545 11.050268 19.503479
v -2.615070 14.470365 6.445442
v 0.056039 2.498173 24.161591
v -1.343535 14.851103 7.841187
v -3.401543 14.432384 7.152420
v -3.405211 11.800692 17.972534
v -0.964781 2.484844 24.136261
v -0.690930 1.779526 24.253036
v -1.858408 8.105543 21.842712
v -3.223425 14.073982 5.329239
v -0.121810 1.905062 24.253036
v -1.020525 12.042318 0.494942
v -2.765616 14.633156 7.626587
v 1.547357 10.256338 20.181427
v 0.900315 13.086334 2.105255
v 2.107563 7.869490 21.968033
v 0.506721 1.864131 24.249695
v 1.999549 14.067915 14.158325
v 2.682405 14.448397 6.398567
v 4.560691 12.889486 15.521545
v 4.323795 13.369393 4.147697
v 2.249714 12.454144 17.416656
v 3.157454 14.102978 5.375229
v 2.764676 14.016662 4.824768
v 0.995211 14.481497 13.132370
v 0.235480 12.363857 17.853088
v -2.591475 14.081903 4.916077
v -0.390708 12.254094 0.750984
v -0.443790 13.894997 3.768570
v -3.742444 14.521917 9.392975
v -4.421765 13.855938 13.016083
v -3.462513 8.403007 21.289917
v 2.645267 13.759245 4.034531
v 5.023566 13.527299 13.443451
v 5.374781 13.522322 5.745087
v 4.185447 12.733418 2.655861
v 2.318673 8.976039 21.143188
v 2.969052 13.465471 15.259186
v 3.722798 14.349824 11.633301
v 0.891737 14.690248 12.245895
v -0.298467 13.404656 16.084518
v -2.214391 13.758516 3.833801
v -0.135663 14.184311 4.506439
v -0.674546 14.575514 5.930946
v -3.354577 14.283180 12.456177
v -4.900306 14.066423 11.111526
v -2.777419 10.526687 19.667786
v 6.050189 11.274452 17.187073
v 6.473067 10.285437 18.145294
v 4.098102 11.890404 1.213707
v 0.690930 1.779526 24.253036
v 2.037065 5.080614 23.326996
v 3.724697 14.264474 6.633606
v 3.703036 13.558622 4.146408
v 1.099988 14.953295 9.608276
v -0.023237 14.587411 12.853760
v -2.036095 13.613576 15.311737
v -0.413659 14.371735 13.639893
v -0.803018 14.153533 14.254761
v -2.046152 11.477859 18.803604
v -5.253431 13.992203 8.197952
v -5.604341 13.905322 9.249451
v -4.705136 14.233262 9.416901
v -1.863442 12.150634 17.948517
v -0.810898 14.926638 10.540192
v -0.621298 14.959509 8.532104
v -2.796981 12.808546 16.637421
v 0.089517 13.653337 15.564331
v 1.097254 14.917004 10.444626
v 3.690587 14.512440 8.627945
v 3.752642 14.466070 10.587601
v 0.655910 2.667704 24.119431
v 0.695812 1.532013 24.278168
v 4.489233 12.889628 3.172905
v 5.250904 13.917293 7.507782
v 5.412778 13.908192 10.802063
v 6.672778 12.653439 4.870056
v 6.958483 13.195957 7.888702
v 5.522326 12.892952 14.670547
v 2.922935 6.253426 22.687073
v 1.863560 7.437294 22.258118
v 3.289931 13.285291 3.262306
v 2.837770 12.352505 1.364395
v 0.894909 14.529617 5.792145
v 0.000000 14.793621 11.821869
v -2.355236 14.051300 14.050293
v -0.024378 1.908797 24.253036
v -0.073118 1.907551 24.253036
v -0.947893 8.801265 21.460754
v 6.045163 11.779434 2.336792
v 6.500744 12.422973 4.057175
v 6.022648 13.098148 13.501678
v 4.868258 10.910335 18.425598
v 2.731792 11.931244 18.032257
v 0.771737 2.551406 24.136261
v 1.945440 3.298480 23.872162
v 0.960491 14.291557 4.938522
v -0.047856 14.995216 9.297287
v -2.527865 14.443657 12.503632
v 0.703364 5.582598 23.269592
v -0.102099 2.663612 24.136261
v 1.233265 1.457106 24.253036
v 6.850445 12.916187 12.690338
v 6.688176 11.090012 1.813431
v 6.163572 10.776249 0.979599
v 6.080205 13.679995 10.253784
v 5.524364 13.581168 12.527435
v 2.054562 14.367577 13.131744
v 3.638146 13.983736 13.362778
v 4.121610 14.112413 12.340057
v 1.434654 12.444660 17.616379
v 0.663644 11.200308 19.325989
v -2.569133 14.752908 8.651794
v -0.597157 12.677527 17.346954
v -2.419201 14.578670 11.916595
v -0.299287 14.408319 5.236603
v 0.348902 12.369554 0.918686
v 3.939512 11.566854 18.058929
v 3.786135 10.094514 19.788849
v 1.890758 13.597488 15.401215
v 4.757974 12.065869 16.881256
v 5.936234 13.561554 11.751099
v 6.797645 11.693129 2.914383
v 7.194273 12.010520 4.012329
v 6.893295 12.580446 13.731461
v 9.964636 10.418690 5.260437
v 7.483968 8.118332 19.503632
v 6.993094 13.260794 9.656128
v 4.961487 6.830742 21.760254
v 1.229939 1.581379 24.239655
v 6.157528 13.618682 8.150238
v 4.896063 13.838046 12.433258
v 1.878955 14.638090 12.010757
v 3.897606 14.362723 7.531509
v 3.994178 13.924828 5.514481
v 1.116317 14.851075 7.626724
v 0.852207 11.548666 18.897400
v -2.440517 14.283543 5.513214
v 8.478408 9.037834 0.923126
v 8.997257 11.554670 12.573761
v 7.494808 12.981269 8.962418
v 1.118106 1.547236 24.253036
v 0.895360 1.239000 24.296906
v 6.019622 13.033160 5.053680
v 5.239244 14.022440 8.556213
v 1.872589 14.766838 11.159119
v 3.031835 11.649476 0.436516
v 3.151994 12.644222 16.777863
v 0.980036 14.007210 4.124863
v 0.334294 14.952349 10.444626
v -2.552954 12.264036 1.156784
v 4.256049 3.027288 23.430969
v 6.751374 6.074076 21.307953
v 9.660910 11.414106 8.245667
v 6.898649 13.030487 6.656929
v 7.447372 10.178198 17.472977
v 7.979772 12.321735 12.433746
v 5.779619 12.359392 3.151932
v 4.044968 11.383993 0.494225
v 2.129900 12.965935 2.147621
v 3.099870 12.704750 2.047302
v 3.355718 7.670012 21.816025
v 2.513173 11.072782 19.158524
v 0.141730 14.745754 6.656693
v -0.297828 9.614562 20.870911
v 0.023166 14.900158 7.721802
v 1.087162 11.919161 0.340332
v 4.378313 14.310401 8.436676
v 4.341379 14.352831 9.440811
v 1.850334 13.539420 3.219864
v 4.770623 12.163371 2.022919
v 5.577369 12.878368 4.101585
v 6.214620 7.444900 20.792542
v 1.078227 1.575286 24.253036
v 7.613969 12.807236 7.674194
v 9.492176 11.547331 10.540009
v 1.412743 1.317851 24.243225
v 1.341186 1.358425 24.253036
v 8.316761 7.532335 19.313110
v 9.408781 10.324215 14.816055
v 9.054348 11.800266 7.484039
v 7.119363 12.703022 5.791702
v 8.230441 12.533098 9.584351
v 8.221667 12.519714 8.675476
v 5.250820 11.344752 1.107262
v 5.561481 13.672484 6.750900
v 1.681840 12.788971 1.731705
v 3.634811 8.398978 21.248535
v 4.481990 13.346549 14.524414
v 1.215763 13.208899 16.360901
v 9.457109 10.751676 13.799316
v 10.025445 10.620049 12.759918
v 9.355475 10.982258 5.282921
v 3.558462 4.380496 23.253906
v 8.089223 12.403964 7.010551
v 7.532254 11.549816 3.479492
v 3.813160 7.056687 22.039795
v 5.671024 13.878610 9.632202
v 2.676998 14.164330 13.500992
v 4.700373 14.217894 10.110260
v 4.749483 14.065144 11.491287
v 11.692657 9.120904 7.152420
v 10.343513 9.306013 3.789398
v 9.802494 9.926583 3.878654
v 8.701508 9.715216 1.980560
v 7.563119 9.489614 0.571884
v 7.211543 12.891645 11.940247
v 7.781054 11.100708 15.782349
v 8.349947 11.871601 13.132660
v 5.785731 12.122259 16.041138
v 5.069602 8.962742 20.266159
v 2.846401 14.676317 10.540192
v 4.614918 13.962459 6.445663
v 3.203898 14.306789 12.527435
v 5.416881 11.208776 17.736450
v 5.636362 10.170970 18.819336
v 8.101209 9.605124 17.545731
v 7.569182 9.374022 18.303925
v 6.686877 12.408272 14.485428
v 8.989490 11.098021 4.802162
v 9.799341 10.960930 6.445930
v 10.138407 10.738945 11.963882
v 11.305191 9.692650 7.626724
v 1.272385 0.847246 24.296906
v 11.304735 9.039831 5.467545
v 9.477489 6.977422 18.668945
v 8.115901 9.156151 0.708679
v 4.554608 3.759783 23.160095
v 1.017054 1.141223 24.296906
v 7.438681 12.931800 10.873718
v 8.756907 12.118139 10.540192
v 8.608743 12.197001 8.007294
v 6.467256 13.437140 10.921173
v 1.163441 2.380638 24.138062
v 3.229937 14.643047 9.440811
v 11.955386 8.001342 13.593567
v 11.065858 8.906704 4.575302
v 11.136539 9.005579 13.823029
v 10.405638 10.014422 13.408798
v 10.486536 10.553621 11.254181
v 1.270075 1.425134 24.253036
v 0.790287 1.195650 24.305450
v 8.526899 11.759548 5.652168
v 8.274889 11.565933 4.620163
v 6.304924 13.596327 8.962387
v 0.736151 1.761301 24.253036
v 2.851622 14.703740 8.627686
v 12.023502 8.513764 6.586510
v 11.400394 7.856153 3.612251
v 1.561388 1.098256 24.253036
v 11.603113 9.475863 10.014755
v 10.587216 10.452866 7.484039
v 9.163012 8.934106 1.571518
v 9.903934 11.257010 9.369049
v 4.992589 7.691852 21.236206
v 8.103110 11.328198 14.927856
v 8.317244 11.539665 14.095795
v 6.185960 13.230742 5.977554
v 1.815881 4.122006 23.665588
v 2.851467 14.640910 7.840622
v 1.027926 2.459394 24.136261
v 6.381905 13.424314 7.389099
v 7.409335 10.516932 1.670288
v 7.676449 10.801669 2.357666
v 1.037645 1.602309 24.253036
v 6.295583 4.755065 22.105911
v 10.477573 10.680351 8.388962
v 10.702673 10.499607 9.201599
v 11.292744 9.403307 12.339325
v 10.692228 8.545718 3.261032
v 12.267579 8.599663 8.723328
v 12.289768 8.585848 9.632187
v 9.639045 7.573740 0.755554
v 1.615429 1.017098 24.253036
v 8.988209 5.595760 19.987167
v 11.335186 9.348199 6.375015
v 8.782755 8.376682 0.572601
v 10.455893 9.777765 4.915695
v 9.186702 10.388865 3.679558
v 6.426414 9.153335 19.348572
v 8.957686 11.829630 11.514755
v 8.971900 12.006809 9.775726
v 4.532232 5.909047 22.381073
v 5.578221 2.860503 22.987457
v 8.388996 4.765643 20.843750
v 9.489687 6.071044 19.242538
v 9.990037 8.584600 2.217438
v 11.204506 9.921418 8.436676
v 11.161756 10.011349 9.584351
v 8.196529 9.499513 1.162369
v 6.692962 11.673666 15.974548
v 8.834652 11.783831 6.574791
v 9.163052 11.863025 9.010254
v 12.727680 7.565992 7.010757
v 11.107059 6.113264 17.374878
v 12.162642 8.084479 12.759644
v 12.343859 8.220070 11.585678
v 10.327579 8.107775 16.602570
v 7.452690 4.004304 21.748016
v 8.094958 6.331691 20.293915
v 9.545017 9.284355 16.252777
v 7.196931 6.787757 20.641571
v 8.184838 12.419724 11.253540
v 8.514832 11.060270 3.901329
v 7.341724 11.743076 15.127502
v 1.306057 1.392234 24.253036
v 1.095910 0.923561 24.305450
v 9.424419 7.937610 17.910736
v 1.532831 1.137773 24.253036
v 10.534145 7.289384 17.159378
v 11.365298 7.700416 15.387405
v 10.505173 6.158310 18.118500
v 9.465115 4.784669 19.964905
v 10.187768 6.234128 0.301865
v 12.229467 7.537531 5.076324
v 12.808591 7.669998 10.778412
v 12.428940 8.190456 7.579117
v 12.147161 8.087754 5.931236
v 11.380041 8.391945 14.368011
v 10.847859 8.336167 15.497849
v 10.401451 9.276062 14.892334
v 10.629549 10.528284 10.349274
v 8.532052 8.623298 18.179504
v 7.875645 12.733247 10.206009
v 12.625025 7.101362 13.247894
v 11.876669 7.214755 3.745918
v 12.632268 8.037916 10.134171
v 11.728935 8.001186 4.552078
v 10.635483 6.991879 1.467117
v 11.896052 8.801880 11.774384
v 11.563438 8.872863 12.900055
v 10.666872 10.200447 6.727577
v 10.650202 9.864292 5.605850
v 8.704120 10.315255 15.900482
v 7.804032 12.395424 6.164513
v 1.256285 0.507020 24.310120
v 8.591562 3.000521 21.266632
v 10.700855 6.288721 0.965073
v 12.770010 7.427495 11.915527
v 12.063295 7.460317 14.232330
v 10.566021 7.688143 2.022919
v 7.670478 5.789635 20.883041
v 10.974009 9.409060 13.363785
v 9.983194 11.059227 7.674194
v 7.581013 12.127748 4.870407
v 9.916400 11.126448 11.016327
v 0.644708 0.477416 24.352539
v 9.709682 9.434732 2.935562
v 11.760384 9.265292 8.604080
v 11.966311 8.941734 10.683105
v 13.125183 7.246262 9.680023
v 12.803953 7.723109 8.245667
v 12.788735 7.825719 9.010223
v 11.439693 7.127390 2.805489
v 12.670096 6.785207 5.099327
v 12.740697 7.140795 5.977554
v 10.419237 4.880349 18.984390
v 11.501266 6.622009 16.350479
v 6.737087 3.269650 22.366791
v 1.640877 0.975510 24.253036
v 10.945059 9.942891 11.845673
v 11.260723 9.780551 10.921417
v 13.832296 1.231084 15.004593
v 14.811016 0.757780 11.585678
v 13.626146 0.927599 3.195618
v 1.528656 0.000000 24.296906
v 13.832346 0.176658 15.171875
v 14.978621 0.430554 9.895233
v 14.919405 0.380930 7.936066
v 1.334116 -0.095081 24.313980
v 1.908330 -0.048752 24.253036
v 11.442690 -0.891902 19.015137
v 12.960868 0.097478 16.903473
v 14.856729 -0.427290 7.389435
v 14.486336 0.277393 5.513214
v 1.906462 -0.097472 24.253036
v 14.571713 -0.046091 12.900055
v 14.961287 -0.573563 8.580109
v 12.120820 0.003000 0.553360
v 1.903351 -0.146129 24.253036
v 10.032053 -1.743042 20.376480
v 13.311489 -1.021983 16.213120
v 14.405600 -1.199228 13.363464
v 14.395103 -0.713041 5.236923
v 12.839958 -0.945089 1.691803
v 14.742542 -1.917555 7.437042
v 14.636025 -1.311883 12.339600
v 1.893407 -0.243124 24.253036
v 1.898998 -0.194690 24.253036
v 13.006846 -1.341921 16.694336
v 14.848614 -0.996918 11.206436
v 14.873018 -1.381004 8.055008
v 13.477343 -1.077243 2.892105
v 2.634329 -0.406897 24.136261
v 10.335608 -2.513084 19.932800
v 14.820273 -2.192416 8.723373
v 14.399914 -1.801874 5.605850
v 13.809566 -1.821242 3.835182
v 1.878523 -0.339486 24.253036
v 1.496650 -0.307641 24.296906
v 14.564072 -1.964895 6.398567
v 14.771810 -1.896374 11.111526
v 7.813931 -2.720214 21.847916
v 1.886580 -0.291400 24.253036
v 14.114635 -1.038024 4.415916
v 14.917290 -1.337093 10.158218
v 13.605197 -0.956403 15.609833
v 2.651669 -0.271856 24.136261
v 1.274428 -0.199943 24.318253
v 2.643861 -0.339487 24.136261
v 14.919043 -1.481407 9.153763
v 14.139750 -1.723536 4.688248
v 13.878721 -0.476834 3.722809
v 14.735282 -0.965741 6.775078
v 13.942458 -0.768390 14.838257
v 12.186359 -1.141662 18.031906
v 4.423395 -1.203843 23.644943
v 1.524171 -0.117017 24.296906
v 12.570976 -0.219879 1.203568
v 14.969575 -0.502086 10.062469
v 7.328139 -1.217429 22.385590
v 14.144922 0.292329 4.417122
v 14.714410 0.047237 6.492538
v 13.513176 0.130984 15.856842
v 12.163684 0.089418 18.136108
v 9.097710 -0.926381 21.255280
v 1.528157 -0.039040 24.296906
v 13.173475 -0.197221 2.222031
v 14.991838 0.287231 9.058060
v 14.199255 0.089903 14.185944
v 6.234511 -0.857446 22.973709
v 13.015726 0.691196 1.968918
v 14.916290 0.595831 10.778519
v 14.794136 0.082405 11.798096
v 8.885546 -2.902799 21.082520
v 13.533066 -2.357195 15.390854
v 14.097546 -1.697616 14.186356
v 14.516632 -2.432428 12.245895
v 14.829960 -2.193765 9.727890
v 12.654552 -2.320105 17.067230
v 14.060223 -2.539995 4.824799
v 13.131731 -2.372625 2.538254
v 11.820949 -2.059516 0.378807
v 14.601250 -3.025847 10.969025
v 14.642638 -3.181007 8.890717
v 14.433458 -3.087209 6.727348
v 6.298951 -2.519665 22.726120
v 13.357964 -3.317250 15.324799
v 13.035466 -3.159775 2.677582
v 13.790465 -3.824830 13.844727
v 14.475578 -3.878757 9.919128
v 14.099789 -3.778095 5.930939
v 13.325779 -3.753174 3.612251
v 1.093893 -0.346183 24.331055
v 9.886232 -4.008832 19.907623
v 14.130993 -4.176356 12.151978
v 11.990349 -3.857143 1.243446
v 13.838159 -5.131457 6.751877
v 13.336290 -4.885565 14.186356
v 4.497553 -2.699376 23.408783
v 1.084695 -0.374007 24.331055
v 13.051453 -4.221498 15.435242
v 14.206806 -4.709153 10.229691
v 14.192343 -4.691690 8.198227
v 13.752209 -4.399892 5.329239
v 1.869938 -0.559079 24.245575
v 12.576364 -4.676615 16.063080
v 13.281744 -4.783031 4.326614
v 1.149536 -0.471211 24.322510
v 12.196413 -4.381111 16.904709
v 11.217794 -4.869678 18.038712
v 14.012231 -5.337757 9.153763
v 10.031498 -4.842302 19.395477
v 12.782522 -4.000659 2.634964
v 13.767224 -4.795135 5.885735
v 14.294266 -4.523726 9.105911
v 13.816296 -4.506312 13.062363
v 2.544672 -0.795031 24.135696
v 1.074790 -0.401587 24.331055
v 11.769358 -4.143108 17.697327
v 14.084798 -4.718429 11.419922
v 11.768897 -3.070955 0.610718
v 14.203993 -4.099534 6.869049
v 11.006346 -4.183171 18.659317
v 3.276260 -0.981458 23.977600
v 12.513887 -3.098837 1.721436
v 13.843529 -3.696933 4.962425
v 14.467441 -3.777790 8.245667
v 14.372523 -3.949638 11.016327
v 13.001410 -3.042140 16.190582
v 14.174435 -3.126725 13.131744
v 12.044371 -3.234407 17.694077
v 14.282108 -2.852082 5.815315
v 14.452594 -3.577292 7.578979
v 14.618327 -3.273514 10.038635
v 14.526787 -2.913062 11.680389
v 12.576457 -1.929563 1.447067
v 13.603253 -2.281277 3.502167
v 14.615208 -2.834453 7.579254
v 1.869240 -0.387350 24.253036
v 14.784939 -2.235420 10.492401
v 14.322859 -2.212301 13.225250
v 13.860367 -2.490693 14.522278
v 11.216198 -2.787440 18.911011
v -14.198692 0.316469 14.187103
v -14.704895 0.540639 12.245911
v -14.990538 0.239324 9.632187
v -14.300420 0.273962 4.870056
v -0.365109 -0.111278 24.370087
v -7.493504 -8.974488 0.000000
v -10.009848 -6.048292 0.000000
v -10.997577 -4.010423 0.000000
v -11.645841 -1.164479 0.000000
v -11.382730 2.709820 0.000000
v -10.319802 5.493301 0.000000
v -8.256411 8.301342 0.000000
v -5.760959 10.190267 0.000000
v -2.607808 11.411816 0.000000
v 1.227007 11.633236 0.000000
v 5.346515 10.404448 0.000000
v 7.948802 8.593412 0.000000
v 8.921119 7.559727 0.000000
v 11.022156 3.928884 0.000000
v 11.675095 -0.106234 0.000000
v 11.432916 -2.504008 0.000000
v 10.221095 -5.669374 0.000000
v 8.750065 -7.776024 0.000000
v 6.589073 -9.675448 0.000000
v 6.814806 -10.000000 18.238312
v 8.673347 -10.000000 16.419037
v 10.287337 -10.000000 13.738007
v 11.110054 -10.000000 10.571594
v 10.903693 -10.000000 6.941399
v 9.813727 -10.000000 4.029800
v 8.153679 -10.000000 1.746048
v 6.695807 -10.000000 0.425583
v -6.091746 -10.000000 0.000000
v -8.048538 -10.000000 1.619560
v -9.706268 -10.000000 3.854881
v -10.446789 -10.000000 5.408928
v -11.036599 -10.000000 7.626114
v -10.779970 -10.000000 6.422363
v -8.923674 -10.000000 2.652313
v -6.949064 -10.000000 0.634644
v 6.091746 -10.000000 0.000000
v 7.273774 -10.000000 0.885880
v 9.350323 -10.000000 3.255211
v 10.446789 -10.000000 5.408928
v 11.148620 -10.000000 8.809982
v 10.827664 -10.000000 12.103546
v 9.704752 -10.000000 14.914215
v 7.450382 -10.000000 17.687744
v 5.970493 -10.000000 18.821350
v 7.628724 -8.871992 0.000000
v 9.392387 -6.986648 0.000000
v 11.133009 -3.608536 0.000000
v 11.617981 -1.460098 0.000000
v 11.382730 2.709820 0.000000
v 10.319802 5.493301 0.000000
v 8.376740 8.181664 0.000000
v 6.932412 9.426099 0.000000
v 3.636326 11.115604 0.000000
v -0.972992 11.646748 0.000000
v -4.362010 10.848866 0.000000
v -7.110703 9.275623 0.000000
v -8.921119 7.559727 0.000000
v -11.022156 3.928884 0.000000
v -11.667439 0.740753 0.000000
v -11.335279 -2.894863 0.000000
v -10.607689 -4.950466 0.000000
v -8.995018 -7.483269 0.000000
v -6.379030 -9.819234 0.000000
v -13.917480 0.177746 3.788956
v -14.601488 0.163098 5.978661
v -14.942478 0.477239 10.540192
v -14.464613 0.208482 13.317169
v -11.164696 -10.000000 8.850220
v -10.893091 -10.000000 11.866119
v -10.103353 -10.000000 14.150208
v -8.607221 -10.000000 16.497406
v -7.197931 -10.000000 17.928528
v -10.980442 -10.000000 10.154327
v -10.583920 -10.000000 8.386520
v -9.798435 -10.000000 7.123558
v -8.471693 -10.000000 6.044022
v -6.248305 -10.000000 5.389664
v -4.267244 -10.000000 5.686142
v -3.280564 -10.000000 6.180664
v -2.013928 -10.000000 7.379837
v -1.251613 -10.000000 8.826263
v -1.007338 -10.000000 10.264526
v -1.385588 -10.000000 12.286270
v -2.404158 -10.000000 13.834457
v -4.696178 -10.000000 15.169098
v -7.860250 -10.000000 15.010223
v -9.605268 -10.000000 13.823944
v -10.559139 -10.000000 12.412918
v 1.179133 -10.000000 9.092834
v 2.433440 -10.000000 6.886490
v 4.866785 -10.000000 5.523758
v 6.716048 -10.000000 5.429939
v 8.610094 -10.000000 6.121422
v 9.626275 -10.000000 6.944046
v 10.559139 -10.000000 8.337082
v 10.982277 -10.000000 10.126740
v 10.694437 -10.000000 12.080292
v 9.802171 -10.000000 13.611267
v 7.765326 -10.000000 15.033569
v 5.696389 -10.000000 15.357880
v 3.105500 -10.000000 14.433990
v 2.119745 -10.000000 13.514877
v 1.203797 -10.000000 11.736252
v 1.609760 -10.000000 12.760818
v 4.845615 -10.000000 15.226181
v 6.564421 -10.000000 15.333527
v 8.965542 -10.000000 14.390839
v 10.249304 -10.000000 12.998413
v 10.905586 -10.000000 11.280518
v 10.846729 -10.000000 9.171631
v 10.173708 -10.000000 7.636124
v 9.079491 -10.000000 6.437424
v 7.522164 -10.000000 5.618744
v 5.917286 -10.000000 5.387230
v 3.320161 -10.000000 6.165924
v 1.619407 -10.000000 7.994476
v -10.887371 -10.000000 11.389313
v -10.080450 -10.000000 13.250977
v -8.551282 -10.000000 14.665253
v -6.439633 -10.000000 15.329880
v -3.141049 -10.000000 14.454834
v -1.746534 -10.000000 13.000977
v -1.102259 -10.000000 11.307037
v -1.061049 -10.000000 9.603943
v -1.461175 -10.000000 8.285645
v -2.550819 -10.000000 6.769958
v -3.711880 -10.000000 5.933052
v -5.121595 -10.000000 5.463943
v -7.150291 -10.000000 5.512573
v -9.479876 -10.000000 6.797852
v -10.200651 -10.000000 7.684418
v -10.824379 -10.000000 9.091766
v -6.392650 -10.000000 18.529831
v -7.863370 -10.000000 17.318115
v -9.497118 -10.000000 15.268265
v -10.525828 -10.000000 13.126282
v -11.135605 -10.000000 10.244308
usemtl Paint_-_Metal_Flake_(Black)
f 2012 2011 2056
f 2055 2011 2012
f 2055 2057 2011
f 2013 2057 2055
f 2013 2010 2057
f 2013 2058 2010
f 2054 2058 2013
f 2014 2058 2054
f 2014 2009 2058
f 2053 2009 2014
f 2053 2059 2009
f 2015 2059 2053
f 2015 2008 2059
f 2052 2008 2015
f 2052 2060 2008
f 2016 2060 2052
f 2016 2007 2060
f 2051 2007 2016
f 2051 2061 2007
f 2017 2061 2051
f 2017 2006 2061
f 2050 2006 2017
f 2050 2062 2006
f 2018 2062 2050
f 2049 2062 2018
f 2049 2005 2062
f 2019 2005 2049
f 2019 2063 2005
f 2019 2004 2063
f 2048 2004 2019
f 2048 2064 2004
f 2020 2064 2048
f 2020 2003 2064
f 2047 2003 2020
f 2021 2003 2047
f 2021 2065 2003
f 2021 2030 2065
f 2038 2030 2021
f 792 728 759
f 826 728 792
f 826 699 728
f 692 699 826
f 692 650 699
f 651 650 692
f 651 693 650
f 651 791 693
f 700 791 651
f 729 791 700
f 729 758 791
f 760 758 729
f 760 727 758
f 793 727 760
f 793 698 727
f 862 794 828
f 862 761 794
f 896 761 862
f 896 730 761
f 690 730 896
f 690 701 730
f 653 701 690
f 702 701 653
f 702 652 701
f 731 652 702
f 731 691 652
f 762 691 731
f 762 861 691
f 795 861 762
f 795 827 861
f 698 827 795
f 698 793 827
f 2091 698 463
f 2091 727 698
f 2091 758 727
f 2118 758 2091
f 2118 791 758
f 2092 791 2118
f 2092 693 791
f 2117 693 2092
f 2117 650 693
f 2117 699 650
f 2117 728 699
f 2093 728 2117
f 2093 759 728
f 2116 759 2093
f 2116 792 759
f 2094 792 2116
f 2094 826 792
f 2115 826 2094
f 2095 826 2115
f 2095 692 826
f 2095 651 692
f 2114 651 2095
f 2096 651 2114
f 2096 700 651
f 2096 729 700
f 2113 729 2096
f 2113 760 729
f 2097 760 2113
f 2112 760 2097
f 2112 793 760
f 2098 793 2112
f 2098 827 793
f 2111 827 2098
f 2111 861 827
f 2111 691 861
f 2099 691 2111
f 2099 652 691
f 2110 652 2099
f 2110 701 652
f 2100 701 2110
f 2109 701 2100
f 2109 730 701
f 2101 730 2109
f 2101 761 730
f 2101 794 761
f 2108 794 2101
f 2102 794 2108
f 2102 828 794
f 2102 862 828
f 2107 862 2102
f 2107 896 862
f 2107 690 896
f 2103 690 2107
f 2103 653 690
f 2103 702 653
f 2104 702 2103
f 2104 731 702
f 2106 731 2104
f 2106 762 731
f 2105 762 2106
f 2105 795 762
f 464 795 2105
f 464 698 795
f 463 698 464
f 796 732 763
f 796 703 732
f 796 654 703
f 830 654 796
f 830 689 654
f 864 689 830
f 864 966 689
f 898 966 864
f 965 966 898
f 965 897 966
f 930 897 965
f 930 863 897
f 688 863 930
f 688 829 863
f 655 829 688
f 931 899 964
f 931 865 899
f 995 865 931
f 995 831 865
f 995 797 831
f 687 797 995
f 687 764 797
f 656 764 687
f 656 733 764
f 705 733 656
f 705 704 733
f 734 704 705
f 734 655 704
f 829 655 734
f 2075 863 829
f 2134 863 2075
f 2134 897 863
f 2076 897 2134
f 2133 897 2076
f 2133 966 897
f 2077 966 2133
f 2132 966 2077
f 2132 689 966
f 2078 689 2132
f 2078 654 689
f 2078 703 654
f 2131 703 2078
f 2131 732 703
f 2079 732 2131
f 2079 763 732
f 2130 763 2079
f 2130 796 763
f 2080 796 2130
f 2080 830 796
f 2129 830 2080
f 2081 830 2129
f 2081 864 830
f 2128 864 2081
f 2128 898 864
f 2082 898 2128
f 2082 965 898
f 2127 965 2082
f 2127 930 965
f 2083 930 2127
f 2083 688 930
f 2126 688 2083
f 2084 688 2126
f 2084 655 688
f 2125 655 2084
f 2125 704 655
f 2125 733 704
f 2085 733 2125
f 2124 733 2085
f 2124 764 733
f 2086 764 2124
f 2086 797 764
f 2123 797 2086
f 2123 831 797
f 2123 865 831
f 2087 865 2123
f 2087 899 865
f 2087 964 899
f 2122 964 2087
f 2122 931 964
f 2088 931 2122
f 2088 995 931
f 2121 995 2088
f 2121 687 995
f 2089 687 2121
f 2089 656 687
f 2120 656 2089
f 2120 705 656
f 2090 705 2120
f 2119 705 2090
f 2119 734 705
f 2075 734 2119
f 2075 829 734
f 996 479 798
f 996 798 298
f 866 765 833
f 866 301 765
f 1056 996 901
f 832 866 833
f 832 301 866
f 766 706 833
f 766 799 706
f 1027 901 800
f 900 832 833
f 900 301 832
f 1027 736 1056
f 735 766 833
f 735 799 766
f 997 933 799
f 658 1027 767
f 658 736 1027
f 833 799 735
f 767 736 658
f 477 630 736
f 867 799 962
f 867 997 799
f 659 767 800
f 659 834 767
f 477 834 1028
f 1085 477 1028
f 477 1085 310
f 659 1085 1028
f 802 708 902
f 737 659 708
f 637 641 660
f 906 739 837
f 1062 906 1034
f 1061 906 837
f 1034 906 1061
f 1064 1172 1224
f 1224 776 1250
f 1172 1064 1035
f 777 1300 776
f 1117 1170 772
f 1325 1182 676
f 777 1277 1300
f 940 872 681
f 1169 872 940
f 1169 956 872
f 743 956 1169
f 743 1186 956
f 953 1186 743
f 953 1035 1186
f 953 1172 1035
f 809 1224 1172
f 809 776 1224
f 1004 741 740
f 1117 741 1004
f 1117 772 741
f 677 1170 1117
f 811 1325 676
f 907 681 1188
f 907 940 681
f 777 776 809
f 1252 1277 777
f 712 711 662
f 712 740 711
f 1004 740 712
f 677 942 1170
f 667 676 942
f 1277 810 1300
f 1277 1038 810
f 1277 1068 1038
f 807 1117 1004
f 677 1117 807
f 667 942 677
f 844 676 667
f 844 811 676
f 1183 1172 953
f 809 1172 1183
f 1185 1004 712
f 1147 667 677
f 1149 811 844
f 1068 1363 1038
f 1359 1363 1068
f 1185 712 663
f 1185 807 1004
f 1274 677 807
f 1147 677 1274
f 1095 844 667
f 714 664 873
f 714 954 664
f 842 1251 876
f 779 780 950
f 1251 1093 876
f 1251 952 1093
f 1227 952 1251
f 1227 674 952
f 950 674 1227
f 1141 682 904
f 1141 1187 682
f 873 1187 1141
f 873 664 1187
f 954 876 664
f 950 780 846
f 674 846 669
f 950 846 674
f 780 948 846
f 664 679 1187
f 664 876 679
f 876 1093 1145
f 674 669 952
f 1145 679 876
f 1093 1120 1145
f 1093 717 1120
f 952 717 1093
f 948 1253 846
f 679 955 1187
f 669 717 952
f 846 718 669
f 846 1253 718
f 717 911 1120
f 717 746 911
f 717 669 746
f 679 1118 955
f 679 1146 1118
f 1145 1146 679
f 1120 1146 1145
f 1120 911 1146
f 669 747 746
f 669 718 747
f 718 1278 747
f 718 748 1278
f 1253 748 718
f 1118 1146 1221
f 746 1181 911
f 747 1181 746
f 1146 941 1221
f 1146 1121 941
f 911 1121 1146
f 911 1181 1121
f 747 945 1181
f 747 1278 945
f 1181 945 951
f 1278 749 945
f 1121 1005 941
f 1121 910 1005
f 1121 1276 910
f 1181 1276 1121
f 1181 951 1276
f 910 1184 1005
f 945 1174 951
f 910 877 1184
f 1276 877 910
f 951 944 1276
f 951 1174 944
f 945 719 1174
f 749 719 945
f 877 944 843
f 1276 944 877
f 1174 1009 944
f 719 1009 1174
f 719 1302 1009
f 719 720 1302
f 944 1226 843
f 1009 1226 944
f 1009 778 1226
f 1009 1302 778
f 720 881 1302
f 1302 881 778
f 720 670 881
f 778 1008 1226
f 881 1326 778
f 881 671 1326
f 881 670 671
f 671 1039 1326
f 1359 949 1363
f 955 907 1188
f 1221 940 907
f 1221 1169 940
f 1005 953 743
f 1184 953 1005
f 1183 953 1184
f 1326 1277 1252
f 1039 1277 1326
f 1039 1068 1277
f 1359 1068 1039
f 1363 1096 1038
f 949 947 1363
f 1363 672 1096
f 947 672 1363
f 947 946 672
f 915 811 1149
f 748 1253 948
f 1097 1278 748
f 1097 749 1278
f 1070 719 749
f 720 719 1070
f 673 1039 671
f 1011 672 946
f 1040 948 780
f 1097 748 948
f 1125 749 1097
f 1070 749 1125
f 1069 670 720
f 1151 670 1069
f 1151 671 670
f 1040 780 320
f 1097 948 1229
f 1124 720 1070
f 1069 720 1124
f 673 671 1151
f 946 947 1178
f 1176 948 1040
f 1229 948 1176
f 1228 1097 1229
f 1255 1097 1228
f 1255 1125 1097
f 1124 1070 1125
f 1254 1069 1124
f 1151 1069 1254
f 1280 673 1151
f 1098 673 1280
f 1279 946 1178
f 1279 1011 946
f 1304 1011 1279
f 1361 1229 1176
f 1228 1229 2069
f 1360 1125 1255
f 1360 1124 1125
f 1365 1151 1254
f 1280 1151 1365
f 1150 1098 2067
f 1364 1304 1279
f 1167 752 696
f 1167 1159 752
f 2001 1241 1178
f 1018 1189 1241
f 1139 1189 1018
f 1139 790 1189
f 1139 851 790
f 1139 816 851
f 1211 859 816
f 1211 781 859
f 1138 984 781
f 816 859 851
f 984 919 781
f 1189 1048 1241
f 1189 825 1048
f 790 825 1189
f 790 721 825
f 790 851 721
f 859 1238 851
f 859 815 1238
f 781 815 859
f 919 815 781
f 919 977 815
f 851 1238 721
f 825 860 1048
f 825 721 860
f 1238 886 721
f 815 894 1238
f 977 1237 815
f 860 1197 1167
f 721 1197 860
f 721 886 1197
f 1238 1046 886
f 1238 894 1046
f 815 1237 894
f 886 1046 1197
f 894 976 1046
f 894 1190 976
f 894 1237 1190
f 976 725 1046
f 1190 1166 976
f 1237 1265 1190
f 725 1159 1046
f 976 1166 725
f 1190 1265 1166
f 1237 885 1265
f 725 1166 1159
f 885 850 1265
f 1110 885 1237
f 885 978 850
f 1012 978 885
f 1012 1072 978
f 1012 885 1110
f 1218 1082 1156
f 1313 1072 1012
f 1071 1312 1155
f 823 1156 1200
f 1218 1156 823
f 925 1155 1312
f 925 924 1155
f 925 1232 924
f 1312 1071 1082
f 1109 1312 1082
f 1232 1231 924
f 1053 1045 1074
f 1053 1200 1045
f 1165 823 1200
f 1218 823 1165
f 1043 1082 1218
f 1109 1082 1043
f 1311 1232 925
f 924 1231 1259
f 1314 1210 849
f 1314 1074 1210
f 1053 1074 1314
f 1053 1165 1200
f 925 1312 1109
f 1230 1231 1232
f 1271 1218 1165
f 1043 1218 1271
f 1230 1232 1311
f 1347 1231 1230
f 1347 1476 1231
f 1296 1165 1053
f 1081 1109 1043
f 1108 925 1109
f 1311 925 1108
f 1022 1042 1201
f 1079 1233 1052
f 1331 1338 1334
f 1331 1282 1338
f 1375 1282 1348
f 1191 1053 1314
f 1296 1053 1191
f 1271 1165 1296
f 1288 1043 1271
f 1081 1043 1288
f 1205 1311 1108
f 1204 1311 1205
f 1339 1230 1311
f 1353 1347 1230
f 1079 1052 1022
f 1337 1260 1233
f 1334 1260 1337
f 1348 1282 1331
f 1422 643 1375
f 1422 1456 643
f 1458 1388 1456
f 1455 1388 1458
f 1451 1410 1455
f 1644 1410 1451
f 991 1022 1201
f 991 1201 1287
f 1080 1022 991
f 1080 1079 1022
f 1194 1233 1079
f 1337 1233 1194
f 1345 1331 1334
f 1384 1422 1375
f 1445 1456 1422
f 1458 1456 1445
f 1474 1455 1458
f 1442 1644 1433
f 1194 1079 1080
f 1309 1334 1337
f 1306 1334 1309
f 1345 1334 1306
f 1348 1331 1345
f 1457 1375 1348
f 1384 1375 1457
f 1445 1422 1384
f 1462 1451 1455
f 1433 1644 1451
f 1505 1442 1433
f 1270 991 1287
f 1080 991 1270
f 1193 1194 1080
f 1309 1337 1194
f 1378 1348 1345
f 1457 1348 1378
f 1395 1458 1445
f 1395 1474 1458
f 1462 1455 1474
f 1484 1433 1451
f 1441 1474 1395
f 1462 1474 1441
f 1432 1451 1462
f 1484 1451 1432
f 1206 1080 1270
f 1206 1193 1080
f 1256 1194 1193
f 1309 1194 1256
f 1435 1384 1457
f 1484 1505 1433
f 1354 1374 1397
f 1390 1385 1554
f 1495 1404 1498
f 1556 1554 1555
f 1454 1390 1554
f 1473 1631 1495
f 1417 1631 1473
f 1576 1478 1680
f 1576 1640 1478
f 1555 1354 1397
f 1454 1554 1556
f 1393 1390 1454
f 1498 1390 1393
f 1609 1418 1417
f 1536 1418 1609
f 1536 1522 1418
f 1642 1522 1536
f 1642 1480 1522
f 1663 1508 1480
f 1663 1680 1508
f 1653 1680 1663
f 1576 1680 1653
f 1420 1555 1397
f 1506 1498 1393
f 1537 1417 1473
f 1609 1417 1537
f 1663 1480 1642
f 1654 1576 1653
f 1556 1555 1420
f 1506 1495 1498
f 1425 1495 1506
f 1473 1495 1425
f 1543 1640 1576
f 1652 1640 1543
f 1523 1454 1556
f 1393 1454 1523
f 1590 1536 1609
f 1590 1642 1536
f 1575 1653 1663
f 1654 1653 1575
f 1394 1556 1420
f 1606 1506 1393
f 1425 1506 1606
f 1463 1473 1425
f 1463 1537 1473
f 1543 1576 1654
f 1394 1523 1556
f 1606 1393 1523
f 1497 1463 1425
f 1577 1609 1537
f 1577 1590 1609
f 1548 1469 1591
f 1447 1629 1469
f 1447 1468 1629
f 1753 1512 1468
f 1488 1512 1753
f 1546 1628 1512
f 1616 1583 1651
f 1616 1597 1583
f 1756 1598 1597
f 1756 1699 1598
f 1643 1440 1558
f 1643 1591 1440
f 1548 1591 1643
f 1447 1469 1548
f 1753 1468 1447
f 1546 1512 1488
f 1637 1665 1489
f 1584 1651 1665
f 1584 1616 1651
f 1756 1597 1616
f 1562 1548 1643
f 1740 1753 1447
f 1627 1488 1753
f 1627 1546 1488
f 1706 1628 1546
f 1706 1489 1628
f 1637 1489 1528
f 1757 1756 1616
f 1783 1699 1756
f 1720 1699 1783
f 1448 1447 1548
f 645 1447 1448
f 1740 1447 645
f 1706 1546 1627
f 1528 1489 1706
f 1584 1665 1637
f 1617 1616 1584
f 1689 1616 1617
f 1698 1756 1757
f 1698 1783 1756
f 1448 1548 1562
f 1563 1753 1740
f 1563 1627 1753
f 1528 1706 1679
f 1570 1584 1637
f 1757 1616 1689
f 1632 1720 1783
f 1770 1720 1632
f 1728 1740 645
f 1568 1706 1627
f 1679 1706 1568
f 1751 1637 1528
f 1617 1584 1570
f 646 1698 1757
f 1770 1632 1783
f 1563 1740 1728
f 1661 1627 1563
f 1568 1627 1661
f 1751 1528 1679
f 1838 1617 1570
f 1797 1757 1689
f 1746 1783 1698
f 1746 1770 1783
f 1621 1691 1599
f 1621 1738 1691
f 1634 1571 1738
f 1634 1668 1571
f 1725 1688 1668
f 1771 1697 1619
f 1621 1634 1738
f 1677 1668 1634
f 1725 1668 1677
f 1674 1688 1725
f 1674 1785 1688
f 1714 1686 1785
f 1619 1686 1714
f 1696 1697 1771
f 1847 1834 1763
f 1822 1834 1847
f 333 334 1831
f 382 334 333
f 1726 1621 1599
f 1714 1785 1674
f 1730 1696 1771
f 1730 1763 1696
f 1742 1847 1763
f 326 1822 332
f 326 1831 1822
f 333 1831 326
f 1723 1621 1726
f 1817 1621 1723
f 1676 1621 1817
f 1676 1634 1621
f 1676 1677 1634
f 1826 1619 1714
f 1826 1771 1619
f 1742 1763 1730
f 332 1822 1847
f 1647 1674 1725
f 1837 1674 1647
f 1837 1714 1674
f 1825 1826 1714
f 1718 1771 1826
f 1730 1771 1718
f 1819 1847 1742
f 1786 1677 1676
f 1786 1725 1677
f 1786 1647 1725
f 1825 1714 1837
f 1718 1826 1825
f 1821 1730 1718
f 1821 1742 1730
f 325 1847 1819
f 325 332 1847
f 381 333 326
f 381 382 333
f 1815 1747 1669
f 1815 1761 1747
f 1842 1716 1781
f 1842 1695 1716
f 1810 1741 1695
f 1787 1811 1741
f 1849 1811 1787
f 361 344 331
f 390 362 356
f 390 398 362
f 1782 1761 1815
f 1782 1781 1761
f 1842 1781 1782
f 1810 1695 1842
f 1787 1741 1810
f 331 1848 1849
f 351 361 331
f 390 356 361
f 453 399 398
f 324 1849 1787
f 350 331 1849
f 453 454 399
f 1744 1782 1815
f 1744 1842 1782
f 1764 1810 1842
f 350 1849 324
f 360 361 351
f 363 361 360
f 363 390 361
f 408 390 363
f 453 390 408
f 453 398 390
f 1764 1842 1744
f 1845 1810 1764
f 351 331 350
f 1925 438 454
f 1765 1764 1744
f 330 1810 1845
f 330 1787 1810
f 324 1787 330
f 360 351 350
f 426 453 408
f 1925 454 453
f 1925 1872 438
f 1925 1912 1872
f 1765 1744 1843
f 1846 1764 1765
f 1846 1845 1764
f 355 350 324
f 359 360 350
f 397 363 360
f 397 408 363
f 407 408 397
f 426 408 407
f 1925 453 1858
f 438 1872 437
f 1912 309 1872
f 355 324 330
f 359 350 355
f 462 453 426
f 1858 453 462
f 1921 1912 1925
f 1927 1913 1926
f 1927 1884 1913
f 365 349 348
f 388 378 349
f 388 389 378
f 417 389 388
f 417 418 389
f 423 435 418
f 459 460 435
f 1877 1915 1868
f 1898 1915 1877
f 1891 1906 1898
f 1820 1765 1843
f 1820 1846 1765
f 323 1845 1846
f 323 330 1845
f 364 360 359
f 364 397 360
f 425 426 407
f 1921 1925 1858
f 1878 1912 1921
f 1878 309 1912
f 1884 1899 1913
f 1895 1899 1884
f 1895 1994 1899
f 1937 1994 1895
f 1937 1988 1994
f 388 349 365
f 423 418 417
f 1916 460 459
f 1916 1868 460
f 1942 1935 1991
f 1994 1932 1899
f 1994 1988 1932
f 1944 1988 1937
f 416 417 388
f 458 435 423
f 459 435 458
f 1877 1868 1916
f 1905 1898 1877
f 1905 1891 1898
f 1899 1904 1913
f 1899 1932 1904
f 1942 1979 1935
f 1967 1979 1942
f 1982 1944 1937
f 1956 1944 1982
f 1956 1969 1944
f 416 388 365
f 1932 1889 1904
f 1932 1938 1889
f 1988 1938 1932
f 1944 1938 1988
f 1944 1969 1938
f 1969 1956 1965
f 1967 1950 1979
f 395 416 365
f 434 417 416
f 423 417 434
f 1862 459 458
f 1862 1916 459
f 1907 1877 1916
f 1890 1877 1907
f 1890 1905 1877
f 1934 1891 1905
f 1934 1991 1891
f 1950 1967 183
f 1969 1965 1957
f 183 204 1950
f 189 1965 1956
f 190 1965 189
f 457 458 423
f 1867 1916 1862
f 1907 1916 1867
f 1934 1905 1890
f 1946 1942 1991
f 1967 1942 1946
f 236 204 183
f 1969 1981 1938
f 1969 1957 1981
f 1965 181 1957
f 190 181 1965
f 190 202 181
f 1974 1956 1982
f 416 395 415
f 439 423 434
f 439 457 423
f 1894 1890 1907
f 1980 1991 1934
f 1946 1991 1980
f 182 1967 1946
f 182 183 1967
f 203 236 183
f 1938 1992 1889
f 1938 1981 1992
f 1950 204 1975
f 180 1956 1974
f 189 1956 180
f 201 190 189
f 201 202 190
f 451 416 415
f 434 416 451
f 1862 458 457
f 1867 1862 1871
f 1986 1934 1890
f 193 183 182
f 203 183 193
f 230 204 236
f 1962 1972 833
f 1236 1013 1014
f 1269 1294 1217
f 1401 1434 1436
f 1460 1550 1560
f 1607 1534 1460
f 1439 1534 1607
f 1439 1683 1534
f 1541 1703 1614
f 1541 1784 1703
f 1649 1701 1784
f 1649 1827 1701
f 1803 1804 1791
f 1803 1851 1804
f 385 386 358
f 450 431 414
f 450 455 431
f 195 1963 1964
f 1013 882 1014
f 1126 882 1013
f 1217 1244 1126
f 1372 1436 1368
f 1436 1434 1446
f 1561 1460 1534
f 1490 1531 1613
f 1641 1513 1531
f 1794 1813 1814
f 358 374 327
f 386 374 358
f 386 373 374
f 455 443 431
f 455 1917 443
f 1866 1917 455
f 1883 1875 1917
f 1933 1983 1883
f 1963 1960 1983
f 195 1960 1963
f 1293 1258 1152
f 1293 1281 1258
f 1352 1281 1293
f 1352 1376 1281
f 1352 1387 1376
f 1446 1412 1387
f 1552 1437 1579
f 1552 1464 1551
f 1511 1692 1601
f 1492 1602 1692
f 1682 1527 1602
f 1572 1585 1527
f 1572 1618 1585
f 1712 1618 1572
f 1712 1750 1618
f 1814 1732 1684
f 1814 1836 1732
f 1731 1836 1814
f 1812 1729 1731
f 1833 1818 1729
f 1833 340 1818
f 347 375 340
f 374 375 347
f 403 432 404
f 422 432 403
f 1996 1930 1908
f 1941 1943 1996
f 1941 179 1943
f 179 184 1952
f 199 184 179
f 199 209 184
f 199 222 209
f 927 1289 1101
f 917 1289 927
f 1163 1308 1333
f 1284 1308 1163
f 1330 1355 1308
f 1423 1398 1355
f 1423 1459 1539
f 1538 1416 1459
f 1538 1608 1416
f 1533 1449 1578
f 1533 1639 1449
f 1626 1639 1533
f 1625 1569 1694
f 1625 1615 1569
f 1700 1726 1615
f 1715 1839 1774
f 1715 1733 1839
f 1854 1733 1715
f 1762 1823 1854
f 328 322 1832
f 328 341 322
f 354 377 341
f 441 440 405
f 456 440 441
f 1870 1927 456
f 1870 1880 1927
f 1984 1989 1931
f 1984 1949 1989
f 185 187 1970
f 185 186 187
f 220 218 200
f 220 219 218
f 1981 1987 1992
f 1981 1957 1987
f 202 191 181
f 202 228 191
f 227 228 202
f 227 233 228
f 200 189 180
f 201 189 200
f 217 202 201
f 217 227 202
f 233 227 217
f 1922 1862 457
f 1879 1894 1907
f 1986 1890 1894
f 1980 1934 1986
f 1961 1946 1980
f 182 1946 1961
f 222 238 231
f 221 240 232
f 219 220 232
f 241 218 219
f 242 218 241
f 1957 1976 1987
f 1957 1951 1976
f 181 1951 1957
f 181 191 1951
f 233 243 228
f 238 239 231
f 188 180 1974
f 200 180 188
f 255 243 233
f 240 261 232
f 250 219 249
f 250 241 219
f 250 242 241
f 255 242 250
f 228 211 191
f 228 216 211
f 243 216 228
f 255 265 243
f 254 260 248
f 254 276 260
f 238 286 239
f 218 217 201
f 242 233 217
f 255 233 242
f 254 285 276
f 262 249 278
f 262 250 249
f 264 250 263
f 264 255 250
f 279 255 264
f 1951 1968 1976
f 191 196 1951
f 191 211 196
f 2028 268 269
f 2040 270 272
f 1959 932 1971
f 263 250 262
f 218 201 200
f 242 217 218
f 279 265 255
f 211 212 196
f 216 212 211
f 243 244 216
f 243 265 244
f 265 279 280
f 1951 196 1968
f 216 244 212
f 265 256 244
f 280 256 265
f 279 281 280
f 196 192 1968
f 192 1961 1968
f 196 213 192
f 212 213 196
f 212 234 213
f 244 234 212
f 244 257 234
f 256 257 244
f 280 275 256
f 280 281 275
f 256 275 257
f 213 235 215
f 234 235 213
f 234 257 235
f 213 197 192
f 213 215 197
f 275 266 257
f 275 274 266
f 257 251 235
f 257 266 251
f 215 214 197
f 235 251 215
f 266 252 251
f 215 251 214
f 266 273 252
f 274 273 266
f 251 253 214
f 252 253 251
f 253 229 214
f 253 258 229
f 252 258 253
f 252 282 258
f 273 282 252
f 282 271 258
f 1044 1263 1073
f 969 1263 1044
f 969 857 1263
f 848 857 969
f 1262 1127 848
f 1050 1127 1262
f 1050 970 1127
f 1152 970 1050
f 1444 1524 1412
f 1444 1427 1524
f 1579 1437 1427
f 1552 1551 1437
f 1464 1549 1551
f 1464 1518 1549
f 1511 1518 1464
f 1511 1601 1518
f 1618 1596 1585
f 1750 1702 1618
f 1750 1684 1702
f 1684 1732 1685
f 1731 1824 1836
f 1729 1824 1731
f 340 328 1818
f 403 404 387
f 1856 442 432
f 1856 1923 442
f 179 1952 1943
f 286 277 239
f 286 290 277
f 1157 1073 1322
f 1044 1073 1157
f 1127 857 848
f 1152 1258 970
f 1376 1330 1281
f 1376 1392 1346
f 1387 1392 1376
f 1387 1412 1392
f 1427 1538 1524
f 1427 1592 1538
f 1437 1592 1427
f 1551 1415 1437
f 1551 1549 1415
f 1527 1625 1602
f 1618 1702 1596
f 1684 1633 1702
f 1684 1685 1633
f 1836 1824 1762
f 1729 1789 1824
f 1729 1818 1789
f 375 353 340
f 375 376 353
f 375 366 376
f 387 366 375
f 387 404 366
f 1908 1876 1923
f 1908 1930 1876
f 1996 1984 1930
f 1996 1943 1984
f 184 185 1952
f 184 209 185
f 222 231 209
f 239 277 231
f 290 291 277
f 857 1321 1263
f 970 1203 1127
f 970 1284 1203
f 1258 1284 970
f 1281 1284 1258
f 1281 1330 1284
f 1376 1346 1330
f 1437 1415 1592
f 1518 1601 1533
f 1692 1707 1601
f 1602 1707 1692
f 1602 1603 1707
f 1602 1625 1603
f 1527 1600 1625
f 1585 1600 1527
f 1585 1596 1600
f 1702 1650 1596
f 1702 1633 1650
f 1836 1762 1732
f 1818 1832 1789
f 1818 328 1832
f 340 353 328
f 404 405 366
f 432 405 404
f 432 441 405
f 442 441 432
f 1923 1870 442
f 1876 1870 1923
f 1930 1995 1876
f 1930 1984 1995
f 1952 1970 1943
f 1952 185 1970
f 209 186 185
f 209 226 186
f 231 226 209
f 231 277 240
f 926 1287 1202
f 926 1270 1287
f 1153 1270 926
f 1153 1163 1206
f 1355 1377 1308
f 1355 1398 1377
f 1423 1539 1398
f 1608 1426 1416
f 1452 1426 1608
f 1477 1639 1626
f 1532 1564 1477
f 1532 1694 1564
f 1615 1726 1569
f 1700 1723 1726
f 1796 1723 1700
f 1774 1839 1669
f 1854 1855 1733
f 1854 1823 1855
f 1823 1790 1843
f 1832 1809 1790
f 1832 322 1809
f 377 395 365
f 377 394 395
f 405 433 394
f 440 433 405
f 456 1857 440
f 1927 1857 456
f 1970 1974 1949
f 1970 187 1974
f 221 210 186
f 221 232 210
f 287 278 261
f 1959 1893 833
f 288 932 1959
f 294 290 286
f 799 288 301
f 298 1953 932
f 1947 1959 833
f 1962 1959 1947
f 289 299 198
f 1954 1947 833
f 1954 1962 1947
f 302 289 1953
f 302 299 289
f 798 299 302
f 483 299 798
f 301 833 765
f 298 302 1953
f 483 559 299
f 299 559 259
f 1217 1126 1013
f 1217 1294 1244
f 1257 1294 1269
f 1257 1283 1294
f 1305 1283 1257
f 1305 1372 1283
f 1436 1372 1305
f 1560 644 1434
f 1560 1550 644
f 1683 1561 1534
f 1683 1613 1561
f 1683 1490 1613
f 1641 1531 1490
f 1614 1513 1641
f 1614 1703 1513
f 1791 1813 1794
f 1791 1804 1813
f 1851 648 1804
f 1851 327 648
f 358 327 1851
f 385 414 386
f 450 414 385
f 1866 1883 1917
f 1985 1983 1933
f 1985 1963 1983
f 304 300 285
f 304 2045 300
f 305 307 303
f 558 308 307
f 684 962 833
f 806 773 683
f 1063 773 806
f 875 773 1063
f 715 773 875
f 1007 773 715
f 2002 773 1007
f 2002 975 773
f 1829 2002 833
f 1840 2002 1829
f 1402 2002 1438
f 975 2002 1219
f 1800 2002 1840
f 1566 1438 2002
f 1383 2002 1402
f 962 998 868
f 962 934 998
f 684 903 962
f 684 801 903
f 684 768 801
f 684 869 768
f 835 869 684
f 835 935 869
f 684 935 835
f 684 999 935
f 684 936 999
f 683 936 684
f 683 959 936
f 683 1087 959
f 683 773 1087
f 1829 833 372
f 1670 2002 1800
f 1636 1735 2002
f 1382 2002 1383
f 1216 1207 2002
f 868 685 962
f 868 903 685
f 998 903 868
f 934 903 998
f 962 903 934
f 768 903 801
f 869 903 768
f 935 903 869
f 935 936 903
f 999 936 935
f 1087 936 959
f 773 936 1087
f 1248 936 773
f 1863 833 1902
f 445 833 1863
f 409 833 445
f 372 833 409
f 336 1829 372
f 335 1829 336
f 370 1829 335
f 370 1840 1829
f 1853 1840 370
f 1767 1840 1853
f 1767 1717 1840
f 647 1717 1767
f 647 1840 1717
f 1743 1840 647
f 1802 1840 1743
f 1670 1840 1802
f 1670 1800 1840
f 1671 2002 1670
f 1799 2002 1671
f 1799 1722 2002
f 1734 1722 1799
f 1734 2002 1722
f 1595 2002 1734
f 1623 2002 1595
f 1623 1636 2002
f 1635 1636 1623
f 1635 1735 1636
f 1667 1735 1635
f 1758 1735 1667
f 1758 2002 1735
f 1727 2002 1758
f 1727 1566 2002
f 1544 1566 1739
f 1544 1438 1566
f 1496 1402 1438
f 1470 1402 1496
f 1580 1402 1470
f 1581 1402 1580
f 1504 1402 1581
f 1443 1402 1504
f 1409 1402 1443
f 1475 1383 1402
f 1386 1383 1475
f 1386 1487 1383
f 1501 1487 1386
f 1501 1383 1487
f 1362 1383 1501
f 1362 1382 1383
f 1362 2002 1382
f 989 2002 1362
f 989 1216 2002
f 989 1207 1216
f 990 1207 989
f 1136 1207 990
f 1129 2002 1207
f 1129 1219 2002
f 968 975 1219
f 967 975 968
f 887 975 967
f 887 1077 975
f 967 1077 887
f 1220 1077 967
f 1220 895 1077
f 988 895 1220
f 988 1077 895
f 988 975 1077
f 724 975 988
f 923 975 724
f 785 975 923
f 773 975 785
f 903 902 685
f 903 961 902
f 903 1057 961
f 936 1029 903
f 936 802 1029
f 936 1248 1001
f 1010 313 773
f 1920 445 1863
f 1859 445 1920
f 427 409 445
f 371 336 372
f 336 370 335
f 370 1767 1853
f 370 647 1767
f 370 1743 647
f 1670 1743 370
f 1670 1802 1743
f 1670 1799 1671
f 1670 1734 1799
f 1670 1595 1734
f 1623 1595 1670
f 1623 1667 1635
f 1727 1667 1623
f 1727 1758 1667
f 1727 1739 1566
f 1510 1739 1727
f 1510 1544 1739
f 1510 1438 1544
f 1496 1438 1510
f 1496 1580 1470
f 1496 1581 1580
f 1496 1504 1581
f 1496 1443 1504
f 1409 1443 1496
f 1409 1475 1402
f 1362 1475 1409
f 1362 1386 1475
f 1362 1501 1386
f 1129 990 989
f 1129 1136 990
f 1129 1207 1136
f 967 1219 1129
f 967 968 1219
f 967 988 1220
f 988 923 724
f 988 785 923
f 1010 785 988
f 1010 773 785
f 961 802 902
f 1057 802 961
f 903 802 1057
f 1029 802 903
f 1001 802 936
f 1001 1248 802
f 1993 1893 1959
f 1892 1893 1993
f 1892 1902 1893
f 1897 1902 1892
f 1881 1902 1897
f 1881 1863 1902
f 1882 1863 1881
f 1882 1911 1863
f 1873 1911 1882
f 1873 1863 1911
f 1869 1863 1873
f 1869 1920 1863
f 1864 1920 1869
f 1864 1859 1920
f 427 1859 1864
f 427 445 1859
f 428 409 427
f 419 409 428
f 419 372 409
f 410 372 419
f 401 372 410
f 391 372 401
f 383 372 391
f 383 371 372
f 336 371 383
f 1589 1623 1670
f 1727 1623 1589
f 1754 1510 1727
f 1589 1510 1754
f 1588 1510 1589
f 1565 1510 1588
f 1565 1496 1510
f 1409 1496 1594
f 1399 1362 1409
f 1486 1362 1399
f 1391 1362 1486
f 1500 1362 1391
f 1421 1362 1500
f 1215 1362 1421
f 1215 989 1362
f 819 967 1129
f 1019 988 967
f 1019 1010 988
f 313 1010 1019
f 802 1114 1000
f 802 661 1114
f 1248 661 802
f 1248 1031 661
f 1248 771 1031
f 1248 957 771
f 1248 1089 957
f 1248 742 840
f 1248 1091 742
f 773 1091 1248
f 773 678 1091
f 773 909 678
f 773 1092 909
f 773 744 1092
f 773 1036 744
f 773 1037 1036
f 773 1324 1037
f 1959 1892 1993
f 1959 1897 1892
f 1959 1881 1897
f 1959 1882 1881
f 1959 1873 1882
f 1959 1869 1873
f 427 1869 1959
f 427 1864 1869
f 427 419 428
f 427 410 419
f 427 401 410
f 336 401 427
f 336 391 401
f 336 383 391
f 1589 1754 1727
f 1589 1565 1588
f 1565 1396 1496
f 1396 1594 1496
f 1396 1409 1594
f 1396 1399 1409
f 1399 1391 1486
f 1399 1500 1391
f 1215 1500 1399
f 1215 1421 1500
f 819 1019 967
f 802 769 708
f 802 836 769
f 1000 836 802
f 1114 836 1000
f 661 836 1114
f 661 1060 836
f 1031 1060 661
f 1031 804 1060
f 771 804 1031
f 771 938 804
f 957 938 771
f 1089 938 957
f 1248 938 1089
f 840 938 1248
f 742 938 840
f 1091 938 742
f 678 938 1091
f 909 938 678
f 1092 938 909
f 1092 1324 938
f 744 1324 1092
f 1036 1324 744
f 1037 1324 1036
f 773 878 1324
f 773 1122 878
f 773 1358 1122
f 773 845 1358
f 773 1180 845
f 773 812 1180
f 773 813 812
f 313 813 773
f 1887 1959 1971
f 1903 1959 1887
f 1901 1959 1903
f 444 1959 1901
f 444 427 1959
f 411 427 420
f 411 336 427
f 402 336 411
f 392 336 402
f 370 336 392
f 1670 370 1589
f 1396 1215 1399
f 971 989 1215
f 1107 989 971
f 1107 1129 989
f 1021 1129 1107
f 1192 1129 1021
f 972 1129 1192
f 1208 1129 972
f 1099 1129 1208
f 1247 1129 1099
f 1247 819 1129
f 819 313 1019
f 1060 938 836
f 804 938 1060
f 1324 775 938
f 1324 1180 775
f 878 1180 1324
f 1122 1180 878
f 1358 1180 1122
f 845 1180 1358
f 812 813 1180
f 444 1887 1971
f 444 1903 1887
f 444 1901 1903
f 370 427 444
f 370 420 427
f 370 411 420
f 370 402 411
f 370 392 402
f 1396 1565 1589
f 971 1021 1107
f 1020 1021 971
f 1020 1192 1021
f 1099 1192 1020
f 1099 972 1192
f 1099 1208 972
f 938 775 836
f 813 313 1180
f 1978 444 1971
f 446 444 1978
f 446 370 444
f 1752 1396 1589
f 1310 1215 1396
f 971 1099 1020
f 1212 1247 1099
f 836 1030 769
f 775 1030 836
f 1180 1303 775
f 313 1303 1180
f 447 370 446
f 1645 1589 370
f 1687 1589 1645
f 1752 1589 1687
f 1212 1099 971
f 819 1247 1212
f 1910 446 1978
f 369 447 446
f 369 352 370
f 1645 370 352
f 1545 1396 1752
f 1310 1396 1405
f 1310 971 1215
f 769 737 708
f 1030 737 769
f 1030 874 737
f 775 874 1030
f 1303 1148 775
f 369 446 1910
f 369 370 447
f 1593 1396 1545
f 1405 1396 1593
f 1315 1212 971
f 1105 819 1212
f 1303 819 1105
f 1303 313 819
f 1303 314 1148
f 1953 1910 1978
f 1777 1645 352
f 1721 1687 1645
f 1545 1752 1687
f 1315 971 1310
f 874 1058 737
f 775 675 874
f 1148 675 775
f 1721 1645 1777
f 1466 1593 1545
f 1307 1315 1310
f 1264 1212 1315
f 852 1105 1212
f 314 1303 1105
f 1940 1910 1953
f 1924 1910 1940
f 1924 369 1910
f 1777 352 345
f 1759 1721 1777
f 1759 1687 1721
f 1471 1593 1466
f 1471 1405 1593
f 1411 1405 1471
f 1411 1310 1405
f 1307 1310 1411
f 852 1264 1315
f 852 1212 1264
f 314 1105 852
f 874 1088 1058
f 874 805 1088
f 874 675 805
f 345 352 369
f 1573 1466 1545
f 1332 1307 1411
f 1164 1315 1307
f 822 852 1315
f 675 665 805
f 1148 1041 675
f 314 1041 1148
f 1940 1953 289
f 1776 1687 1759
f 1776 1545 1687
f 1573 1545 1776
f 1574 1466 1573
f 1461 1471 1466
f 1332 1411 1471
f 1164 1307 1332
f 918 822 1315
f 918 852 822
f 675 1066 665
f 675 1041 1066
f 198 1940 289
f 1914 1924 1940
f 429 369 1924
f 345 369 429
f 1852 1777 345
f 1852 1759 1777
f 1482 1471 1461
f 1482 1332 1471
f 918 1315 1164
f 1075 852 918
f 805 665 1140
f 1690 1573 1776
f 1690 1574 1573
f 1461 1466 1574
f 1502 1332 1482
f 1896 1940 198
f 429 1924 1914
f 412 345 429
f 368 1852 345
f 1792 1759 1852
f 1690 1776 1622
f 1509 1574 1690
f 918 1164 1135
f 1273 852 1075
f 315 852 1273
f 315 314 852
f 1066 879 665
f 1041 847 879
f 1041 316 847
f 315 316 1041
f 1088 709 467
f 1088 1140 709
f 665 1119 1140
f 368 345 412
f 1530 1574 1509
f 1481 1574 1530
f 1481 1461 1574
f 1525 1134 1332
f 448 429 1914
f 448 412 429
f 1830 1792 368
f 1835 1759 1792
f 1646 1759 1835
f 1646 1622 1759
f 1666 1622 1646
f 1748 1690 1622
f 1681 1690 1748
f 1681 1655 1690
f 1681 1530 1655
f 1335 1134 1525
f 892 1134 1335
f 1298 1075 928
f 1298 1273 1075
f 1049 315 1273
f 1140 1115 709
f 879 1173 1119
f 316 1177 847
f 1140 908 1115
f 1119 908 1140
f 879 1175 1173
f 847 1175 879
f 847 1177 1175
f 316 317 1177
f 205 198 299
f 194 1896 205
f 1928 1896 194
f 384 412 448
f 384 1830 412
f 1666 1646 1835
f 1507 1481 1530
f 1525 1502 1582
f 1349 1335 1525
f 1298 1049 1273
f 754 1049 1298
f 317 1049 754
f 317 316 1049
f 1115 660 709
f 1115 1059 660
f 1115 908 1059
f 1119 808 908
f 1173 808 1119
f 1919 1896 1928
f 1778 1830 337
f 1768 1835 1778
f 1795 1666 1835
f 1704 1681 1748
f 1612 1681 1704
f 1612 1530 1681
f 1658 1481 1507
f 1424 1525 1582
f 1406 1525 1424
f 1341 1525 1406
f 1341 1349 1525
f 1235 892 1335
f 1234 892 1235
f 1234 980 892
f 883 980 1234
f 1209 980 883
f 1209 928 980
f 1874 1919 1928
f 413 384 448
f 337 1830 384
f 1793 1835 1768
f 1793 1795 1835
f 1704 1748 1666
f 1424 1582 1658
f 883 1234 1235
f 1199 928 1209
f 1199 1298 928
f 318 317 754
f 1173 943 808
f 1173 912 943
f 1175 912 1173
f 317 1328 1177
f 318 1328 317
f 259 205 299
f 237 205 259
f 237 194 205
f 449 1919 1874
f 449 448 1919
f 346 337 384
f 1806 1778 337
f 1768 1778 1806
f 1620 1795 1793
f 1666 1795 1620
f 1494 1658 1507
f 1424 1658 1494
f 1328 318 754
f 284 237 259
f 206 194 237
f 1948 1928 194
f 1948 1888 1928
f 1874 1928 1888
f 413 448 449
f 346 384 413
f 346 1806 337
f 1672 1620 1793
f 1773 1666 1620
f 1773 1704 1666
f 1656 1530 1612
f 1656 1507 1530
f 1540 1406 1424
f 1540 1341 1406
f 1341 1335 1349
f 1242 1335 1341
f 1242 1235 1335
f 979 883 1235
f 979 1209 883
f 1239 1298 1199
f 929 1298 1239
f 929 754 1298
f 1059 1116 710
f 908 839 1116
f 808 1094 908
f 943 1094 808
f 908 1094 839
f 943 1065 1094
f 943 1225 1065
f 912 1225 943
f 912 913 1225
f 292 303 307
f 292 259 303
f 206 284 246
f 1966 207 206
f 430 413 449
f 1850 346 357
f 1816 1620 1672
f 1586 1612 1709
f 1605 1507 1656
f 1630 1494 1605
f 1414 1494 1630
f 1414 1424 1494
f 1553 1424 1414
f 1553 1540 1424
f 1419 1540 1553
f 1367 1540 1419
f 1261 979 1235
f 1246 1199 856
f 1246 1239 1199
f 1266 1239 1246
f 1160 1239 1266
f 1160 754 929
f 1078 754 1160
f 1078 1328 754
f 1116 1142 710
f 1116 839 1142
f 913 319 914
f 293 292 307
f 284 259 292
f 1997 1888 1948
f 1865 449 1874
f 1719 1672 1779
f 1542 1709 1773
f 1586 1491 1612
f 1630 1605 1656
f 1318 1243 1317
f 983 856 979
f 1327 1328 1078
f 1327 319 1328
f 284 292 293
f 1977 1948 1966
f 1977 1997 1948
f 1865 1888 1997
f 1865 1874 1888
f 421 449 1865
f 421 430 449
f 393 430 421
f 393 413 430
f 393 357 413
f 338 1850 357
f 1805 1779 1850
f 1801 1672 1719
f 1816 1672 1801
f 1711 1620 1816
f 1711 1773 1620
f 1711 1542 1773
f 1611 1491 1586
f 1656 1491 1611
f 1465 1656 1587
f 1465 1630 1656
f 1519 1414 1630
f 1557 1553 1414
f 1499 1367 1419
f 1366 1318 1367
f 1051 979 1261
f 916 979 1051
f 916 983 979
f 1246 856 983
f 710 838 870
f 1142 838 710
f 839 713 1142
f 839 842 713
f 1094 668 842
f 1065 668 1094
f 913 1227 1225
f 914 1227 913
f 842 714 713
f 914 779 1227
f 1327 320 914
f 1327 1106 320
f 247 206 246
f 247 208 206
f 1964 1966 208
f 1964 1977 1966
f 1909 421 1865
f 367 357 393
f 1788 1805 1850
f 1803 1719 1805
f 1710 1711 1816
f 1649 1711 1710
f 1649 1542 1711
f 1708 1709 1542
f 1604 1465 1587
f 1607 1414 1519
f 1607 1557 1414
f 1366 1367 1499
f 1342 1318 1366
f 1342 1243 1318
f 1268 1243 1342
f 1100 916 1051
f 1272 1266 1246
f 1106 1327 1078
f 1142 713 838
f 842 954 714
f 1225 1227 668
f 304 246 293
f 1909 1865 1997
f 1918 421 1909
f 1788 1850 338
f 1803 1801 1719
f 1541 1708 1542
f 1614 1586 1708
f 1614 1611 1586
f 1641 1587 1611
f 1515 1587 1641
f 1515 1604 1587
f 1439 1465 1604
f 1439 1519 1465
f 1560 1499 1557
f 1401 1366 1499
f 1371 1342 1366
f 1100 1051 1268
f 1013 983 916
f 1236 983 1013
f 1236 1246 983
f 1213 1078 921
f 306 293 308
f 304 293 306
f 247 246 304
f 254 208 247
f 223 208 254
f 223 1964 208
f 1973 1977 1964
f 1973 1997 1977
f 1985 1997 1973
f 1933 1997 1985
f 1933 1909 1997
f 450 393 421
f 385 338 367
f 339 338 385
f 339 1788 338
f 1803 1805 1788
f 1710 1816 1801
f 1541 1542 1649
f 1541 1614 1708
f 1614 1641 1611
f 1439 1607 1519
f 1560 1557 1607
f 1401 1499 1560
f 1371 1366 1401
f 1257 1268 1342
f 1013 916 1100
f 890 1246 1236
f 890 1272 1246
f 1292 1266 1272
f 1292 921 1266
f 1292 1213 921
f 786 1078 1213
f 786 1106 1078
f 784 786 1323
f 817 1272 890
f 817 1292 1272
f 1356 1292 817
f 1356 1323 1292
f 1356 784 1323
f 753 786 784
f 993 817 890
f 854 320 753
f 1040 320 854
f 994 1356 817
f 994 784 1356
f 854 753 784
f 1176 1040 854
f 1291 817 993
f 820 784 994
f 820 854 784
f 1361 1176 854
f 1297 1291 993
f 755 817 1291
f 755 994 817
f 986 994 755
f 1133 854 820
f 1132 994 986
f 1132 820 994
f 1133 820 1132
f 1998 854 1133
f 1998 1361 854
f 1316 1291 1297
f 1316 755 1291
f 1316 1297 1157
f 1240 1132 986
f 818 1132 1240
f 818 1133 1132
f 723 1998 1133
f 2069 1998 723
f 787 755 1316
f 986 755 787
f 853 1133 818
f 723 1133 853
f 1322 1316 1157
f 756 1316 1322
f 787 1316 756
f 1357 986 787
f 1357 1240 986
f 853 818 1240
f 694 723 853
f 821 787 756
f 783 1357 787
f 694 853 1240
f 1999 2069 723
f 1024 756 1322
f 821 783 787
f 1267 1240 1357
f 1267 694 1240
f 1999 723 694
f 1102 1024 1322
f 821 756 1024
f 1357 783 821
f 888 694 1267
f 695 694 888
f 695 1999 694
f 1103 821 1024
f 1017 1357 821
f 1017 1267 1357
f 1025 1267 1017
f 1360 1999 695
f 855 821 1103
f 855 1017 821
f 888 1267 1025
f 789 1024 1102
f 789 1103 1024
f 974 888 1025
f 974 695 888
f 1195 695 974
f 2068 695 1195
f 2068 1360 695
f 814 789 1102
f 985 1103 789
f 985 855 1103
f 1047 1017 855
f 1025 1017 1047
f 697 974 1025
f 1054 789 814
f 1054 985 789
f 1047 855 985
f 697 1025 1047
f 1161 1195 974
f 2000 2068 1195
f 726 697 1047
f 1161 974 697
f 1161 2000 1195
f 1128 1054 814
f 1083 1054 1128
f 1083 985 1054
f 1130 985 1083
f 751 985 1130
f 751 1047 985
f 751 726 1047
f 726 1161 697
f 889 2000 1161
f 1076 726 751
f 1055 726 1076
f 1196 726 1055
f 1196 1161 726
f 1214 1161 1196
f 1214 889 1161
f 889 1254 2000
f 1198 1130 1083
f 750 1130 1198
f 750 751 1130
f 750 1076 751
f 922 1214 1196
f 1365 1254 889
f 1111 1083 1210
f 1111 1198 1083
f 757 1055 1076
f 757 1196 1055
f 757 922 1196
f 649 1214 922
f 649 889 1214
f 1365 889 649
f 1104 750 1198
f 1104 1076 750
f 1104 757 1076
f 1016 1104 1198
f 1084 757 1104
f 1084 922 757
f 1373 1365 649
f 1280 1365 1373
f 1074 1111 1210
f 788 1111 1074
f 824 1111 788
f 824 1198 1111
f 824 1016 1198
f 1131 1104 1016
f 1131 1084 1104
f 987 922 1084
f 722 649 922
f 722 1373 649
f 1112 1084 1131
f 987 1084 1112
f 722 922 987
f 2067 1280 1373
f 1158 824 788
f 1158 1016 824
f 782 1016 1158
f 782 1131 1016
f 1015 788 1045
f 1138 788 1015
f 1138 1158 788
f 1369 722 987
f 1369 1373 722
f 1369 2067 1373
f 1211 782 1158
f 1139 1131 782
f 1139 1112 1131
f 1018 1112 1139
f 1018 987 1112
f 1369 987 1018
f 1998 1229 1361
f 2069 1229 1998
f 1999 1228 2069
f 1999 1255 1228
f 1360 1255 1999
f 2068 1124 1360
f 2000 1124 2068
f 2000 1254 1124
f 2067 1098 1280
f 2001 1150 2067
f 984 1138 1015
f 1211 1158 1138
f 2001 2067 1369
f 781 1211 1138
f 816 782 1211
f 816 1139 782
f 1241 1369 1018
f 1241 2001 1369
f 1279 2066 1370
f 1364 1279 1370
f 2066 1279 1178
f 696 1304 1364
f 696 1364 1370
f 696 1370 1167
f 715 2002 1007
f 875 2002 715
f 1063 2002 875
f 806 2002 1063
f 683 2002 806
f 684 2002 683
f 833 2002 684
f 305 558 307
f 305 549 558
f 303 549 305
f 303 559 549
f 259 559 303
f 1972 1954 833
f 1972 1962 1954
f 288 1959 1962
f 483 798 479
f 288 1962 833
f 1953 1978 932
f 798 302 298
f 799 932 288
f 901 298 932
f 901 996 298
f 296 288 833
f 296 301 288
f 901 932 933
f 996 629 479
f 297 296 833
f 297 301 296
f 933 932 799
f 301 297 833
f 707 478 629
f 1056 629 996
f 707 629 1056
f 963 900 833
f 963 301 900
f 630 478 707
f 686 963 833
f 686 301 963
f 1026 686 833
f 1026 301 686
f 1027 1056 901
f 736 630 707
f 657 1026 833
f 657 301 1026
f 706 657 833
f 706 301 657
f 799 301 706
f 800 901 933
f 736 707 1056
f 997 867 962
f 800 767 1027
f 834 736 767
f 477 736 834
f 685 997 962
f 800 933 708
f 962 799 833
f 708 933 997
f 310 631 477
f 1085 631 310
f 902 997 685
f 902 708 997
f 1028 834 659
f 311 631 1085
f 476 631 311
f 708 659 800
f 1085 476 311
f 1085 632 476
f 960 632 1085
f 737 1085 659
f 1058 1085 737
f 1058 960 1085
f 1088 960 1058
f 1088 632 960
f 1896 1914 1940
f 1792 1852 368
f 1622 1776 1759
f 1530 1690 1655
f 1530 1509 1690
f 1582 1461 1481
f 1582 1482 1461
f 1502 1482 1582
f 1525 1332 1502
f 1134 1164 1332
f 1134 1135 1164
f 1134 918 1135
f 892 918 1134
f 980 918 892
f 1075 918 980
f 315 1041 314
f 879 1066 1041
f 1140 1088 805
f 467 632 1088
f 641 467 709
f 1896 198 205
f 1919 1914 1896
f 1919 448 1914
f 1830 368 412
f 1778 1792 1830
f 1835 1792 1778
f 1748 1622 1666
f 1658 1582 1481
f 928 1075 980
f 316 315 1049
f 1119 665 879
f 641 709 660
f 1779 1793 1768
f 1672 1793 1779
f 1317 1242 1341
f 1261 1235 1242
f 856 1209 979
f 856 1199 1209
f 319 1177 1328
f 319 1175 1177
f 913 1175 319
f 913 912 1175
f 1086 637 660
f 206 237 284
f 207 194 206
f 1966 194 207
f 1966 1948 194
f 357 346 413
f 1850 1806 346
f 1779 1806 1850
f 1779 1768 1806
f 1709 1704 1773
f 1709 1612 1704
f 1491 1656 1612
f 1494 1507 1605
f 1367 1341 1540
f 1318 1341 1367
f 1317 1341 1318
f 1243 1242 1317
f 1261 1242 1243
f 1160 929 1239
f 1116 1059 908
f 738 1059 710
f 738 660 1059
f 738 1086 660
f 1086 470 637
f 1086 2135 470
f 246 284 293
f 208 1966 206
f 367 338 357
f 1805 1719 1779
f 1708 1586 1709
f 1587 1656 1611
f 1465 1519 1630
f 1557 1419 1553
f 1499 1419 1557
f 1268 1261 1243
f 1051 1261 1268
f 921 1160 1266
f 1078 1160 921
f 914 319 1327
f 668 1065 1225
f 842 839 1094
f 870 738 710
f 1113 1086 738
f 1113 2135 1086
f 2074 2135 1113
f 2074 738 870
f 2074 1113 738
f 2074 870 2136
f 2073 2136 870
f 682 2137 2073
f 1370 860 1167
f 1370 2066 1048
f 947 1150 1178
f 949 1150 947
f 777 1008 1252
f 809 1008 777
f 809 1226 1008
f 809 843 1226
f 1183 843 809
f 1169 1005 743
f 1169 1221 1005
f 682 2072 2137
f 1188 2072 682
f 2138 2072 1188
f 681 2138 1188
f 681 2071 2138
f 1067 1038 1096
f 810 1038 1067
f 1250 776 1300
f 1168 872 956
f 2071 681 872
f 2139 2071 872
f 662 2034 680
f 712 662 663
f 662 2035 2034
f 711 2035 662
f 711 2033 2035
f 740 2033 711
f 803 2036 871
f 803 2031 2036
f 739 803 871
f 739 2031 803
f 2037 2031 739
f 770 2037 739
f 958 770 739
f 2037 2065 2030
f 770 2065 2037
f 770 2003 2065
f 958 2003 770
f 837 871 937
f 837 905 871
f 739 905 837
f 906 958 739
f 906 2003 958
f 906 2064 2003
f 1062 2064 906
f 1062 2004 2064
f 666 2004 1062
f 1061 837 937
f 1090 1034 1061
f 666 1062 1034
f 841 666 1034
f 1033 937 1032
f 1033 1061 937
f 1090 1061 1033
f 841 1034 1090
f 2063 2004 666
f 1006 666 841
f 1182 2063 666
f 1222 1090 1033
f 841 1090 1222
f 1182 666 1006
f 2005 2063 1182
f 871 905 739
f 2036 937 871
f 2032 937 2036
f 2032 1032 937
f 2032 1002 1032
f 2033 1002 2032
f 740 1002 2033
f 772 1032 1002
f 772 1033 1032
f 1170 1033 772
f 1170 1222 1033
f 1006 841 676
f 1325 2005 1182
f 741 1002 740
f 772 1002 741
f 942 1222 1170
f 942 841 1222
f 676 841 942
f 1182 1006 676
f 1325 2062 2005
f 811 2062 1325
f 915 2062 811
f 312 2062 915
f 680 2034 2070
f 1003 662 680
f 1003 663 662
f 1249 807 1185
f 1274 807 1249
f 1299 1147 1274
f 716 667 1147
f 1095 667 716
f 1149 844 1095
f 312 915 1149
f 2006 2062 312
f 1143 663 1003
f 1143 1185 663
f 1223 1185 1143
f 1223 1249 1185
f 1123 1149 1095
f 973 2006 312
f 939 2070 2139
f 939 680 2070
f 1299 1274 1249
f 745 1147 1299
f 716 1147 745
f 1301 1095 716
f 1123 1095 1301
f 1179 312 1149
f 1144 1003 680
f 1143 1003 1144
f 1275 1299 1249
f 880 1149 1123
f 1179 1149 880
f 1171 1223 1143
f 1275 1249 1223
f 880 1123 672
f 973 312 1179
f 2061 2006 973
f 1168 939 2139
f 1144 680 939
f 774 1143 1144
f 774 1171 1143
f 810 1299 1275
f 745 1299 810
f 1250 1223 1171
f 1250 1275 1223
f 1067 745 810
f 1067 716 745
f 1096 716 1067
f 1096 1301 716
f 672 1123 1301
f 1304 973 1179
f 872 1168 2139
f 1186 1144 939
f 1064 774 1144
f 1300 1275 1250
f 1300 810 1275
f 672 1301 1096
f 1011 1179 880
f 1304 1179 1011
f 752 2061 973
f 956 939 1168
f 1186 939 956
f 1035 1144 1186
f 1064 1144 1035
f 1224 774 1064
f 1224 1171 774
f 1250 1171 1224
f 1011 880 672
f 696 973 1304
f 752 973 696
f 1159 2061 752
f 1159 2007 2061
f 920 2007 1159
f 904 682 2073
f 955 1188 682
f 1221 907 955
f 941 1005 1221
f 877 1183 1184
f 843 1183 877
f 1326 1252 1008
f 1048 860 1370
f 1197 1159 1167
f 2060 2007 920
f 978 2008 850
f 978 2059 2008
f 1072 2059 978
f 893 1110 977
f 891 2059 1072
f 893 977 884
f 1313 891 1072
f 2009 2059 891
f 1245 1012 1110
f 1285 2009 891
f 1245 1110 893
f 1313 1012 1245
f 1285 891 1313
f 2058 2009 1285
f 858 884 984
f 858 893 884
f 1156 858 984
f 1082 893 858
f 1082 1245 893
f 1155 1313 1245
f 924 1313 1155
f 1156 984 1015
f 1071 1245 1082
f 1071 1155 1245
f 1259 1313 924
f 1259 1285 1313
f 1156 1015 1200
f 1082 858 1156
f 1231 1285 1259
f 1231 2058 1285
f 1476 2058 1231
f 1476 2010 2058
f 1476 2057 2010
f 1023 849 1128
f 1023 1314 849
f 1191 1314 1023
f 1108 1109 1081
f 1339 1311 1204
f 1353 1230 1339
f 1286 1108 1081
f 1329 1353 1339
f 1379 1347 1353
f 1389 2057 1476
f 992 1128 814
f 1023 1128 992
f 982 1191 1023
f 1296 1191 982
f 1154 1271 1296
f 1288 1271 1154
f 1320 1081 1288
f 1286 1081 1320
f 1205 1108 1286
f 1329 1339 1204
f 1381 1347 1379
f 1381 1476 1347
f 1389 1476 1381
f 1137 1023 992
f 1137 982 1023
f 1042 1296 982
f 1154 1296 1042
f 1336 1204 1205
f 1344 1329 1204
f 1388 1381 1379
f 1295 1288 1154
f 1295 1320 1288
f 1260 1286 1320
f 1336 1205 1286
f 643 1329 1344
f 643 1353 1329
f 1410 2057 1389
f 1052 1154 1042
f 1052 1295 1154
f 1260 1320 1295
f 1338 1286 1260
f 1338 1336 1286
f 1282 1204 1336
f 1282 1344 1204
f 1388 1353 643
f 1388 1379 1353
f 2011 2057 1410
f 1137 992 981
f 1022 1052 1042
f 1233 1295 1052
f 1282 1336 1338
f 1375 1344 1282
f 1455 1381 1388
f 1455 1389 1381
f 981 982 1137
f 1201 982 981
f 1201 1042 982
f 1260 1295 1233
f 1334 1338 1260
f 643 1344 1375
f 1456 1388 643
f 1410 1389 1455
f 1644 2011 1410
f 1644 2056 2011
f 1442 2056 1644
f 1505 2056 1442
f 1521 2056 1505
f 1351 1306 1309
f 1350 1306 1351
f 1350 1345 1306
f 1435 1445 1384
f 1485 1395 1445
f 1521 1505 1484
f 1610 2056 1521
f 1162 1193 1206
f 1351 1309 1256
f 1413 1345 1350
f 1413 1378 1345
f 1413 1457 1378
f 1380 1457 1413
f 1435 1457 1380
f 1403 1445 1435
f 1485 1445 1403
f 1441 1395 1485
f 1660 2056 1610
f 2012 2056 1660
f 1340 1193 1162
f 1340 1256 1193
f 1432 1462 1441
f 1450 1484 1432
f 1450 1521 1484
f 1400 1435 1380
f 1400 1403 1435
f 1535 1432 1441
f 1429 1521 1450
f 1610 1521 1429
f 1343 1256 1340
f 1343 1351 1256
f 1374 1351 1343
f 1407 1350 1351
f 1413 1350 1407
f 1520 1441 1485
f 1535 1441 1520
f 1483 1432 1535
f 1483 1450 1432
f 1354 1351 1374
f 1354 1407 1351
f 1385 1380 1413
f 1385 1400 1380
f 1503 1403 1400
f 1503 1485 1403
f 1520 1485 1503
f 1450 1483 1522
f 1478 1660 1610
f 1478 2012 1660
f 1554 1413 1407
f 1385 1413 1554
f 1404 1400 1385
f 1404 1503 1400
f 1418 1483 1535
f 1522 1483 1418
f 2055 2012 1478
f 1631 1520 1503
f 1418 1535 1520
f 1480 1429 1450
f 1508 1610 1429
f 1680 1610 1508
f 1478 1610 1680
f 1555 1407 1354
f 1555 1554 1407
f 1390 1404 1385
f 1498 1404 1390
f 1495 1503 1404
f 1631 1503 1495
f 1417 1520 1631
f 1417 1418 1520
f 1480 1450 1522
f 1508 1429 1480
f 1640 2055 1478
f 1652 2055 1640
f 1652 2013 2055
f 1431 1523 1394
f 1606 1523 1431
f 1497 1425 1606
f 1657 1537 1463
f 1577 1537 1657
f 1479 1642 1590
f 1526 1642 1479
f 1526 1663 1642
f 1526 1575 1663
f 1529 1654 1575
f 1664 1543 1654
f 1678 1652 1543
f 1598 1652 1678
f 1598 2013 1652
f 1497 1606 1472
f 1479 1590 1577
f 1664 1654 1529
f 1678 1543 1664
f 1453 1606 1431
f 1472 1606 1453
f 1659 1463 1497
f 1517 1526 1479
f 1559 1497 1472
f 1659 1497 1559
f 1659 1657 1463
f 1467 1577 1657
f 1547 1575 1526
f 1567 1529 1575
f 1467 1657 1659
f 1467 1479 1577
f 1547 1526 1517
f 1514 1575 1547
f 1514 1567 1575
f 2054 2013 1598
f 1426 1453 1431
f 1440 1472 1453
f 1440 1559 1472
f 1469 1659 1559
f 1629 1467 1659
f 1664 1529 1567
f 1583 1678 1664
f 1591 1559 1440
f 1469 1559 1591
f 1629 1659 1469
f 1512 1479 1467
f 1516 1479 1512
f 1516 1517 1479
f 1547 1517 1516
f 1598 1678 1583
f 1699 2054 1598
f 1558 1453 1426
f 1440 1453 1558
f 1628 1547 1516
f 1514 1547 1628
f 1665 1567 1514
f 1651 1664 1567
f 1583 1664 1651
f 1468 1467 1629
f 1512 1467 1468
f 1628 1516 1512
f 1489 1514 1628
f 1665 1514 1489
f 1651 1567 1665
f 1597 1598 1583
f 1720 2054 1699
f 1720 2014 2054
f 1720 2053 2014
f 1770 2053 1720
f 1770 2015 2053
f 1705 645 1448
f 1648 1751 1679
f 1675 1637 1751
f 1675 1570 1637
f 1838 1570 1675
f 1797 1689 1617
f 646 1757 1797
f 1766 1770 1746
f 1766 2015 1770
f 1728 645 1705
f 1638 1568 1661
f 1675 1751 1648
f 1737 1617 1838
f 1737 1797 1617
f 1564 1728 1705
f 1662 1728 1564
f 1662 1563 1728
f 1662 1661 1563
f 1638 1661 1662
f 1755 1679 1568
f 1648 1679 1755
f 1772 646 1797
f 1746 1698 646
f 1624 1568 1638
f 1755 1568 1624
f 1828 1838 1675
f 1736 1838 1828
f 1737 1838 1736
f 1841 646 1772
f 1841 1746 646
f 1780 1746 1841
f 1780 1766 1746
f 1638 1662 1693
f 1828 1675 1648
f 1713 1797 1737
f 1772 1797 1713
f 2052 2015 1766
f 1693 1662 1564
f 1691 1638 1693
f 1738 1638 1691
f 1624 1638 1738
f 1571 1755 1624
f 1571 1648 1755
f 1697 1841 1772
f 1822 1766 1780
f 1807 2052 1766
f 1668 1648 1571
f 1688 1648 1668
f 1688 1828 1648
f 1713 1737 1736
f 1834 1822 1780
f 1831 1766 1822
f 1831 1807 1766
f 1691 1693 1569
f 1571 1624 1738
f 1785 1828 1688
f 1785 1736 1828
f 1686 1713 1736
f 1696 1841 1697
f 1763 1780 1841
f 334 1807 1831
f 334 2052 1807
f 1599 1691 1569
f 1686 1736 1785
f 1619 1713 1686
f 1619 1772 1713
f 1697 1772 1619
f 1763 1841 1696
f 1834 1780 1763
f 382 2052 334
f 382 2016 2052
f 382 2051 2016
f 400 2051 382
f 1775 1676 1817
f 1775 1786 1676
f 1745 1825 1837
f 1769 1718 1825
f 1819 1742 1821
f 1724 1775 1817
f 1747 1647 1786
f 1760 1837 1647
f 1745 1837 1760
f 344 325 1819
f 381 326 332
f 399 400 382
f 436 400 399
f 436 2051 400
f 1747 1786 1775
f 1760 1647 1747
f 1716 1825 1745
f 1769 1825 1716
f 1811 1821 1718
f 1808 1821 1811
f 1819 1821 1808
f 356 332 325
f 356 381 332
f 399 382 381
f 1669 1775 1724
f 1716 1745 1760
f 1695 1769 1716
f 1741 1718 1769
f 1811 1718 1741
f 2017 2051 436
f 1669 1747 1775
f 1761 1760 1747
f 1781 1716 1760
f 1741 1769 1695
f 1848 1819 1808
f 344 1819 1848
f 356 325 344
f 362 381 356
f 398 399 381
f 1781 1760 1761
f 437 2017 436
f 1849 1808 1811
f 1848 1808 1849
f 331 344 1848
f 356 344 361
f 398 381 362
f 454 436 399
f 438 436 454
f 437 436 438
f 1872 2017 437
f 309 2017 1872
f 309 2050 2017
f 309 2018 2050
f 1936 2018 309
f 1844 1846 1820
f 1844 323 1846
f 343 355 330
f 380 359 355
f 406 397 364
f 425 407 397
f 462 426 425
f 1990 309 1878
f 343 330 323
f 379 355 343
f 380 355 379
f 364 359 380
f 425 397 406
f 461 462 425
f 1936 309 1990
f 1844 1820 1809
f 342 323 1844
f 396 364 380
f 396 406 364
f 424 406 396
f 1906 462 1915
f 1906 1858 462
f 1906 1921 1858
f 1975 2018 1936
f 349 343 323
f 396 380 379
f 424 425 406
f 452 461 425
f 1915 462 461
f 1886 1921 1906
f 1886 1878 1921
f 1975 1936 1990
f 2049 2018 1975
f 329 1844 1809
f 342 1844 329
f 349 323 342
f 379 343 349
f 452 425 424
f 1935 1878 1886
f 1935 1990 1878
f 378 379 349
f 418 424 396
f 1979 1990 1935
f 1979 1975 1990
f 348 342 329
f 349 342 348
f 389 379 378
f 389 396 379
f 418 396 389
f 435 424 418
f 460 424 435
f 460 452 424
f 460 461 452
f 1868 461 460
f 1915 461 1868
f 1891 1886 1906
f 1950 1975 1979
f 1898 1906 1915
f 1991 1886 1891
f 1935 1886 1991
f 204 2049 1975
f 204 2019 2049
f 230 2019 204
f 245 2019 230
f 1861 457 439
f 1922 457 1861
f 1871 1862 1922
f 1885 1867 1871
f 1885 1907 1867
f 1879 1907 1885
f 245 230 236
f 2048 2019 245
f 1926 434 451
f 1926 439 434
f 1861 439 1926
f 1939 1986 1894
f 229 236 203
f 283 245 258
f 283 2048 245
f 1871 1922 1861
f 1939 1894 1879
f 1945 1980 1986
f 1958 1980 1945
f 1961 1980 1958
f 197 182 1961
f 197 193 182
f 258 245 236
f 1857 1926 451
f 1913 1871 1861
f 1904 1885 1871
f 1992 1939 1879
f 1945 1986 1939
f 214 193 197
f 214 203 193
f 258 236 229
f 2020 2048 283
f 1913 1861 1926
f 1904 1871 1913
f 1889 1885 1904
f 1879 1885 1889
f 1976 1945 1939
f 1961 1958 1968
f 192 197 1961
f 214 229 203
f 1992 1879 1889
f 1987 1939 1992
f 1976 1939 1987
f 1968 1945 1976
f 1968 1958 1945
f 271 283 258
f 271 2020 283
f 268 2047 271
f 268 271 269
f 2021 2047 268
f 267 2021 268
f 2029 2021 267
f 2038 2021 2029
f 268 2039 2029
f 2028 2039 268
f 268 2029 267
f 270 2028 269
f 2040 2028 270
f 2027 2040 272
f 274 2027 272
f 282 269 271
f 282 273 269
f 274 272 273
f 281 2027 274
f 2041 2027 281
f 270 273 272
f 269 273 270
f 2020 271 2047
f 275 281 274
f 279 2041 281
f 279 2026 2041
f 264 2026 279
f 264 2042 2026
f 263 2042 264
f 262 2042 263
f 262 2025 2042
f 278 2025 262
f 2043 2025 278
f 1101 814 1102
f 1101 992 814
f 1289 981 992
f 1333 1340 1162
f 1333 1343 1340
f 1377 1343 1333
f 1377 1374 1343
f 1377 1397 1374
f 1398 1420 1397
f 1539 1420 1398
f 1539 1394 1420
f 1416 1431 1394
f 1426 1431 1416
f 1639 1448 1562
f 1726 1599 1569
f 1796 1817 1723
f 1796 1724 1817
f 1839 1815 1669
f 1855 1744 1815
f 1855 1843 1744
f 322 329 1809
f 394 415 395
f 433 451 415
f 440 451 433
f 440 1857 451
f 1927 1926 1857
f 1989 1937 1895
f 1989 1982 1937
f 210 200 188
f 210 220 200
f 210 232 220
f 232 249 219
f 1289 992 1101
f 917 981 1289
f 917 1201 981
f 1202 1201 917
f 1202 1287 1201
f 1153 1206 1270
f 1163 1162 1206
f 1333 1162 1163
f 1308 1377 1333
f 1398 1397 1377
f 1459 1394 1539
f 1459 1416 1394
f 1452 1558 1426
f 1430 1558 1452
f 1430 1643 1558
f 1578 1643 1430
f 1449 1643 1578
f 1449 1562 1643
f 1639 1562 1449
f 1639 1705 1448
f 1477 1705 1639
f 1477 1564 1705
f 1694 1693 1564
f 1694 1569 1693
f 1774 1724 1796
f 1774 1669 1724
f 1733 1815 1839
f 1733 1855 1815
f 1823 1843 1855
f 1790 1820 1843
f 1790 1809 1820
f 341 329 322
f 341 348 329
f 341 365 348
f 377 365 341
f 433 415 394
f 1880 1884 1927
f 1880 1895 1884
f 1931 1895 1880
f 1931 1989 1895
f 1949 1982 1989
f 1949 1974 1982
f 187 188 1974
f 186 188 187
f 186 210 188
f 261 249 232
f 261 278 249
f 287 2043 278
f 2024 2043 287
f 1322 1101 1102
f 1073 1101 1322
f 1073 927 1101
f 1321 917 927
f 1321 1202 917
f 1321 926 1202
f 1127 1153 926
f 1203 1153 1127
f 1203 1163 1153
f 1284 1163 1203
f 1330 1308 1284
f 1346 1355 1330
f 1392 1355 1346
f 1392 1423 1355
f 1524 1459 1423
f 1538 1459 1524
f 1592 1608 1538
f 1415 1452 1608
f 1415 1430 1452
f 1415 1578 1430
f 1707 1532 1477
f 1603 1532 1707
f 1603 1694 1532
f 1625 1694 1603
f 1600 1615 1625
f 1596 1700 1615
f 1650 1796 1700
f 1650 1774 1796
f 1633 1774 1650
f 1633 1715 1774
f 1685 1715 1633
f 1789 1790 1823
f 1789 1832 1790
f 354 341 328
f 376 377 354
f 376 394 377
f 366 405 394
f 442 1870 456
f 1876 1880 1870
f 1995 1880 1876
f 1995 1931 1880
f 1995 1984 1931
f 1970 1949 1984
f 226 221 186
f 291 2024 287
f 1263 927 1073
f 1263 1321 927
f 857 926 1321
f 857 1127 926
f 1412 1423 1392
f 1524 1423 1412
f 1592 1415 1608
f 1549 1578 1415
f 1549 1533 1578
f 1518 1533 1549
f 1601 1626 1533
f 1601 1477 1626
f 1707 1477 1601
f 1596 1615 1600
f 1596 1650 1700
f 1685 1854 1715
f 1732 1854 1685
f 1762 1854 1732
f 1824 1823 1762
f 1789 1823 1824
f 353 354 328
f 353 376 354
f 366 394 376
f 441 442 456
f 1943 1970 1984
f 231 221 226
f 231 240 221
f 277 261 240
f 277 287 261
f 277 291 287
f 290 2024 291
f 2024 290 2044
f 294 2044 290
f 1319 1152 1050
f 1319 1293 1152
f 1352 1446 1387
f 1444 1412 1446
f 1408 1427 1444
f 1428 1552 1579
f 1493 1511 1464
f 1511 1492 1692
f 1682 1602 1492
f 1572 1527 1682
f 1673 1684 1750
f 1673 1814 1684
f 1814 1812 1731
f 1812 1833 1729
f 321 340 1833
f 347 340 321
f 374 387 375
f 373 387 374
f 373 403 387
f 386 403 373
f 422 403 386
f 1856 432 422
f 1860 1856 1917
f 1860 1923 1856
f 1860 1908 1923
f 1917 1908 1860
f 1941 1996 1929
f 1955 179 1941
f 260 286 238
f 295 2044 294
f 295 2023 2044
f 882 848 969
f 1244 1050 1262
f 1244 1319 1050
f 1372 1352 1293
f 1408 1579 1427
f 1550 1579 1408
f 1550 1428 1579
f 1460 1552 1428
f 1460 1464 1552
f 1561 1464 1460
f 1493 1464 1561
f 1613 1511 1493
f 1531 1682 1492
f 1798 1750 1712
f 1749 1750 1798
f 1749 1673 1750
f 1813 1812 1814
f 1804 1812 1813
f 1804 1833 1812
f 321 1833 1804
f 443 1917 1856
f 1900 1908 1917
f 1900 1996 1908
f 1929 1996 1900
f 225 199 179
f 225 222 199
f 225 238 222
f 276 294 286
f 295 294 276
f 1014 1044 1290
f 1014 969 1044
f 1014 882 969
f 882 1262 848
f 1126 1262 882
f 1294 1293 1319
f 1372 1293 1283
f 1434 1444 1446
f 644 1444 1434
f 644 1408 1444
f 644 1550 1408
f 1531 1511 1613
f 1531 1492 1511
f 1513 1682 1531
f 1513 1572 1682
f 1784 1712 1572
f 1798 1712 1784
f 1827 1673 1749
f 648 321 1804
f 327 347 321
f 327 374 347
f 414 422 386
f 443 1856 422
f 1883 1929 1900
f 1983 1941 1929
f 1983 1955 1941
f 1960 1955 1983
f 1960 179 1955
f 1960 225 179
f 248 238 225
f 248 260 238
f 276 286 260
f 300 2023 295
f 1014 1290 890
f 1244 1262 1126
f 1294 1319 1244
f 1294 1283 1293
f 1368 1352 1372
f 1436 1352 1368
f 1436 1446 1352
f 1460 1428 1550
f 1613 1493 1561
f 1703 1572 1513
f 1703 1784 1572
f 1701 1798 1784
f 1701 1749 1798
f 1827 1749 1701
f 1794 1673 1827
f 1794 1814 1673
f 327 321 648
f 431 422 414
f 431 443 422
f 1875 1900 1917
f 1883 1900 1875
f 1983 1929 1883
f 195 225 1960
f 224 225 195
f 254 225 224
f 254 248 225
f 285 295 276
f 285 300 295
f 300 2045 2023
f 1236 1014 890
f 1100 1269 1217
f 1268 1257 1269
f 1371 1401 1436
f 1401 1560 1434
f 1607 1460 1560
f 1541 1649 1784
f 1710 1827 1649
f 1710 1794 1827
f 1788 1851 1803
f 339 358 1851
f 385 358 339
f 367 450 385
f 1918 455 450
f 1918 1866 455
f 1909 1933 1883
f 1973 1963 1985
f 1973 1964 1963
f 223 195 1964
f 223 224 195
f 254 224 223
f 247 285 254
f 306 2045 304
f 2022 2045 306
f 1290 993 890
f 1290 1297 993
f 1044 1297 1290
f 1044 1157 1297
f 849 1083 1128
f 849 1210 1083
f 1045 788 1074
f 1200 1015 1045
f 884 919 984
f 977 919 884
f 1110 1237 977
f 2008 1265 850
f 2060 1265 2008
f 2060 1166 1265
f 920 1166 2060
f 1159 1166 920
f 1197 1046 1159
f 2066 1241 1048
f 2066 1178 1241
f 1178 1150 2001
f 949 1098 1150
f 949 673 1098
f 1359 673 949
f 1039 673 1359
f 1008 778 1326
f 955 1118 1221
f 682 1187 955
f 2073 870 904
f 838 904 870
f 838 1141 904
f 713 1141 838
f 713 873 1141
f 713 714 873
f 842 876 954
f 668 1251 842
f 668 1227 1251
f 1227 779 950
f 914 780 779
f 914 320 780
f 1106 753 320
f 1106 786 753
f 1213 1323 786
f 1213 1292 1323
f 1100 1217 1013
f 1268 1269 1100
f 1342 1305 1257
f 1342 1436 1305
f 1371 1436 1342
f 1604 1683 1439
f 1604 1490 1683
f 1515 1490 1604
f 1515 1641 1490
f 1801 1794 1710
f 1801 1791 1794
f 1803 1791 1801
f 339 1851 1788
f 393 450 367
f 421 1918 450
f 1918 1883 1866
f 1909 1883 1918
f 304 285 247
f 306 2046 2022
f 308 2046 306
f 833 1893 1902
f 932 1978 1971
f 307 308 293
f 308 547 2046
f 308 558 547
f 492 599 509
f 516 491 592
f 508 491 516
f 508 617 491
f 599 617 508
f 599 490 617
f 492 490 599
f 2135 471 470
f 2046 545 2022
f 2046 563 545
f 547 563 2046
f 2139 2134 2075
f 2070 2134 2139
f 2070 2076 2134
f 2034 2076 2070
f 2034 2133 2076
f 2035 2133 2034
f 2035 2077 2133
f 2035 2132 2077
f 2033 2132 2035
f 2033 2078 2132
f 2032 2078 2033
f 2032 2131 2078
f 2036 2131 2032
f 2036 2079 2131
f 2031 2079 2036
f 2037 2079 2031
f 2037 2130 2079
f 2030 2130 2037
f 2030 2080 2130
f 2129 2080 2030
f 471 2087 2123
f 471 2122 2087
f 2135 2122 471
f 2074 2122 2135
f 2136 2122 2074
f 2073 2122 2136
f 2073 2088 2122
f 2073 2121 2088
f 2137 2121 2073
f 2072 2121 2137
f 2072 2089 2121
f 2072 2120 2089
f 2138 2120 2072
f 2138 2090 2120
f 2071 2090 2138
f 2071 2119 2090
f 2139 2119 2071
f 2139 2075 2119
f 2038 2093 2117
f 2029 2093 2038
f 2039 2093 2029
f 2039 2116 2093
f 2028 2116 2039
f 2028 2094 2116
f 2040 2094 2028
f 2040 2115 2094
f 2027 2115 2040
f 2027 2095 2115
f 2041 2095 2027
f 2041 2114 2095
f 2041 2096 2114
f 2026 2096 2041
f 2026 2113 2096
f 2042 2113 2026
f 2042 2097 2113
f 2042 2112 2097
f 2042 2098 2112
f 2025 2098 2042
f 2025 2111 2098
f 2043 2111 2025
f 2043 2099 2111
f 2043 2110 2099
f 2024 2110 2043
f 2024 2100 2110
f 2044 2100 2024
f 2044 2109 2100
f 2044 2101 2109
f 2023 2101 2044
f 2023 2108 2101
f 2045 2108 2023
f 2045 2102 2108
f 2022 2102 2045
f 545 2102 2022
f 545 2107 2102
f 545 2103 2107
f 471 2103 545
f 2123 2103 471
f 2086 2103 2123
f 2086 2104 2103
f 2124 2104 2086
f 2124 2106 2104
f 2085 2106 2124
f 2085 2105 2106
f 2125 2105 2085
f 2125 464 2105
f 2084 464 2125
f 2038 2129 2030
f 2117 2129 2038
f 2117 2081 2129
f 2117 2128 2081
f 2092 2128 2117
f 2092 2082 2128
f 2118 2082 2092
f 2118 2127 2082
f 2118 2083 2127
f 2091 2083 2118
f 2091 2126 2083
f 463 2126 2091
f 463 2084 2126
f 464 2084 463
f 514 596 512
f 514 554 594
f 512 554 514
f 512 555 554
f 493 555 512
f 521 520 587
f 555 520 521
f 493 520 555
f 493 621 520
f 578 608 583
f 525 578 583
f 580 529 527
f 527 569 610
f 529 569 527
f 529 538 569
f 578 538 529
f 525 538 578
f 534 556 503
f 571 567 536
f 551 567 571
f 551 540 567
f 556 540 551
f 534 540 556
f 534 573 540
f 635 641 637
f 473 641 635
f 465 467 641
f 642 467 465
f 466 467 642
f 466 632 467
f 473 465 641
f 634 465 473
f 634 642 465
f 474 642 634
f 474 466 642
f 633 466 474
f 475 466 633
f 475 632 466
f 639 638 469
f 639 468 640
f 469 468 639
f 638 468 469
f 639 471 636
f 470 638 637
f 470 468 638
f 471 468 470
f 471 640 468
f 471 639 640
f 472 639 636
f 472 638 639
f 635 638 472
f 637 638 635
f 545 636 471
f 562 636 545
f 625 475 570
f 552 553 562
f 562 528 636
f 553 528 562
f 553 499 528
f 588 499 553
f 588 524 499
f 588 584 524
f 486 584 588
f 486 570 584
f 615 570 486
f 625 615 597
f 570 615 625
f 528 579 636
f 475 539 568
f 474 475 633
f 474 539 475
f 634 539 474
f 634 572 539
f 473 572 634
f 635 572 473
f 635 535 572
f 635 557 535
f 472 557 635
f 636 557 472
f 636 550 557
f 636 605 550
f 579 605 636
f 579 502 605
f 579 606 502
f 526 606 579
f 526 501 606
f 581 501 526
f 475 537 570
f 568 537 475
f 533 537 568
f 574 537 533
f 574 497 537
f 574 611 497
f 574 581 611
f 501 581 574
f 548 593 560
f 482 593 548
f 482 600 593
f 507 482 625
f 600 482 507
f 625 601 507
f 597 601 625
f 511 601 597
f 511 506 601
f 595 506 511
f 595 616 506
f 513 616 595
f 622 616 513
f 622 618 616
f 552 618 622
f 562 618 552
f 489 618 562
f 546 489 562
f 561 489 546
f 561 515 489
f 560 515 561
f 593 515 560
f 477 478 630
f 631 478 477
f 631 629 478
f 631 479 629
f 476 479 631
f 632 479 476
f 632 483 479
f 625 632 475
f 483 632 625
f 482 548 626
f 481 482 626
f 627 482 481
f 625 482 627
f 480 625 627
f 628 625 480
f 483 625 628
f 480 483 628
f 627 483 480
f 627 559 483
f 481 559 627
f 626 559 481
f 548 559 626
f 621 484 623
f 493 484 621
f 493 624 484
f 615 624 493
f 615 484 624
f 615 623 484
f 486 623 615
f 621 623 486
f 554 485 594
f 552 485 554
f 622 485 552
f 513 485 622
f 594 485 513
f 588 621 486
f 520 621 588
f 488 619 620
f 592 620 619
f 491 620 592
f 617 620 491
f 490 620 617
f 490 487 620
f 492 487 490
f 616 487 492
f 616 620 487
f 618 620 616
f 618 488 620
f 489 488 618
f 489 619 488
f 515 619 489
f 592 619 515
f 616 509 506
f 492 509 616
f 581 610 611
f 527 610 581
f 615 512 597
f 493 512 615
f 536 614 494
f 567 614 536
f 539 614 567
f 539 494 614
f 572 494 539
f 536 494 572
f 495 612 613
f 610 613 612
f 569 613 610
f 537 613 569
f 537 495 613
f 497 495 537
f 497 496 495
f 611 496 497
f 611 495 496
f 610 495 611
f 610 612 495
f 574 503 501
f 534 503 574
f 583 498 609
f 608 498 583
f 578 498 608
f 528 498 578
f 499 498 528
f 499 609 498
f 524 609 499
f 583 609 524
f 556 607 503
f 556 500 607
f 550 500 556
f 605 500 550
f 605 607 500
f 502 607 605
f 606 607 502
f 501 607 606
f 503 607 501
f 505 504 603
f 505 602 504
f 599 504 509
f 599 603 504
f 508 603 599
f 508 604 603
f 516 604 508
f 593 604 516
f 593 603 604
f 600 603 593
f 507 603 600
f 601 603 507
f 601 505 603
f 506 505 601
f 506 602 505
f 509 602 506
f 509 504 602
f 596 598 512
f 514 598 596
f 595 598 514
f 511 598 595
f 597 598 511
f 597 510 598
f 512 510 597
f 512 598 510
f 595 594 513
f 514 594 595
f 593 592 515
f 516 592 593
f 517 590 589
f 589 591 517
f 589 519 591
f 590 518 589
f 521 591 519
f 587 591 521
f 520 591 587
f 520 517 591
f 588 517 520
f 553 517 588
f 553 590 517
f 553 518 590
f 553 589 518
f 555 589 553
f 555 519 589
f 521 519 555
f 523 585 522
f 538 585 523
f 538 522 585
f 525 522 538
f 525 586 522
f 584 586 525
f 570 586 584
f 570 522 586
f 570 523 522
f 538 523 570
f 584 583 524
f 525 583 584
f 580 582 529
f 527 582 580
f 581 582 527
f 526 582 581
f 579 582 526
f 529 582 579
f 528 529 579
f 578 529 528
f 571 530 551
f 535 530 571
f 557 530 535
f 551 530 557
f 531 576 577
f 576 531 575
f 531 532 575
f 540 577 576
f 573 577 540
f 534 577 573
f 574 577 534
f 574 531 577
f 533 531 574
f 568 531 533
f 568 532 531
f 568 575 532
f 540 575 568
f 540 576 575
f 535 536 572
f 571 536 535
f 537 538 570
f 569 538 537
f 539 540 568
f 567 540 539
f 543 564 565
f 544 564 543
f 565 566 541
f 565 542 566
f 565 564 542
f 544 558 560
f 558 544 547
f 561 544 560
f 561 564 544
f 546 564 561
f 546 542 564
f 546 566 542
f 562 566 546
f 562 541 566
f 562 565 541
f 545 565 562
f 545 543 565
f 563 543 545
f 563 544 543
f 547 544 563
f 549 559 548
f 560 549 548
f 560 558 549
f 550 551 557
f 556 551 550
f 552 555 553
f 554 555 552
# 2139 vertices
# 0 texture params
# 0 normals
# 4278 facets

# 4 groups
