# WaveFront *.obj file (generated by Autodesk ATF)

mtllib arm_upper_sinister.mtl

g Body1

v -0.000000 0.000000 -0.060000
v 0.000000 0.005703 -0.059728
v 0.000000 0.011355 -0.058916
v 0.000000 0.016904 -0.057570
v 0.000000 0.022300 -0.055702
v 0.000000 0.027494 -0.053330
v -0.000000 0.032438 -0.050475
v -0.000000 0.037090 -0.047163
v -0.000000 0.041405 -0.043424
v -0.000000 0.045345 -0.039292
v -0.000000 0.048875 -0.034803
v -0.000000 0.051962 -0.030000
v -0.000000 0.054578 -0.024925
v -0.000000 0.056700 -0.019624
v -0.000000 0.058309 -0.014146
v -0.000000 0.059389 -0.008539
v -0.000000 0.059932 -0.002855
v -0.000000 0.059932 0.002855
v -0.000000 0.059389 0.008539
v -0.000000 0.058309 0.014146
v -0.000000 0.056700 0.019624
v -0.000000 0.054578 0.024925
v -0.000000 0.051962 0.030000
v -0.000000 0.048875 0.034803
v -0.000000 0.045345 0.039292
v -0.000000 0.041405 0.043424
v -0.000000 0.037090 0.047163
v -0.000000 0.032438 0.050475
v -0.000000 0.027494 0.053330
v -0.000000 0.022300 0.055702
v -0.000000 0.016904 0.057570
v -0.000000 0.011355 0.058916
v -0.000000 0.005703 0.059728
v -0.000000 -0.000000 0.060000
v -0.000000 -0.005703 0.059728
v -0.000000 -0.011355 0.058916
v -0.000000 -0.016904 0.057570
v -0.000000 -0.022300 0.055702
v -0.000000 -0.027494 0.053330
v 0.000000 -0.032438 0.050475
v 0.000000 -0.037090 0.047163
v 0.000000 -0.041405 0.043424
v 0.000000 -0.045345 0.039292
v 0.000000 -0.048875 0.034803
v 0.000000 -0.051962 0.030000
v 0.000000 -0.054578 0.024925
v 0.000000 -0.056700 0.019624
v 0.000000 -0.058309 0.014146
v 0.000000 -0.059389 0.008539
v 0.000000 -0.059932 0.002855
v 0.000000 -0.059932 -0.002855
v 0.000000 -0.059389 -0.008539
v 0.000000 -0.058309 -0.014146
v 0.000000 -0.056700 -0.019624
v 0.000000 -0.054578 -0.024925
v 0.000000 -0.051962 -0.030000
v 0.000000 -0.048875 -0.034803
v 0.000000 -0.045345 -0.039292
v 0.000000 -0.041405 -0.043424
v 0.000000 -0.037090 -0.047163
v 0.000000 -0.032438 -0.050475
v 0.000000 -0.027494 -0.053330
v 0.000000 -0.022300 -0.055702
v 0.000000 -0.016904 -0.057570
v 0.000000 -0.011355 -0.058916
v 0.000000 -0.005703 -0.059728
v 0.006000 0.000000 -0.060000
v 0.006000 -0.005703 -0.059728
v 0.006000 -0.011355 -0.058916
v 0.006000 -0.016904 -0.057570
v 0.006000 -0.022300 -0.055702
v 0.006000 -0.027494 -0.053330
v 0.006000 -0.032438 -0.050475
v 0.006000 -0.037090 -0.047163
v 0.006000 -0.041405 -0.043424
v 0.006000 -0.045345 -0.039292
v 0.006000 -0.048875 -0.034803
v 0.006000 -0.051962 -0.030000
v 0.006000 -0.054578 -0.024925
v 0.006000 -0.056700 -0.019624
v 0.006000 -0.058309 -0.014146
v 0.006000 -0.059389 -0.008539
v 0.006000 -0.059932 -0.002855
v 0.006000 -0.059932 0.002855
v 0.006000 -0.059389 0.008539
v 0.006000 -0.058309 0.014146
v 0.006000 -0.056700 0.019624
v 0.006000 -0.054578 0.024925
v 0.006000 -0.051962 0.030000
v 0.006000 -0.048875 0.034803
v 0.006000 -0.045345 0.039292
v 0.006000 -0.041405 0.043424
v 0.006000 -0.037090 0.047163
v 0.006000 -0.032438 0.050475
v 0.006000 -0.027494 0.053330
v 0.006000 -0.022300 0.055702
v 0.006000 -0.016904 0.057570
v 0.006000 -0.011355 0.058916
v 0.006000 -0.005703 0.059728
v 0.006000 -0.000000 0.060000
v 0.006000 0.005703 0.059728
v 0.006000 0.011355 0.058916
v 0.006000 0.016904 0.057570
v 0.006000 0.022300 0.055702
v 0.006000 0.027494 0.053330
v 0.006000 0.032438 0.050475
v 0.006000 0.037090 0.047163
v 0.006000 0.041405 0.043424
v 0.006000 0.045345 0.039292
v 0.006000 0.048875 0.034803
v 0.006000 0.051962 0.030000
v 0.006000 0.054578 0.024925
v 0.006000 0.056700 0.019624
v 0.006000 0.058309 0.014146
v 0.006000 0.059389 0.008539
v 0.006000 0.059932 0.002855
v 0.006000 0.059932 -0.002855
v 0.006000 0.059389 -0.008539
v 0.006000 0.058309 -0.014146
v 0.006000 0.056700 -0.019624
v 0.006000 0.054578 -0.024925
v 0.006000 0.051962 -0.030000
v 0.006000 0.048875 -0.034803
v 0.006000 0.045345 -0.039292
v 0.006000 0.041405 -0.043424
v 0.006000 0.037090 -0.047163
v 0.006000 0.032438 -0.050475
v 0.006000 0.027494 -0.053330
v 0.006000 0.022300 -0.055702
v 0.006000 0.016904 -0.057570
v 0.006000 0.011355 -0.058916
v 0.006000 0.005703 -0.059728
vt -0.300000 -0.571199 0.000000
vt 0.300000 -0.571199 0.000000
vt -0.300000 -0.000000 0.000000
vt 0.300000 -0.000000 0.000000
vt -0.300000 0.571199 0.000000
vt 0.300000 0.571199 0.000000
vt -0.300000 1.142397 0.000000
vt 0.300000 1.142397 0.000000
vt -0.300000 1.713596 0.000000
vt 0.300000 1.713596 0.000000
vt -0.300000 2.284795 0.000000
vt 0.300000 2.284795 0.000000
vt -0.300000 2.855993 0.000000
vt 0.300000 2.855993 0.000000
vt -0.300000 3.427192 0.000000
vt 0.300000 3.427192 0.000000
vt -0.300000 3.998391 0.000000
vt 0.300000 3.998391 0.000000
vt -0.300000 4.569589 0.000000
vt 0.300000 4.569589 0.000000
vt -0.300000 5.140788 0.000000
vt 0.300000 5.140788 0.000000
vt -0.300000 5.711987 0.000000
vt 0.300000 5.711987 0.000000
vt -0.300000 6.283185 0.000000
vt 0.300000 6.283185 0.000000
vt -0.300000 6.854384 0.000000
vt 0.300000 6.854384 0.000000
vt -0.300000 7.425583 0.000000
vt 0.300000 7.425583 0.000000
vt -0.300000 7.996781 0.000000
vt 0.300000 7.996781 0.000000
vt -0.300000 8.567980 0.000000
vt 0.300000 8.567980 0.000000
vt -0.300000 9.139179 0.000000
vt 0.300000 9.139179 0.000000
vt -0.300000 9.710377 0.000000
vt 0.300000 9.710377 0.000000
vt -0.300000 10.281576 0.000000
vt 0.300000 10.281576 0.000000
vt -0.300000 10.852775 0.000000
vt 0.300000 10.852775 0.000000
vt -0.300000 11.423973 0.000000
vt 0.300000 11.423973 0.000000
vt -0.300000 11.995172 0.000000
vt 0.300000 11.995172 0.000000
vt -0.300000 12.566371 0.000000
vt 0.300000 12.566371 0.000000
vt -0.300000 13.137569 0.000000
vt 0.300000 13.137569 0.000000
vt -0.300000 13.708768 0.000000
vt 0.300000 13.708768 0.000000
vt -0.300000 14.279967 0.000000
vt 0.300000 14.279967 0.000000
vt -0.300000 14.851165 0.000000
vt 0.300000 14.851165 0.000000
vt -0.300000 15.422364 0.000000
vt 0.300000 15.422364 0.000000
vt -0.300000 15.993563 0.000000
vt 0.300000 15.993563 0.000000
vt -0.300000 16.564761 0.000000
vt 0.300000 16.564761 0.000000
vt -0.300000 17.135960 0.000000
vt 0.300000 17.135960 0.000000
vt -0.300000 17.707159 0.000000
vt 0.300000 17.707159 0.000000
vt -0.300000 18.278357 0.000000
vt 0.300000 18.278357 0.000000
vt -0.300000 18.849556 0.000000
vt 0.300000 18.849556 0.000000
vt -0.300000 -18.849556 0.000000
vt 0.300000 -18.849556 0.000000
vt -0.300000 -18.278357 0.000000
vt 0.300000 -18.278357 0.000000
vt -0.300000 -17.707159 0.000000
vt 0.300000 -17.707159 0.000000
vt -0.300000 -17.135960 0.000000
vt 0.300000 -17.135960 0.000000
vt -0.300000 -16.564761 0.000000
vt 0.300000 -16.564761 0.000000
vt -0.300000 -15.993563 0.000000
vt 0.300000 -15.993563 0.000000
vt -0.300000 -15.422364 0.000000
vt 0.300000 -15.422364 0.000000
vt -0.300000 -14.851165 0.000000
vt 0.300000 -14.851165 0.000000
vt -0.300000 -14.279967 0.000000
vt 0.300000 -14.279967 0.000000
vt -0.300000 -13.708768 0.000000
vt 0.300000 -13.708768 0.000000
vt -0.300000 -13.137569 0.000000
vt 0.300000 -13.137569 0.000000
vt -0.300000 -12.566371 0.000000
vt 0.300000 -12.566371 0.000000
vt -0.300000 -11.995172 0.000000
vt 0.300000 -11.995172 0.000000
vt -0.300000 -11.423973 0.000000
vt 0.300000 -11.423973 0.000000
vt -0.300000 -10.852775 0.000000
vt 0.300000 -10.852775 0.000000
vt -0.300000 -10.281576 0.000000
vt 0.300000 -10.281576 0.000000
vt -0.300000 -9.710377 0.000000
vt 0.300000 -9.710377 0.000000
vt -0.300000 -9.139179 0.000000
vt 0.300000 -9.139179 0.000000
vt -0.300000 -8.567980 0.000000
vt 0.300000 -8.567980 0.000000
vt -0.300000 -7.996781 0.000000
vt 0.300000 -7.996781 0.000000
vt -0.300000 -7.425583 0.000000
vt 0.300000 -7.425583 0.000000
vt -0.300000 -6.854384 0.000000
vt 0.300000 -6.854384 0.000000
vt -0.300000 -6.283185 0.000000
vt 0.300000 -6.283185 0.000000
vt -0.300000 -5.711987 0.000000
vt 0.300000 -5.711987 0.000000
vt -0.300000 -5.140788 0.000000
vt 0.300000 -5.140788 0.000000
vt -0.300000 -4.569589 0.000000
vt 0.300000 -4.569589 0.000000
vt -0.300000 -3.998391 0.000000
vt 0.300000 -3.998391 0.000000
vt -0.300000 -3.427192 0.000000
vt 0.300000 -3.427192 0.000000
vt -0.300000 -2.855993 0.000000
vt 0.300000 -2.855993 0.000000
vt -0.300000 -2.284795 0.000000
vt 0.300000 -2.284795 0.000000
vt -0.300000 -1.713596 0.000000
vt 0.300000 -1.713596 0.000000
vt -0.300000 -1.142397 0.000000
vt 0.300000 -1.142397 0.000000
vt 5.972832 0.570336 0.000000
vt -5.972832 0.570336 0.000000
vt 6.000000 -0.000000 0.000000
vt -6.000000 -0.000000 0.000000
vt 5.972832 -0.570336 0.000000
vt -5.972832 -0.570336 0.000000
vt 5.891572 -1.135507 0.000000
vt -5.891572 -1.135507 0.000000
vt 5.756958 -1.690395 0.000000
vt -5.756958 -1.690395 0.000000
vt 5.570208 -2.229975 0.000000
vt -5.570208 -2.229975 0.000000
vt 5.333013 -2.749359 0.000000
vt -5.333013 -2.749359 0.000000
vt 5.047521 -3.243845 0.000000
vt -5.047521 -3.243845 0.000000
vt 4.716319 -3.708954 0.000000
vt -4.716319 -3.708954 0.000000
vt 4.342404 -4.140474 0.000000
vt -4.342404 -4.140474 0.000000
vt 3.929164 -4.534497 0.000000
vt -3.929164 -4.534497 0.000000
vt 3.480341 -4.887456 0.000000
vt -3.480341 -4.887456 0.000000
vt 3.000000 -5.196152 0.000000
vt -3.000000 -5.196152 0.000000
vt 2.492490 -5.457792 0.000000
vt -2.492490 -5.457792 0.000000
vt 1.962408 -5.670005 0.000000
vt -1.962408 -5.670005 0.000000
vt 1.414554 -5.830869 0.000000
vt -1.414554 -5.830869 0.000000
vt 0.853889 -5.938929 0.000000
vt -0.853889 -5.938929 0.000000
vt 0.285491 -5.993204 0.000000
vt -0.285491 -5.993204 0.000000
vt -5.891572 1.135507 0.000000
vt 5.891572 1.135507 0.000000
vt -5.756958 1.690395 0.000000
vt 5.756958 1.690395 0.000000
vt -5.570208 2.229975 0.000000
vt 5.570208 2.229975 0.000000
vt -5.333013 2.749359 0.000000
vt 5.333013 2.749359 0.000000
vt -5.047521 3.243845 0.000000
vt 5.047521 3.243845 0.000000
vt -4.716319 3.708954 0.000000
vt 4.716319 3.708954 0.000000
vt -4.342404 4.140474 0.000000
vt 4.342404 4.140474 0.000000
vt -3.929164 4.534497 0.000000
vt 3.929164 4.534497 0.000000
vt -3.480341 4.887456 0.000000
vt 3.480341 4.887456 0.000000
vt -3.000000 5.196152 0.000000
vt 3.000000 5.196152 0.000000
vt -2.492490 5.457792 0.000000
vt 2.492490 5.457792 0.000000
vt -1.962408 5.670005 0.000000
vt 1.962408 5.670005 0.000000
vt -1.414554 5.830869 0.000000
vt 1.414554 5.830869 0.000000
vt -0.853889 5.938929 0.000000
vt 0.853889 5.938929 0.000000
vt -0.285491 5.993204 0.000000
vt 0.285491 5.993204 0.000000
vt -5.972832 -0.570336 0.000000
vt 5.972832 -0.570336 0.000000
vt -6.000000 -0.000000 0.000000
vt 6.000000 0.000000 0.000000
vt -5.972832 0.570336 0.000000
vt 5.972832 0.570336 0.000000
vt -5.891572 1.135507 0.000000
vt 5.891572 1.135507 0.000000
vt -5.756958 1.690395 0.000000
vt 5.756958 1.690395 0.000000
vt -5.570208 2.229975 0.000000
vt 5.570208 2.229975 0.000000
vt -5.333013 2.749359 0.000000
vt 5.333013 2.749359 0.000000
vt -5.047521 3.243845 0.000000
vt 5.047521 3.243845 0.000000
vt -4.716319 3.708954 0.000000
vt 4.716319 3.708954 0.000000
vt -4.342404 4.140474 0.000000
vt 4.342404 4.140474 0.000000
vt -3.929164 4.534497 0.000000
vt 3.929164 4.534497 0.000000
vt -3.480341 4.887456 0.000000
vt 3.480341 4.887456 0.000000
vt -3.000000 5.196152 0.000000
vt 3.000000 5.196152 0.000000
vt -2.492490 5.457792 0.000000
vt 2.492490 5.457792 0.000000
vt -1.962408 5.670005 0.000000
vt 1.962408 5.670005 0.000000
vt -1.414554 5.830869 0.000000
vt 1.414554 5.830869 0.000000
vt -0.853889 5.938929 0.000000
vt 0.853889 5.938929 0.000000
vt -0.285491 5.993204 0.000000
vt 0.285491 5.993204 0.000000
vt 5.891572 -1.135507 0.000000
vt -5.891572 -1.135507 0.000000
vt 5.756958 -1.690395 0.000000
vt -5.756958 -1.690395 0.000000
vt 5.570208 -2.229975 0.000000
vt -5.570208 -2.229975 0.000000
vt 5.333013 -2.749359 0.000000
vt -5.333013 -2.749359 0.000000
vt 5.047521 -3.243845 0.000000
vt -5.047521 -3.243845 0.000000
vt 4.716319 -3.708954 0.000000
vt -4.716319 -3.708954 0.000000
vt 4.342404 -4.140474 0.000000
vt -4.342404 -4.140474 0.000000
vt 3.929164 -4.534497 0.000000
vt -3.929164 -4.534497 0.000000
vt 3.480341 -4.887456 0.000000
vt -3.480341 -4.887456 0.000000
vt 3.000000 -5.196152 0.000000
vt -3.000000 -5.196152 0.000000
vt 2.492490 -5.457792 0.000000
vt -2.492490 -5.457792 0.000000
vt 1.962408 -5.670005 0.000000
vt -1.962408 -5.670005 0.000000
vt 1.414554 -5.830869 0.000000
vt -1.414554 -5.830869 0.000000
vt 0.853889 -5.938929 0.000000
vt -0.853889 -5.938929 0.000000
vt 0.285491 -5.993204 0.000000
vt -0.285491 -5.993204 0.000000
vn 0.000000 9.505604 -99.547192
vn 0.000000 9.505604 -99.547192
vn 0.000000 0.000000 -100.000000
vn 0.000000 0.000000 -100.000000
vn 0.000000 -9.505604 -99.547192
vn 0.000000 -9.505604 -99.547192
vn 0.000000 -18.925124 -98.192870
vn 0.000000 -18.925124 -98.192870
vn 0.000000 -28.173256 -95.949297
vn 0.000000 -28.173256 -95.949297
vn 0.000000 -37.166246 -92.836793
vn 0.000000 -37.166246 -92.836793
vn 0.000000 -45.822652 -88.883545
vn 0.000000 -45.822652 -88.883545
vn 0.000000 -54.064082 -84.125353
vn 0.000000 -54.064082 -84.125353
vn 0.000000 -61.815899 -78.605309
vn 0.000000 -61.815899 -78.605309
vn 0.000000 -69.007901 -72.373404
vn 0.000000 -69.007901 -72.373404
vn 0.000000 -75.574957 -65.486073
vn 0.000000 -75.574957 -65.486073
vn 0.000000 -81.457595 -58.005691
vn 0.000000 -81.457595 -58.005691
vn 0.000000 -86.602540 -50.000000
vn 0.000000 -86.602540 -50.000000
vn 0.000000 -90.963200 -41.541501
vn 0.000000 -90.963200 -41.541501
vn 0.000000 -94.500082 -32.706796
vn 0.000000 -94.500082 -32.706796
vn 0.000000 -97.181157 -23.575894
vn 0.000000 -97.181157 -23.575894
vn 0.000000 -98.982144 -14.231484
vn 0.000000 -98.982144 -14.231484
vn 0.000000 -99.886734 -4.758192
vn 0.000000 -99.886734 -4.758192
vn 0.000000 -99.886734 4.758192
vn 0.000000 -99.886734 4.758192
vn 0.000000 -98.982144 14.231484
vn 0.000000 -98.982144 14.231484
vn 0.000000 -97.181157 23.575894
vn 0.000000 -97.181157 23.575894
vn 0.000000 -94.500082 32.706796
vn 0.000000 -94.500082 32.706796
vn 0.000000 -90.963200 41.541501
vn 0.000000 -90.963200 41.541501
vn 0.000000 -86.602540 50.000000
vn 0.000000 -86.602540 50.000000
vn 0.000000 -81.457595 58.005691
vn 0.000000 -81.457595 58.005691
vn 0.000000 -75.574957 65.486073
vn 0.000000 -75.574957 65.486073
vn 0.000000 -69.007901 72.373404
vn 0.000000 -69.007901 72.373404
vn 0.000000 -61.815899 78.605309
vn 0.000000 -61.815899 78.605309
vn 0.000000 -54.064082 84.125353
vn 0.000000 -54.064082 84.125353
vn -0.000000 -45.822652 88.883545
vn -0.000000 -45.822652 88.883545
vn -0.000000 -37.166246 92.836793
vn -0.000000 -37.166246 92.836793
vn -0.000000 -28.173256 95.949297
vn -0.000000 -28.173256 95.949297
vn -0.000000 -18.925124 98.192870
vn -0.000000 -18.925124 98.192870
vn -0.000000 -9.505604 99.547192
vn -0.000000 -9.505604 99.547192
vn -0.000000 -0.000000 100.000000
vn -0.000000 -0.000000 100.000000
vn -0.000000 9.505604 99.547192
vn -0.000000 9.505604 99.547192
vn -0.000000 18.925124 98.192870
vn -0.000000 18.925124 98.192870
vn -0.000000 28.173256 95.949297
vn -0.000000 28.173256 95.949297
vn -0.000000 37.166246 92.836793
vn -0.000000 37.166246 92.836793
vn -0.000000 45.822652 88.883545
vn -0.000000 45.822652 88.883545
vn -0.000000 54.064082 84.125353
vn -0.000000 54.064082 84.125353
vn -0.000000 61.815899 78.605309
vn -0.000000 61.815899 78.605309
vn -0.000000 69.007901 72.373404
vn -0.000000 69.007901 72.373404
vn -0.000000 75.574957 65.486073
vn -0.000000 75.574957 65.486073
vn -0.000000 81.457595 58.005691
vn -0.000000 81.457595 58.005691
vn -0.000000 86.602540 50.000000
vn -0.000000 86.602540 50.000000
vn -0.000000 90.963200 41.541501
vn -0.000000 90.963200 41.541501
vn -0.000000 94.500082 32.706796
vn -0.000000 94.500082 32.706796
vn -0.000000 97.181157 23.575894
vn -0.000000 97.181157 23.575894
vn -0.000000 98.982144 14.231484
vn -0.000000 98.982144 14.231484
vn -0.000000 99.886734 4.758192
vn -0.000000 99.886734 4.758192
vn -0.000000 99.886734 -4.758192
vn -0.000000 99.886734 -4.758192
vn -0.000000 98.982144 -14.231484
vn -0.000000 98.982144 -14.231484
vn -0.000000 97.181157 -23.575894
vn -0.000000 97.181157 -23.575894
vn -0.000000 94.500082 -32.706796
vn -0.000000 94.500082 -32.706796
vn -0.000000 90.963200 -41.541501
vn -0.000000 90.963200 -41.541501
vn -0.000000 86.602540 -50.000000
vn -0.000000 86.602540 -50.000000
vn -0.000000 81.457595 -58.005691
vn -0.000000 81.457595 -58.005691
vn -0.000000 75.574957 -65.486073
vn -0.000000 75.574957 -65.486073
vn -0.000000 69.007901 -72.373404
vn -0.000000 69.007901 -72.373404
vn -0.000000 61.815899 -78.605309
vn -0.000000 61.815899 -78.605309
vn -0.000000 54.064082 -84.125353
vn -0.000000 54.064082 -84.125353
vn 0.000000 45.822652 -88.883545
vn 0.000000 45.822652 -88.883545
vn 0.000000 37.166246 -92.836793
vn 0.000000 37.166246 -92.836793
vn 0.000000 28.173256 -95.949297
vn 0.000000 28.173256 -95.949297
vn 0.000000 18.925124 -98.192870
vn 0.000000 18.925124 -98.192870
vn -100.000000 -0.000000 -0.000000
vn -100.000000 -0.000000 -0.000000
vn -100.000000 -0.000000 -0.000000
vn -100.000000 -0.000000 -0.000000
vn -100.000000 -0.000000 -0.000000
vn -100.000000 -0.000000 -0.000000
vn -100.000000 -0.000000 -0.000000
vn -100.000000 -0.000000 -0.000000
vn -100.000000 -0.000000 -0.000000
vn -100.000000 -0.000000 -0.000000
vn -100.000000 -0.000000 -0.000000
vn -100.000000 -0.000000 -0.000000
vn -100.000000 -0.000000 -0.000000
vn -100.000000 -0.000000 -0.000000
vn -100.000000 -0.000000 -0.000000
vn -100.000000 -0.000000 -0.000000
vn -100.000000 -0.000000 -0.000000
vn -100.000000 -0.000000 -0.000000
vn -100.000000 -0.000000 -0.000000
vn -100.000000 -0.000000 -0.000000
vn -100.000000 -0.000000 -0.000000
vn -100.000000 -0.000000 -0.000000
vn -100.000000 -0.000000 -0.000000
vn -100.000000 -0.000000 -0.000000
vn -100.000000 -0.000000 -0.000000
vn -100.000000 -0.000000 -0.000000
vn -100.000000 -0.000000 -0.000000
vn -100.000000 -0.000000 -0.000000
vn -100.000000 -0.000000 -0.000000
vn -100.000000 -0.000000 -0.000000
vn -100.000000 -0.000000 -0.000000
vn -100.000000 -0.000000 -0.000000
vn -100.000000 -0.000000 -0.000000
vn -100.000000 -0.000000 -0.000000
vn -100.000000 -0.000000 -0.000000
vn -100.000000 -0.000000 -0.000000
vn -100.000000 -0.000000 -0.000000
vn -100.000000 -0.000000 -0.000000
vn -100.000000 -0.000000 -0.000000
vn -100.000000 -0.000000 -0.000000
vn -100.000000 -0.000000 -0.000000
vn -100.000000 -0.000000 -0.000000
vn -100.000000 -0.000000 -0.000000
vn -100.000000 -0.000000 -0.000000
vn -100.000000 -0.000000 -0.000000
vn -100.000000 -0.000000 -0.000000
vn -100.000000 -0.000000 -0.000000
vn -100.000000 -0.000000 -0.000000
vn -100.000000 -0.000000 -0.000000
vn -100.000000 -0.000000 -0.000000
vn -100.000000 -0.000000 -0.000000
vn -100.000000 -0.000000 -0.000000
vn -100.000000 -0.000000 -0.000000
vn -100.000000 -0.000000 -0.000000
vn -100.000000 -0.000000 -0.000000
vn -100.000000 -0.000000 -0.000000
vn -100.000000 -0.000000 -0.000000
vn -100.000000 -0.000000 -0.000000
vn -100.000000 -0.000000 -0.000000
vn -100.000000 -0.000000 -0.000000
vn -100.000000 -0.000000 -0.000000
vn -100.000000 -0.000000 -0.000000
vn -100.000000 -0.000000 -0.000000
vn -100.000000 -0.000000 -0.000000
vn -100.000000 -0.000000 -0.000000
vn -100.000000 -0.000000 -0.000000
vn 100.000000 0.000000 0.000000
vn 100.000000 0.000000 0.000000
vn 100.000000 0.000000 0.000000
vn 100.000000 0.000000 0.000000
vn 100.000000 0.000000 0.000000
vn 100.000000 0.000000 0.000000
vn 100.000000 0.000000 0.000000
vn 100.000000 0.000000 0.000000
vn 100.000000 0.000000 0.000000
vn 100.000000 0.000000 0.000000
vn 100.000000 0.000000 0.000000
vn 100.000000 0.000000 0.000000
vn 100.000000 0.000000 0.000000
vn 100.000000 0.000000 0.000000
vn 100.000000 0.000000 0.000000
vn 100.000000 0.000000 0.000000
vn 100.000000 0.000000 0.000000
vn 100.000000 0.000000 0.000000
vn 100.000000 0.000000 0.000000
vn 100.000000 0.000000 0.000000
vn 100.000000 0.000000 0.000000
vn 100.000000 0.000000 0.000000
vn 100.000000 0.000000 0.000000
vn 100.000000 0.000000 0.000000
vn 100.000000 0.000000 0.000000
vn 100.000000 0.000000 0.000000
vn 100.000000 0.000000 0.000000
vn 100.000000 0.000000 0.000000
vn 100.000000 0.000000 0.000000
vn 100.000000 0.000000 0.000000
vn 100.000000 0.000000 0.000000
vn 100.000000 0.000000 0.000000
vn 100.000000 0.000000 0.000000
vn 100.000000 0.000000 0.000000
vn 100.000000 0.000000 0.000000
vn 100.000000 0.000000 0.000000
vn 100.000000 0.000000 0.000000
vn 100.000000 0.000000 0.000000
vn 100.000000 0.000000 0.000000
vn 100.000000 0.000000 0.000000
vn 100.000000 0.000000 0.000000
vn 100.000000 0.000000 0.000000
vn 100.000000 0.000000 0.000000
vn 100.000000 0.000000 0.000000
vn 100.000000 0.000000 0.000000
vn 100.000000 0.000000 0.000000
vn 100.000000 0.000000 0.000000
vn 100.000000 0.000000 0.000000
vn 100.000000 0.000000 0.000000
vn 100.000000 0.000000 0.000000
vn 100.000000 0.000000 0.000000
vn 100.000000 0.000000 0.000000
vn 100.000000 0.000000 0.000000
vn 100.000000 0.000000 0.000000
vn 100.000000 0.000000 0.000000
vn 100.000000 0.000000 0.000000
vn 100.000000 0.000000 0.000000
vn 100.000000 0.000000 0.000000
vn 100.000000 0.000000 0.000000
vn 100.000000 0.000000 0.000000
vn 100.000000 0.000000 0.000000
vn 100.000000 0.000000 0.000000
vn 100.000000 0.000000 0.000000
vn 100.000000 0.000000 0.000000
vn 100.000000 0.000000 0.000000
vn 100.000000 0.000000 0.000000
usemtl Steel_-_Satin
f 2/1/1 132/2/2 1/3/3
f 1/3/3 132/2/2 67/4/4
f 1/3/3 67/4/4 66/5/5
f 66/5/5 67/4/4 68/6/6
f 66/5/5 68/6/6 65/7/7
f 65/7/7 68/6/6 69/8/8
f 65/7/7 69/8/8 64/9/9
f 64/9/9 69/8/8 70/10/10
f 64/9/9 70/10/10 63/11/11
f 63/11/11 70/10/10 71/12/12
f 63/11/11 71/12/12 62/13/13
f 62/13/13 71/12/12 72/14/14
f 62/13/13 72/14/14 61/15/15
f 61/15/15 72/14/14 73/16/16
f 61/15/15 73/16/16 60/17/17
f 60/17/17 73/16/16 74/18/18
f 60/17/17 74/18/18 59/19/19
f 59/19/19 74/18/18 75/20/20
f 59/19/19 75/20/20 58/21/21
f 58/21/21 75/20/20 76/22/22
f 58/21/21 76/22/22 57/23/23
f 57/23/23 76/22/22 77/24/24
f 57/23/23 77/24/24 56/25/25
f 56/25/25 77/24/24 78/26/26
f 56/25/25 78/26/26 55/27/27
f 55/27/27 78/26/26 79/28/28
f 55/27/27 79/28/28 54/29/29
f 54/29/29 79/28/28 80/30/30
f 54/29/29 80/30/30 53/31/31
f 53/31/31 80/30/30 81/32/32
f 53/31/31 81/32/32 52/33/33
f 52/33/33 81/32/32 82/34/34
f 52/33/33 82/34/34 51/35/35
f 51/35/35 82/34/34 83/36/36
f 51/35/35 83/36/36 50/37/37
f 50/37/37 83/36/36 84/38/38
f 50/37/37 84/38/38 49/39/39
f 49/39/39 84/38/38 85/40/40
f 49/39/39 85/40/40 48/41/41
f 48/41/41 85/40/40 86/42/42
f 48/41/41 86/42/42 47/43/43
f 47/43/43 86/42/42 87/44/44
f 47/43/43 87/44/44 46/45/45
f 46/45/45 87/44/44 88/46/46
f 46/45/45 88/46/46 45/47/47
f 45/47/47 88/46/46 89/48/48
f 45/47/47 89/48/48 44/49/49
f 44/49/49 89/48/48 90/50/50
f 44/49/49 90/50/50 43/51/51
f 43/51/51 90/50/50 91/52/52
f 43/51/51 91/52/52 42/53/53
f 42/53/53 91/52/52 92/54/54
f 42/53/53 92/54/54 41/55/55
f 41/55/55 92/54/54 93/56/56
f 41/55/55 93/56/56 40/57/57
f 40/57/57 93/56/56 94/58/58
f 40/57/57 94/58/58 39/59/59
f 39/59/59 94/58/58 95/60/60
f 39/59/59 95/60/60 38/61/61
f 38/61/61 95/60/60 96/62/62
f 38/61/61 96/62/62 37/63/63
f 37/63/63 96/62/62 97/64/64
f 37/63/63 97/64/64 36/65/65
f 36/65/65 97/64/64 98/66/66
f 36/65/65 98/66/66 35/67/67
f 35/67/67 98/66/66 99/68/68
f 35/67/67 99/68/68 34/69/69
f 34/69/69 99/68/68 100/70/70
f 34/71/69 100/72/70 33/73/71
f 33/73/71 100/72/70 101/74/72
f 33/73/71 101/74/72 32/75/73
f 32/75/73 101/74/72 102/76/74
f 32/75/73 102/76/74 31/77/75
f 31/77/75 102/76/74 103/78/76
f 31/77/75 103/78/76 30/79/77
f 30/79/77 103/78/76 104/80/78
f 30/79/77 104/80/78 29/81/79
f 29/81/79 104/80/78 105/82/80
f 29/81/79 105/82/80 28/83/81
f 28/83/81 105/82/80 106/84/82
f 28/83/81 106/84/82 27/85/83
f 27/85/83 106/84/82 107/86/84
f 27/85/83 107/86/84 26/87/85
f 26/87/85 107/86/84 108/88/86
f 26/87/85 108/88/86 25/89/87
f 25/89/87 108/88/86 109/90/88
f 25/89/87 109/90/88 24/91/89
f 24/91/89 109/90/88 110/92/90
f 24/91/89 110/92/90 23/93/91
f 23/93/91 110/92/90 111/94/92
f 23/93/91 111/94/92 22/95/93
f 22/95/93 111/94/92 112/96/94
f 22/95/93 112/96/94 21/97/95
f 21/97/95 112/96/94 113/98/96
f 21/97/95 113/98/96 20/99/97
f 20/99/97 113/98/96 114/100/98
f 20/99/97 114/100/98 19/101/99
f 19/101/99 114/100/98 115/102/100
f 19/101/99 115/102/100 18/103/101
f 18/103/101 115/102/100 116/104/102
f 18/103/101 116/104/102 17/105/103
f 17/105/103 116/104/102 117/106/104
f 17/105/103 117/106/104 16/107/105
f 16/107/105 117/106/104 118/108/106
f 16/107/105 118/108/106 15/109/107
f 15/109/107 118/108/106 119/110/108
f 15/109/107 119/110/108 14/111/109
f 14/111/109 119/110/108 120/112/110
f 14/111/109 120/112/110 13/113/111
f 13/113/111 120/112/110 121/114/112
f 13/113/111 121/114/112 12/115/113
f 12/115/113 121/114/112 122/116/114
f 12/115/113 122/116/114 11/117/115
f 11/117/115 122/116/114 123/118/116
f 11/117/115 123/118/116 10/119/117
f 10/119/117 123/118/116 124/120/118
f 10/119/117 124/120/118 9/121/119
f 9/121/119 124/120/118 125/122/120
f 9/121/119 125/122/120 8/123/121
f 8/123/121 125/122/120 126/124/122
f 8/123/121 126/124/122 7/125/123
f 7/125/123 126/124/122 127/126/124
f 7/125/123 127/126/124 6/127/125
f 6/127/125 127/126/124 128/128/126
f 6/127/125 128/128/126 5/129/127
f 5/129/127 128/128/126 129/130/128
f 5/129/127 129/130/128 4/131/129
f 4/131/129 129/130/128 130/132/130
f 4/131/129 130/132/130 3/133/131
f 3/133/131 130/132/130 131/134/132
f 3/133/131 131/134/132 2/1/1
f 2/1/1 131/134/132 132/2/2
f 66/135/133 35/136/134 1/137/135
f 1/137/135 35/136/134 34/138/136
f 1/137/135 34/138/136 2/139/137
f 2/139/137 34/138/136 33/140/138
f 2/139/137 33/140/138 3/141/139
f 3/141/139 33/140/138 32/142/140
f 3/141/139 32/142/140 4/143/141
f 4/143/141 32/142/140 31/144/142
f 4/143/141 31/144/142 5/145/143
f 5/145/143 31/144/142 30/146/144
f 5/145/143 30/146/144 6/147/145
f 6/147/145 30/146/144 29/148/146
f 6/147/145 29/148/146 7/149/147
f 7/149/147 29/148/146 28/150/148
f 7/149/147 28/150/148 8/151/149
f 8/151/149 28/150/148 27/152/150
f 8/151/149 27/152/150 9/153/151
f 9/153/151 27/152/150 26/154/152
f 9/153/151 26/154/152 10/155/153
f 10/155/153 26/154/152 25/156/154
f 10/155/153 25/156/154 11/157/155
f 11/157/155 25/156/154 24/158/156
f 11/157/155 24/158/156 12/159/157
f 12/159/157 24/158/156 23/160/158
f 12/159/157 23/160/158 13/161/159
f 13/161/159 23/160/158 22/162/160
f 13/161/159 22/162/160 14/163/161
f 14/163/161 22/162/160 21/164/162
f 14/163/161 21/164/162 15/165/163
f 15/165/163 21/164/162 20/166/164
f 15/165/163 20/166/164 16/167/165
f 16/167/165 20/166/164 19/168/166
f 16/167/165 19/168/166 17/169/167
f 17/169/167 19/168/166 18/170/168
f 35/136/134 66/135/133 36/171/169
f 36/171/169 66/135/133 65/172/170
f 36/171/169 65/172/170 37/173/171
f 37/173/171 65/172/170 64/174/172
f 37/173/171 64/174/172 38/175/173
f 38/175/173 64/174/172 63/176/174
f 38/175/173 63/176/174 39/177/175
f 39/177/175 63/176/174 62/178/176
f 39/177/175 62/178/176 40/179/177
f 40/179/177 62/178/176 61/180/178
f 40/179/177 61/180/178 41/181/179
f 41/181/179 61/180/178 60/182/180
f 41/181/179 60/182/180 42/183/181
f 42/183/181 60/182/180 59/184/182
f 42/183/181 59/184/182 43/185/183
f 43/185/183 59/184/182 58/186/184
f 43/185/183 58/186/184 44/187/185
f 44/187/185 58/186/184 57/188/186
f 44/187/185 57/188/186 45/189/187
f 45/189/187 57/188/186 56/190/188
f 45/189/187 56/190/188 46/191/189
f 46/191/189 56/190/188 55/192/190
f 46/191/189 55/192/190 47/193/191
f 47/193/191 55/192/190 54/194/192
f 47/193/191 54/194/192 48/195/193
f 48/195/193 54/194/192 53/196/194
f 48/195/193 53/196/194 49/197/195
f 49/197/195 53/196/194 52/198/196
f 49/197/195 52/198/196 50/199/197
f 50/199/197 52/198/196 51/200/198
f 132/201/199 101/202/200 67/203/201
f 67/203/201 101/202/200 100/204/202
f 67/203/201 100/204/202 68/205/203
f 68/205/203 100/204/202 99/206/204
f 68/205/203 99/206/204 69/207/205
f 69/207/205 99/206/204 98/208/206
f 69/207/205 98/208/206 70/209/207
f 70/209/207 98/208/206 97/210/208
f 70/209/207 97/210/208 71/211/209
f 71/211/209 97/210/208 96/212/210
f 71/211/209 96/212/210 72/213/211
f 72/213/211 96/212/210 95/214/212
f 72/213/211 95/214/212 73/215/213
f 73/215/213 95/214/212 94/216/214
f 73/215/213 94/216/214 74/217/215
f 74/217/215 94/216/214 93/218/216
f 74/217/215 93/218/216 75/219/217
f 75/219/217 93/218/216 92/220/218
f 75/219/217 92/220/218 76/221/219
f 76/221/219 92/220/218 91/222/220
f 76/221/219 91/222/220 77/223/221
f 77/223/221 91/222/220 90/224/222
f 77/223/221 90/224/222 78/225/223
f 78/225/223 90/224/222 89/226/224
f 78/225/223 89/226/224 79/227/225
f 79/227/225 89/226/224 88/228/226
f 79/227/225 88/228/226 80/229/227
f 80/229/227 88/228/226 87/230/228
f 80/229/227 87/230/228 81/231/229
f 81/231/229 87/230/228 86/232/230
f 81/231/229 86/232/230 82/233/231
f 82/233/231 86/232/230 85/234/232
f 82/233/231 85/234/232 83/235/233
f 83/235/233 85/234/232 84/236/234
f 101/202/200 132/201/199 102/237/235
f 102/237/235 132/201/199 131/238/236
f 102/237/235 131/238/236 103/239/237
f 103/239/237 131/238/236 130/240/238
f 103/239/237 130/240/238 104/241/239
f 104/241/239 130/240/238 129/242/240
f 104/241/239 129/242/240 105/243/241
f 105/243/241 129/242/240 128/244/242
f 105/243/241 128/244/242 106/245/243
f 106/245/243 128/244/242 127/246/244
f 106/245/243 127/246/244 107/247/245
f 107/247/245 127/246/244 126/248/246
f 107/247/245 126/248/246 108/249/247
f 108/249/247 126/248/246 125/250/248
f 108/249/247 125/250/248 109/251/249
f 109/251/249 125/250/248 124/252/250
f 109/251/249 124/252/250 110/253/251
f 110/253/251 124/252/250 123/254/252
f 110/253/251 123/254/252 111/255/253
f 111/255/253 123/254/252 122/256/254
f 111/255/253 122/256/254 112/257/255
f 112/257/255 122/256/254 121/258/256
f 112/257/255 121/258/256 113/259/257
f 113/259/257 121/258/256 120/260/258
f 113/259/257 120/260/258 114/261/259
f 114/261/259 120/260/258 119/262/260
f 114/261/259 119/262/260 115/263/261
f 115/263/261 119/262/260 118/264/262
f 115/263/261 118/264/262 116/265/263
f 116/265/263 118/264/262 117/266/264
g Body2

v 0.043000 -0.001500 -0.054000
v 0.042250 -0.001299 -0.054000
v 0.041701 -0.000750 -0.054000
v 0.041500 -0.000000 -0.054000
v 0.041701 0.000750 -0.054000
v 0.042250 0.001299 -0.054000
v 0.043000 0.001500 -0.054000
v 0.043750 0.001299 -0.054000
v 0.044299 0.000750 -0.054000
v 0.044500 -0.000000 -0.054000
v 0.044299 -0.000750 -0.054000
v 0.043750 -0.001299 -0.054000
v 0.043000 -0.001500 -0.042000
v 0.043750 -0.001299 -0.042000
v 0.044299 -0.000750 -0.042000
v 0.044500 -0.000000 -0.042000
v 0.044299 0.000750 -0.042000
v 0.043750 0.001299 -0.042000
v 0.043000 0.001500 -0.042000
v 0.042250 0.001299 -0.042000
v 0.041701 0.000750 -0.042000
v 0.041500 -0.000000 -0.042000
v 0.041701 -0.000750 -0.042000
v 0.042250 -0.001299 -0.042000
v 0.039000 -0.000000 -0.048000
v 0.039270 0.001445 -0.048000
v 0.040044 0.002695 -0.048000
v 0.041217 0.003581 -0.048000
v 0.042631 0.003983 -0.048000
v 0.044095 0.003847 -0.048000
v 0.045411 0.003192 -0.048000
v 0.046401 0.002106 -0.048000
v 0.046932 0.000735 -0.048000
v 0.046932 -0.000735 -0.048000
v 0.046401 -0.002106 -0.048000
v 0.045411 -0.003192 -0.048000
v 0.044095 -0.003847 -0.048000
v 0.042631 -0.003983 -0.048000
v 0.041217 -0.003581 -0.048000
v 0.040044 -0.002695 -0.048000
v 0.039270 -0.001445 -0.048000
v 0.039000 -0.000000 -0.054000
v 0.039270 -0.001445 -0.054000
v 0.040044 -0.002695 -0.054000
v 0.041217 -0.003581 -0.054000
v 0.042631 -0.003983 -0.054000
v 0.044095 -0.003847 -0.054000
v 0.045411 -0.003192 -0.054000
v 0.046401 -0.002106 -0.054000
v 0.046932 -0.000735 -0.054000
v 0.046932 0.000735 -0.054000
v 0.046401 0.002106 -0.054000
v 0.045411 0.003192 -0.054000
v 0.044095 0.003847 -0.054000
v 0.042631 0.003983 -0.054000
v 0.041217 0.003581 -0.054000
v 0.040044 0.002695 -0.054000
v 0.039270 0.001445 -0.054000
v 0.095000 -0.015000 0.000000
v 0.095000 0.015000 0.000000
v 0.030000 0.015000 0.000000
v 0.030000 -0.015000 0.000000
v 0.095000 0.015000 -0.048000
v 0.095000 -0.015000 -0.048000
v 0.030000 -0.015000 -0.048000
v 0.030000 0.015000 -0.048000
vt 0.600000 0.078540 0.000000
vt -0.600000 0.078540 0.000000
vt 0.600000 -0.000000 0.000000
vt -0.600000 -0.000000 0.000000
vt 0.600000 -0.078540 0.000000
vt -0.600000 -0.078540 0.000000
vt 0.600000 -0.157080 0.000000
vt -0.600000 -0.157080 0.000000
vt 0.600000 -0.235619 0.000000
vt -0.600000 -0.235619 0.000000
vt 0.600000 -0.314159 0.000000
vt -0.600000 -0.314159 0.000000
vt 0.600000 -0.392699 0.000000
vt -0.600000 -0.392699 0.000000
vt 0.600000 -0.471239 0.000000
vt -0.600000 -0.471239 0.000000
vt 0.600000 0.471239 0.000000
vt -0.600000 0.471239 0.000000
vt 0.600000 0.392699 0.000000
vt -0.600000 0.392699 0.000000
vt 0.600000 0.314159 0.000000
vt -0.600000 0.314159 0.000000
vt 0.600000 0.235619 0.000000
vt -0.600000 0.235619 0.000000
vt 0.600000 0.157080 0.000000
vt -0.600000 0.157080 0.000000
vt 0.129904 0.075000 0.000000
vt -0.129904 0.075000 0.000000
vt 0.150000 -0.000000 0.000000
vt -0.150000 0.000000 0.000000
vt 0.129904 -0.075000 0.000000
vt -0.129904 -0.075000 0.000000
vt 0.075000 -0.129904 0.000000
vt -0.075000 -0.129904 0.000000
vt -0.000000 -0.150000 0.000000
vt -0.075000 0.129904 0.000000
vt 0.075000 0.129904 0.000000
vt 0.000000 0.150000 0.000000
vt -0.250000 -0.147840 0.000000
vt 0.350000 0.000000 0.000000
vt -0.250000 0.000000 0.000000
vt 0.350000 0.147840 0.000000
vt -0.250000 0.147840 0.000000
vt 0.350000 0.295679 0.000000
vt -0.250000 0.295679 0.000000
vt 0.350000 0.443519 0.000000
vt -0.250000 0.443519 0.000000
vt 0.350000 0.591359 0.000000
vt -0.250000 0.591359 0.000000
vt 0.350000 0.739198 0.000000
vt -0.250000 0.739198 0.000000
vt 0.350000 0.887038 0.000000
vt -0.250000 0.887038 0.000000
vt 0.350000 1.034878 0.000000
vt -0.250000 1.034878 0.000000
vt 0.350000 1.182717 0.000000
vt -0.250000 1.182717 0.000000
vt -0.250000 -1.330557 0.000000
vt 0.350000 -1.330557 0.000000
vt 0.350000 -1.182717 0.000000
vt -0.250000 -1.182717 0.000000
vt 0.350000 -1.034878 0.000000
vt -0.250000 -1.034878 0.000000
vt 0.350000 -0.887038 0.000000
vt -0.250000 -0.887038 0.000000
vt 0.350000 -0.739198 0.000000
vt -0.250000 -0.739198 0.000000
vt 0.350000 -0.591359 0.000000
vt -0.250000 -0.591359 0.000000
vt 0.350000 -0.443519 0.000000
vt -0.250000 -0.443519 0.000000
vt 0.350000 -0.295679 0.000000
vt -0.250000 -0.295679 0.000000
vt 0.350000 -0.147840 0.000000
vt 0.075000 0.129904 0.000000
vt 0.109465 0.384730 0.000000
vt 0.000000 0.150000 0.000000
vt -0.036907 0.398294 0.000000
vt -0.075000 0.129904 0.000000
vt -0.178295 0.358065 0.000000
vt -0.295604 0.269478 0.000000
vt 0.241054 0.319207 0.000000
vt 0.129904 0.075000 0.000000
vt 0.340087 0.210573 0.000000
vt 0.393189 0.073500 0.000000
vt 0.150000 -0.000000 0.000000
vt 0.393189 -0.073500 0.000000
vt 0.129904 -0.075000 0.000000
vt 0.340087 -0.210573 0.000000
vt 0.241054 -0.319207 0.000000
vt 0.075000 -0.129904 0.000000
vt 0.109465 -0.384730 0.000000
vt -0.000000 -0.150000 0.000000
vt -0.036907 -0.398294 0.000000
vt -0.075000 -0.129904 0.000000
vt -0.178295 -0.358065 0.000000
vt -0.295604 -0.269478 0.000000
vt -0.129904 -0.075000 0.000000
vt -0.372989 -0.144497 0.000000
vt -0.150000 0.000000 0.000000
vt -0.400000 0.000000 0.000000
vt -0.372989 0.144497 0.000000
vt -0.129904 0.075000 0.000000
vt -3.250000 -1.500000 0.000000
vt 3.250000 -1.500000 0.000000
vt -3.250000 1.500000 0.000000
vt 3.250000 1.500000 0.000000
vt -2.322989 0.144497 0.000000
vt -3.250000 1.500000 0.000000
vt -2.350000 0.000000 0.000000
vt -3.250000 -1.500000 0.000000
vt -2.322989 -0.144497 0.000000
vt -2.245604 -0.269478 0.000000
vt -2.128295 -0.358065 0.000000
vt -1.986907 -0.398294 0.000000
vt -1.840535 -0.384730 0.000000
vt 3.250000 -1.500000 0.000000
vt -1.708946 -0.319207 0.000000
vt -1.609913 -0.210573 0.000000
vt -1.556811 -0.073500 0.000000
vt -1.556811 0.073500 0.000000
vt 3.250000 1.500000 0.000000
vt -1.609913 0.210573 0.000000
vt -1.708946 0.319207 0.000000
vt -1.840535 0.384730 0.000000
vt -1.986907 0.398294 0.000000
vt -2.128295 0.358065 0.000000
vt -2.245604 0.269478 0.000000
vt -2.400000 -3.250000 0.000000
vt 2.400000 -3.250000 0.000000
vt -2.400000 3.250000 0.000000
vt 2.400000 3.250000 0.000000
vt 2.400000 1.500000 0.000000
vt -2.400000 1.500000 0.000000
vt 2.400000 -1.500000 0.000000
vt -2.400000 -1.500000 0.000000
vt 2.400000 3.250000 0.000000
vt -2.400000 3.250000 0.000000
vt 2.400000 -3.250000 0.000000
vt -2.400000 -3.250000 0.000000
vt -2.400000 -1.500000 0.000000
vt 2.400000 -1.500000 0.000000
vt -2.400000 1.500000 0.000000
vt 2.400000 1.500000 0.000000
vn 50.000000 86.602540 -0.000000
vn 50.000000 86.602540 -0.000000
vn -0.000000 100.000000 -0.000000
vn 0.000000 100.000000 -0.000000
vn -50.000000 86.602540 -0.000000
vn -50.000000 86.602540 -0.000000
vn -86.602540 50.000000 0.000000
vn -86.602540 50.000000 0.000000
vn -100.000000 0.000000 0.000000
vn -100.000000 0.000000 0.000000
vn -86.602540 -50.000000 0.000000
vn -86.602540 -50.000000 0.000000
vn -50.000000 -86.602540 0.000000
vn -50.000000 -86.602540 0.000000
vn -0.000000 -100.000000 0.000000
vn -0.000000 -100.000000 0.000000
vn 50.000000 -86.602540 0.000000
vn 50.000000 -86.602540 0.000000
vn 86.602540 -50.000000 -0.000000
vn 86.602540 -50.000000 -0.000000
vn 100.000000 -0.000000 -0.000000
vn 100.000000 -0.000000 -0.000000
vn 86.602540 50.000000 -0.000000
vn 86.602540 50.000000 -0.000000
vn -0.000000 -0.000000 -100.000000
vn -0.000000 -0.000000 -100.000000
vn -0.000000 -0.000000 -100.000000
vn -0.000000 -0.000000 -100.000000
vn -0.000000 -0.000000 -100.000000
vn -0.000000 -0.000000 -100.000000
vn -0.000000 -0.000000 -100.000000
vn -0.000000 -0.000000 -100.000000
vn -0.000000 -0.000000 -100.000000
vn -0.000000 -0.000000 -100.000000
vn -0.000000 -0.000000 -100.000000
vn -0.000000 -0.000000 -100.000000
vn -93.247223 36.124167 0.000000
vn -100.000000 0.000000 0.000000
vn -100.000000 -0.000000 0.000000
vn -93.247223 -36.124167 0.000000
vn -93.247223 -36.124167 0.000000
vn -73.900892 -67.369564 0.000000
vn -73.900892 -67.369564 0.000000
vn -44.573836 -89.516329 0.000000
vn -44.573836 -89.516329 0.000000
vn -9.226836 -99.573418 0.000000
vn -9.226836 -99.573418 0.000000
vn 27.366299 -96.182564 0.000000
vn 27.366299 -96.182564 0.000000
vn 60.263464 -79.801723 -0.000000
vn 60.263464 -79.801723 -0.000000
vn 85.021714 -52.643216 -0.000000
vn 85.021714 -52.643216 -0.000000
vn 98.297310 -18.374952 -0.000000
vn 98.297310 -18.374952 -0.000000
vn 98.297310 18.374952 -0.000000
vn 98.297310 18.374952 -0.000000
vn 85.021714 52.643216 -0.000000
vn 85.021714 52.643216 -0.000000
vn 60.263464 79.801723 -0.000000
vn 60.263464 79.801723 -0.000000
vn 27.366299 96.182564 -0.000000
vn 27.366299 96.182564 -0.000000
vn -9.226836 99.573418 -0.000000
vn -9.226836 99.573418 -0.000000
vn -44.573836 89.516329 -0.000000
vn -44.573836 89.516329 -0.000000
vn -73.900892 67.369564 0.000000
vn -73.900892 67.369564 0.000000
vn -93.247223 36.124167 0.000000
vn -0.000000 -0.000000 -100.000000
vn -0.000000 -0.000000 -100.000000
vn -0.000000 -0.000000 -100.000000
vn -0.000000 -0.000000 -100.000000
vn -0.000000 -0.000000 -100.000000
vn -0.000000 -0.000000 -100.000000
vn -0.000000 -0.000000 -100.000000
vn -0.000000 -0.000000 -100.000000
vn -0.000000 -0.000000 -100.000000
vn -0.000000 -0.000000 -100.000000
vn -0.000000 -0.000000 -100.000000
vn -0.000000 -0.000000 -100.000000
vn -0.000000 -0.000000 -100.000000
vn -0.000000 -0.000000 -100.000000
vn -0.000000 -0.000000 -100.000000
vn -0.000000 -0.000000 -100.000000
vn -0.000000 -0.000000 -100.000000
vn -0.000000 -0.000000 -100.000000
vn -0.000000 -0.000000 -100.000000
vn -0.000000 -0.000000 -100.000000
vn -0.000000 -0.000000 -100.000000
vn -0.000000 -0.000000 -100.000000
vn -0.000000 -0.000000 -100.000000
vn -0.000000 -0.000000 -100.000000
vn -0.000000 -0.000000 -100.000000
vn -0.000000 -0.000000 -100.000000
vn -0.000000 -0.000000 -100.000000
vn -0.000000 -0.000000 -100.000000
vn -0.000000 -0.000000 -100.000000
vn 0.000000 0.000000 100.000000
vn 0.000000 0.000000 100.000000
vn 0.000000 0.000000 100.000000
vn 0.000000 0.000000 100.000000
vn -0.000000 -0.000000 -100.000000
vn -0.000000 -0.000000 -100.000000
vn -0.000000 -0.000000 -100.000000
vn -0.000000 -0.000000 -100.000000
vn -0.000000 -0.000000 -100.000000
vn -0.000000 -0.000000 -100.000000
vn -0.000000 -0.000000 -100.000000
vn -0.000000 -0.000000 -100.000000
vn -0.000000 -0.000000 -100.000000
vn -0.000000 -0.000000 -100.000000
vn -0.000000 -0.000000 -100.000000
vn -0.000000 -0.000000 -100.000000
vn -0.000000 -0.000000 -100.000000
vn -0.000000 -0.000000 -100.000000
vn -0.000000 -0.000000 -100.000000
vn -0.000000 -0.000000 -100.000000
vn -0.000000 -0.000000 -100.000000
vn -0.000000 -0.000000 -100.000000
vn -0.000000 -0.000000 -100.000000
vn -0.000000 -0.000000 -100.000000
vn -0.000000 -0.000000 -100.000000
vn 0.000000 100.000000 -0.000000
vn 0.000000 100.000000 -0.000000
vn 0.000000 100.000000 -0.000000
vn 0.000000 100.000000 -0.000000
vn -100.000000 0.000000 0.000000
vn -100.000000 0.000000 0.000000
vn -100.000000 0.000000 0.000000
vn -100.000000 0.000000 0.000000
vn -0.000000 -100.000000 0.000000
vn -0.000000 -100.000000 0.000000
vn -0.000000 -100.000000 0.000000
vn -0.000000 -100.000000 0.000000
vn 100.000000 -0.000000 -0.000000
vn 100.000000 -0.000000 -0.000000
vn 100.000000 -0.000000 -0.000000
vn 100.000000 -0.000000 -0.000000
f 134/267/265 156/268/266 133/269/267
f 133/269/267 156/268/266 145/270/268
f 133/269/267 145/270/268 144/271/269
f 144/271/269 145/270/268 146/272/270
f 144/271/269 146/272/270 143/273/271
f 143/273/271 146/272/270 147/274/272
f 143/273/271 147/274/272 142/275/273
f 142/275/273 147/274/272 148/276/274
f 142/275/273 148/276/274 141/277/275
f 141/277/275 148/276/274 149/278/276
f 141/277/275 149/278/276 140/279/277
f 140/279/277 149/278/276 150/280/278
f 140/279/277 150/280/278 139/281/279
f 139/281/279 150/280/278 151/282/280
f 139/283/279 151/284/280 138/285/281
f 138/285/281 151/284/280 152/286/282
f 138/285/281 152/286/282 137/287/283
f 137/287/283 152/286/282 153/288/284
f 137/287/283 153/288/284 136/289/285
f 136/289/285 153/288/284 154/290/286
f 136/289/285 154/290/286 135/291/287
f 135/291/287 154/290/286 155/292/288
f 135/291/287 155/292/288 134/267/265
f 134/267/265 155/292/288 156/268/266
f 156/293/289 152/294/290 145/295/291
f 145/295/291 152/294/290 151/296/292
f 145/295/291 151/296/292 146/297/293
f 146/297/293 151/296/292 150/298/294
f 146/297/293 150/298/294 147/299/295
f 147/299/295 150/298/294 149/300/296
f 147/299/295 149/300/296 148/301/297
f 152/294/290 156/293/289 153/302/298
f 153/302/298 156/293/289 155/303/299
f 153/302/298 155/303/299 154/304/300
f 158/305/301 174/306/302 157/307/303
f 157/307/303 174/306/302 175/308/304
f 157/307/303 175/308/304 173/309/305
f 173/309/305 175/308/304 176/310/306
f 173/309/305 176/310/306 172/311/307
f 172/311/307 176/310/306 177/312/308
f 172/311/307 177/312/308 171/313/309
f 171/313/309 177/312/308 178/314/310
f 171/313/309 178/314/310 170/315/311
f 170/315/311 178/314/310 179/316/312
f 170/315/311 179/316/312 169/317/313
f 169/317/313 179/316/312 180/318/314
f 169/317/313 180/318/314 168/319/315
f 168/319/315 180/318/314 181/320/316
f 168/319/315 181/320/316 167/321/317
f 167/321/317 181/320/316 182/322/318
f 167/321/317 182/322/318 166/323/319
f 166/324/319 182/325/318 183/326/320
f 166/324/319 183/326/320 165/327/321
f 165/327/321 183/326/320 184/328/322
f 165/327/321 184/328/322 164/329/323
f 164/329/323 184/328/322 185/330/324
f 164/329/323 185/330/324 163/331/325
f 163/331/325 185/330/324 186/332/326
f 163/331/325 186/332/326 162/333/327
f 162/333/327 186/332/326 187/334/328
f 162/333/327 187/334/328 161/335/329
f 161/335/329 187/334/328 188/336/330
f 161/335/329 188/336/330 160/337/331
f 160/337/331 188/336/330 189/338/332
f 160/337/331 189/338/332 159/339/333
f 159/339/333 189/338/332 190/340/334
f 159/339/333 190/340/334 158/305/301
f 158/305/301 190/340/334 174/306/302
f 144/341/335 179/342/336 133/343/337
f 133/343/337 179/342/336 178/344/338
f 133/343/337 178/344/338 134/345/339
f 134/345/339 178/344/338 177/346/340
f 134/345/339 177/346/340 176/347/341
f 179/342/336 144/341/335 180/348/342
f 180/348/342 144/341/335 143/349/343
f 180/348/342 143/349/343 181/350/344
f 181/350/344 143/349/343 182/351/345
f 182/351/345 143/349/343 142/352/346
f 182/351/345 142/352/346 183/353/347
f 183/353/347 142/352/346 141/354/348
f 183/353/347 141/354/348 184/355/349
f 184/355/349 141/354/348 185/356/350
f 185/356/350 141/354/348 140/357/351
f 185/356/350 140/357/351 186/358/352
f 186/358/352 140/357/351 139/359/353
f 186/358/352 139/359/353 187/360/354
f 187/360/354 139/359/353 138/361/355
f 187/360/354 138/361/355 188/362/356
f 188/362/356 138/361/355 189/363/357
f 189/363/357 138/361/355 137/364/358
f 189/363/357 137/364/358 190/365/359
f 190/365/359 137/364/358 136/366/360
f 190/365/359 136/366/360 174/367/361
f 174/367/361 136/366/360 175/368/362
f 175/368/362 136/366/360 135/369/363
f 175/368/362 135/369/363 176/347/341
f 176/347/341 135/369/363 134/345/339
f 192/370/364 193/371/365 191/372/366
f 191/372/366 193/371/365 194/373/367
f 173/374/368 197/375/369 157/376/370
f 157/376/370 197/375/369 198/377/371
f 157/376/370 198/377/371 158/378/372
f 158/378/372 198/377/371 159/379/373
f 159/379/373 198/377/371 160/380/374
f 160/380/374 198/377/371 161/381/375
f 161/381/375 198/377/371 162/382/376
f 162/382/376 198/377/371 195/383/377
f 162/382/376 195/383/377 163/384/378
f 163/384/378 195/383/377 164/385/379
f 164/385/379 195/383/377 165/386/380
f 165/386/380 195/383/377 166/387/381
f 166/387/381 195/383/377 196/388/382
f 166/387/381 196/388/382 167/389/383
f 167/389/383 196/388/382 168/390/384
f 168/390/384 196/388/382 169/391/385
f 169/391/385 196/388/382 197/375/369
f 169/391/385 197/375/369 170/392/386
f 170/392/386 197/375/369 171/393/387
f 171/393/387 197/375/369 172/394/388
f 172/394/388 197/375/369 173/374/368
f 198/395/389 193/396/390 195/397/391
f 195/397/391 193/396/390 192/398/392
f 197/399/393 194/400/394 198/401/395
f 198/401/395 194/400/394 193/402/396
f 196/403/397 191/404/398 197/405/399
f 197/405/399 191/404/398 194/406/400
f 195/407/401 192/408/402 196/409/403
f 196/409/403 192/408/402 191/410/404
g Body3

v 0.043000 -0.001500 0.054000
v 0.043750 -0.001299 0.054000
v 0.044299 -0.000750 0.054000
v 0.044500 -0.000000 0.054000
v 0.044299 0.000750 0.054000
v 0.043750 0.001299 0.054000
v 0.043000 0.001500 0.054000
v 0.042250 0.001299 0.054000
v 0.041701 0.000750 0.054000
v 0.041500 -0.000000 0.054000
v 0.041701 -0.000750 0.054000
v 0.042250 -0.001299 0.054000
v 0.043000 -0.001500 0.042000
v 0.042250 -0.001299 0.042000
v 0.041701 -0.000750 0.042000
v 0.041500 -0.000000 0.042000
v 0.041701 0.000750 0.042000
v 0.042250 0.001299 0.042000
v 0.043000 0.001500 0.042000
v 0.043750 0.001299 0.042000
v 0.044299 0.000750 0.042000
v 0.044500 -0.000000 0.042000
v 0.044299 -0.000750 0.042000
v 0.043750 -0.001299 0.042000
v 0.039000 -0.000000 0.048000
v 0.039270 -0.001445 0.048000
v 0.040044 -0.002695 0.048000
v 0.041217 -0.003581 0.048000
v 0.042631 -0.003983 0.048000
v 0.044095 -0.003847 0.048000
v 0.045411 -0.003192 0.048000
v 0.046401 -0.002106 0.048000
v 0.046932 -0.000735 0.048000
v 0.046932 0.000735 0.048000
v 0.046401 0.002106 0.048000
v 0.045411 0.003192 0.048000
v 0.044095 0.003847 0.048000
v 0.042631 0.003983 0.048000
v 0.041217 0.003581 0.048000
v 0.040044 0.002695 0.048000
v 0.039270 0.001445 0.048000
v 0.039000 -0.000000 0.054000
v 0.039270 0.001445 0.054000
v 0.040044 0.002695 0.054000
v 0.041217 0.003581 0.054000
v 0.042631 0.003983 0.054000
v 0.044095 0.003847 0.054000
v 0.045411 0.003192 0.054000
v 0.046401 0.002106 0.054000
v 0.046932 0.000735 0.054000
v 0.046932 -0.000735 0.054000
v 0.046401 -0.002106 0.054000
v 0.045411 -0.003192 0.054000
v 0.044095 -0.003847 0.054000
v 0.042631 -0.003983 0.054000
v 0.041217 -0.003581 0.054000
v 0.040044 -0.002695 0.054000
v 0.039270 -0.001445 0.054000
v 0.095000 0.015000 0.000000
v 0.095000 -0.015000 0.000000
v 0.030000 -0.015000 0.000000
v 0.030000 0.015000 0.000000
v 0.095000 -0.015000 0.048000
v 0.095000 0.015000 0.048000
v 0.030000 0.015000 0.048000
v 0.030000 -0.015000 0.048000
vt -0.600000 -0.078540 0.000000
vt 0.600000 -0.078540 0.000000
vt -0.600000 -0.000000 0.000000
vt 0.600000 -0.000000 0.000000
vt -0.600000 0.078540 0.000000
vt 0.600000 0.078540 0.000000
vt -0.600000 0.157080 0.000000
vt 0.600000 0.157080 0.000000
vt -0.600000 0.235619 0.000000
vt 0.600000 0.235619 0.000000
vt -0.600000 0.314159 0.000000
vt 0.600000 0.314159 0.000000
vt -0.600000 0.392699 0.000000
vt 0.600000 0.392699 0.000000
vt -0.600000 0.471239 0.000000
vt 0.600000 0.471239 0.000000
vt -0.600000 -0.471239 0.000000
vt 0.600000 -0.471239 0.000000
vt -0.600000 -0.392699 0.000000
vt 0.600000 -0.392699 0.000000
vt -0.600000 -0.314159 0.000000
vt 0.600000 -0.314159 0.000000
vt -0.600000 -0.235619 0.000000
vt 0.600000 -0.235619 0.000000
vt -0.600000 -0.157080 0.000000
vt 0.600000 -0.157080 0.000000
vt -0.129904 -0.075000 0.000000
vt 0.129904 -0.075000 0.000000
vt -0.150000 -0.000000 0.000000
vt 0.150000 0.000000 0.000000
vt -0.129904 0.075000 0.000000
vt 0.129904 0.075000 0.000000
vt -0.075000 0.129904 0.000000
vt 0.075000 0.129904 0.000000
vt -0.000000 0.150000 0.000000
vt 0.075000 -0.129904 0.000000
vt -0.075000 -0.129904 0.000000
vt 0.000000 -0.150000 0.000000
vt 0.250000 0.147840 0.000000
vt -0.350000 0.000000 0.000000
vt 0.250000 0.000000 0.000000
vt -0.350000 -0.147840 0.000000
vt 0.250000 -0.147840 0.000000
vt -0.350000 -0.295679 0.000000
vt 0.250000 -0.295679 0.000000
vt -0.350000 -0.443519 0.000000
vt 0.250000 -0.443519 0.000000
vt -0.350000 -0.591359 0.000000
vt 0.250000 -0.591359 0.000000
vt -0.350000 -0.739198 0.000000
vt 0.250000 -0.739198 0.000000
vt -0.350000 -0.887038 0.000000
vt 0.250000 -0.887038 0.000000
vt -0.350000 -1.034878 0.000000
vt 0.250000 -1.034878 0.000000
vt -0.350000 -1.182717 0.000000
vt 0.250000 -1.182717 0.000000
vt 0.250000 1.330557 0.000000
vt -0.350000 1.330557 0.000000
vt -0.350000 1.182717 0.000000
vt 0.250000 1.182717 0.000000
vt -0.350000 1.034878 0.000000
vt 0.250000 1.034878 0.000000
vt -0.350000 0.887038 0.000000
vt 0.250000 0.887038 0.000000
vt -0.350000 0.739198 0.000000
vt 0.250000 0.739198 0.000000
vt -0.350000 0.591359 0.000000
vt 0.250000 0.591359 0.000000
vt -0.350000 0.443519 0.000000
vt 0.250000 0.443519 0.000000
vt -0.350000 0.295679 0.000000
vt 0.250000 0.295679 0.000000
vt -0.350000 0.147840 0.000000
vt 0.075000 0.129904 0.000000
vt 0.036907 0.398294 0.000000
vt -0.000000 0.150000 0.000000
vt -0.109465 0.384730 0.000000
vt -0.075000 0.129904 0.000000
vt -0.241054 0.319207 0.000000
vt -0.129904 0.075000 0.000000
vt -0.340087 0.210573 0.000000
vt -0.393189 0.073500 0.000000
vt 0.129904 0.075000 0.000000
vt 0.295604 0.269478 0.000000
vt 0.178295 0.358065 0.000000
vt 0.372989 0.144497 0.000000
vt 0.150000 0.000000 0.000000
vt 0.400000 0.000000 0.000000
vt 0.372989 -0.144497 0.000000
vt 0.129904 -0.075000 0.000000
vt 0.295604 -0.269478 0.000000
vt 0.075000 -0.129904 0.000000
vt 0.178295 -0.358065 0.000000
vt 0.036907 -0.398294 0.000000
vt 0.000000 -0.150000 0.000000
vt -0.109465 -0.384730 0.000000
vt -0.075000 -0.129904 0.000000
vt -0.241054 -0.319207 0.000000
vt -0.129904 -0.075000 0.000000
vt -0.340087 -0.210573 0.000000
vt -0.393189 -0.073500 0.000000
vt -0.150000 -0.000000 0.000000
vt 3.250000 1.500000 0.000000
vt -3.250000 1.500000 0.000000
vt 3.250000 -1.500000 0.000000
vt -3.250000 -1.500000 0.000000
vt 2.322989 -0.144497 0.000000
vt 3.250000 -1.500000 0.000000
vt 2.350000 0.000000 0.000000
vt 3.250000 1.500000 0.000000
vt 2.322989 0.144497 0.000000
vt 2.245604 0.269478 0.000000
vt 2.128295 0.358065 0.000000
vt 1.986907 0.398294 0.000000
vt 1.840535 0.384730 0.000000
vt -3.250000 1.500000 0.000000
vt 1.708946 0.319207 0.000000
vt 1.609913 0.210573 0.000000
vt 1.556811 0.073500 0.000000
vt -3.250000 -1.500000 0.000000
vt 1.556811 -0.073500 0.000000
vt 1.609913 -0.210573 0.000000
vt 1.708946 -0.319207 0.000000
vt 1.840535 -0.384730 0.000000
vt 1.986907 -0.398294 0.000000
vt 2.128295 -0.358065 0.000000
vt 2.245604 -0.269478 0.000000
vt -2.400000 -3.250000 0.000000
vt 2.400000 -3.250000 0.000000
vt -2.400000 3.250000 0.000000
vt 2.400000 3.250000 0.000000
vt 2.400000 1.500000 0.000000
vt -2.400000 1.500000 0.000000
vt 2.400000 -1.500000 0.000000
vt -2.400000 -1.500000 0.000000
vt 2.400000 3.250000 0.000000
vt -2.400000 3.250000 0.000000
vt 2.400000 -3.250000 0.000000
vt -2.400000 -3.250000 0.000000
vt -2.400000 -1.500000 0.000000
vt 2.400000 -1.500000 0.000000
vt -2.400000 1.500000 0.000000
vt 2.400000 1.500000 0.000000
vn -50.000000 86.602540 -0.000000
vn -50.000000 86.602540 -0.000000
vn 0.000000 100.000000 -0.000000
vn -0.000000 100.000000 -0.000000
vn 50.000000 86.602540 -0.000000
vn 50.000000 86.602540 -0.000000
vn 86.602540 50.000000 -0.000000
vn 86.602540 50.000000 -0.000000
vn 100.000000 -0.000000 -0.000000
vn 100.000000 -0.000000 -0.000000
vn 86.602540 -50.000000 -0.000000
vn 86.602540 -50.000000 -0.000000
vn 50.000000 -86.602540 0.000000
vn 50.000000 -86.602540 0.000000
vn -0.000000 -100.000000 0.000000
vn -0.000000 -100.000000 0.000000
vn -50.000000 -86.602540 0.000000
vn -50.000000 -86.602540 0.000000
vn -86.602540 -50.000000 0.000000
vn -86.602540 -50.000000 0.000000
vn -100.000000 0.000000 0.000000
vn -100.000000 0.000000 0.000000
vn -86.602540 50.000000 0.000000
vn -86.602540 50.000000 0.000000
vn 0.000000 0.000000 100.000000
vn 0.000000 0.000000 100.000000
vn 0.000000 0.000000 100.000000
vn 0.000000 0.000000 100.000000
vn 0.000000 0.000000 100.000000
vn 0.000000 0.000000 100.000000
vn 0.000000 0.000000 100.000000
vn 0.000000 0.000000 100.000000
vn 0.000000 0.000000 100.000000
vn 0.000000 0.000000 100.000000
vn 0.000000 0.000000 100.000000
vn 0.000000 0.000000 100.000000
vn -93.247223 -36.124167 0.000000
vn -100.000000 -0.000000 0.000000
vn -100.000000 0.000000 0.000000
vn -93.247223 36.124167 0.000000
vn -93.247223 36.124167 0.000000
vn -73.900892 67.369564 0.000000
vn -73.900892 67.369564 0.000000
vn -44.573836 89.516329 -0.000000
vn -44.573836 89.516329 -0.000000
vn -9.226836 99.573418 -0.000000
vn -9.226836 99.573418 -0.000000
vn 27.366299 96.182564 -0.000000
vn 27.366299 96.182564 -0.000000
vn 60.263464 79.801723 -0.000000
vn 60.263464 79.801723 -0.000000
vn 85.021714 52.643216 -0.000000
vn 85.021714 52.643216 -0.000000
vn 98.297310 18.374952 -0.000000
vn 98.297310 18.374952 -0.000000
vn 98.297310 -18.374952 -0.000000
vn 98.297310 -18.374952 -0.000000
vn 85.021714 -52.643216 -0.000000
vn 85.021714 -52.643216 -0.000000
vn 60.263464 -79.801723 -0.000000
vn 60.263464 -79.801723 -0.000000
vn 27.366299 -96.182564 0.000000
vn 27.366299 -96.182564 0.000000
vn -9.226836 -99.573418 0.000000
vn -9.226836 -99.573418 0.000000
vn -44.573836 -89.516329 0.000000
vn -44.573836 -89.516329 0.000000
vn -73.900892 -67.369564 0.000000
vn -73.900892 -67.369564 0.000000
vn -93.247223 -36.124167 0.000000
vn 0.000000 0.000000 100.000000
vn 0.000000 0.000000 100.000000
vn 0.000000 0.000000 100.000000
vn 0.000000 0.000000 100.000000
vn 0.000000 0.000000 100.000000
vn 0.000000 0.000000 100.000000
vn 0.000000 0.000000 100.000000
vn 0.000000 0.000000 100.000000
vn 0.000000 0.000000 100.000000
vn 0.000000 0.000000 100.000000
vn 0.000000 0.000000 100.000000
vn 0.000000 0.000000 100.000000
vn 0.000000 0.000000 100.000000
vn 0.000000 0.000000 100.000000
vn 0.000000 0.000000 100.000000
vn 0.000000 0.000000 100.000000
vn 0.000000 0.000000 100.000000
vn 0.000000 0.000000 100.000000
vn 0.000000 0.000000 100.000000
vn 0.000000 0.000000 100.000000
vn 0.000000 0.000000 100.000000
vn 0.000000 0.000000 100.000000
vn 0.000000 0.000000 100.000000
vn 0.000000 0.000000 100.000000
vn 0.000000 0.000000 100.000000
vn 0.000000 0.000000 100.000000
vn 0.000000 0.000000 100.000000
vn 0.000000 0.000000 100.000000
vn 0.000000 0.000000 100.000000
vn -0.000000 -0.000000 -100.000000
vn -0.000000 -0.000000 -100.000000
vn -0.000000 -0.000000 -100.000000
vn -0.000000 -0.000000 -100.000000
vn 0.000000 0.000000 100.000000
vn 0.000000 0.000000 100.000000
vn 0.000000 0.000000 100.000000
vn 0.000000 0.000000 100.000000
vn 0.000000 0.000000 100.000000
vn 0.000000 0.000000 100.000000
vn 0.000000 0.000000 100.000000
vn 0.000000 0.000000 100.000000
vn 0.000000 0.000000 100.000000
vn 0.000000 0.000000 100.000000
vn 0.000000 0.000000 100.000000
vn 0.000000 0.000000 100.000000
vn 0.000000 0.000000 100.000000
vn 0.000000 0.000000 100.000000
vn 0.000000 0.000000 100.000000
vn 0.000000 0.000000 100.000000
vn 0.000000 0.000000 100.000000
vn 0.000000 0.000000 100.000000
vn 0.000000 0.000000 100.000000
vn 0.000000 0.000000 100.000000
vn 0.000000 0.000000 100.000000
vn 0.000000 100.000000 -0.000000
vn 0.000000 100.000000 -0.000000
vn 0.000000 100.000000 -0.000000
vn 0.000000 100.000000 -0.000000
vn -100.000000 0.000000 0.000000
vn -100.000000 0.000000 0.000000
vn -100.000000 0.000000 0.000000
vn -100.000000 0.000000 0.000000
vn -0.000000 -100.000000 0.000000
vn -0.000000 -100.000000 0.000000
vn -0.000000 -100.000000 0.000000
vn -0.000000 -100.000000 0.000000
vn 100.000000 -0.000000 -0.000000
vn 100.000000 -0.000000 -0.000000
vn 100.000000 -0.000000 -0.000000
vn 100.000000 -0.000000 -0.000000
f 200/411/405 222/412/406 199/413/407
f 199/413/407 222/412/406 211/414/408
f 199/413/407 211/414/408 210/415/409
f 210/415/409 211/414/408 212/416/410
f 210/415/409 212/416/410 209/417/411
f 209/417/411 212/416/410 213/418/412
f 209/417/411 213/418/412 208/419/413
f 208/419/413 213/418/412 214/420/414
f 208/419/413 214/420/414 207/421/415
f 207/421/415 214/420/414 215/422/416
f 207/421/415 215/422/416 206/423/417
f 206/423/417 215/422/416 216/424/418
f 206/423/417 216/424/418 205/425/419
f 205/425/419 216/424/418 217/426/420
f 205/427/419 217/428/420 204/429/421
f 204/429/421 217/428/420 218/430/422
f 204/429/421 218/430/422 203/431/423
f 203/431/423 218/430/422 219/432/424
f 203/431/423 219/432/424 202/433/425
f 202/433/425 219/432/424 220/434/426
f 202/433/425 220/434/426 201/435/427
f 201/435/427 220/434/426 221/436/428
f 201/435/427 221/436/428 200/411/405
f 200/411/405 221/436/428 222/412/406
f 222/437/429 218/438/430 211/439/431
f 211/439/431 218/438/430 217/440/432
f 211/439/431 217/440/432 212/441/433
f 212/441/433 217/440/432 216/442/434
f 212/441/433 216/442/434 213/443/435
f 213/443/435 216/442/434 215/444/436
f 213/443/435 215/444/436 214/445/437
f 218/438/430 222/437/429 219/446/438
f 219/446/438 222/437/429 221/447/439
f 219/446/438 221/447/439 220/448/440
f 224/449/441 240/450/442 223/451/443
f 223/451/443 240/450/442 241/452/444
f 223/451/443 241/452/444 239/453/445
f 239/453/445 241/452/444 242/454/446
f 239/453/445 242/454/446 238/455/447
f 238/455/447 242/454/446 243/456/448
f 238/455/447 243/456/448 237/457/449
f 237/457/449 243/456/448 244/458/450
f 237/457/449 244/458/450 236/459/451
f 236/459/451 244/458/450 245/460/452
f 236/459/451 245/460/452 235/461/453
f 235/461/453 245/460/452 246/462/454
f 235/461/453 246/462/454 234/463/455
f 234/463/455 246/462/454 247/464/456
f 234/463/455 247/464/456 233/465/457
f 233/465/457 247/464/456 248/466/458
f 233/465/457 248/466/458 232/467/459
f 232/468/459 248/469/458 249/470/460
f 232/468/459 249/470/460 231/471/461
f 231/471/461 249/470/460 250/472/462
f 231/471/461 250/472/462 230/473/463
f 230/473/463 250/472/462 251/474/464
f 230/473/463 251/474/464 229/475/465
f 229/475/465 251/474/464 252/476/466
f 229/475/465 252/476/466 228/477/467
f 228/477/467 252/476/466 253/478/468
f 228/477/467 253/478/468 227/479/469
f 227/479/469 253/478/468 254/480/470
f 227/479/469 254/480/470 226/481/471
f 226/481/471 254/480/470 255/482/472
f 226/481/471 255/482/472 225/483/473
f 225/483/473 255/482/472 256/484/474
f 225/483/473 256/484/474 224/449/441
f 224/449/441 256/484/474 240/450/442
f 210/485/475 253/486/476 199/487/477
f 199/487/477 253/486/476 252/488/478
f 199/487/477 252/488/478 200/489/479
f 200/489/479 252/488/478 251/490/480
f 200/489/479 251/490/480 201/491/481
f 201/491/481 251/490/480 250/492/482
f 201/491/481 250/492/482 249/493/483
f 209/494/484 255/495/485 210/485/475
f 210/485/475 255/495/485 254/496/486
f 210/485/475 254/496/486 253/486/476
f 255/495/485 209/494/484 256/497/487
f 256/497/487 209/494/484 208/498/488
f 256/497/487 208/498/488 240/499/489
f 240/499/489 208/498/488 241/500/490
f 241/500/490 208/498/488 207/501/491
f 241/500/490 207/501/491 242/502/492
f 242/502/492 207/501/491 206/503/493
f 242/502/492 206/503/493 243/504/494
f 243/504/494 206/503/493 244/505/495
f 244/505/495 206/503/493 205/506/496
f 244/505/495 205/506/496 245/507/497
f 245/507/497 205/506/496 204/508/498
f 245/507/497 204/508/498 246/509/499
f 246/509/499 204/508/498 203/510/500
f 246/509/499 203/510/500 247/511/501
f 247/511/501 203/510/500 248/512/502
f 248/512/502 203/510/500 202/513/503
f 248/512/502 202/513/503 249/493/483
f 249/493/483 202/513/503 201/491/481
f 258/514/504 259/515/505 257/516/506
f 257/516/506 259/515/505 260/517/507
f 239/518/508 263/519/509 223/520/510
f 223/520/510 263/519/509 264/521/511
f 223/520/510 264/521/511 224/522/512
f 224/522/512 264/521/511 225/523/513
f 225/523/513 264/521/511 226/524/514
f 226/524/514 264/521/511 227/525/515
f 227/525/515 264/521/511 228/526/516
f 228/526/516 264/521/511 261/527/517
f 228/526/516 261/527/517 229/528/518
f 229/528/518 261/527/517 230/529/519
f 230/529/519 261/527/517 231/530/520
f 231/530/520 261/527/517 262/531/521
f 231/530/520 262/531/521 232/532/522
f 232/532/522 262/531/521 233/533/523
f 233/533/523 262/531/521 234/534/524
f 234/534/524 262/531/521 235/535/525
f 235/535/525 262/531/521 263/519/509
f 235/535/525 263/519/509 236/536/526
f 236/536/526 263/519/509 237/537/527
f 237/537/527 263/519/509 238/538/528
f 238/538/528 263/519/509 239/518/508
f 260/539/529 263/540/530 257/541/531
f 257/541/531 263/540/530 262/542/532
f 259/543/533 264/544/534 260/545/535
f 260/545/535 264/544/534 263/546/536
f 258/547/537 261/548/538 259/549/539
f 259/549/539 261/548/538 264/550/540
f 257/551/541 262/552/542 258/553/543
f 258/553/543 262/552/542 261/554/544
g Body4

v 0.006000 0.000000 -0.060000
v 0.006000 0.005703 -0.059728
v 0.006000 0.011355 -0.058916
v 0.006000 0.016904 -0.057570
v 0.006000 0.022300 -0.055702
v 0.006000 0.027494 -0.053330
v 0.006000 0.032438 -0.050475
v 0.006000 0.037090 -0.047163
v 0.006000 0.041405 -0.043424
v 0.006000 0.045345 -0.039292
v 0.006000 0.048875 -0.034803
v 0.006000 0.051962 -0.030000
v 0.006000 0.054578 -0.024925
v 0.006000 0.056700 -0.019624
v 0.006000 0.058309 -0.014146
v 0.006000 0.059389 -0.008539
v 0.006000 0.059932 -0.002855
v 0.006000 0.059932 0.002855
v 0.006000 0.059389 0.008539
v 0.006000 0.058309 0.014146
v 0.006000 0.056700 0.019624
v 0.006000 0.054578 0.024925
v 0.006000 0.051962 0.030000
v 0.006000 0.048875 0.034803
v 0.006000 0.045345 0.039292
v 0.006000 0.041405 0.043424
v 0.006000 0.037090 0.047163
v 0.006000 0.032438 0.050475
v 0.006000 0.027494 0.053330
v 0.006000 0.022300 0.055702
v 0.006000 0.016904 0.057570
v 0.006000 0.011355 0.058916
v 0.006000 0.005703 0.059728
v 0.006000 -0.000000 0.060000
v 0.006000 -0.005703 0.059728
v 0.006000 -0.011355 0.058916
v 0.006000 -0.016904 0.057570
v 0.006000 -0.022300 0.055702
v 0.006000 -0.027494 0.053330
v 0.006000 -0.032438 0.050475
v 0.006000 -0.037090 0.047163
v 0.006000 -0.041405 0.043424
v 0.006000 -0.045345 0.039292
v 0.006000 -0.048875 0.034803
v 0.006000 -0.051962 0.030000
v 0.006000 -0.054578 0.024925
v 0.006000 -0.056700 0.019624
v 0.006000 -0.058309 0.014146
v 0.006000 -0.059389 0.008539
v 0.006000 -0.059932 0.002855
v 0.006000 -0.059932 -0.002855
v 0.006000 -0.059389 -0.008539
v 0.006000 -0.058309 -0.014146
v 0.006000 -0.056700 -0.019624
v 0.006000 -0.054578 -0.024925
v 0.006000 -0.051962 -0.030000
v 0.006000 -0.048875 -0.034803
v 0.006000 -0.045345 -0.039292
v 0.006000 -0.041405 -0.043424
v 0.006000 -0.037090 -0.047163
v 0.006000 -0.032438 -0.050475
v 0.006000 -0.027494 -0.053330
v 0.006000 -0.022300 -0.055702
v 0.006000 -0.016904 -0.057570
v 0.006000 -0.011355 -0.058916
v 0.006000 -0.005703 -0.059728
v 0.101000 0.000000 -0.060000
v 0.101000 -0.005703 -0.059728
v 0.101000 -0.011355 -0.058916
v 0.101000 -0.016904 -0.057570
v 0.101000 -0.022300 -0.055702
v 0.101000 -0.027494 -0.053330
v 0.101000 -0.032438 -0.050475
v 0.101000 -0.037090 -0.047163
v 0.101000 -0.041405 -0.043424
v 0.101000 -0.045345 -0.039292
v 0.101000 -0.048875 -0.034803
v 0.101000 -0.051962 -0.030000
v 0.101000 -0.054578 -0.024925
v 0.101000 -0.056700 -0.019624
v 0.101000 -0.058309 -0.014146
v 0.101000 -0.059389 -0.008539
v 0.101000 -0.059932 -0.002855
v 0.101000 -0.059932 0.002855
v 0.101000 -0.059389 0.008539
v 0.101000 -0.058309 0.014146
v 0.101000 -0.056700 0.019624
v 0.101000 -0.054578 0.024925
v 0.101000 -0.051962 0.030000
v 0.101000 -0.048875 0.034803
v 0.101000 -0.045345 0.039292
v 0.101000 -0.041405 0.043424
v 0.101000 -0.037090 0.047163
v 0.101000 -0.032438 0.050475
v 0.101000 -0.027494 0.053330
v 0.101000 -0.022300 0.055702
v 0.101000 -0.016904 0.057570
v 0.101000 -0.011355 0.058916
v 0.101000 -0.005703 0.059728
v 0.101000 0.000000 0.060000
v 0.101000 0.005703 0.059728
v 0.101000 0.011355 0.058916
v 0.101000 0.016904 0.057570
v 0.101000 0.022300 0.055702
v 0.101000 0.027494 0.053330
v 0.101000 0.032438 0.050475
v 0.101000 0.037090 0.047163
v 0.101000 0.041405 0.043424
v 0.101000 0.045345 0.039292
v 0.101000 0.048875 0.034803
v 0.101000 0.051962 0.030000
v 0.101000 0.054578 0.024925
v 0.101000 0.056700 0.019624
v 0.101000 0.058309 0.014146
v 0.101000 0.059389 0.008539
v 0.101000 0.059932 0.002855
v 0.101000 0.059932 -0.002855
v 0.101000 0.059389 -0.008539
v 0.101000 0.058309 -0.014146
v 0.101000 0.056700 -0.019624
v 0.101000 0.054578 -0.024925
v 0.101000 0.051962 -0.030000
v 0.101000 0.048875 -0.034803
v 0.101000 0.045345 -0.039292
v 0.101000 0.041405 -0.043424
v 0.101000 0.037090 -0.047163
v 0.101000 0.032438 -0.050475
v 0.101000 0.027494 -0.053330
v 0.101000 0.022300 -0.055702
v 0.101000 0.016904 -0.057570
v 0.101000 0.011355 -0.058916
v 0.101000 0.005703 -0.059728
vt -5.500000 -0.571199 0.000000
vt 4.000000 -0.571199 0.000000
vt -5.500000 0.000000 0.000000
vt 4.000000 -0.000000 0.000000
vt -5.500000 0.571199 0.000000
vt 4.000000 0.571199 0.000000
vt -5.500000 1.142397 0.000000
vt 4.000000 1.142397 0.000000
vt -5.500000 1.713596 0.000000
vt 4.000000 1.713596 0.000000
vt -5.500000 2.284795 0.000000
vt 4.000000 2.284795 0.000000
vt -5.500000 2.855993 0.000000
vt 4.000000 2.855993 0.000000
vt -5.500000 3.427192 0.000000
vt 4.000000 3.427192 0.000000
vt -5.500000 3.998391 0.000000
vt 4.000000 3.998391 0.000000
vt -5.500000 4.569589 0.000000
vt 4.000000 4.569589 0.000000
vt -5.500000 5.140788 0.000000
vt 4.000000 5.140788 0.000000
vt -5.500000 5.711987 0.000000
vt 4.000000 5.711987 0.000000
vt -5.500000 6.283185 0.000000
vt 4.000000 6.283185 0.000000
vt -5.500000 6.854384 0.000000
vt 4.000000 6.854384 0.000000
vt -5.500000 7.425583 0.000000
vt 4.000000 7.425583 0.000000
vt -5.500000 7.996781 0.000000
vt 4.000000 7.996781 0.000000
vt -5.500000 8.567980 0.000000
vt 4.000000 8.567980 0.000000
vt -5.500000 9.139179 0.000000
vt 4.000000 9.139179 0.000000
vt -5.500000 9.710377 0.000000
vt 4.000000 9.710377 0.000000
vt -5.500000 10.281576 0.000000
vt 4.000000 10.281576 0.000000
vt -5.500000 10.852775 0.000000
vt 4.000000 10.852775 0.000000
vt -5.500000 11.423973 0.000000
vt 4.000000 11.423973 0.000000
vt -5.500000 11.995172 0.000000
vt 4.000000 11.995172 0.000000
vt -5.500000 12.566371 0.000000
vt 4.000000 12.566371 0.000000
vt -5.500000 13.137569 0.000000
vt 4.000000 13.137569 0.000000
vt -5.500000 13.708768 0.000000
vt 4.000000 13.708768 0.000000
vt -5.500000 14.279967 0.000000
vt 4.000000 14.279967 0.000000
vt -5.500000 14.851165 0.000000
vt 4.000000 14.851165 0.000000
vt -5.500000 15.422364 0.000000
vt 4.000000 15.422364 0.000000
vt -5.500000 15.993563 0.000000
vt 4.000000 15.993563 0.000000
vt -5.500000 16.564761 0.000000
vt 4.000000 16.564761 0.000000
vt -5.500000 17.135960 0.000000
vt 4.000000 17.135960 0.000000
vt -5.500000 17.707159 0.000000
vt 4.000000 17.707159 0.000000
vt -5.500000 18.278357 0.000000
vt 4.000000 18.278357 0.000000
vt -5.500000 18.849556 0.000000
vt 4.000000 18.849556 0.000000
vt -5.500000 -18.849556 0.000000
vt 4.000000 -18.849556 0.000000
vt -5.500000 -18.278357 0.000000
vt 4.000000 -18.278357 0.000000
vt -5.500000 -17.707159 0.000000
vt 4.000000 -17.707159 0.000000
vt -5.500000 -17.135960 0.000000
vt 4.000000 -17.135960 0.000000
vt -5.500000 -16.564761 0.000000
vt 4.000000 -16.564761 0.000000
vt -5.500000 -15.993563 0.000000
vt 4.000000 -15.993563 0.000000
vt -5.500000 -15.422364 0.000000
vt 4.000000 -15.422364 0.000000
vt -5.500000 -14.851165 0.000000
vt 4.000000 -14.851165 0.000000
vt -5.500000 -14.279967 0.000000
vt 4.000000 -14.279967 0.000000
vt -5.500000 -13.708768 0.000000
vt 4.000000 -13.708768 0.000000
vt -5.500000 -13.137569 0.000000
vt 4.000000 -13.137569 0.000000
vt -5.500000 -12.566371 0.000000
vt 4.000000 -12.566371 0.000000
vt -5.500000 -11.995172 0.000000
vt 4.000000 -11.995172 0.000000
vt -5.500000 -11.423973 0.000000
vt 4.000000 -11.423973 0.000000
vt -5.500000 -10.852775 0.000000
vt 4.000000 -10.852775 0.000000
vt -5.500000 -10.281576 0.000000
vt 4.000000 -10.281576 0.000000
vt -5.500000 -9.710377 0.000000
vt 4.000000 -9.710377 0.000000
vt -5.500000 -9.139179 0.000000
vt 4.000000 -9.139179 0.000000
vt -5.500000 -8.567980 0.000000
vt 4.000000 -8.567980 0.000000
vt -5.500000 -7.996781 0.000000
vt 4.000000 -7.996781 0.000000
vt -5.500000 -7.425583 0.000000
vt 4.000000 -7.425583 0.000000
vt -5.500000 -6.854384 0.000000
vt 4.000000 -6.854384 0.000000
vt -5.500000 -6.283185 0.000000
vt 4.000000 -6.283185 0.000000
vt -5.500000 -5.711987 0.000000
vt 4.000000 -5.711987 0.000000
vt -5.500000 -5.140788 0.000000
vt 4.000000 -5.140788 0.000000
vt -5.500000 -4.569589 0.000000
vt 4.000000 -4.569589 0.000000
vt -5.500000 -3.998391 0.000000
vt 4.000000 -3.998391 0.000000
vt -5.500000 -3.427192 0.000000
vt 4.000000 -3.427192 0.000000
vt -5.500000 -2.855993 0.000000
vt 4.000000 -2.855993 0.000000
vt -5.500000 -2.284795 0.000000
vt 4.000000 -2.284795 0.000000
vt -5.500000 -1.713596 0.000000
vt 4.000000 -1.713596 0.000000
vt -5.500000 -1.142397 0.000000
vt 4.000000 -1.142397 0.000000
vt 5.972832 0.570336 0.000000
vt -5.972832 0.570336 0.000000
vt 6.000000 -0.000000 0.000000
vt -6.000000 -0.000000 0.000000
vt 5.972832 -0.570336 0.000000
vt -5.972832 -0.570336 0.000000
vt 5.891572 -1.135507 0.000000
vt -5.891572 -1.135507 0.000000
vt 5.756958 -1.690395 0.000000
vt -5.756958 -1.690395 0.000000
vt 5.570208 -2.229975 0.000000
vt -5.570208 -2.229975 0.000000
vt 5.333013 -2.749359 0.000000
vt -5.333013 -2.749359 0.000000
vt 5.047521 -3.243845 0.000000
vt -5.047521 -3.243845 0.000000
vt 4.716319 -3.708954 0.000000
vt -4.716319 -3.708954 0.000000
vt 4.342404 -4.140474 0.000000
vt -4.342404 -4.140474 0.000000
vt 3.929164 -4.534497 0.000000
vt -3.929164 -4.534497 0.000000
vt 3.480341 -4.887456 0.000000
vt -3.480341 -4.887456 0.000000
vt 3.000000 -5.196152 0.000000
vt -3.000000 -5.196152 0.000000
vt 2.492490 -5.457792 0.000000
vt -2.492490 -5.457792 0.000000
vt 1.962408 -5.670005 0.000000
vt -1.962408 -5.670005 0.000000
vt 1.414554 -5.830869 0.000000
vt -1.414554 -5.830869 0.000000
vt 0.853889 -5.938929 0.000000
vt -0.853889 -5.938929 0.000000
vt 0.285491 -5.993204 0.000000
vt -0.285491 -5.993204 0.000000
vt -5.891572 1.135507 0.000000
vt 5.891572 1.135507 0.000000
vt -5.756958 1.690395 0.000000
vt 5.756958 1.690395 0.000000
vt -5.570208 2.229975 0.000000
vt 5.570208 2.229975 0.000000
vt -5.333013 2.749359 0.000000
vt 5.333013 2.749359 0.000000
vt -5.047521 3.243845 0.000000
vt 5.047521 3.243845 0.000000
vt -4.716319 3.708954 0.000000
vt 4.716319 3.708954 0.000000
vt -4.342404 4.140474 0.000000
vt 4.342404 4.140474 0.000000
vt -3.929164 4.534497 0.000000
vt 3.929164 4.534497 0.000000
vt -3.480341 4.887456 0.000000
vt 3.480341 4.887456 0.000000
vt -3.000000 5.196152 0.000000
vt 3.000000 5.196152 0.000000
vt -2.492490 5.457792 0.000000
vt 2.492490 5.457792 0.000000
vt -1.962408 5.670005 0.000000
vt 1.962408 5.670005 0.000000
vt -1.414554 5.830869 0.000000
vt 1.414554 5.830869 0.000000
vt -0.853889 5.938929 0.000000
vt 0.853889 5.938929 0.000000
vt -0.285491 5.993204 0.000000
vt 0.285491 5.993204 0.000000
vt -5.972832 -0.570336 0.000000
vt 5.972832 -0.570336 0.000000
vt -6.000000 -0.000000 0.000000
vt 6.000000 0.000000 0.000000
vt -5.972832 0.570336 0.000000
vt 5.972832 0.570336 0.000000
vt -5.891572 1.135507 0.000000
vt 5.891572 1.135507 0.000000
vt -5.756958 1.690395 0.000000
vt 5.756958 1.690395 0.000000
vt -5.570208 2.229975 0.000000
vt 5.570208 2.229975 0.000000
vt -5.333013 2.749359 0.000000
vt 5.333013 2.749359 0.000000
vt -5.047521 3.243845 0.000000
vt 5.047521 3.243845 0.000000
vt -4.716319 3.708954 0.000000
vt 4.716319 3.708954 0.000000
vt -4.342404 4.140474 0.000000
vt 4.342404 4.140474 0.000000
vt -3.929164 4.534497 0.000000
vt 3.929164 4.534497 0.000000
vt -3.480341 4.887456 0.000000
vt 3.480341 4.887456 0.000000
vt -3.000000 5.196152 0.000000
vt 3.000000 5.196152 0.000000
vt -2.492490 5.457792 0.000000
vt 2.492490 5.457792 0.000000
vt -1.962408 5.670005 0.000000
vt 1.962408 5.670005 0.000000
vt -1.414554 5.830869 0.000000
vt 1.414554 5.830869 0.000000
vt -0.853889 5.938929 0.000000
vt 0.853889 5.938929 0.000000
vt -0.285491 5.993204 0.000000
vt 0.285491 5.993204 0.000000
vt 5.891572 -1.135507 0.000000
vt -5.891572 -1.135507 0.000000
vt 5.756958 -1.690395 0.000000
vt -5.756958 -1.690395 0.000000
vt 5.570208 -2.229975 0.000000
vt -5.570208 -2.229975 0.000000
vt 5.333013 -2.749359 0.000000
vt -5.333013 -2.749359 0.000000
vt 5.047521 -3.243845 0.000000
vt -5.047521 -3.243845 0.000000
vt 4.716319 -3.708954 0.000000
vt -4.716319 -3.708954 0.000000
vt 4.342404 -4.140474 0.000000
vt -4.342404 -4.140474 0.000000
vt 3.929164 -4.534497 0.000000
vt -3.929164 -4.534497 0.000000
vt 3.480341 -4.887456 0.000000
vt -3.480341 -4.887456 0.000000
vt 3.000000 -5.196152 0.000000
vt -3.000000 -5.196152 0.000000
vt 2.492490 -5.457792 0.000000
vt -2.492490 -5.457792 0.000000
vt 1.962408 -5.670005 0.000000
vt -1.962408 -5.670005 0.000000
vt 1.414554 -5.830869 0.000000
vt -1.414554 -5.830869 0.000000
vt 0.853889 -5.938929 0.000000
vt -0.853889 -5.938929 0.000000
vt 0.285491 -5.993204 0.000000
vt -0.285491 -5.993204 0.000000
vn 0.000000 9.505604 -99.547192
vn 0.000000 9.505604 -99.547192
vn 0.000000 0.000000 -100.000000
vn 0.000000 0.000000 -100.000000
vn 0.000000 -9.505604 -99.547192
vn 0.000000 -9.505604 -99.547192
vn 0.000000 -18.925124 -98.192870
vn 0.000000 -18.925124 -98.192870
vn 0.000000 -28.173256 -95.949297
vn 0.000000 -28.173256 -95.949297
vn 0.000000 -37.166246 -92.836793
vn 0.000000 -37.166246 -92.836793
vn 0.000000 -45.822652 -88.883545
vn 0.000000 -45.822652 -88.883545
vn 0.000000 -54.064082 -84.125353
vn 0.000000 -54.064082 -84.125353
vn 0.000000 -61.815899 -78.605309
vn 0.000000 -61.815899 -78.605309
vn 0.000000 -69.007901 -72.373404
vn 0.000000 -69.007901 -72.373404
vn 0.000000 -75.574957 -65.486073
vn 0.000000 -75.574957 -65.486073
vn 0.000000 -81.457595 -58.005691
vn 0.000000 -81.457595 -58.005691
vn 0.000000 -86.602540 -50.000000
vn 0.000000 -86.602540 -50.000000
vn 0.000000 -90.963200 -41.541501
vn 0.000000 -90.963200 -41.541501
vn 0.000000 -94.500082 -32.706796
vn 0.000000 -94.500082 -32.706796
vn 0.000000 -97.181157 -23.575894
vn 0.000000 -97.181157 -23.575894
vn 0.000000 -98.982144 -14.231484
vn 0.000000 -98.982144 -14.231484
vn 0.000000 -99.886734 -4.758192
vn 0.000000 -99.886734 -4.758192
vn 0.000000 -99.886734 4.758192
vn 0.000000 -99.886734 4.758192
vn 0.000000 -98.982144 14.231484
vn 0.000000 -98.982144 14.231484
vn 0.000000 -97.181157 23.575894
vn 0.000000 -97.181157 23.575894
vn 0.000000 -94.500082 32.706796
vn 0.000000 -94.500082 32.706796
vn 0.000000 -90.963200 41.541501
vn 0.000000 -90.963200 41.541501
vn 0.000000 -86.602540 50.000000
vn 0.000000 -86.602540 50.000000
vn 0.000000 -81.457595 58.005691
vn 0.000000 -81.457595 58.005691
vn 0.000000 -75.574957 65.486073
vn 0.000000 -75.574957 65.486073
vn 0.000000 -69.007901 72.373404
vn 0.000000 -69.007901 72.373404
vn 0.000000 -61.815899 78.605309
vn 0.000000 -61.815899 78.605309
vn 0.000000 -54.064082 84.125353
vn 0.000000 -54.064082 84.125353
vn -0.000000 -45.822652 88.883545
vn -0.000000 -45.822652 88.883545
vn -0.000000 -37.166246 92.836793
vn -0.000000 -37.166246 92.836793
vn -0.000000 -28.173256 95.949297
vn -0.000000 -28.173256 95.949297
vn -0.000000 -18.925124 98.192870
vn -0.000000 -18.925124 98.192870
vn -0.000000 -9.505604 99.547192
vn -0.000000 -9.505604 99.547192
vn -0.000000 -0.000000 100.000000
vn -0.000000 -0.000000 100.000000
vn -0.000000 9.505604 99.547192
vn -0.000000 9.505604 99.547192
vn -0.000000 18.925124 98.192870
vn -0.000000 18.925124 98.192870
vn -0.000000 28.173256 95.949297
vn -0.000000 28.173256 95.949297
vn -0.000000 37.166246 92.836793
vn -0.000000 37.166246 92.836793
vn -0.000000 45.822652 88.883545
vn -0.000000 45.822652 88.883545
vn -0.000000 54.064082 84.125353
vn -0.000000 54.064082 84.125353
vn -0.000000 61.815899 78.605309
vn -0.000000 61.815899 78.605309
vn -0.000000 69.007901 72.373404
vn -0.000000 69.007901 72.373404
vn -0.000000 75.574957 65.486073
vn -0.000000 75.574957 65.486073
vn -0.000000 81.457595 58.005691
vn -0.000000 81.457595 58.005691
vn -0.000000 86.602540 50.000000
vn -0.000000 86.602540 50.000000
vn -0.000000 90.963200 41.541501
vn -0.000000 90.963200 41.541501
vn -0.000000 94.500082 32.706796
vn -0.000000 94.500082 32.706796
vn -0.000000 97.181157 23.575894
vn -0.000000 97.181157 23.575894
vn -0.000000 98.982144 14.231484
vn -0.000000 98.982144 14.231484
vn -0.000000 99.886734 4.758192
vn -0.000000 99.886734 4.758192
vn -0.000000 99.886734 -4.758192
vn -0.000000 99.886734 -4.758192
vn -0.000000 98.982144 -14.231484
vn -0.000000 98.982144 -14.231484
vn -0.000000 97.181157 -23.575894
vn -0.000000 97.181157 -23.575894
vn -0.000000 94.500082 -32.706796
vn -0.000000 94.500082 -32.706796
vn -0.000000 90.963200 -41.541501
vn -0.000000 90.963200 -41.541501
vn -0.000000 86.602540 -50.000000
vn -0.000000 86.602540 -50.000000
vn -0.000000 81.457595 -58.005691
vn -0.000000 81.457595 -58.005691
vn -0.000000 75.574957 -65.486073
vn -0.000000 75.574957 -65.486073
vn -0.000000 69.007901 -72.373404
vn -0.000000 69.007901 -72.373404
vn -0.000000 61.815899 -78.605309
vn -0.000000 61.815899 -78.605309
vn -0.000000 54.064082 -84.125353
vn -0.000000 54.064082 -84.125353
vn 0.000000 45.822652 -88.883545
vn 0.000000 45.822652 -88.883545
vn 0.000000 37.166246 -92.836793
vn 0.000000 37.166246 -92.836793
vn 0.000000 28.173256 -95.949297
vn 0.000000 28.173256 -95.949297
vn 0.000000 18.925124 -98.192870
vn 0.000000 18.925124 -98.192870
vn -100.000000 -0.000000 -0.000000
vn -100.000000 -0.000000 -0.000000
vn -100.000000 -0.000000 -0.000000
vn -100.000000 -0.000000 -0.000000
vn -100.000000 -0.000000 -0.000000
vn -100.000000 -0.000000 -0.000000
vn -100.000000 -0.000000 -0.000000
vn -100.000000 -0.000000 -0.000000
vn -100.000000 -0.000000 -0.000000
vn -100.000000 -0.000000 -0.000000
vn -100.000000 -0.000000 -0.000000
vn -100.000000 -0.000000 -0.000000
vn -100.000000 -0.000000 -0.000000
vn -100.000000 -0.000000 -0.000000
vn -100.000000 -0.000000 -0.000000
vn -100.000000 -0.000000 -0.000000
vn -100.000000 -0.000000 -0.000000
vn -100.000000 -0.000000 -0.000000
vn -100.000000 -0.000000 -0.000000
vn -100.000000 -0.000000 -0.000000
vn -100.000000 -0.000000 -0.000000
vn -100.000000 -0.000000 -0.000000
vn -100.000000 -0.000000 -0.000000
vn -100.000000 -0.000000 -0.000000
vn -100.000000 -0.000000 -0.000000
vn -100.000000 -0.000000 -0.000000
vn -100.000000 -0.000000 -0.000000
vn -100.000000 -0.000000 -0.000000
vn -100.000000 -0.000000 -0.000000
vn -100.000000 -0.000000 -0.000000
vn -100.000000 -0.000000 -0.000000
vn -100.000000 -0.000000 -0.000000
vn -100.000000 -0.000000 -0.000000
vn -100.000000 -0.000000 -0.000000
vn -100.000000 -0.000000 -0.000000
vn -100.000000 -0.000000 -0.000000
vn -100.000000 -0.000000 -0.000000
vn -100.000000 -0.000000 -0.000000
vn -100.000000 -0.000000 -0.000000
vn -100.000000 -0.000000 -0.000000
vn -100.000000 -0.000000 -0.000000
vn -100.000000 -0.000000 -0.000000
vn -100.000000 -0.000000 -0.000000
vn -100.000000 -0.000000 -0.000000
vn -100.000000 -0.000000 -0.000000
vn -100.000000 -0.000000 -0.000000
vn -100.000000 -0.000000 -0.000000
vn -100.000000 -0.000000 -0.000000
vn -100.000000 -0.000000 -0.000000
vn -100.000000 -0.000000 -0.000000
vn -100.000000 -0.000000 -0.000000
vn -100.000000 -0.000000 -0.000000
vn -100.000000 -0.000000 -0.000000
vn -100.000000 -0.000000 -0.000000
vn -100.000000 -0.000000 -0.000000
vn -100.000000 -0.000000 -0.000000
vn -100.000000 -0.000000 -0.000000
vn -100.000000 -0.000000 -0.000000
vn -100.000000 -0.000000 -0.000000
vn -100.000000 -0.000000 -0.000000
vn -100.000000 -0.000000 -0.000000
vn -100.000000 -0.000000 -0.000000
vn -100.000000 -0.000000 -0.000000
vn -100.000000 -0.000000 -0.000000
vn -100.000000 -0.000000 -0.000000
vn -100.000000 -0.000000 -0.000000
vn 100.000000 0.000000 0.000000
vn 100.000000 0.000000 0.000000
vn 100.000000 0.000000 0.000000
vn 100.000000 0.000000 0.000000
vn 100.000000 0.000000 0.000000
vn 100.000000 0.000000 0.000000
vn 100.000000 0.000000 0.000000
vn 100.000000 0.000000 0.000000
vn 100.000000 0.000000 0.000000
vn 100.000000 0.000000 0.000000
vn 100.000000 0.000000 0.000000
vn 100.000000 0.000000 0.000000
vn 100.000000 0.000000 0.000000
vn 100.000000 0.000000 0.000000
vn 100.000000 0.000000 0.000000
vn 100.000000 0.000000 0.000000
vn 100.000000 0.000000 0.000000
vn 100.000000 0.000000 0.000000
vn 100.000000 0.000000 0.000000
vn 100.000000 0.000000 0.000000
vn 100.000000 0.000000 0.000000
vn 100.000000 0.000000 0.000000
vn 100.000000 0.000000 0.000000
vn 100.000000 0.000000 0.000000
vn 100.000000 0.000000 0.000000
vn 100.000000 0.000000 0.000000
vn 100.000000 0.000000 0.000000
vn 100.000000 0.000000 0.000000
vn 100.000000 0.000000 0.000000
vn 100.000000 0.000000 0.000000
vn 100.000000 0.000000 0.000000
vn 100.000000 0.000000 0.000000
vn 100.000000 0.000000 0.000000
vn 100.000000 0.000000 0.000000
vn 100.000000 0.000000 0.000000
vn 100.000000 0.000000 0.000000
vn 100.000000 0.000000 0.000000
vn 100.000000 0.000000 0.000000
vn 100.000000 0.000000 0.000000
vn 100.000000 0.000000 0.000000
vn 100.000000 0.000000 0.000000
vn 100.000000 0.000000 0.000000
vn 100.000000 0.000000 0.000000
vn 100.000000 0.000000 0.000000
vn 100.000000 0.000000 0.000000
vn 100.000000 0.000000 0.000000
vn 100.000000 0.000000 0.000000
vn 100.000000 0.000000 0.000000
vn 100.000000 0.000000 0.000000
vn 100.000000 0.000000 0.000000
vn 100.000000 0.000000 0.000000
vn 100.000000 0.000000 0.000000
vn 100.000000 0.000000 0.000000
vn 100.000000 0.000000 0.000000
vn 100.000000 0.000000 0.000000
vn 100.000000 0.000000 0.000000
vn 100.000000 0.000000 0.000000
vn 100.000000 0.000000 0.000000
vn 100.000000 0.000000 0.000000
vn 100.000000 0.000000 0.000000
vn 100.000000 0.000000 0.000000
vn 100.000000 0.000000 0.000000
vn 100.000000 0.000000 0.000000
vn 100.000000 0.000000 0.000000
vn 100.000000 0.000000 0.000000
vn 100.000000 0.000000 0.000000
usemtl Paint_-_Metal_Flake_(Aqua)
f 266/555/545 396/556/546 265/557/547
f 265/557/547 396/556/546 331/558/548
f 265/557/547 331/558/548 330/559/549
f 330/559/549 331/558/548 332/560/550
f 330/559/549 332/560/550 329/561/551
f 329/561/551 332/560/550 333/562/552
f 329/561/551 333/562/552 328/563/553
f 328/563/553 333/562/552 334/564/554
f 328/563/553 334/564/554 327/565/555
f 327/565/555 334/564/554 335/566/556
f 327/565/555 335/566/556 326/567/557
f 326/567/557 335/566/556 336/568/558
f 326/567/557 336/568/558 325/569/559
f 325/569/559 336/568/558 337/570/560
f 325/569/559 337/570/560 324/571/561
f 324/571/561 337/570/560 338/572/562
f 324/571/561 338/572/562 323/573/563
f 323/573/563 338/572/562 339/574/564
f 323/573/563 339/574/564 322/575/565
f 322/575/565 339/574/564 340/576/566
f 322/575/565 340/576/566 321/577/567
f 321/577/567 340/576/566 341/578/568
f 321/577/567 341/578/568 320/579/569
f 320/579/569 341/578/568 342/580/570
f 320/579/569 342/580/570 319/581/571
f 319/581/571 342/580/570 343/582/572
f 319/581/571 343/582/572 318/583/573
f 318/583/573 343/582/572 344/584/574
f 318/583/573 344/584/574 317/585/575
f 317/585/575 344/584/574 345/586/576
f 317/585/575 345/586/576 316/587/577
f 316/587/577 345/586/576 346/588/578
f 316/587/577 346/588/578 315/589/579
f 315/589/579 346/588/578 347/590/580
f 315/589/579 347/590/580 314/591/581
f 314/591/581 347/590/580 348/592/582
f 314/591/581 348/592/582 313/593/583
f 313/593/583 348/592/582 349/594/584
f 313/593/583 349/594/584 312/595/585
f 312/595/585 349/594/584 350/596/586
f 312/595/585 350/596/586 311/597/587
f 311/597/587 350/596/586 351/598/588
f 311/597/587 351/598/588 310/599/589
f 310/599/589 351/598/588 352/600/590
f 310/599/589 352/600/590 309/601/591
f 309/601/591 352/600/590 353/602/592
f 309/601/591 353/602/592 308/603/593
f 308/603/593 353/602/592 354/604/594
f 308/603/593 354/604/594 307/605/595
f 307/605/595 354/604/594 355/606/596
f 307/605/595 355/606/596 306/607/597
f 306/607/597 355/606/596 356/608/598
f 306/607/597 356/608/598 305/609/599
f 305/609/599 356/608/598 357/610/600
f 305/609/599 357/610/600 304/611/601
f 304/611/601 357/610/600 358/612/602
f 304/611/601 358/612/602 303/613/603
f 303/613/603 358/612/602 359/614/604
f 303/613/603 359/614/604 302/615/605
f 302/615/605 359/614/604 360/616/606
f 302/615/605 360/616/606 301/617/607
f 301/617/607 360/616/606 361/618/608
f 301/617/607 361/618/608 300/619/609
f 300/619/609 361/618/608 362/620/610
f 300/619/609 362/620/610 299/621/611
f 299/621/611 362/620/610 363/622/612
f 299/621/611 363/622/612 298/623/613
f 298/623/613 363/622/612 364/624/614
f 298/625/613 364/626/614 297/627/615
f 297/627/615 364/626/614 365/628/616
f 297/627/615 365/628/616 296/629/617
f 296/629/617 365/628/616 366/630/618
f 296/629/617 366/630/618 295/631/619
f 295/631/619 366/630/618 367/632/620
f 295/631/619 367/632/620 294/633/621
f 294/633/621 367/632/620 368/634/622
f 294/633/621 368/634/622 293/635/623
f 293/635/623 368/634/622 369/636/624
f 293/635/623 369/636/624 292/637/625
f 292/637/625 369/636/624 370/638/626
f 292/637/625 370/638/626 291/639/627
f 291/639/627 370/638/626 371/640/628
f 291/639/627 371/640/628 290/641/629
f 290/641/629 371/640/628 372/642/630
f 290/641/629 372/642/630 289/643/631
f 289/643/631 372/642/630 373/644/632
f 289/643/631 373/644/632 288/645/633
f 288/645/633 373/644/632 374/646/634
f 288/645/633 374/646/634 287/647/635
f 287/647/635 374/646/634 375/648/636
f 287/647/635 375/648/636 286/649/637
f 286/649/637 375/648/636 376/650/638
f 286/649/637 376/650/638 285/651/639
f 285/651/639 376/650/638 377/652/640
f 285/651/639 377/652/640 284/653/641
f 284/653/641 377/652/640 378/654/642
f 284/653/641 378/654/642 283/655/643
f 283/655/643 378/654/642 379/656/644
f 283/655/643 379/656/644 282/657/645
f 282/657/645 379/656/644 380/658/646
f 282/657/645 380/658/646 281/659/647
f 281/659/647 380/658/646 381/660/648
f 281/659/647 381/660/648 280/661/649
f 280/661/649 381/660/648 382/662/650
f 280/661/649 382/662/650 279/663/651
f 279/663/651 382/662/650 383/664/652
f 279/663/651 383/664/652 278/665/653
f 278/665/653 383/664/652 384/666/654
f 278/665/653 384/666/654 277/667/655
f 277/667/655 384/666/654 385/668/656
f 277/667/655 385/668/656 276/669/657
f 276/669/657 385/668/656 386/670/658
f 276/669/657 386/670/658 275/671/659
f 275/671/659 386/670/658 387/672/660
f 275/671/659 387/672/660 274/673/661
f 274/673/661 387/672/660 388/674/662
f 274/673/661 388/674/662 273/675/663
f 273/675/663 388/674/662 389/676/664
f 273/675/663 389/676/664 272/677/665
f 272/677/665 389/676/664 390/678/666
f 272/677/665 390/678/666 271/679/667
f 271/679/667 390/678/666 391/680/668
f 271/679/667 391/680/668 270/681/669
f 270/681/669 391/680/668 392/682/670
f 270/681/669 392/682/670 269/683/671
f 269/683/671 392/682/670 393/684/672
f 269/683/671 393/684/672 268/685/673
f 268/685/673 393/684/672 394/686/674
f 268/685/673 394/686/674 267/687/675
f 267/687/675 394/686/674 395/688/676
f 267/687/675 395/688/676 266/555/545
f 266/555/545 395/688/676 396/556/546
f 330/689/677 299/690/678 265/691/679
f 265/691/679 299/690/678 298/692/680
f 265/691/679 298/692/680 266/693/681
f 266/693/681 298/692/680 297/694/682
f 266/693/681 297/694/682 267/695/683
f 267/695/683 297/694/682 296/696/684
f 267/695/683 296/696/684 268/697/685
f 268/697/685 296/696/684 295/698/686
f 268/697/685 295/698/686 269/699/687
f 269/699/687 295/698/686 294/700/688
f 269/699/687 294/700/688 270/701/689
f 270/701/689 294/700/688 293/702/690
f 270/701/689 293/702/690 271/703/691
f 271/703/691 293/702/690 292/704/692
f 271/703/691 292/704/692 272/705/693
f 272/705/693 292/704/692 291/706/694
f 272/705/693 291/706/694 273/707/695
f 273/707/695 291/706/694 290/708/696
f 273/707/695 290/708/696 274/709/697
f 274/709/697 290/708/696 289/710/698
f 274/709/697 289/710/698 275/711/699
f 275/711/699 289/710/698 288/712/700
f 275/711/699 288/712/700 276/713/701
f 276/713/701 288/712/700 287/714/702
f 276/713/701 287/714/702 277/715/703
f 277/715/703 287/714/702 286/716/704
f 277/715/703 286/716/704 278/717/705
f 278/717/705 286/716/704 285/718/706
f 278/717/705 285/718/706 279/719/707
f 279/719/707 285/718/706 284/720/708
f 279/719/707 284/720/708 280/721/709
f 280/721/709 284/720/708 283/722/710
f 280/721/709 283/722/710 281/723/711
f 281/723/711 283/722/710 282/724/712
f 299/690/678 330/689/677 300/725/713
f 300/725/713 330/689/677 329/726/714
f 300/725/713 329/726/714 301/727/715
f 301/727/715 329/726/714 328/728/716
f 301/727/715 328/728/716 302/729/717
f 302/729/717 328/728/716 327/730/718
f 302/729/717 327/730/718 303/731/719
f 303/731/719 327/730/718 326/732/720
f 303/731/719 326/732/720 304/733/721
f 304/733/721 326/732/720 325/734/722
f 304/733/721 325/734/722 305/735/723
f 305/735/723 325/734/722 324/736/724
f 305/735/723 324/736/724 306/737/725
f 306/737/725 324/736/724 323/738/726
f 306/737/725 323/738/726 307/739/727
f 307/739/727 323/738/726 322/740/728
f 307/739/727 322/740/728 308/741/729
f 308/741/729 322/740/728 321/742/730
f 308/741/729 321/742/730 309/743/731
f 309/743/731 321/742/730 320/744/732
f 309/743/731 320/744/732 310/745/733
f 310/745/733 320/744/732 319/746/734
f 310/745/733 319/746/734 311/747/735
f 311/747/735 319/746/734 318/748/736
f 311/747/735 318/748/736 312/749/737
f 312/749/737 318/748/736 317/750/738
f 312/749/737 317/750/738 313/751/739
f 313/751/739 317/750/738 316/752/740
f 313/751/739 316/752/740 314/753/741
f 314/753/741 316/752/740 315/754/742
f 396/755/743 365/756/744 331/757/745
f 331/757/745 365/756/744 364/758/746
f 331/757/745 364/758/746 332/759/747
f 332/759/747 364/758/746 363/760/748
f 332/759/747 363/760/748 333/761/749
f 333/761/749 363/760/748 362/762/750
f 333/761/749 362/762/750 334/763/751
f 334/763/751 362/762/750 361/764/752
f 334/763/751 361/764/752 335/765/753
f 335/765/753 361/764/752 360/766/754
f 335/765/753 360/766/754 336/767/755
f 336/767/755 360/766/754 359/768/756
f 336/767/755 359/768/756 337/769/757
f 337/769/757 359/768/756 358/770/758
f 337/769/757 358/770/758 338/771/759
f 338/771/759 358/770/758 357/772/760
f 338/771/759 357/772/760 339/773/761
f 339/773/761 357/772/760 356/774/762
f 339/773/761 356/774/762 340/775/763
f 340/775/763 356/774/762 355/776/764
f 340/775/763 355/776/764 341/777/765
f 341/777/765 355/776/764 354/778/766
f 341/777/765 354/778/766 342/779/767
f 342/779/767 354/778/766 353/780/768
f 342/779/767 353/780/768 343/781/769
f 343/781/769 353/780/768 352/782/770
f 343/781/769 352/782/770 344/783/771
f 344/783/771 352/782/770 351/784/772
f 344/783/771 351/784/772 345/785/773
f 345/785/773 351/784/772 350/786/774
f 345/785/773 350/786/774 346/787/775
f 346/787/775 350/786/774 349/788/776
f 346/787/775 349/788/776 347/789/777
f 347/789/777 349/788/776 348/790/778
f 365/756/744 396/755/743 366/791/779
f 366/791/779 396/755/743 395/792/780
f 366/791/779 395/792/780 367/793/781
f 367/793/781 395/792/780 394/794/782
f 367/793/781 394/794/782 368/795/783
f 368/795/783 394/794/782 393/796/784
f 368/795/783 393/796/784 369/797/785
f 369/797/785 393/796/784 392/798/786
f 369/797/785 392/798/786 370/799/787
f 370/799/787 392/798/786 391/800/788
f 370/799/787 391/800/788 371/801/789
f 371/801/789 391/800/788 390/802/790
f 371/801/789 390/802/790 372/803/791
f 372/803/791 390/802/790 389/804/792
f 372/803/791 389/804/792 373/805/793
f 373/805/793 389/804/792 388/806/794
f 373/805/793 388/806/794 374/807/795
f 374/807/795 388/806/794 387/808/796
f 374/807/795 387/808/796 375/809/797
f 375/809/797 387/808/796 386/810/798
f 375/809/797 386/810/798 376/811/799
f 376/811/799 386/810/798 385/812/800
f 376/811/799 385/812/800 377/813/801
f 377/813/801 385/812/800 384/814/802
f 377/813/801 384/814/802 378/815/803
f 378/815/803 384/814/802 383/816/804
f 378/815/803 383/816/804 379/817/805
f 379/817/805 383/816/804 382/818/806
f 379/817/805 382/818/806 380/819/807
f 380/819/807 382/818/806 381/820/808
g Body5

v 0.155000 0.020000 0.048000
v 0.151708 0.019727 0.048000
v 0.148506 0.018916 0.048000
v 0.145481 0.017589 0.048000
v 0.142716 0.015783 0.048000
v 0.140286 0.013546 0.048000
v 0.138257 0.010939 0.048000
v 0.136685 0.008034 0.048000
v 0.135612 0.004910 0.048000
v 0.135068 0.001652 0.048000
v 0.135068 -0.001652 0.048000
v 0.135612 -0.004910 0.048000
v 0.136685 -0.008034 0.048000
v 0.138257 -0.010939 0.048000
v 0.140286 -0.013546 0.048000
v 0.142716 -0.015783 0.048000
v 0.145481 -0.017589 0.048000
v 0.148506 -0.018916 0.048000
v 0.151708 -0.019727 0.048000
v 0.155000 -0.020000 0.048000
v 0.158292 -0.019727 0.048000
v 0.161494 -0.018916 0.048000
v 0.164519 -0.017589 0.048000
v 0.167284 -0.015783 0.048000
v 0.169714 -0.013546 0.048000
v 0.171743 -0.010939 0.048000
v 0.173315 -0.008034 0.048000
v 0.174388 -0.004910 0.048000
v 0.174932 -0.001652 0.048000
v 0.174932 0.001652 0.048000
v 0.174388 0.004910 0.048000
v 0.173315 0.008034 0.048000
v 0.171743 0.010939 0.048000
v 0.169714 0.013546 0.048000
v 0.167284 0.015783 0.048000
v 0.164519 0.017589 0.048000
v 0.161494 0.018916 0.048000
v 0.158292 0.019727 0.048000
v 0.155000 0.020000 0.040000
v 0.158292 0.019727 0.040000
v 0.161494 0.018916 0.040000
v 0.164519 0.017589 0.040000
v 0.167284 0.015783 0.040000
v 0.169714 0.013546 0.040000
v 0.171743 0.010939 0.040000
v 0.173315 0.008034 0.040000
v 0.174388 0.004910 0.040000
v 0.174932 0.001652 0.040000
v 0.174932 -0.001652 0.040000
v 0.174388 -0.004910 0.040000
v 0.173315 -0.008034 0.040000
v 0.171743 -0.010939 0.040000
v 0.169714 -0.013546 0.040000
v 0.167284 -0.015783 0.040000
v 0.164519 -0.017589 0.040000
v 0.161494 -0.018916 0.040000
v 0.158292 -0.019727 0.040000
v 0.155000 -0.020000 0.040000
v 0.151708 -0.019727 0.040000
v 0.148506 -0.018916 0.040000
v 0.145481 -0.017589 0.040000
v 0.142716 -0.015783 0.040000
v 0.140286 -0.013546 0.040000
v 0.138257 -0.010939 0.040000
v 0.136685 -0.008034 0.040000
v 0.135612 -0.004910 0.040000
v 0.135068 -0.001652 0.040000
v 0.135068 0.001652 0.040000
v 0.135612 0.004910 0.040000
v 0.136685 0.008034 0.040000
v 0.138257 0.010939 0.040000
v 0.140286 0.013546 0.040000
v 0.142716 0.015783 0.040000
v 0.145481 0.017589 0.040000
v 0.148506 0.018916 0.040000
v 0.151708 0.019727 0.040000
v 0.155000 -0.030000 0.048000
v 0.158916 -0.029743 0.048000
v 0.162765 -0.028978 0.048000
v 0.166481 -0.027716 0.048000
v 0.170000 -0.025981 0.048000
v 0.173263 -0.023801 0.048000
v 0.176213 -0.021213 0.048000
v 0.178801 -0.018263 0.048000
v 0.180981 -0.015000 0.048000
v 0.182716 -0.011481 0.048000
v 0.183978 -0.007765 0.048000
v 0.184743 -0.003916 0.048000
v 0.185000 -0.000000 0.048000
v 0.184743 0.003916 0.048000
v 0.183978 0.007765 0.048000
v 0.182716 0.011481 0.048000
v 0.180981 0.015000 0.048000
v 0.178801 0.018263 0.048000
v 0.176213 0.021213 0.048000
v 0.173263 0.023801 0.048000
v 0.170000 0.025981 0.048000
v 0.166481 0.027716 0.048000
v 0.162765 0.028978 0.048000
v 0.158916 0.029743 0.048000
v 0.155000 0.030000 0.048000
v 0.101000 0.030000 0.048000
v 0.101000 -0.030000 0.048000
v 0.155000 -0.030000 0.040000
v 0.158916 -0.029743 0.040000
v 0.162765 -0.028978 0.040000
v 0.166481 -0.027716 0.040000
v 0.170000 -0.025981 0.040000
v 0.173263 -0.023801 0.040000
v 0.176213 -0.021213 0.040000
v 0.178801 -0.018263 0.040000
v 0.180981 -0.015000 0.040000
v 0.182716 -0.011481 0.040000
v 0.183978 -0.007765 0.040000
v 0.184743 -0.003916 0.040000
v 0.185000 -0.000000 0.040000
v 0.184743 0.003916 0.040000
v 0.183978 0.007765 0.040000
v 0.182716 0.011481 0.040000
v 0.180981 0.015000 0.040000
v 0.178801 0.018263 0.040000
v 0.176213 0.021213 0.040000
v 0.173263 0.023801 0.040000
v 0.170000 0.025981 0.040000
v 0.166481 0.027716 0.040000
v 0.162765 0.028978 0.040000
v 0.158916 0.029743 0.040000
v 0.155000 0.030000 0.040000
v 0.101000 -0.030000 0.040000
v 0.101000 0.030000 0.040000
vt -4.600000 5.952491 0.000000
vt -3.800000 5.952491 0.000000
vt -4.600000 6.283185 0.000000
vt -3.800000 6.283185 0.000000
vt -4.600000 -6.283185 0.000000
vt -3.800000 -6.283185 0.000000
vt -4.600000 -5.952491 0.000000
vt -3.800000 -5.952491 0.000000
vt -4.600000 -5.621797 0.000000
vt -3.800000 -5.621797 0.000000
vt -4.600000 -5.291103 0.000000
vt -3.800000 -5.291103 0.000000
vt -4.600000 -4.960409 0.000000
vt -3.800000 -4.960409 0.000000
vt -4.600000 -4.629715 0.000000
vt -3.800000 -4.629715 0.000000
vt -4.600000 -4.299022 0.000000
vt -3.800000 -4.299022 0.000000
vt -4.600000 -3.968328 0.000000
vt -3.800000 -3.968328 0.000000
vt -4.600000 -3.637634 0.000000
vt -3.800000 -3.637634 0.000000
vt -4.600000 -3.306940 0.000000
vt -3.800000 -3.306940 0.000000
vt -4.600000 -2.976246 0.000000
vt -3.800000 -2.976246 0.000000
vt -4.600000 -2.645552 0.000000
vt -3.800000 -2.645552 0.000000
vt -4.600000 -2.314858 0.000000
vt -3.800000 -2.314858 0.000000
vt -4.600000 -1.984164 0.000000
vt -3.800000 -1.984164 0.000000
vt -4.600000 -1.653470 0.000000
vt -3.800000 -1.653470 0.000000
vt -4.600000 -1.322776 0.000000
vt -3.800000 -1.322776 0.000000
vt -4.600000 -0.992082 0.000000
vt -3.800000 -0.992082 0.000000
vt -4.600000 -0.661388 0.000000
vt -3.800000 -0.661388 0.000000
vt -4.600000 -0.330694 0.000000
vt -3.800000 -0.330694 0.000000
vt -4.600000 0.000000 0.000000
vt -3.800000 0.000000 0.000000
vt -4.600000 0.330694 0.000000
vt -3.800000 0.330694 0.000000
vt -4.600000 0.661388 0.000000
vt -3.800000 0.661388 0.000000
vt -4.600000 0.992082 0.000000
vt -3.800000 0.992082 0.000000
vt -4.600000 1.322776 0.000000
vt -3.800000 1.322776 0.000000
vt -4.600000 1.653470 0.000000
vt -3.800000 1.653470 0.000000
vt -4.600000 1.984164 0.000000
vt -3.800000 1.984164 0.000000
vt -4.600000 2.314858 0.000000
vt -3.800000 2.314858 0.000000
vt -4.600000 2.645552 0.000000
vt -3.800000 2.645552 0.000000
vt -4.600000 2.976246 0.000000
vt -3.800000 2.976246 0.000000
vt -4.600000 3.306940 0.000000
vt -3.800000 3.306940 0.000000
vt -4.600000 3.637634 0.000000
vt -3.800000 3.637634 0.000000
vt -4.600000 3.968328 0.000000
vt -3.800000 3.968328 0.000000
vt -4.600000 4.299022 0.000000
vt -3.800000 4.299022 0.000000
vt -4.600000 4.629715 0.000000
vt -3.800000 4.629715 0.000000
vt -4.600000 4.960409 0.000000
vt -3.800000 4.960409 0.000000
vt -4.600000 5.291103 0.000000
vt -3.800000 5.291103 0.000000
vt -4.600000 5.621797 0.000000
vt -3.800000 5.621797 0.000000
vt -0.779189 -1.972723 0.000000
vt -0.841579 -2.974335 0.000000
vt -0.450000 -2.000000 0.000000
vt -0.450000 -3.000000 0.000000
vt -0.120811 -1.972723 0.000000
vt 0.199399 -1.891634 0.000000
vt 0.501895 -1.758948 0.000000
vt 4.950000 -3.000000 0.000000
vt 0.778425 -1.578281 0.000000
vt 1.021448 -1.354563 0.000000
vt 1.224333 -1.093896 0.000000
vt 1.381547 -0.803391 0.000000
vt 1.488801 -0.490971 0.000000
vt 1.543169 -0.165159 0.000000
vt 1.543169 0.165159 0.000000
vt 4.950000 3.000000 0.000000
vt 1.488801 0.490971 0.000000
vt 1.381547 0.803391 0.000000
vt 1.224333 1.093896 0.000000
vt 1.021448 1.354563 0.000000
vt 0.778425 1.578281 0.000000
vt 0.501895 1.758948 0.000000
vt -0.450000 3.000000 0.000000
vt 0.199399 1.891634 0.000000
vt -0.120811 1.972723 0.000000
vt -0.450000 2.000000 0.000000
vt -0.841579 2.974335 0.000000
vt -0.779189 1.972723 0.000000
vt -1.226457 2.897777 0.000000
vt -1.598050 2.771639 0.000000
vt -1.099399 -1.891634 0.000000
vt -1.598050 -2.771639 0.000000
vt -1.226457 -2.897777 0.000000
vt -1.950000 -2.598076 0.000000
vt -1.401895 -1.758948 0.000000
vt -2.276284 -2.380060 0.000000
vt -1.678425 -1.578281 0.000000
vt -2.571320 -2.121320 0.000000
vt -2.830060 -1.826284 0.000000
vt -1.921448 -1.354563 0.000000
vt -3.048076 -1.500000 0.000000
vt -2.124333 -1.093896 0.000000
vt -3.221639 -1.148050 0.000000
vt -2.281547 -0.803391 0.000000
vt -3.347777 -0.776457 0.000000
vt -2.388801 -0.490971 0.000000
vt -3.424335 -0.391579 0.000000
vt -2.443169 -0.165159 0.000000
vt -3.450000 0.000000 0.000000
vt -2.443169 0.165159 0.000000
vt -3.424335 0.391579 0.000000
vt -2.388801 0.490971 0.000000
vt -3.347777 0.776457 0.000000
vt -2.281547 0.803391 0.000000
vt -3.221639 1.148050 0.000000
vt -2.124333 1.093896 0.000000
vt -3.048076 1.500000 0.000000
vt -1.921448 1.354563 0.000000
vt -2.830060 1.826284 0.000000
vt -1.678425 1.578281 0.000000
vt -2.571320 2.121320 0.000000
vt -2.276284 2.380060 0.000000
vt -1.401895 1.758948 0.000000
vt -1.950000 2.598076 0.000000
vt -1.099399 1.891634 0.000000
vt -0.400000 -7.068583 0.000000
vt 0.400000 -7.068583 0.000000
vt -0.400000 -6.675884 0.000000
vt 0.400000 -6.675884 0.000000
vt -0.400000 -6.283185 0.000000
vt 0.400000 -6.283185 0.000000
vt -0.400000 -5.890486 0.000000
vt 0.400000 -5.890486 0.000000
vt -0.400000 -5.497787 0.000000
vt 0.400000 -5.497787 0.000000
vt -0.400000 -5.105088 0.000000
vt 0.400000 -5.105088 0.000000
vt -0.400000 -4.712389 0.000000
vt 0.400000 -4.712389 0.000000
vt -0.400000 -4.319690 0.000000
vt 0.400000 -4.319690 0.000000
vt -0.400000 -3.926991 0.000000
vt 0.400000 -3.926991 0.000000
vt -0.400000 -3.534292 0.000000
vt 0.400000 -3.534292 0.000000
vt -0.400000 -3.141593 0.000000
vt 0.400000 -3.141593 0.000000
vt -0.400000 -2.748894 0.000000
vt 0.400000 -2.748894 0.000000
vt -0.400000 -2.356194 0.000000
vt 0.400000 -2.356194 0.000000
vt -0.400000 -1.963495 0.000000
vt 0.400000 -1.963495 0.000000
vt -0.400000 -1.570796 0.000000
vt 0.400000 -1.570796 0.000000
vt -0.400000 -1.178097 0.000000
vt 0.400000 -1.178097 0.000000
vt -0.400000 -0.785398 0.000000
vt 0.400000 -0.785398 0.000000
vt -0.400000 -0.392699 0.000000
vt 0.400000 -0.392699 0.000000
vt -0.400000 0.000000 0.000000
vt 0.400000 0.000000 0.000000
vt -0.400000 0.392699 0.000000
vt 0.400000 0.392699 0.000000
vt -0.400000 0.785398 0.000000
vt 0.400000 0.785398 0.000000
vt -0.400000 1.178097 0.000000
vt 0.400000 1.178097 0.000000
vt -0.400000 1.570796 0.000000
vt 0.400000 1.570796 0.000000
vt -0.400000 1.963495 0.000000
vt 0.400000 1.963495 0.000000
vt -0.400000 2.356194 0.000000
vt 0.400000 2.356194 0.000000
vt 0.120811 -1.972723 0.000000
vt 0.450000 -3.000000 0.000000
vt 0.450000 -2.000000 0.000000
vt 0.841579 -2.974335 0.000000
vt 0.779189 -1.972723 0.000000
vt 1.226457 -2.897777 0.000000
vt 1.598050 -2.771639 0.000000
vt -0.199399 -1.891634 0.000000
vt -0.501895 -1.758948 0.000000
vt -4.950000 -3.000000 0.000000
vt -0.778425 -1.578281 0.000000
vt -1.021448 -1.354563 0.000000
vt -1.224333 -1.093896 0.000000
vt -1.381547 -0.803391 0.000000
vt -1.488801 -0.490971 0.000000
vt -1.543169 -0.165159 0.000000
vt -1.543169 0.165159 0.000000
vt -4.950000 3.000000 0.000000
vt -1.488801 0.490971 0.000000
vt -1.381547 0.803391 0.000000
vt -1.224333 1.093896 0.000000
vt -1.021448 1.354563 0.000000
vt -0.778425 1.578281 0.000000
vt -0.501895 1.758948 0.000000
vt 0.450000 3.000000 0.000000
vt -0.199399 1.891634 0.000000
vt 0.120811 1.972723 0.000000
vt 0.450000 2.000000 0.000000
vt 0.841579 2.974335 0.000000
vt 0.779189 1.972723 0.000000
vt 1.226457 2.897777 0.000000
vt 1.598050 2.771639 0.000000
vt 1.099399 1.891634 0.000000
vt 1.950000 2.598076 0.000000
vt 1.401895 1.758948 0.000000
vt 2.276284 2.380060 0.000000
vt 1.678425 1.578281 0.000000
vt 2.571320 2.121320 0.000000
vt 2.830060 1.826284 0.000000
vt 1.921448 1.354563 0.000000
vt 3.048076 1.500000 0.000000
vt 2.124333 1.093896 0.000000
vt 3.221639 1.148050 0.000000
vt 2.281547 0.803391 0.000000
vt 3.347777 0.776457 0.000000
vt 2.388801 0.490971 0.000000
vt 3.424335 0.391579 0.000000
vt 2.443169 0.165159 0.000000
vt 3.450000 0.000000 0.000000
vt 2.443169 -0.165159 0.000000
vt 3.424335 -0.391579 0.000000
vt 2.388801 -0.490971 0.000000
vt 3.347777 -0.776457 0.000000
vt 2.281547 -0.803391 0.000000
vt 3.221639 -1.148050 0.000000
vt 2.124333 -1.093896 0.000000
vt 3.048076 -1.500000 0.000000
vt 1.921448 -1.354563 0.000000
vt 2.830060 -1.826284 0.000000
vt 1.678425 -1.578281 0.000000
vt 2.571320 -2.121320 0.000000
vt 2.276284 -2.380060 0.000000
vt 1.401895 -1.758948 0.000000
vt 1.950000 -2.598076 0.000000
vt 1.099399 -1.891634 0.000000
vt 0.400000 3.000000 0.000000
vt -0.400000 3.000000 0.000000
vt 0.400000 -3.000000 0.000000
vt -0.400000 -3.000000 0.000000
vt 0.450000 0.400000 0.000000
vt -4.950000 0.400000 0.000000
vt 0.450000 -0.400000 0.000000
vt -4.950000 -0.400000 0.000000
vt -0.450000 -0.400000 0.000000
vt 4.950000 -0.400000 0.000000
vt -0.450000 0.400000 0.000000
vt 4.950000 0.400000 0.000000
vn 16.459459 -98.636130 0.000000
vn 16.459459 -98.636130 0.000000
vn 0.000000 -100.000000 0.000000
vn 0.000000 -100.000000 0.000000
vn -16.459459 -98.636130 0.000000
vn -16.459459 -98.636130 0.000000
vn -32.469947 -94.581724 0.000000
vn -32.469947 -94.581724 0.000000
vn -47.594739 -87.947375 0.000000
vn -47.594739 -87.947375 0.000000
vn -61.421271 -78.914051 0.000000
vn -61.421271 -78.914051 0.000000
vn -73.572391 -67.728157 0.000000
vn -73.572391 -67.728157 0.000000
vn -83.716648 -54.694816 0.000000
vn -83.716648 -54.694816 0.000000
vn -91.577333 -40.169542 0.000000
vn -91.577333 -40.169542 0.000000
vn -96.940027 -24.548549 0.000000
vn -96.940027 -24.548549 0.000000
vn -99.658449 -8.257935 0.000000
vn -99.658449 -8.257935 0.000000
vn -99.658449 8.257935 0.000000
vn -99.658449 8.257935 0.000000
vn -96.940027 24.548549 0.000000
vn -96.940027 24.548549 0.000000
vn -91.577333 40.169542 0.000000
vn -91.577333 40.169542 0.000000
vn -83.716648 54.694816 0.000000
vn -83.716648 54.694816 0.000000
vn -73.572391 67.728157 0.000000
vn -73.572391 67.728157 0.000000
vn -61.421271 78.914051 0.000000
vn -61.421271 78.914051 0.000000
vn -47.594739 87.947375 0.000000
vn -47.594739 87.947375 0.000000
vn -32.469947 94.581724 0.000000
vn -32.469947 94.581724 0.000000
vn -16.459459 98.636130 0.000000
vn -16.459459 98.636130 0.000000
vn -0.000000 100.000000 -0.000000
vn -0.000000 100.000000 -0.000000
vn 16.459459 98.636130 0.000000
vn 16.459459 98.636130 0.000000
vn 32.469947 94.581724 0.000000
vn 32.469947 94.581724 0.000000
vn 47.594739 87.947375 0.000000
vn 47.594739 87.947375 0.000000
vn 61.421271 78.914051 0.000000
vn 61.421271 78.914051 0.000000
vn 73.572391 67.728157 0.000000
vn 73.572391 67.728157 0.000000
vn 83.716648 54.694816 0.000000
vn 83.716648 54.694816 0.000000
vn 91.577333 40.169542 0.000000
vn 91.577333 40.169542 0.000000
vn 96.940027 24.548549 0.000000
vn 96.940027 24.548549 0.000000
vn 99.658449 8.257935 0.000000
vn 99.658449 8.257935 0.000000
vn 99.658449 -8.257935 0.000000
vn 99.658449 -8.257935 0.000000
vn 96.940027 -24.548549 0.000000
vn 96.940027 -24.548549 0.000000
vn 91.577333 -40.169542 0.000000
vn 91.577333 -40.169542 0.000000
vn 83.716648 -54.694816 0.000000
vn 83.716648 -54.694816 0.000000
vn 73.572391 -67.728157 0.000000
vn 73.572391 -67.728157 0.000000
vn 61.421271 -78.914051 0.000000
vn 61.421271 -78.914051 0.000000
vn 47.594739 -87.947375 0.000000
vn 47.594739 -87.947375 0.000000
vn 32.469947 -94.581724 0.000000
vn 32.469947 -94.581724 0.000000
vn -0.000000 -0.000000 100.000000
vn -0.000000 -0.000000 100.000000
vn -0.000000 -0.000000 100.000000
vn -0.000000 -0.000000 100.000000
vn -0.000000 -0.000000 100.000000
vn -0.000000 -0.000000 100.000000
vn -0.000000 -0.000000 100.000000
vn -0.000000 -0.000000 100.000000
vn -0.000000 -0.000000 100.000000
vn -0.000000 -0.000000 100.000000
vn -0.000000 -0.000000 100.000000
vn -0.000000 -0.000000 100.000000
vn -0.000000 -0.000000 100.000000
vn -0.000000 -0.000000 100.000000
vn -0.000000 -0.000000 100.000000
vn -0.000000 -0.000000 100.000000
vn -0.000000 -0.000000 100.000000
vn -0.000000 -0.000000 100.000000
vn -0.000000 -0.000000 100.000000
vn -0.000000 -0.000000 100.000000
vn -0.000000 -0.000000 100.000000
vn -0.000000 -0.000000 100.000000
vn -0.000000 -0.000000 100.000000
vn -0.000000 -0.000000 100.000000
vn -0.000000 -0.000000 100.000000
vn -0.000000 -0.000000 100.000000
vn -0.000000 -0.000000 100.000000
vn -0.000000 -0.000000 100.000000
vn -0.000000 -0.000000 100.000000
vn -0.000000 -0.000000 100.000000
vn -0.000000 -0.000000 100.000000
vn -0.000000 -0.000000 100.000000
vn -0.000000 -0.000000 100.000000
vn -0.000000 -0.000000 100.000000
vn -0.000000 -0.000000 100.000000
vn -0.000000 -0.000000 100.000000
vn -0.000000 -0.000000 100.000000
vn -0.000000 -0.000000 100.000000
vn -0.000000 -0.000000 100.000000
vn -0.000000 -0.000000 100.000000
vn -0.000000 -0.000000 100.000000
vn -0.000000 -0.000000 100.000000
vn -0.000000 -0.000000 100.000000
vn -0.000000 -0.000000 100.000000
vn -0.000000 -0.000000 100.000000
vn -0.000000 -0.000000 100.000000
vn -0.000000 -0.000000 100.000000
vn -0.000000 -0.000000 100.000000
vn -0.000000 -0.000000 100.000000
vn -0.000000 -0.000000 100.000000
vn -0.000000 -0.000000 100.000000
vn -0.000000 -0.000000 100.000000
vn -0.000000 -0.000000 100.000000
vn -0.000000 -0.000000 100.000000
vn -0.000000 -0.000000 100.000000
vn -0.000000 -0.000000 100.000000
vn -0.000000 -0.000000 100.000000
vn -0.000000 -0.000000 100.000000
vn -0.000000 -0.000000 100.000000
vn -0.000000 -0.000000 100.000000
vn -0.000000 -0.000000 100.000000
vn -0.000000 -0.000000 100.000000
vn -0.000000 -0.000000 100.000000
vn -0.000000 -0.000000 100.000000
vn -0.000000 -0.000000 100.000000
vn -0.000000 100.000000 0.000000
vn -0.000000 100.000000 0.000000
vn 13.052619 99.144486 0.000000
vn 13.052619 99.144486 0.000000
vn 25.881905 96.592583 0.000000
vn 25.881905 96.592583 0.000000
vn 38.268343 92.387953 0.000000
vn 38.268343 92.387953 0.000000
vn 50.000000 86.602540 0.000000
vn 50.000000 86.602540 0.000000
vn 60.876143 79.335334 0.000000
vn 60.876143 79.335334 0.000000
vn 70.710678 70.710678 0.000000
vn 70.710678 70.710678 0.000000
vn 79.335334 60.876143 0.000000
vn 79.335334 60.876143 0.000000
vn 86.602540 50.000000 0.000000
vn 86.602540 50.000000 0.000000
vn 92.387953 38.268343 0.000000
vn 92.387953 38.268343 0.000000
vn 96.592583 25.881905 0.000000
vn 96.592583 25.881905 0.000000
vn 99.144486 13.052619 0.000000
vn 99.144486 13.052619 0.000000
vn 100.000000 0.000000 0.000000
vn 100.000000 0.000000 0.000000
vn 99.144486 -13.052619 0.000000
vn 99.144486 -13.052619 0.000000
vn 96.592583 -25.881905 0.000000
vn 96.592583 -25.881905 0.000000
vn 92.387953 -38.268343 0.000000
vn 92.387953 -38.268343 0.000000
vn 86.602540 -50.000000 0.000000
vn 86.602540 -50.000000 0.000000
vn 79.335334 -60.876143 0.000000
vn 79.335334 -60.876143 0.000000
vn 70.710678 -70.710678 0.000000
vn 70.710678 -70.710678 0.000000
vn 60.876143 -79.335334 0.000000
vn 60.876143 -79.335334 0.000000
vn 50.000000 -86.602540 0.000000
vn 50.000000 -86.602540 0.000000
vn 38.268343 -92.387953 0.000000
vn 38.268343 -92.387953 0.000000
vn 25.881905 -96.592583 0.000000
vn 25.881905 -96.592583 0.000000
vn 13.052619 -99.144486 0.000000
vn 13.052619 -99.144486 0.000000
vn 0.000000 -100.000000 -0.000000
vn 0.000000 -100.000000 -0.000000
vn 0.000000 0.000000 -100.000000
vn 0.000000 0.000000 -100.000000
vn 0.000000 0.000000 -100.000000
vn 0.000000 0.000000 -100.000000
vn 0.000000 0.000000 -100.000000
vn 0.000000 0.000000 -100.000000
vn 0.000000 0.000000 -100.000000
vn 0.000000 0.000000 -100.000000
vn 0.000000 0.000000 -100.000000
vn 0.000000 0.000000 -100.000000
vn 0.000000 0.000000 -100.000000
vn 0.000000 0.000000 -100.000000
vn 0.000000 0.000000 -100.000000
vn 0.000000 0.000000 -100.000000
vn 0.000000 0.000000 -100.000000
vn 0.000000 0.000000 -100.000000
vn 0.000000 0.000000 -100.000000
vn 0.000000 0.000000 -100.000000
vn 0.000000 0.000000 -100.000000
vn 0.000000 0.000000 -100.000000
vn 0.000000 0.000000 -100.000000
vn 0.000000 0.000000 -100.000000
vn 0.000000 0.000000 -100.000000
vn 0.000000 0.000000 -100.000000
vn 0.000000 0.000000 -100.000000
vn 0.000000 0.000000 -100.000000
vn 0.000000 0.000000 -100.000000
vn 0.000000 0.000000 -100.000000
vn 0.000000 0.000000 -100.000000
vn 0.000000 0.000000 -100.000000
vn 0.000000 0.000000 -100.000000
vn 0.000000 0.000000 -100.000000
vn 0.000000 0.000000 -100.000000
vn 0.000000 0.000000 -100.000000
vn 0.000000 0.000000 -100.000000
vn 0.000000 0.000000 -100.000000
vn 0.000000 0.000000 -100.000000
vn 0.000000 0.000000 -100.000000
vn 0.000000 0.000000 -100.000000
vn 0.000000 0.000000 -100.000000
vn 0.000000 0.000000 -100.000000
vn 0.000000 0.000000 -100.000000
vn 0.000000 0.000000 -100.000000
vn 0.000000 0.000000 -100.000000
vn 0.000000 0.000000 -100.000000
vn 0.000000 0.000000 -100.000000
vn 0.000000 0.000000 -100.000000
vn 0.000000 0.000000 -100.000000
vn 0.000000 0.000000 -100.000000
vn 0.000000 0.000000 -100.000000
vn 0.000000 0.000000 -100.000000
vn 0.000000 0.000000 -100.000000
vn 0.000000 0.000000 -100.000000
vn 0.000000 0.000000 -100.000000
vn 0.000000 0.000000 -100.000000
vn 0.000000 0.000000 -100.000000
vn 0.000000 0.000000 -100.000000
vn 0.000000 0.000000 -100.000000
vn 0.000000 0.000000 -100.000000
vn 0.000000 0.000000 -100.000000
vn 0.000000 0.000000 -100.000000
vn 0.000000 0.000000 -100.000000
vn 0.000000 0.000000 -100.000000
vn 0.000000 0.000000 -100.000000
vn 0.000000 0.000000 -100.000000
vn -100.000000 -0.000000 -0.000000
vn -100.000000 -0.000000 -0.000000
vn -100.000000 -0.000000 -0.000000
vn -100.000000 -0.000000 -0.000000
vn -0.000000 100.000000 -0.000000
vn -0.000000 100.000000 -0.000000
vn 0.000000 -100.000000 0.000000
vn 0.000000 -100.000000 0.000000
usemtl Steel_-_Satin
f 398/821/809 472/822/810 397/823/811
f 397/823/811 472/822/810 435/824/812
f 397/825/811 435/826/812 434/827/813
f 434/827/813 435/826/812 436/828/814
f 434/827/813 436/828/814 433/829/815
f 433/829/815 436/828/814 437/830/816
f 433/829/815 437/830/816 432/831/817
f 432/831/817 437/830/816 438/832/818
f 432/831/817 438/832/818 431/833/819
f 431/833/819 438/832/818 439/834/820
f 431/833/819 439/834/820 430/835/821
f 430/835/821 439/834/820 440/836/822
f 430/835/821 440/836/822 429/837/823
f 429/837/823 440/836/822 441/838/824
f 429/837/823 441/838/824 428/839/825
f 428/839/825 441/838/824 442/840/826
f 428/839/825 442/840/826 427/841/827
f 427/841/827 442/840/826 443/842/828
f 427/841/827 443/842/828 426/843/829
f 426/843/829 443/842/828 444/844/830
f 426/843/829 444/844/830 425/845/831
f 425/845/831 444/844/830 445/846/832
f 425/845/831 445/846/832 424/847/833
f 424/847/833 445/846/832 446/848/834
f 424/847/833 446/848/834 423/849/835
f 423/849/835 446/848/834 447/850/836
f 423/849/835 447/850/836 422/851/837
f 422/851/837 447/850/836 448/852/838
f 422/851/837 448/852/838 421/853/839
f 421/853/839 448/852/838 449/854/840
f 421/853/839 449/854/840 420/855/841
f 420/855/841 449/854/840 450/856/842
f 420/855/841 450/856/842 419/857/843
f 419/857/843 450/856/842 451/858/844
f 419/857/843 451/858/844 418/859/845
f 418/859/845 451/858/844 452/860/846
f 418/859/845 452/860/846 417/861/847
f 417/861/847 452/860/846 453/862/848
f 417/861/847 453/862/848 416/863/849
f 416/863/849 453/862/848 454/864/850
f 416/863/849 454/864/850 415/865/851
f 415/865/851 454/864/850 455/866/852
f 415/865/851 455/866/852 414/867/853
f 414/867/853 455/866/852 456/868/854
f 414/867/853 456/868/854 413/869/855
f 413/869/855 456/868/854 457/870/856
f 413/869/855 457/870/856 412/871/857
f 412/871/857 457/870/856 458/872/858
f 412/871/857 458/872/858 411/873/859
f 411/873/859 458/872/858 459/874/860
f 411/873/859 459/874/860 410/875/861
f 410/875/861 459/874/860 460/876/862
f 410/875/861 460/876/862 409/877/863
f 409/877/863 460/876/862 461/878/864
f 409/877/863 461/878/864 408/879/865
f 408/879/865 461/878/864 462/880/866
f 408/879/865 462/880/866 407/881/867
f 407/881/867 462/880/866 463/882/868
f 407/881/867 463/882/868 406/883/869
f 406/883/869 463/882/868 464/884/870
f 406/883/869 464/884/870 405/885/871
f 405/885/871 464/884/870 465/886/872
f 405/885/871 465/886/872 404/887/873
f 404/887/873 465/886/872 466/888/874
f 404/887/873 466/888/874 403/889/875
f 403/889/875 466/888/874 467/890/876
f 403/889/875 467/890/876 402/891/877
f 402/891/877 467/890/876 468/892/878
f 402/891/877 468/892/878 401/893/879
f 401/893/879 468/892/878 469/894/880
f 401/893/879 469/894/880 400/895/881
f 400/895/881 469/894/880 470/896/882
f 400/895/881 470/896/882 399/897/883
f 399/897/883 470/896/882 471/898/884
f 399/897/883 471/898/884 398/821/809
f 398/821/809 471/898/884 472/822/810
f 434/899/885 496/900/886 397/901/887
f 397/901/887 496/900/886 497/902/888
f 397/901/887 497/902/888 398/903/889
f 398/903/889 497/902/888 399/904/890
f 399/904/890 497/902/888 400/905/891
f 400/905/891 497/902/888 498/906/892
f 400/905/891 498/906/892 401/907/893
f 401/907/893 498/906/892 402/908/894
f 402/908/894 498/906/892 403/909/895
f 403/909/895 498/906/892 404/910/896
f 404/910/896 498/906/892 405/911/897
f 405/911/897 498/906/892 406/912/898
f 406/912/898 498/906/892 407/913/899
f 407/913/899 498/906/892 499/914/900
f 407/913/899 499/914/900 408/915/901
f 408/915/901 499/914/900 409/916/902
f 409/916/902 499/914/900 410/917/903
f 410/917/903 499/914/900 411/918/904
f 411/918/904 499/914/900 412/919/905
f 412/919/905 499/914/900 413/920/906
f 413/920/906 499/914/900 473/921/907
f 413/920/906 473/921/907 414/922/908
f 414/922/908 473/921/907 415/923/909
f 415/923/909 473/921/907 416/924/910
f 416/924/910 473/921/907 474/925/911
f 416/924/910 474/925/911 417/926/912
f 417/926/912 474/925/911 475/927/913
f 417/926/912 475/927/913 476/928/914
f 433/929/915 494/930/916 434/899/885
f 434/899/885 494/930/916 495/931/917
f 434/899/885 495/931/917 496/900/886
f 494/930/916 433/929/915 493/932/918
f 493/932/918 433/929/915 432/933/919
f 493/932/918 432/933/919 492/934/920
f 492/934/920 432/933/919 431/935/921
f 492/934/920 431/935/921 491/936/922
f 491/936/922 431/935/921 490/937/923
f 490/937/923 431/935/921 430/938/924
f 490/937/923 430/938/924 489/939/925
f 489/939/925 430/938/924 429/940/926
f 489/939/925 429/940/926 488/941/927
f 488/941/927 429/940/926 428/942/928
f 488/941/927 428/942/928 487/943/929
f 487/943/929 428/942/928 427/944/930
f 487/943/929 427/944/930 486/945/931
f 486/945/931 427/944/930 426/946/932
f 486/945/931 426/946/932 485/947/933
f 485/947/933 426/946/932 425/948/934
f 485/947/933 425/948/934 484/949/935
f 484/949/935 425/948/934 424/950/936
f 484/949/935 424/950/936 483/951/937
f 483/951/937 424/950/936 423/952/938
f 483/951/937 423/952/938 482/953/939
f 482/953/939 423/952/938 422/954/940
f 482/953/939 422/954/940 481/955/941
f 481/955/941 422/954/940 421/956/942
f 481/955/941 421/956/942 480/957/943
f 480/957/943 421/956/942 420/958/944
f 480/957/943 420/958/944 479/959/945
f 479/959/945 420/958/944 478/960/946
f 478/960/946 420/958/944 419/961/947
f 478/960/946 419/961/947 477/962/948
f 477/962/948 419/961/947 418/963/949
f 477/962/948 418/963/949 476/928/914
f 476/928/914 418/963/949 417/926/912
f 524/964/950 497/965/951 523/966/952
f 523/966/952 497/965/951 496/967/953
f 523/966/952 496/967/953 522/968/954
f 522/968/954 496/967/953 495/969/955
f 522/968/954 495/969/955 521/970/956
f 521/970/956 495/969/955 494/971/957
f 521/970/956 494/971/957 520/972/958
f 520/972/958 494/971/957 493/973/959
f 520/972/958 493/973/959 519/974/960
f 519/974/960 493/973/959 492/975/961
f 519/974/960 492/975/961 518/976/962
f 518/976/962 492/975/961 491/977/963
f 518/976/962 491/977/963 517/978/964
f 517/978/964 491/977/963 490/979/965
f 517/978/964 490/979/965 516/980/966
f 516/980/966 490/979/965 489/981/967
f 516/980/966 489/981/967 515/982/968
f 515/982/968 489/981/967 488/983/969
f 515/982/968 488/983/969 514/984/970
f 514/984/970 488/983/969 487/985/971
f 514/984/970 487/985/971 513/986/972
f 513/986/972 487/985/971 486/987/973
f 513/986/972 486/987/973 512/988/974
f 512/988/974 486/987/973 485/989/975
f 512/988/974 485/989/975 511/990/976
f 511/990/976 485/989/975 484/991/977
f 511/990/976 484/991/977 510/992/978
f 510/992/978 484/991/977 483/993/979
f 510/992/978 483/993/979 509/994/980
f 509/994/980 483/993/979 482/995/981
f 509/994/980 482/995/981 508/996/982
f 508/996/982 482/995/981 481/997/983
f 508/996/982 481/997/983 507/998/984
f 507/998/984 481/997/983 480/999/985
f 507/998/984 480/999/985 506/1000/986
f 506/1000/986 480/999/985 479/1001/987
f 506/1000/986 479/1001/987 505/1002/988
f 505/1002/988 479/1001/987 478/1003/989
f 505/1002/988 478/1003/989 504/1004/990
f 504/1004/990 478/1003/989 477/1005/991
f 504/1004/990 477/1005/991 503/1006/992
f 503/1006/992 477/1005/991 476/1007/993
f 503/1006/992 476/1007/993 502/1008/994
f 502/1008/994 476/1007/993 475/1009/995
f 502/1008/994 475/1009/995 501/1010/996
f 501/1010/996 475/1009/995 474/1011/997
f 501/1010/996 474/1011/997 500/1012/998
f 500/1012/998 474/1011/997 473/1013/999
f 472/1014/1000 524/1015/1001 435/1016/1002
f 435/1016/1002 524/1015/1001 523/1017/1003
f 435/1016/1002 523/1017/1003 436/1018/1004
f 436/1018/1004 523/1017/1003 522/1019/1005
f 436/1018/1004 522/1019/1005 521/1020/1006
f 472/1014/1000 471/1021/1007 524/1015/1001
f 524/1015/1001 471/1021/1007 470/1022/1008
f 524/1015/1001 470/1022/1008 526/1023/1009
f 526/1023/1009 470/1022/1008 469/1024/1010
f 526/1023/1009 469/1024/1010 468/1025/1011
f 468/1025/1011 467/1026/1012 526/1023/1009
f 526/1023/1009 467/1026/1012 466/1027/1013
f 526/1023/1009 466/1027/1013 465/1028/1014
f 465/1028/1014 464/1029/1015 526/1023/1009
f 526/1023/1009 464/1029/1015 463/1030/1016
f 526/1023/1009 463/1030/1016 525/1031/1017
f 525/1031/1017 463/1030/1016 462/1032/1018
f 525/1031/1017 462/1032/1018 461/1033/1019
f 461/1033/1019 460/1034/1020 525/1031/1017
f 525/1031/1017 460/1034/1020 459/1035/1021
f 525/1031/1017 459/1035/1021 458/1036/1022
f 458/1036/1022 457/1037/1023 525/1031/1017
f 525/1031/1017 457/1037/1023 500/1038/1024
f 500/1038/1024 457/1037/1023 456/1039/1025
f 500/1038/1024 456/1039/1025 455/1040/1026
f 455/1040/1026 454/1041/1027 500/1038/1024
f 500/1038/1024 454/1041/1027 501/1042/1028
f 501/1042/1028 454/1041/1027 453/1043/1029
f 501/1042/1028 453/1043/1029 502/1044/1030
f 502/1044/1030 453/1043/1029 503/1045/1031
f 503/1045/1031 453/1043/1029 452/1046/1032
f 503/1045/1031 452/1046/1032 504/1047/1033
f 504/1047/1033 452/1046/1032 451/1048/1034
f 504/1047/1033 451/1048/1034 505/1049/1035
f 505/1049/1035 451/1048/1034 450/1050/1036
f 505/1049/1035 450/1050/1036 506/1051/1037
f 506/1051/1037 450/1050/1036 507/1052/1038
f 507/1052/1038 450/1050/1036 449/1053/1039
f 507/1052/1038 449/1053/1039 508/1054/1040
f 508/1054/1040 449/1053/1039 448/1055/1041
f 508/1054/1040 448/1055/1041 509/1056/1042
f 509/1056/1042 448/1055/1041 447/1057/1043
f 509/1056/1042 447/1057/1043 510/1058/1044
f 510/1058/1044 447/1057/1043 446/1059/1045
f 510/1058/1044 446/1059/1045 511/1060/1046
f 511/1060/1046 446/1059/1045 445/1061/1047
f 511/1060/1046 445/1061/1047 512/1062/1048
f 512/1062/1048 445/1061/1047 444/1063/1049
f 512/1062/1048 444/1063/1049 513/1064/1050
f 513/1064/1050 444/1063/1049 443/1065/1051
f 513/1064/1050 443/1065/1051 514/1066/1052
f 514/1066/1052 443/1065/1051 442/1067/1053
f 514/1066/1052 442/1067/1053 515/1068/1054
f 515/1068/1054 442/1067/1053 441/1069/1055
f 515/1068/1054 441/1069/1055 516/1070/1056
f 516/1070/1056 441/1069/1055 440/1071/1057
f 516/1070/1056 440/1071/1057 517/1072/1058
f 517/1072/1058 440/1071/1057 439/1073/1059
f 517/1072/1058 439/1073/1059 518/1074/1060
f 518/1074/1060 439/1073/1059 519/1075/1061
f 519/1075/1061 439/1073/1059 438/1076/1062
f 519/1075/1061 438/1076/1062 520/1077/1063
f 520/1077/1063 438/1076/1062 437/1078/1064
f 520/1077/1063 437/1078/1064 521/1020/1006
f 521/1020/1006 437/1078/1064 436/1018/1004
f 525/1079/1065 499/1080/1066 526/1081/1067
f 526/1081/1067 499/1080/1066 498/1082/1068
f 524/1083/950 526/1084/1069 497/1085/951
f 497/1085/951 526/1084/1069 498/1086/1070
f 473/1087/999 499/1088/1071 500/1089/998
f 500/1089/998 499/1088/1071 525/1090/1072
g Body6

v 0.155000 0.020000 -0.040000
v 0.151708 0.019727 -0.040000
v 0.148506 0.018916 -0.040000
v 0.145481 0.017589 -0.040000
v 0.142716 0.015783 -0.040000
v 0.140286 0.013546 -0.040000
v 0.138257 0.010939 -0.040000
v 0.136685 0.008034 -0.040000
v 0.135612 0.004910 -0.040000
v 0.135068 0.001652 -0.040000
v 0.135068 -0.001652 -0.040000
v 0.135612 -0.004910 -0.040000
v 0.136685 -0.008034 -0.040000
v 0.138257 -0.010939 -0.040000
v 0.140286 -0.013546 -0.040000
v 0.142716 -0.015783 -0.040000
v 0.145481 -0.017589 -0.040000
v 0.148506 -0.018916 -0.040000
v 0.151708 -0.019727 -0.040000
v 0.155000 -0.020000 -0.040000
v 0.158292 -0.019727 -0.040000
v 0.161494 -0.018916 -0.040000
v 0.164519 -0.017589 -0.040000
v 0.167284 -0.015783 -0.040000
v 0.169714 -0.013546 -0.040000
v 0.171743 -0.010939 -0.040000
v 0.173315 -0.008034 -0.040000
v 0.174388 -0.004910 -0.040000
v 0.174932 -0.001652 -0.040000
v 0.174932 0.001652 -0.040000
v 0.174388 0.004910 -0.040000
v 0.173315 0.008034 -0.040000
v 0.171743 0.010939 -0.040000
v 0.169714 0.013546 -0.040000
v 0.167284 0.015783 -0.040000
v 0.164519 0.017589 -0.040000
v 0.161494 0.018916 -0.040000
v 0.158292 0.019727 -0.040000
v 0.155000 0.020000 -0.048000
v 0.158292 0.019727 -0.048000
v 0.161494 0.018916 -0.048000
v 0.164519 0.017589 -0.048000
v 0.167284 0.015783 -0.048000
v 0.169714 0.013546 -0.048000
v 0.171743 0.010939 -0.048000
v 0.173315 0.008034 -0.048000
v 0.174388 0.004910 -0.048000
v 0.174932 0.001652 -0.048000
v 0.174932 -0.001652 -0.048000
v 0.174388 -0.004910 -0.048000
v 0.173315 -0.008034 -0.048000
v 0.171743 -0.010939 -0.048000
v 0.169714 -0.013546 -0.048000
v 0.167284 -0.015783 -0.048000
v 0.164519 -0.017589 -0.048000
v 0.161494 -0.018916 -0.048000
v 0.158292 -0.019727 -0.048000
v 0.155000 -0.020000 -0.048000
v 0.151708 -0.019727 -0.048000
v 0.148506 -0.018916 -0.048000
v 0.145481 -0.017589 -0.048000
v 0.142716 -0.015783 -0.048000
v 0.140286 -0.013546 -0.048000
v 0.138257 -0.010939 -0.048000
v 0.136685 -0.008034 -0.048000
v 0.135612 -0.004910 -0.048000
v 0.135068 -0.001652 -0.048000
v 0.135068 0.001652 -0.048000
v 0.135612 0.004910 -0.048000
v 0.136685 0.008034 -0.048000
v 0.138257 0.010939 -0.048000
v 0.140286 0.013546 -0.048000
v 0.142716 0.015783 -0.048000
v 0.145481 0.017589 -0.048000
v 0.148506 0.018916 -0.048000
v 0.151708 0.019727 -0.048000
v 0.155000 -0.030000 -0.040000
v 0.158916 -0.029743 -0.040000
v 0.162765 -0.028978 -0.040000
v 0.166481 -0.027716 -0.040000
v 0.170000 -0.025981 -0.040000
v 0.173263 -0.023801 -0.040000
v 0.176213 -0.021213 -0.040000
v 0.178801 -0.018263 -0.040000
v 0.180981 -0.015000 -0.040000
v 0.182716 -0.011481 -0.040000
v 0.183978 -0.007765 -0.040000
v 0.184743 -0.003916 -0.040000
v 0.185000 -0.000000 -0.040000
v 0.184743 0.003916 -0.040000
v 0.183978 0.007765 -0.040000
v 0.182716 0.011481 -0.040000
v 0.180981 0.015000 -0.040000
v 0.178801 0.018263 -0.040000
v 0.176213 0.021213 -0.040000
v 0.173263 0.023801 -0.040000
v 0.170000 0.025981 -0.040000
v 0.166481 0.027716 -0.040000
v 0.162765 0.028978 -0.040000
v 0.158916 0.029743 -0.040000
v 0.155000 0.030000 -0.040000
v 0.101000 0.030000 -0.040000
v 0.101000 -0.030000 -0.040000
v 0.155000 -0.030000 -0.048000
v 0.158916 -0.029743 -0.048000
v 0.162765 -0.028978 -0.048000
v 0.166481 -0.027716 -0.048000
v 0.170000 -0.025981 -0.048000
v 0.173263 -0.023801 -0.048000
v 0.176213 -0.021213 -0.048000
v 0.178801 -0.018263 -0.048000
v 0.180981 -0.015000 -0.048000
v 0.182716 -0.011481 -0.048000
v 0.183978 -0.007765 -0.048000
v 0.184743 -0.003916 -0.048000
v 0.185000 -0.000000 -0.048000
v 0.184743 0.003916 -0.048000
v 0.183978 0.007765 -0.048000
v 0.182716 0.011481 -0.048000
v 0.180981 0.015000 -0.048000
v 0.178801 0.018263 -0.048000
v 0.176213 0.021213 -0.048000
v 0.173263 0.023801 -0.048000
v 0.170000 0.025981 -0.048000
v 0.166481 0.027716 -0.048000
v 0.162765 0.028978 -0.048000
v 0.158916 0.029743 -0.048000
v 0.155000 0.030000 -0.048000
v 0.101000 -0.030000 -0.048000
v 0.101000 0.030000 -0.048000
vt 4.200000 5.952491 0.000000
vt 5.000000 5.952491 0.000000
vt 4.200000 6.283185 0.000000
vt 5.000000 6.283185 0.000000
vt 4.200000 -6.283185 0.000000
vt 5.000000 -6.283185 0.000000
vt 4.200000 -5.952491 0.000000
vt 5.000000 -5.952491 0.000000
vt 4.200000 -5.621797 0.000000
vt 5.000000 -5.621797 0.000000
vt 4.200000 -5.291103 0.000000
vt 5.000000 -5.291103 0.000000
vt 4.200000 -4.960409 0.000000
vt 5.000000 -4.960409 0.000000
vt 4.200000 -4.629715 0.000000
vt 5.000000 -4.629715 0.000000
vt 4.200000 -4.299022 0.000000
vt 5.000000 -4.299022 0.000000
vt 4.200000 -3.968328 0.000000
vt 5.000000 -3.968328 0.000000
vt 4.200000 -3.637634 0.000000
vt 5.000000 -3.637634 0.000000
vt 4.200000 -3.306940 0.000000
vt 5.000000 -3.306940 0.000000
vt 4.200000 -2.976246 0.000000
vt 5.000000 -2.976246 0.000000
vt 4.200000 -2.645552 0.000000
vt 5.000000 -2.645552 0.000000
vt 4.200000 -2.314858 0.000000
vt 5.000000 -2.314858 0.000000
vt 4.200000 -1.984164 0.000000
vt 5.000000 -1.984164 0.000000
vt 4.200000 -1.653470 0.000000
vt 5.000000 -1.653470 0.000000
vt 4.200000 -1.322776 0.000000
vt 5.000000 -1.322776 0.000000
vt 4.200000 -0.992082 0.000000
vt 5.000000 -0.992082 0.000000
vt 4.200000 -0.661388 0.000000
vt 5.000000 -0.661388 0.000000
vt 4.200000 -0.330694 0.000000
vt 5.000000 -0.330694 0.000000
vt 4.200000 0.000000 0.000000
vt 5.000000 0.000000 0.000000
vt 4.200000 0.330694 0.000000
vt 5.000000 0.330694 0.000000
vt 4.200000 0.661388 0.000000
vt 5.000000 0.661388 0.000000
vt 4.200000 0.992082 0.000000
vt 5.000000 0.992082 0.000000
vt 4.200000 1.322776 0.000000
vt 5.000000 1.322776 0.000000
vt 4.200000 1.653470 0.000000
vt 5.000000 1.653470 0.000000
vt 4.200000 1.984164 0.000000
vt 5.000000 1.984164 0.000000
vt 4.200000 2.314858 0.000000
vt 5.000000 2.314858 0.000000
vt 4.200000 2.645552 0.000000
vt 5.000000 2.645552 0.000000
vt 4.200000 2.976246 0.000000
vt 5.000000 2.976246 0.000000
vt 4.200000 3.306940 0.000000
vt 5.000000 3.306940 0.000000
vt 4.200000 3.637634 0.000000
vt 5.000000 3.637634 0.000000
vt 4.200000 3.968328 0.000000
vt 5.000000 3.968328 0.000000
vt 4.200000 4.299022 0.000000
vt 5.000000 4.299022 0.000000
vt 4.200000 4.629715 0.000000
vt 5.000000 4.629715 0.000000
vt 4.200000 4.960409 0.000000
vt 5.000000 4.960409 0.000000
vt 4.200000 5.291103 0.000000
vt 5.000000 5.291103 0.000000
vt 4.200000 5.621797 0.000000
vt 5.000000 5.621797 0.000000
vt -0.779189 -1.972723 0.000000
vt -0.841579 -2.974335 0.000000
vt -0.450000 -2.000000 0.000000
vt -0.450000 -3.000000 0.000000
vt -0.120811 -1.972723 0.000000
vt 0.199399 -1.891634 0.000000
vt 0.501895 -1.758948 0.000000
vt 4.950000 -3.000000 0.000000
vt 0.778425 -1.578281 0.000000
vt 1.021448 -1.354563 0.000000
vt 1.224333 -1.093896 0.000000
vt 1.381547 -0.803391 0.000000
vt 1.488801 -0.490971 0.000000
vt 1.543169 -0.165159 0.000000
vt 1.543169 0.165159 0.000000
vt 4.950000 3.000000 0.000000
vt 1.488801 0.490971 0.000000
vt 1.381547 0.803391 0.000000
vt 1.224333 1.093896 0.000000
vt 1.021448 1.354563 0.000000
vt 0.778425 1.578281 0.000000
vt 0.501895 1.758948 0.000000
vt -0.450000 3.000000 0.000000
vt 0.199399 1.891634 0.000000
vt -0.120811 1.972723 0.000000
vt -0.450000 2.000000 0.000000
vt -0.841579 2.974335 0.000000
vt -0.779189 1.972723 0.000000
vt -1.226457 2.897777 0.000000
vt -1.598050 2.771639 0.000000
vt -1.099399 -1.891634 0.000000
vt -1.598050 -2.771639 0.000000
vt -1.226457 -2.897777 0.000000
vt -1.950000 -2.598076 0.000000
vt -1.401895 -1.758948 0.000000
vt -2.276284 -2.380060 0.000000
vt -1.678425 -1.578281 0.000000
vt -2.571320 -2.121320 0.000000
vt -2.830060 -1.826284 0.000000
vt -1.921448 -1.354563 0.000000
vt -3.048076 -1.500000 0.000000
vt -2.124333 -1.093896 0.000000
vt -3.221639 -1.148050 0.000000
vt -2.281547 -0.803391 0.000000
vt -3.347777 -0.776457 0.000000
vt -2.388801 -0.490971 0.000000
vt -3.424335 -0.391579 0.000000
vt -2.443169 -0.165159 0.000000
vt -3.450000 0.000000 0.000000
vt -2.443169 0.165159 0.000000
vt -3.424335 0.391579 0.000000
vt -2.388801 0.490971 0.000000
vt -3.347777 0.776457 0.000000
vt -2.281547 0.803391 0.000000
vt -3.221639 1.148050 0.000000
vt -2.124333 1.093896 0.000000
vt -3.048076 1.500000 0.000000
vt -1.921448 1.354563 0.000000
vt -2.830060 1.826284 0.000000
vt -1.678425 1.578281 0.000000
vt -2.571320 2.121320 0.000000
vt -2.276284 2.380060 0.000000
vt -1.401895 1.758948 0.000000
vt -1.950000 2.598076 0.000000
vt -1.099399 1.891634 0.000000
vt -0.400000 -7.068583 0.000000
vt 0.400000 -7.068583 0.000000
vt -0.400000 -6.675884 0.000000
vt 0.400000 -6.675884 0.000000
vt -0.400000 -6.283185 0.000000
vt 0.400000 -6.283185 0.000000
vt -0.400000 -5.890486 0.000000
vt 0.400000 -5.890486 0.000000
vt -0.400000 -5.497787 0.000000
vt 0.400000 -5.497787 0.000000
vt -0.400000 -5.105088 0.000000
vt 0.400000 -5.105088 0.000000
vt -0.400000 -4.712389 0.000000
vt 0.400000 -4.712389 0.000000
vt -0.400000 -4.319690 0.000000
vt 0.400000 -4.319690 0.000000
vt -0.400000 -3.926991 0.000000
vt 0.400000 -3.926991 0.000000
vt -0.400000 -3.534292 0.000000
vt 0.400000 -3.534292 0.000000
vt -0.400000 -3.141593 0.000000
vt 0.400000 -3.141593 0.000000
vt -0.400000 -2.748894 0.000000
vt 0.400000 -2.748894 0.000000
vt -0.400000 -2.356194 0.000000
vt 0.400000 -2.356194 0.000000
vt -0.400000 -1.963495 0.000000
vt 0.400000 -1.963495 0.000000
vt -0.400000 -1.570796 0.000000
vt 0.400000 -1.570796 0.000000
vt -0.400000 -1.178097 0.000000
vt 0.400000 -1.178097 0.000000
vt -0.400000 -0.785398 0.000000
vt 0.400000 -0.785398 0.000000
vt -0.400000 -0.392699 0.000000
vt 0.400000 -0.392699 0.000000
vt -0.400000 0.000000 0.000000
vt 0.400000 0.000000 0.000000
vt -0.400000 0.392699 0.000000
vt 0.400000 0.392699 0.000000
vt -0.400000 0.785398 0.000000
vt 0.400000 0.785398 0.000000
vt -0.400000 1.178097 0.000000
vt 0.400000 1.178097 0.000000
vt -0.400000 1.570796 0.000000
vt 0.400000 1.570796 0.000000
vt -0.400000 1.963495 0.000000
vt 0.400000 1.963495 0.000000
vt -0.400000 2.356194 0.000000
vt 0.400000 2.356194 0.000000
vt 0.120811 -1.972723 0.000000
vt 0.450000 -3.000000 0.000000
vt 0.450000 -2.000000 0.000000
vt 0.841579 -2.974335 0.000000
vt 0.779189 -1.972723 0.000000
vt 1.226457 -2.897777 0.000000
vt 1.598050 -2.771639 0.000000
vt -0.199399 -1.891634 0.000000
vt -0.501895 -1.758948 0.000000
vt -4.950000 -3.000000 0.000000
vt -0.778425 -1.578281 0.000000
vt -1.021448 -1.354563 0.000000
vt -1.224333 -1.093896 0.000000
vt -1.381547 -0.803391 0.000000
vt -1.488801 -0.490971 0.000000
vt -1.543169 -0.165159 0.000000
vt -1.543169 0.165159 0.000000
vt -4.950000 3.000000 0.000000
vt -1.488801 0.490971 0.000000
vt -1.381547 0.803391 0.000000
vt -1.224333 1.093896 0.000000
vt -1.021448 1.354563 0.000000
vt -0.778425 1.578281 0.000000
vt -0.501895 1.758948 0.000000
vt 0.450000 3.000000 0.000000
vt -0.199399 1.891634 0.000000
vt 0.120811 1.972723 0.000000
vt 0.450000 2.000000 0.000000
vt 0.841579 2.974335 0.000000
vt 0.779189 1.972723 0.000000
vt 1.226457 2.897777 0.000000
vt 1.598050 2.771639 0.000000
vt 1.099399 1.891634 0.000000
vt 1.950000 2.598076 0.000000
vt 1.401895 1.758948 0.000000
vt 2.276284 2.380060 0.000000
vt 1.678425 1.578281 0.000000
vt 2.571320 2.121320 0.000000
vt 2.830060 1.826284 0.000000
vt 1.921448 1.354563 0.000000
vt 3.048076 1.500000 0.000000
vt 2.124333 1.093896 0.000000
vt 3.221639 1.148050 0.000000
vt 2.281547 0.803391 0.000000
vt 3.347777 0.776457 0.000000
vt 2.388801 0.490971 0.000000
vt 3.424335 0.391579 0.000000
vt 2.443169 0.165159 0.000000
vt 3.450000 0.000000 0.000000
vt 2.443169 -0.165159 0.000000
vt 3.424335 -0.391579 0.000000
vt 2.388801 -0.490971 0.000000
vt 3.347777 -0.776457 0.000000
vt 2.281547 -0.803391 0.000000
vt 3.221639 -1.148050 0.000000
vt 2.124333 -1.093896 0.000000
vt 3.048076 -1.500000 0.000000
vt 1.921448 -1.354563 0.000000
vt 2.830060 -1.826284 0.000000
vt 1.678425 -1.578281 0.000000
vt 2.571320 -2.121320 0.000000
vt 2.276284 -2.380060 0.000000
vt 1.401895 -1.758948 0.000000
vt 1.950000 -2.598076 0.000000
vt 1.099399 -1.891634 0.000000
vt 0.400000 3.000000 0.000000
vt -0.400000 3.000000 0.000000
vt 0.400000 -3.000000 0.000000
vt -0.400000 -3.000000 0.000000
vt 0.450000 0.400000 0.000000
vt -4.950000 0.400000 0.000000
vt 0.450000 -0.400000 0.000000
vt -4.950000 -0.400000 0.000000
vt -0.450000 -0.400000 0.000000
vt 4.950000 -0.400000 0.000000
vt -0.450000 0.400000 0.000000
vt 4.950000 0.400000 0.000000
vn 16.459459 -98.636130 0.000000
vn 16.459459 -98.636130 0.000000
vn 0.000000 -100.000000 0.000000
vn 0.000000 -100.000000 0.000000
vn -16.459459 -98.636130 0.000000
vn -16.459459 -98.636130 0.000000
vn -32.469947 -94.581724 0.000000
vn -32.469947 -94.581724 0.000000
vn -47.594739 -87.947375 0.000000
vn -47.594739 -87.947375 0.000000
vn -61.421271 -78.914051 0.000000
vn -61.421271 -78.914051 0.000000
vn -73.572391 -67.728157 0.000000
vn -73.572391 -67.728157 0.000000
vn -83.716648 -54.694816 0.000000
vn -83.716648 -54.694816 0.000000
vn -91.577333 -40.169542 0.000000
vn -91.577333 -40.169542 0.000000
vn -96.940027 -24.548549 0.000000
vn -96.940027 -24.548549 0.000000
vn -99.658449 -8.257935 0.000000
vn -99.658449 -8.257935 0.000000
vn -99.658449 8.257935 0.000000
vn -99.658449 8.257935 0.000000
vn -96.940027 24.548549 0.000000
vn -96.940027 24.548549 0.000000
vn -91.577333 40.169542 0.000000
vn -91.577333 40.169542 0.000000
vn -83.716648 54.694816 0.000000
vn -83.716648 54.694816 0.000000
vn -73.572391 67.728157 0.000000
vn -73.572391 67.728157 0.000000
vn -61.421271 78.914051 0.000000
vn -61.421271 78.914051 0.000000
vn -47.594739 87.947375 0.000000
vn -47.594739 87.947375 0.000000
vn -32.469947 94.581724 0.000000
vn -32.469947 94.581724 0.000000
vn -16.459459 98.636130 0.000000
vn -16.459459 98.636130 0.000000
vn -0.000000 100.000000 -0.000000
vn -0.000000 100.000000 -0.000000
vn 16.459459 98.636130 0.000000
vn 16.459459 98.636130 0.000000
vn 32.469947 94.581724 0.000000
vn 32.469947 94.581724 0.000000
vn 47.594739 87.947375 0.000000
vn 47.594739 87.947375 0.000000
vn 61.421271 78.914051 0.000000
vn 61.421271 78.914051 0.000000
vn 73.572391 67.728157 0.000000
vn 73.572391 67.728157 0.000000
vn 83.716648 54.694816 0.000000
vn 83.716648 54.694816 0.000000
vn 91.577333 40.169542 0.000000
vn 91.577333 40.169542 0.000000
vn 96.940027 24.548549 0.000000
vn 96.940027 24.548549 0.000000
vn 99.658449 8.257935 0.000000
vn 99.658449 8.257935 0.000000
vn 99.658449 -8.257935 0.000000
vn 99.658449 -8.257935 0.000000
vn 96.940027 -24.548549 0.000000
vn 96.940027 -24.548549 0.000000
vn 91.577333 -40.169542 0.000000
vn 91.577333 -40.169542 0.000000
vn 83.716648 -54.694816 0.000000
vn 83.716648 -54.694816 0.000000
vn 73.572391 -67.728157 0.000000
vn 73.572391 -67.728157 0.000000
vn 61.421271 -78.914051 0.000000
vn 61.421271 -78.914051 0.000000
vn 47.594739 -87.947375 0.000000
vn 47.594739 -87.947375 0.000000
vn 32.469947 -94.581724 0.000000
vn 32.469947 -94.581724 0.000000
vn -0.000000 -0.000000 100.000000
vn -0.000000 -0.000000 100.000000
vn -0.000000 -0.000000 100.000000
vn -0.000000 -0.000000 100.000000
vn -0.000000 -0.000000 100.000000
vn -0.000000 -0.000000 100.000000
vn -0.000000 -0.000000 100.000000
vn -0.000000 -0.000000 100.000000
vn -0.000000 -0.000000 100.000000
vn -0.000000 -0.000000 100.000000
vn -0.000000 -0.000000 100.000000
vn -0.000000 -0.000000 100.000000
vn -0.000000 -0.000000 100.000000
vn -0.000000 -0.000000 100.000000
vn -0.000000 -0.000000 100.000000
vn -0.000000 -0.000000 100.000000
vn -0.000000 -0.000000 100.000000
vn -0.000000 -0.000000 100.000000
vn -0.000000 -0.000000 100.000000
vn -0.000000 -0.000000 100.000000
vn -0.000000 -0.000000 100.000000
vn -0.000000 -0.000000 100.000000
vn -0.000000 -0.000000 100.000000
vn -0.000000 -0.000000 100.000000
vn -0.000000 -0.000000 100.000000
vn -0.000000 -0.000000 100.000000
vn -0.000000 -0.000000 100.000000
vn -0.000000 -0.000000 100.000000
vn -0.000000 -0.000000 100.000000
vn -0.000000 -0.000000 100.000000
vn -0.000000 -0.000000 100.000000
vn -0.000000 -0.000000 100.000000
vn -0.000000 -0.000000 100.000000
vn -0.000000 -0.000000 100.000000
vn -0.000000 -0.000000 100.000000
vn -0.000000 -0.000000 100.000000
vn -0.000000 -0.000000 100.000000
vn -0.000000 -0.000000 100.000000
vn -0.000000 -0.000000 100.000000
vn -0.000000 -0.000000 100.000000
vn -0.000000 -0.000000 100.000000
vn -0.000000 -0.000000 100.000000
vn -0.000000 -0.000000 100.000000
vn -0.000000 -0.000000 100.000000
vn -0.000000 -0.000000 100.000000
vn -0.000000 -0.000000 100.000000
vn -0.000000 -0.000000 100.000000
vn -0.000000 -0.000000 100.000000
vn -0.000000 -0.000000 100.000000
vn -0.000000 -0.000000 100.000000
vn -0.000000 -0.000000 100.000000
vn -0.000000 -0.000000 100.000000
vn -0.000000 -0.000000 100.000000
vn -0.000000 -0.000000 100.000000
vn -0.000000 -0.000000 100.000000
vn -0.000000 -0.000000 100.000000
vn -0.000000 -0.000000 100.000000
vn -0.000000 -0.000000 100.000000
vn -0.000000 -0.000000 100.000000
vn -0.000000 -0.000000 100.000000
vn -0.000000 -0.000000 100.000000
vn -0.000000 -0.000000 100.000000
vn -0.000000 -0.000000 100.000000
vn -0.000000 -0.000000 100.000000
vn -0.000000 -0.000000 100.000000
vn -0.000000 100.000000 0.000000
vn -0.000000 100.000000 0.000000
vn 13.052619 99.144486 0.000000
vn 13.052619 99.144486 0.000000
vn 25.881905 96.592583 0.000000
vn 25.881905 96.592583 0.000000
vn 38.268343 92.387953 0.000000
vn 38.268343 92.387953 0.000000
vn 50.000000 86.602540 0.000000
vn 50.000000 86.602540 0.000000
vn 60.876143 79.335334 0.000000
vn 60.876143 79.335334 0.000000
vn 70.710678 70.710678 0.000000
vn 70.710678 70.710678 0.000000
vn 79.335334 60.876143 0.000000
vn 79.335334 60.876143 0.000000
vn 86.602540 50.000000 0.000000
vn 86.602540 50.000000 0.000000
vn 92.387953 38.268343 0.000000
vn 92.387953 38.268343 0.000000
vn 96.592583 25.881905 0.000000
vn 96.592583 25.881905 0.000000
vn 99.144486 13.052619 0.000000
vn 99.144486 13.052619 0.000000
vn 100.000000 0.000000 0.000000
vn 100.000000 0.000000 0.000000
vn 99.144486 -13.052619 0.000000
vn 99.144486 -13.052619 0.000000
vn 96.592583 -25.881905 0.000000
vn 96.592583 -25.881905 0.000000
vn 92.387953 -38.268343 0.000000
vn 92.387953 -38.268343 0.000000
vn 86.602540 -50.000000 0.000000
vn 86.602540 -50.000000 0.000000
vn 79.335334 -60.876143 0.000000
vn 79.335334 -60.876143 0.000000
vn 70.710678 -70.710678 0.000000
vn 70.710678 -70.710678 0.000000
vn 60.876143 -79.335334 0.000000
vn 60.876143 -79.335334 0.000000
vn 50.000000 -86.602540 0.000000
vn 50.000000 -86.602540 0.000000
vn 38.268343 -92.387953 0.000000
vn 38.268343 -92.387953 0.000000
vn 25.881905 -96.592583 0.000000
vn 25.881905 -96.592583 0.000000
vn 13.052619 -99.144486 0.000000
vn 13.052619 -99.144486 0.000000
vn 0.000000 -100.000000 -0.000000
vn 0.000000 -100.000000 -0.000000
vn 0.000000 0.000000 -100.000000
vn 0.000000 0.000000 -100.000000
vn 0.000000 0.000000 -100.000000
vn 0.000000 0.000000 -100.000000
vn 0.000000 0.000000 -100.000000
vn 0.000000 0.000000 -100.000000
vn 0.000000 0.000000 -100.000000
vn 0.000000 0.000000 -100.000000
vn 0.000000 0.000000 -100.000000
vn 0.000000 0.000000 -100.000000
vn 0.000000 0.000000 -100.000000
vn 0.000000 0.000000 -100.000000
vn 0.000000 0.000000 -100.000000
vn 0.000000 0.000000 -100.000000
vn 0.000000 0.000000 -100.000000
vn 0.000000 0.000000 -100.000000
vn 0.000000 0.000000 -100.000000
vn 0.000000 0.000000 -100.000000
vn 0.000000 0.000000 -100.000000
vn 0.000000 0.000000 -100.000000
vn 0.000000 0.000000 -100.000000
vn 0.000000 0.000000 -100.000000
vn 0.000000 0.000000 -100.000000
vn 0.000000 0.000000 -100.000000
vn 0.000000 0.000000 -100.000000
vn 0.000000 0.000000 -100.000000
vn 0.000000 0.000000 -100.000000
vn 0.000000 0.000000 -100.000000
vn 0.000000 0.000000 -100.000000
vn 0.000000 0.000000 -100.000000
vn 0.000000 0.000000 -100.000000
vn 0.000000 0.000000 -100.000000
vn 0.000000 0.000000 -100.000000
vn 0.000000 0.000000 -100.000000
vn 0.000000 0.000000 -100.000000
vn 0.000000 0.000000 -100.000000
vn 0.000000 0.000000 -100.000000
vn 0.000000 0.000000 -100.000000
vn 0.000000 0.000000 -100.000000
vn 0.000000 0.000000 -100.000000
vn 0.000000 0.000000 -100.000000
vn 0.000000 0.000000 -100.000000
vn 0.000000 0.000000 -100.000000
vn 0.000000 0.000000 -100.000000
vn 0.000000 0.000000 -100.000000
vn 0.000000 0.000000 -100.000000
vn 0.000000 0.000000 -100.000000
vn 0.000000 0.000000 -100.000000
vn 0.000000 0.000000 -100.000000
vn 0.000000 0.000000 -100.000000
vn 0.000000 0.000000 -100.000000
vn 0.000000 0.000000 -100.000000
vn 0.000000 0.000000 -100.000000
vn 0.000000 0.000000 -100.000000
vn 0.000000 0.000000 -100.000000
vn 0.000000 0.000000 -100.000000
vn 0.000000 0.000000 -100.000000
vn 0.000000 0.000000 -100.000000
vn 0.000000 0.000000 -100.000000
vn 0.000000 0.000000 -100.000000
vn 0.000000 0.000000 -100.000000
vn 0.000000 0.000000 -100.000000
vn 0.000000 0.000000 -100.000000
vn 0.000000 0.000000 -100.000000
vn 0.000000 0.000000 -100.000000
vn -100.000000 -0.000000 -0.000000
vn -100.000000 -0.000000 -0.000000
vn -100.000000 -0.000000 -0.000000
vn -100.000000 -0.000000 -0.000000
vn -0.000000 100.000000 -0.000000
vn -0.000000 100.000000 -0.000000
vn 0.000000 -100.000000 0.000000
vn 0.000000 -100.000000 0.000000
f 528/1091/1073 602/1092/1074 527/1093/1075
f 527/1093/1075 602/1092/1074 565/1094/1076
f 527/1095/1075 565/1096/1076 564/1097/1077
f 564/1097/1077 565/1096/1076 566/1098/1078
f 564/1097/1077 566/1098/1078 563/1099/1079
f 563/1099/1079 566/1098/1078 567/1100/1080
f 563/1099/1079 567/1100/1080 562/1101/1081
f 562/1101/1081 567/1100/1080 568/1102/1082
f 562/1101/1081 568/1102/1082 561/1103/1083
f 561/1103/1083 568/1102/1082 569/1104/1084
f 561/1103/1083 569/1104/1084 560/1105/1085
f 560/1105/1085 569/1104/1084 570/1106/1086
f 560/1105/1085 570/1106/1086 559/1107/1087
f 559/1107/1087 570/1106/1086 571/1108/1088
f 559/1107/1087 571/1108/1088 558/1109/1089
f 558/1109/1089 571/1108/1088 572/1110/1090
f 558/1109/1089 572/1110/1090 557/1111/1091
f 557/1111/1091 572/1110/1090 573/1112/1092
f 557/1111/1091 573/1112/1092 556/1113/1093
f 556/1113/1093 573/1112/1092 574/1114/1094
f 556/1113/1093 574/1114/1094 555/1115/1095
f 555/1115/1095 574/1114/1094 575/1116/1096
f 555/1115/1095 575/1116/1096 554/1117/1097
f 554/1117/1097 575/1116/1096 576/1118/1098
f 554/1117/1097 576/1118/1098 553/1119/1099
f 553/1119/1099 576/1118/1098 577/1120/1100
f 553/1119/1099 577/1120/1100 552/1121/1101
f 552/1121/1101 577/1120/1100 578/1122/1102
f 552/1121/1101 578/1122/1102 551/1123/1103
f 551/1123/1103 578/1122/1102 579/1124/1104
f 551/1123/1103 579/1124/1104 550/1125/1105
f 550/1125/1105 579/1124/1104 580/1126/1106
f 550/1125/1105 580/1126/1106 549/1127/1107
f 549/1127/1107 580/1126/1106 581/1128/1108
f 549/1127/1107 581/1128/1108 548/1129/1109
f 548/1129/1109 581/1128/1108 582/1130/1110
f 548/1129/1109 582/1130/1110 547/1131/1111
f 547/1131/1111 582/1130/1110 583/1132/1112
f 547/1131/1111 583/1132/1112 546/1133/1113
f 546/1133/1113 583/1132/1112 584/1134/1114
f 546/1133/1113 584/1134/1114 545/1135/1115
f 545/1135/1115 584/1134/1114 585/1136/1116
f 545/1135/1115 585/1136/1116 544/1137/1117
f 544/1137/1117 585/1136/1116 586/1138/1118
f 544/1137/1117 586/1138/1118 543/1139/1119
f 543/1139/1119 586/1138/1118 587/1140/1120
f 543/1139/1119 587/1140/1120 542/1141/1121
f 542/1141/1121 587/1140/1120 588/1142/1122
f 542/1141/1121 588/1142/1122 541/1143/1123
f 541/1143/1123 588/1142/1122 589/1144/1124
f 541/1143/1123 589/1144/1124 540/1145/1125
f 540/1145/1125 589/1144/1124 590/1146/1126
f 540/1145/1125 590/1146/1126 539/1147/1127
f 539/1147/1127 590/1146/1126 591/1148/1128
f 539/1147/1127 591/1148/1128 538/1149/1129
f 538/1149/1129 591/1148/1128 592/1150/1130
f 538/1149/1129 592/1150/1130 537/1151/1131
f 537/1151/1131 592/1150/1130 593/1152/1132
f 537/1151/1131 593/1152/1132 536/1153/1133
f 536/1153/1133 593/1152/1132 594/1154/1134
f 536/1153/1133 594/1154/1134 535/1155/1135
f 535/1155/1135 594/1154/1134 595/1156/1136
f 535/1155/1135 595/1156/1136 534/1157/1137
f 534/1157/1137 595/1156/1136 596/1158/1138
f 534/1157/1137 596/1158/1138 533/1159/1139
f 533/1159/1139 596/1158/1138 597/1160/1140
f 533/1159/1139 597/1160/1140 532/1161/1141
f 532/1161/1141 597/1160/1140 598/1162/1142
f 532/1161/1141 598/1162/1142 531/1163/1143
f 531/1163/1143 598/1162/1142 599/1164/1144
f 531/1163/1143 599/1164/1144 530/1165/1145
f 530/1165/1145 599/1164/1144 600/1166/1146
f 530/1165/1145 600/1166/1146 529/1167/1147
f 529/1167/1147 600/1166/1146 601/1168/1148
f 529/1167/1147 601/1168/1148 528/1091/1073
f 528/1091/1073 601/1168/1148 602/1092/1074
f 564/1169/1149 626/1170/1150 527/1171/1151
f 527/1171/1151 626/1170/1150 627/1172/1152
f 527/1171/1151 627/1172/1152 528/1173/1153
f 528/1173/1153 627/1172/1152 529/1174/1154
f 529/1174/1154 627/1172/1152 530/1175/1155
f 530/1175/1155 627/1172/1152 628/1176/1156
f 530/1175/1155 628/1176/1156 531/1177/1157
f 531/1177/1157 628/1176/1156 532/1178/1158
f 532/1178/1158 628/1176/1156 533/1179/1159
f 533/1179/1159 628/1176/1156 534/1180/1160
f 534/1180/1160 628/1176/1156 535/1181/1161
f 535/1181/1161 628/1176/1156 536/1182/1162
f 536/1182/1162 628/1176/1156 537/1183/1163
f 537/1183/1163 628/1176/1156 629/1184/1164
f 537/1183/1163 629/1184/1164 538/1185/1165
f 538/1185/1165 629/1184/1164 539/1186/1166
f 539/1186/1166 629/1184/1164 540/1187/1167
f 540/1187/1167 629/1184/1164 541/1188/1168
f 541/1188/1168 629/1184/1164 542/1189/1169
f 542/1189/1169 629/1184/1164 543/1190/1170
f 543/1190/1170 629/1184/1164 603/1191/1171
f 543/1190/1170 603/1191/1171 544/1192/1172
f 544/1192/1172 603/1191/1171 545/1193/1173
f 545/1193/1173 603/1191/1171 546/1194/1174
f 546/1194/1174 603/1191/1171 604/1195/1175
f 546/1194/1174 604/1195/1175 547/1196/1176
f 547/1196/1176 604/1195/1175 605/1197/1177
f 547/1196/1176 605/1197/1177 606/1198/1178
f 563/1199/1179 624/1200/1180 564/1169/1149
f 564/1169/1149 624/1200/1180 625/1201/1181
f 564/1169/1149 625/1201/1181 626/1170/1150
f 624/1200/1180 563/1199/1179 623/1202/1182
f 623/1202/1182 563/1199/1179 562/1203/1183
f 623/1202/1182 562/1203/1183 622/1204/1184
f 622/1204/1184 562/1203/1183 561/1205/1185
f 622/1204/1184 561/1205/1185 621/1206/1186
f 621/1206/1186 561/1205/1185 620/1207/1187
f 620/1207/1187 561/1205/1185 560/1208/1188
f 620/1207/1187 560/1208/1188 619/1209/1189
f 619/1209/1189 560/1208/1188 559/1210/1190
f 619/1209/1189 559/1210/1190 618/1211/1191
f 618/1211/1191 559/1210/1190 558/1212/1192
f 618/1211/1191 558/1212/1192 617/1213/1193
f 617/1213/1193 558/1212/1192 557/1214/1194
f 617/1213/1193 557/1214/1194 616/1215/1195
f 616/1215/1195 557/1214/1194 556/1216/1196
f 616/1215/1195 556/1216/1196 615/1217/1197
f 615/1217/1197 556/1216/1196 555/1218/1198
f 615/1217/1197 555/1218/1198 614/1219/1199
f 614/1219/1199 555/1218/1198 554/1220/1200
f 614/1219/1199 554/1220/1200 613/1221/1201
f 613/1221/1201 554/1220/1200 553/1222/1202
f 613/1221/1201 553/1222/1202 612/1223/1203
f 612/1223/1203 553/1222/1202 552/1224/1204
f 612/1223/1203 552/1224/1204 611/1225/1205
f 611/1225/1205 552/1224/1204 551/1226/1206
f 611/1225/1205 551/1226/1206 610/1227/1207
f 610/1227/1207 551/1226/1206 550/1228/1208
f 610/1227/1207 550/1228/1208 609/1229/1209
f 609/1229/1209 550/1228/1208 608/1230/1210
f 608/1230/1210 550/1228/1208 549/1231/1211
f 608/1230/1210 549/1231/1211 607/1232/1212
f 607/1232/1212 549/1231/1211 548/1233/1213
f 607/1232/1212 548/1233/1213 606/1198/1178
f 606/1198/1178 548/1233/1213 547/1196/1176
f 654/1234/1214 627/1235/1215 653/1236/1216
f 653/1236/1216 627/1235/1215 626/1237/1217
f 653/1236/1216 626/1237/1217 652/1238/1218
f 652/1238/1218 626/1237/1217 625/1239/1219
f 652/1238/1218 625/1239/1219 651/1240/1220
f 651/1240/1220 625/1239/1219 624/1241/1221
f 651/1240/1220 624/1241/1221 650/1242/1222
f 650/1242/1222 624/1241/1221 623/1243/1223
f 650/1242/1222 623/1243/1223 649/1244/1224
f 649/1244/1224 623/1243/1223 622/1245/1225
f 649/1244/1224 622/1245/1225 648/1246/1226
f 648/1246/1226 622/1245/1225 621/1247/1227
f 648/1246/1226 621/1247/1227 647/1248/1228
f 647/1248/1228 621/1247/1227 620/1249/1229
f 647/1248/1228 620/1249/1229 646/1250/1230
f 646/1250/1230 620/1249/1229 619/1251/1231
f 646/1250/1230 619/1251/1231 645/1252/1232
f 645/1252/1232 619/1251/1231 618/1253/1233
f 645/1252/1232 618/1253/1233 644/1254/1234
f 644/1254/1234 618/1253/1233 617/1255/1235
f 644/1254/1234 617/1255/1235 643/1256/1236
f 643/1256/1236 617/1255/1235 616/1257/1237
f 643/1256/1236 616/1257/1237 642/1258/1238
f 642/1258/1238 616/1257/1237 615/1259/1239
f 642/1258/1238 615/1259/1239 641/1260/1240
f 641/1260/1240 615/1259/1239 614/1261/1241
f 641/1260/1240 614/1261/1241 640/1262/1242
f 640/1262/1242 614/1261/1241 613/1263/1243
f 640/1262/1242 613/1263/1243 639/1264/1244
f 639/1264/1244 613/1263/1243 612/1265/1245
f 639/1264/1244 612/1265/1245 638/1266/1246
f 638/1266/1246 612/1265/1245 611/1267/1247
f 638/1266/1246 611/1267/1247 637/1268/1248
f 637/1268/1248 611/1267/1247 610/1269/1249
f 637/1268/1248 610/1269/1249 636/1270/1250
f 636/1270/1250 610/1269/1249 609/1271/1251
f 636/1270/1250 609/1271/1251 635/1272/1252
f 635/1272/1252 609/1271/1251 608/1273/1253
f 635/1272/1252 608/1273/1253 634/1274/1254
f 634/1274/1254 608/1273/1253 607/1275/1255
f 634/1274/1254 607/1275/1255 633/1276/1256
f 633/1276/1256 607/1275/1255 606/1277/1257
f 633/1276/1256 606/1277/1257 632/1278/1258
f 632/1278/1258 606/1277/1257 605/1279/1259
f 632/1278/1258 605/1279/1259 631/1280/1260
f 631/1280/1260 605/1279/1259 604/1281/1261
f 631/1280/1260 604/1281/1261 630/1282/1262
f 630/1282/1262 604/1281/1261 603/1283/1263
f 602/1284/1264 654/1285/1265 565/1286/1266
f 565/1286/1266 654/1285/1265 653/1287/1267
f 565/1286/1266 653/1287/1267 566/1288/1268
f 566/1288/1268 653/1287/1267 652/1289/1269
f 566/1288/1268 652/1289/1269 651/1290/1270
f 602/1284/1264 601/1291/1271 654/1285/1265
f 654/1285/1265 601/1291/1271 600/1292/1272
f 654/1285/1265 600/1292/1272 656/1293/1273
f 656/1293/1273 600/1292/1272 599/1294/1274
f 656/1293/1273 599/1294/1274 598/1295/1275
f 598/1295/1275 597/1296/1276 656/1293/1273
f 656/1293/1273 597/1296/1276 596/1297/1277
f 656/1293/1273 596/1297/1277 595/1298/1278
f 595/1298/1278 594/1299/1279 656/1293/1273
f 656/1293/1273 594/1299/1279 593/1300/1280
f 656/1293/1273 593/1300/1280 655/1301/1281
f 655/1301/1281 593/1300/1280 592/1302/1282
f 655/1301/1281 592/1302/1282 591/1303/1283
f 591/1303/1283 590/1304/1284 655/1301/1281
f 655/1301/1281 590/1304/1284 589/1305/1285
f 655/1301/1281 589/1305/1285 588/1306/1286
f 588/1306/1286 587/1307/1287 655/1301/1281
f 655/1301/1281 587/1307/1287 630/1308/1288
f 630/1308/1288 587/1307/1287 586/1309/1289
f 630/1308/1288 586/1309/1289 585/1310/1290
f 585/1310/1290 584/1311/1291 630/1308/1288
f 630/1308/1288 584/1311/1291 631/1312/1292
f 631/1312/1292 584/1311/1291 583/1313/1293
f 631/1312/1292 583/1313/1293 632/1314/1294
f 632/1314/1294 583/1313/1293 633/1315/1295
f 633/1315/1295 583/1313/1293 582/1316/1296
f 633/1315/1295 582/1316/1296 634/1317/1297
f 634/1317/1297 582/1316/1296 581/1318/1298
f 634/1317/1297 581/1318/1298 635/1319/1299
f 635/1319/1299 581/1318/1298 580/1320/1300
f 635/1319/1299 580/1320/1300 636/1321/1301
f 636/1321/1301 580/1320/1300 637/1322/1302
f 637/1322/1302 580/1320/1300 579/1323/1303
f 637/1322/1302 579/1323/1303 638/1324/1304
f 638/1324/1304 579/1323/1303 578/1325/1305
f 638/1324/1304 578/1325/1305 639/1326/1306
f 639/1326/1306 578/1325/1305 577/1327/1307
f 639/1326/1306 577/1327/1307 640/1328/1308
f 640/1328/1308 577/1327/1307 576/1329/1309
f 640/1328/1308 576/1329/1309 641/1330/1310
f 641/1330/1310 576/1329/1309 575/1331/1311
f 641/1330/1310 575/1331/1311 642/1332/1312
f 642/1332/1312 575/1331/1311 574/1333/1313
f 642/1332/1312 574/1333/1313 643/1334/1314
f 643/1334/1314 574/1333/1313 573/1335/1315
f 643/1334/1314 573/1335/1315 644/1336/1316
f 644/1336/1316 573/1335/1315 572/1337/1317
f 644/1336/1316 572/1337/1317 645/1338/1318
f 645/1338/1318 572/1337/1317 571/1339/1319
f 645/1338/1318 571/1339/1319 646/1340/1320
f 646/1340/1320 571/1339/1319 570/1341/1321
f 646/1340/1320 570/1341/1321 647/1342/1322
f 647/1342/1322 570/1341/1321 569/1343/1323
f 647/1342/1322 569/1343/1323 648/1344/1324
f 648/1344/1324 569/1343/1323 649/1345/1325
f 649/1345/1325 569/1343/1323 568/1346/1326
f 649/1345/1325 568/1346/1326 650/1347/1327
f 650/1347/1327 568/1346/1326 567/1348/1328
f 650/1347/1327 567/1348/1328 651/1290/1270
f 651/1290/1270 567/1348/1328 566/1288/1268
f 655/1349/1329 629/1350/1330 656/1351/1331
f 656/1351/1331 629/1350/1330 628/1352/1332
f 654/1353/1214 656/1354/1333 627/1355/1215
f 627/1355/1215 656/1354/1333 628/1356/1334
f 603/1357/1263 629/1358/1335 630/1359/1262
f 630/1359/1262 629/1358/1335 655/1360/1336
# 656 vertices
# 1360 texture params
# 1336 normals
# 1296 facets

# 6 groups
