# WaveFront *.obj file (generated by Autodesk ATF)

mtllib foot_sinister.mtl

g Body1

v 0.034000 -0.075000 -0.020000
v 0.034000 -0.065000 -0.020000
v -0.034000 -0.065000 -0.020000
v -0.034000 -0.075000 -0.020000
v 0.034000 -0.065000 -0.060000
v 0.034000 -0.075000 -0.060000
v -0.034000 -0.075000 -0.060000
v -0.034000 -0.065000 -0.060000
vt -3.400000 -0.500000 0.000000
vt 3.400000 -0.500000 0.000000
vt -3.400000 0.500000 0.000000
vt 3.400000 0.500000 0.000000
vt 3.400000 0.500000 0.000000
vt -3.400000 0.500000 0.000000
vt 3.400000 -0.500000 0.000000
vt -3.400000 -0.500000 0.000000
vt -2.000000 -3.400000 0.000000
vt 2.000000 -3.400000 0.000000
vt -2.000000 3.400000 0.000000
vt 2.000000 3.400000 0.000000
vt 2.000000 0.500000 0.000000
vt -2.000000 0.500000 0.000000
vt 2.000000 -0.500000 0.000000
vt -2.000000 -0.500000 0.000000
vt 2.000000 3.400000 0.000000
vt -2.000000 3.400000 0.000000
vt 2.000000 -3.400000 0.000000
vt -2.000000 -3.400000 0.000000
vt -2.000000 -0.500000 0.000000
vt 2.000000 -0.500000 0.000000
vt -2.000000 0.500000 0.000000
vt 2.000000 0.500000 0.000000
vn -0.000000 0.000000 100.000000
vn -0.000000 0.000000 100.000000
vn -0.000000 0.000000 100.000000
vn -0.000000 0.000000 100.000000
vn 0.000000 -0.000000 -100.000000
vn 0.000000 -0.000000 -100.000000
vn 0.000000 -0.000000 -100.000000
vn 0.000000 -0.000000 -100.000000
vn -0.000000 100.000000 -0.000000
vn -0.000000 100.000000 -0.000000
vn -0.000000 100.000000 -0.000000
vn -0.000000 100.000000 -0.000000
vn -100.000000 -0.000000 -0.000000
vn -100.000000 -0.000000 -0.000000
vn -100.000000 -0.000000 -0.000000
vn -100.000000 -0.000000 -0.000000
vn 0.000000 -100.000000 0.000000
vn 0.000000 -100.000000 0.000000
vn 0.000000 -100.000000 0.000000
vn 0.000000 -100.000000 0.000000
vn 100.000000 0.000000 0.000000
vn 100.000000 0.000000 0.000000
vn 100.000000 0.000000 0.000000
vn 100.000000 0.000000 0.000000
usemtl Paint_-_Metal_Flake_(Gold)
f 2/1/1 3/2/2 1/3/3
f 1/3/3 3/2/2 4/4/4
f 6/5/5 7/6/6 5/7/7
f 5/7/7 7/6/6 8/8/8
f 8/9/9 3/10/10 5/11/11
f 5/11/11 3/10/10 2/12/12
f 7/13/13 4/14/14 8/15/15
f 8/15/15 4/14/14 3/16/16
f 6/17/17 1/18/18 7/19/19
f 7/19/19 1/18/18 4/20/20
f 5/21/21 2/22/22 6/23/23
f 6/23/23 2/22/22 1/24/24
g Body2

v 0.034000 0.065000 -0.020000
v 0.034000 0.075000 -0.020000
v -0.034000 0.075000 -0.020000
v -0.034000 0.065000 -0.020000
v 0.034000 0.075000 -0.060000
v 0.034000 0.065000 -0.060000
v -0.034000 0.065000 -0.060000
v -0.034000 0.075000 -0.060000
vt -3.400000 -0.500000 0.000000
vt 3.400000 -0.500000 0.000000
vt -3.400000 0.500000 0.000000
vt 3.400000 0.500000 0.000000
vt 3.400000 0.500000 0.000000
vt -3.400000 0.500000 0.000000
vt 3.400000 -0.500000 0.000000
vt -3.400000 -0.500000 0.000000
vt -2.000000 -3.400000 0.000000
vt 2.000000 -3.400000 0.000000
vt -2.000000 3.400000 0.000000
vt 2.000000 3.400000 0.000000
vt 2.000000 0.500000 0.000000
vt -2.000000 0.500000 0.000000
vt 2.000000 -0.500000 0.000000
vt -2.000000 -0.500000 0.000000
vt 2.000000 3.400000 0.000000
vt -2.000000 3.400000 0.000000
vt 2.000000 -3.400000 0.000000
vt -2.000000 -3.400000 0.000000
vt -2.000000 -0.500000 0.000000
vt 2.000000 -0.500000 0.000000
vt -2.000000 0.500000 0.000000
vt 2.000000 0.500000 0.000000
vn -0.000000 0.000000 100.000000
vn -0.000000 0.000000 100.000000
vn -0.000000 0.000000 100.000000
vn -0.000000 0.000000 100.000000
vn 0.000000 -0.000000 -100.000000
vn 0.000000 -0.000000 -100.000000
vn 0.000000 -0.000000 -100.000000
vn 0.000000 -0.000000 -100.000000
vn -0.000000 100.000000 -0.000000
vn -0.000000 100.000000 -0.000000
vn -0.000000 100.000000 -0.000000
vn -0.000000 100.000000 -0.000000
vn -100.000000 -0.000000 -0.000000
vn -100.000000 -0.000000 -0.000000
vn -100.000000 -0.000000 -0.000000
vn -100.000000 -0.000000 -0.000000
vn 0.000000 -100.000000 0.000000
vn 0.000000 -100.000000 0.000000
vn 0.000000 -100.000000 0.000000
vn 0.000000 -100.000000 0.000000
vn 100.000000 0.000000 0.000000
vn 100.000000 0.000000 0.000000
vn 100.000000 0.000000 0.000000
vn 100.000000 0.000000 0.000000
f 10/25/25 11/26/26 9/27/27
f 9/27/27 11/26/26 12/28/28
f 14/29/29 15/30/30 13/31/31
f 13/31/31 15/30/30 16/32/32
f 16/33/33 11/34/34 13/35/35
f 13/35/35 11/34/34 10/36/36
f 15/37/37 12/38/38 16/39/39
f 16/39/39 12/38/38 11/40/40
f 14/41/41 9/42/42 15/43/43
f 15/43/43 9/42/42 12/44/44
f 13/45/45 10/46/46 14/47/47
f 14/47/47 10/46/46 9/48/48
g Body3

v -0.040000 -0.065000 -0.000000
v -0.039574 -0.065000 -0.005824
v -0.038304 -0.065000 -0.011524
v -0.036218 -0.065000 -0.016978
v -0.033360 -0.065000 -0.022071
v -0.029791 -0.065000 -0.026693
v -0.025587 -0.065000 -0.030746
v -0.020838 -0.065000 -0.034144
v -0.015644 -0.065000 -0.036814
v -0.010117 -0.065000 -0.038699
v -0.004375 -0.065000 -0.039760
v 0.001461 -0.065000 -0.039973
v 0.007265 -0.065000 -0.039335
v 0.012915 -0.065000 -0.037858
v 0.018290 -0.065000 -0.035574
v 0.023274 -0.065000 -0.032532
v 0.027763 -0.065000 -0.028796
v 0.031660 -0.065000 -0.024447
v 0.034882 -0.065000 -0.019577
v 0.037361 -0.065000 -0.014289
v 0.039043 -0.065000 -0.008697
v 0.039893 -0.065000 -0.002920
v 0.039893 -0.065000 0.002920
v 0.039043 -0.065000 0.008697
v 0.037361 -0.065000 0.014289
v 0.034882 -0.065000 0.019577
v 0.031660 -0.065000 0.024447
v 0.027763 -0.065000 0.028796
v 0.023274 -0.065000 0.032532
v 0.018290 -0.065000 0.035574
v 0.012915 -0.065000 0.037858
v 0.007265 -0.065000 0.039335
v 0.001461 -0.065000 0.039973
v -0.004375 -0.065000 0.039760
v -0.010117 -0.065000 0.038699
v -0.015644 -0.065000 0.036814
v -0.020838 -0.065000 0.034144
v -0.025587 -0.065000 0.030746
v -0.029791 -0.065000 0.026693
v -0.033360 -0.065000 0.022071
v -0.036218 -0.065000 0.016978
v -0.038304 -0.065000 0.011524
v -0.039574 -0.065000 0.005824
v -0.040000 -0.075000 -0.000000
v -0.039574 -0.075000 0.005824
v -0.038304 -0.075000 0.011524
v -0.036218 -0.075000 0.016978
v -0.033360 -0.075000 0.022071
v -0.029791 -0.075000 0.026693
v -0.025587 -0.075000 0.030746
v -0.020838 -0.075000 0.034144
v -0.015644 -0.075000 0.036814
v -0.010117 -0.075000 0.038699
v -0.004375 -0.075000 0.039760
v 0.001461 -0.075000 0.039973
v 0.007265 -0.075000 0.039335
v 0.012915 -0.075000 0.037858
v 0.018290 -0.075000 0.035574
v 0.023274 -0.075000 0.032532
v 0.027763 -0.075000 0.028796
v 0.031660 -0.075000 0.024447
v 0.034882 -0.075000 0.019577
v 0.037361 -0.075000 0.014289
v 0.039043 -0.075000 0.008697
v 0.039893 -0.075000 0.002920
v 0.039893 -0.075000 -0.002920
v 0.039043 -0.075000 -0.008697
v 0.037361 -0.075000 -0.014289
v 0.034882 -0.075000 -0.019577
v 0.031660 -0.075000 -0.024447
v 0.027763 -0.075000 -0.028796
v 0.023274 -0.075000 -0.032532
v 0.018290 -0.075000 -0.035574
v 0.012915 -0.075000 -0.037858
v 0.007265 -0.075000 -0.039335
v 0.001461 -0.075000 -0.039973
v -0.004375 -0.075000 -0.039760
v -0.010117 -0.075000 -0.038699
v -0.015644 -0.075000 -0.036814
v -0.020838 -0.075000 -0.034144
v -0.025587 -0.075000 -0.030746
v -0.029791 -0.075000 -0.026693
v -0.033360 -0.075000 -0.022071
v -0.036218 -0.075000 -0.016978
v -0.038304 -0.075000 -0.011524
v -0.039574 -0.075000 -0.005824
vt -0.500000 -0.584482 0.000000
vt 0.500000 -0.584482 0.000000
vt -0.500000 0.000000 0.000000
vt 0.500000 0.000000 0.000000
vt -0.500000 0.584482 0.000000
vt 0.500000 0.584482 0.000000
vt 0.500000 1.168965 0.000000
vt -0.500000 -1.168965 0.000000
vt 0.500000 -1.168965 0.000000
vt -0.500000 -1.753447 0.000000
vt 0.500000 -1.753447 0.000000
vt -0.500000 -2.337929 0.000000
vt 0.500000 -2.337929 0.000000
vt -0.500000 -2.922412 0.000000
vt 0.500000 -2.922412 0.000000
vt -0.500000 -3.506894 0.000000
vt 0.500000 -3.506894 0.000000
vt -0.500000 -4.091376 0.000000
vt 0.500000 -4.091376 0.000000
vt -0.500000 -4.675859 0.000000
vt 0.500000 -4.675859 0.000000
vt -0.500000 -5.260341 0.000000
vt 0.500000 -5.260341 0.000000
vt -0.500000 -5.844824 0.000000
vt 0.500000 -5.844824 0.000000
vt -0.500000 -6.429306 0.000000
vt 0.500000 -6.429306 0.000000
vt -0.500000 -7.013788 0.000000
vt 0.500000 -7.013788 0.000000
vt -0.500000 -7.598271 0.000000
vt 0.500000 -7.598271 0.000000
vt -0.500000 -8.182753 0.000000
vt 0.500000 -8.182753 0.000000
vt -0.500000 -8.767235 0.000000
vt 0.500000 -8.767235 0.000000
vt -0.500000 -9.351718 0.000000
vt 0.500000 -9.351718 0.000000
vt -0.500000 -9.936200 0.000000
vt 0.500000 -9.936200 0.000000
vt -0.500000 -10.520682 0.000000
vt 0.500000 -10.520682 0.000000
vt -0.500000 -11.105165 0.000000
vt 0.500000 -11.105165 0.000000
vt -0.500000 -11.689647 0.000000
vt 0.500000 -11.689647 0.000000
vt -0.500000 -12.274129 0.000000
vt 0.500000 -12.274129 0.000000
vt -0.500000 -12.858612 0.000000
vt 0.500000 -12.858612 0.000000
vt 0.500000 12.274129 0.000000
vt -0.500000 12.274129 0.000000
vt -0.500000 11.689647 0.000000
vt 0.500000 11.689647 0.000000
vt -0.500000 11.105165 0.000000
vt 0.500000 11.105165 0.000000
vt -0.500000 10.520682 0.000000
vt 0.500000 10.520682 0.000000
vt -0.500000 9.936200 0.000000
vt 0.500000 9.936200 0.000000
vt -0.500000 9.351718 0.000000
vt 0.500000 9.351718 0.000000
vt -0.500000 8.767235 0.000000
vt 0.500000 8.767235 0.000000
vt -0.500000 8.182753 0.000000
vt 0.500000 8.182753 0.000000
vt -0.500000 7.598271 0.000000
vt 0.500000 7.598271 0.000000
vt -0.500000 7.013788 0.000000
vt 0.500000 7.013788 0.000000
vt -0.500000 6.429306 0.000000
vt 0.500000 6.429306 0.000000
vt -0.500000 5.844824 0.000000
vt 0.500000 5.844824 0.000000
vt -0.500000 5.260341 0.000000
vt 0.500000 5.260341 0.000000
vt -0.500000 4.675859 0.000000
vt 0.500000 4.675859 0.000000
vt -0.500000 4.091376 0.000000
vt 0.500000 4.091376 0.000000
vt -0.500000 3.506894 0.000000
vt 0.500000 3.506894 0.000000
vt -0.500000 2.922412 0.000000
vt 0.500000 2.922412 0.000000
vt -0.500000 2.337929 0.000000
vt 0.500000 2.337929 0.000000
vt -0.500000 1.753447 0.000000
vt 0.500000 1.753447 0.000000
vt -0.500000 1.168965 0.000000
vt 4.000000 -0.000000 0.000000
vt 3.957373 0.582405 0.000000
vt 3.957373 -0.582405 0.000000
vt 3.830402 1.152396 0.000000
vt 3.830402 -1.152396 0.000000
vt 3.621793 1.697827 0.000000
vt 3.335991 2.207071 0.000000
vt 2.979089 2.669275 0.000000
vt 3.621793 -1.697827 0.000000
vt 2.558692 3.074589 0.000000
vt 2.083761 3.414372 0.000000
vt 1.564419 3.681385 0.000000
vt 1.011734 3.869935 0.000000
vt 0.437485 3.976004 0.000000
vt -0.146088 3.997331 0.000000
vt -0.726547 3.933463 0.000000
vt -1.291522 3.785759 0.000000
vt -1.828969 3.557369 0.000000
vt -2.327436 3.253159 0.000000
vt -2.776297 2.879614 0.000000
vt -3.165986 2.444695 0.000000
vt -3.488198 1.957671 0.000000
vt -3.736064 1.428924 0.000000
vt -3.904304 0.869721 0.000000
vt -3.989329 0.291981 0.000000
vt -3.989329 -0.291981 0.000000
vt -3.904304 -0.869721 0.000000
vt -3.736064 -1.428924 0.000000
vt -3.488198 -1.957671 0.000000
vt 3.335991 -2.207071 0.000000
vt -3.165986 -2.444695 0.000000
vt 2.979089 -2.669275 0.000000
vt -2.776297 -2.879614 0.000000
vt 2.558692 -3.074589 0.000000
vt -2.327436 -3.253159 0.000000
vt 2.083761 -3.414372 0.000000
vt -1.828969 -3.557369 0.000000
vt 1.564419 -3.681385 0.000000
vt -1.291522 -3.785759 0.000000
vt 1.011734 -3.869935 0.000000
vt -0.726547 -3.933463 0.000000
vt 0.437485 -3.976004 0.000000
vt -0.146088 -3.997331 0.000000
vt -4.000000 0.000000 0.000000
vt -3.957373 -0.582405 0.000000
vt -3.957373 0.582405 0.000000
vt -3.830402 1.152396 0.000000
vt -3.830402 -1.152396 0.000000
vt -3.621793 1.697827 0.000000
vt -3.335991 2.207071 0.000000
vt -2.979089 2.669275 0.000000
vt -3.621793 -1.697827 0.000000
vt -2.558692 3.074589 0.000000
vt -2.083761 3.414372 0.000000
vt -1.564419 3.681385 0.000000
vt -1.011734 3.869935 0.000000
vt -0.437485 3.976004 0.000000
vt 0.146088 3.997331 0.000000
vt 0.726547 3.933463 0.000000
vt 1.291522 3.785759 0.000000
vt 1.828969 3.557369 0.000000
vt 2.327436 3.253159 0.000000
vt 2.776297 2.879614 0.000000
vt 3.165986 2.444695 0.000000
vt 3.488198 1.957671 0.000000
vt 3.736064 1.428924 0.000000
vt 3.904304 0.869721 0.000000
vt 3.989329 0.291981 0.000000
vt 3.989329 -0.291981 0.000000
vt 3.904304 -0.869721 0.000000
vt 3.736064 -1.428924 0.000000
vt 3.488198 -1.957671 0.000000
vt -3.335991 -2.207071 0.000000
vt 3.165986 -2.444695 0.000000
vt -2.979089 -2.669275 0.000000
vt 2.776297 -2.879614 0.000000
vt -2.558692 -3.074589 0.000000
vt 2.327436 -3.253159 0.000000
vt -2.083761 -3.414372 0.000000
vt 1.828969 -3.557369 0.000000
vt -1.564419 -3.681385 0.000000
vt 1.291522 -3.785759 0.000000
vt -1.011734 -3.869935 0.000000
vt 0.726547 -3.933463 0.000000
vt -0.437485 -3.976004 0.000000
vt 0.146088 -3.997331 0.000000
vn -98.934337 -0.000000 -14.560117
vn -98.934337 -0.000000 -14.560117
vn -100.000000 -0.000000 0.000000
vn -100.000000 -0.000000 0.000000
vn -98.934337 -0.000000 14.560117
vn -98.934337 -0.000000 14.560117
vn -95.760060 0.000000 28.809910
vn -95.760060 -0.000000 -28.809910
vn -95.760060 -0.000000 -28.809910
vn -90.544824 -0.000000 -42.445670
vn -90.544824 -0.000000 -42.445670
vn -83.399782 -0.000000 -55.176774
vn -83.399782 -0.000000 -55.176774
vn -74.477218 -0.000000 -66.731881
vn -74.477218 -0.000000 -66.731881
vn -63.967302 -0.000000 -76.864714
vn -63.967302 -0.000000 -76.864714
vn -52.094034 -0.000000 -85.359309
vn -52.094034 -0.000000 -85.359309
vn -39.110472 -0.000000 -92.034618
vn -39.110472 -0.000000 -92.034618
vn -25.293338 -0.000000 -96.748370
vn -25.293338 -0.000000 -96.748370
vn -10.937121 -0.000000 -99.400098
vn -10.937121 -0.000000 -99.400098
vn 3.652202 -0.000000 -99.933285
vn 3.652202 -0.000000 -99.933285
vn 18.163685 -0.000000 -98.336568
vn 18.163685 -0.000000 -98.336568
vn 32.288040 -0.000000 -94.643977
vn 32.288040 -0.000000 -94.643977
vn 45.724232 -0.000000 -88.934215
vn 45.724232 -0.000000 -88.934215
vn 58.185892 -0.000000 -81.328974
vn 58.185892 -0.000000 -81.328974
vn 69.407420 -0.000000 -71.990347
vn 69.407420 -0.000000 -71.990347
vn 79.149649 -0.000000 -61.117371
vn 79.149649 -0.000000 -61.117371
vn 87.204941 -0.000000 -48.941785
vn 87.204941 -0.000000 -48.941785
vn 93.401611 -0.000000 -35.723089
vn 93.401611 -0.000000 -35.723089
vn 97.607588 0.000000 -21.743018
vn 97.607588 0.000000 -21.743018
vn 99.733228 0.000000 -7.299531
vn 99.733228 0.000000 -7.299531
vn 99.733228 0.000000 7.299531
vn 99.733228 0.000000 7.299531
vn 97.607588 0.000000 21.743018
vn 97.607588 0.000000 21.743018
vn 93.401611 0.000000 35.723089
vn 93.401611 0.000000 35.723089
vn 87.204941 0.000000 48.941785
vn 87.204941 0.000000 48.941785
vn 79.149649 0.000000 61.117371
vn 79.149649 0.000000 61.117371
vn 69.407420 0.000000 71.990347
vn 69.407420 0.000000 71.990347
vn 58.185892 0.000000 81.328974
vn 58.185892 0.000000 81.328974
vn 45.724232 0.000000 88.934215
vn 45.724232 0.000000 88.934215
vn 32.288040 0.000000 94.643977
vn 32.288040 0.000000 94.643977
vn 18.163685 0.000000 98.336568
vn 18.163685 0.000000 98.336568
vn 3.652202 0.000000 99.933285
vn 3.652202 0.000000 99.933285
vn -10.937121 0.000000 99.400098
vn -10.937121 0.000000 99.400098
vn -25.293338 0.000000 96.748370
vn -25.293338 0.000000 96.748370
vn -39.110472 0.000000 92.034618
vn -39.110472 0.000000 92.034618
vn -52.094034 0.000000 85.359309
vn -52.094034 0.000000 85.359309
vn -63.967302 0.000000 76.864714
vn -63.967302 0.000000 76.864714
vn -74.477218 0.000000 66.731881
vn -74.477218 0.000000 66.731881
vn -83.399782 0.000000 55.176774
vn -83.399782 0.000000 55.176774
vn -90.544824 0.000000 42.445670
vn -90.544824 0.000000 42.445670
vn -95.760060 0.000000 28.809910
vn -0.000000 100.000000 -0.000000
vn -0.000000 100.000000 -0.000000
vn -0.000000 100.000000 -0.000000
vn -0.000000 100.000000 -0.000000
vn -0.000000 100.000000 -0.000000
vn -0.000000 100.000000 -0.000000
vn -0.000000 100.000000 -0.000000
vn -0.000000 100.000000 -0.000000
vn -0.000000 100.000000 -0.000000
vn -0.000000 100.000000 -0.000000
vn -0.000000 100.000000 -0.000000
vn -0.000000 100.000000 -0.000000
vn -0.000000 100.000000 -0.000000
vn -0.000000 100.000000 -0.000000
vn -0.000000 100.000000 -0.000000
vn -0.000000 100.000000 -0.000000
vn -0.000000 100.000000 -0.000000
vn -0.000000 100.000000 -0.000000
vn -0.000000 100.000000 -0.000000
vn -0.000000 100.000000 -0.000000
vn -0.000000 100.000000 -0.000000
vn -0.000000 100.000000 -0.000000
vn -0.000000 100.000000 -0.000000
vn -0.000000 100.000000 -0.000000
vn -0.000000 100.000000 -0.000000
vn -0.000000 100.000000 -0.000000
vn -0.000000 100.000000 -0.000000
vn -0.000000 100.000000 -0.000000
vn -0.000000 100.000000 -0.000000
vn -0.000000 100.000000 -0.000000
vn -0.000000 100.000000 -0.000000
vn -0.000000 100.000000 -0.000000
vn -0.000000 100.000000 -0.000000
vn -0.000000 100.000000 -0.000000
vn -0.000000 100.000000 -0.000000
vn -0.000000 100.000000 -0.000000
vn -0.000000 100.000000 -0.000000
vn -0.000000 100.000000 -0.000000
vn -0.000000 100.000000 -0.000000
vn -0.000000 100.000000 -0.000000
vn -0.000000 100.000000 -0.000000
vn -0.000000 100.000000 -0.000000
vn -0.000000 100.000000 -0.000000
vn 0.000000 -100.000000 0.000000
vn 0.000000 -100.000000 0.000000
vn 0.000000 -100.000000 0.000000
vn 0.000000 -100.000000 0.000000
vn 0.000000 -100.000000 0.000000
vn 0.000000 -100.000000 0.000000
vn 0.000000 -100.000000 0.000000
vn 0.000000 -100.000000 0.000000
vn 0.000000 -100.000000 0.000000
vn 0.000000 -100.000000 0.000000
vn 0.000000 -100.000000 0.000000
vn 0.000000 -100.000000 0.000000
vn 0.000000 -100.000000 0.000000
vn 0.000000 -100.000000 0.000000
vn 0.000000 -100.000000 0.000000
vn 0.000000 -100.000000 0.000000
vn 0.000000 -100.000000 0.000000
vn 0.000000 -100.000000 0.000000
vn 0.000000 -100.000000 0.000000
vn 0.000000 -100.000000 0.000000
vn 0.000000 -100.000000 0.000000
vn 0.000000 -100.000000 0.000000
vn 0.000000 -100.000000 0.000000
vn 0.000000 -100.000000 0.000000
vn 0.000000 -100.000000 0.000000
vn 0.000000 -100.000000 0.000000
vn 0.000000 -100.000000 0.000000
vn 0.000000 -100.000000 0.000000
vn 0.000000 -100.000000 0.000000
vn 0.000000 -100.000000 0.000000
vn 0.000000 -100.000000 0.000000
vn 0.000000 -100.000000 0.000000
vn 0.000000 -100.000000 0.000000
vn 0.000000 -100.000000 0.000000
vn 0.000000 -100.000000 0.000000
vn 0.000000 -100.000000 0.000000
vn 0.000000 -100.000000 0.000000
vn 0.000000 -100.000000 0.000000
vn 0.000000 -100.000000 0.000000
vn 0.000000 -100.000000 0.000000
vn 0.000000 -100.000000 0.000000
vn 0.000000 -100.000000 0.000000
vn 0.000000 -100.000000 0.000000
f 18/49/49 102/50/50 17/51/51
f 17/51/51 102/50/50 60/52/52
f 17/51/51 60/52/52 59/53/53
f 59/53/53 60/52/52 61/54/54
f 59/53/53 61/54/54 62/55/55
f 18/49/49 19/56/56 102/50/50
f 102/50/50 19/56/56 101/57/57
f 101/57/57 19/56/56 20/58/58
f 101/57/57 20/58/58 100/59/59
f 100/59/59 20/58/58 21/60/60
f 100/59/59 21/60/60 99/61/61
f 99/61/61 21/60/60 22/62/62
f 99/61/61 22/62/62 98/63/63
f 98/63/63 22/62/62 23/64/64
f 98/63/63 23/64/64 97/65/65
f 97/65/65 23/64/64 24/66/66
f 97/65/65 24/66/66 96/67/67
f 96/67/67 24/66/66 25/68/68
f 96/67/67 25/68/68 95/69/69
f 95/69/69 25/68/68 26/70/70
f 95/69/69 26/70/70 94/71/71
f 94/71/71 26/70/70 27/72/72
f 94/71/71 27/72/72 93/73/73
f 93/73/73 27/72/72 28/74/74
f 93/73/73 28/74/74 92/75/75
f 92/75/75 28/74/74 29/76/76
f 92/75/75 29/76/76 91/77/77
f 91/77/77 29/76/76 30/78/78
f 91/77/77 30/78/78 90/79/79
f 90/79/79 30/78/78 31/80/80
f 90/79/79 31/80/80 89/81/81
f 89/81/81 31/80/80 32/82/82
f 89/81/81 32/82/82 88/83/83
f 88/83/83 32/82/82 33/84/84
f 88/83/83 33/84/84 87/85/85
f 87/85/85 33/84/84 34/86/86
f 87/85/85 34/86/86 86/87/87
f 86/87/87 34/86/86 35/88/88
f 86/87/87 35/88/88 85/89/89
f 85/89/89 35/88/88 36/90/90
f 85/89/89 36/90/90 84/91/91
f 84/91/91 36/90/90 37/92/92
f 84/91/91 37/92/92 83/93/93
f 83/93/93 37/92/92 38/94/94
f 83/93/93 38/94/94 82/95/95
f 82/95/95 38/94/94 39/96/96
f 82/95/95 39/96/96 81/97/97
f 81/98/97 39/99/96 40/100/98
f 81/98/97 40/100/98 80/101/99
f 80/101/99 40/100/98 41/102/100
f 80/101/99 41/102/100 79/103/101
f 79/103/101 41/102/100 42/104/102
f 79/103/101 42/104/102 78/105/103
f 78/105/103 42/104/102 43/106/104
f 78/105/103 43/106/104 77/107/105
f 77/107/105 43/106/104 44/108/106
f 77/107/105 44/108/106 76/109/107
f 76/109/107 44/108/106 45/110/108
f 76/109/107 45/110/108 75/111/109
f 75/111/109 45/110/108 46/112/110
f 75/111/109 46/112/110 74/113/111
f 74/113/111 46/112/110 47/114/112
f 74/113/111 47/114/112 73/115/113
f 73/115/113 47/114/112 48/116/114
f 73/115/113 48/116/114 72/117/115
f 72/117/115 48/116/114 49/118/116
f 72/117/115 49/118/116 71/119/117
f 71/119/117 49/118/116 50/120/118
f 71/119/117 50/120/118 70/121/119
f 70/121/119 50/120/118 51/122/120
f 70/121/119 51/122/120 69/123/121
f 69/123/121 51/122/120 52/124/122
f 69/123/121 52/124/122 68/125/123
f 68/125/123 52/124/122 53/126/124
f 68/125/123 53/126/124 67/127/125
f 67/127/125 53/126/124 54/128/126
f 67/127/125 54/128/126 66/129/127
f 66/129/127 54/128/126 55/130/128
f 66/129/127 55/130/128 65/131/129
f 65/131/129 55/130/128 56/132/130
f 65/131/129 56/132/130 64/133/131
f 64/133/131 56/132/130 57/134/132
f 64/133/131 57/134/132 63/135/133
f 63/135/133 57/134/132 58/136/134
f 63/135/133 58/136/134 62/55/55
f 62/55/55 58/136/134 59/53/53
f 17/137/135 59/138/136 18/139/137
f 18/139/137 59/138/136 58/140/138
f 18/139/137 58/140/138 19/141/139
f 19/141/139 58/140/138 57/142/140
f 19/141/139 57/142/140 56/143/141
f 56/143/141 55/144/142 19/141/139
f 19/141/139 55/144/142 20/145/143
f 20/145/143 55/144/142 54/146/144
f 20/145/143 54/146/144 53/147/145
f 53/147/145 52/148/146 20/145/143
f 20/145/143 52/148/146 51/149/147
f 20/145/143 51/149/147 50/150/148
f 50/150/148 49/151/149 20/145/143
f 20/145/143 49/151/149 48/152/150
f 20/145/143 48/152/150 47/153/151
f 47/153/151 46/154/152 20/145/143
f 20/145/143 46/154/152 45/155/153
f 20/145/143 45/155/153 44/156/154
f 44/156/154 43/157/155 20/145/143
f 20/145/143 43/157/155 42/158/156
f 20/145/143 42/158/156 41/159/157
f 41/159/157 40/160/158 20/145/143
f 20/145/143 40/160/158 39/161/159
f 20/145/143 39/161/159 38/162/160
f 38/162/160 37/163/161 20/145/143
f 20/145/143 37/163/161 36/164/162
f 20/145/143 36/164/162 35/165/163
f 20/145/143 35/165/163 21/166/164
f 21/166/164 35/165/163 34/167/165
f 21/166/164 34/167/165 22/168/166
f 22/168/166 34/167/165 33/169/167
f 22/168/166 33/169/167 23/170/168
f 23/170/168 33/169/167 32/171/169
f 23/170/168 32/171/169 24/172/170
f 24/172/170 32/171/169 31/173/171
f 24/172/170 31/173/171 25/174/172
f 25/174/172 31/173/171 30/175/173
f 25/174/172 30/175/173 26/176/174
f 26/176/174 30/175/173 29/177/175
f 26/176/174 29/177/175 27/178/176
f 27/178/176 29/177/175 28/179/177
f 60/180/178 102/181/179 61/182/180
f 61/182/180 102/181/179 62/183/181
f 62/183/181 102/181/179 101/184/182
f 62/183/181 101/184/182 63/185/183
f 63/185/183 101/184/182 64/186/184
f 64/186/184 101/184/182 65/187/185
f 65/187/185 101/184/182 100/188/186
f 65/187/185 100/188/186 66/189/187
f 66/189/187 100/188/186 67/190/188
f 67/190/188 100/188/186 68/191/189
f 68/191/189 100/188/186 69/192/190
f 69/192/190 100/188/186 70/193/191
f 70/193/191 100/188/186 71/194/192
f 71/194/192 100/188/186 72/195/193
f 72/195/193 100/188/186 73/196/194
f 73/196/194 100/188/186 74/197/195
f 74/197/195 100/188/186 75/198/196
f 75/198/196 100/188/186 76/199/197
f 76/199/197 100/188/186 77/200/198
f 77/200/198 100/188/186 78/201/199
f 78/201/199 100/188/186 79/202/200
f 79/202/200 100/188/186 80/203/201
f 80/203/201 100/188/186 81/204/202
f 81/204/202 100/188/186 82/205/203
f 82/205/203 100/188/186 83/206/204
f 83/206/204 100/188/186 84/207/205
f 84/207/205 100/188/186 85/208/206
f 85/208/206 100/188/186 99/209/207
f 85/208/206 99/209/207 86/210/208
f 86/210/208 99/209/207 98/211/209
f 86/210/208 98/211/209 87/212/210
f 87/212/210 98/211/209 97/213/211
f 87/212/210 97/213/211 88/214/212
f 88/214/212 97/213/211 96/215/213
f 88/214/212 96/215/213 89/216/214
f 89/216/214 96/215/213 95/217/215
f 89/216/214 95/217/215 90/218/216
f 90/218/216 95/217/215 94/219/217
f 90/218/216 94/219/217 91/220/218
f 91/220/218 94/219/217 93/221/219
f 91/220/218 93/221/219 92/222/220
g Body4

v -0.040000 0.065000 -0.000000
v -0.039574 0.065000 0.005824
v -0.038304 0.065000 0.011524
v -0.036218 0.065000 0.016978
v -0.033360 0.065000 0.022071
v -0.029791 0.065000 0.026693
v -0.025587 0.065000 0.030746
v -0.020838 0.065000 0.034144
v -0.015644 0.065000 0.036814
v -0.010117 0.065000 0.038699
v -0.004375 0.065000 0.039760
v 0.001461 0.065000 0.039973
v 0.007265 0.065000 0.039335
v 0.012915 0.065000 0.037858
v 0.018290 0.065000 0.035574
v 0.023274 0.065000 0.032532
v 0.027763 0.065000 0.028796
v 0.031660 0.065000 0.024447
v 0.034882 0.065000 0.019577
v 0.037361 0.065000 0.014289
v 0.039043 0.065000 0.008697
v 0.039893 0.065000 0.002920
v 0.039893 0.065000 -0.002920
v 0.039043 0.065000 -0.008697
v 0.037361 0.065000 -0.014289
v 0.034882 0.065000 -0.019577
v 0.031660 0.065000 -0.024447
v 0.027763 0.065000 -0.028796
v 0.023274 0.065000 -0.032532
v 0.018290 0.065000 -0.035574
v 0.012915 0.065000 -0.037858
v 0.007265 0.065000 -0.039335
v 0.001461 0.065000 -0.039973
v -0.004375 0.065000 -0.039760
v -0.010117 0.065000 -0.038699
v -0.015644 0.065000 -0.036814
v -0.020838 0.065000 -0.034144
v -0.025587 0.065000 -0.030746
v -0.029791 0.065000 -0.026693
v -0.033360 0.065000 -0.022071
v -0.036218 0.065000 -0.016978
v -0.038304 0.065000 -0.011524
v -0.039574 0.065000 -0.005824
v -0.040000 0.075000 -0.000000
v -0.039574 0.075000 -0.005824
v -0.038304 0.075000 -0.011524
v -0.036218 0.075000 -0.016978
v -0.033360 0.075000 -0.022071
v -0.029791 0.075000 -0.026693
v -0.025587 0.075000 -0.030746
v -0.020838 0.075000 -0.034144
v -0.015644 0.075000 -0.036814
v -0.010117 0.075000 -0.038699
v -0.004375 0.075000 -0.039760
v 0.001461 0.075000 -0.039973
v 0.007265 0.075000 -0.039335
v 0.012915 0.075000 -0.037858
v 0.018290 0.075000 -0.035574
v 0.023274 0.075000 -0.032532
v 0.027763 0.075000 -0.028796
v 0.031660 0.075000 -0.024447
v 0.034882 0.075000 -0.019577
v 0.037361 0.075000 -0.014289
v 0.039043 0.075000 -0.008697
v 0.039893 0.075000 -0.002920
v 0.039893 0.075000 0.002920
v 0.039043 0.075000 0.008697
v 0.037361 0.075000 0.014289
v 0.034882 0.075000 0.019577
v 0.031660 0.075000 0.024447
v 0.027763 0.075000 0.028796
v 0.023274 0.075000 0.032532
v 0.018290 0.075000 0.035574
v 0.012915 0.075000 0.037858
v 0.007265 0.075000 0.039335
v 0.001461 0.075000 0.039973
v -0.004375 0.075000 0.039760
v -0.010117 0.075000 0.038699
v -0.015644 0.075000 0.036814
v -0.020838 0.075000 0.034144
v -0.025587 0.075000 0.030746
v -0.029791 0.075000 0.026693
v -0.033360 0.075000 0.022071
v -0.036218 0.075000 0.016978
v -0.038304 0.075000 0.011524
v -0.039574 0.075000 0.005824
vt -0.500000 -0.584482 0.000000
vt 0.500000 -0.584482 0.000000
vt -0.500000 0.000000 0.000000
vt 0.500000 0.000000 0.000000
vt -0.500000 0.584482 0.000000
vt 0.500000 0.584482 0.000000
vt 0.500000 1.168965 0.000000
vt -0.500000 -1.168965 0.000000
vt 0.500000 -1.168965 0.000000
vt -0.500000 -1.753447 0.000000
vt 0.500000 -1.753447 0.000000
vt -0.500000 -2.337929 0.000000
vt 0.500000 -2.337929 0.000000
vt -0.500000 -2.922412 0.000000
vt 0.500000 -2.922412 0.000000
vt -0.500000 -3.506894 0.000000
vt 0.500000 -3.506894 0.000000
vt -0.500000 -4.091376 0.000000
vt 0.500000 -4.091376 0.000000
vt -0.500000 -4.675859 0.000000
vt 0.500000 -4.675859 0.000000
vt -0.500000 -5.260341 0.000000
vt 0.500000 -5.260341 0.000000
vt -0.500000 -5.844824 0.000000
vt 0.500000 -5.844824 0.000000
vt -0.500000 -6.429306 0.000000
vt 0.500000 -6.429306 0.000000
vt -0.500000 -7.013788 0.000000
vt 0.500000 -7.013788 0.000000
vt -0.500000 -7.598271 0.000000
vt 0.500000 -7.598271 0.000000
vt -0.500000 -8.182753 0.000000
vt 0.500000 -8.182753 0.000000
vt -0.500000 -8.767235 0.000000
vt 0.500000 -8.767235 0.000000
vt -0.500000 -9.351718 0.000000
vt 0.500000 -9.351718 0.000000
vt -0.500000 -9.936200 0.000000
vt 0.500000 -9.936200 0.000000
vt -0.500000 -10.520682 0.000000
vt 0.500000 -10.520682 0.000000
vt -0.500000 -11.105165 0.000000
vt 0.500000 -11.105165 0.000000
vt -0.500000 -11.689647 0.000000
vt 0.500000 -11.689647 0.000000
vt -0.500000 -12.274129 0.000000
vt 0.500000 -12.274129 0.000000
vt -0.500000 -12.858612 0.000000
vt 0.500000 -12.858612 0.000000
vt 0.500000 12.274129 0.000000
vt -0.500000 12.274129 0.000000
vt -0.500000 11.689647 0.000000
vt 0.500000 11.689647 0.000000
vt -0.500000 11.105165 0.000000
vt 0.500000 11.105165 0.000000
vt -0.500000 10.520682 0.000000
vt 0.500000 10.520682 0.000000
vt -0.500000 9.936200 0.000000
vt 0.500000 9.936200 0.000000
vt -0.500000 9.351718 0.000000
vt 0.500000 9.351718 0.000000
vt -0.500000 8.767235 0.000000
vt 0.500000 8.767235 0.000000
vt -0.500000 8.182753 0.000000
vt 0.500000 8.182753 0.000000
vt -0.500000 7.598271 0.000000
vt 0.500000 7.598271 0.000000
vt -0.500000 7.013788 0.000000
vt 0.500000 7.013788 0.000000
vt -0.500000 6.429306 0.000000
vt 0.500000 6.429306 0.000000
vt -0.500000 5.844824 0.000000
vt 0.500000 5.844824 0.000000
vt -0.500000 5.260341 0.000000
vt 0.500000 5.260341 0.000000
vt -0.500000 4.675859 0.000000
vt 0.500000 4.675859 0.000000
vt -0.500000 4.091376 0.000000
vt 0.500000 4.091376 0.000000
vt -0.500000 3.506894 0.000000
vt 0.500000 3.506894 0.000000
vt -0.500000 2.922412 0.000000
vt 0.500000 2.922412 0.000000
vt -0.500000 2.337929 0.000000
vt 0.500000 2.337929 0.000000
vt -0.500000 1.753447 0.000000
vt 0.500000 1.753447 0.000000
vt -0.500000 1.168965 0.000000
vt 4.000000 -0.000000 0.000000
vt 3.957373 0.582405 0.000000
vt 3.957373 -0.582405 0.000000
vt 3.830402 1.152396 0.000000
vt 3.830402 -1.152396 0.000000
vt 3.621793 1.697827 0.000000
vt 3.335991 2.207071 0.000000
vt 2.979089 2.669275 0.000000
vt 3.621793 -1.697827 0.000000
vt 2.558692 3.074589 0.000000
vt 2.083761 3.414372 0.000000
vt 1.564419 3.681385 0.000000
vt 1.011734 3.869935 0.000000
vt 0.437485 3.976004 0.000000
vt -0.146088 3.997331 0.000000
vt -0.726547 3.933463 0.000000
vt -1.291522 3.785759 0.000000
vt -1.828969 3.557369 0.000000
vt -2.327436 3.253159 0.000000
vt -2.776297 2.879614 0.000000
vt -3.165986 2.444695 0.000000
vt -3.488198 1.957671 0.000000
vt -3.736064 1.428924 0.000000
vt -3.904304 0.869721 0.000000
vt -3.989329 0.291981 0.000000
vt -3.989329 -0.291981 0.000000
vt -3.904304 -0.869721 0.000000
vt -3.736064 -1.428924 0.000000
vt -3.488198 -1.957671 0.000000
vt 3.335991 -2.207071 0.000000
vt -3.165986 -2.444695 0.000000
vt 2.979089 -2.669275 0.000000
vt -2.776297 -2.879614 0.000000
vt 2.558692 -3.074589 0.000000
vt -2.327436 -3.253159 0.000000
vt 2.083761 -3.414372 0.000000
vt -1.828969 -3.557369 0.000000
vt 1.564419 -3.681385 0.000000
vt -1.291522 -3.785759 0.000000
vt 1.011734 -3.869935 0.000000
vt -0.726547 -3.933463 0.000000
vt 0.437485 -3.976004 0.000000
vt -0.146088 -3.997331 0.000000
vt -4.000000 0.000000 0.000000
vt -3.957373 -0.582405 0.000000
vt -3.957373 0.582405 0.000000
vt -3.830402 1.152396 0.000000
vt -3.830402 -1.152396 0.000000
vt -3.621793 1.697827 0.000000
vt -3.335991 2.207071 0.000000
vt -2.979089 2.669275 0.000000
vt -3.621793 -1.697827 0.000000
vt -2.558692 3.074589 0.000000
vt -2.083761 3.414372 0.000000
vt -1.564419 3.681385 0.000000
vt -1.011734 3.869935 0.000000
vt -0.437485 3.976004 0.000000
vt 0.146088 3.997331 0.000000
vt 0.726547 3.933463 0.000000
vt 1.291522 3.785759 0.000000
vt 1.828969 3.557369 0.000000
vt 2.327436 3.253159 0.000000
vt 2.776297 2.879614 0.000000
vt 3.165986 2.444695 0.000000
vt 3.488198 1.957671 0.000000
vt 3.736064 1.428924 0.000000
vt 3.904304 0.869721 0.000000
vt 3.989329 0.291981 0.000000
vt 3.989329 -0.291981 0.000000
vt 3.904304 -0.869721 0.000000
vt 3.736064 -1.428924 0.000000
vt 3.488198 -1.957671 0.000000
vt -3.335991 -2.207071 0.000000
vt 3.165986 -2.444695 0.000000
vt -2.979089 -2.669275 0.000000
vt 2.776297 -2.879614 0.000000
vt -2.558692 -3.074589 0.000000
vt 2.327436 -3.253159 0.000000
vt -2.083761 -3.414372 0.000000
vt 1.828969 -3.557369 0.000000
vt -1.564419 -3.681385 0.000000
vt 1.291522 -3.785759 0.000000
vt -1.011734 -3.869935 0.000000
vt 0.726547 -3.933463 0.000000
vt -0.437485 -3.976004 0.000000
vt 0.146088 -3.997331 0.000000
vn -98.934337 -0.000000 14.560117
vn -98.934337 -0.000000 14.560117
vn -100.000000 -0.000000 0.000000
vn -100.000000 -0.000000 0.000000
vn -98.934337 -0.000000 -14.560117
vn -98.934337 -0.000000 -14.560117
vn -95.760060 -0.000000 -28.809910
vn -95.760060 0.000000 28.809910
vn -95.760060 0.000000 28.809910
vn -90.544824 0.000000 42.445670
vn -90.544824 0.000000 42.445670
vn -83.399782 0.000000 55.176774
vn -83.399782 0.000000 55.176774
vn -74.477218 0.000000 66.731881
vn -74.477218 0.000000 66.731881
vn -63.967302 0.000000 76.864714
vn -63.967302 0.000000 76.864714
vn -52.094034 0.000000 85.359309
vn -52.094034 0.000000 85.359309
vn -39.110472 0.000000 92.034618
vn -39.110472 0.000000 92.034618
vn -25.293338 0.000000 96.748370
vn -25.293338 0.000000 96.748370
vn -10.937121 0.000000 99.400098
vn -10.937121 0.000000 99.400098
vn 3.652202 0.000000 99.933285
vn 3.652202 0.000000 99.933285
vn 18.163685 0.000000 98.336568
vn 18.163685 0.000000 98.336568
vn 32.288040 0.000000 94.643977
vn 32.288040 0.000000 94.643977
vn 45.724232 0.000000 88.934215
vn 45.724232 0.000000 88.934215
vn 58.185892 0.000000 81.328974
vn 58.185892 0.000000 81.328974
vn 69.407420 0.000000 71.990347
vn 69.407420 0.000000 71.990347
vn 79.149649 0.000000 61.117371
vn 79.149649 0.000000 61.117371
vn 87.204941 0.000000 48.941785
vn 87.204941 0.000000 48.941785
vn 93.401611 0.000000 35.723089
vn 93.401611 0.000000 35.723089
vn 97.607588 0.000000 21.743018
vn 97.607588 0.000000 21.743018
vn 99.733228 0.000000 7.299531
vn 99.733228 0.000000 7.299531
vn 99.733228 0.000000 -7.299531
vn 99.733228 0.000000 -7.299531
vn 97.607588 0.000000 -21.743018
vn 97.607588 0.000000 -21.743018
vn 93.401611 -0.000000 -35.723089
vn 93.401611 -0.000000 -35.723089
vn 87.204941 -0.000000 -48.941785
vn 87.204941 -0.000000 -48.941785
vn 79.149649 -0.000000 -61.117371
vn 79.149649 -0.000000 -61.117371
vn 69.407420 -0.000000 -71.990347
vn 69.407420 -0.000000 -71.990347
vn 58.185892 -0.000000 -81.328974
vn 58.185892 -0.000000 -81.328974
vn 45.724232 -0.000000 -88.934215
vn 45.724232 -0.000000 -88.934215
vn 32.288040 -0.000000 -94.643977
vn 32.288040 -0.000000 -94.643977
vn 18.163685 -0.000000 -98.336568
vn 18.163685 -0.000000 -98.336568
vn 3.652202 -0.000000 -99.933285
vn 3.652202 -0.000000 -99.933285
vn -10.937121 -0.000000 -99.400098
vn -10.937121 -0.000000 -99.400098
vn -25.293338 -0.000000 -96.748370
vn -25.293338 -0.000000 -96.748370
vn -39.110472 -0.000000 -92.034618
vn -39.110472 -0.000000 -92.034618
vn -52.094034 -0.000000 -85.359309
vn -52.094034 -0.000000 -85.359309
vn -63.967302 -0.000000 -76.864714
vn -63.967302 -0.000000 -76.864714
vn -74.477218 -0.000000 -66.731881
vn -74.477218 -0.000000 -66.731881
vn -83.399782 -0.000000 -55.176774
vn -83.399782 -0.000000 -55.176774
vn -90.544824 -0.000000 -42.445670
vn -90.544824 -0.000000 -42.445670
vn -95.760060 -0.000000 -28.809910
vn 0.000000 -100.000000 0.000000
vn 0.000000 -100.000000 0.000000
vn 0.000000 -100.000000 0.000000
vn 0.000000 -100.000000 0.000000
vn 0.000000 -100.000000 0.000000
vn 0.000000 -100.000000 0.000000
vn 0.000000 -100.000000 0.000000
vn 0.000000 -100.000000 0.000000
vn 0.000000 -100.000000 0.000000
vn 0.000000 -100.000000 0.000000
vn 0.000000 -100.000000 0.000000
vn 0.000000 -100.000000 0.000000
vn 0.000000 -100.000000 0.000000
vn 0.000000 -100.000000 0.000000
vn 0.000000 -100.000000 0.000000
vn 0.000000 -100.000000 0.000000
vn 0.000000 -100.000000 0.000000
vn 0.000000 -100.000000 0.000000
vn 0.000000 -100.000000 0.000000
vn 0.000000 -100.000000 0.000000
vn 0.000000 -100.000000 0.000000
vn 0.000000 -100.000000 0.000000
vn 0.000000 -100.000000 0.000000
vn 0.000000 -100.000000 0.000000
vn 0.000000 -100.000000 0.000000
vn 0.000000 -100.000000 0.000000
vn 0.000000 -100.000000 0.000000
vn 0.000000 -100.000000 0.000000
vn 0.000000 -100.000000 0.000000
vn 0.000000 -100.000000 0.000000
vn 0.000000 -100.000000 0.000000
vn 0.000000 -100.000000 0.000000
vn 0.000000 -100.000000 0.000000
vn 0.000000 -100.000000 0.000000
vn 0.000000 -100.000000 0.000000
vn 0.000000 -100.000000 0.000000
vn 0.000000 -100.000000 0.000000
vn 0.000000 -100.000000 0.000000
vn 0.000000 -100.000000 0.000000
vn 0.000000 -100.000000 0.000000
vn 0.000000 -100.000000 0.000000
vn 0.000000 -100.000000 0.000000
vn 0.000000 -100.000000 0.000000
vn -0.000000 100.000000 -0.000000
vn -0.000000 100.000000 -0.000000
vn -0.000000 100.000000 -0.000000
vn -0.000000 100.000000 -0.000000
vn -0.000000 100.000000 -0.000000
vn -0.000000 100.000000 -0.000000
vn -0.000000 100.000000 -0.000000
vn -0.000000 100.000000 -0.000000
vn -0.000000 100.000000 -0.000000
vn -0.000000 100.000000 -0.000000
vn -0.000000 100.000000 -0.000000
vn -0.000000 100.000000 -0.000000
vn -0.000000 100.000000 -0.000000
vn -0.000000 100.000000 -0.000000
vn -0.000000 100.000000 -0.000000
vn -0.000000 100.000000 -0.000000
vn -0.000000 100.000000 -0.000000
vn -0.000000 100.000000 -0.000000
vn -0.000000 100.000000 -0.000000
vn -0.000000 100.000000 -0.000000
vn -0.000000 100.000000 -0.000000
vn -0.000000 100.000000 -0.000000
vn -0.000000 100.000000 -0.000000
vn -0.000000 100.000000 -0.000000
vn -0.000000 100.000000 -0.000000
vn -0.000000 100.000000 -0.000000
vn -0.000000 100.000000 -0.000000
vn -0.000000 100.000000 -0.000000
vn -0.000000 100.000000 -0.000000
vn -0.000000 100.000000 -0.000000
vn -0.000000 100.000000 -0.000000
vn -0.000000 100.000000 -0.000000
vn -0.000000 100.000000 -0.000000
vn -0.000000 100.000000 -0.000000
vn -0.000000 100.000000 -0.000000
vn -0.000000 100.000000 -0.000000
vn -0.000000 100.000000 -0.000000
vn -0.000000 100.000000 -0.000000
vn -0.000000 100.000000 -0.000000
vn -0.000000 100.000000 -0.000000
vn -0.000000 100.000000 -0.000000
vn -0.000000 100.000000 -0.000000
vn -0.000000 100.000000 -0.000000
f 104/223/221 188/224/222 103/225/223
f 103/225/223 188/224/222 146/226/224
f 103/225/223 146/226/224 145/227/225
f 145/227/225 146/226/224 147/228/226
f 145/227/225 147/228/226 148/229/227
f 104/223/221 105/230/228 188/224/222
f 188/224/222 105/230/228 187/231/229
f 187/231/229 105/230/228 106/232/230
f 187/231/229 106/232/230 186/233/231
f 186/233/231 106/232/230 107/234/232
f 186/233/231 107/234/232 185/235/233
f 185/235/233 107/234/232 108/236/234
f 185/235/233 108/236/234 184/237/235
f 184/237/235 108/236/234 109/238/236
f 184/237/235 109/238/236 183/239/237
f 183/239/237 109/238/236 110/240/238
f 183/239/237 110/240/238 182/241/239
f 182/241/239 110/240/238 111/242/240
f 182/241/239 111/242/240 181/243/241
f 181/243/241 111/242/240 112/244/242
f 181/243/241 112/244/242 180/245/243
f 180/245/243 112/244/242 113/246/244
f 180/245/243 113/246/244 179/247/245
f 179/247/245 113/246/244 114/248/246
f 179/247/245 114/248/246 178/249/247
f 178/249/247 114/248/246 115/250/248
f 178/249/247 115/250/248 177/251/249
f 177/251/249 115/250/248 116/252/250
f 177/251/249 116/252/250 176/253/251
f 176/253/251 116/252/250 117/254/252
f 176/253/251 117/254/252 175/255/253
f 175/255/253 117/254/252 118/256/254
f 175/255/253 118/256/254 174/257/255
f 174/257/255 118/256/254 119/258/256
f 174/257/255 119/258/256 173/259/257
f 173/259/257 119/258/256 120/260/258
f 173/259/257 120/260/258 172/261/259
f 172/261/259 120/260/258 121/262/260
f 172/261/259 121/262/260 171/263/261
f 171/263/261 121/262/260 122/264/262
f 171/263/261 122/264/262 170/265/263
f 170/265/263 122/264/262 123/266/264
f 170/265/263 123/266/264 169/267/265
f 169/267/265 123/266/264 124/268/266
f 169/267/265 124/268/266 168/269/267
f 168/269/267 124/268/266 125/270/268
f 168/269/267 125/270/268 167/271/269
f 167/272/269 125/273/268 126/274/270
f 167/272/269 126/274/270 166/275/271
f 166/275/271 126/274/270 127/276/272
f 166/275/271 127/276/272 165/277/273
f 165/277/273 127/276/272 128/278/274
f 165/277/273 128/278/274 164/279/275
f 164/279/275 128/278/274 129/280/276
f 164/279/275 129/280/276 163/281/277
f 163/281/277 129/280/276 130/282/278
f 163/281/277 130/282/278 162/283/279
f 162/283/279 130/282/278 131/284/280
f 162/283/279 131/284/280 161/285/281
f 161/285/281 131/284/280 132/286/282
f 161/285/281 132/286/282 160/287/283
f 160/287/283 132/286/282 133/288/284
f 160/287/283 133/288/284 159/289/285
f 159/289/285 133/288/284 134/290/286
f 159/289/285 134/290/286 158/291/287
f 158/291/287 134/290/286 135/292/288
f 158/291/287 135/292/288 157/293/289
f 157/293/289 135/292/288 136/294/290
f 157/293/289 136/294/290 156/295/291
f 156/295/291 136/294/290 137/296/292
f 156/295/291 137/296/292 155/297/293
f 155/297/293 137/296/292 138/298/294
f 155/297/293 138/298/294 154/299/295
f 154/299/295 138/298/294 139/300/296
f 154/299/295 139/300/296 153/301/297
f 153/301/297 139/300/296 140/302/298
f 153/301/297 140/302/298 152/303/299
f 152/303/299 140/302/298 141/304/300
f 152/303/299 141/304/300 151/305/301
f 151/305/301 141/304/300 142/306/302
f 151/305/301 142/306/302 150/307/303
f 150/307/303 142/306/302 143/308/304
f 150/307/303 143/308/304 149/309/305
f 149/309/305 143/308/304 144/310/306
f 149/309/305 144/310/306 148/229/227
f 148/229/227 144/310/306 145/227/225
f 103/311/307 145/312/308 104/313/309
f 104/313/309 145/312/308 144/314/310
f 104/313/309 144/314/310 105/315/311
f 105/315/311 144/314/310 143/316/312
f 105/315/311 143/316/312 142/317/313
f 142/317/313 141/318/314 105/315/311
f 105/315/311 141/318/314 106/319/315
f 106/319/315 141/318/314 140/320/316
f 106/319/315 140/320/316 139/321/317
f 139/321/317 138/322/318 106/319/315
f 106/319/315 138/322/318 137/323/319
f 106/319/315 137/323/319 136/324/320
f 136/324/320 135/325/321 106/319/315
f 106/319/315 135/325/321 134/326/322
f 106/319/315 134/326/322 133/327/323
f 133/327/323 132/328/324 106/319/315
f 106/319/315 132/328/324 131/329/325
f 106/319/315 131/329/325 130/330/326
f 130/330/326 129/331/327 106/319/315
f 106/319/315 129/331/327 128/332/328
f 106/319/315 128/332/328 127/333/329
f 127/333/329 126/334/330 106/319/315
f 106/319/315 126/334/330 125/335/331
f 106/319/315 125/335/331 124/336/332
f 124/336/332 123/337/333 106/319/315
f 106/319/315 123/337/333 122/338/334
f 106/319/315 122/338/334 121/339/335
f 106/319/315 121/339/335 107/340/336
f 107/340/336 121/339/335 120/341/337
f 107/340/336 120/341/337 108/342/338
f 108/342/338 120/341/337 119/343/339
f 108/342/338 119/343/339 109/344/340
f 109/344/340 119/343/339 118/345/341
f 109/344/340 118/345/341 110/346/342
f 110/346/342 118/345/341 117/347/343
f 110/346/342 117/347/343 111/348/344
f 111/348/344 117/347/343 116/349/345
f 111/348/344 116/349/345 112/350/346
f 112/350/346 116/349/345 115/351/347
f 112/350/346 115/351/347 113/352/348
f 113/352/348 115/351/347 114/353/349
f 146/354/350 188/355/351 147/356/352
f 147/356/352 188/355/351 148/357/353
f 148/357/353 188/355/351 187/358/354
f 148/357/353 187/358/354 149/359/355
f 149/359/355 187/358/354 150/360/356
f 150/360/356 187/358/354 151/361/357
f 151/361/357 187/358/354 186/362/358
f 151/361/357 186/362/358 152/363/359
f 152/363/359 186/362/358 153/364/360
f 153/364/360 186/362/358 154/365/361
f 154/365/361 186/362/358 155/366/362
f 155/366/362 186/362/358 156/367/363
f 156/367/363 186/362/358 157/368/364
f 157/368/364 186/362/358 158/369/365
f 158/369/365 186/362/358 159/370/366
f 159/370/366 186/362/358 160/371/367
f 160/371/367 186/362/358 161/372/368
f 161/372/368 186/362/358 162/373/369
f 162/373/369 186/362/358 163/374/370
f 163/374/370 186/362/358 164/375/371
f 164/375/371 186/362/358 165/376/372
f 165/376/372 186/362/358 166/377/373
f 166/377/373 186/362/358 167/378/374
f 167/378/374 186/362/358 168/379/375
f 168/379/375 186/362/358 169/380/376
f 169/380/376 186/362/358 170/381/377
f 170/381/377 186/362/358 171/382/378
f 171/382/378 186/362/358 185/383/379
f 171/382/378 185/383/379 172/384/380
f 172/384/380 185/383/379 184/385/381
f 172/384/380 184/385/381 173/386/382
f 173/386/382 184/385/381 183/387/383
f 173/386/382 183/387/383 174/388/384
f 174/388/384 183/387/383 182/389/385
f 174/388/384 182/389/385 175/390/386
f 175/390/386 182/389/385 181/391/387
f 175/390/386 181/391/387 176/392/388
f 176/392/388 181/391/387 180/393/389
f 176/392/388 180/393/389 177/394/390
f 177/394/390 180/393/389 179/395/391
f 177/394/390 179/395/391 178/396/392
g Body1:1

v -0.050000 0.101487 -0.065000
v -0.050000 0.101107 -0.060659
v -0.050000 0.099979 -0.056449
v -0.050000 0.098138 -0.052500
v -0.050000 0.095638 -0.048930
v -0.050000 0.092557 -0.045849
v -0.050000 0.088987 -0.043349
v -0.050000 0.085038 -0.041508
v -0.050000 0.080828 -0.040380
v -0.050000 0.076487 -0.040000
v 0.050000 0.076487 -0.040000
v 0.050000 0.080828 -0.040380
v 0.050000 0.085038 -0.041508
v 0.050000 0.088987 -0.043349
v 0.050000 0.092557 -0.045849
v 0.050000 0.095638 -0.048930
v 0.050000 0.098138 -0.052500
v 0.050000 0.099979 -0.056449
v 0.050000 0.101107 -0.060659
v 0.050000 0.101487 -0.065000
v 0.075000 0.076487 -0.065000
v 0.074620 0.076487 -0.060659
v 0.073492 0.076487 -0.056449
v 0.071651 0.076487 -0.052500
v 0.069151 0.076487 -0.048930
v 0.066070 0.076487 -0.045849
v 0.062500 0.076487 -0.043349
v 0.058551 0.076487 -0.041508
v 0.054341 0.076487 -0.040380
v 0.050000 0.064807 -0.040000
v 0.054341 0.064807 -0.040380
v 0.058551 0.064807 -0.041508
v 0.062500 0.064807 -0.043349
v 0.066070 0.064807 -0.045849
v 0.069151 0.064807 -0.048930
v 0.071651 0.064807 -0.052500
v 0.073492 0.064807 -0.056449
v 0.074620 0.064807 -0.060659
v 0.075000 0.064807 -0.065000
v 0.050000 0.042266 -0.046957
v 0.054341 0.042480 -0.047270
v 0.058551 0.043115 -0.048202
v 0.062500 0.044153 -0.049723
v 0.066070 0.045562 -0.051788
v 0.069151 0.047298 -0.054334
v 0.071651 0.049310 -0.057283
v 0.073492 0.051536 -0.060545
v 0.074620 0.053908 -0.064022
v 0.075000 0.056354 -0.067609
v 0.075000 0.058978 -0.066179
v 0.075000 0.061834 -0.065298
v 0.050000 0.060029 -0.040286
v 0.050000 0.055320 -0.041141
v 0.050000 0.050746 -0.042553
v 0.050000 0.046374 -0.044501
v 0.074620 0.056412 -0.062576
v 0.073492 0.054585 -0.058784
v 0.071651 0.052871 -0.055226
v 0.069151 0.051321 -0.052010
v 0.066070 0.049984 -0.049234
v 0.062500 0.048899 -0.046982
v 0.058551 0.048099 -0.045323
v 0.054341 0.047610 -0.044307
v 0.074620 0.059104 -0.061519
v 0.073492 0.057863 -0.057497
v 0.071651 0.056698 -0.053723
v 0.069151 0.055645 -0.050312
v 0.066070 0.054737 -0.047367
v 0.062500 0.054000 -0.044979
v 0.058551 0.053457 -0.043219
v 0.054341 0.053124 -0.042142
v 0.074620 0.061923 -0.060875
v 0.073492 0.061296 -0.056713
v 0.071651 0.060707 -0.052807
v 0.069151 0.060175 -0.049278
v 0.066070 0.059715 -0.046231
v 0.062500 0.059342 -0.043759
v 0.058551 0.059068 -0.041938
v 0.054341 0.058900 -0.040823
v 0.050000 -0.042266 -0.046957
v 0.054341 -0.042480 -0.047270
v 0.058551 -0.043115 -0.048202
v 0.062500 -0.044153 -0.049723
v 0.066070 -0.045562 -0.051788
v 0.069151 -0.047298 -0.054334
v 0.071651 -0.049310 -0.057283
v 0.073492 -0.051536 -0.060545
v 0.074620 -0.053908 -0.064022
v 0.075000 -0.056354 -0.067609
v 0.075000 -0.049092 -0.072121
v 0.075000 -0.041471 -0.075996
v 0.075000 -0.033546 -0.079205
v 0.075000 -0.025377 -0.081727
v 0.075000 -0.017022 -0.083541
v 0.075000 -0.008542 -0.084635
v 0.075000 -0.000000 -0.085000
v 0.075000 0.008542 -0.084635
v 0.075000 0.017022 -0.083541
v 0.075000 0.025377 -0.081727
v 0.075000 0.033546 -0.079205
v 0.075000 0.041471 -0.075996
v 0.075000 0.049092 -0.072121
v 0.050000 0.035285 -0.051181
v 0.050000 0.027887 -0.054623
v 0.050000 0.020158 -0.057240
v 0.050000 0.012191 -0.059003
v 0.050000 0.004080 -0.059889
v 0.050000 -0.004080 -0.059889
v 0.050000 -0.012191 -0.059003
v 0.050000 -0.020158 -0.057240
v 0.050000 -0.027887 -0.054623
v 0.050000 -0.035285 -0.051181
v 0.054341 -0.020787 -0.057457
v 0.054341 0.003008 -0.060320
v 0.054341 0.026498 -0.055569
v 0.074620 -0.047435 -0.068069
v 0.073492 -0.045348 -0.064414
v 0.071651 -0.043389 -0.060984
v 0.069151 -0.041619 -0.057884
v 0.066070 -0.040091 -0.055209
v 0.062500 -0.038852 -0.053038
v 0.058551 -0.037938 -0.051439
v 0.054341 -0.037379 -0.050459
v 0.074620 -0.040660 -0.071587
v 0.073492 -0.038871 -0.067777
v 0.071651 -0.037192 -0.064202
v 0.069151 -0.035675 -0.060971
v 0.066070 -0.034365 -0.058182
v 0.062500 -0.033303 -0.055919
v 0.058551 -0.032520 -0.054252
v 0.054341 -0.032041 -0.053231
v 0.074620 -0.033627 -0.074554
v 0.073492 -0.032147 -0.070613
v 0.071651 -0.030759 -0.066916
v 0.069151 -0.029504 -0.063574
v 0.066070 -0.028421 -0.060689
v 0.062500 -0.027542 -0.058349
v 0.058551 -0.026894 -0.056625
v 0.054341 -0.026498 -0.055569
v 0.074620 -0.026379 -0.076950
v 0.073492 -0.025218 -0.072904
v 0.071651 -0.024129 -0.069107
v 0.069151 -0.023144 -0.065676
v 0.066070 -0.022295 -0.062714
v 0.062500 -0.021605 -0.060312
v 0.058551 -0.021098 -0.058541
v 0.074620 -0.018963 -0.078760
v 0.073492 -0.018128 -0.074635
v 0.071651 -0.017345 -0.070764
v 0.069151 -0.016638 -0.067265
v 0.066070 -0.016027 -0.064244
v 0.062500 -0.015532 -0.061794
v 0.058551 -0.015166 -0.059989
v 0.054341 -0.014943 -0.058884
v 0.074620 -0.011426 -0.079974
v 0.073492 -0.010923 -0.075795
v 0.071651 -0.010452 -0.071874
v 0.069151 -0.010025 -0.068329
v 0.066070 -0.009657 -0.065270
v 0.062500 -0.009359 -0.062788
v 0.058551 -0.009139 -0.060960
v 0.054341 -0.009004 -0.059840
v 0.074620 -0.003817 -0.080583
v 0.073492 -0.003649 -0.076377
v 0.071651 -0.003491 -0.072430
v 0.069151 -0.003349 -0.068863
v 0.066070 -0.003226 -0.065785
v 0.062500 -0.003126 -0.063287
v 0.058551 -0.003053 -0.061447
v 0.054341 -0.003008 -0.060320
v 0.074620 0.003817 -0.080583
v 0.073492 0.003649 -0.076377
v 0.071651 0.003491 -0.072430
v 0.069151 0.003349 -0.068863
v 0.066070 0.003226 -0.065785
v 0.062500 0.003126 -0.063287
v 0.058551 0.003053 -0.061447
v 0.074620 0.011426 -0.079974
v 0.073492 0.010923 -0.075795
v 0.071651 0.010452 -0.071874
v 0.069151 0.010025 -0.068329
v 0.066070 0.009657 -0.065270
v 0.062500 0.009359 -0.062788
v 0.058551 0.009139 -0.060960
v 0.054341 0.009004 -0.059840
v 0.074620 0.018963 -0.078760
v 0.073492 0.018128 -0.074635
v 0.071651 0.017345 -0.070764
v 0.069151 0.016638 -0.067265
v 0.066070 0.016027 -0.064244
v 0.062500 0.015532 -0.061794
v 0.058551 0.015166 -0.059989
v 0.054341 0.014943 -0.058884
v 0.074620 0.026379 -0.076950
v 0.073492 0.025218 -0.072904
v 0.071651 0.024129 -0.069107
v 0.069151 0.023144 -0.065676
v 0.066070 0.022295 -0.062714
v 0.062500 0.021605 -0.060312
v 0.058551 0.021098 -0.058541
v 0.054341 0.020787 -0.057457
v 0.074620 0.033627 -0.074554
v 0.073492 0.032147 -0.070613
v 0.071651 0.030759 -0.066916
v 0.069151 0.029504 -0.063574
v 0.066070 0.028421 -0.060689
v 0.062500 0.027542 -0.058349
v 0.058551 0.026894 -0.056625
v 0.074620 0.040660 -0.071587
v 0.073492 0.038871 -0.067777
v 0.071651 0.037192 -0.064202
v 0.069151 0.035675 -0.060971
v 0.066070 0.034365 -0.058182
v 0.062500 0.033303 -0.055919
v 0.058551 0.032520 -0.054252
v 0.054341 0.032041 -0.053231
v 0.074620 0.047435 -0.068069
v 0.073492 0.045348 -0.064414
v 0.071651 0.043389 -0.060984
v 0.069151 0.041619 -0.057884
v 0.066070 0.040091 -0.055209
v 0.062500 0.038852 -0.053038
v 0.058551 0.037938 -0.051439
v 0.054341 0.037379 -0.050459
v 0.050000 -0.064807 -0.040000
v 0.054341 -0.064807 -0.040380
v 0.058551 -0.064807 -0.041508
v 0.062500 -0.064807 -0.043349
v 0.066070 -0.064807 -0.045849
v 0.069151 -0.064807 -0.048930
v 0.071651 -0.064807 -0.052500
v 0.073492 -0.064807 -0.056449
v 0.074620 -0.064807 -0.060659
v 0.075000 -0.064807 -0.065000
v 0.075000 -0.061834 -0.065298
v 0.075000 -0.058978 -0.066179
v 0.050000 -0.046374 -0.044501
v 0.050000 -0.050746 -0.042553
v 0.050000 -0.055320 -0.041141
v 0.050000 -0.060029 -0.040286
v 0.074620 -0.061923 -0.060875
v 0.073492 -0.061296 -0.056713
v 0.071651 -0.060707 -0.052807
v 0.069151 -0.060175 -0.049278
v 0.066070 -0.059715 -0.046231
v 0.062500 -0.059342 -0.043759
v 0.058551 -0.059068 -0.041938
v 0.054341 -0.058900 -0.040823
v 0.074620 -0.059104 -0.061519
v 0.073492 -0.057863 -0.057497
v 0.071651 -0.056698 -0.053723
v 0.069151 -0.055645 -0.050312
v 0.066070 -0.054737 -0.047367
v 0.062500 -0.054000 -0.044979
v 0.058551 -0.053457 -0.043219
v 0.054341 -0.053124 -0.042142
v 0.074620 -0.056412 -0.062576
v 0.073492 -0.054585 -0.058784
v 0.071651 -0.052871 -0.055226
v 0.069151 -0.051321 -0.052010
v 0.066070 -0.049984 -0.049234
v 0.062500 -0.048899 -0.046982
v 0.058551 -0.048099 -0.045323
v 0.054341 -0.047610 -0.044307
v 0.050000 -0.138513 -0.040000
v 0.054341 -0.138513 -0.040380
v 0.058551 -0.138513 -0.041508
v 0.062500 -0.138513 -0.043349
v 0.066070 -0.138513 -0.045849
v 0.069151 -0.138513 -0.048930
v 0.071651 -0.138513 -0.052500
v 0.073492 -0.138513 -0.056449
v 0.074620 -0.138513 -0.060659
v 0.075000 -0.138513 -0.065000
v 0.025000 -0.163513 -0.040000
v 0.025000 -0.167854 -0.040380
v 0.025000 -0.172064 -0.041508
v 0.025000 -0.176013 -0.043349
v 0.025000 -0.179583 -0.045849
v 0.025000 -0.182664 -0.048930
v 0.025000 -0.185164 -0.052500
v 0.025000 -0.187005 -0.056449
v 0.025000 -0.188133 -0.060659
v 0.025000 -0.188513 -0.065000
v 0.031526 -0.188085 -0.065000
v 0.037941 -0.186809 -0.065000
v 0.044134 -0.184707 -0.065000
v 0.050000 -0.181814 -0.065000
v 0.055438 -0.178181 -0.065000
v 0.060355 -0.173868 -0.065000
v 0.064668 -0.168951 -0.065000
v 0.068301 -0.163513 -0.065000
v 0.071194 -0.157647 -0.065000
v 0.073296 -0.151454 -0.065000
v 0.074572 -0.145039 -0.065000
v 0.049620 -0.142854 -0.040000
v 0.048492 -0.147064 -0.040000
v 0.046651 -0.151013 -0.040000
v 0.044151 -0.154583 -0.040000
v 0.041070 -0.157664 -0.040000
v 0.037500 -0.160164 -0.040000
v 0.033551 -0.162005 -0.040000
v 0.029341 -0.163133 -0.040000
v 0.031477 -0.187709 -0.060659
v 0.031330 -0.186590 -0.056449
v 0.031089 -0.184765 -0.052500
v 0.030763 -0.182286 -0.048930
v 0.030361 -0.179231 -0.045849
v 0.029895 -0.175692 -0.043349
v 0.029379 -0.171776 -0.041508
v 0.028830 -0.167603 -0.040380
v 0.037843 -0.186442 -0.060659
v 0.037551 -0.185353 -0.056449
v 0.037074 -0.183574 -0.052500
v 0.036427 -0.181160 -0.048930
v 0.035630 -0.178183 -0.045849
v 0.034706 -0.174735 -0.043349
v 0.033684 -0.170920 -0.041508
v 0.032594 -0.166854 -0.040380
v 0.043989 -0.184356 -0.060659
v 0.043557 -0.183314 -0.056449
v 0.042852 -0.181613 -0.052500
v 0.041896 -0.179303 -0.048930
v 0.040717 -0.176456 -0.045849
v 0.039351 -0.173158 -0.043349
v 0.037839 -0.169510 -0.041508
v 0.036228 -0.165621 -0.040380
v 0.049810 -0.181485 -0.060659
v 0.049246 -0.180509 -0.056449
v 0.048325 -0.178914 -0.052500
v 0.047076 -0.176749 -0.048930
v 0.045535 -0.174080 -0.045849
v 0.043750 -0.170989 -0.043349
v 0.041775 -0.167569 -0.041508
v 0.039671 -0.163923 -0.040380
v 0.055207 -0.177879 -0.060659
v 0.054520 -0.176985 -0.056449
v 0.053399 -0.175523 -0.052500
v 0.051877 -0.173540 -0.048930
v 0.050002 -0.171096 -0.045849
v 0.047829 -0.168264 -0.043349
v 0.045424 -0.165130 -0.041508
v 0.042862 -0.161791 -0.040380
v 0.060087 -0.173600 -0.060659
v 0.059289 -0.172802 -0.056449
v 0.057987 -0.171500 -0.052500
v 0.056220 -0.169733 -0.048930
v 0.054041 -0.167554 -0.045849
v 0.051517 -0.165030 -0.043349
v 0.048724 -0.162237 -0.041508
v 0.045747 -0.159260 -0.040380
v 0.064366 -0.168720 -0.060659
v 0.063472 -0.168033 -0.056449
v 0.062010 -0.166912 -0.052500
v 0.060027 -0.165390 -0.048930
v 0.057583 -0.163515 -0.045849
v 0.054751 -0.161342 -0.043349
v 0.051617 -0.158937 -0.041508
v 0.048278 -0.156375 -0.040380
v 0.067972 -0.163323 -0.060659
v 0.066996 -0.162759 -0.056449
v 0.065401 -0.161838 -0.052500
v 0.063236 -0.160589 -0.048930
v 0.060567 -0.159048 -0.045849
v 0.057476 -0.157263 -0.043349
v 0.054056 -0.155288 -0.041508
v 0.050410 -0.153184 -0.040380
v 0.070843 -0.157502 -0.060659
v 0.069801 -0.157070 -0.056449
v 0.068100 -0.156365 -0.052500
v 0.065790 -0.155409 -0.048930
v 0.062943 -0.154230 -0.045849
v 0.059645 -0.152864 -0.043349
v 0.055997 -0.151352 -0.041508
v 0.052108 -0.149741 -0.040380
v 0.072929 -0.151356 -0.060659
v 0.071840 -0.151064 -0.056449
v 0.070061 -0.150587 -0.052500
v 0.067647 -0.149940 -0.048930
v 0.064670 -0.149143 -0.045849
v 0.061222 -0.148219 -0.043349
v 0.057407 -0.147197 -0.041508
v 0.053341 -0.146107 -0.040380
v 0.074196 -0.144990 -0.060659
v 0.073077 -0.144843 -0.056449
v 0.071252 -0.144602 -0.052500
v 0.068773 -0.144276 -0.048930
v 0.065718 -0.143874 -0.045849
v 0.062179 -0.143408 -0.043349
v 0.058263 -0.142892 -0.041508
v 0.054090 -0.142343 -0.040380
v -0.025000 -0.163513 -0.040000
v -0.025000 -0.167854 -0.040380
v -0.025000 -0.172064 -0.041508
v -0.025000 -0.176013 -0.043349
v -0.025000 -0.179583 -0.045849
v -0.025000 -0.182664 -0.048930
v -0.025000 -0.185164 -0.052500
v -0.025000 -0.187005 -0.056449
v -0.025000 -0.188133 -0.060659
v -0.025000 -0.188513 -0.065000
v -0.050000 -0.138513 -0.040000
v -0.054341 -0.138513 -0.040380
v -0.058551 -0.138513 -0.041508
v -0.062500 -0.138513 -0.043349
v -0.066070 -0.138513 -0.045849
v -0.069151 -0.138513 -0.048930
v -0.071651 -0.138513 -0.052500
v -0.073492 -0.138513 -0.056449
v -0.074620 -0.138513 -0.060659
v -0.075000 -0.138513 -0.065000
v -0.074572 -0.145039 -0.065000
v -0.073296 -0.151454 -0.065000
v -0.071194 -0.157647 -0.065000
v -0.068301 -0.163513 -0.065000
v -0.064668 -0.168951 -0.065000
v -0.060355 -0.173868 -0.065000
v -0.055438 -0.178181 -0.065000
v -0.050000 -0.181814 -0.065000
v -0.044134 -0.184707 -0.065000
v -0.037941 -0.186809 -0.065000
v -0.031526 -0.188085 -0.065000
v -0.029341 -0.163133 -0.040000
v -0.033551 -0.162005 -0.040000
v -0.037500 -0.160164 -0.040000
v -0.041070 -0.157664 -0.040000
v -0.044151 -0.154583 -0.040000
v -0.046651 -0.151013 -0.040000
v -0.048492 -0.147064 -0.040000
v -0.049620 -0.142854 -0.040000
v -0.074196 -0.144990 -0.060659
v -0.073077 -0.144843 -0.056449
v -0.071252 -0.144602 -0.052500
v -0.068773 -0.144276 -0.048930
v -0.065718 -0.143874 -0.045849
v -0.062179 -0.143408 -0.043349
v -0.058263 -0.142892 -0.041508
v -0.054090 -0.142343 -0.040380
v -0.072929 -0.151356 -0.060659
v -0.071840 -0.151064 -0.056449
v -0.070061 -0.150587 -0.052500
v -0.067647 -0.149940 -0.048930
v -0.064670 -0.149143 -0.045849
v -0.061222 -0.148219 -0.043349
v -0.057407 -0.147197 -0.041508
v -0.053341 -0.146107 -0.040380
v -0.070843 -0.157502 -0.060659
v -0.069801 -0.157070 -0.056449
v -0.068100 -0.156365 -0.052500
v -0.065790 -0.155409 -0.048930
v -0.062943 -0.154230 -0.045849
v -0.059645 -0.152864 -0.043349
v -0.055997 -0.151352 -0.041508
v -0.052108 -0.149741 -0.040380
v -0.067972 -0.163323 -0.060659
v -0.066996 -0.162759 -0.056449
v -0.065401 -0.161838 -0.052500
v -0.063236 -0.160589 -0.048930
v -0.060567 -0.159048 -0.045849
v -0.057476 -0.157263 -0.043349
v -0.054056 -0.155288 -0.041508
v -0.050410 -0.153184 -0.040380
v -0.064366 -0.168720 -0.060659
v -0.063472 -0.168033 -0.056449
v -0.062010 -0.166912 -0.052500
v -0.060027 -0.165390 -0.048930
v -0.057583 -0.163515 -0.045849
v -0.054751 -0.161342 -0.043349
v -0.051617 -0.158937 -0.041508
v -0.048278 -0.156375 -0.040380
v -0.060087 -0.173600 -0.060659
v -0.059289 -0.172802 -0.056449
v -0.057987 -0.171500 -0.052500
v -0.056220 -0.169733 -0.048930
v -0.054041 -0.167554 -0.045849
v -0.051517 -0.165030 -0.043349
v -0.048724 -0.162237 -0.041508
v -0.045747 -0.159260 -0.040380
v -0.055207 -0.177879 -0.060659
v -0.054520 -0.176985 -0.056449
v -0.053399 -0.175523 -0.052500
v -0.051877 -0.173540 -0.048930
v -0.050002 -0.171096 -0.045849
v -0.047829 -0.168264 -0.043349
v -0.045424 -0.165130 -0.041508
v -0.042862 -0.161791 -0.040380
v -0.049810 -0.181485 -0.060659
v -0.049246 -0.180509 -0.056449
v -0.048325 -0.178914 -0.052500
v -0.047076 -0.176749 -0.048930
v -0.045535 -0.174080 -0.045849
v -0.043750 -0.170989 -0.043349
v -0.041775 -0.167569 -0.041508
v -0.039671 -0.163923 -0.040380
v -0.043989 -0.184356 -0.060659
v -0.043557 -0.183314 -0.056449
v -0.042852 -0.181613 -0.052500
v -0.041896 -0.179303 -0.048930
v -0.040717 -0.176456 -0.045849
v -0.039351 -0.173158 -0.043349
v -0.037839 -0.169510 -0.041508
v -0.036228 -0.165621 -0.040380
v -0.037843 -0.186442 -0.060659
v -0.037551 -0.185353 -0.056449
v -0.037074 -0.183574 -0.052500
v -0.036427 -0.181160 -0.048930
v -0.035630 -0.178183 -0.045849
v -0.034706 -0.174735 -0.043349
v -0.033684 -0.170920 -0.041508
v -0.032594 -0.166854 -0.040380
v -0.031477 -0.187709 -0.060659
v -0.031330 -0.186590 -0.056449
v -0.031089 -0.184765 -0.052500
v -0.030763 -0.182286 -0.048930
v -0.030361 -0.179231 -0.045849
v -0.029895 -0.175692 -0.043349
v -0.029379 -0.171776 -0.041508
v -0.028830 -0.167603 -0.040380
v -0.050000 -0.064807 -0.040000
v -0.054341 -0.064807 -0.040380
v -0.058551 -0.064807 -0.041508
v -0.062500 -0.064807 -0.043349
v -0.066070 -0.064807 -0.045849
v -0.069151 -0.064807 -0.048930
v -0.071651 -0.064807 -0.052500
v -0.073492 -0.064807 -0.056449
v -0.074620 -0.064807 -0.060659
v -0.075000 -0.064807 -0.065000
v -0.050000 -0.042266 -0.046957
v -0.054341 -0.042480 -0.047270
v -0.058551 -0.043115 -0.048202
v -0.062500 -0.044153 -0.049723
v -0.066070 -0.045562 -0.051788
v -0.069151 -0.047298 -0.054334
v -0.071651 -0.049310 -0.057283
v -0.073492 -0.051536 -0.060545
v -0.074620 -0.053908 -0.064022
v -0.075000 -0.056354 -0.067609
v -0.075000 -0.058978 -0.066179
v -0.075000 -0.061834 -0.065298
v -0.050000 -0.060029 -0.040286
v -0.050000 -0.055320 -0.041141
v -0.050000 -0.050746 -0.042553
v -0.050000 -0.046374 -0.044501
v -0.074620 -0.056412 -0.062576
v -0.073492 -0.054585 -0.058784
v -0.071651 -0.052871 -0.055226
v -0.069151 -0.051321 -0.052010
v -0.066070 -0.049984 -0.049234
v -0.062500 -0.048899 -0.046982
v -0.058551 -0.048099 -0.045323
v -0.054341 -0.047610 -0.044307
v -0.074620 -0.059104 -0.061519
v -0.073492 -0.057863 -0.057497
v -0.071651 -0.056698 -0.053723
v -0.069151 -0.055645 -0.050312
v -0.066070 -0.054737 -0.047367
v -0.062500 -0.054000 -0.044979
v -0.058551 -0.053457 -0.043219
v -0.054341 -0.053124 -0.042142
v -0.074620 -0.061923 -0.060875
v -0.073492 -0.061296 -0.056713
v -0.071651 -0.060707 -0.052807
v -0.069151 -0.060175 -0.049278
v -0.066070 -0.059715 -0.046231
v -0.062500 -0.059342 -0.043759
v -0.058551 -0.059068 -0.041938
v -0.054341 -0.058900 -0.040823
v -0.050000 0.042266 -0.046957
v -0.054341 0.042480 -0.047270
v -0.058551 0.043115 -0.048202
v -0.062500 0.044153 -0.049723
v -0.066070 0.045562 -0.051788
v -0.069151 0.047298 -0.054334
v -0.071651 0.049310 -0.057283
v -0.073492 0.051536 -0.060545
v -0.074620 0.053908 -0.064022
v -0.075000 0.056354 -0.067609
v -0.075000 0.049092 -0.072121
v -0.075000 0.041471 -0.075996
v -0.075000 0.033546 -0.079205
v -0.075000 0.025377 -0.081727
v -0.075000 0.017022 -0.083541
v -0.075000 0.008542 -0.084635
v -0.075000 0.000000 -0.085000
v -0.075000 -0.008542 -0.084635
v -0.075000 -0.017022 -0.083541
v -0.075000 -0.025377 -0.081727
v -0.075000 -0.033546 -0.079205
v -0.075000 -0.041471 -0.075996
v -0.075000 -0.049092 -0.072121
v -0.050000 -0.035285 -0.051181
v -0.050000 -0.027887 -0.054623
v -0.050000 -0.020158 -0.057240
v -0.050000 -0.012191 -0.059003
v -0.050000 -0.004080 -0.059889
v -0.050000 0.004080 -0.059889
v -0.050000 0.012191 -0.059003
v -0.050000 0.020158 -0.057240
v -0.050000 0.027887 -0.054623
v -0.050000 0.035285 -0.051181
v -0.054341 0.020787 -0.057457
v -0.054341 -0.003008 -0.060320
v -0.054341 -0.026498 -0.055569
v -0.074620 0.047435 -0.068069
v -0.073492 0.045348 -0.064414
v -0.071651 0.043389 -0.060984
v -0.069151 0.041619 -0.057884
v -0.066070 0.040091 -0.055209
v -0.062500 0.038852 -0.053038
v -0.058551 0.037938 -0.051439
v -0.054341 0.037379 -0.050459
v -0.074620 0.040660 -0.071587
v -0.073492 0.038871 -0.067777
v -0.071651 0.037192 -0.064202
v -0.069151 0.035675 -0.060971
v -0.066070 0.034365 -0.058182
v -0.062500 0.033303 -0.055919
v -0.058551 0.032520 -0.054252
v -0.054341 0.032041 -0.053231
v -0.074620 0.033627 -0.074554
v -0.073492 0.032147 -0.070613
v -0.071651 0.030759 -0.066916
v -0.069151 0.029504 -0.063574
v -0.066070 0.028421 -0.060689
v -0.062500 0.027542 -0.058349
v -0.058551 0.026894 -0.056625
v -0.054341 0.026498 -0.055569
v -0.074620 0.026379 -0.076950
v -0.073492 0.025218 -0.072904
v -0.071651 0.024129 -0.069107
v -0.069151 0.023144 -0.065676
v -0.066070 0.022295 -0.062714
v -0.062500 0.021605 -0.060312
v -0.058551 0.021098 -0.058541
v -0.074620 0.018963 -0.078760
v -0.073492 0.018128 -0.074635
v -0.071651 0.017345 -0.070764
v -0.069151 0.016638 -0.067265
v -0.066070 0.016027 -0.064244
v -0.062500 0.015532 -0.061794
v -0.058551 0.015166 -0.059989
v -0.054341 0.014943 -0.058884
v -0.074620 0.011426 -0.079974
v -0.073492 0.010923 -0.075795
v -0.071651 0.010452 -0.071874
v -0.069151 0.010025 -0.068329
v -0.066070 0.009657 -0.065270
v -0.062500 0.009359 -0.062788
v -0.058551 0.009139 -0.060960
v -0.054341 0.009004 -0.059840
v -0.074620 0.003817 -0.080583
v -0.073492 0.003649 -0.076377
v -0.071651 0.003491 -0.072430
v -0.069151 0.003349 -0.068863
v -0.066070 0.003226 -0.065785
v -0.062500 0.003126 -0.063287
v -0.058551 0.003053 -0.061447
v -0.054341 0.003008 -0.060320
v -0.074620 -0.003817 -0.080583
v -0.073492 -0.003649 -0.076377
v -0.071651 -0.003491 -0.072430
v -0.069151 -0.003349 -0.068863
v -0.066070 -0.003226 -0.065785
v -0.062500 -0.003126 -0.063287
v -0.058551 -0.003053 -0.061447
v -0.074620 -0.011426 -0.079974
v -0.073492 -0.010923 -0.075795
v -0.071651 -0.010452 -0.071874
v -0.069151 -0.010025 -0.068329
v -0.066070 -0.009657 -0.065270
v -0.062500 -0.009359 -0.062788
v -0.058551 -0.009139 -0.060960
v -0.054341 -0.009004 -0.059840
v -0.074620 -0.018963 -0.078760
v -0.073492 -0.018128 -0.074635
v -0.071651 -0.017345 -0.070764
v -0.069151 -0.016638 -0.067265
v -0.066070 -0.016027 -0.064244
v -0.062500 -0.015532 -0.061794
v -0.058551 -0.015166 -0.059989
v -0.054341 -0.014943 -0.058884
v -0.074620 -0.026379 -0.076950
v -0.073492 -0.025218 -0.072904
v -0.071651 -0.024129 -0.069107
v -0.069151 -0.023144 -0.065676
v -0.066070 -0.022295 -0.062714
v -0.062500 -0.021605 -0.060312
v -0.058551 -0.021098 -0.058541
v -0.054341 -0.020787 -0.057457
v -0.074620 -0.033627 -0.074554
v -0.073492 -0.032147 -0.070613
v -0.071651 -0.030759 -0.066916
v -0.069151 -0.029504 -0.063574
v -0.066070 -0.028421 -0.060689
v -0.062500 -0.027542 -0.058349
v -0.058551 -0.026894 -0.056625
v -0.074620 -0.040660 -0.071587
v -0.073492 -0.038871 -0.067777
v -0.071651 -0.037192 -0.064202
v -0.069151 -0.035675 -0.060971
v -0.066070 -0.034365 -0.058182
v -0.062500 -0.033303 -0.055919
v -0.058551 -0.032520 -0.054252
v -0.054341 -0.032041 -0.053231
v -0.074620 -0.047435 -0.068069
v -0.073492 -0.045348 -0.064414
v -0.071651 -0.043389 -0.060984
v -0.069151 -0.041619 -0.057884
v -0.066070 -0.040091 -0.055209
v -0.062500 -0.038852 -0.053038
v -0.058551 -0.037938 -0.051439
v -0.054341 -0.037379 -0.050459
v -0.075000 0.064807 -0.065000
v -0.074620 0.064807 -0.060659
v -0.073492 0.064807 -0.056449
v -0.071651 0.064807 -0.052500
v -0.069151 0.064807 -0.048930
v -0.066070 0.064807 -0.045849
v -0.062500 0.064807 -0.043349
v -0.058551 0.064807 -0.041508
v -0.054341 0.064807 -0.040380
v -0.050000 0.064807 -0.040000
v -0.054341 0.076487 -0.040380
v -0.058551 0.076487 -0.041508
v -0.062500 0.076487 -0.043349
v -0.066070 0.076487 -0.045849
v -0.069151 0.076487 -0.048930
v -0.071651 0.076487 -0.052500
v -0.073492 0.076487 -0.056449
v -0.074620 0.076487 -0.060659
v -0.075000 0.076487 -0.065000
v -0.075000 0.061834 -0.065298
v -0.075000 0.058978 -0.066179
v -0.050000 0.046374 -0.044501
v -0.050000 0.050746 -0.042553
v -0.050000 0.055320 -0.041141
v -0.050000 0.060029 -0.040286
v -0.074620 0.061923 -0.060875
v -0.073492 0.061296 -0.056713
v -0.071651 0.060707 -0.052807
v -0.069151 0.060175 -0.049278
v -0.066070 0.059715 -0.046231
v -0.062500 0.059342 -0.043759
v -0.058551 0.059068 -0.041938
v -0.054341 0.058900 -0.040823
v -0.074620 0.059104 -0.061519
v -0.073492 0.057863 -0.057497
v -0.071651 0.056698 -0.053723
v -0.069151 0.055645 -0.050312
v -0.066070 0.054737 -0.047367
v -0.062500 0.054000 -0.044979
v -0.058551 0.053457 -0.043219
v -0.054341 0.053124 -0.042142
v -0.074620 0.056412 -0.062576
v -0.073492 0.054585 -0.058784
v -0.071651 0.052871 -0.055226
v -0.069151 0.051321 -0.052010
v -0.066070 0.049984 -0.049234
v -0.062500 0.048899 -0.046982
v -0.058551 0.048099 -0.045323
v -0.054341 0.047610 -0.044307
v -0.054341 0.101107 -0.065000
v -0.058551 0.099979 -0.065000
v -0.062500 0.098138 -0.065000
v -0.066070 0.095638 -0.065000
v -0.069151 0.092557 -0.065000
v -0.071651 0.088987 -0.065000
v -0.073492 0.085038 -0.065000
v -0.074620 0.080828 -0.065000
v -0.054400 0.093889 -0.047598
v -0.058600 0.093086 -0.048401
v -0.062539 0.091780 -0.049707
v -0.066098 0.090012 -0.051475
v -0.069170 0.087834 -0.053653
v -0.071662 0.085312 -0.056175
v -0.073497 0.082523 -0.058964
v -0.074621 0.079551 -0.061936
v -0.074461 0.077178 -0.059883
v -0.073312 0.079778 -0.056590
v -0.071457 0.082278 -0.053551
v -0.068952 0.084602 -0.050859
v -0.065873 0.086681 -0.048595
v -0.062314 0.088452 -0.046828
v -0.058381 0.089860 -0.045611
v -0.054195 0.090863 -0.044981
v -0.072760 0.076747 -0.054661
v -0.070847 0.078928 -0.051419
v -0.068303 0.081035 -0.048589
v -0.065204 0.083004 -0.046256
v -0.061645 0.084777 -0.044490
v -0.057734 0.086298 -0.043345
v -0.053588 0.087522 -0.042856
v -0.067244 0.077243 -0.046915
v -0.064113 0.079097 -0.044530
v -0.060555 0.080871 -0.042765
v -0.056677 0.082512 -0.041674
v -0.052596 0.083971 -0.041288
v -0.059076 0.076857 -0.041709
v -0.055243 0.078621 -0.040649
v -0.051252 0.080322 -0.040328
v -0.054195 0.096506 -0.050624
v -0.058381 0.095876 -0.051627
v -0.062314 0.094659 -0.053035
v -0.065873 0.092892 -0.054806
v -0.068952 0.090628 -0.056885
v -0.071457 0.087936 -0.059209
v -0.073312 0.084897 -0.061709
v -0.074461 0.081604 -0.064309
v -0.053588 0.098631 -0.053965
v -0.057734 0.098142 -0.055189
v -0.061645 0.096997 -0.056710
v -0.065204 0.095231 -0.058483
v -0.068303 0.092898 -0.060452
v -0.070847 0.090068 -0.062559
v -0.072760 0.086826 -0.064740
v -0.052596 0.100199 -0.057516
v -0.056677 0.099813 -0.058975
v -0.060555 0.098722 -0.060616
v -0.064113 0.096957 -0.062390
v -0.067244 0.094572 -0.064244
v -0.059076 0.099778 -0.064630
v -0.055243 0.100838 -0.062866
v -0.051252 0.101159 -0.061165
v 0.074620 0.080828 -0.065000
v 0.073492 0.085038 -0.065000
v 0.071651 0.088987 -0.065000
v 0.069151 0.092557 -0.065000
v 0.066070 0.095638 -0.065000
v 0.062500 0.098138 -0.065000
v 0.058551 0.099979 -0.065000
v 0.054341 0.101107 -0.065000
v 0.050370 0.099778 -0.055924
v 0.052134 0.100838 -0.059757
v 0.053835 0.101159 -0.063748
v 0.050756 0.094572 -0.047756
v 0.052610 0.096957 -0.050887
v 0.054384 0.098722 -0.054445
v 0.056025 0.099813 -0.058323
v 0.057484 0.100199 -0.062404
v 0.050260 0.086826 -0.042240
v 0.052441 0.090068 -0.044153
v 0.054548 0.092898 -0.046697
v 0.056517 0.095231 -0.049796
v 0.058290 0.096997 -0.053355
v 0.059811 0.098142 -0.057266
v 0.061035 0.098631 -0.061412
v 0.050691 0.081604 -0.040539
v 0.053291 0.084897 -0.041688
v 0.055791 0.087936 -0.043543
v 0.058115 0.090628 -0.046048
v 0.060194 0.092892 -0.049127
v 0.061965 0.094659 -0.052686
v 0.063373 0.095876 -0.056619
v 0.064376 0.096506 -0.060805
v 0.067402 0.093889 -0.060600
v 0.066599 0.093086 -0.056400
v 0.065293 0.091780 -0.052461
v 0.063525 0.090012 -0.048902
v 0.061347 0.087834 -0.045830
v 0.058825 0.085312 -0.043338
v 0.056036 0.082523 -0.041503
v 0.053064 0.079551 -0.040379
v 0.055117 0.077178 -0.040539
v 0.058410 0.079778 -0.041688
v 0.061449 0.082278 -0.043543
v 0.064141 0.084602 -0.046048
v 0.066405 0.086681 -0.049127
v 0.068172 0.088452 -0.052686
v 0.069389 0.089860 -0.056619
v 0.070019 0.090863 -0.060805
v 0.060339 0.076747 -0.042240
v 0.063581 0.078928 -0.044153
v 0.066411 0.081035 -0.046697
v 0.068744 0.083004 -0.049796
v 0.070510 0.084777 -0.053355
v 0.071655 0.086298 -0.057266
v 0.072144 0.087522 -0.061412
v 0.068085 0.077243 -0.047756
v 0.070470 0.079097 -0.050887
v 0.072235 0.080871 -0.054445
v 0.073326 0.082512 -0.058323
v 0.073712 0.083971 -0.062404
v 0.073291 0.076857 -0.055924
v 0.074351 0.078621 -0.059757
v 0.074672 0.080322 -0.063748
v 0.075000 0.076487 -0.085000
v 0.075000 -0.138513 -0.085000
v 0.074620 0.080828 -0.085000
v 0.073492 0.085038 -0.085000
v 0.071651 0.088987 -0.085000
v 0.069151 0.092557 -0.085000
v 0.066070 0.095638 -0.085000
v 0.062500 0.098138 -0.085000
v 0.058551 0.099979 -0.085000
v 0.054341 0.101107 -0.085000
v 0.050000 0.101487 -0.085000
v -0.050000 0.101487 -0.085000
v -0.075000 0.076487 -0.085000
v -0.054341 0.101107 -0.085000
v -0.058551 0.099979 -0.085000
v -0.062500 0.098138 -0.085000
v -0.066070 0.095638 -0.085000
v -0.069151 0.092557 -0.085000
v -0.071651 0.088987 -0.085000
v -0.073492 0.085038 -0.085000
v -0.074620 0.080828 -0.085000
v -0.050000 0.101106 -0.086913
v -0.050000 0.100023 -0.088536
v -0.050000 0.098400 -0.089619
v -0.050000 0.096487 -0.090000
v -0.053902 0.096103 -0.090000
v -0.057654 0.094965 -0.090000
v -0.061111 0.093116 -0.090000
v -0.064142 0.090629 -0.090000
v -0.066629 0.087598 -0.090000
v -0.068478 0.084141 -0.090000
v -0.069616 0.080389 -0.090000
v -0.070000 0.076487 -0.090000
v -0.071913 0.076487 -0.089619
v -0.073536 0.076487 -0.088536
v -0.074619 0.076487 -0.086913
v -0.053805 0.098068 -0.089619
v -0.054087 0.099665 -0.088536
v -0.054275 0.100732 -0.086913
v -0.057495 0.097079 -0.089619
v -0.058050 0.098603 -0.088536
v -0.058420 0.099622 -0.086913
v -0.060957 0.095465 -0.089619
v -0.061768 0.096869 -0.088536
v -0.062310 0.097808 -0.086913
v -0.064086 0.093274 -0.089619
v -0.065128 0.094516 -0.088536
v -0.065825 0.095347 -0.086913
v -0.066787 0.090573 -0.089619
v -0.068029 0.091615 -0.088536
v -0.068860 0.092312 -0.086913
v -0.068978 0.087444 -0.089619
v -0.070382 0.088255 -0.088536
v -0.071321 0.088797 -0.086913
v -0.070592 0.083982 -0.089619
v -0.072116 0.084537 -0.088536
v -0.073135 0.084907 -0.086913
v -0.071581 0.080292 -0.089619
v -0.073178 0.080574 -0.088536
v -0.074245 0.080762 -0.086913
v 0.050000 0.101106 -0.086913
v 0.050000 0.100023 -0.088536
v 0.050000 0.098400 -0.089619
v 0.050000 0.096487 -0.090000
v -0.016667 0.098400 -0.089619
v 0.016667 0.098400 -0.089619
v -0.016667 0.100023 -0.088536
v 0.016667 0.100023 -0.088536
v -0.016667 0.101106 -0.086913
v 0.016667 0.101106 -0.086913
v 0.053902 0.096103 -0.090000
v 0.057654 0.094965 -0.090000
v 0.061111 0.093116 -0.090000
v 0.064142 0.090629 -0.090000
v 0.066629 0.087598 -0.090000
v 0.068478 0.084141 -0.090000
v 0.069616 0.080389 -0.090000
v 0.070000 0.076487 -0.090000
v 0.070000 -0.138513 -0.090000
v 0.069615 -0.144387 -0.090000
v 0.068467 -0.150160 -0.090000
v 0.066575 -0.155734 -0.090000
v 0.063971 -0.161013 -0.090000
v 0.060701 -0.165907 -0.090000
v 0.056820 -0.170333 -0.090000
v 0.052394 -0.174214 -0.090000
v 0.047500 -0.177484 -0.090000
v 0.042221 -0.180088 -0.090000
v 0.036647 -0.181980 -0.090000
v 0.030874 -0.183128 -0.090000
v 0.025000 -0.183513 -0.090000
v -0.025000 -0.183513 -0.090000
v -0.030874 -0.183128 -0.090000
v -0.036647 -0.181980 -0.090000
v -0.042221 -0.180088 -0.090000
v -0.047500 -0.177484 -0.090000
v -0.052394 -0.174214 -0.090000
v -0.056820 -0.170333 -0.090000
v -0.060701 -0.165907 -0.090000
v -0.063971 -0.161013 -0.090000
v -0.066575 -0.155734 -0.090000
v -0.068467 -0.150160 -0.090000
v -0.069615 -0.144387 -0.090000
v -0.070000 -0.138513 -0.090000
v 0.074619 0.076487 -0.086913
v 0.073536 0.076487 -0.088536
v 0.071913 0.076487 -0.089619
v 0.071581 0.080292 -0.089619
v 0.073178 0.080574 -0.088536
v 0.074245 0.080762 -0.086913
v 0.070592 0.083982 -0.089619
v 0.072116 0.084537 -0.088536
v 0.073135 0.084907 -0.086913
v 0.068978 0.087444 -0.089619
v 0.070382 0.088255 -0.088536
v 0.071321 0.088797 -0.086913
v 0.066787 0.090573 -0.089619
v 0.068029 0.091615 -0.088536
v 0.068860 0.092312 -0.086913
v 0.064086 0.093274 -0.089619
v 0.065128 0.094516 -0.088536
v 0.065825 0.095347 -0.086913
v 0.060957 0.095465 -0.089619
v 0.061768 0.096869 -0.088536
v 0.062310 0.097808 -0.086913
v 0.057495 0.097079 -0.089619
v 0.058050 0.098603 -0.088536
v 0.058420 0.099622 -0.086913
v 0.053805 0.098068 -0.089619
v 0.054087 0.099665 -0.088536
v 0.054275 0.100732 -0.086913
v 0.074619 -0.138513 -0.086913
v 0.073536 -0.138513 -0.088536
v 0.071913 -0.138513 -0.089619
v 0.071913 0.033487 -0.089619
v 0.071913 -0.009513 -0.089619
v 0.071913 -0.052513 -0.089619
v 0.071913 -0.095513 -0.089619
v 0.073536 0.033487 -0.088536
v 0.073536 -0.009513 -0.088536
v 0.073536 -0.052513 -0.088536
v 0.073536 -0.095513 -0.088536
v 0.074619 0.033487 -0.086913
v 0.074619 -0.009513 -0.086913
v 0.074619 -0.052513 -0.086913
v 0.074619 -0.095513 -0.086913
v -0.071913 -0.138513 -0.089619
v -0.073536 -0.138513 -0.088536
v -0.074619 -0.138513 -0.086913
v -0.075000 -0.138513 -0.085000
v -0.074619 0.033487 -0.086913
v -0.074619 -0.009513 -0.086913
v -0.074619 -0.052513 -0.086913
v -0.074619 -0.095513 -0.086913
v -0.073536 0.033487 -0.088536
v -0.073536 -0.009513 -0.088536
v -0.073536 -0.052513 -0.088536
v -0.073536 -0.095513 -0.088536
v -0.071913 0.033487 -0.089619
v -0.071913 -0.009513 -0.089619
v -0.071913 -0.052513 -0.089619
v -0.071913 -0.095513 -0.089619
v -0.025000 -0.185426 -0.089619
v -0.025000 -0.187049 -0.088536
v -0.025000 -0.188132 -0.086913
v -0.025000 -0.188513 -0.085000
v -0.031526 -0.188085 -0.085000
v -0.037941 -0.186809 -0.085000
v -0.044134 -0.184707 -0.085000
v -0.050000 -0.181814 -0.085000
v -0.055438 -0.178181 -0.085000
v -0.060355 -0.173868 -0.085000
v -0.064668 -0.168951 -0.085000
v -0.068301 -0.163513 -0.085000
v -0.071194 -0.157647 -0.085000
v -0.073296 -0.151454 -0.085000
v -0.074572 -0.145039 -0.085000
v -0.031477 -0.187708 -0.086913
v -0.031335 -0.186633 -0.088536
v -0.031123 -0.185025 -0.089619
v -0.037842 -0.186442 -0.086913
v -0.037562 -0.185395 -0.088536
v -0.037142 -0.183828 -0.089619
v -0.043989 -0.184355 -0.086913
v -0.043574 -0.183354 -0.088536
v -0.042953 -0.181855 -0.089619
v -0.049810 -0.181485 -0.086913
v -0.049268 -0.180546 -0.088536
v -0.048457 -0.179141 -0.089619
v -0.055206 -0.177879 -0.086913
v -0.054547 -0.177019 -0.088536
v -0.053559 -0.175732 -0.089619
v -0.060086 -0.173599 -0.086913
v -0.059320 -0.172833 -0.088536
v -0.058173 -0.171686 -0.089619
v -0.064366 -0.168719 -0.086913
v -0.063506 -0.168060 -0.088536
v -0.062219 -0.167072 -0.089619
v -0.067972 -0.163323 -0.086913
v -0.067033 -0.162781 -0.088536
v -0.065628 -0.161970 -0.089619
v -0.070842 -0.157502 -0.086913
v -0.069841 -0.157087 -0.088536
v -0.068342 -0.156466 -0.089619
v -0.072929 -0.151355 -0.086913
v -0.071882 -0.151075 -0.088536
v -0.070315 -0.150655 -0.089619
v -0.074195 -0.144990 -0.086913
v -0.073120 -0.144848 -0.088536
v -0.071512 -0.144636 -0.089619
v 0.025000 -0.185426 -0.089619
v 0.025000 -0.187049 -0.088536
v 0.025000 -0.188132 -0.086913
v 0.025000 -0.188513 -0.085000
v -0.000000 -0.185426 -0.089619
v -0.000000 -0.187049 -0.088536
v -0.000000 -0.188132 -0.086913
v 0.074572 -0.145039 -0.085000
v 0.073296 -0.151454 -0.085000
v 0.071194 -0.157647 -0.085000
v 0.068301 -0.163513 -0.085000
v 0.064668 -0.168951 -0.085000
v 0.060355 -0.173868 -0.085000
v 0.055438 -0.178181 -0.085000
v 0.050000 -0.181814 -0.085000
v 0.044134 -0.184707 -0.085000
v 0.037941 -0.186809 -0.085000
v 0.031526 -0.188085 -0.085000
v 0.074195 -0.144990 -0.086913
v 0.073120 -0.144848 -0.088536
v 0.071512 -0.144636 -0.089619
v 0.072929 -0.151355 -0.086913
v 0.071882 -0.151075 -0.088536
v 0.070315 -0.150655 -0.089619
v 0.070842 -0.157502 -0.086913
v 0.069841 -0.157087 -0.088536
v 0.068342 -0.156466 -0.089619
v 0.067972 -0.163323 -0.086913
v 0.067033 -0.162781 -0.088536
v 0.065628 -0.161970 -0.089619
v 0.064366 -0.168719 -0.086913
v 0.063506 -0.168060 -0.088536
v 0.062219 -0.167072 -0.089619
v 0.060086 -0.173599 -0.086913
v 0.059320 -0.172833 -0.088536
v 0.058173 -0.171686 -0.089619
v 0.055206 -0.177879 -0.086913
v 0.054547 -0.177019 -0.088536
v 0.053559 -0.175732 -0.089619
v 0.049810 -0.181485 -0.086913
v 0.049268 -0.180546 -0.088536
v 0.048457 -0.179141 -0.089619
v 0.043989 -0.184355 -0.086913
v 0.043574 -0.183354 -0.088536
v 0.042953 -0.181855 -0.089619
v 0.037842 -0.186442 -0.086913
v 0.037562 -0.185395 -0.088536
v 0.037142 -0.183828 -0.089619
v 0.031477 -0.187708 -0.086913
v 0.031335 -0.186633 -0.088536
v 0.031123 -0.185025 -0.089619
vt 5.000000 1.963495 0.000000
vt -5.000000 1.963495 0.000000
vt 5.000000 1.527163 0.000000
vt -5.000000 1.527163 0.000000
vt 5.000000 1.090831 0.000000
vt -5.000000 1.090831 0.000000
vt 5.000000 0.654498 0.000000
vt -5.000000 0.654498 0.000000
vt 5.000000 0.218166 0.000000
vt -5.000000 0.218166 0.000000
vt 5.000000 -0.218166 0.000000
vt -5.000000 -0.218166 0.000000
vt 5.000000 -0.654498 0.000000
vt -5.000000 -0.654498 0.000000
vt 5.000000 -1.090831 0.000000
vt -5.000000 -1.090831 0.000000
vt 5.000000 -1.527163 0.000000
vt -5.000000 -1.527163 0.000000
vt 5.000000 -1.963495 0.000000
vt -5.000000 -1.963495 0.000000
vt -13.832041 1.963495 0.000000
vt -15.000000 1.963495 0.000000
vt -13.832041 1.527163 0.000000
vt -15.000000 1.527163 0.000000
vt -13.832041 1.090831 0.000000
vt -15.000000 1.090831 0.000000
vt -13.832041 0.654498 0.000000
vt -15.000000 0.654498 0.000000
vt -13.832041 0.218166 0.000000
vt -15.000000 0.218166 0.000000
vt -13.832041 -0.218166 0.000000
vt -15.000000 -0.218166 0.000000
vt -13.832041 -0.654498 0.000000
vt -15.000000 -0.654498 0.000000
vt -13.832041 -1.090831 0.000000
vt -15.000000 -1.090831 0.000000
vt -13.832041 -1.527163 0.000000
vt -15.000000 -1.527163 0.000000
vt -13.832041 -1.963495 0.000000
vt -15.000000 -1.963495 0.000000
vt -0.000000 -8.309685 0.000000
vt -0.436332 -8.309685 0.000000
vt -0.000000 -8.700947 0.000000
vt -0.436332 -8.798762 0.000000
vt -0.000000 -9.092208 0.000000
vt -0.436332 -9.287839 0.000000
vt 0.000000 -9.483470 0.000000
vt -0.436332 -9.776916 0.000000
vt 0.000000 -9.874731 0.000000
vt -0.436332 -10.265993 0.000000
vt 0.000000 -10.265993 0.000000
vt -0.872665 -8.309685 0.000000
vt -0.872665 -8.798762 0.000000
vt -0.872665 -9.287839 0.000000
vt -0.872665 -9.776916 0.000000
vt -0.872665 -10.265993 0.000000
vt -1.308997 -9.776916 0.000000
vt -1.308997 -10.265993 0.000000
vt -1.745329 -9.776916 0.000000
vt -1.745329 -10.265993 0.000000
vt -2.181662 -9.776916 0.000000
vt -2.181662 -10.265993 0.000000
vt -2.617994 -9.776916 0.000000
vt -2.617994 -10.265993 0.000000
vt -3.054326 -9.776916 0.000000
vt -3.054326 -10.265993 0.000000
vt -3.490659 -9.776916 0.000000
vt -3.490659 -10.265993 0.000000
vt -3.926991 -10.265993 0.000000
vt -3.926991 -9.613890 0.000000
vt -3.490659 -9.287839 0.000000
vt -3.926991 -8.961788 0.000000
vt -3.490659 -8.798762 0.000000
vt -3.926991 -8.309685 0.000000
vt -3.490659 -8.309685 0.000000
vt -3.054326 -8.798762 0.000000
vt -3.054326 -8.309685 0.000000
vt -2.617994 -8.798762 0.000000
vt -2.617994 -8.309685 0.000000
vt -2.181662 -8.798762 0.000000
vt -2.181662 -8.309685 0.000000
vt -1.745329 -8.798762 0.000000
vt -1.745329 -8.309685 0.000000
vt -1.308997 -8.798762 0.000000
vt -1.308997 -8.309685 0.000000
vt -3.054326 -9.287839 0.000000
vt -2.617994 -9.287839 0.000000
vt -2.181662 -9.287839 0.000000
vt -1.745329 -9.287839 0.000000
vt -1.308997 -9.287839 0.000000
vt -7.853982 -4.032307 0.000000
vt -7.853982 -4.928375 0.000000
vt -7.417649 -4.271258 0.000000
vt -7.417649 -4.928375 0.000000
vt -6.981317 -4.928375 0.000000
vt -6.981317 -4.271258 0.000000
vt -6.544985 -4.928375 0.000000
vt -6.544985 -4.271258 0.000000
vt -6.108652 -4.928375 0.000000
vt -6.108652 -4.271258 0.000000
vt -5.672320 -4.928375 0.000000
vt -5.672320 -4.271258 0.000000
vt -5.235988 -4.928375 0.000000
vt -5.235988 -4.271258 0.000000
vt -4.799655 -4.928375 0.000000
vt -4.799655 -4.271258 0.000000
vt -4.363323 -4.928375 0.000000
vt -4.363323 -4.271258 0.000000
vt -3.926991 -4.928375 0.000000
vt -3.926991 -4.224321 0.000000
vt -4.363323 -3.614142 0.000000
vt -3.926991 -3.520268 0.000000
vt -4.363323 -2.957025 0.000000
vt -3.926991 -2.816214 0.000000
vt -4.363323 -2.299908 0.000000
vt -3.926991 -2.112161 0.000000
vt -4.363323 -1.642792 0.000000
vt -3.926991 -1.408107 0.000000
vt -4.363323 -0.985675 0.000000
vt -3.926991 -0.704054 0.000000
vt -4.363323 -0.328558 0.000000
vt -3.926991 -0.000000 0.000000
vt -4.363323 0.328558 0.000000
vt -3.926991 0.704054 0.000000
vt -4.363323 0.985675 0.000000
vt -3.926991 1.408107 0.000000
vt -4.363323 1.642792 0.000000
vt -3.926991 2.112161 0.000000
vt -4.363323 2.299908 0.000000
vt -3.926991 2.816214 0.000000
vt -4.363323 2.957025 0.000000
vt -3.926991 3.520268 0.000000
vt -4.363323 3.614142 0.000000
vt -3.926991 4.224321 0.000000
vt -4.363323 4.271258 0.000000
vt -3.926991 4.928375 0.000000
vt -4.363323 4.928375 0.000000
vt -4.799655 4.928375 0.000000
vt -4.799655 4.271258 0.000000
vt -4.799655 3.614142 0.000000
vt -4.799655 2.957025 0.000000
vt -4.799655 2.299908 0.000000
vt -4.799655 1.642792 0.000000
vt -4.799655 0.985675 0.000000
vt -4.799655 0.328558 0.000000
vt -4.799655 -0.328558 0.000000
vt -4.799655 -0.985675 0.000000
vt -4.799655 -1.642792 0.000000
vt -4.799655 -2.299908 0.000000
vt -4.799655 -2.957025 0.000000
vt -4.799655 -3.614142 0.000000
vt -5.235988 4.928375 0.000000
vt -5.235988 4.271258 0.000000
vt -5.235988 3.614142 0.000000
vt -5.235988 2.957025 0.000000
vt -5.235988 2.299908 0.000000
vt -5.235988 1.642792 0.000000
vt -5.235988 0.985675 0.000000
vt -5.235988 0.328558 0.000000
vt -5.235988 -0.328558 0.000000
vt -5.235988 -0.985675 0.000000
vt -5.235988 -1.642792 0.000000
vt -5.235988 -2.299908 0.000000
vt -5.235988 -2.957025 0.000000
vt -5.235988 -3.614142 0.000000
vt -5.672320 4.928375 0.000000
vt -5.672320 4.271258 0.000000
vt -5.672320 3.614142 0.000000
vt -5.672320 2.957025 0.000000
vt -5.672320 2.299908 0.000000
vt -5.672320 1.642792 0.000000
vt -5.672320 0.985675 0.000000
vt -5.672320 0.328558 0.000000
vt -5.672320 -0.328558 0.000000
vt -5.672320 -0.985675 0.000000
vt -5.672320 -1.642792 0.000000
vt -5.672320 -2.299908 0.000000
vt -5.672320 -2.957025 0.000000
vt -5.672320 -3.614142 0.000000
vt -6.108652 4.928375 0.000000
vt -6.108652 4.271258 0.000000
vt -6.108652 3.614142 0.000000
vt -6.108652 2.957025 0.000000
vt -6.108652 2.299908 0.000000
vt -6.108652 1.642792 0.000000
vt -6.108652 0.985675 0.000000
vt -6.108652 0.328558 0.000000
vt -6.108652 -0.328558 0.000000
vt -6.108652 -0.985675 0.000000
vt -6.108652 -1.642792 0.000000
vt -6.108652 -2.299908 0.000000
vt -6.108652 -2.957025 0.000000
vt -6.108652 -3.614142 0.000000
vt -6.544985 4.928375 0.000000
vt -6.544985 4.271258 0.000000
vt -6.544985 3.614142 0.000000
vt -6.544985 2.957025 0.000000
vt -6.544985 2.299908 0.000000
vt -6.544985 1.642792 0.000000
vt -6.544985 0.985675 0.000000
vt -6.544985 0.328558 0.000000
vt -6.544985 -0.328558 0.000000
vt -6.544985 -0.985675 0.000000
vt -6.544985 -1.642792 0.000000
vt -6.544985 -2.299908 0.000000
vt -6.544985 -2.957025 0.000000
vt -6.544985 -3.614142 0.000000
vt -6.981317 4.928375 0.000000
vt -6.981317 4.271258 0.000000
vt -6.981317 3.614142 0.000000
vt -6.981317 2.957025 0.000000
vt -6.981317 2.299908 0.000000
vt -6.981317 1.642792 0.000000
vt -6.981317 0.985675 0.000000
vt -6.981317 0.328558 0.000000
vt -6.981317 -0.328558 0.000000
vt -6.981317 -0.985675 0.000000
vt -6.981317 -1.642792 0.000000
vt -6.981317 -2.299908 0.000000
vt -6.981317 -2.957025 0.000000
vt -6.981317 -3.614142 0.000000
vt -7.417649 4.928375 0.000000
vt -7.417649 4.271258 0.000000
vt -7.417649 3.614142 0.000000
vt -7.417649 2.957025 0.000000
vt -7.417649 2.299908 0.000000
vt -7.417649 1.642792 0.000000
vt -7.417649 0.985675 0.000000
vt -7.417649 0.328558 0.000000
vt -7.417649 -0.328558 0.000000
vt -7.417649 -0.985675 0.000000
vt -7.417649 -1.642792 0.000000
vt -7.417649 -2.299908 0.000000
vt -7.417649 -2.957025 0.000000
vt -7.417649 -3.614142 0.000000
vt -7.853982 4.928375 0.000000
vt -7.853982 4.032307 0.000000
vt -7.853982 3.136239 0.000000
vt -7.853982 2.240170 0.000000
vt -7.853982 1.344102 0.000000
vt -7.853982 0.448034 0.000000
vt -7.853982 -0.448034 0.000000
vt -7.853982 -1.344102 0.000000
vt -7.853982 -2.240170 0.000000
vt -7.853982 -3.136239 0.000000
vt -0.000000 -10.265993 0.000000
vt -0.436332 -10.265993 0.000000
vt 0.000000 -10.657254 0.000000
vt -0.436332 -10.755070 0.000000
vt -0.000000 -11.048516 0.000000
vt -0.436332 -11.244146 0.000000
vt -0.000000 -11.439777 0.000000
vt -0.436332 -11.733223 0.000000
vt 0.000000 -11.831039 0.000000
vt -0.436332 -12.222300 0.000000
vt -0.000000 -12.222300 0.000000
vt -0.872665 -10.265993 0.000000
vt -0.872665 -10.755070 0.000000
vt -0.872665 -11.244146 0.000000
vt -0.872665 -11.733223 0.000000
vt -0.872665 -12.222300 0.000000
vt -1.308997 -11.733223 0.000000
vt -1.308997 -12.222300 0.000000
vt -1.745329 -11.733223 0.000000
vt -1.745329 -12.222300 0.000000
vt -2.181662 -11.733223 0.000000
vt -2.181662 -12.222300 0.000000
vt -2.617994 -11.733223 0.000000
vt -2.617994 -12.222300 0.000000
vt -3.054326 -11.733223 0.000000
vt -3.054326 -12.222300 0.000000
vt -3.490659 -11.733223 0.000000
vt -3.490659 -12.222300 0.000000
vt -3.926991 -12.222300 0.000000
vt -3.926991 -11.570198 0.000000
vt -3.490659 -11.244146 0.000000
vt -3.926991 -10.918095 0.000000
vt -3.490659 -10.755070 0.000000
vt -3.926991 -10.265993 0.000000
vt -3.490659 -10.265993 0.000000
vt -3.054326 -10.755070 0.000000
vt -3.054326 -10.265993 0.000000
vt -2.617994 -10.755070 0.000000
vt -2.617994 -10.265993 0.000000
vt -2.181662 -10.755070 0.000000
vt -2.181662 -10.265993 0.000000
vt -1.745329 -10.755070 0.000000
vt -1.745329 -10.265993 0.000000
vt -1.308997 -10.755070 0.000000
vt -1.308997 -10.265993 0.000000
vt -3.054326 -11.244146 0.000000
vt -2.617994 -11.244146 0.000000
vt -2.181662 -11.244146 0.000000
vt -1.745329 -11.244146 0.000000
vt -1.308997 -11.244146 0.000000
vt -0.870559 -1.963495 0.000000
vt 6.500000 -1.963495 0.000000
vt -0.870559 -1.527163 0.000000
vt 6.500000 -1.527163 0.000000
vt -0.870559 -1.090831 0.000000
vt 6.500000 -1.090831 0.000000
vt -0.870559 -0.654498 0.000000
vt 6.500000 -0.654498 0.000000
vt -0.870559 -0.218166 0.000000
vt 6.500000 -0.218166 0.000000
vt -0.870559 0.218166 0.000000
vt 6.500000 0.218166 0.000000
vt -0.870559 0.654498 0.000000
vt 6.500000 0.654498 0.000000
vt -0.870559 1.090831 0.000000
vt 6.500000 1.090831 0.000000
vt -0.870559 1.527163 0.000000
vt 6.500000 1.527163 0.000000
vt -0.870559 1.963495 0.000000
vt 6.500000 1.963495 0.000000
vt -3.926991 -5.958927 0.000000
vt -3.926991 -6.703793 0.000000
vt -3.490659 -6.145143 0.000000
vt -3.490659 -6.703793 0.000000
vt -3.054326 -6.703793 0.000000
vt -3.054326 -6.145143 0.000000
vt -2.617994 -6.703793 0.000000
vt -2.617994 -6.145143 0.000000
vt -2.181662 -6.703793 0.000000
vt -2.181662 -6.145143 0.000000
vt -1.745329 -6.703793 0.000000
vt -1.745329 -6.145143 0.000000
vt -1.308997 -6.703793 0.000000
vt -1.308997 -6.145143 0.000000
vt -0.872665 -6.703793 0.000000
vt -0.872665 -6.145143 0.000000
vt -0.436332 -6.703793 0.000000
vt -0.436332 -6.145143 0.000000
vt 0.000000 -6.703793 0.000000
vt 0.000000 -6.145143 0.000000
vt -0.436332 -5.586494 0.000000
vt 0.000000 -5.586494 0.000000
vt -0.436332 -5.027844 0.000000
vt 0.000000 -5.027844 0.000000
vt -0.436332 -4.469195 0.000000
vt 0.000000 -4.469195 0.000000
vt -0.436332 -3.910546 0.000000
vt 0.000000 -3.910546 0.000000
vt -0.436332 -3.351896 0.000000
vt 0.000000 -3.351896 0.000000
vt -0.436332 -2.793247 0.000000
vt 0.000000 -2.793247 0.000000
vt -0.436332 -2.234598 0.000000
vt 0.000000 -2.234598 0.000000
vt -0.436332 -1.675948 0.000000
vt 0.000000 -1.675948 0.000000
vt -0.436332 -1.117299 0.000000
vt 0.000000 -1.117299 0.000000
vt -0.436332 -0.558649 0.000000
vt 0.000000 -0.558649 0.000000
vt -0.436332 -0.000000 0.000000
vt -0.000000 -0.000000 0.000000
vt -0.872665 -0.000000 0.000000
vt -0.872665 -0.558649 0.000000
vt -0.872665 -1.117299 0.000000
vt -0.872665 -1.675948 0.000000
vt -0.872665 -2.234598 0.000000
vt -0.872665 -2.793247 0.000000
vt -0.872665 -3.351896 0.000000
vt -0.872665 -3.910546 0.000000
vt -0.872665 -4.469195 0.000000
vt -0.872665 -5.027844 0.000000
vt -0.872665 -5.586494 0.000000
vt -1.308997 -0.000000 0.000000
vt -1.308997 -0.558649 0.000000
vt -1.308997 -1.117299 0.000000
vt -1.308997 -1.675948 0.000000
vt -1.308997 -2.234598 0.000000
vt -1.308997 -2.793247 0.000000
vt -1.308997 -3.351896 0.000000
vt -1.308997 -3.910546 0.000000
vt -1.308997 -4.469195 0.000000
vt -1.308997 -5.027844 0.000000
vt -1.308997 -5.586494 0.000000
vt -1.745329 -0.000000 0.000000
vt -1.745329 -0.558649 0.000000
vt -1.745329 -1.117299 0.000000
vt -1.745329 -1.675948 0.000000
vt -1.745329 -2.234598 0.000000
vt -1.745329 -2.793247 0.000000
vt -1.745329 -3.351896 0.000000
vt -1.745329 -3.910546 0.000000
vt -1.745329 -4.469195 0.000000
vt -1.745329 -5.027844 0.000000
vt -1.745329 -5.586494 0.000000
vt -2.181662 -0.000000 0.000000
vt -2.181662 -0.558649 0.000000
vt -2.181662 -1.117299 0.000000
vt -2.181662 -1.675948 0.000000
vt -2.181662 -2.234598 0.000000
vt -2.181662 -2.793247 0.000000
vt -2.181662 -3.351896 0.000000
vt -2.181662 -3.910546 0.000000
vt -2.181662 -4.469195 0.000000
vt -2.181662 -5.027844 0.000000
vt -2.181662 -5.586494 0.000000
vt -2.617994 -0.000000 0.000000
vt -2.617994 -0.558649 0.000000
vt -2.617994 -1.117299 0.000000
vt -2.617994 -1.675948 0.000000
vt -2.617994 -2.234598 0.000000
vt -2.617994 -2.793247 0.000000
vt -2.617994 -3.351896 0.000000
vt -2.617994 -3.910546 0.000000
vt -2.617994 -4.469195 0.000000
vt -2.617994 -5.027844 0.000000
vt -2.617994 -5.586494 0.000000
vt -3.054326 -0.000000 0.000000
vt -3.054326 -0.558649 0.000000
vt -3.054326 -1.117299 0.000000
vt -3.054326 -1.675948 0.000000
vt -3.054326 -2.234598 0.000000
vt -3.054326 -2.793247 0.000000
vt -3.054326 -3.351896 0.000000
vt -3.054326 -3.910546 0.000000
vt -3.054326 -4.469195 0.000000
vt -3.054326 -5.027844 0.000000
vt -3.054326 -5.586494 0.000000
vt -3.490659 -0.000000 0.000000
vt -3.490659 -0.558649 0.000000
vt -3.490659 -1.117299 0.000000
vt -3.490659 -1.675948 0.000000
vt -3.490659 -2.234598 0.000000
vt -3.490659 -2.793247 0.000000
vt -3.490659 -3.351896 0.000000
vt -3.490659 -3.910546 0.000000
vt -3.490659 -4.469195 0.000000
vt -3.490659 -5.027844 0.000000
vt -3.490659 -5.586494 0.000000
vt -3.926991 -0.000000 0.000000
vt -3.926991 -0.744866 0.000000
vt -3.926991 -1.489732 0.000000
vt -3.926991 -2.234598 0.000000
vt -3.926991 -2.979463 0.000000
vt -3.926991 -3.724329 0.000000
vt -3.926991 -4.469195 0.000000
vt -3.926991 -5.214061 0.000000
vt -2.500000 -1.963495 0.000000
vt 2.500000 -1.963495 0.000000
vt -2.500000 -1.527163 0.000000
vt 2.500000 -1.527163 0.000000
vt -2.500000 -1.090831 0.000000
vt 2.500000 -1.090831 0.000000
vt -2.500000 -0.654498 0.000000
vt 2.500000 -0.654498 0.000000
vt -2.500000 -0.218166 0.000000
vt 2.500000 -0.218166 0.000000
vt -2.500000 0.218166 0.000000
vt 2.500000 0.218166 0.000000
vt -2.500000 0.654498 0.000000
vt 2.500000 0.654498 0.000000
vt -2.500000 1.090831 0.000000
vt 2.500000 1.090831 0.000000
vt -2.500000 1.527163 0.000000
vt 2.500000 1.527163 0.000000
vt -2.500000 1.963495 0.000000
vt 2.500000 1.963495 0.000000
vt -3.926991 -12.662719 0.000000
vt -3.926991 -13.407585 0.000000
vt -3.490659 -12.848936 0.000000
vt -3.490659 -13.407585 0.000000
vt -3.054326 -13.407585 0.000000
vt -3.054326 -12.848936 0.000000
vt -2.617994 -13.407585 0.000000
vt -2.617994 -12.848936 0.000000
vt -2.181662 -13.407585 0.000000
vt -2.181662 -12.848936 0.000000
vt -1.745329 -13.407585 0.000000
vt -1.745329 -12.848936 0.000000
vt -1.308997 -13.407585 0.000000
vt -1.308997 -12.848936 0.000000
vt -0.872665 -13.407585 0.000000
vt -0.872665 -12.848936 0.000000
vt -0.436332 -13.407585 0.000000
vt -0.436332 -12.848936 0.000000
vt -0.000000 -13.407585 0.000000
vt 0.000000 -12.848936 0.000000
vt -0.436332 -12.290287 0.000000
vt 0.000000 -12.290287 0.000000
vt -0.436332 -11.731637 0.000000
vt 0.000000 -11.731637 0.000000
vt -0.436332 -11.172988 0.000000
vt 0.000000 -11.172988 0.000000
vt -0.436332 -10.614338 0.000000
vt 0.000000 -10.614338 0.000000
vt -0.436332 -10.055689 0.000000
vt 0.000000 -10.055689 0.000000
vt -0.436332 -9.497040 0.000000
vt 0.000000 -9.497040 0.000000
vt -0.436332 -8.938390 0.000000
vt 0.000000 -8.938390 0.000000
vt -0.436332 -8.379741 0.000000
vt 0.000000 -8.379741 0.000000
vt -0.436332 -7.821091 0.000000
vt 0.000000 -7.821091 0.000000
vt -0.436332 -7.262442 0.000000
vt 0.000000 -7.262442 0.000000
vt -0.436332 -6.703793 0.000000
vt 0.000000 -6.703793 0.000000
vt -0.872665 -6.703793 0.000000
vt -0.872665 -7.262442 0.000000
vt -0.872665 -7.821091 0.000000
vt -0.872665 -8.379741 0.000000
vt -0.872665 -8.938390 0.000000
vt -0.872665 -9.497040 0.000000
vt -0.872665 -10.055689 0.000000
vt -0.872665 -10.614338 0.000000
vt -0.872665 -11.172988 0.000000
vt -0.872665 -11.731637 0.000000
vt -0.872665 -12.290287 0.000000
vt -1.308997 -6.703793 0.000000
vt -1.308997 -7.262442 0.000000
vt -1.308997 -7.821091 0.000000
vt -1.308997 -8.379741 0.000000
vt -1.308997 -8.938390 0.000000
vt -1.308997 -9.497040 0.000000
vt -1.308997 -10.055689 0.000000
vt -1.308997 -10.614338 0.000000
vt -1.308997 -11.172988 0.000000
vt -1.308997 -11.731637 0.000000
vt -1.308997 -12.290287 0.000000
vt -1.745329 -6.703793 0.000000
vt -1.745329 -7.262442 0.000000
vt -1.745329 -7.821091 0.000000
vt -1.745329 -8.379741 0.000000
vt -1.745329 -8.938390 0.000000
vt -1.745329 -9.497040 0.000000
vt -1.745329 -10.055689 0.000000
vt -1.745329 -10.614338 0.000000
vt -1.745329 -11.172988 0.000000
vt -1.745329 -11.731637 0.000000
vt -1.745329 -12.290287 0.000000
vt -2.181662 -6.703793 0.000000
vt -2.181662 -7.262442 0.000000
vt -2.181662 -7.821091 0.000000
vt -2.181662 -8.379741 0.000000
vt -2.181662 -8.938390 0.000000
vt -2.181662 -9.497040 0.000000
vt -2.181662 -10.055689 0.000000
vt -2.181662 -10.614338 0.000000
vt -2.181662 -11.172988 0.000000
vt -2.181662 -11.731637 0.000000
vt -2.181662 -12.290287 0.000000
vt -2.617994 -6.703793 0.000000
vt -2.617994 -7.262442 0.000000
vt -2.617994 -7.821091 0.000000
vt -2.617994 -8.379741 0.000000
vt -2.617994 -8.938390 0.000000
vt -2.617994 -9.497040 0.000000
vt -2.617994 -10.055689 0.000000
vt -2.617994 -10.614338 0.000000
vt -2.617994 -11.172988 0.000000
vt -2.617994 -11.731637 0.000000
vt -2.617994 -12.290287 0.000000
vt -3.054326 -6.703793 0.000000
vt -3.054326 -7.262442 0.000000
vt -3.054326 -7.821091 0.000000
vt -3.054326 -8.379741 0.000000
vt -3.054326 -8.938390 0.000000
vt -3.054326 -9.497040 0.000000
vt -3.054326 -10.055689 0.000000
vt -3.054326 -10.614338 0.000000
vt -3.054326 -11.172988 0.000000
vt -3.054326 -11.731637 0.000000
vt -3.054326 -12.290287 0.000000
vt -3.490659 -6.703793 0.000000
vt -3.490659 -7.262442 0.000000
vt -3.490659 -7.821091 0.000000
vt -3.490659 -8.379741 0.000000
vt -3.490659 -8.938390 0.000000
vt -3.490659 -9.497040 0.000000
vt -3.490659 -10.055689 0.000000
vt -3.490659 -10.614338 0.000000
vt -3.490659 -11.172988 0.000000
vt -3.490659 -11.731637 0.000000
vt -3.490659 -12.290287 0.000000
vt -3.926991 -6.703793 0.000000
vt -3.926991 -7.448659 0.000000
vt -3.926991 -8.193524 0.000000
vt -3.926991 -8.938390 0.000000
vt -3.926991 -9.683256 0.000000
vt -3.926991 -10.428122 0.000000
vt -3.926991 -11.172988 0.000000
vt -3.926991 -11.917854 0.000000
vt -6.500000 -1.963495 0.000000
vt 0.870559 -1.963495 0.000000
vt -6.500000 -1.527163 0.000000
vt 0.870559 -1.527163 0.000000
vt -6.500000 -1.090831 0.000000
vt 0.870559 -1.090831 0.000000
vt -6.500000 -0.654498 0.000000
vt 0.870559 -0.654498 0.000000
vt -6.500000 -0.218166 0.000000
vt 0.870559 -0.218166 0.000000
vt -6.500000 0.218166 0.000000
vt 0.870559 0.218166 0.000000
vt -6.500000 0.654498 0.000000
vt 0.870559 0.654498 0.000000
vt -6.500000 1.090831 0.000000
vt 0.870559 1.090831 0.000000
vt -6.500000 1.527163 0.000000
vt 0.870559 1.527163 0.000000
vt -6.500000 1.963495 0.000000
vt 0.870559 1.963495 0.000000
vt -0.000000 1.956308 0.000000
vt -0.436332 1.956308 0.000000
vt 0.000000 1.565046 0.000000
vt -0.436332 1.467231 0.000000
vt 0.000000 1.173785 0.000000
vt -0.436332 0.978154 0.000000
vt 0.000000 0.782523 0.000000
vt -0.436332 0.489077 0.000000
vt 0.000000 0.391262 0.000000
vt -0.436332 0.000000 0.000000
vt 0.000000 0.000000 0.000000
vt -0.872665 1.956308 0.000000
vt -0.872665 1.467231 0.000000
vt -0.872665 0.978154 0.000000
vt -0.872665 0.489077 0.000000
vt -0.872665 0.000000 0.000000
vt -1.308997 0.489077 0.000000
vt -1.308997 0.000000 0.000000
vt -1.745329 0.489077 0.000000
vt -1.745329 0.000000 0.000000
vt -2.181662 0.489077 0.000000
vt -2.181662 0.000000 0.000000
vt -2.617994 0.489077 0.000000
vt -2.617994 0.000000 0.000000
vt -3.054326 0.489077 0.000000
vt -3.054326 0.000000 0.000000
vt -3.490659 0.489077 0.000000
vt -3.490659 0.000000 0.000000
vt -3.926991 0.000000 0.000000
vt -3.926991 0.652103 0.000000
vt -3.490659 0.978154 0.000000
vt -3.926991 1.304205 0.000000
vt -3.490659 1.467231 0.000000
vt -3.926991 1.956308 0.000000
vt -3.490659 1.956308 0.000000
vt -3.054326 1.467231 0.000000
vt -3.054326 1.956308 0.000000
vt -2.617994 1.467231 0.000000
vt -2.617994 1.956308 0.000000
vt -2.181662 1.467231 0.000000
vt -2.181662 1.956308 0.000000
vt -1.745329 1.467231 0.000000
vt -1.745329 1.956308 0.000000
vt -1.308997 1.467231 0.000000
vt -1.308997 1.956308 0.000000
vt -3.054326 0.978154 0.000000
vt -2.617994 0.978154 0.000000
vt -2.181662 0.978154 0.000000
vt -1.745329 0.978154 0.000000
vt -1.308997 0.978154 0.000000
vt -7.853982 21.830016 0.000000
vt -7.853982 20.933948 0.000000
vt -7.417649 21.591065 0.000000
vt -7.417649 20.933948 0.000000
vt -6.981317 20.933948 0.000000
vt -6.981317 21.591065 0.000000
vt -6.544985 20.933948 0.000000
vt -6.544985 21.591065 0.000000
vt -6.108652 20.933948 0.000000
vt -6.108652 21.591065 0.000000
vt -5.672320 20.933948 0.000000
vt -5.672320 21.591065 0.000000
vt -5.235988 20.933948 0.000000
vt -5.235988 21.591065 0.000000
vt -4.799655 20.933948 0.000000
vt -4.799655 21.591065 0.000000
vt -4.363323 20.933948 0.000000
vt -4.363323 21.591065 0.000000
vt -3.926991 20.933948 0.000000
vt -3.926991 21.638001 0.000000
vt -4.363323 22.248181 0.000000
vt -3.926991 22.342055 0.000000
vt -4.363323 22.905298 0.000000
vt -3.926991 23.046109 0.000000
vt -4.363323 23.562415 0.000000
vt -3.926991 23.750162 0.000000
vt -4.363323 24.219531 0.000000
vt -3.926991 24.454216 0.000000
vt -4.363323 24.876648 0.000000
vt -3.926991 25.158269 0.000000
vt -4.363323 25.533765 0.000000
vt -3.926991 25.862323 0.000000
vt -4.363323 26.190881 0.000000
vt -3.926991 26.566376 0.000000
vt -4.363323 26.847998 0.000000
vt -3.926991 27.270430 0.000000
vt -4.363323 27.505114 0.000000
vt -3.926991 27.974484 0.000000
vt -4.363323 28.162231 0.000000
vt -3.926991 28.678537 0.000000
vt -4.363323 28.819348 0.000000
vt -3.926991 29.382591 0.000000
vt -4.363323 29.476464 0.000000
vt -3.926991 30.086644 0.000000
vt -4.363323 30.133581 0.000000
vt -3.926991 30.790698 0.000000
vt -4.363323 30.790698 0.000000
vt -4.799655 30.790698 0.000000
vt -4.799655 30.133581 0.000000
vt -4.799655 29.476464 0.000000
vt -4.799655 28.819348 0.000000
vt -4.799655 28.162231 0.000000
vt -4.799655 27.505114 0.000000
vt -4.799655 26.847998 0.000000
vt -4.799655 26.190881 0.000000
vt -4.799655 25.533765 0.000000
vt -4.799655 24.876648 0.000000
vt -4.799655 24.219531 0.000000
vt -4.799655 23.562415 0.000000
vt -4.799655 22.905298 0.000000
vt -4.799655 22.248181 0.000000
vt -5.235988 30.790698 0.000000
vt -5.235988 30.133581 0.000000
vt -5.235988 29.476464 0.000000
vt -5.235988 28.819348 0.000000
vt -5.235988 28.162231 0.000000
vt -5.235988 27.505114 0.000000
vt -5.235988 26.847998 0.000000
vt -5.235988 26.190881 0.000000
vt -5.235988 25.533765 0.000000
vt -5.235988 24.876648 0.000000
vt -5.235988 24.219531 0.000000
vt -5.235988 23.562415 0.000000
vt -5.235988 22.905298 0.000000
vt -5.235988 22.248181 0.000000
vt -5.672320 30.790698 0.000000
vt -5.672320 30.133581 0.000000
vt -5.672320 29.476464 0.000000
vt -5.672320 28.819348 0.000000
vt -5.672320 28.162231 0.000000
vt -5.672320 27.505114 0.000000
vt -5.672320 26.847998 0.000000
vt -5.672320 26.190881 0.000000
vt -5.672320 25.533765 0.000000
vt -5.672320 24.876648 0.000000
vt -5.672320 24.219531 0.000000
vt -5.672320 23.562415 0.000000
vt -5.672320 22.905298 0.000000
vt -5.672320 22.248181 0.000000
vt -6.108652 30.790698 0.000000
vt -6.108652 30.133581 0.000000
vt -6.108652 29.476464 0.000000
vt -6.108652 28.819348 0.000000
vt -6.108652 28.162231 0.000000
vt -6.108652 27.505114 0.000000
vt -6.108652 26.847998 0.000000
vt -6.108652 26.190881 0.000000
vt -6.108652 25.533765 0.000000
vt -6.108652 24.876648 0.000000
vt -6.108652 24.219531 0.000000
vt -6.108652 23.562415 0.000000
vt -6.108652 22.905298 0.000000
vt -6.108652 22.248181 0.000000
vt -6.544985 30.790698 0.000000
vt -6.544985 30.133581 0.000000
vt -6.544985 29.476464 0.000000
vt -6.544985 28.819348 0.000000
vt -6.544985 28.162231 0.000000
vt -6.544985 27.505114 0.000000
vt -6.544985 26.847998 0.000000
vt -6.544985 26.190881 0.000000
vt -6.544985 25.533765 0.000000
vt -6.544985 24.876648 0.000000
vt -6.544985 24.219531 0.000000
vt -6.544985 23.562415 0.000000
vt -6.544985 22.905298 0.000000
vt -6.544985 22.248181 0.000000
vt -6.981317 30.790698 0.000000
vt -6.981317 30.133581 0.000000
vt -6.981317 29.476464 0.000000
vt -6.981317 28.819348 0.000000
vt -6.981317 28.162231 0.000000
vt -6.981317 27.505114 0.000000
vt -6.981317 26.847998 0.000000
vt -6.981317 26.190881 0.000000
vt -6.981317 25.533765 0.000000
vt -6.981317 24.876648 0.000000
vt -6.981317 24.219531 0.000000
vt -6.981317 23.562415 0.000000
vt -6.981317 22.905298 0.000000
vt -6.981317 22.248181 0.000000
vt -7.417649 30.790698 0.000000
vt -7.417649 30.133581 0.000000
vt -7.417649 29.476464 0.000000
vt -7.417649 28.819348 0.000000
vt -7.417649 28.162231 0.000000
vt -7.417649 27.505114 0.000000
vt -7.417649 26.847998 0.000000
vt -7.417649 26.190881 0.000000
vt -7.417649 25.533765 0.000000
vt -7.417649 24.876648 0.000000
vt -7.417649 24.219531 0.000000
vt -7.417649 23.562415 0.000000
vt -7.417649 22.905298 0.000000
vt -7.417649 22.248181 0.000000
vt -7.853982 30.790698 0.000000
vt -7.853982 29.894630 0.000000
vt -7.853982 28.998561 0.000000
vt -7.853982 28.102493 0.000000
vt -7.853982 27.206425 0.000000
vt -7.853982 26.310357 0.000000
vt -7.853982 25.414289 0.000000
vt -7.853982 24.518221 0.000000
vt -7.853982 23.622152 0.000000
vt -7.853982 22.726084 0.000000
vt 15.000000 1.963495 0.000000
vt 13.832041 1.963495 0.000000
vt 15.000000 1.527163 0.000000
vt 13.832041 1.527163 0.000000
vt 15.000000 1.090831 0.000000
vt 13.832041 1.090831 0.000000
vt 15.000000 0.654498 0.000000
vt 13.832041 0.654498 0.000000
vt 15.000000 0.218166 0.000000
vt 13.832041 0.218166 0.000000
vt 15.000000 -0.218166 0.000000
vt 13.832041 -0.218166 0.000000
vt 15.000000 -0.654498 0.000000
vt 13.832041 -0.654498 0.000000
vt 15.000000 -1.090831 0.000000
vt 13.832041 -1.090831 0.000000
vt 15.000000 -1.527163 0.000000
vt 13.832041 -1.527163 0.000000
vt 15.000000 -1.963495 0.000000
vt 13.832041 -1.963495 0.000000
vt 0.000000 0.000000 0.000000
vt -0.436332 0.000000 0.000000
vt 0.000000 -0.391262 0.000000
vt -0.436332 -0.489077 0.000000
vt 0.000000 -0.782523 0.000000
vt -0.436332 -0.978154 0.000000
vt 0.000000 -1.173785 0.000000
vt -0.436332 -1.467231 0.000000
vt 0.000000 -1.565046 0.000000
vt -0.436332 -1.956308 0.000000
vt -0.000000 -1.956308 0.000000
vt -0.872665 0.000000 0.000000
vt -0.872665 -0.489077 0.000000
vt -0.872665 -0.978154 0.000000
vt -0.872665 -1.467231 0.000000
vt -0.872665 -1.956308 0.000000
vt -1.308997 -1.467231 0.000000
vt -1.308997 -1.956308 0.000000
vt -1.745329 -1.467231 0.000000
vt -1.745329 -1.956308 0.000000
vt -2.181662 -1.467231 0.000000
vt -2.181662 -1.956308 0.000000
vt -2.617994 -1.467231 0.000000
vt -2.617994 -1.956308 0.000000
vt -3.054326 -1.467231 0.000000
vt -3.054326 -1.956308 0.000000
vt -3.490659 -1.467231 0.000000
vt -3.490659 -1.956308 0.000000
vt -3.926991 -1.956308 0.000000
vt -3.926991 -1.304205 0.000000
vt -3.490659 -0.978154 0.000000
vt -3.926991 -0.652103 0.000000
vt -3.490659 -0.489077 0.000000
vt -3.926991 0.000000 0.000000
vt -3.490659 0.000000 0.000000
vt -3.054326 -0.489077 0.000000
vt -3.054326 0.000000 0.000000
vt -2.617994 -0.489077 0.000000
vt -2.617994 0.000000 0.000000
vt -2.181662 -0.489077 0.000000
vt -2.181662 0.000000 0.000000
vt -1.745329 -0.489077 0.000000
vt -1.745329 0.000000 0.000000
vt -1.308997 -0.489077 0.000000
vt -1.308997 0.000000 0.000000
vt -3.054326 -0.978154 0.000000
vt -2.617994 -0.978154 0.000000
vt -2.181662 -0.978154 0.000000
vt -1.745329 -0.978154 0.000000
vt -1.308997 -0.978154 0.000000
vt -2.057542 0.447267 0.000000
vt -2.388292 0.000000 0.000000
vt -1.952706 0.000000 0.000000
vt -2.057542 -0.447267 0.000000
vt -1.952706 -0.436557 0.000000
vt -1.696252 -0.778137 0.000000
vt -1.517120 -0.436557 0.000000
vt -1.517120 -0.873114 0.000000
vt -1.081535 -0.873114 0.000000
vt -1.317616 -1.038159 0.000000
vt -0.928863 -1.255293 0.000000
vt -0.534302 -1.447275 0.000000
vt -0.645949 -1.309671 0.000000
vt -0.645949 -0.873114 0.000000
vt -1.081535 -0.436557 0.000000
vt -1.517120 0.000000 0.000000
vt -1.952706 0.436557 0.000000
vt -1.696252 0.778137 0.000000
vt -1.517120 0.436557 0.000000
vt -1.517120 0.873114 0.000000
vt -1.081535 0.436557 0.000000
vt -1.081535 0.873114 0.000000
vt -0.645949 0.436557 0.000000
vt -0.645949 0.873114 0.000000
vt -0.210364 0.436557 0.000000
vt -0.210364 0.873114 0.000000
vt 0.225222 0.436557 0.000000
vt 0.225222 0.873114 0.000000
vt 0.660808 0.436557 0.000000
vt 0.660808 0.873114 0.000000
vt 1.096393 0.436557 0.000000
vt 1.096393 0.873114 0.000000
vt 1.478963 0.781142 0.000000
vt 1.376671 1.278282 0.000000
vt -0.210364 -1.309671 0.000000
vt -0.136806 -1.626403 0.000000
vt 0.225222 -1.309671 0.000000
vt 0.225222 -1.746231 0.000000
vt 0.660808 -1.309671 0.000000
vt 0.660808 -1.746245 0.000000
vt 1.096393 -1.309671 0.000000
vt 1.096393 -1.746258 0.000000
vt 1.231555 -1.746263 0.000000
vt 1.051336 -2.182785 0.000000
vt 0.658236 -1.984439 0.000000
vt 0.261400 -1.802411 0.000000
vt 1.376671 -1.278282 0.000000
vt 1.096393 -0.873114 0.000000
vt 0.660808 -0.873114 0.000000
vt 0.660808 -0.436557 0.000000
vt 0.225222 -0.436557 0.000000
vt 0.225222 0.000000 0.000000
vt -0.210364 0.000000 0.000000
vt 1.478963 -0.781142 0.000000
vt 1.096393 -0.436557 0.000000
vt 0.660808 0.000000 0.000000
vt 1.531979 -0.262956 0.000000
vt 1.096393 -0.000000 0.000000
vt 1.531979 0.262956 0.000000
vt 1.096393 1.309671 0.000000
vt 1.231555 1.746263 0.000000
vt 1.096393 1.746258 0.000000
vt 1.051336 2.182785 0.000000
vt 0.658236 1.984439 0.000000
vt 0.660808 1.746245 0.000000
vt 0.261400 1.802411 0.000000
vt 0.225222 1.746231 0.000000
vt -0.136806 1.626403 0.000000
vt 0.225222 1.309671 0.000000
vt -0.210364 1.309671 0.000000
vt -0.534302 1.447275 0.000000
vt -0.645949 1.309671 0.000000
vt -0.928863 1.255293 0.000000
vt -1.317616 1.038159 0.000000
vt -0.645949 0.000000 0.000000
vt -0.210364 -0.436557 0.000000
vt -0.645949 -0.436557 0.000000
vt -0.210364 -0.873114 0.000000
vt -1.081535 0.000000 0.000000
vt 0.225222 -0.873114 0.000000
vt 0.660808 1.309671 0.000000
vt 1.231555 1.746263 0.000000
vt 1.051336 2.182785 0.000000
vt 1.096393 1.746258 0.000000
vt 0.658236 1.984439 0.000000
vt 0.660808 1.746245 0.000000
vt 0.261400 1.802411 0.000000
vt 0.225222 1.746231 0.000000
vt -0.136806 1.626403 0.000000
vt 0.225222 1.309671 0.000000
vt -0.210364 1.309671 0.000000
vt 0.225222 0.873114 0.000000
vt -0.210364 0.873114 0.000000
vt 0.225222 0.436557 0.000000
vt -0.210364 0.436557 0.000000
vt 0.225222 -0.000000 0.000000
vt -0.210364 -0.000000 0.000000
vt 0.225222 -0.436557 0.000000
vt -0.210364 -0.436557 0.000000
vt 0.225222 -0.873114 0.000000
vt -0.210364 -0.873114 0.000000
vt 0.225222 -1.309671 0.000000
vt -0.210364 -1.309671 0.000000
vt -0.136806 -1.626403 0.000000
vt -0.534302 -1.447275 0.000000
vt -0.645949 -1.309671 0.000000
vt -0.928863 -1.255293 0.000000
vt -0.645949 -0.873114 0.000000
vt -1.081535 -0.873114 0.000000
vt -1.081535 -0.436557 0.000000
vt -1.517120 -0.436557 0.000000
vt -1.517120 -0.000000 0.000000
vt -1.952706 -0.000000 0.000000
vt -1.952706 0.436557 0.000000
vt -2.057542 0.447267 0.000000
vt -1.696252 0.778137 0.000000
vt -1.517120 0.436557 0.000000
vt -1.517120 0.873114 0.000000
vt -1.081535 0.436557 0.000000
vt -1.081535 0.873114 0.000000
vt -0.645949 0.436557 0.000000
vt -0.645949 0.873114 0.000000
vt -0.534302 1.447275 0.000000
vt -0.645949 1.309671 0.000000
vt -0.928863 1.255293 0.000000
vt -1.317616 1.038159 0.000000
vt -2.388292 -0.000000 0.000000
vt -2.057542 -0.447267 0.000000
vt -1.952706 -0.436557 0.000000
vt -1.696252 -0.778137 0.000000
vt -1.517120 -0.873114 0.000000
vt -1.317616 -1.038159 0.000000
vt 0.225222 -1.746231 0.000000
vt 0.261400 -1.802411 0.000000
vt 0.660808 -1.746245 0.000000
vt 0.658236 -1.984439 0.000000
vt 1.096393 -1.746258 0.000000
vt 1.051336 -2.182785 0.000000
vt 1.231555 -1.746263 0.000000
vt 1.096393 -1.309671 0.000000
vt 1.376671 -1.278282 0.000000
vt 1.096393 -0.873114 0.000000
vt 1.478963 -0.781142 0.000000
vt 1.096393 -0.436557 0.000000
vt 1.531979 -0.262956 0.000000
vt 1.096393 0.000000 0.000000
vt 1.531979 0.262956 0.000000
vt 1.096393 0.436557 0.000000
vt 1.478963 0.781142 0.000000
vt 1.096393 0.873114 0.000000
vt 1.376671 1.278282 0.000000
vt 1.096393 1.309671 0.000000
vt 0.660808 1.309671 0.000000
vt 0.660808 0.873114 0.000000
vt 0.660808 0.436557 0.000000
vt 0.660808 -0.000000 0.000000
vt 0.660808 -0.436557 0.000000
vt 0.660808 -0.873114 0.000000
vt 0.660808 -1.309671 0.000000
vt -1.081535 -0.000000 0.000000
vt -0.645949 -0.000000 0.000000
vt -0.645949 -0.436557 0.000000
vt 6.000000 1.197336 0.000000
vt -4.000000 1.197336 0.000000
vt 6.000000 0.718402 0.000000
vt -4.000000 0.718402 0.000000
vt -4.000000 0.239467 0.000000
vt 6.000000 0.239467 0.000000
vt -4.000000 -0.239467 0.000000
vt 6.000000 -0.239467 0.000000
vt -4.000000 -0.718402 0.000000
vt 6.000000 -0.718402 0.000000
vt 6.000000 -1.197336 0.000000
vt -4.000000 -1.197336 0.000000
vt -6.000000 1.400476 0.000000
vt 4.000000 1.400476 0.000000
vt -6.000000 2.216841 0.000000
vt 4.000000 2.216841 0.000000
vt -6.000000 3.033207 0.000000
vt 4.000000 3.033207 0.000000
vt -6.000000 3.849572 0.000000
vt 4.000000 3.849572 0.000000
vt -6.000000 4.665938 0.000000
vt 4.000000 4.665938 0.000000
vt -6.000000 5.482303 0.000000
vt 4.000000 5.482303 0.000000
vt -6.000000 6.298669 0.000000
vt 4.000000 6.298669 0.000000
vt -6.000000 7.115035 0.000000
vt 4.000000 7.115035 0.000000
vt -6.000000 7.931400 0.000000
vt 4.000000 7.931400 0.000000
vt -6.000000 8.747766 0.000000
vt 4.000000 8.747766 0.000000
vt -6.000000 9.564131 0.000000
vt 4.000000 9.564131 0.000000
vt -6.000000 10.380497 0.000000
vt 4.000000 10.380497 0.000000
vt -6.000000 -1.197336 0.000000
vt 4.000000 -1.197336 0.000000
vt -6.000000 -0.718402 0.000000
vt 4.000000 -0.718402 0.000000
vt 4.000000 -0.239467 0.000000
vt -6.000000 -0.239467 0.000000
vt 4.000000 0.239467 0.000000
vt -6.000000 0.239467 0.000000
vt 4.000000 0.718402 0.000000
vt -6.000000 0.718402 0.000000
vt -6.000000 1.197336 0.000000
vt 4.000000 1.197336 0.000000
vt -15.000000 -5.000000 0.000000
vt -13.832041 -5.000000 0.000000
vt -15.000000 5.000000 0.000000
vt -13.832041 5.000000 0.000000
vt -0.117890 -13.249140 0.000000
vt -0.260870 -12.986727 0.000000
vt 0.000000 -15.000000 0.000000
vt -0.712053 -12.260488 0.000000
vt -2.000000 -15.000000 0.000000
vt -1.099553 -11.498363 0.000000
vt -1.420536 -10.705924 0.000000
vt -1.672656 -9.888963 0.000000
vt -1.854069 -9.053451 0.000000
vt -1.963451 -8.205498 0.000000
vt -2.000000 -7.351300 0.000000
vt 0.000000 -13.832041 0.000000
vt -0.029768 -13.534689 0.000000
vt 0.000000 6.500000 0.000000
vt -0.260870 -1.715873 0.000000
vt -0.000000 -0.870559 0.000000
vt -0.117890 -1.453460 0.000000
vt -0.029768 -1.167910 0.000000
vt -0.712053 -2.442112 0.000000
vt -2.000000 6.500000 0.000000
vt -1.099553 -3.204237 0.000000
vt -1.420536 -3.996676 0.000000
vt -1.672656 -4.813637 0.000000
vt -1.854069 -5.649148 0.000000
vt -1.963451 -6.497102 0.000000
vt -2.000000 -7.351300 0.000000
vt -2.000000 -1.963495 0.000000
vt 0.000000 -1.963495 0.000000
vt -2.000000 -1.527163 0.000000
vt 0.000000 -1.527163 0.000000
vt -2.000000 -1.090831 0.000000
vt 0.000000 -1.090831 0.000000
vt -2.000000 -0.654498 0.000000
vt 0.000000 -0.654498 0.000000
vt -2.000000 -0.218166 0.000000
vt 0.000000 -0.218166 0.000000
vt -2.000000 0.218166 0.000000
vt 0.000000 0.218166 0.000000
vt -2.000000 0.654498 0.000000
vt 0.000000 0.654498 0.000000
vt -2.000000 1.090831 0.000000
vt 0.000000 1.090831 0.000000
vt -2.000000 1.527163 0.000000
vt 0.000000 1.527163 0.000000
vt -2.000000 1.963495 0.000000
vt 0.000000 1.963495 0.000000
vt -0.000000 5.000000 0.000000
vt -2.000000 5.000000 0.000000
vt -0.000000 -5.000000 0.000000
vt -2.000000 -5.000000 0.000000
vt 2.000000 -7.351300 0.000000
vt 1.963451 -8.205498 0.000000
vt 2.000000 -15.000000 0.000000
vt 1.854069 -9.053451 0.000000
vt 1.672656 -9.888963 0.000000
vt 1.420536 -10.705924 0.000000
vt 1.099553 -11.498363 0.000000
vt 0.712053 -12.260488 0.000000
vt -0.000000 -15.000000 0.000000
vt 0.260870 -12.986727 0.000000
vt 0.117890 -13.249140 0.000000
vt 0.029768 -13.534689 0.000000
vt -0.000000 -13.832041 0.000000
vt -2.000000 -1.963495 0.000000
vt 0.000000 -1.963495 0.000000
vt -2.000000 -1.527163 0.000000
vt 0.000000 -1.527163 0.000000
vt -2.000000 -1.090831 0.000000
vt 0.000000 -1.090831 0.000000
vt -2.000000 -0.654498 0.000000
vt 0.000000 -0.654498 0.000000
vt -2.000000 -0.218166 0.000000
vt 0.000000 -0.218166 0.000000
vt -2.000000 0.218166 0.000000
vt 0.000000 0.218166 0.000000
vt -2.000000 0.654498 0.000000
vt 0.000000 0.654498 0.000000
vt -2.000000 1.090831 0.000000
vt 0.000000 1.090831 0.000000
vt -2.000000 1.527163 0.000000
vt 0.000000 1.527163 0.000000
vt -2.000000 1.963495 0.000000
vt 0.000000 1.963495 0.000000
vt 0.000000 3.696953 0.000000
vt -0.196350 3.696953 0.000000
vt 0.000000 3.286180 0.000000
vt -0.196350 3.286180 0.000000
vt -0.000000 2.875408 0.000000
vt -0.196350 2.875408 0.000000
vt 0.000000 2.464635 0.000000
vt -0.196350 2.464635 0.000000
vt 0.000000 2.053863 0.000000
vt -0.196350 2.053863 0.000000
vt 0.000000 1.643090 0.000000
vt -0.196350 1.643090 0.000000
vt 0.000000 1.232318 0.000000
vt -0.196350 1.232318 0.000000
vt 0.000000 0.821545 0.000000
vt -0.196350 0.821545 0.000000
vt -0.000000 0.410773 0.000000
vt -0.196350 0.410773 0.000000
vt -0.000000 0.000000 0.000000
vt -0.196350 0.000000 0.000000
vt -0.392699 0.410773 0.000000
vt -0.392699 0.000000 0.000000
vt -0.589049 0.410773 0.000000
vt -0.589049 0.000000 0.000000
vt -0.785398 0.000000 0.000000
vt -0.785398 0.462119 0.000000
vt -0.589049 0.821545 0.000000
vt -0.785398 0.924238 0.000000
vt -0.589049 1.232318 0.000000
vt -0.785398 1.386357 0.000000
vt -0.589049 1.643090 0.000000
vt -0.785398 1.848477 0.000000
vt -0.589049 2.053863 0.000000
vt -0.785398 2.310596 0.000000
vt -0.589049 2.464635 0.000000
vt -0.785398 2.772715 0.000000
vt -0.589049 2.875408 0.000000
vt -0.785398 3.234834 0.000000
vt -0.589049 3.286180 0.000000
vt -0.785398 3.696953 0.000000
vt -0.589049 3.696953 0.000000
vt -0.392699 3.286180 0.000000
vt -0.392699 3.696953 0.000000
vt -0.392699 2.875408 0.000000
vt -0.392699 2.464635 0.000000
vt -0.392699 2.053863 0.000000
vt -0.392699 1.643090 0.000000
vt -0.392699 1.232318 0.000000
vt -0.392699 0.821545 0.000000
vt 5.000000 -0.196350 0.000000
vt 1.666667 -0.196350 0.000000
vt 5.000000 -0.392699 0.000000
vt -1.666667 -0.196350 0.000000
vt -5.000000 -0.392699 0.000000
vt -5.000000 -0.196350 0.000000
vt -5.000000 0.000000 0.000000
vt -1.666667 0.000000 0.000000
vt -5.000000 0.196350 0.000000
vt -1.666667 0.196350 0.000000
vt -5.000000 0.392699 0.000000
vt 1.666667 0.196350 0.000000
vt 5.000000 0.392699 0.000000
vt 5.000000 0.196350 0.000000
vt 5.000000 0.000000 0.000000
vt 1.666667 0.000000 0.000000
vt 15.390181 -6.961571 0.000000
vt 15.765367 -6.847759 0.000000
vt 15.000000 -7.000000 0.000000
vt 16.111140 -6.662939 0.000000
vt 16.414214 -6.414214 0.000000
vt 16.662939 -6.111140 0.000000
vt 16.847759 -5.765367 0.000000
vt 16.961571 -5.390181 0.000000
vt 17.000000 -5.000000 0.000000
vt -6.500000 -7.000000 0.000000
vt -11.000000 -2.500000 0.000000
vt -10.961502 -3.087368 0.000000
vt -11.000000 2.500000 0.000000
vt 17.000000 5.000000 0.000000
vt -6.500000 7.000000 0.000000
vt 15.000000 7.000000 0.000000
vt 16.961571 5.390181 0.000000
vt 16.847759 5.765367 0.000000
vt 16.662939 6.111140 0.000000
vt 16.414214 6.414214 0.000000
vt 16.111140 6.662939 0.000000
vt 15.765367 6.847759 0.000000
vt 15.390181 6.961571 0.000000
vt -7.087368 6.961502 0.000000
vt -7.664686 6.846666 0.000000
vt -8.222075 6.657458 0.000000
vt -8.750000 6.397114 0.000000
vt -9.239426 6.070090 0.000000
vt -9.681981 5.681981 0.000000
vt -10.070090 5.239426 0.000000
vt -10.397114 4.750000 0.000000
vt -10.657458 4.222075 0.000000
vt -10.846666 3.664686 0.000000
vt -10.961502 3.087368 0.000000
vt -10.846666 -3.664686 0.000000
vt -10.657458 -4.222075 0.000000
vt -10.397114 -4.750000 0.000000
vt -10.070090 -5.239426 0.000000
vt -9.681981 -5.681981 0.000000
vt -9.239426 -6.070090 0.000000
vt -8.750000 -6.397114 0.000000
vt -8.222075 -6.657458 0.000000
vt -7.664686 -6.846666 0.000000
vt -7.087368 -6.961502 0.000000
vt 0.000000 -7.393906 0.000000
vt -0.196350 -7.393906 0.000000
vt -0.000000 -7.804679 0.000000
vt -0.196350 -7.804679 0.000000
vt -0.000000 -8.215451 0.000000
vt -0.196350 -8.215451 0.000000
vt -0.000000 -8.626224 0.000000
vt -0.196350 -8.626224 0.000000
vt -0.000000 -9.036996 0.000000
vt -0.196350 -9.036996 0.000000
vt 0.000000 -9.447769 0.000000
vt -0.196350 -9.447769 0.000000
vt 0.000000 -9.858541 0.000000
vt -0.196350 -9.858541 0.000000
vt -0.000000 -10.269314 0.000000
vt -0.196350 -10.269314 0.000000
vt 0.000000 -10.680087 0.000000
vt -0.196350 -10.680087 0.000000
vt 0.000000 -11.090859 0.000000
vt -0.196350 -11.090859 0.000000
vt -0.392699 -10.680087 0.000000
vt -0.392699 -11.090859 0.000000
vt -0.589049 -10.680087 0.000000
vt -0.589049 -11.090859 0.000000
vt -0.785398 -11.090859 0.000000
vt -0.785398 -10.628740 0.000000
vt -0.589049 -10.269314 0.000000
vt -0.785398 -10.166621 0.000000
vt -0.589049 -9.858541 0.000000
vt -0.785398 -9.704502 0.000000
vt -0.589049 -9.447769 0.000000
vt -0.785398 -9.242383 0.000000
vt -0.589049 -9.036996 0.000000
vt -0.785398 -8.780263 0.000000
vt -0.589049 -8.626224 0.000000
vt -0.785398 -8.318144 0.000000
vt -0.589049 -8.215451 0.000000
vt -0.785398 -7.856025 0.000000
vt -0.589049 -7.804679 0.000000
vt -0.785398 -7.393906 0.000000
vt -0.589049 -7.393906 0.000000
vt -0.392699 -7.804679 0.000000
vt -0.392699 -7.393906 0.000000
vt -0.392699 -8.215451 0.000000
vt -0.392699 -8.626224 0.000000
vt -0.392699 -9.036996 0.000000
vt -0.392699 -9.447769 0.000000
vt -0.392699 -9.858541 0.000000
vt -0.392699 -10.269314 0.000000
vt 15.000000 -0.196350 0.000000
vt 10.700000 -0.196350 0.000000
vt 15.000000 -0.392699 0.000000
vt 6.400000 -0.196350 0.000000
vt 2.100000 -0.196350 0.000000
vt 2.100000 0.000000 0.000000
vt -2.200000 0.000000 0.000000
vt -2.200000 0.196350 0.000000
vt -6.500000 0.196350 0.000000
vt -6.500000 0.392699 0.000000
vt 2.100000 0.196350 0.000000
vt 7.351300 0.392699 0.000000
vt 6.400000 0.196350 0.000000
vt 10.700000 0.196350 0.000000
vt 10.700000 0.000000 0.000000
vt 15.000000 0.000000 0.000000
vt 15.000000 0.196350 0.000000
vt 15.000000 0.392699 0.000000
vt -6.500000 0.000000 0.000000
vt -2.200000 -0.196350 0.000000
vt -6.500000 -0.392699 0.000000
vt -6.500000 -0.196350 0.000000
vt 6.400000 0.000000 0.000000
vt -7.351300 0.392699 0.000000
vt -15.000000 0.392699 0.000000
vt -10.700000 0.196350 0.000000
vt -15.000000 0.196350 0.000000
vt -10.700000 0.000000 0.000000
vt -15.000000 0.000000 0.000000
vt -10.700000 -0.196350 0.000000
vt -15.000000 -0.196350 0.000000
vt -15.000000 -0.392699 0.000000
vt -6.400000 -0.196350 0.000000
vt 6.500000 -0.392699 0.000000
vt -2.100000 -0.196350 0.000000
vt 2.200000 -0.196350 0.000000
vt -2.100000 0.000000 0.000000
vt 2.200000 0.000000 0.000000
vt -2.100000 0.196350 0.000000
vt 2.200000 0.196350 0.000000
vt 6.500000 0.392699 0.000000
vt 6.500000 0.196350 0.000000
vt 6.500000 0.000000 0.000000
vt 6.500000 -0.196350 0.000000
vt -6.400000 0.196350 0.000000
vt -6.400000 0.000000 0.000000
vt -0.785398 -7.623944 0.000000
vt -0.589049 -7.623944 0.000000
vt -0.785398 -6.988615 0.000000
vt -0.589049 -6.988615 0.000000
vt -0.785398 -6.353287 0.000000
vt -0.589049 -6.353287 0.000000
vt -0.785398 -5.717958 0.000000
vt -0.589049 -5.717958 0.000000
vt -0.785398 -5.082629 0.000000
vt -0.589049 -5.082629 0.000000
vt -0.785398 -4.447301 0.000000
vt -0.589049 -4.447301 0.000000
vt -0.785398 -3.811972 0.000000
vt -0.589049 -3.811972 0.000000
vt -0.785398 -3.176643 0.000000
vt -0.589049 -3.176643 0.000000
vt -0.785398 -2.541315 0.000000
vt -0.589049 -2.541315 0.000000
vt -0.785398 -1.905986 0.000000
vt -0.589049 -1.905986 0.000000
vt -0.785398 -1.270657 0.000000
vt -0.589049 -1.270657 0.000000
vt -0.785398 -0.635329 0.000000
vt -0.589049 -0.635329 0.000000
vt -0.785398 0.000000 0.000000
vt -0.589049 0.000000 0.000000
vt -0.392699 -0.635329 0.000000
vt -0.392699 0.000000 0.000000
vt -0.196350 -0.635329 0.000000
vt -0.196350 0.000000 0.000000
vt 0.000000 -0.635329 0.000000
vt -0.000000 0.000000 0.000000
vt -0.392699 -7.623944 0.000000
vt -0.392699 -6.988615 0.000000
vt -0.392699 -6.353287 0.000000
vt -0.392699 -5.717958 0.000000
vt -0.392699 -5.082629 0.000000
vt -0.392699 -4.447301 0.000000
vt -0.392699 -3.811972 0.000000
vt -0.392699 -3.176643 0.000000
vt -0.392699 -2.541315 0.000000
vt -0.392699 -1.905986 0.000000
vt -0.392699 -1.270657 0.000000
vt -0.196350 -7.623944 0.000000
vt -0.196350 -6.988615 0.000000
vt -0.196350 -6.353287 0.000000
vt -0.196350 -5.717958 0.000000
vt -0.196350 -5.082629 0.000000
vt -0.196350 -4.447301 0.000000
vt -0.196350 -3.811972 0.000000
vt -0.196350 -3.176643 0.000000
vt -0.196350 -2.541315 0.000000
vt -0.196350 -1.905986 0.000000
vt -0.196350 -1.270657 0.000000
vt -0.000000 -7.623944 0.000000
vt 0.000000 -6.988615 0.000000
vt 0.000000 -6.353287 0.000000
vt -0.000000 -5.717958 0.000000
vt -0.000000 -5.082629 0.000000
vt -0.000000 -4.447301 0.000000
vt -0.000000 -3.811972 0.000000
vt 0.000000 -3.176643 0.000000
vt -0.000000 -2.541315 0.000000
vt 0.000000 -1.905986 0.000000
vt 0.000000 -1.270657 0.000000
vt -2.500000 -0.392699 0.000000
vt 2.500000 -0.392699 0.000000
vt 0.000000 -0.196350 0.000000
vt 2.500000 -0.196350 0.000000
vt 0.000000 -0.000000 0.000000
vt 2.500000 -0.000000 0.000000
vt 0.000000 0.196350 0.000000
vt 2.500000 0.196350 0.000000
vt 2.500000 0.392699 0.000000
vt -2.500000 0.392699 0.000000
vt -2.500000 0.196350 0.000000
vt -2.500000 0.000000 0.000000
vt -2.500000 -0.196350 0.000000
vt -0.785398 -15.247888 0.000000
vt -0.589049 -15.247888 0.000000
vt -0.785398 -14.612559 0.000000
vt -0.589049 -14.612559 0.000000
vt -0.785398 -13.977230 0.000000
vt -0.589049 -13.977230 0.000000
vt -0.785398 -13.341902 0.000000
vt -0.589049 -13.341902 0.000000
vt -0.785398 -12.706573 0.000000
vt -0.589049 -12.706573 0.000000
vt -0.785398 -12.071244 0.000000
vt -0.589049 -12.071244 0.000000
vt -0.785398 -11.435916 0.000000
vt -0.589049 -11.435916 0.000000
vt -0.785398 -10.800587 0.000000
vt -0.589049 -10.800587 0.000000
vt -0.785398 -10.165258 0.000000
vt -0.589049 -10.165258 0.000000
vt -0.785398 -9.529930 0.000000
vt -0.589049 -9.529930 0.000000
vt -0.785398 -8.894601 0.000000
vt -0.589049 -8.894601 0.000000
vt -0.785398 -8.259272 0.000000
vt -0.589049 -8.259272 0.000000
vt -0.785398 -7.623944 0.000000
vt -0.589049 -7.623944 0.000000
vt -0.392699 -8.259272 0.000000
vt -0.392699 -7.623944 0.000000
vt -0.196350 -8.259272 0.000000
vt -0.196350 -7.623944 0.000000
vt 0.000000 -8.259272 0.000000
vt -0.000000 -7.623944 0.000000
vt -0.392699 -15.247888 0.000000
vt -0.392699 -14.612559 0.000000
vt -0.392699 -13.977230 0.000000
vt -0.392699 -13.341902 0.000000
vt -0.392699 -12.706573 0.000000
vt -0.392699 -12.071244 0.000000
vt -0.392699 -11.435916 0.000000
vt -0.392699 -10.800587 0.000000
vt -0.392699 -10.165258 0.000000
vt -0.392699 -9.529930 0.000000
vt -0.392699 -8.894601 0.000000
vt -0.196350 -15.247888 0.000000
vt -0.196350 -14.612559 0.000000
vt -0.196350 -13.977230 0.000000
vt -0.196350 -13.341902 0.000000
vt -0.196350 -12.706573 0.000000
vt -0.196350 -12.071244 0.000000
vt -0.196350 -11.435916 0.000000
vt -0.196350 -10.800587 0.000000
vt -0.196350 -10.165258 0.000000
vt -0.196350 -9.529930 0.000000
vt -0.196350 -8.894601 0.000000
vt 0.000000 -15.247888 0.000000
vt 0.000000 -14.612559 0.000000
vt 0.000000 -13.977230 0.000000
vt 0.000000 -13.341902 0.000000
vt -0.000000 -12.706573 0.000000
vt 0.000000 -12.071244 0.000000
vt -0.000000 -11.435916 0.000000
vt 0.000000 -10.800587 0.000000
vt 0.000000 -10.165258 0.000000
vt 0.000000 -9.529930 0.000000
vt 0.000000 -8.894601 0.000000
vt 0.000000 -2.500000 0.000000
vt 2.000000 -2.500000 0.000000
vt 0.000000 2.500000 0.000000
vt 2.000000 2.500000 0.000000
vt -2.000000 -3.926991 0.000000
vt -0.000000 -3.926991 0.000000
vt -2.000000 -3.272492 0.000000
vt -0.000000 -3.272492 0.000000
vt -2.000000 -2.617994 0.000000
vt -0.000000 -2.617994 0.000000
vt -2.000000 -1.963495 0.000000
vt -0.000000 -1.963495 0.000000
vt -2.000000 -1.308997 0.000000
vt -0.000000 -1.308997 0.000000
vt -2.000000 -0.654498 0.000000
vt -0.000000 -0.654498 0.000000
vt -2.000000 0.000000 0.000000
vt -0.000000 0.000000 0.000000
vt -2.000000 0.654498 0.000000
vt -0.000000 0.654498 0.000000
vt -2.000000 1.308997 0.000000
vt -0.000000 1.308997 0.000000
vt -2.000000 1.963495 0.000000
vt -0.000000 1.963495 0.000000
vt -2.000000 2.617994 0.000000
vt -0.000000 2.617994 0.000000
vt -2.000000 3.272492 0.000000
vt -0.000000 3.272492 0.000000
vt -2.000000 3.926991 0.000000
vt 0.000000 3.926991 0.000000
vt 0.000000 -0.870559 0.000000
vt 0.260870 -1.715873 0.000000
vt -0.000000 6.500000 0.000000
vt 0.712053 -2.442112 0.000000
vt 2.000000 6.500000 0.000000
vt 1.099553 -3.204237 0.000000
vt 1.420536 -3.996676 0.000000
vt 0.029768 -1.167910 0.000000
vt 0.117890 -1.453460 0.000000
vt 1.672656 -4.813637 0.000000
vt 1.854069 -5.649148 0.000000
vt 1.963451 -6.497102 0.000000
vt 2.000000 -7.351300 0.000000
vt -2.000000 -3.926991 0.000000
vt 0.000000 -3.926991 0.000000
vt -2.000000 -3.272492 0.000000
vt -0.000000 -3.272492 0.000000
vt -2.000000 -2.617994 0.000000
vt -0.000000 -2.617994 0.000000
vt -2.000000 -1.963495 0.000000
vt -0.000000 -1.963495 0.000000
vt -2.000000 -1.308997 0.000000
vt -0.000000 -1.308997 0.000000
vt -2.000000 -0.654498 0.000000
vt -0.000000 -0.654498 0.000000
vt -2.000000 -0.000000 0.000000
vt -0.000000 -0.000000 0.000000
vt -2.000000 0.654498 0.000000
vt -0.000000 0.654498 0.000000
vt -2.000000 1.308997 0.000000
vt -0.000000 1.308997 0.000000
vt -2.000000 1.963495 0.000000
vt -0.000000 1.963495 0.000000
vt -2.000000 2.617994 0.000000
vt -0.000000 2.617994 0.000000
vt -2.000000 3.272492 0.000000
vt -0.000000 3.272492 0.000000
vt -2.000000 3.926991 0.000000
vt -0.000000 3.926991 0.000000
vt -0.870559 5.000000 0.000000
vt -0.870559 -5.000000 0.000000
vt 6.500000 5.000000 0.000000
vt 6.500000 -5.000000 0.000000
vt 9.000000 -2.500000 0.000000
vt 6.934120 -4.962019 0.000000
vt 7.355050 -4.849232 0.000000
vt 7.750000 -4.665064 0.000000
vt 8.106969 -4.415111 0.000000
vt 8.415111 -4.106969 0.000000
vt 8.665064 -3.750000 0.000000
vt 8.849232 -3.355050 0.000000
vt 8.962019 -2.934120 0.000000
vt 9.000000 2.500000 0.000000
vt 6.934120 4.962019 0.000000
vt 7.355050 4.849232 0.000000
vt 7.750000 4.665064 0.000000
vt 8.106969 4.415111 0.000000
vt 8.415111 4.106969 0.000000
vt 8.665064 3.750000 0.000000
vt 8.849232 3.355050 0.000000
vt 8.962019 2.934120 0.000000
vn 0.000000 100.000000 -0.000000
vn 0.000000 100.000000 -0.000000
vn 0.000000 98.480775 17.364818
vn 0.000000 98.480775 17.364818
vn 0.000000 93.969262 34.202014
vn 0.000000 93.969262 34.202014
vn 0.000000 86.602540 50.000000
vn 0.000000 86.602540 50.000000
vn 0.000000 76.604444 64.278761
vn 0.000000 76.604444 64.278761
vn 0.000000 64.278761 76.604444
vn 0.000000 64.278761 76.604444
vn 0.000000 50.000000 86.602540
vn 0.000000 50.000000 86.602540
vn 0.000000 34.202014 93.969262
vn 0.000000 34.202014 93.969262
vn 0.000000 17.364818 98.480775
vn 0.000000 17.364818 98.480775
vn 0.000000 0.000000 100.000000
vn 0.000000 0.000000 100.000000
vn 100.000000 -0.000000 -0.000000
vn 100.000000 -0.000000 -0.000000
vn 98.480775 -0.000000 17.364818
vn 98.480775 -0.000000 17.364818
vn 93.969262 -0.000000 34.202014
vn 93.969262 -0.000000 34.202014
vn 86.602540 -0.000000 50.000000
vn 86.602540 -0.000000 50.000000
vn 76.604444 -0.000000 64.278761
vn 76.604444 -0.000000 64.278761
vn 64.278761 -0.000000 76.604444
vn 64.278761 -0.000000 76.604444
vn 50.000000 -0.000000 86.602540
vn 50.000000 -0.000000 86.602540
vn 34.202014 -0.000000 93.969262
vn 34.202014 -0.000000 93.969262
vn 17.364818 -0.000000 98.480775
vn 17.364818 -0.000000 98.480775
vn 0.000000 0.000000 100.000000
vn -0.000000 -56.354267 82.608696
vn 17.364818 -55.498119 81.353684
vn -0.000000 -46.083377 88.748647
vn 17.364818 -42.747137 88.719476
vn -0.000000 -35.152618 93.617805
vn 17.364818 -29.040396 94.101639
vn -0.000000 -23.718508 97.146448
vn 17.364818 -14.684358 97.379837
vn 0.000000 -11.944773 99.284049
vn 34.202014 -52.955689 77.626782
vn 34.202014 -40.788844 84.655138
vn 34.202014 -27.710024 89.790739
vn 34.202014 -14.011651 92.918759
vn 50.000000 -12.913207 85.634392
vn 64.278761 -11.422403 75.748067
vn 76.604444 -9.584534 63.560175
vn 86.602540 -7.455444 49.441039
vn 93.969262 -5.099824 33.819663
vn 98.480775 -2.589248 17.170693
vn 100.000000 -0.000000 -0.000000
vn 98.480775 -5.120605 16.592658
vn 100.000000 -0.000000 -0.000000
vn 98.480775 -7.537474 15.643637
vn 100.000000 -0.000000 -0.000000
vn 98.480775 -9.785816 14.344849
vn 93.969262 -14.845925 30.811951
vn 93.969262 -19.274294 28.253838
vn 86.602540 -21.703290 45.044058
vn 86.602540 -28.177133 41.304348
vn 76.604444 -27.901212 57.907525
vn 76.604444 -36.223825 53.099846
vn 64.278761 -33.251370 69.011501
vn 64.278761 -43.169873 63.281932
vn 50.000000 -37.591202 78.018598
vn 50.000000 -48.804227 71.541229
vn 93.969262 -10.085624 32.681156
vn 86.602540 -14.744196 47.776654
vn 76.604444 -18.954773 61.420483
vn 64.278761 -22.589418 73.198081
vn 50.000000 -25.537696 82.751593
vn 0.000000 47.046646 88.241788
vn 0.000000 56.354267 82.608696
vn 17.364818 48.834453 85.519935
vn 17.364818 55.498119 81.353684
vn 34.202014 52.955689 77.626782
vn 34.202014 46.597293 81.602172
vn 50.000000 48.804227 71.541229
vn 50.000000 42.944298 75.204969
vn 64.278761 43.169873 63.281932
vn 64.278761 37.986461 66.522700
vn 76.604444 36.223825 53.099846
vn 76.604444 31.874426 55.819173
vn 86.602540 28.177133 41.304348
vn 86.602540 24.793902 43.419609
vn 93.969262 19.274294 28.253838
vn 93.969262 16.960028 29.700762
vn 98.480775 9.785816 14.344849
vn 98.480775 8.610832 15.079472
vn 100.000000 -0.000000 -0.000000
vn 100.000000 -0.000000 -0.000000
vn 98.480775 7.381012 15.718065
vn 100.000000 -0.000000 -0.000000
vn 98.480775 6.104188 16.256561
vn 100.000000 -0.000000 -0.000000
vn 98.480775 4.788491 16.691532
vn 100.000000 -0.000000 -0.000000
vn 98.480775 3.442300 17.020208
vn 100.000000 -0.000000 -0.000000
vn 98.480775 2.074188 17.240494
vn 100.000000 -0.000000 -0.000000
vn 98.480775 0.692867 17.350989
vn 100.000000 -0.000000 -0.000000
vn 98.480775 -0.692867 17.350989
vn 100.000000 -0.000000 -0.000000
vn 98.480775 -2.074188 17.240494
vn 100.000000 -0.000000 -0.000000
vn 98.480775 -3.442300 17.020208
vn 100.000000 -0.000000 -0.000000
vn 98.480775 -4.788491 16.691532
vn 100.000000 -0.000000 -0.000000
vn 98.480775 -6.104188 16.256561
vn 100.000000 -0.000000 -0.000000
vn 98.480775 -7.381012 15.718065
vn 100.000000 -0.000000 -0.000000
vn 98.480775 -8.610832 15.079472
vn 93.969262 -16.960028 29.700762
vn 93.969262 -14.537756 30.958544
vn 93.969262 -12.022904 32.019175
vn 93.969262 -9.431487 32.875901
vn 93.969262 -6.780008 33.523265
vn 93.969262 -4.085353 33.957145
vn 93.969262 -1.364681 34.174778
vn 93.969262 1.364681 34.174778
vn 93.969262 4.085353 33.957145
vn 93.969262 6.780008 33.523265
vn 93.969262 9.431487 32.875901
vn 93.969262 12.022904 32.019175
vn 93.969262 14.537756 30.958544
vn 86.602540 -24.793902 43.419609
vn 86.602540 -21.252777 45.258364
vn 86.602540 -17.576309 46.808903
vn 86.602540 -13.787911 48.061351
vn 86.602540 -9.911709 49.007734
vn 86.602540 -5.972386 49.642025
vn 86.602540 -1.995030 49.960183
vn 86.602540 1.995030 49.960183
vn 86.602540 5.972386 49.642025
vn 86.602540 9.911709 49.007734
vn 86.602540 13.787911 48.061351
vn 86.602540 17.576309 46.808903
vn 86.602540 21.252777 45.258364
vn 76.604444 -31.874426 55.819173
vn 76.604444 -27.322043 58.183031
vn 76.604444 -22.595667 60.176365
vn 76.604444 -17.725397 61.786482
vn 76.604444 -12.742247 63.003129
vn 76.604444 -7.677952 63.818557
vn 76.604444 -2.564762 64.227573
vn 76.604444 2.564762 64.227573
vn 76.604444 7.677952 63.818557
vn 76.604444 12.742247 63.003129
vn 76.604444 17.725397 61.786482
vn 76.604444 22.595667 60.176365
vn 76.604444 27.322043 58.183031
vn 64.278761 -37.986461 66.522700
vn 64.278761 -32.561143 69.339836
vn 64.278761 -26.928468 71.715399
vn 64.278761 -21.124306 73.634262
vn 64.278761 -15.185619 75.084205
vn 64.278761 -9.150227 76.055994
vn 64.278761 -3.056564 76.543441
vn 64.278761 3.056564 76.543441
vn 64.278761 9.150227 76.055994
vn 64.278761 15.185619 75.084205
vn 64.278761 21.124306 73.634262
vn 64.278761 26.928468 71.715399
vn 64.278761 32.561143 69.339836
vn 50.000000 -42.944298 75.204969
vn 50.000000 -36.810889 78.389785
vn 50.000000 -30.443060 81.075397
vn 50.000000 -23.881363 83.244703
vn 50.000000 -17.167583 84.883886
vn 50.000000 -10.344477 85.982509
vn 50.000000 -3.455494 86.533575
vn 50.000000 3.455494 86.533575
vn 50.000000 10.344477 85.982509
vn 50.000000 17.167583 84.883886
vn 50.000000 23.881363 83.244703
vn 50.000000 30.443060 81.075397
vn 50.000000 36.810889 78.389785
vn 34.202014 -46.597293 81.602172
vn 34.202014 -39.942155 85.057901
vn 34.202014 -33.032656 87.971961
vn 34.202014 -25.912797 90.325795
vn 34.202014 -18.627920 92.104413
vn 34.202014 -11.224415 93.296488
vn 34.202014 -3.749431 93.894430
vn 34.202014 3.749431 93.894430
vn 34.202014 11.224415 93.296488
vn 34.202014 18.627920 92.104413
vn 34.202014 25.912797 90.325795
vn 34.202014 33.032656 87.971961
vn 34.202014 39.942155 85.057901
vn 17.364818 -48.834453 85.519935
vn 17.364818 -41.859799 89.141575
vn 17.364818 -34.618571 92.195540
vn 17.364818 -27.156884 94.662383
vn 17.364818 -19.522256 96.526393
vn 17.364818 -11.763305 97.775701
vn 17.364818 -3.929443 98.402350
vn 17.364818 3.929443 98.402350
vn 17.364818 11.763305 97.775701
vn 17.364818 19.522256 96.526393
vn 17.364818 27.156884 94.662383
vn 17.364818 34.618571 92.195540
vn 17.364818 41.859799 89.141575
vn -0.000000 -47.046646 88.241788
vn -0.000000 -37.182164 92.830419
vn -0.000000 -26.877580 96.320277
vn 0.000000 -16.254865 98.670053
vn 0.000000 -5.439750 99.851936
vn 0.000000 5.439750 99.851936
vn 0.000000 16.254865 98.670053
vn 0.000000 26.877580 96.320277
vn 0.000000 37.182164 92.830419
vn 0.000000 -0.000000 100.000000
vn 17.364818 -0.000000 98.480775
vn 0.000000 11.944773 99.284049
vn 17.364818 14.684358 97.379837
vn 0.000000 23.718508 97.146448
vn 17.364818 29.040396 94.101639
vn 0.000000 35.152618 93.617805
vn 17.364818 42.747137 88.719476
vn 0.000000 46.083377 88.748647
vn 34.202014 -0.000000 93.969262
vn 34.202014 14.011651 92.918759
vn 34.202014 27.710024 89.790739
vn 34.202014 40.788844 84.655138
vn 50.000000 37.591202 78.018598
vn 64.278761 33.251370 69.011501
vn 76.604444 27.901212 57.907525
vn 86.602540 21.703290 45.044058
vn 93.969262 14.845925 30.811951
vn 98.480775 7.537474 15.643637
vn 100.000000 -0.000000 -0.000000
vn 98.480775 5.120605 16.592658
vn 100.000000 -0.000000 -0.000000
vn 98.480775 2.589248 17.170693
vn 100.000000 -0.000000 -0.000000
vn 98.480775 -0.000000 17.364818
vn 93.969262 5.099824 33.819663
vn 93.969262 -0.000000 34.202014
vn 86.602540 7.455444 49.441039
vn 86.602540 -0.000000 50.000000
vn 76.604444 9.584534 63.560175
vn 76.604444 -0.000000 64.278761
vn 64.278761 11.422403 75.748067
vn 64.278761 -0.000000 76.604444
vn 50.000000 12.913207 85.634392
vn 50.000000 -0.000000 86.602540
vn 93.969262 10.085624 32.681156
vn 86.602540 14.744196 47.776654
vn 76.604444 18.954773 61.420483
vn 64.278761 22.589418 73.198081
vn 50.000000 25.537696 82.751593
vn 0.000000 0.000000 100.000000
vn 17.364818 -0.000000 98.480775
vn 34.202014 -0.000000 93.969262
vn 50.000000 -0.000000 86.602540
vn 64.278761 -0.000000 76.604444
vn 76.604444 -0.000000 64.278761
vn 86.602540 -0.000000 50.000000
vn 93.969262 -0.000000 34.202014
vn 98.480775 -0.000000 17.364818
vn 100.000000 -0.000000 -0.000000
vn 0.000000 0.000000 100.000000
vn 0.000000 0.000000 100.000000
vn 2.266564 -17.216259 98.480775
vn 0.000000 -17.364818 98.480775
vn -0.000000 -34.202014 93.969262
vn 4.464259 -33.909411 93.969262
vn -0.000000 -50.000000 86.602540
vn 6.526310 -49.572243 86.602540
vn -0.000000 -64.278761 76.604444
vn 8.390062 -63.728847 76.604444
vn -0.000000 -76.604444 64.278761
vn 9.998886 -75.949083 64.278761
vn -0.000000 -86.602540 50.000000
vn 11.303900 -85.861644 50.000000
vn -0.000000 -93.969262 34.202014
vn 12.265450 -93.165342 34.202014
vn -0.000000 -98.480775 17.364818
vn 12.854321 -97.638259 17.364818
vn -0.000000 -100.000000 0.000000
vn 13.052619 -99.144486 -0.000000
vn 25.488700 -95.125124 17.364818
vn 25.881905 -96.592583 -0.000000
vn 37.686961 -90.984373 17.364818
vn 38.268343 -92.387953 -0.000000
vn 49.240388 -85.286853 17.364818
vn 50.000000 -86.602540 -0.000000
vn 59.951298 -78.130052 17.364818
vn 60.876143 -79.335334 -0.000000
vn 69.636424 -69.636424 17.364818
vn 70.710678 -70.710678 -0.000000
vn 78.130052 -59.951298 17.364818
vn 79.335334 -60.876143 -0.000000
vn 85.286853 -49.240388 17.364818
vn 86.602540 -50.000000 -0.000000
vn 90.984373 -37.686961 17.364818
vn 92.387953 -38.268343 -0.000000
vn 95.125124 -25.488700 17.364818
vn 96.592583 -25.881905 -0.000000
vn 97.638259 -12.854321 17.364818
vn 99.144486 -13.052619 -0.000000
vn 93.165342 -12.265450 34.202014
vn 90.767337 -24.321035 34.202014
vn 86.816278 -35.960480 34.202014
vn 81.379768 -46.984631 34.202014
vn 74.550828 -57.204862 34.202014
vn 66.446302 -66.446302 34.202014
vn 57.204862 -74.550828 34.202014
vn 46.984631 -81.379768 34.202014
vn 35.960480 -86.816278 34.202014
vn 24.321035 -90.767337 34.202014
vn 85.861644 -11.303900 50.000000
vn 83.651630 -22.414387 50.000000
vn 80.010315 -33.141357 50.000000
vn 75.000000 -43.301270 50.000000
vn 68.706415 -52.720286 50.000000
vn 61.237244 -61.237244 50.000000
vn 52.720286 -68.706415 50.000000
vn 43.301270 -75.000000 50.000000
vn 33.141357 -80.010315 50.000000
vn 22.414387 -83.651630 50.000000
vn 75.949083 -9.998886 64.278761
vn 73.994211 -19.826689 64.278761
vn 70.773278 -29.315252 64.278761
vn 66.341395 -38.302222 64.278761
vn 60.774392 -46.633831 64.278761
vn 54.167522 -54.167522 64.278761
vn 46.633831 -60.774392 64.278761
vn 38.302222 -66.341395 64.278761
vn 29.315252 -70.773278 64.278761
vn 19.826689 -73.994211 64.278761
vn 63.728847 -8.390062 76.604444
vn 62.088515 -16.636568 76.604444
vn 59.385832 -24.598417 76.604444
vn 55.667040 -32.139380 76.604444
vn 50.995770 -39.130430 76.604444
vn 45.451948 -45.451948 76.604444
vn 39.130430 -50.995770 76.604444
vn 32.139380 -55.667040 76.604444
vn 24.598417 -59.385832 76.604444
vn 16.636568 -62.088515 76.604444
vn 49.572243 -6.526310 86.602540
vn 48.296291 -12.940952 86.602540
vn 46.193977 -19.134172 86.602540
vn 43.301270 -25.000000 86.602540
vn 39.667667 -30.438071 86.602540
vn 35.355339 -35.355339 86.602540
vn 30.438071 -39.667667 86.602540
vn 25.000000 -43.301270 86.602540
vn 19.134172 -46.193977 86.602540
vn 12.940952 -48.296291 86.602540
vn 33.909411 -4.464259 93.969262
vn 33.036609 -8.852133 93.969262
vn 31.598541 -13.088544 93.969262
vn 29.619813 -17.101007 93.969262
vn 27.134282 -20.820867 93.969262
vn 24.184476 -24.184476 93.969262
vn 20.820867 -27.134282 93.969262
vn 17.101007 -29.619813 93.969262
vn 13.088544 -31.598541 93.969262
vn 8.852133 -33.036609 93.969262
vn 17.216259 -2.266564 98.480775
vn 16.773126 -4.494346 98.480775
vn 16.043000 -6.645228 98.480775
vn 15.038373 -8.682409 98.480775
vn 13.776436 -10.571031 98.480775
vn 12.278780 -12.278780 98.480775
vn 10.571031 -13.776436 98.480775
vn 8.682409 -15.038373 98.480775
vn 6.645228 -16.043000 98.480775
vn 4.494346 -16.773126 98.480775
vn 0.000000 0.000000 100.000000
vn 0.000000 0.000000 100.000000
vn 0.000000 0.000000 100.000000
vn 0.000000 0.000000 100.000000
vn 0.000000 0.000000 100.000000
vn 0.000000 0.000000 100.000000
vn 0.000000 0.000000 100.000000
vn 0.000000 0.000000 100.000000
vn 0.000000 -17.364818 98.480775
vn -0.000000 -34.202014 93.969262
vn -0.000000 -50.000000 86.602540
vn -0.000000 -64.278761 76.604444
vn -0.000000 -76.604444 64.278761
vn -0.000000 -86.602540 50.000000
vn -0.000000 -93.969262 34.202014
vn -0.000000 -98.480775 17.364818
vn -0.000000 -100.000000 0.000000
vn 0.000000 0.000000 100.000000
vn 0.000000 0.000000 100.000000
vn -17.216259 -2.266564 98.480775
vn -17.364818 0.000000 98.480775
vn -34.202014 0.000000 93.969262
vn -33.909411 -4.464259 93.969262
vn -50.000000 0.000000 86.602540
vn -49.572243 -6.526310 86.602540
vn -64.278761 0.000000 76.604444
vn -63.728847 -8.390062 76.604444
vn -76.604444 0.000000 64.278761
vn -75.949083 -9.998886 64.278761
vn -86.602540 0.000000 50.000000
vn -85.861644 -11.303900 50.000000
vn -93.969262 0.000000 34.202014
vn -93.165342 -12.265450 34.202014
vn -98.480775 0.000000 17.364818
vn -97.638259 -12.854321 17.364818
vn -100.000000 -0.000000 0.000000
vn -99.144486 -13.052619 0.000000
vn -95.125124 -25.488700 17.364818
vn -96.592583 -25.881905 0.000000
vn -90.984373 -37.686961 17.364818
vn -92.387953 -38.268343 0.000000
vn -85.286853 -49.240388 17.364818
vn -86.602540 -50.000000 0.000000
vn -78.130052 -59.951298 17.364818
vn -79.335334 -60.876143 0.000000
vn -69.636424 -69.636424 17.364818
vn -70.710678 -70.710678 0.000000
vn -59.951298 -78.130052 17.364818
vn -60.876143 -79.335334 0.000000
vn -49.240388 -85.286853 17.364818
vn -50.000000 -86.602540 0.000000
vn -37.686961 -90.984373 17.364818
vn -38.268343 -92.387953 0.000000
vn -25.488700 -95.125124 17.364818
vn -25.881905 -96.592583 0.000000
vn -12.854321 -97.638259 17.364818
vn -13.052619 -99.144486 0.000000
vn -12.265450 -93.165342 34.202014
vn -24.321035 -90.767337 34.202014
vn -35.960480 -86.816278 34.202014
vn -46.984631 -81.379768 34.202014
vn -57.204862 -74.550828 34.202014
vn -66.446302 -66.446302 34.202014
vn -74.550828 -57.204862 34.202014
vn -81.379768 -46.984631 34.202014
vn -86.816278 -35.960480 34.202014
vn -90.767337 -24.321035 34.202014
vn -11.303900 -85.861644 50.000000
vn -22.414387 -83.651630 50.000000
vn -33.141357 -80.010315 50.000000
vn -43.301270 -75.000000 50.000000
vn -52.720286 -68.706415 50.000000
vn -61.237244 -61.237244 50.000000
vn -68.706415 -52.720286 50.000000
vn -75.000000 -43.301270 50.000000
vn -80.010315 -33.141357 50.000000
vn -83.651630 -22.414387 50.000000
vn -9.998886 -75.949083 64.278761
vn -19.826689 -73.994211 64.278761
vn -29.315252 -70.773278 64.278761
vn -38.302222 -66.341395 64.278761
vn -46.633831 -60.774392 64.278761
vn -54.167522 -54.167522 64.278761
vn -60.774392 -46.633831 64.278761
vn -66.341395 -38.302222 64.278761
vn -70.773278 -29.315252 64.278761
vn -73.994211 -19.826689 64.278761
vn -8.390062 -63.728847 76.604444
vn -16.636568 -62.088515 76.604444
vn -24.598417 -59.385832 76.604444
vn -32.139380 -55.667040 76.604444
vn -39.130430 -50.995770 76.604444
vn -45.451948 -45.451948 76.604444
vn -50.995770 -39.130430 76.604444
vn -55.667040 -32.139380 76.604444
vn -59.385832 -24.598417 76.604444
vn -62.088515 -16.636568 76.604444
vn -6.526310 -49.572243 86.602540
vn -12.940952 -48.296291 86.602540
vn -19.134172 -46.193977 86.602540
vn -25.000000 -43.301270 86.602540
vn -30.438071 -39.667667 86.602540
vn -35.355339 -35.355339 86.602540
vn -39.667667 -30.438071 86.602540
vn -43.301270 -25.000000 86.602540
vn -46.193977 -19.134172 86.602540
vn -48.296291 -12.940952 86.602540
vn -4.464259 -33.909411 93.969262
vn -8.852133 -33.036609 93.969262
vn -13.088544 -31.598541 93.969262
vn -17.101007 -29.619813 93.969262
vn -20.820867 -27.134282 93.969262
vn -24.184476 -24.184476 93.969262
vn -27.134282 -20.820867 93.969262
vn -29.619813 -17.101007 93.969262
vn -31.598541 -13.088544 93.969262
vn -33.036609 -8.852133 93.969262
vn -2.266564 -17.216259 98.480775
vn -4.494346 -16.773126 98.480775
vn -6.645228 -16.043000 98.480775
vn -8.682409 -15.038373 98.480775
vn -10.571031 -13.776436 98.480775
vn -12.278780 -12.278780 98.480775
vn -13.776436 -10.571031 98.480775
vn -15.038373 -8.682409 98.480775
vn -16.043000 -6.645228 98.480775
vn -16.773126 -4.494346 98.480775
vn 0.000000 0.000000 100.000000
vn 0.000000 0.000000 100.000000
vn 0.000000 0.000000 100.000000
vn 0.000000 0.000000 100.000000
vn 0.000000 0.000000 100.000000
vn 0.000000 0.000000 100.000000
vn 0.000000 0.000000 100.000000
vn 0.000000 0.000000 100.000000
vn -17.364818 0.000000 98.480775
vn -34.202014 0.000000 93.969262
vn -50.000000 0.000000 86.602540
vn -64.278761 0.000000 76.604444
vn -76.604444 0.000000 64.278761
vn -86.602540 0.000000 50.000000
vn -93.969262 0.000000 34.202014
vn -98.480775 0.000000 17.364818
vn -100.000000 0.000000 0.000000
vn 0.000000 56.354267 82.608696
vn -17.364818 55.498119 81.353684
vn 0.000000 46.083377 88.748647
vn -17.364818 42.747137 88.719476
vn 0.000000 35.152618 93.617805
vn -17.364818 29.040396 94.101639
vn 0.000000 23.718508 97.146448
vn -17.364818 14.684358 97.379837
vn 0.000000 11.944773 99.284049
vn -34.202014 52.955689 77.626782
vn -34.202014 40.788844 84.655138
vn -34.202014 27.710024 89.790739
vn -34.202014 14.011651 92.918759
vn -50.000000 12.913207 85.634392
vn -64.278761 11.422403 75.748067
vn -76.604444 9.584534 63.560175
vn -86.602540 7.455444 49.441039
vn -93.969262 5.099824 33.819663
vn -98.480775 2.589248 17.170693
vn -100.000000 0.000000 0.000000
vn -98.480775 5.120605 16.592658
vn -100.000000 0.000000 0.000000
vn -98.480775 7.537474 15.643637
vn -100.000000 0.000000 0.000000
vn -98.480775 9.785816 14.344849
vn -93.969262 14.845925 30.811951
vn -93.969262 19.274294 28.253838
vn -86.602540 21.703290 45.044058
vn -86.602540 28.177133 41.304348
vn -76.604444 27.901212 57.907525
vn -76.604444 36.223825 53.099846
vn -64.278761 33.251370 69.011501
vn -64.278761 43.169873 63.281932
vn -50.000000 37.591202 78.018598
vn -50.000000 48.804227 71.541229
vn -93.969262 10.085624 32.681156
vn -86.602540 14.744196 47.776654
vn -76.604444 18.954773 61.420483
vn -64.278761 22.589418 73.198081
vn -50.000000 25.537696 82.751593
vn -0.000000 -47.046646 88.241788
vn -0.000000 -56.354267 82.608696
vn -17.364818 -48.834453 85.519935
vn -17.364818 -55.498119 81.353684
vn -34.202014 -52.955689 77.626782
vn -34.202014 -46.597293 81.602172
vn -50.000000 -48.804227 71.541229
vn -50.000000 -42.944298 75.204969
vn -64.278761 -43.169873 63.281932
vn -64.278761 -37.986461 66.522700
vn -76.604444 -36.223825 53.099846
vn -76.604444 -31.874426 55.819173
vn -86.602540 -28.177133 41.304348
vn -86.602540 -24.793902 43.419609
vn -93.969262 -19.274294 28.253838
vn -93.969262 -16.960028 29.700762
vn -98.480775 -9.785816 14.344849
vn -98.480775 -8.610832 15.079472
vn -100.000000 0.000000 0.000000
vn -100.000000 0.000000 0.000000
vn -98.480775 -7.381012 15.718065
vn -100.000000 0.000000 0.000000
vn -98.480775 -6.104188 16.256561
vn -100.000000 0.000000 0.000000
vn -98.480775 -4.788491 16.691532
vn -100.000000 0.000000 0.000000
vn -98.480775 -3.442300 17.020208
vn -100.000000 0.000000 0.000000
vn -98.480775 -2.074188 17.240494
vn -100.000000 0.000000 0.000000
vn -98.480775 -0.692867 17.350989
vn -100.000000 0.000000 0.000000
vn -98.480775 0.692867 17.350989
vn -100.000000 0.000000 0.000000
vn -98.480775 2.074188 17.240494
vn -100.000000 0.000000 0.000000
vn -98.480775 3.442300 17.020208
vn -100.000000 0.000000 0.000000
vn -98.480775 4.788491 16.691532
vn -100.000000 0.000000 0.000000
vn -98.480775 6.104188 16.256561
vn -100.000000 0.000000 0.000000
vn -98.480775 7.381012 15.718065
vn -100.000000 0.000000 0.000000
vn -98.480775 8.610832 15.079472
vn -93.969262 16.960028 29.700762
vn -93.969262 14.537756 30.958544
vn -93.969262 12.022904 32.019175
vn -93.969262 9.431487 32.875901
vn -93.969262 6.780008 33.523265
vn -93.969262 4.085353 33.957145
vn -93.969262 1.364681 34.174778
vn -93.969262 -1.364681 34.174778
vn -93.969262 -4.085353 33.957145
vn -93.969262 -6.780008 33.523265
vn -93.969262 -9.431487 32.875901
vn -93.969262 -12.022904 32.019175
vn -93.969262 -14.537756 30.958544
vn -86.602540 24.793902 43.419609
vn -86.602540 21.252777 45.258364
vn -86.602540 17.576309 46.808903
vn -86.602540 13.787911 48.061351
vn -86.602540 9.911709 49.007734
vn -86.602540 5.972386 49.642025
vn -86.602540 1.995030 49.960183
vn -86.602540 -1.995030 49.960183
vn -86.602540 -5.972386 49.642025
vn -86.602540 -9.911709 49.007734
vn -86.602540 -13.787911 48.061351
vn -86.602540 -17.576309 46.808903
vn -86.602540 -21.252777 45.258364
vn -76.604444 31.874426 55.819173
vn -76.604444 27.322043 58.183031
vn -76.604444 22.595667 60.176365
vn -76.604444 17.725397 61.786482
vn -76.604444 12.742247 63.003129
vn -76.604444 7.677952 63.818557
vn -76.604444 2.564762 64.227573
vn -76.604444 -2.564762 64.227573
vn -76.604444 -7.677952 63.818557
vn -76.604444 -12.742247 63.003129
vn -76.604444 -17.725397 61.786482
vn -76.604444 -22.595667 60.176365
vn -76.604444 -27.322043 58.183031
vn -64.278761 37.986461 66.522700
vn -64.278761 32.561143 69.339836
vn -64.278761 26.928468 71.715399
vn -64.278761 21.124306 73.634262
vn -64.278761 15.185619 75.084205
vn -64.278761 9.150227 76.055994
vn -64.278761 3.056564 76.543441
vn -64.278761 -3.056564 76.543441
vn -64.278761 -9.150227 76.055994
vn -64.278761 -15.185619 75.084205
vn -64.278761 -21.124306 73.634262
vn -64.278761 -26.928468 71.715399
vn -64.278761 -32.561143 69.339836
vn -50.000000 42.944298 75.204969
vn -50.000000 36.810889 78.389785
vn -50.000000 30.443060 81.075397
vn -50.000000 23.881363 83.244703
vn -50.000000 17.167583 84.883886
vn -50.000000 10.344477 85.982509
vn -50.000000 3.455494 86.533575
vn -50.000000 -3.455494 86.533575
vn -50.000000 -10.344477 85.982509
vn -50.000000 -17.167583 84.883886
vn -50.000000 -23.881363 83.244703
vn -50.000000 -30.443060 81.075397
vn -50.000000 -36.810889 78.389785
vn -34.202014 46.597293 81.602172
vn -34.202014 39.942155 85.057901
vn -34.202014 33.032656 87.971961
vn -34.202014 25.912797 90.325795
vn -34.202014 18.627920 92.104413
vn -34.202014 11.224415 93.296488
vn -34.202014 3.749431 93.894430
vn -34.202014 -3.749431 93.894430
vn -34.202014 -11.224415 93.296488
vn -34.202014 -18.627920 92.104413
vn -34.202014 -25.912797 90.325795
vn -34.202014 -33.032656 87.971961
vn -34.202014 -39.942155 85.057901
vn -17.364818 48.834453 85.519935
vn -17.364818 41.859799 89.141575
vn -17.364818 34.618571 92.195540
vn -17.364818 27.156884 94.662383
vn -17.364818 19.522256 96.526393
vn -17.364818 11.763305 97.775701
vn -17.364818 3.929443 98.402350
vn -17.364818 -3.929443 98.402350
vn -17.364818 -11.763305 97.775701
vn -17.364818 -19.522256 96.526393
vn -17.364818 -27.156884 94.662383
vn -17.364818 -34.618571 92.195540
vn -17.364818 -41.859799 89.141575
vn 0.000000 47.046646 88.241788
vn 0.000000 37.182164 92.830419
vn 0.000000 26.877580 96.320277
vn 0.000000 16.254865 98.670053
vn 0.000000 5.439750 99.851936
vn 0.000000 -5.439750 99.851936
vn 0.000000 -16.254865 98.670053
vn -0.000000 -26.877580 96.320277
vn -0.000000 -37.182164 92.830419
vn -100.000000 0.000000 0.000000
vn -100.000000 0.000000 0.000000
vn -98.480775 0.000000 17.364818
vn -98.480775 0.000000 17.364818
vn -93.969262 0.000000 34.202014
vn -93.969262 0.000000 34.202014
vn -86.602540 0.000000 50.000000
vn -86.602540 0.000000 50.000000
vn -76.604444 0.000000 64.278761
vn -76.604444 0.000000 64.278761
vn -64.278761 0.000000 76.604444
vn -64.278761 0.000000 76.604444
vn -50.000000 0.000000 86.602540
vn -50.000000 0.000000 86.602540
vn -34.202014 0.000000 93.969262
vn -34.202014 0.000000 93.969262
vn -17.364818 0.000000 98.480775
vn -17.364818 0.000000 98.480775
vn 0.000000 0.000000 100.000000
vn 0.000000 -11.944773 99.284049
vn -17.364818 -14.684358 97.379837
vn -0.000000 -23.718508 97.146448
vn -17.364818 -29.040396 94.101639
vn -0.000000 -35.152618 93.617805
vn -17.364818 -42.747137 88.719476
vn -0.000000 -46.083377 88.748647
vn -34.202014 -14.011651 92.918759
vn -34.202014 -27.710024 89.790739
vn -34.202014 -40.788844 84.655138
vn -50.000000 -37.591202 78.018598
vn -64.278761 -33.251370 69.011501
vn -76.604444 -27.901212 57.907525
vn -86.602540 -21.703290 45.044058
vn -93.969262 -14.845925 30.811951
vn -98.480775 -7.537474 15.643637
vn -100.000000 0.000000 0.000000
vn -98.480775 -5.120605 16.592658
vn -100.000000 0.000000 0.000000
vn -98.480775 -2.589248 17.170693
vn -93.969262 -5.099824 33.819663
vn -86.602540 -7.455444 49.441039
vn -76.604444 -9.584534 63.560175
vn -64.278761 -11.422403 75.748067
vn -50.000000 -12.913207 85.634392
vn -93.969262 -10.085624 32.681156
vn -86.602540 -14.744196 47.776654
vn -76.604444 -18.954773 61.420483
vn -64.278761 -22.589418 73.198081
vn -50.000000 -25.537696 82.751593
vn -98.480775 17.364818 0.000000
vn -98.485958 12.257980 12.257980
vn -97.843822 2.763421 20.468268
vn -93.246903 13.162196 33.641813
vn -91.041849 1.038077 41.355824
vn -83.389344 9.762730 54.322245
vn -68.976760 3.025707 72.339835
vn -73.211740 18.191760 65.643743
vn -85.826389 23.162410 45.796656
vn -93.989677 24.144778 24.144778
vn -97.843822 20.468268 2.763421
vn -93.969262 34.202014 0.000000
vn -93.246903 33.641813 13.162196
vn -91.041849 41.355824 1.038077
vn -85.826389 45.796656 23.162410
vn -83.389344 54.322245 9.762730
vn -75.806980 56.564736 32.461245
vn -73.211740 65.643743 18.191760
vn -63.492070 65.619989 40.777127
vn -60.817222 74.977493 26.069927
vn -49.254567 72.688212 47.858243
vn -46.581107 82.040860 33.158675
vn -33.525594 77.555375 53.490170
vn -30.934477 86.619961 39.243350
vn -16.781437 80.074096 57.502370
vn -14.351124 88.576136 44.139704
vn -56.452334 10.438658 81.878986
vn -42.218484 17.535518 88.938772
vn -36.303307 1.478034 93.165902
vn -26.706223 24.101388 93.305417
vn -20.973032 8.537986 97.402437
vn -10.385275 29.937447 94.846694
vn -5.007695 15.339447 98.689535
vn -14.351124 44.139704 88.576136
vn -30.934477 39.243350 86.619961
vn -33.525594 53.490170 77.555375
vn -49.254567 47.858243 72.688212
vn -50.155123 61.173784 61.173784
vn -64.393094 54.099582 54.099582
vn -16.781437 57.502370 80.074096
vn -34.398413 66.395592 66.395592
vn -17.600089 69.606885 69.606885
vn -10.385275 94.846694 29.937447
vn -5.007695 98.689535 15.339447
vn -17.364818 98.480775 0.000000
vn -20.973032 97.402437 8.537986
vn -34.202014 93.969262 0.000000
vn -36.303307 93.165902 1.478034
vn -50.000000 86.602540 0.000000
vn -42.218484 88.938772 17.535518
vn -56.452334 81.878986 10.438658
vn -64.278761 76.604444 0.000000
vn -68.976760 72.339835 3.025707
vn -76.604444 64.278761 0.000000
vn -86.602540 50.000000 0.000000
vn -76.681187 45.387198 45.387198
vn -63.492070 40.777127 65.619989
vn -75.806980 32.461245 56.564736
vn -60.817222 26.069927 74.977493
vn -86.647309 35.300452 35.300452
vn -46.581107 33.158675 82.040860
vn -26.706223 93.305417 24.101388
vn 17.364818 98.480775 -0.000000
vn 15.339447 98.689535 5.007695
vn 8.537986 97.402437 20.973032
vn 1.478034 93.165902 36.303307
vn 17.535518 88.938772 42.218484
vn 10.438658 81.878986 56.452334
vn 33.158675 82.040860 46.581107
vn 26.069927 74.977493 60.817222
vn 47.858243 72.688212 49.254567
vn 40.777127 65.619989 63.492070
vn 61.173784 61.173784 50.155123
vn 54.099582 54.099582 64.393094
vn 72.688212 47.858243 49.254567
vn 65.619989 40.777127 63.492070
vn 82.040860 33.158675 46.581107
vn 74.977493 26.069927 60.817222
vn 88.938772 17.535518 42.218484
vn 81.878986 10.438658 56.452334
vn 72.339835 3.025707 68.976760
vn 65.643743 18.191760 73.211740
vn 54.322245 9.762730 83.389344
vn 45.796656 23.162410 85.826389
vn 33.641813 13.162196 93.246903
vn 24.144778 24.144778 93.989677
vn 12.257980 12.257980 98.485958
vn 2.763421 20.468268 97.843822
vn 13.162196 33.641813 93.246903
vn 1.038077 41.355824 91.041849
vn 23.162410 45.796656 85.826389
vn 9.762730 54.322245 83.389344
vn 32.461245 56.564736 75.806980
vn 18.191760 65.643743 73.211740
vn 3.025707 72.339835 68.976760
vn 20.468268 2.763421 97.843822
vn 41.355824 1.038077 91.041849
vn 93.165902 1.478034 36.303307
vn 97.402437 8.537986 20.973032
vn 98.689535 15.339447 5.007695
vn 98.480775 17.364818 -0.000000
vn 94.846694 29.937447 10.385275
vn 93.969262 34.202014 -0.000000
vn 88.576136 44.139704 14.351124
vn 86.602540 50.000000 -0.000000
vn 80.074096 57.502370 16.781437
vn 76.604444 64.278761 -0.000000
vn 69.606885 69.606885 17.600089
vn 64.278761 76.604444 -0.000000
vn 57.502370 80.074096 16.781437
vn 50.000000 86.602540 -0.000000
vn 44.139704 88.576136 14.351124
vn 34.202014 93.969262 -0.000000
vn 29.937447 94.846694 10.385275
vn 24.101388 93.305417 26.706223
vn 39.243350 86.619961 30.934477
vn 53.490170 77.555375 33.525594
vn 66.395592 66.395592 34.398413
vn 77.555375 53.490170 33.525594
vn 86.619961 39.243350 30.934477
vn 93.305417 24.101388 26.706223
vn 35.300452 35.300452 86.647309
vn 45.387198 45.387198 76.681187
vn 56.564736 32.461245 75.806980
vn 100.000000 -0.000000 -0.000000
vn 100.000000 -0.000000 -0.000000
vn 0.000000 100.000000 -0.000000
vn 17.364818 98.480775 -0.000000
vn 34.202014 93.969262 -0.000000
vn 50.000000 86.602540 -0.000000
vn 64.278761 76.604444 -0.000000
vn 76.604444 64.278761 -0.000000
vn 86.602540 50.000000 -0.000000
vn 93.969262 34.202014 -0.000000
vn 98.480775 17.364818 -0.000000
vn 0.000000 100.000000 -0.000000
vn -100.000000 0.000000 0.000000
vn -98.480775 17.364818 0.000000
vn -93.969262 34.202014 0.000000
vn -86.602540 50.000000 0.000000
vn -76.604444 64.278761 0.000000
vn -64.278761 76.604444 0.000000
vn -50.000000 86.602540 0.000000
vn -34.202014 93.969262 0.000000
vn -17.364818 98.480775 0.000000
vn 0.000000 92.387953 -38.268343
vn -16.043000 90.984373 -38.268343
vn -31.598541 86.816278 -38.268343
vn -46.193977 80.010315 -38.268343
vn -59.385832 70.773278 -38.268343
vn -70.773278 59.385832 -38.268343
vn -80.010315 46.193977 -38.268343
vn -86.816278 31.598541 -38.268343
vn -90.984373 16.043000 -38.268343
vn -92.387953 0.000000 -38.268343
vn -69.636424 12.278780 -70.710678
vn -70.710678 0.000000 -70.710678
vn -37.686961 6.645228 -92.387953
vn -38.268343 0.000000 -92.387953
vn -0.000000 -0.000000 -100.000000
vn -0.000000 -0.000000 -100.000000
vn -35.960480 13.088544 -92.387953
vn -0.000000 -0.000000 -100.000000
vn -33.141357 19.134172 -92.387953
vn -0.000000 0.000000 -100.000000
vn -29.315252 24.598417 -92.387953
vn -0.000000 0.000000 -100.000000
vn -24.598417 29.315252 -92.387953
vn -0.000000 -0.000000 -100.000000
vn -19.134172 33.141357 -92.387953
vn -0.000000 0.000000 -100.000000
vn -13.088544 35.960480 -92.387953
vn -0.000000 -0.000000 -100.000000
vn -6.645228 37.686961 -92.387953
vn -0.000000 0.000000 -100.000000
vn 0.000000 38.268343 -92.387953
vn -12.278780 69.636424 -70.710678
vn 0.000000 70.710678 -70.710678
vn -24.184476 66.446302 -70.710678
vn -35.355339 61.237244 -70.710678
vn -45.451948 54.167522 -70.710678
vn -54.167522 45.451948 -70.710678
vn -61.237244 35.355339 -70.710678
vn -66.446302 24.184476 -70.710678
vn 0.000000 38.268343 -92.387953
vn 0.000000 38.268343 -92.387953
vn -0.000000 0.000000 -100.000000
vn 0.000000 38.268343 -92.387953
vn 0.000000 70.710678 -70.710678
vn 0.000000 70.710678 -70.710678
vn 0.000000 92.387953 -38.268343
vn 0.000000 92.387953 -38.268343
vn 0.000000 92.387953 -38.268343
vn 0.000000 70.710678 -70.710678
vn -0.000000 -0.000000 -100.000000
vn -0.000000 -0.000000 -100.000000
vn -0.000000 -0.000000 -100.000000
vn -0.000000 -0.000000 -100.000000
vn -0.000000 -0.000000 -100.000000
vn -0.000000 -0.000000 -100.000000
vn -0.000000 -0.000000 -100.000000
vn -0.000000 -0.000000 -100.000000
vn -0.000000 -0.000000 -100.000000
vn -0.000000 -0.000000 -100.000000
vn -0.000000 -0.000000 -100.000000
vn -0.000000 -0.000000 -100.000000
vn -0.000000 -0.000000 -100.000000
vn -0.000000 -0.000000 -100.000000
vn -0.000000 -0.000000 -100.000000
vn -0.000000 -0.000000 -100.000000
vn -0.000000 -0.000000 -100.000000
vn -0.000000 -0.000000 -100.000000
vn -0.000000 -0.000000 -100.000000
vn -0.000000 -0.000000 -100.000000
vn -0.000000 -0.000000 -100.000000
vn -0.000000 -0.000000 -100.000000
vn -0.000000 -0.000000 -100.000000
vn -0.000000 -0.000000 -100.000000
vn -0.000000 -0.000000 -100.000000
vn -0.000000 -0.000000 -100.000000
vn -0.000000 -0.000000 -100.000000
vn -0.000000 -0.000000 -100.000000
vn -0.000000 -0.000000 -100.000000
vn -0.000000 -0.000000 -100.000000
vn -0.000000 -0.000000 -100.000000
vn -0.000000 -0.000000 -100.000000
vn -0.000000 -0.000000 -100.000000
vn -0.000000 -0.000000 -100.000000
vn 92.387953 -0.000000 -38.268343
vn 90.984373 16.043000 -38.268343
vn 86.816278 31.598541 -38.268343
vn 80.010315 46.193977 -38.268343
vn 70.773278 59.385832 -38.268343
vn 59.385832 70.773278 -38.268343
vn 46.193977 80.010315 -38.268343
vn 31.598541 86.816278 -38.268343
vn 16.043000 90.984373 -38.268343
vn 12.278780 69.636424 -70.710678
vn 6.645228 37.686961 -92.387953
vn 13.088544 35.960480 -92.387953
vn 19.134172 33.141357 -92.387953
vn 24.598417 29.315252 -92.387953
vn 29.315252 24.598417 -92.387953
vn 33.141357 19.134172 -92.387953
vn 35.960480 13.088544 -92.387953
vn 37.686961 6.645228 -92.387953
vn 38.268343 -0.000000 -92.387953
vn 69.636424 12.278780 -70.710678
vn 70.710678 -0.000000 -70.710678
vn 66.446302 24.184476 -70.710678
vn 61.237244 35.355339 -70.710678
vn 54.167522 45.451948 -70.710678
vn 45.451948 54.167522 -70.710678
vn 35.355339 61.237244 -70.710678
vn 24.184476 66.446302 -70.710678
vn 38.268343 -0.000000 -92.387953
vn 38.268343 -0.000000 -92.387953
vn 38.268343 -0.000000 -92.387953
vn 70.710678 -0.000000 -70.710678
vn 70.710678 -0.000000 -70.710678
vn 92.387953 -0.000000 -38.268343
vn 92.387953 -0.000000 -38.268343
vn 92.387953 -0.000000 -38.268343
vn 92.387953 -0.000000 -38.268343
vn 92.387953 -0.000000 -38.268343
vn 70.710678 -0.000000 -70.710678
vn 70.710678 -0.000000 -70.710678
vn 38.268343 -0.000000 -92.387953
vn 38.268343 -0.000000 -92.387953
vn 70.710678 -0.000000 -70.710678
vn -92.387953 0.000000 -38.268343
vn -70.710678 0.000000 -70.710678
vn -38.268343 0.000000 -92.387953
vn -38.268343 0.000000 -92.387953
vn -38.268343 0.000000 -92.387953
vn -38.268343 0.000000 -92.387953
vn -70.710678 0.000000 -70.710678
vn -70.710678 0.000000 -70.710678
vn -92.387953 0.000000 -38.268343
vn -92.387953 0.000000 -38.268343
vn -100.000000 0.000000 0.000000
vn -92.387953 0.000000 -38.268343
vn -70.710678 0.000000 -70.710678
vn -38.268343 0.000000 -92.387953
vn -92.387953 0.000000 -38.268343
vn -70.710678 0.000000 -70.710678
vn -0.000000 -38.268343 -92.387953
vn -4.995021 -37.940952 -92.387953
vn -9.904576 -36.964381 -92.387953
vn -14.644661 -35.355339 -92.387953
vn -19.134172 -33.141357 -92.387953
vn -23.296291 -30.360318 -92.387953
vn -27.059805 -27.059805 -92.387953
vn -30.360318 -23.296291 -92.387953
vn -33.141357 -19.134172 -92.387953
vn -35.355339 -14.644661 -92.387953
vn -36.964381 -9.904576 -92.387953
vn -37.940952 -4.995021 -92.387953
vn -70.105738 -9.229596 -70.710678
vn -91.597562 -12.059048 -38.268343
vn -99.144486 -13.052619 0.000000
vn -0.000000 -70.710678 -70.710678
vn -9.229596 -70.105738 -70.710678
vn -18.301270 -68.301270 -70.710678
vn -27.059805 -65.328148 -70.710678
vn -35.355339 -61.237244 -70.710678
vn -43.045933 -56.098553 -70.710678
vn -50.000000 -50.000000 -70.710678
vn -56.098553 -43.045933 -70.710678
vn -61.237244 -35.355339 -70.710678
vn -65.328148 -27.059805 -70.710678
vn -68.301270 -18.301270 -70.710678
vn -0.000000 -92.387953 -38.268343
vn -12.059048 -91.597562 -38.268343
vn -23.911762 -89.239910 -38.268343
vn -35.355339 -85.355339 -38.268343
vn -46.193977 -80.010315 -38.268343
vn -56.242222 -73.296291 -38.268343
vn -65.328148 -65.328148 -38.268343
vn -73.296291 -56.242222 -38.268343
vn -80.010315 -46.193977 -38.268343
vn -85.355339 -35.355339 -38.268343
vn -89.239910 -23.911762 -38.268343
vn -0.000000 -100.000000 -0.000000
vn -13.052619 -99.144486 0.000000
vn -25.881905 -96.592583 0.000000
vn -38.268343 -92.387953 0.000000
vn -50.000000 -86.602540 0.000000
vn -60.876143 -79.335334 0.000000
vn -70.710678 -70.710678 0.000000
vn -79.335334 -60.876143 0.000000
vn -86.602540 -50.000000 0.000000
vn -92.387953 -38.268343 0.000000
vn -96.592583 -25.881905 0.000000
vn -0.000000 -38.268343 -92.387953
vn -0.000000 -38.268343 -92.387953
vn -0.000000 -70.710678 -70.710678
vn -0.000000 -70.710678 -70.710678
vn -0.000000 -92.387953 -38.268343
vn -0.000000 -92.387953 -38.268343
vn -0.000000 -100.000000 0.000000
vn 37.940952 -4.995021 -92.387953
vn 36.964381 -9.904576 -92.387953
vn 35.355339 -14.644661 -92.387953
vn 33.141357 -19.134172 -92.387953
vn 30.360318 -23.296291 -92.387953
vn 27.059805 -27.059805 -92.387953
vn 23.296291 -30.360318 -92.387953
vn 19.134172 -33.141357 -92.387953
vn 14.644661 -35.355339 -92.387953
vn 9.904576 -36.964381 -92.387953
vn 4.995021 -37.940952 -92.387953
vn 9.229596 -70.105738 -70.710678
vn 12.059048 -91.597562 -38.268343
vn 13.052619 -99.144486 0.000000
vn 70.105738 -9.229596 -70.710678
vn 68.301270 -18.301270 -70.710678
vn 65.328148 -27.059805 -70.710678
vn 61.237244 -35.355339 -70.710678
vn 56.098553 -43.045933 -70.710678
vn 50.000000 -50.000000 -70.710678
vn 43.045933 -56.098553 -70.710678
vn 35.355339 -61.237244 -70.710678
vn 27.059805 -65.328148 -70.710678
vn 18.301270 -68.301270 -70.710678
vn 91.597562 -12.059048 -38.268343
vn 89.239910 -23.911762 -38.268343
vn 85.355339 -35.355339 -38.268343
vn 80.010315 -46.193977 -38.268343
vn 73.296291 -56.242222 -38.268343
vn 65.328148 -65.328148 -38.268343
vn 56.242222 -73.296291 -38.268343
vn 46.193977 -80.010315 -38.268343
vn 35.355339 -85.355339 -38.268343
vn 23.911762 -89.239910 -38.268343
vn 99.144486 -13.052619 -0.000000
vn 96.592583 -25.881905 -0.000000
vn 92.387953 -38.268343 -0.000000
vn 86.602540 -50.000000 -0.000000
vn 79.335334 -60.876143 -0.000000
vn 70.710678 -70.710678 -0.000000
vn 60.876143 -79.335334 -0.000000
vn 50.000000 -86.602540 -0.000000
vn 38.268343 -92.387953 -0.000000
vn 25.881905 -96.592583 -0.000000
usemtl Paint_-_Metal_Flake_(Black)
f 208/397/393 189/398/394 207/399/395
f 207/399/395 189/398/394 190/400/396
f 207/399/395 190/400/396 206/401/397
f 206/401/397 190/400/396 191/402/398
f 206/401/397 191/402/398 205/403/399
f 205/403/399 191/402/398 192/404/400
f 205/403/399 192/404/400 204/405/401
f 204/405/401 192/404/400 193/406/402
f 204/405/401 193/406/402 203/407/403
f 203/407/403 193/406/402 194/408/404
f 203/407/403 194/408/404 202/409/405
f 202/409/405 194/408/404 195/410/406
f 202/409/405 195/410/406 201/411/407
f 201/411/407 195/410/406 196/412/408
f 201/411/407 196/412/408 200/413/409
f 200/413/409 196/412/408 197/414/410
f 200/413/409 197/414/410 199/415/411
f 199/415/411 197/414/410 198/416/412
f 227/417/413 209/418/414 226/419/415
f 226/419/415 209/418/414 210/420/416
f 226/419/415 210/420/416 225/421/417
f 225/421/417 210/420/416 211/422/418
f 225/421/417 211/422/418 224/423/419
f 224/423/419 211/422/418 212/424/420
f 224/423/419 212/424/420 223/425/421
f 223/425/421 212/424/420 213/426/422
f 223/425/421 213/426/422 222/427/423
f 222/427/423 213/426/422 214/428/424
f 222/427/423 214/428/424 221/429/425
f 221/429/425 214/428/424 215/430/426
f 221/429/425 215/430/426 220/431/427
f 220/431/427 215/430/426 216/432/428
f 220/431/427 216/432/428 219/433/429
f 219/433/429 216/432/428 217/434/430
f 219/433/429 217/434/430 218/435/431
f 218/435/431 217/434/430 199/436/411
f 228/437/432 229/438/433 243/439/434
f 243/439/434 229/438/433 251/440/435
f 243/439/434 251/440/435 242/441/436
f 242/441/436 251/440/435 259/442/437
f 242/441/436 259/442/437 241/443/438
f 241/443/438 259/442/437 267/444/439
f 241/443/438 267/444/439 240/445/440
f 240/445/440 267/444/439 219/446/429
f 240/445/440 219/446/429 218/447/431
f 229/438/433 230/448/441 251/440/435
f 251/440/435 230/448/441 250/449/442
f 251/440/435 250/449/442 259/442/437
f 259/442/437 250/449/442 258/450/443
f 259/442/437 258/450/443 267/444/439
f 267/444/439 258/450/443 266/451/444
f 267/444/439 266/451/444 219/446/429
f 219/446/429 266/451/444 220/452/427
f 220/452/427 266/451/444 265/453/445
f 220/452/427 265/453/445 221/454/425
f 221/454/425 265/453/445 264/455/446
f 221/454/425 264/455/446 222/456/423
f 222/456/423 264/455/446 263/457/447
f 222/456/423 263/457/447 223/458/421
f 223/458/421 263/457/447 262/459/448
f 223/458/421 262/459/448 224/460/419
f 224/460/419 262/459/448 261/461/449
f 224/460/419 261/461/449 225/462/417
f 225/462/417 261/461/449 260/463/450
f 225/462/417 260/463/450 226/464/415
f 226/464/415 260/463/450 227/465/413
f 227/465/413 260/463/450 239/466/451
f 239/466/451 260/463/450 252/467/452
f 239/466/451 252/467/452 238/468/453
f 238/468/453 252/467/452 244/469/454
f 238/468/453 244/469/454 237/470/455
f 237/470/455 244/469/454 236/471/456
f 236/471/456 244/469/454 245/472/457
f 236/471/456 245/472/457 235/473/458
f 235/473/458 245/472/457 246/474/459
f 235/473/458 246/474/459 234/475/460
f 234/475/460 246/474/459 247/476/461
f 234/475/460 247/476/461 233/477/462
f 233/477/462 247/476/461 248/478/463
f 233/477/462 248/478/463 232/479/464
f 232/479/464 248/478/463 249/480/465
f 232/479/464 249/480/465 231/481/466
f 231/481/466 249/480/465 250/449/442
f 231/481/466 250/449/442 230/448/441
f 245/472/457 244/469/454 253/482/467
f 253/482/467 244/469/454 252/467/452
f 253/482/467 252/467/452 261/461/449
f 261/461/449 252/467/452 260/463/450
f 246/474/459 245/472/457 254/483/468
f 254/483/468 245/472/457 253/482/467
f 254/483/468 253/482/467 262/459/448
f 262/459/448 253/482/467 261/461/449
f 247/476/461 246/474/459 255/484/469
f 255/484/469 246/474/459 254/483/468
f 255/484/469 254/483/468 263/457/447
f 263/457/447 254/483/468 262/459/448
f 248/478/463 247/476/461 256/485/470
f 256/485/470 247/476/461 255/484/469
f 256/485/470 255/484/469 264/455/446
f 264/455/446 255/484/469 263/457/447
f 258/450/443 250/449/442 249/480/465
f 249/480/465 248/478/463 257/486/471
f 257/486/471 248/478/463 256/485/470
f 257/486/471 256/485/470 265/453/445
f 265/453/445 256/485/470 264/455/446
f 266/451/444 258/450/443 257/486/471
f 257/486/471 258/450/443 249/480/465
f 266/451/444 257/486/471 265/453/445
f 300/487/472 268/488/473 311/489/474
f 311/489/474 268/488/473 269/490/475
f 311/489/474 269/490/475 270/491/476
f 311/489/474 270/491/476 310/492/477
f 310/492/477 270/491/476 271/493/478
f 310/492/477 271/493/478 309/494/479
f 309/494/479 271/493/478 272/495/480
f 309/494/479 272/495/480 308/496/481
f 308/496/481 272/495/480 273/497/482
f 308/496/481 273/497/482 307/498/483
f 307/498/483 273/497/482 274/499/484
f 307/498/483 274/499/484 306/500/485
f 306/500/485 274/499/484 275/501/486
f 306/500/485 275/501/486 305/502/487
f 305/502/487 275/501/486 276/503/488
f 305/502/487 276/503/488 304/504/489
f 304/504/489 276/503/488 277/505/490
f 304/504/489 277/505/490 278/506/491
f 304/504/489 278/506/491 312/507/492
f 312/507/492 278/506/491 279/508/493
f 312/507/492 279/508/493 320/509/494
f 320/509/494 279/508/493 280/510/495
f 320/509/494 280/510/495 328/511/496
f 328/511/496 280/510/495 281/512/497
f 328/511/496 281/512/497 335/513/498
f 335/513/498 281/512/497 282/514/499
f 335/513/498 282/514/499 343/515/500
f 343/515/500 282/514/499 283/516/501
f 343/515/500 283/516/501 351/517/502
f 351/517/502 283/516/501 284/518/503
f 351/517/502 284/518/503 359/519/504
f 359/519/504 284/518/503 285/520/505
f 359/519/504 285/520/505 366/521/506
f 366/521/506 285/520/505 286/522/507
f 366/521/506 286/522/507 374/523/508
f 374/523/508 286/522/507 287/524/509
f 374/523/508 287/524/509 382/525/510
f 382/525/510 287/524/509 288/526/511
f 382/525/510 288/526/511 390/527/512
f 390/527/512 288/526/511 289/528/513
f 390/527/512 289/528/513 397/529/514
f 397/529/514 289/528/513 290/530/515
f 397/529/514 290/530/515 405/531/516
f 405/531/516 290/530/515 237/532/455
f 405/531/516 237/532/455 236/533/456
f 236/533/456 235/534/458 405/531/516
f 405/531/516 235/534/458 406/535/517
f 405/531/516 406/535/517 397/529/514
f 397/529/514 406/535/517 398/536/518
f 397/529/514 398/536/518 390/527/512
f 390/527/512 398/536/518 391/537/519
f 390/527/512 391/537/519 382/525/510
f 382/525/510 391/537/519 383/538/520
f 382/525/510 383/538/520 374/523/508
f 374/523/508 383/538/520 375/539/521
f 374/523/508 375/539/521 366/521/506
f 366/521/506 375/539/521 367/540/522
f 366/521/506 367/540/522 359/519/504
f 359/519/504 367/540/522 360/541/523
f 359/519/504 360/541/523 351/517/502
f 351/517/502 360/541/523 352/542/524
f 351/517/502 352/542/524 343/515/500
f 343/515/500 352/542/524 344/543/525
f 343/515/500 344/543/525 335/513/498
f 335/513/498 344/543/525 336/544/526
f 335/513/498 336/544/526 328/511/496
f 328/511/496 336/544/526 329/545/527
f 328/511/496 329/545/527 320/509/494
f 320/509/494 329/545/527 321/546/528
f 320/509/494 321/546/528 312/507/492
f 312/507/492 321/546/528 313/547/529
f 312/507/492 313/547/529 304/504/489
f 304/504/489 313/547/529 305/502/487
f 235/534/458 234/548/460 406/535/517
f 406/535/517 234/548/460 407/549/530
f 406/535/517 407/549/530 398/536/518
f 398/536/518 407/549/530 399/550/531
f 398/536/518 399/550/531 391/537/519
f 391/537/519 399/550/531 392/551/532
f 391/537/519 392/551/532 383/538/520
f 383/538/520 392/551/532 384/552/533
f 383/538/520 384/552/533 375/539/521
f 375/539/521 384/552/533 376/553/534
f 375/539/521 376/553/534 367/540/522
f 367/540/522 376/553/534 368/554/535
f 367/540/522 368/554/535 360/541/523
f 360/541/523 368/554/535 361/555/536
f 360/541/523 361/555/536 352/542/524
f 352/542/524 361/555/536 353/556/537
f 352/542/524 353/556/537 344/543/525
f 344/543/525 353/556/537 345/557/538
f 344/543/525 345/557/538 336/544/526
f 336/544/526 345/557/538 337/558/539
f 336/544/526 337/558/539 329/545/527
f 329/545/527 337/558/539 330/559/540
f 329/545/527 330/559/540 321/546/528
f 321/546/528 330/559/540 322/560/541
f 321/546/528 322/560/541 313/547/529
f 313/547/529 322/560/541 314/561/542
f 313/547/529 314/561/542 305/502/487
f 305/502/487 314/561/542 306/500/485
f 234/548/460 233/562/462 407/549/530
f 407/549/530 233/562/462 408/563/543
f 407/549/530 408/563/543 399/550/531
f 399/550/531 408/563/543 400/564/544
f 399/550/531 400/564/544 392/551/532
f 392/551/532 400/564/544 393/565/545
f 392/551/532 393/565/545 384/552/533
f 384/552/533 393/565/545 385/566/546
f 384/552/533 385/566/546 376/553/534
f 376/553/534 385/566/546 377/567/547
f 376/553/534 377/567/547 368/554/535
f 368/554/535 377/567/547 369/568/548
f 368/554/535 369/568/548 361/555/536
f 361/555/536 369/568/548 362/569/549
f 361/555/536 362/569/549 353/556/537
f 353/556/537 362/569/549 354/570/550
f 353/556/537 354/570/550 345/557/538
f 345/557/538 354/570/550 346/571/551
f 345/557/538 346/571/551 337/558/539
f 337/558/539 346/571/551 338/572/552
f 337/558/539 338/572/552 330/559/540
f 330/559/540 338/572/552 331/573/553
f 330/559/540 331/573/553 322/560/541
f 322/560/541 331/573/553 323/574/554
f 322/560/541 323/574/554 314/561/542
f 314/561/542 323/574/554 315/575/555
f 314/561/542 315/575/555 306/500/485
f 306/500/485 315/575/555 307/498/483
f 233/562/462 232/576/464 408/563/543
f 408/563/543 232/576/464 409/577/556
f 408/563/543 409/577/556 400/564/544
f 400/564/544 409/577/556 401/578/557
f 400/564/544 401/578/557 393/565/545
f 393/565/545 401/578/557 394/579/558
f 393/565/545 394/579/558 385/566/546
f 385/566/546 394/579/558 386/580/559
f 385/566/546 386/580/559 377/567/547
f 377/567/547 386/580/559 378/581/560
f 377/567/547 378/581/560 369/568/548
f 369/568/548 378/581/560 370/582/561
f 369/568/548 370/582/561 362/569/549
f 362/569/549 370/582/561 363/583/562
f 362/569/549 363/583/562 354/570/550
f 354/570/550 363/583/562 355/584/563
f 354/570/550 355/584/563 346/571/551
f 346/571/551 355/584/563 347/585/564
f 346/571/551 347/585/564 338/572/552
f 338/572/552 347/585/564 339/586/565
f 338/572/552 339/586/565 331/573/553
f 331/573/553 339/586/565 332/587/566
f 331/573/553 332/587/566 323/574/554
f 323/574/554 332/587/566 324/588/567
f 323/574/554 324/588/567 315/575/555
f 315/575/555 324/588/567 316/589/568
f 315/575/555 316/589/568 307/498/483
f 307/498/483 316/589/568 308/496/481
f 232/576/464 231/590/466 409/577/556
f 409/577/556 231/590/466 410/591/569
f 409/577/556 410/591/569 401/578/557
f 401/578/557 410/591/569 402/592/570
f 401/578/557 402/592/570 394/579/558
f 394/579/558 402/592/570 395/593/571
f 394/579/558 395/593/571 386/580/559
f 386/580/559 395/593/571 387/594/572
f 386/580/559 387/594/572 378/581/560
f 378/581/560 387/594/572 379/595/573
f 378/581/560 379/595/573 370/582/561
f 370/582/561 379/595/573 371/596/574
f 370/582/561 371/596/574 363/583/562
f 363/583/562 371/596/574 364/597/575
f 363/583/562 364/597/575 355/584/563
f 355/584/563 364/597/575 356/598/576
f 355/584/563 356/598/576 347/585/564
f 347/585/564 356/598/576 348/599/577
f 347/585/564 348/599/577 339/586/565
f 339/586/565 348/599/577 340/600/578
f 339/586/565 340/600/578 332/587/566
f 332/587/566 340/600/578 333/601/579
f 332/587/566 333/601/579 324/588/567
f 324/588/567 333/601/579 325/602/580
f 324/588/567 325/602/580 316/589/568
f 316/589/568 325/602/580 317/603/581
f 316/589/568 317/603/581 308/496/481
f 308/496/481 317/603/581 309/494/479
f 231/590/466 230/604/441 410/591/569
f 410/591/569 230/604/441 411/605/582
f 410/591/569 411/605/582 402/592/570
f 402/592/570 411/605/582 403/606/583
f 402/592/570 403/606/583 395/593/571
f 395/593/571 403/606/583 396/607/584
f 395/593/571 396/607/584 387/594/572
f 387/594/572 396/607/584 388/608/585
f 387/594/572 388/608/585 379/595/573
f 379/595/573 388/608/585 380/609/586
f 379/595/573 380/609/586 371/596/574
f 371/596/574 380/609/586 372/610/587
f 371/596/574 372/610/587 364/597/575
f 364/597/575 372/610/587 365/611/588
f 364/597/575 365/611/588 356/598/576
f 356/598/576 365/611/588 357/612/589
f 356/598/576 357/612/589 348/599/577
f 348/599/577 357/612/589 349/613/590
f 348/599/577 349/613/590 340/600/578
f 340/600/578 349/613/590 341/614/591
f 340/600/578 341/614/591 333/601/579
f 333/601/579 341/614/591 334/615/592
f 333/601/579 334/615/592 325/602/580
f 325/602/580 334/615/592 326/616/593
f 325/602/580 326/616/593 317/603/581
f 317/603/581 326/616/593 318/617/594
f 317/603/581 318/617/594 309/494/479
f 309/494/479 318/617/594 310/492/477
f 230/604/441 229/618/433 411/605/582
f 411/605/582 229/618/433 412/619/595
f 411/605/582 412/619/595 403/606/583
f 403/606/583 412/619/595 404/620/596
f 403/606/583 404/620/596 396/607/584
f 396/607/584 404/620/596 303/621/597
f 396/607/584 303/621/597 388/608/585
f 388/608/585 303/621/597 389/622/598
f 388/608/585 389/622/598 380/609/586
f 380/609/586 389/622/598 381/623/599
f 380/609/586 381/623/599 372/610/587
f 372/610/587 381/623/599 373/624/600
f 372/610/587 373/624/600 365/611/588
f 365/611/588 373/624/600 302/625/601
f 365/611/588 302/625/601 357/612/589
f 357/612/589 302/625/601 358/626/602
f 357/612/589 358/626/602 349/613/590
f 349/613/590 358/626/602 350/627/603
f 349/613/590 350/627/603 341/614/591
f 341/614/591 350/627/603 342/628/604
f 341/614/591 342/628/604 334/615/592
f 334/615/592 342/628/604 301/629/605
f 334/615/592 301/629/605 326/616/593
f 326/616/593 301/629/605 327/630/606
f 326/616/593 327/630/606 318/617/594
f 318/617/594 327/630/606 319/631/607
f 318/617/594 319/631/607 310/492/477
f 310/492/477 319/631/607 311/489/474
f 229/618/433 228/632/432 412/619/595
f 412/619/595 228/632/432 291/633/608
f 412/619/595 291/633/608 404/620/596
f 404/620/596 291/633/608 292/634/609
f 404/620/596 292/634/609 303/621/597
f 303/621/597 292/634/609 293/635/610
f 303/621/597 293/635/610 389/622/598
f 389/622/598 293/635/610 381/623/599
f 293/635/610 294/636/611 381/623/599
f 381/623/599 294/636/611 373/624/600
f 294/636/611 295/637/612 373/624/600
f 373/624/600 295/637/612 302/625/601
f 295/637/612 296/638/613 302/625/601
f 302/625/601 296/638/613 358/626/602
f 358/626/602 296/638/613 350/627/603
f 350/627/603 296/638/613 297/639/614
f 350/627/603 297/639/614 342/628/604
f 342/628/604 297/639/614 298/640/615
f 342/628/604 298/640/615 301/629/605
f 301/629/605 298/640/615 299/641/616
f 301/629/605 299/641/616 327/630/606
f 327/630/606 299/641/616 319/631/607
f 299/641/616 300/487/472 319/631/607
f 319/631/607 300/487/472 311/489/474
f 413/642/617 414/643/618 428/644/619
f 428/644/619 414/643/618 436/645/620
f 428/644/619 436/645/620 427/646/621
f 427/646/621 436/645/620 444/647/622
f 427/646/621 444/647/622 426/648/623
f 426/648/623 444/647/622 452/649/624
f 426/648/623 452/649/624 425/650/625
f 425/650/625 452/649/624 269/651/475
f 425/650/625 269/651/475 268/652/473
f 414/643/618 415/653/626 436/645/620
f 436/645/620 415/653/626 435/654/627
f 436/645/620 435/654/627 444/647/622
f 444/647/622 435/654/627 443/655/628
f 444/647/622 443/655/628 452/649/624
f 452/649/624 443/655/628 451/656/629
f 452/649/624 451/656/629 269/651/475
f 269/651/475 451/656/629 270/657/476
f 270/657/476 451/656/629 450/658/630
f 270/657/476 450/658/630 271/659/478
f 271/659/478 450/658/630 449/660/631
f 271/659/478 449/660/631 272/661/480
f 272/661/480 449/660/631 448/662/632
f 272/661/480 448/662/632 273/663/482
f 273/663/482 448/662/632 447/664/633
f 273/663/482 447/664/633 274/665/484
f 274/665/484 447/664/633 446/666/634
f 274/665/484 446/666/634 275/667/486
f 275/667/486 446/666/634 445/668/635
f 275/667/486 445/668/635 276/669/488
f 276/669/488 445/668/635 277/670/490
f 277/670/490 445/668/635 424/671/636
f 424/671/636 445/668/635 437/672/637
f 424/671/636 437/672/637 423/673/638
f 423/673/638 437/672/637 429/674/639
f 423/673/638 429/674/639 422/675/640
f 422/675/640 429/674/639 421/676/641
f 421/676/641 429/674/639 430/677/642
f 421/676/641 430/677/642 420/678/643
f 420/678/643 430/677/642 431/679/644
f 420/678/643 431/679/644 419/680/645
f 419/680/645 431/679/644 432/681/646
f 419/680/645 432/681/646 418/682/647
f 418/682/647 432/681/646 433/683/648
f 418/682/647 433/683/648 417/684/649
f 417/684/649 433/683/648 434/685/650
f 417/684/649 434/685/650 416/686/651
f 416/686/651 434/685/650 435/654/627
f 416/686/651 435/654/627 415/653/626
f 430/677/642 429/674/639 438/687/652
f 438/687/652 429/674/639 437/672/637
f 438/687/652 437/672/637 446/666/634
f 446/666/634 437/672/637 445/668/635
f 431/679/644 430/677/642 439/688/653
f 439/688/653 430/677/642 438/687/652
f 439/688/653 438/687/652 447/664/633
f 447/664/633 438/687/652 446/666/634
f 432/681/646 431/679/644 440/689/654
f 440/689/654 431/679/644 439/688/653
f 440/689/654 439/688/653 448/662/632
f 448/662/632 439/688/653 447/664/633
f 433/683/648 432/681/646 441/690/655
f 441/690/655 432/681/646 440/689/654
f 441/690/655 440/689/654 449/660/631
f 449/660/631 440/689/654 448/662/632
f 443/655/628 435/654/627 434/685/650
f 434/685/650 433/683/648 442/691/656
f 442/691/656 433/683/648 441/690/655
f 442/691/656 441/690/655 450/658/630
f 450/658/630 441/690/655 449/660/631
f 451/656/629 443/655/628 442/691/656
f 442/691/656 443/655/628 434/685/650
f 451/656/629 442/691/656 450/658/630
f 413/692/617 453/693/657 414/694/618
f 414/694/618 453/693/657 454/695/658
f 414/694/618 454/695/658 415/696/626
f 415/696/626 454/695/658 455/697/659
f 415/696/626 455/697/659 416/698/651
f 416/698/651 455/697/659 456/699/660
f 416/698/651 456/699/660 417/700/649
f 417/700/649 456/699/660 457/701/661
f 417/700/649 457/701/661 418/702/647
f 418/702/647 457/701/661 458/703/662
f 418/702/647 458/703/662 419/704/645
f 419/704/645 458/703/662 459/705/663
f 419/704/645 459/705/663 420/706/643
f 420/706/643 459/705/663 460/707/664
f 420/706/643 460/707/664 421/708/641
f 421/708/641 460/707/664 461/709/665
f 421/708/641 461/709/665 422/710/640
f 422/710/640 461/709/665 462/711/666
f 491/712/667 463/713/668 499/714/669
f 499/714/669 463/713/668 464/715/670
f 499/714/669 464/715/670 465/716/671
f 499/714/669 465/716/671 498/717/672
f 498/717/672 465/716/671 466/718/673
f 498/717/672 466/718/673 497/719/674
f 497/719/674 466/718/673 467/720/675
f 497/719/674 467/720/675 496/721/676
f 496/721/676 467/720/675 468/722/677
f 496/721/676 468/722/677 495/723/678
f 495/723/678 468/722/677 469/724/679
f 495/723/678 469/724/679 494/725/680
f 494/725/680 469/724/679 470/726/681
f 494/725/680 470/726/681 493/727/682
f 493/727/682 470/726/681 471/728/683
f 493/727/682 471/728/683 492/729/684
f 492/729/684 471/728/683 472/730/685
f 492/729/684 472/730/685 473/731/686
f 492/729/684 473/731/686 500/732/687
f 500/732/687 473/731/686 474/733/688
f 500/732/687 474/733/688 508/734/689
f 508/734/689 474/733/688 475/735/690
f 508/734/689 475/735/690 516/736/691
f 516/736/691 475/735/690 476/737/692
f 516/736/691 476/737/692 524/738/693
f 524/738/693 476/737/692 477/739/694
f 524/738/693 477/739/694 532/740/695
f 532/740/695 477/739/694 478/741/696
f 532/740/695 478/741/696 540/742/697
f 540/742/697 478/741/696 479/743/698
f 540/742/697 479/743/698 548/744/699
f 548/744/699 479/743/698 480/745/700
f 548/744/699 480/745/700 556/746/701
f 556/746/701 480/745/700 481/747/702
f 556/746/701 481/747/702 564/748/703
f 564/748/703 481/747/702 482/749/704
f 564/748/703 482/749/704 572/750/705
f 572/750/705 482/749/704 483/751/706
f 572/750/705 483/751/706 461/752/665
f 461/752/665 483/751/706 462/753/666
f 461/752/665 460/754/664 572/750/705
f 572/750/705 460/754/664 573/755/707
f 572/750/705 573/755/707 564/748/703
f 564/748/703 573/755/707 565/756/708
f 564/748/703 565/756/708 556/746/701
f 556/746/701 565/756/708 557/757/709
f 556/746/701 557/757/709 548/744/699
f 548/744/699 557/757/709 549/758/710
f 548/744/699 549/758/710 540/742/697
f 540/742/697 549/758/710 541/759/711
f 540/742/697 541/759/711 532/740/695
f 532/740/695 541/759/711 533/760/712
f 532/740/695 533/760/712 524/738/693
f 524/738/693 533/760/712 525/761/713
f 524/738/693 525/761/713 516/736/691
f 516/736/691 525/761/713 517/762/714
f 516/736/691 517/762/714 508/734/689
f 508/734/689 517/762/714 509/763/715
f 508/734/689 509/763/715 500/732/687
f 500/732/687 509/763/715 501/764/716
f 500/732/687 501/764/716 492/729/684
f 492/729/684 501/764/716 493/727/682
f 460/754/664 459/765/663 573/755/707
f 573/755/707 459/765/663 574/766/717
f 573/755/707 574/766/717 565/756/708
f 565/756/708 574/766/717 566/767/718
f 565/756/708 566/767/718 557/757/709
f 557/757/709 566/767/718 558/768/719
f 557/757/709 558/768/719 549/758/710
f 549/758/710 558/768/719 550/769/720
f 549/758/710 550/769/720 541/759/711
f 541/759/711 550/769/720 542/770/721
f 541/759/711 542/770/721 533/760/712
f 533/760/712 542/770/721 534/771/722
f 533/760/712 534/771/722 525/761/713
f 525/761/713 534/771/722 526/772/723
f 525/761/713 526/772/723 517/762/714
f 517/762/714 526/772/723 518/773/724
f 517/762/714 518/773/724 509/763/715
f 509/763/715 518/773/724 510/774/725
f 509/763/715 510/774/725 501/764/716
f 501/764/716 510/774/725 502/775/726
f 501/764/716 502/775/726 493/727/682
f 493/727/682 502/775/726 494/725/680
f 459/765/663 458/776/662 574/766/717
f 574/766/717 458/776/662 575/777/727
f 574/766/717 575/777/727 566/767/718
f 566/767/718 575/777/727 567/778/728
f 566/767/718 567/778/728 558/768/719
f 558/768/719 567/778/728 559/779/729
f 558/768/719 559/779/729 550/769/720
f 550/769/720 559/779/729 551/780/730
f 550/769/720 551/780/730 542/770/721
f 542/770/721 551/780/730 543/781/731
f 542/770/721 543/781/731 534/771/722
f 534/771/722 543/781/731 535/782/732
f 534/771/722 535/782/732 526/772/723
f 526/772/723 535/782/732 527/783/733
f 526/772/723 527/783/733 518/773/724
f 518/773/724 527/783/733 519/784/734
f 518/773/724 519/784/734 510/774/725
f 510/774/725 519/784/734 511/785/735
f 510/774/725 511/785/735 502/775/726
f 502/775/726 511/785/735 503/786/736
f 502/775/726 503/786/736 494/725/680
f 494/725/680 503/786/736 495/723/678
f 458/776/662 457/787/661 575/777/727
f 575/777/727 457/787/661 576/788/737
f 575/777/727 576/788/737 567/778/728
f 567/778/728 576/788/737 568/789/738
f 567/778/728 568/789/738 559/779/729
f 559/779/729 568/789/738 560/790/739
f 559/779/729 560/790/739 551/780/730
f 551/780/730 560/790/739 552/791/740
f 551/780/730 552/791/740 543/781/731
f 543/781/731 552/791/740 544/792/741
f 543/781/731 544/792/741 535/782/732
f 535/782/732 544/792/741 536/793/742
f 535/782/732 536/793/742 527/783/733
f 527/783/733 536/793/742 528/794/743
f 527/783/733 528/794/743 519/784/734
f 519/784/734 528/794/743 520/795/744
f 519/784/734 520/795/744 511/785/735
f 511/785/735 520/795/744 512/796/745
f 511/785/735 512/796/745 503/786/736
f 503/786/736 512/796/745 504/797/746
f 503/786/736 504/797/746 495/723/678
f 495/723/678 504/797/746 496/721/676
f 457/787/661 456/798/660 576/788/737
f 576/788/737 456/798/660 577/799/747
f 576/788/737 577/799/747 568/789/738
f 568/789/738 577/799/747 569/800/748
f 568/789/738 569/800/748 560/790/739
f 560/790/739 569/800/748 561/801/749
f 560/790/739 561/801/749 552/791/740
f 552/791/740 561/801/749 553/802/750
f 552/791/740 553/802/750 544/792/741
f 544/792/741 553/802/750 545/803/751
f 544/792/741 545/803/751 536/793/742
f 536/793/742 545/803/751 537/804/752
f 536/793/742 537/804/752 528/794/743
f 528/794/743 537/804/752 529/805/753
f 528/794/743 529/805/753 520/795/744
f 520/795/744 529/805/753 521/806/754
f 520/795/744 521/806/754 512/796/745
f 512/796/745 521/806/754 513/807/755
f 512/796/745 513/807/755 504/797/746
f 504/797/746 513/807/755 505/808/756
f 504/797/746 505/808/756 496/721/676
f 496/721/676 505/808/756 497/719/674
f 456/798/660 455/809/659 577/799/747
f 577/799/747 455/809/659 578/810/757
f 577/799/747 578/810/757 569/800/748
f 569/800/748 578/810/757 570/811/758
f 569/800/748 570/811/758 561/801/749
f 561/801/749 570/811/758 562/812/759
f 561/801/749 562/812/759 553/802/750
f 553/802/750 562/812/759 554/813/760
f 553/802/750 554/813/760 545/803/751
f 545/803/751 554/813/760 546/814/761
f 545/803/751 546/814/761 537/804/752
f 537/804/752 546/814/761 538/815/762
f 537/804/752 538/815/762 529/805/753
f 529/805/753 538/815/762 530/816/763
f 529/805/753 530/816/763 521/806/754
f 521/806/754 530/816/763 522/817/764
f 521/806/754 522/817/764 513/807/755
f 513/807/755 522/817/764 514/818/765
f 513/807/755 514/818/765 505/808/756
f 505/808/756 514/818/765 506/819/766
f 505/808/756 506/819/766 497/719/674
f 497/719/674 506/819/766 498/717/672
f 455/809/659 454/820/658 578/810/757
f 578/810/757 454/820/658 579/821/767
f 578/810/757 579/821/767 570/811/758
f 570/811/758 579/821/767 571/822/768
f 570/811/758 571/822/768 562/812/759
f 562/812/759 571/822/768 563/823/769
f 562/812/759 563/823/769 554/813/760
f 554/813/760 563/823/769 555/824/770
f 554/813/760 555/824/770 546/814/761
f 546/814/761 555/824/770 547/825/771
f 546/814/761 547/825/771 538/815/762
f 538/815/762 547/825/771 539/826/772
f 538/815/762 539/826/772 530/816/763
f 530/816/763 539/826/772 531/827/773
f 530/816/763 531/827/773 522/817/764
f 522/817/764 531/827/773 523/828/774
f 522/817/764 523/828/774 514/818/765
f 514/818/765 523/828/774 515/829/775
f 514/818/765 515/829/775 506/819/766
f 506/819/766 515/829/775 507/830/776
f 506/819/766 507/830/776 498/717/672
f 498/717/672 507/830/776 499/714/669
f 454/820/658 453/831/657 579/821/767
f 579/821/767 453/831/657 484/832/777
f 579/821/767 484/832/777 571/822/768
f 571/822/768 484/832/777 485/833/778
f 571/822/768 485/833/778 563/823/769
f 563/823/769 485/833/778 486/834/779
f 563/823/769 486/834/779 555/824/770
f 555/824/770 486/834/779 547/825/771
f 486/834/779 487/835/780 547/825/771
f 547/825/771 487/835/780 539/826/772
f 487/835/780 488/836/781 539/826/772
f 539/826/772 488/836/781 531/827/773
f 488/836/781 489/837/782 531/827/773
f 531/827/773 489/837/782 523/828/774
f 523/828/774 489/837/782 515/829/775
f 515/829/775 489/837/782 490/838/783
f 515/829/775 490/838/783 507/830/776
f 507/830/776 490/838/783 491/712/667
f 507/830/776 491/712/667 499/714/669
f 463/839/668 580/840/784 464/841/670
f 464/841/670 580/840/784 581/842/785
f 464/841/670 581/842/785 465/843/671
f 465/843/671 581/842/785 582/844/786
f 465/843/671 582/844/786 466/845/673
f 466/845/673 582/844/786 583/846/787
f 466/845/673 583/846/787 467/847/675
f 467/847/675 583/846/787 584/848/788
f 467/847/675 584/848/788 468/849/677
f 468/849/677 584/848/788 585/850/789
f 468/849/677 585/850/789 469/851/679
f 469/851/679 585/850/789 586/852/790
f 469/851/679 586/852/790 470/853/681
f 470/853/681 586/852/790 587/854/791
f 470/853/681 587/854/791 471/855/683
f 471/855/683 587/854/791 588/856/792
f 471/855/683 588/856/792 472/857/685
f 472/857/685 588/856/792 589/858/793
f 618/859/794 590/860/795 626/861/796
f 626/861/796 590/860/795 591/862/797
f 626/861/796 591/862/797 592/863/798
f 626/861/796 592/863/798 625/864/799
f 625/864/799 592/863/798 593/865/800
f 625/864/799 593/865/800 624/866/801
f 624/866/801 593/865/800 594/867/802
f 624/866/801 594/867/802 623/868/803
f 623/868/803 594/867/802 595/869/804
f 623/868/803 595/869/804 622/870/805
f 622/870/805 595/869/804 596/871/806
f 622/870/805 596/871/806 621/872/807
f 621/872/807 596/871/806 597/873/808
f 621/872/807 597/873/808 620/874/809
f 620/874/809 597/873/808 598/875/810
f 620/874/809 598/875/810 619/876/811
f 619/876/811 598/875/810 599/877/812
f 619/876/811 599/877/812 600/878/813
f 619/876/811 600/878/813 627/879/814
f 627/879/814 600/878/813 601/880/815
f 627/879/814 601/880/815 635/881/816
f 635/881/816 601/880/815 602/882/817
f 635/881/816 602/882/817 643/883/818
f 643/883/818 602/882/817 603/884/819
f 643/883/818 603/884/819 651/885/820
f 651/885/820 603/884/819 604/886/821
f 651/885/820 604/886/821 659/887/822
f 659/887/822 604/886/821 605/888/823
f 659/887/822 605/888/823 667/889/824
f 667/889/824 605/888/823 606/890/825
f 667/889/824 606/890/825 675/891/826
f 675/891/826 606/890/825 607/892/827
f 675/891/826 607/892/827 683/893/828
f 683/893/828 607/892/827 608/894/829
f 683/893/828 608/894/829 691/895/830
f 691/895/830 608/894/829 609/896/831
f 691/895/830 609/896/831 699/897/832
f 699/897/832 609/896/831 610/898/833
f 699/897/832 610/898/833 588/899/792
f 588/899/792 610/898/833 589/900/793
f 588/899/792 587/901/791 699/897/832
f 699/897/832 587/901/791 700/902/834
f 699/897/832 700/902/834 691/895/830
f 691/895/830 700/902/834 692/903/835
f 691/895/830 692/903/835 683/893/828
f 683/893/828 692/903/835 684/904/836
f 683/893/828 684/904/836 675/891/826
f 675/891/826 684/904/836 676/905/837
f 675/891/826 676/905/837 667/889/824
f 667/889/824 676/905/837 668/906/838
f 667/889/824 668/906/838 659/887/822
f 659/887/822 668/906/838 660/907/839
f 659/887/822 660/907/839 651/885/820
f 651/885/820 660/907/839 652/908/840
f 651/885/820 652/908/840 643/883/818
f 643/883/818 652/908/840 644/909/841
f 643/883/818 644/909/841 635/881/816
f 635/881/816 644/909/841 636/910/842
f 635/881/816 636/910/842 627/879/814
f 627/879/814 636/910/842 628/911/843
f 627/879/814 628/911/843 619/876/811
f 619/876/811 628/911/843 620/874/809
f 587/901/791 586/912/790 700/902/834
f 700/902/834 586/912/790 701/913/844
f 700/902/834 701/913/844 692/903/835
f 692/903/835 701/913/844 693/914/845
f 692/903/835 693/914/845 684/904/836
f 684/904/836 693/914/845 685/915/846
f 684/904/836 685/915/846 676/905/837
f 676/905/837 685/915/846 677/916/847
f 676/905/837 677/916/847 668/906/838
f 668/906/838 677/916/847 669/917/848
f 668/906/838 669/917/848 660/907/839
f 660/907/839 669/917/848 661/918/849
f 660/907/839 661/918/849 652/908/840
f 652/908/840 661/918/849 653/919/850
f 652/908/840 653/919/850 644/909/841
f 644/909/841 653/919/850 645/920/851
f 644/909/841 645/920/851 636/910/842
f 636/910/842 645/920/851 637/921/852
f 636/910/842 637/921/852 628/911/843
f 628/911/843 637/921/852 629/922/853
f 628/911/843 629/922/853 620/874/809
f 620/874/809 629/922/853 621/872/807
f 586/912/790 585/923/789 701/913/844
f 701/913/844 585/923/789 702/924/854
f 701/913/844 702/924/854 693/914/845
f 693/914/845 702/924/854 694/925/855
f 693/914/845 694/925/855 685/915/846
f 685/915/846 694/925/855 686/926/856
f 685/915/846 686/926/856 677/916/847
f 677/916/847 686/926/856 678/927/857
f 677/916/847 678/927/857 669/917/848
f 669/917/848 678/927/857 670/928/858
f 669/917/848 670/928/858 661/918/849
f 661/918/849 670/928/858 662/929/859
f 661/918/849 662/929/859 653/919/850
f 653/919/850 662/929/859 654/930/860
f 653/919/850 654/930/860 645/920/851
f 645/920/851 654/930/860 646/931/861
f 645/920/851 646/931/861 637/921/852
f 637/921/852 646/931/861 638/932/862
f 637/921/852 638/932/862 629/922/853
f 629/922/853 638/932/862 630/933/863
f 629/922/853 630/933/863 621/872/807
f 621/872/807 630/933/863 622/870/805
f 585/923/789 584/934/788 702/924/854
f 702/924/854 584/934/788 703/935/864
f 702/924/854 703/935/864 694/925/855
f 694/925/855 703/935/864 695/936/865
f 694/925/855 695/936/865 686/926/856
f 686/926/856 695/936/865 687/937/866
f 686/926/856 687/937/866 678/927/857
f 678/927/857 687/937/866 679/938/867
f 678/927/857 679/938/867 670/928/858
f 670/928/858 679/938/867 671/939/868
f 670/928/858 671/939/868 662/929/859
f 662/929/859 671/939/868 663/940/869
f 662/929/859 663/940/869 654/930/860
f 654/930/860 663/940/869 655/941/870
f 654/930/860 655/941/870 646/931/861
f 646/931/861 655/941/870 647/942/871
f 646/931/861 647/942/871 638/932/862
f 638/932/862 647/942/871 639/943/872
f 638/932/862 639/943/872 630/933/863
f 630/933/863 639/943/872 631/944/873
f 630/933/863 631/944/873 622/870/805
f 622/870/805 631/944/873 623/868/803
f 584/934/788 583/945/787 703/935/864
f 703/935/864 583/945/787 704/946/874
f 703/935/864 704/946/874 695/936/865
f 695/936/865 704/946/874 696/947/875
f 695/936/865 696/947/875 687/937/866
f 687/937/866 696/947/875 688/948/876
f 687/937/866 688/948/876 679/938/867
f 679/938/867 688/948/876 680/949/877
f 679/938/867 680/949/877 671/939/868
f 671/939/868 680/949/877 672/950/878
f 671/939/868 672/950/878 663/940/869
f 663/940/869 672/950/878 664/951/879
f 663/940/869 664/951/879 655/941/870
f 655/941/870 664/951/879 656/952/880
f 655/941/870 656/952/880 647/942/871
f 647/942/871 656/952/880 648/953/881
f 647/942/871 648/953/881 639/943/872
f 639/943/872 648/953/881 640/954/882
f 639/943/872 640/954/882 631/944/873
f 631/944/873 640/954/882 632/955/883
f 631/944/873 632/955/883 623/868/803
f 623/868/803 632/955/883 624/866/801
f 583/945/787 582/956/786 704/946/874
f 704/946/874 582/956/786 705/957/884
f 704/946/874 705/957/884 696/947/875
f 696/947/875 705/957/884 697/958/885
f 696/947/875 697/958/885 688/948/876
f 688/948/876 697/958/885 689/959/886
f 688/948/876 689/959/886 680/949/877
f 680/949/877 689/959/886 681/960/887
f 680/949/877 681/960/887 672/950/878
f 672/950/878 681/960/887 673/961/888
f 672/950/878 673/961/888 664/951/879
f 664/951/879 673/961/888 665/962/889
f 664/951/879 665/962/889 656/952/880
f 656/952/880 665/962/889 657/963/890
f 656/952/880 657/963/890 648/953/881
f 648/953/881 657/963/890 649/964/891
f 648/953/881 649/964/891 640/954/882
f 640/954/882 649/964/891 641/965/892
f 640/954/882 641/965/892 632/955/883
f 632/955/883 641/965/892 633/966/893
f 632/955/883 633/966/893 624/866/801
f 624/866/801 633/966/893 625/864/799
f 582/956/786 581/967/785 705/957/884
f 705/957/884 581/967/785 706/968/894
f 705/957/884 706/968/894 697/958/885
f 697/958/885 706/968/894 698/969/895
f 697/958/885 698/969/895 689/959/886
f 689/959/886 698/969/895 690/970/896
f 689/959/886 690/970/896 681/960/887
f 681/960/887 690/970/896 682/971/897
f 681/960/887 682/971/897 673/961/888
f 673/961/888 682/971/897 674/972/898
f 673/961/888 674/972/898 665/962/889
f 665/962/889 674/972/898 666/973/899
f 665/962/889 666/973/899 657/963/890
f 657/963/890 666/973/899 658/974/900
f 657/963/890 658/974/900 649/964/891
f 649/964/891 658/974/900 650/975/901
f 649/964/891 650/975/901 641/965/892
f 641/965/892 650/975/901 642/976/902
f 641/965/892 642/976/902 633/966/893
f 633/966/893 642/976/902 634/977/903
f 633/966/893 634/977/903 625/864/799
f 625/864/799 634/977/903 626/861/796
f 581/967/785 580/978/784 706/968/894
f 706/968/894 580/978/784 611/979/904
f 706/968/894 611/979/904 698/969/895
f 698/969/895 611/979/904 612/980/905
f 698/969/895 612/980/905 690/970/896
f 690/970/896 612/980/905 613/981/906
f 690/970/896 613/981/906 682/971/897
f 682/971/897 613/981/906 674/972/898
f 613/981/906 614/982/907 674/972/898
f 674/972/898 614/982/907 666/973/899
f 614/982/907 615/983/908 666/973/899
f 666/973/899 615/983/908 658/974/900
f 615/983/908 616/984/909 658/974/900
f 658/974/900 616/984/909 650/975/901
f 650/975/901 616/984/909 642/976/902
f 642/976/902 616/984/909 617/985/910
f 642/976/902 617/985/910 634/977/903
f 634/977/903 617/985/910 618/859/794
f 634/977/903 618/859/794 626/861/796
f 590/986/795 707/987/911 591/988/797
f 591/988/797 707/987/911 708/989/912
f 591/988/797 708/989/912 592/990/798
f 592/990/798 708/989/912 709/991/913
f 592/990/798 709/991/913 593/992/800
f 593/992/800 709/991/913 710/993/914
f 593/992/800 710/993/914 594/994/802
f 594/994/802 710/993/914 711/995/915
f 594/994/802 711/995/915 595/996/804
f 595/996/804 711/995/915 712/997/916
f 595/996/804 712/997/916 596/998/806
f 596/998/806 712/997/916 713/999/917
f 596/998/806 713/999/917 597/1000/808
f 597/1000/808 713/999/917 714/1001/918
f 597/1000/808 714/1001/918 598/1002/810
f 598/1002/810 714/1001/918 715/1003/919
f 598/1002/810 715/1003/919 599/1004/812
f 599/1004/812 715/1003/919 716/1005/920
f 717/1006/921 718/1007/922 732/1008/923
f 732/1008/923 718/1007/922 740/1009/924
f 732/1008/923 740/1009/924 731/1010/925
f 731/1010/925 740/1009/924 748/1011/926
f 731/1010/925 748/1011/926 730/1012/927
f 730/1012/927 748/1011/926 756/1013/928
f 730/1012/927 756/1013/928 729/1014/929
f 729/1014/929 756/1013/928 708/1015/912
f 729/1014/929 708/1015/912 707/1016/911
f 718/1007/922 719/1017/930 740/1009/924
f 740/1009/924 719/1017/930 739/1018/931
f 740/1009/924 739/1018/931 748/1011/926
f 748/1011/926 739/1018/931 747/1019/932
f 748/1011/926 747/1019/932 756/1013/928
f 756/1013/928 747/1019/932 755/1020/933
f 756/1013/928 755/1020/933 708/1015/912
f 708/1015/912 755/1020/933 709/1021/913
f 709/1021/913 755/1020/933 754/1022/934
f 709/1021/913 754/1022/934 710/1023/914
f 710/1023/914 754/1022/934 753/1024/935
f 710/1023/914 753/1024/935 711/1025/915
f 711/1025/915 753/1024/935 752/1026/936
f 711/1025/915 752/1026/936 712/1027/916
f 712/1027/916 752/1026/936 751/1028/937
f 712/1027/916 751/1028/937 713/1029/917
f 713/1029/917 751/1028/937 750/1030/938
f 713/1029/917 750/1030/938 714/1031/918
f 714/1031/918 750/1030/938 749/1032/939
f 714/1031/918 749/1032/939 715/1033/919
f 715/1033/919 749/1032/939 716/1034/920
f 716/1034/920 749/1032/939 728/1035/940
f 728/1035/940 749/1032/939 741/1036/941
f 728/1035/940 741/1036/941 727/1037/942
f 727/1037/942 741/1036/941 733/1038/943
f 727/1037/942 733/1038/943 726/1039/944
f 726/1039/944 733/1038/943 725/1040/945
f 725/1040/945 733/1038/943 734/1041/946
f 725/1040/945 734/1041/946 724/1042/947
f 724/1042/947 734/1041/946 735/1043/948
f 724/1042/947 735/1043/948 723/1044/949
f 723/1044/949 735/1043/948 736/1045/950
f 723/1044/949 736/1045/950 722/1046/951
f 722/1046/951 736/1045/950 737/1047/952
f 722/1046/951 737/1047/952 721/1048/953
f 721/1048/953 737/1047/952 738/1049/954
f 721/1048/953 738/1049/954 720/1050/955
f 720/1050/955 738/1049/954 739/1018/931
f 720/1050/955 739/1018/931 719/1017/930
f 734/1041/946 733/1038/943 742/1051/956
f 742/1051/956 733/1038/943 741/1036/941
f 742/1051/956 741/1036/941 750/1030/938
f 750/1030/938 741/1036/941 749/1032/939
f 735/1043/948 734/1041/946 743/1052/957
f 743/1052/957 734/1041/946 742/1051/956
f 743/1052/957 742/1051/956 751/1028/937
f 751/1028/937 742/1051/956 750/1030/938
f 736/1045/950 735/1043/948 744/1053/958
f 744/1053/958 735/1043/948 743/1052/957
f 744/1053/958 743/1052/957 752/1026/936
f 752/1026/936 743/1052/957 751/1028/937
f 737/1047/952 736/1045/950 745/1054/959
f 745/1054/959 736/1045/950 744/1053/958
f 745/1054/959 744/1053/958 753/1024/935
f 753/1024/935 744/1053/958 752/1026/936
f 747/1019/932 739/1018/931 738/1049/954
f 738/1049/954 737/1047/952 746/1055/960
f 746/1055/960 737/1047/952 745/1054/959
f 746/1055/960 745/1054/959 754/1022/934
f 754/1022/934 745/1054/959 753/1024/935
f 755/1020/933 747/1019/932 746/1055/960
f 746/1055/960 747/1019/932 738/1049/954
f 755/1020/933 746/1055/960 754/1022/934
f 789/1056/961 757/1057/962 800/1058/963
f 800/1058/963 757/1057/962 758/1059/964
f 800/1058/963 758/1059/964 759/1060/965
f 800/1058/963 759/1060/965 799/1061/966
f 799/1061/966 759/1060/965 760/1062/967
f 799/1061/966 760/1062/967 798/1063/968
f 798/1063/968 760/1062/967 761/1064/969
f 798/1063/968 761/1064/969 797/1065/970
f 797/1065/970 761/1064/969 762/1066/971
f 797/1065/970 762/1066/971 796/1067/972
f 796/1067/972 762/1066/971 763/1068/973
f 796/1067/972 763/1068/973 795/1069/974
f 795/1069/974 763/1068/973 764/1070/975
f 795/1069/974 764/1070/975 794/1071/976
f 794/1071/976 764/1070/975 765/1072/977
f 794/1071/976 765/1072/977 793/1073/978
f 793/1073/978 765/1072/977 766/1074/979
f 793/1073/978 766/1074/979 767/1075/980
f 793/1073/978 767/1075/980 801/1076/981
f 801/1076/981 767/1075/980 768/1077/982
f 801/1076/981 768/1077/982 809/1078/983
f 809/1078/983 768/1077/982 769/1079/984
f 809/1078/983 769/1079/984 817/1080/985
f 817/1080/985 769/1079/984 770/1081/986
f 817/1080/985 770/1081/986 824/1082/987
f 824/1082/987 770/1081/986 771/1083/988
f 824/1082/987 771/1083/988 832/1084/989
f 832/1084/989 771/1083/988 772/1085/990
f 832/1084/989 772/1085/990 840/1086/991
f 840/1086/991 772/1085/990 773/1087/992
f 840/1086/991 773/1087/992 848/1088/993
f 848/1088/993 773/1087/992 774/1089/994
f 848/1088/993 774/1089/994 855/1090/995
f 855/1090/995 774/1089/994 775/1091/996
f 855/1090/995 775/1091/996 863/1092/997
f 863/1092/997 775/1091/996 776/1093/998
f 863/1092/997 776/1093/998 871/1094/999
f 871/1094/999 776/1093/998 777/1095/1000
f 871/1094/999 777/1095/1000 879/1096/1001
f 879/1096/1001 777/1095/1000 778/1097/1002
f 879/1096/1001 778/1097/1002 886/1098/1003
f 886/1098/1003 778/1097/1002 779/1099/1004
f 886/1098/1003 779/1099/1004 894/1100/1005
f 894/1100/1005 779/1099/1004 726/1101/944
f 894/1100/1005 726/1101/944 725/1102/945
f 725/1102/945 724/1103/947 894/1100/1005
f 894/1100/1005 724/1103/947 895/1104/1006
f 894/1100/1005 895/1104/1006 886/1098/1003
f 886/1098/1003 895/1104/1006 887/1105/1007
f 886/1098/1003 887/1105/1007 879/1096/1001
f 879/1096/1001 887/1105/1007 880/1106/1008
f 879/1096/1001 880/1106/1008 871/1094/999
f 871/1094/999 880/1106/1008 872/1107/1009
f 871/1094/999 872/1107/1009 863/1092/997
f 863/1092/997 872/1107/1009 864/1108/1010
f 863/1092/997 864/1108/1010 855/1090/995
f 855/1090/995 864/1108/1010 856/1109/1011
f 855/1090/995 856/1109/1011 848/1088/993
f 848/1088/993 856/1109/1011 849/1110/1012
f 848/1088/993 849/1110/1012 840/1086/991
f 840/1086/991 849/1110/1012 841/1111/1013
f 840/1086/991 841/1111/1013 832/1084/989
f 832/1084/989 841/1111/1013 833/1112/1014
f 832/1084/989 833/1112/1014 824/1082/987
f 824/1082/987 833/1112/1014 825/1113/1015
f 824/1082/987 825/1113/1015 817/1080/985
f 817/1080/985 825/1113/1015 818/1114/1016
f 817/1080/985 818/1114/1016 809/1078/983
f 809/1078/983 818/1114/1016 810/1115/1017
f 809/1078/983 810/1115/1017 801/1076/981
f 801/1076/981 810/1115/1017 802/1116/1018
f 801/1076/981 802/1116/1018 793/1073/978
f 793/1073/978 802/1116/1018 794/1071/976
f 724/1103/947 723/1117/949 895/1104/1006
f 895/1104/1006 723/1117/949 896/1118/1019
f 895/1104/1006 896/1118/1019 887/1105/1007
f 887/1105/1007 896/1118/1019 888/1119/1020
f 887/1105/1007 888/1119/1020 880/1106/1008
f 880/1106/1008 888/1119/1020 881/1120/1021
f 880/1106/1008 881/1120/1021 872/1107/1009
f 872/1107/1009 881/1120/1021 873/1121/1022
f 872/1107/1009 873/1121/1022 864/1108/1010
f 864/1108/1010 873/1121/1022 865/1122/1023
f 864/1108/1010 865/1122/1023 856/1109/1011
f 856/1109/1011 865/1122/1023 857/1123/1024
f 856/1109/1011 857/1123/1024 849/1110/1012
f 849/1110/1012 857/1123/1024 850/1124/1025
f 849/1110/1012 850/1124/1025 841/1111/1013
f 841/1111/1013 850/1124/1025 842/1125/1026
f 841/1111/1013 842/1125/1026 833/1112/1014
f 833/1112/1014 842/1125/1026 834/1126/1027
f 833/1112/1014 834/1126/1027 825/1113/1015
f 825/1113/1015 834/1126/1027 826/1127/1028
f 825/1113/1015 826/1127/1028 818/1114/1016
f 818/1114/1016 826/1127/1028 819/1128/1029
f 818/1114/1016 819/1128/1029 810/1115/1017
f 810/1115/1017 819/1128/1029 811/1129/1030
f 810/1115/1017 811/1129/1030 802/1116/1018
f 802/1116/1018 811/1129/1030 803/1130/1031
f 802/1116/1018 803/1130/1031 794/1071/976
f 794/1071/976 803/1130/1031 795/1069/974
f 723/1117/949 722/1131/951 896/1118/1019
f 896/1118/1019 722/1131/951 897/1132/1032
f 896/1118/1019 897/1132/1032 888/1119/1020
f 888/1119/1020 897/1132/1032 889/1133/1033
f 888/1119/1020 889/1133/1033 881/1120/1021
f 881/1120/1021 889/1133/1033 882/1134/1034
f 881/1120/1021 882/1134/1034 873/1121/1022
f 873/1121/1022 882/1134/1034 874/1135/1035
f 873/1121/1022 874/1135/1035 865/1122/1023
f 865/1122/1023 874/1135/1035 866/1136/1036
f 865/1122/1023 866/1136/1036 857/1123/1024
f 857/1123/1024 866/1136/1036 858/1137/1037
f 857/1123/1024 858/1137/1037 850/1124/1025
f 850/1124/1025 858/1137/1037 851/1138/1038
f 850/1124/1025 851/1138/1038 842/1125/1026
f 842/1125/1026 851/1138/1038 843/1139/1039
f 842/1125/1026 843/1139/1039 834/1126/1027
f 834/1126/1027 843/1139/1039 835/1140/1040
f 834/1126/1027 835/1140/1040 826/1127/1028
f 826/1127/1028 835/1140/1040 827/1141/1041
f 826/1127/1028 827/1141/1041 819/1128/1029
f 819/1128/1029 827/1141/1041 820/1142/1042
f 819/1128/1029 820/1142/1042 811/1129/1030
f 811/1129/1030 820/1142/1042 812/1143/1043
f 811/1129/1030 812/1143/1043 803/1130/1031
f 803/1130/1031 812/1143/1043 804/1144/1044
f 803/1130/1031 804/1144/1044 795/1069/974
f 795/1069/974 804/1144/1044 796/1067/972
f 722/1131/951 721/1145/953 897/1132/1032
f 897/1132/1032 721/1145/953 898/1146/1045
f 897/1132/1032 898/1146/1045 889/1133/1033
f 889/1133/1033 898/1146/1045 890/1147/1046
f 889/1133/1033 890/1147/1046 882/1134/1034
f 882/1134/1034 890/1147/1046 883/1148/1047
f 882/1134/1034 883/1148/1047 874/1135/1035
f 874/1135/1035 883/1148/1047 875/1149/1048
f 874/1135/1035 875/1149/1048 866/1136/1036
f 866/1136/1036 875/1149/1048 867/1150/1049
f 866/1136/1036 867/1150/1049 858/1137/1037
f 858/1137/1037 867/1150/1049 859/1151/1050
f 858/1137/1037 859/1151/1050 851/1138/1038
f 851/1138/1038 859/1151/1050 852/1152/1051
f 851/1138/1038 852/1152/1051 843/1139/1039
f 843/1139/1039 852/1152/1051 844/1153/1052
f 843/1139/1039 844/1153/1052 835/1140/1040
f 835/1140/1040 844/1153/1052 836/1154/1053
f 835/1140/1040 836/1154/1053 827/1141/1041
f 827/1141/1041 836/1154/1053 828/1155/1054
f 827/1141/1041 828/1155/1054 820/1142/1042
f 820/1142/1042 828/1155/1054 821/1156/1055
f 820/1142/1042 821/1156/1055 812/1143/1043
f 812/1143/1043 821/1156/1055 813/1157/1056
f 812/1143/1043 813/1157/1056 804/1144/1044
f 804/1144/1044 813/1157/1056 805/1158/1057
f 804/1144/1044 805/1158/1057 796/1067/972
f 796/1067/972 805/1158/1057 797/1065/970
f 721/1145/953 720/1159/955 898/1146/1045
f 898/1146/1045 720/1159/955 899/1160/1058
f 898/1146/1045 899/1160/1058 890/1147/1046
f 890/1147/1046 899/1160/1058 891/1161/1059
f 890/1147/1046 891/1161/1059 883/1148/1047
f 883/1148/1047 891/1161/1059 884/1162/1060
f 883/1148/1047 884/1162/1060 875/1149/1048
f 875/1149/1048 884/1162/1060 876/1163/1061
f 875/1149/1048 876/1163/1061 867/1150/1049
f 867/1150/1049 876/1163/1061 868/1164/1062
f 867/1150/1049 868/1164/1062 859/1151/1050
f 859/1151/1050 868/1164/1062 860/1165/1063
f 859/1151/1050 860/1165/1063 852/1152/1051
f 852/1152/1051 860/1165/1063 853/1166/1064
f 852/1152/1051 853/1166/1064 844/1153/1052
f 844/1153/1052 853/1166/1064 845/1167/1065
f 844/1153/1052 845/1167/1065 836/1154/1053
f 836/1154/1053 845/1167/1065 837/1168/1066
f 836/1154/1053 837/1168/1066 828/1155/1054
f 828/1155/1054 837/1168/1066 829/1169/1067
f 828/1155/1054 829/1169/1067 821/1156/1055
f 821/1156/1055 829/1169/1067 822/1170/1068
f 821/1156/1055 822/1170/1068 813/1157/1056
f 813/1157/1056 822/1170/1068 814/1171/1069
f 813/1157/1056 814/1171/1069 805/1158/1057
f 805/1158/1057 814/1171/1069 806/1172/1070
f 805/1158/1057 806/1172/1070 797/1065/970
f 797/1065/970 806/1172/1070 798/1063/968
f 720/1159/955 719/1173/930 899/1160/1058
f 899/1160/1058 719/1173/930 900/1174/1071
f 899/1160/1058 900/1174/1071 891/1161/1059
f 891/1161/1059 900/1174/1071 892/1175/1072
f 891/1161/1059 892/1175/1072 884/1162/1060
f 884/1162/1060 892/1175/1072 885/1176/1073
f 884/1162/1060 885/1176/1073 876/1163/1061
f 876/1163/1061 885/1176/1073 877/1177/1074
f 876/1163/1061 877/1177/1074 868/1164/1062
f 868/1164/1062 877/1177/1074 869/1178/1075
f 868/1164/1062 869/1178/1075 860/1165/1063
f 860/1165/1063 869/1178/1075 861/1179/1076
f 860/1165/1063 861/1179/1076 853/1166/1064
f 853/1166/1064 861/1179/1076 854/1180/1077
f 853/1166/1064 854/1180/1077 845/1167/1065
f 845/1167/1065 854/1180/1077 846/1181/1078
f 845/1167/1065 846/1181/1078 837/1168/1066
f 837/1168/1066 846/1181/1078 838/1182/1079
f 837/1168/1066 838/1182/1079 829/1169/1067
f 829/1169/1067 838/1182/1079 830/1183/1080
f 829/1169/1067 830/1183/1080 822/1170/1068
f 822/1170/1068 830/1183/1080 823/1184/1081
f 822/1170/1068 823/1184/1081 814/1171/1069
f 814/1171/1069 823/1184/1081 815/1185/1082
f 814/1171/1069 815/1185/1082 806/1172/1070
f 806/1172/1070 815/1185/1082 807/1186/1083
f 806/1172/1070 807/1186/1083 798/1063/968
f 798/1063/968 807/1186/1083 799/1061/966
f 719/1173/930 718/1187/922 900/1174/1071
f 900/1174/1071 718/1187/922 901/1188/1084
f 900/1174/1071 901/1188/1084 892/1175/1072
f 892/1175/1072 901/1188/1084 893/1189/1085
f 892/1175/1072 893/1189/1085 885/1176/1073
f 885/1176/1073 893/1189/1085 792/1190/1086
f 885/1176/1073 792/1190/1086 877/1177/1074
f 877/1177/1074 792/1190/1086 878/1191/1087
f 877/1177/1074 878/1191/1087 869/1178/1075
f 869/1178/1075 878/1191/1087 870/1192/1088
f 869/1178/1075 870/1192/1088 861/1179/1076
f 861/1179/1076 870/1192/1088 862/1193/1089
f 861/1179/1076 862/1193/1089 854/1180/1077
f 854/1180/1077 862/1193/1089 791/1194/1090
f 854/1180/1077 791/1194/1090 846/1181/1078
f 846/1181/1078 791/1194/1090 847/1195/1091
f 846/1181/1078 847/1195/1091 838/1182/1079
f 838/1182/1079 847/1195/1091 839/1196/1092
f 838/1182/1079 839/1196/1092 830/1183/1080
f 830/1183/1080 839/1196/1092 831/1197/1093
f 830/1183/1080 831/1197/1093 823/1184/1081
f 823/1184/1081 831/1197/1093 790/1198/1094
f 823/1184/1081 790/1198/1094 815/1185/1082
f 815/1185/1082 790/1198/1094 816/1199/1095
f 815/1185/1082 816/1199/1095 807/1186/1083
f 807/1186/1083 816/1199/1095 808/1200/1096
f 807/1186/1083 808/1200/1096 799/1061/966
f 799/1061/966 808/1200/1096 800/1058/963
f 718/1187/922 717/1201/921 901/1188/1084
f 901/1188/1084 717/1201/921 780/1202/1097
f 901/1188/1084 780/1202/1097 893/1189/1085
f 893/1189/1085 780/1202/1097 781/1203/1098
f 893/1189/1085 781/1203/1098 792/1190/1086
f 792/1190/1086 781/1203/1098 782/1204/1099
f 792/1190/1086 782/1204/1099 878/1191/1087
f 878/1191/1087 782/1204/1099 870/1192/1088
f 782/1204/1099 783/1205/1100 870/1192/1088
f 870/1192/1088 783/1205/1100 862/1193/1089
f 783/1205/1100 784/1206/1101 862/1193/1089
f 862/1193/1089 784/1206/1101 791/1194/1090
f 784/1206/1101 785/1207/1102 791/1194/1090
f 791/1194/1090 785/1207/1102 847/1195/1091
f 847/1195/1091 785/1207/1102 839/1196/1092
f 839/1196/1092 785/1207/1102 786/1208/1103
f 839/1196/1092 786/1208/1103 831/1197/1093
f 831/1197/1093 786/1208/1103 787/1209/1104
f 831/1197/1093 787/1209/1104 790/1198/1094
f 790/1198/1094 787/1209/1104 788/1210/1105
f 790/1198/1094 788/1210/1105 816/1199/1095
f 816/1199/1095 788/1210/1105 808/1200/1096
f 788/1210/1105 789/1056/961 808/1200/1096
f 808/1200/1096 789/1056/961 800/1058/963
f 920/1211/1106 902/1212/1107 919/1213/1108
f 919/1213/1108 902/1212/1107 903/1214/1109
f 919/1213/1108 903/1214/1109 918/1215/1110
f 918/1215/1110 903/1214/1109 904/1216/1111
f 918/1215/1110 904/1216/1111 917/1217/1112
f 917/1217/1112 904/1216/1111 905/1218/1113
f 917/1217/1112 905/1218/1113 916/1219/1114
f 916/1219/1114 905/1218/1113 906/1220/1115
f 916/1219/1114 906/1220/1115 915/1221/1116
f 915/1221/1116 906/1220/1115 907/1222/1117
f 915/1221/1116 907/1222/1117 914/1223/1118
f 914/1223/1118 907/1222/1117 908/1224/1119
f 914/1223/1118 908/1224/1119 913/1225/1120
f 913/1225/1120 908/1224/1119 909/1226/1121
f 913/1225/1120 909/1226/1121 912/1227/1122
f 912/1227/1122 909/1226/1121 910/1228/1123
f 912/1227/1122 910/1228/1123 198/1229/412
f 198/1229/412 910/1228/1123 911/1230/1124
f 911/1231/1124 910/1232/1123 926/1233/1125
f 926/1233/1125 910/1232/1123 934/1234/1126
f 926/1233/1125 934/1234/1126 925/1235/1127
f 925/1235/1127 934/1234/1126 942/1236/1128
f 925/1235/1127 942/1236/1128 924/1237/1129
f 924/1237/1129 942/1236/1128 950/1238/1130
f 924/1237/1129 950/1238/1130 923/1239/1131
f 923/1239/1131 950/1238/1130 758/1240/964
f 923/1239/1131 758/1240/964 757/1241/962
f 910/1232/1123 909/1242/1121 934/1234/1126
f 934/1234/1126 909/1242/1121 933/1243/1132
f 934/1234/1126 933/1243/1132 942/1236/1128
f 942/1236/1128 933/1243/1132 941/1244/1133
f 942/1236/1128 941/1244/1133 950/1238/1130
f 950/1238/1130 941/1244/1133 949/1245/1134
f 950/1238/1130 949/1245/1134 758/1240/964
f 758/1240/964 949/1245/1134 759/1246/965
f 759/1246/965 949/1245/1134 948/1247/1135
f 759/1246/965 948/1247/1135 760/1248/967
f 760/1248/967 948/1247/1135 947/1249/1136
f 760/1248/967 947/1249/1136 761/1250/969
f 761/1250/969 947/1249/1136 946/1251/1137
f 761/1250/969 946/1251/1137 762/1252/971
f 762/1252/971 946/1251/1137 945/1253/1138
f 762/1252/971 945/1253/1138 763/1254/973
f 763/1254/973 945/1253/1138 944/1255/1139
f 763/1254/973 944/1255/1139 764/1256/975
f 764/1256/975 944/1255/1139 943/1257/1140
f 764/1256/975 943/1257/1140 765/1258/977
f 765/1258/977 943/1257/1140 766/1259/979
f 766/1259/979 943/1257/1140 922/1260/1141
f 922/1260/1141 943/1257/1140 935/1261/1142
f 922/1260/1141 935/1261/1142 921/1262/1143
f 921/1262/1143 935/1261/1142 927/1263/1144
f 921/1262/1143 927/1263/1144 902/1264/1107
f 902/1264/1107 927/1263/1144 903/1265/1109
f 903/1265/1109 927/1263/1144 928/1266/1145
f 903/1265/1109 928/1266/1145 904/1267/1111
f 904/1267/1111 928/1266/1145 929/1268/1146
f 904/1267/1111 929/1268/1146 905/1269/1113
f 905/1269/1113 929/1268/1146 930/1270/1147
f 905/1269/1113 930/1270/1147 906/1271/1115
f 906/1271/1115 930/1270/1147 931/1272/1148
f 906/1271/1115 931/1272/1148 907/1273/1117
f 907/1273/1117 931/1272/1148 932/1274/1149
f 907/1273/1117 932/1274/1149 908/1275/1119
f 908/1275/1119 932/1274/1149 933/1243/1132
f 908/1275/1119 933/1243/1132 909/1242/1121
f 928/1266/1145 927/1263/1144 936/1276/1150
f 936/1276/1150 927/1263/1144 935/1261/1142
f 936/1276/1150 935/1261/1142 944/1255/1139
f 944/1255/1139 935/1261/1142 943/1257/1140
f 929/1268/1146 928/1266/1145 937/1277/1151
f 937/1277/1151 928/1266/1145 936/1276/1150
f 937/1277/1151 936/1276/1150 945/1253/1138
f 945/1253/1138 936/1276/1150 944/1255/1139
f 930/1270/1147 929/1268/1146 938/1278/1152
f 938/1278/1152 929/1268/1146 937/1277/1151
f 938/1278/1152 937/1277/1151 946/1251/1137
f 946/1251/1137 937/1277/1151 945/1253/1138
f 931/1272/1148 930/1270/1147 939/1279/1153
f 939/1279/1153 930/1270/1147 938/1278/1152
f 939/1279/1153 938/1278/1152 947/1249/1136
f 947/1249/1136 938/1278/1152 946/1251/1137
f 941/1244/1133 933/1243/1132 932/1274/1149
f 932/1274/1149 931/1272/1148 940/1280/1154
f 940/1280/1154 931/1272/1148 939/1279/1153
f 940/1280/1154 939/1279/1153 948/1247/1135
f 948/1247/1135 939/1279/1153 947/1249/1136
f 949/1245/1134 941/1244/1133 940/1280/1154
f 940/1280/1154 941/1244/1133 932/1274/1149
f 949/1245/1134 940/1280/1154 948/1247/1135
f 958/1281/1155 920/1282/1106 966/1283/1156
f 966/1283/1156 920/1282/1106 919/1284/1108
f 966/1283/1156 919/1284/1108 967/1285/1157
f 967/1285/1157 919/1284/1108 918/1286/1110
f 967/1285/1157 918/1286/1110 968/1287/1158
f 968/1287/1158 918/1286/1110 975/1288/1159
f 968/1287/1158 975/1288/1159 976/1289/1160
f 976/1289/1160 975/1288/1159 917/1290/1112
f 976/1289/1160 917/1290/1112 916/1291/1114
f 918/1286/1110 917/1290/1112 975/1288/1159
f 915/1292/1116 982/1293/1161 916/1291/1114
f 916/1291/1114 982/1293/1161 977/1294/1162
f 916/1291/1114 977/1294/1162 976/1289/1160
f 976/1289/1160 977/1294/1162 969/1295/1163
f 976/1289/1160 969/1295/1163 968/1287/1158
f 968/1287/1158 969/1295/1163 965/1296/1164
f 968/1287/1158 965/1296/1164 966/1283/1156
f 966/1283/1156 965/1296/1164 997/1297/1165
f 966/1283/1156 997/1297/1165 958/1281/1155
f 958/1281/1155 997/1297/1165 957/1298/1166
f 957/1298/1166 997/1297/1165 996/1299/1167
f 957/1298/1166 996/1299/1167 1004/1300/1168
f 1004/1300/1168 996/1299/1167 995/1301/1169
f 1004/1300/1168 995/1301/1169 1003/1302/1170
f 1003/1302/1170 995/1301/1169 994/1303/1171
f 1003/1302/1170 994/1303/1171 1002/1304/1172
f 1002/1304/1172 994/1303/1171 993/1305/1173
f 1002/1304/1172 993/1305/1173 1001/1306/1174
f 1001/1306/1174 993/1305/1173 992/1307/1175
f 1001/1306/1174 992/1307/1175 1000/1308/1176
f 1000/1308/1176 992/1307/1175 991/1309/1177
f 1000/1308/1176 991/1309/1177 999/1310/1178
f 999/1310/1178 991/1309/1177 990/1311/1179
f 999/1310/1178 990/1311/1179 998/1312/1180
f 998/1312/1180 990/1311/1179 192/1313/400
f 998/1312/1180 192/1313/400 191/1314/398
f 982/1293/1161 915/1292/1116 983/1315/1181
f 983/1315/1181 915/1292/1116 914/1316/1118
f 983/1315/1181 914/1316/1118 984/1317/1182
f 984/1317/1182 914/1316/1118 987/1318/1183
f 984/1317/1182 987/1318/1183 985/1319/1184
f 985/1319/1184 987/1318/1183 988/1320/1185
f 985/1319/1184 988/1320/1185 986/1321/1186
f 986/1321/1186 988/1320/1185 989/1322/1187
f 986/1321/1186 989/1322/1187 197/1323/410
f 197/1323/410 989/1322/1187 198/1324/412
f 198/1324/412 989/1322/1187 912/1325/1122
f 912/1325/1122 989/1322/1187 988/1320/1185
f 912/1325/1122 988/1320/1185 913/1326/1120
f 913/1326/1120 988/1320/1185 987/1318/1183
f 913/1326/1120 987/1318/1183 914/1316/1118
f 197/1323/410 196/1327/408 986/1321/1186
f 986/1321/1186 196/1327/408 981/1328/1188
f 986/1321/1186 981/1328/1188 980/1329/1189
f 980/1329/1189 981/1328/1188 973/1330/1190
f 980/1329/1189 973/1330/1190 972/1331/1191
f 972/1331/1191 973/1330/1190 961/1332/1192
f 972/1331/1191 961/1332/1192 962/1333/1193
f 962/1333/1193 961/1332/1192 993/1305/1173
f 962/1333/1193 993/1305/1173 994/1303/1171
f 196/1327/408 195/1334/406 981/1328/1188
f 981/1328/1188 195/1334/406 974/1335/1194
f 981/1328/1188 974/1335/1194 973/1330/1190
f 973/1330/1190 974/1335/1194 960/1336/1195
f 973/1330/1190 960/1336/1195 961/1332/1192
f 961/1332/1192 960/1336/1195 992/1307/1175
f 961/1332/1192 992/1307/1175 993/1305/1173
f 195/1334/406 194/1337/404 974/1335/1194
f 974/1335/1194 194/1337/404 959/1338/1196
f 974/1335/1194 959/1338/1196 960/1336/1195
f 960/1336/1195 959/1338/1196 991/1309/1177
f 960/1336/1195 991/1309/1177 992/1307/1175
f 194/1337/404 193/1339/402 959/1338/1196
f 959/1338/1196 193/1339/402 990/1311/1179
f 959/1338/1196 990/1311/1179 991/1309/1177
f 193/1339/402 192/1313/400 990/1311/1179
f 998/1312/1180 191/1314/398 1005/1340/1197
f 1005/1340/1197 191/1314/398 190/1341/396
f 1005/1340/1197 190/1341/396 1012/1342/1198
f 1012/1342/1198 190/1341/396 189/1343/394
f 1012/1342/1198 189/1343/394 951/1344/1199
f 1012/1342/1198 951/1344/1199 1011/1345/1200
f 1011/1345/1200 951/1344/1199 952/1346/1201
f 1011/1345/1200 952/1346/1201 1010/1347/1202
f 1010/1347/1202 952/1346/1201 953/1348/1203
f 1010/1347/1202 953/1348/1203 1007/1349/1204
f 1007/1349/1204 953/1348/1203 1008/1350/1205
f 1007/1349/1204 1008/1350/1205 1000/1308/1176
f 1000/1308/1176 1008/1350/1205 1001/1306/1174
f 953/1348/1203 954/1351/1206 1008/1350/1205
f 1008/1350/1205 954/1351/1206 1009/1352/1207
f 1008/1350/1205 1009/1352/1207 1001/1306/1174
f 1001/1306/1174 1009/1352/1207 1002/1304/1172
f 954/1351/1206 955/1353/1208 1009/1352/1207
f 1009/1352/1207 955/1353/1208 1002/1304/1172
f 1002/1304/1172 955/1353/1208 1003/1302/1170
f 1003/1302/1170 955/1353/1208 956/1354/1209
f 1003/1302/1170 956/1354/1209 1004/1300/1168
f 1004/1300/1168 956/1354/1209 957/1298/1166
f 962/1333/1193 963/1355/1210 971/1356/1211
f 971/1356/1211 963/1355/1210 970/1357/1212
f 971/1356/1211 970/1357/1212 978/1358/1213
f 978/1358/1213 970/1357/1212 977/1294/1162
f 978/1358/1213 977/1294/1162 983/1315/1181
f 983/1315/1181 977/1294/1162 982/1293/1161
f 963/1355/1210 964/1359/1214 970/1357/1212
f 970/1357/1212 964/1359/1214 969/1295/1163
f 970/1357/1212 969/1295/1163 977/1294/1162
f 962/1333/1193 994/1303/1171 963/1355/1210
f 963/1355/1210 994/1303/1171 995/1301/1169
f 963/1355/1210 995/1301/1169 964/1359/1214
f 964/1359/1214 995/1301/1169 996/1299/1167
f 964/1359/1214 996/1299/1167 965/1296/1164
f 965/1296/1164 996/1299/1167 997/1297/1165
f 964/1359/1214 965/1296/1164 969/1295/1163
f 967/1285/1157 968/1287/1158 966/1283/1156
f 962/1333/1193 971/1356/1211 972/1331/1191
f 972/1331/1191 971/1356/1211 979/1360/1215
f 972/1331/1191 979/1360/1215 980/1329/1189
f 980/1329/1189 979/1360/1215 985/1319/1184
f 980/1329/1189 985/1319/1184 986/1321/1186
f 979/1360/1215 971/1356/1211 978/1358/1213
f 983/1315/1181 984/1317/1182 978/1358/1213
f 978/1358/1213 984/1317/1182 979/1360/1215
f 984/1317/1182 985/1319/1184 979/1360/1215
f 1007/1349/1204 1000/1308/1176 999/1310/1178
f 999/1310/1178 998/1312/1180 1006/1361/1216
f 1006/1361/1216 998/1312/1180 1005/1340/1197
f 1006/1361/1216 1005/1340/1197 1011/1345/1200
f 1011/1345/1200 1005/1340/1197 1012/1342/1198
f 1010/1347/1202 1007/1349/1204 1006/1361/1216
f 1006/1361/1216 1007/1349/1204 999/1310/1178
f 1010/1347/1202 1006/1361/1216 1011/1345/1200
f 1020/1362/1217 208/1363/393 1023/1364/1218
f 1023/1364/1218 208/1363/393 207/1365/395
f 1023/1364/1218 207/1365/395 1022/1366/1219
f 1022/1366/1219 207/1365/395 206/1367/397
f 1022/1366/1219 206/1367/397 1021/1368/1220
f 1021/1368/1220 206/1367/397 205/1369/399
f 1021/1368/1220 205/1369/399 1026/1370/1221
f 1026/1370/1221 205/1369/399 1025/1371/1222
f 1026/1370/1221 1025/1371/1222 1033/1372/1223
f 1033/1372/1223 1025/1371/1222 1032/1373/1224
f 1033/1372/1223 1032/1373/1224 1041/1374/1225
f 1041/1374/1225 1032/1373/1224 1040/1375/1226
f 1041/1374/1225 1040/1375/1226 1046/1376/1227
f 1046/1376/1227 1040/1375/1226 1047/1377/1228
f 1046/1376/1227 1047/1377/1228 1057/1378/1229
f 1057/1378/1229 1047/1377/1228 1056/1379/1230
f 1057/1378/1229 1056/1379/1230 1064/1380/1231
f 1064/1380/1231 1056/1379/1230 1063/1381/1232
f 1064/1380/1231 1063/1381/1232 1069/1382/1233
f 1069/1382/1233 1063/1381/1232 1068/1383/1234
f 1069/1382/1233 1068/1383/1234 212/1384/420
f 212/1384/420 1068/1383/1234 213/1385/422
f 213/1385/422 1068/1383/1234 1067/1386/1235
f 213/1385/422 1067/1386/1235 214/1387/424
f 214/1387/424 1067/1386/1235 1062/1388/1236
f 214/1387/424 1062/1388/1236 1061/1389/1237
f 1061/1389/1237 1062/1388/1236 1054/1390/1238
f 1061/1389/1237 1054/1390/1238 1053/1391/1239
f 1053/1391/1239 1054/1390/1238 1050/1392/1240
f 1053/1391/1239 1050/1392/1240 1051/1393/1241
f 1051/1393/1241 1050/1392/1240 1036/1394/1242
f 1051/1393/1241 1036/1394/1242 200/1395/409
f 200/1395/409 1036/1394/1242 201/1396/407
f 201/1396/407 1036/1394/1242 1037/1397/1243
f 201/1396/407 1037/1397/1243 1029/1398/1244
f 1029/1398/1244 1037/1397/1243 1038/1399/1245
f 1029/1398/1244 1038/1399/1245 1030/1400/1246
f 1030/1400/1246 1038/1399/1245 1039/1401/1247
f 1030/1400/1246 1039/1401/1247 1031/1402/1248
f 1031/1402/1248 1039/1401/1247 1040/1375/1226
f 1031/1402/1248 1040/1375/1226 1032/1373/1224
f 205/1369/399 204/1403/401 1025/1371/1222
f 1025/1371/1222 204/1403/401 1024/1404/1249
f 1025/1371/1222 1024/1404/1249 1032/1373/1224
f 1032/1373/1224 1024/1404/1249 1031/1402/1248
f 204/1403/401 203/1405/403 1024/1404/1249
f 1024/1404/1249 203/1405/403 1031/1402/1248
f 1031/1402/1248 203/1405/403 1030/1400/1246
f 1030/1400/1246 203/1405/403 202/1406/405
f 1030/1400/1246 202/1406/405 1029/1398/1244
f 1029/1398/1244 202/1406/405 201/1396/407
f 200/1395/409 199/1407/411 1051/1393/1241
f 1051/1393/1241 199/1407/411 217/1408/430
f 1051/1393/1241 217/1408/430 1052/1409/1250
f 1052/1409/1250 217/1408/430 216/1410/428
f 1052/1409/1250 216/1410/428 1053/1391/1239
f 1053/1391/1239 216/1410/428 1060/1411/1251
f 1053/1391/1239 1060/1411/1251 1061/1389/1237
f 1061/1389/1237 1060/1411/1251 215/1412/426
f 1061/1389/1237 215/1412/426 214/1387/424
f 216/1410/428 215/1412/426 1060/1411/1251
f 1069/1382/1233 212/1384/420 1072/1413/1252
f 1072/1413/1252 212/1384/420 211/1414/418
f 1072/1413/1252 211/1414/418 1073/1415/1253
f 1073/1415/1253 211/1414/418 210/1416/416
f 1073/1415/1253 210/1416/416 1074/1417/1254
f 1074/1417/1254 210/1416/416 209/1418/414
f 1074/1417/1254 209/1418/414 1013/1419/1255
f 1074/1417/1254 1013/1419/1255 1071/1420/1256
f 1071/1420/1256 1013/1419/1255 1014/1421/1257
f 1071/1420/1256 1014/1421/1257 1066/1422/1258
f 1066/1422/1258 1014/1421/1257 1015/1423/1259
f 1066/1422/1258 1015/1423/1259 1059/1424/1260
f 1059/1424/1260 1015/1423/1259 1016/1425/1261
f 1059/1424/1260 1016/1425/1261 1044/1426/1262
f 1044/1426/1262 1016/1425/1261 1017/1427/1263
f 1044/1426/1262 1017/1427/1263 1043/1428/1264
f 1043/1428/1264 1017/1427/1263 1018/1429/1265
f 1043/1428/1264 1018/1429/1265 1035/1430/1266
f 1035/1430/1266 1018/1429/1265 1019/1431/1267
f 1035/1430/1266 1019/1431/1267 1028/1432/1268
f 1028/1432/1268 1019/1431/1267 1020/1362/1217
f 1028/1432/1268 1020/1362/1217 1023/1364/1218
f 1028/1432/1268 1023/1364/1218 1022/1366/1219
f 1022/1366/1219 1021/1368/1220 1027/1433/1269
f 1027/1433/1269 1021/1368/1220 1026/1370/1221
f 1027/1433/1269 1026/1370/1221 1034/1434/1270
f 1034/1434/1270 1026/1370/1221 1033/1372/1223
f 1034/1434/1270 1033/1372/1223 1042/1435/1271
f 1042/1435/1271 1033/1372/1223 1041/1374/1225
f 1042/1435/1271 1041/1374/1225 1045/1436/1272
f 1045/1436/1272 1041/1374/1225 1046/1376/1227
f 1045/1436/1272 1046/1376/1227 1058/1437/1273
f 1058/1437/1273 1046/1376/1227 1057/1378/1229
f 1058/1437/1273 1057/1378/1229 1065/1438/1274
f 1065/1438/1274 1057/1378/1229 1064/1380/1231
f 1065/1438/1274 1064/1380/1231 1070/1439/1275
f 1070/1439/1275 1064/1380/1231 1069/1382/1233
f 1070/1439/1275 1069/1382/1233 1072/1413/1252
f 1035/1430/1266 1028/1432/1268 1027/1433/1269
f 1027/1433/1269 1028/1432/1268 1022/1366/1219
f 1035/1430/1266 1027/1433/1269 1034/1434/1270
f 1043/1428/1264 1035/1430/1266 1034/1434/1270
f 1043/1428/1264 1034/1434/1270 1042/1435/1271
f 1036/1394/1242 1050/1392/1240 1037/1397/1243
f 1037/1397/1243 1050/1392/1240 1049/1440/1276
f 1037/1397/1243 1049/1440/1276 1038/1399/1245
f 1038/1399/1245 1049/1440/1276 1048/1441/1277
f 1038/1399/1245 1048/1441/1277 1039/1401/1247
f 1039/1401/1247 1048/1441/1277 1047/1377/1228
f 1039/1401/1247 1047/1377/1228 1040/1375/1226
f 1044/1426/1262 1043/1428/1264 1042/1435/1271
f 1044/1426/1262 1042/1435/1271 1045/1436/1272
f 1044/1426/1262 1045/1436/1272 1059/1424/1260
f 1059/1424/1260 1045/1436/1272 1058/1437/1273
f 1059/1424/1260 1058/1437/1273 1066/1422/1258
f 1066/1422/1258 1058/1437/1273 1065/1438/1274
f 1066/1422/1258 1065/1438/1274 1071/1420/1256
f 1071/1420/1256 1065/1438/1274 1070/1439/1275
f 1071/1420/1256 1070/1439/1275 1073/1415/1253
f 1073/1415/1253 1070/1439/1275 1072/1413/1252
f 1047/1377/1228 1048/1441/1277 1056/1379/1230
f 1056/1379/1230 1048/1441/1277 1055/1442/1278
f 1056/1379/1230 1055/1442/1278 1063/1381/1232
f 1063/1381/1232 1055/1442/1278 1062/1388/1236
f 1063/1381/1232 1062/1388/1236 1068/1383/1234
f 1068/1383/1234 1062/1388/1236 1067/1386/1235
f 1048/1441/1277 1049/1440/1276 1055/1442/1278
f 1055/1442/1278 1049/1440/1276 1054/1390/1238
f 1055/1442/1278 1054/1390/1238 1062/1388/1236
f 1049/1440/1276 1050/1392/1240 1054/1390/1238
f 1052/1409/1250 1053/1391/1239 1051/1393/1241
f 1074/1417/1254 1071/1420/1256 1073/1415/1253
f 268/1443/473 717/1444/921 425/1445/625
f 425/1445/625 717/1444/921 732/1446/923
f 425/1445/625 732/1446/923 731/1447/925
f 425/1445/625 731/1447/925 426/1448/623
f 426/1448/623 731/1447/925 730/1449/927
f 426/1448/623 730/1449/927 427/1450/621
f 427/1450/621 730/1449/927 729/1451/929
f 427/1450/621 729/1451/929 428/1452/619
f 428/1452/619 729/1451/929 413/1453/617
f 413/1453/617 729/1451/929 707/1454/911
f 228/1455/432 757/1456/962 291/1457/608
f 291/1457/608 757/1456/962 789/1458/961
f 291/1457/608 789/1458/961 292/1459/609
f 292/1459/609 789/1458/961 788/1460/1105
f 292/1459/609 788/1460/1105 293/1461/610
f 293/1461/610 788/1460/1105 787/1462/1104
f 293/1461/610 787/1462/1104 294/1463/611
f 294/1463/611 787/1462/1104 786/1464/1103
f 294/1463/611 786/1464/1103 295/1465/612
f 295/1465/612 786/1464/1103 785/1466/1102
f 295/1465/612 785/1466/1102 296/1467/613
f 296/1467/613 785/1466/1102 784/1468/1101
f 296/1467/613 784/1468/1101 297/1469/614
f 297/1469/614 784/1468/1101 783/1470/1100
f 297/1469/614 783/1470/1100 298/1471/615
f 298/1471/615 783/1470/1100 782/1472/1099
f 298/1471/615 782/1472/1099 299/1473/616
f 299/1473/616 782/1472/1099 781/1474/1098
f 299/1473/616 781/1474/1098 300/1475/472
f 300/1475/472 781/1474/1098 780/1476/1097
f 300/1475/472 780/1476/1097 268/1477/473
f 268/1477/473 780/1476/1097 717/1478/921
f 218/1479/431 911/1480/1124 240/1481/440
f 240/1481/440 911/1480/1124 926/1482/1125
f 240/1481/440 926/1482/1125 925/1483/1127
f 240/1481/440 925/1483/1127 241/1484/438
f 241/1484/438 925/1483/1127 924/1485/1129
f 241/1484/438 924/1485/1129 242/1486/436
f 242/1486/436 924/1485/1129 923/1487/1131
f 242/1486/436 923/1487/1131 243/1488/434
f 243/1488/434 923/1487/1131 228/1489/432
f 228/1489/432 923/1487/1131 757/1490/962
f 198/1491/412 911/1492/1124 199/1493/411
f 199/1493/411 911/1492/1124 218/1494/431
f 238/1495/453 237/1496/455 209/1497/414
f 209/1497/414 237/1496/455 290/1498/515
f 209/1497/414 290/1498/515 1075/1499/1279
f 1075/1499/1279 290/1498/515 289/1500/513
f 1075/1499/1279 289/1500/513 288/1501/511
f 288/1501/511 287/1502/509 1075/1499/1279
f 1075/1499/1279 287/1502/509 286/1503/507
f 1075/1499/1279 286/1503/507 285/1504/505
f 285/1504/505 284/1505/503 1075/1499/1279
f 209/1497/414 227/1506/413 238/1495/453
f 238/1495/453 227/1506/413 239/1507/451
f 462/1508/666 277/1509/490 422/1510/640
f 422/1510/640 277/1509/490 424/1511/636
f 422/1510/640 424/1511/636 423/1512/638
f 277/1509/490 462/1508/666 278/1513/491
f 278/1513/491 462/1508/666 1076/1514/1280
f 278/1513/491 1076/1514/1280 279/1515/493
f 279/1515/493 1076/1514/1280 280/1516/495
f 280/1516/495 1076/1514/1280 281/1517/497
f 281/1517/497 1076/1514/1280 282/1518/499
f 282/1518/499 1076/1514/1280 283/1519/501
f 283/1519/501 1076/1514/1280 284/1520/503
f 1085/1521/1281 208/1522/393 1084/1523/1282
f 1084/1523/1282 208/1522/393 1020/1524/1217
f 1084/1523/1282 1020/1524/1217 1083/1525/1283
f 1083/1525/1283 1020/1524/1217 1019/1526/1267
f 1083/1525/1283 1019/1526/1267 1082/1527/1284
f 1082/1527/1284 1019/1526/1267 1018/1528/1265
f 1082/1527/1284 1018/1528/1265 1081/1529/1285
f 1081/1529/1285 1018/1528/1265 1017/1530/1263
f 1081/1529/1285 1017/1530/1263 1080/1531/1286
f 1080/1531/1286 1017/1530/1263 1016/1532/1261
f 1080/1531/1286 1016/1532/1261 1079/1533/1287
f 1079/1533/1287 1016/1532/1261 1015/1534/1259
f 1079/1533/1287 1015/1534/1259 1078/1535/1288
f 1078/1535/1288 1015/1534/1259 1014/1536/1257
f 1078/1535/1288 1014/1536/1257 1077/1537/1289
f 1077/1537/1289 1014/1536/1257 1013/1538/1255
f 1077/1537/1289 1013/1538/1255 1075/1539/1279
f 1075/1539/1279 1013/1538/1255 209/1540/414
f 208/1541/393 1085/1542/1281 189/1543/394
f 189/1543/394 1085/1542/1281 1086/1544/1290
f 773/1545/992 772/1546/990 1087/1547/1291
f 1087/1547/1291 772/1546/990 771/1548/988
f 1087/1547/1291 771/1548/988 770/1549/986
f 770/1549/986 769/1550/984 1087/1547/1291
f 1087/1547/1291 769/1550/984 768/1551/982
f 1087/1547/1291 768/1551/982 767/1552/980
f 1087/1547/1291 767/1552/980 920/1553/1106
f 920/1553/1106 767/1552/980 766/1554/979
f 920/1553/1106 766/1554/979 922/1555/1141
f 921/1556/1143 902/1557/1107 922/1555/1141
f 922/1555/1141 902/1557/1107 920/1553/1106
f 1087/1558/1291 920/1559/1106 1095/1560/1292
f 1095/1560/1292 920/1559/1106 958/1561/1155
f 1095/1560/1292 958/1561/1155 1094/1562/1293
f 1094/1562/1293 958/1561/1155 957/1563/1166
f 1094/1562/1293 957/1563/1166 1093/1564/1294
f 1093/1564/1294 957/1563/1166 956/1565/1209
f 1093/1564/1294 956/1565/1209 1092/1566/1295
f 1092/1566/1295 956/1565/1209 955/1567/1208
f 1092/1566/1295 955/1567/1208 1091/1568/1296
f 1091/1568/1296 955/1567/1208 954/1569/1206
f 1091/1568/1296 954/1569/1206 1090/1570/1297
f 1090/1570/1297 954/1569/1206 953/1571/1203
f 1090/1570/1297 953/1571/1203 1089/1572/1298
f 1089/1572/1298 953/1571/1203 952/1573/1201
f 1089/1572/1298 952/1573/1201 1088/1574/1299
f 1088/1574/1299 952/1573/1201 951/1575/1199
f 1088/1574/1299 951/1575/1199 1086/1576/1290
f 1086/1576/1290 951/1575/1199 189/1577/394
f 1086/1578/1290 1096/1579/1300 1088/1580/1299
f 1088/1580/1299 1096/1579/1300 1113/1581/1301
f 1088/1580/1299 1113/1581/1301 1089/1582/1298
f 1089/1582/1298 1113/1581/1301 1116/1583/1302
f 1089/1582/1298 1116/1583/1302 1090/1584/1297
f 1090/1584/1297 1116/1583/1302 1119/1585/1303
f 1090/1584/1297 1119/1585/1303 1091/1586/1296
f 1091/1586/1296 1119/1585/1303 1122/1587/1304
f 1091/1586/1296 1122/1587/1304 1092/1588/1295
f 1092/1588/1295 1122/1587/1304 1125/1589/1305
f 1092/1588/1295 1125/1589/1305 1093/1590/1294
f 1093/1590/1294 1125/1589/1305 1128/1591/1306
f 1093/1590/1294 1128/1591/1306 1094/1592/1293
f 1094/1592/1293 1128/1591/1306 1131/1593/1307
f 1094/1592/1293 1131/1593/1307 1095/1594/1292
f 1095/1594/1292 1131/1593/1307 1134/1595/1308
f 1095/1594/1292 1134/1595/1308 1087/1596/1291
f 1087/1596/1291 1134/1595/1308 1110/1597/1309
f 1110/1597/1309 1134/1595/1308 1133/1598/1310
f 1110/1597/1309 1133/1598/1310 1109/1599/1311
f 1109/1599/1311 1133/1598/1310 1132/1600/1312
f 1109/1599/1311 1132/1600/1312 1108/1601/1313
f 1108/1601/1313 1132/1600/1312 1107/1602/1314
f 1107/1602/1314 1132/1600/1312 1106/1603/1315
f 1106/1603/1315 1132/1600/1312 1129/1604/1316
f 1106/1603/1315 1129/1604/1316 1105/1605/1317
f 1105/1605/1317 1129/1604/1316 1126/1606/1318
f 1105/1605/1317 1126/1606/1318 1104/1607/1319
f 1104/1607/1319 1126/1606/1318 1123/1608/1320
f 1104/1607/1319 1123/1608/1320 1103/1609/1321
f 1103/1609/1321 1123/1608/1320 1120/1610/1322
f 1103/1609/1321 1120/1610/1322 1102/1611/1323
f 1102/1611/1323 1120/1610/1322 1117/1612/1324
f 1102/1611/1323 1117/1612/1324 1101/1613/1325
f 1101/1613/1325 1117/1612/1324 1114/1614/1326
f 1101/1613/1325 1114/1614/1326 1100/1615/1327
f 1100/1615/1327 1114/1614/1326 1111/1616/1328
f 1100/1615/1327 1111/1616/1328 1099/1617/1329
f 1099/1617/1329 1111/1616/1328 1098/1618/1330
f 1098/1618/1330 1111/1616/1328 1112/1619/1331
f 1098/1618/1330 1112/1619/1331 1097/1620/1332
f 1097/1620/1332 1112/1619/1331 1113/1581/1301
f 1097/1620/1332 1113/1581/1301 1096/1579/1300
f 1116/1583/1302 1113/1581/1301 1112/1619/1331
f 1112/1619/1331 1111/1616/1328 1115/1621/1333
f 1115/1621/1333 1111/1616/1328 1114/1614/1326
f 1115/1621/1333 1114/1614/1326 1118/1622/1334
f 1118/1622/1334 1114/1614/1326 1117/1612/1324
f 1118/1622/1334 1117/1612/1324 1121/1623/1335
f 1121/1623/1335 1117/1612/1324 1120/1610/1322
f 1121/1623/1335 1120/1610/1322 1124/1624/1336
f 1124/1624/1336 1120/1610/1322 1123/1608/1320
f 1124/1624/1336 1123/1608/1320 1127/1625/1337
f 1127/1625/1337 1123/1608/1320 1126/1606/1318
f 1127/1625/1337 1126/1606/1318 1130/1626/1338
f 1130/1626/1338 1126/1606/1318 1129/1604/1316
f 1130/1626/1338 1129/1604/1316 1133/1598/1310
f 1133/1598/1310 1129/1604/1316 1132/1600/1312
f 1119/1585/1303 1116/1583/1302 1115/1621/1333
f 1115/1621/1333 1116/1583/1302 1112/1619/1331
f 1119/1585/1303 1115/1621/1333 1118/1622/1334
f 1122/1587/1304 1119/1585/1303 1118/1622/1334
f 1122/1587/1304 1118/1622/1334 1121/1623/1335
f 1125/1589/1305 1122/1587/1304 1121/1623/1335
f 1125/1589/1305 1121/1623/1335 1124/1624/1336
f 1128/1591/1306 1125/1589/1305 1124/1624/1336
f 1128/1591/1306 1124/1624/1336 1127/1625/1337
f 1131/1593/1307 1128/1591/1306 1127/1625/1337
f 1131/1593/1307 1127/1625/1337 1130/1626/1338
f 1134/1595/1308 1131/1593/1307 1130/1626/1338
f 1134/1595/1308 1130/1626/1338 1133/1598/1310
f 1098/1627/1330 1139/1628/1339 1099/1629/1329
f 1099/1629/1329 1139/1628/1339 1140/1630/1340
f 1099/1629/1329 1140/1630/1340 1138/1631/1341
f 1138/1631/1341 1140/1630/1340 1137/1632/1342
f 1137/1632/1342 1140/1630/1340 1136/1633/1343
f 1136/1633/1343 1140/1630/1340 1142/1634/1344
f 1136/1633/1343 1142/1634/1344 1135/1635/1345
f 1135/1635/1345 1142/1634/1344 1144/1636/1346
f 1135/1635/1345 1144/1636/1346 1085/1637/1281
f 1085/1637/1281 1144/1636/1346 1143/1638/1347
f 1085/1637/1281 1143/1638/1347 1086/1639/1290
f 1086/1639/1290 1143/1638/1347 1096/1640/1300
f 1096/1640/1300 1143/1638/1347 1097/1641/1332
f 1097/1641/1332 1143/1638/1347 1141/1642/1348
f 1097/1641/1332 1141/1642/1348 1098/1627/1330
f 1098/1627/1330 1141/1642/1348 1139/1628/1339
f 1142/1634/1344 1140/1630/1340 1139/1628/1339
f 1142/1634/1344 1139/1628/1339 1141/1642/1348
f 1144/1636/1346 1142/1634/1344 1141/1642/1348
f 1144/1636/1346 1141/1642/1348 1143/1638/1347
f 1106/1643/1315 1105/1644/1317 1107/1645/1314
f 1107/1645/1314 1105/1644/1317 1104/1646/1319
f 1107/1645/1314 1104/1646/1319 1103/1647/1321
f 1103/1647/1321 1102/1648/1323 1107/1645/1314
f 1107/1645/1314 1102/1648/1323 1101/1649/1325
f 1107/1645/1314 1101/1649/1325 1100/1650/1327
f 1100/1650/1327 1099/1651/1329 1107/1645/1314
f 1107/1645/1314 1099/1651/1329 1178/1652/1349
f 1178/1652/1349 1099/1651/1329 1166/1653/1350
f 1178/1652/1349 1166/1653/1350 1167/1654/1351
f 1166/1653/1350 1099/1651/1329 1165/1655/1352
f 1165/1655/1352 1099/1651/1329 1138/1656/1341
f 1165/1655/1352 1138/1656/1341 1153/1657/1353
f 1153/1657/1353 1138/1656/1341 1152/1658/1354
f 1152/1658/1354 1138/1656/1341 1145/1659/1355
f 1152/1658/1354 1145/1659/1355 1146/1660/1356
f 1146/1660/1356 1147/1661/1357 1152/1658/1354
f 1152/1658/1354 1147/1661/1357 1148/1662/1358
f 1152/1658/1354 1148/1662/1358 1149/1663/1359
f 1149/1663/1359 1150/1664/1360 1152/1658/1354
f 1152/1658/1354 1150/1664/1360 1151/1665/1361
f 1154/1666/1362 1155/1667/1363 1153/1657/1353
f 1153/1657/1353 1155/1667/1363 1156/1668/1364
f 1153/1657/1353 1156/1668/1364 1157/1669/1365
f 1157/1669/1365 1158/1670/1366 1153/1657/1353
f 1153/1657/1353 1158/1670/1366 1159/1671/1367
f 1153/1657/1353 1159/1671/1367 1160/1672/1368
f 1160/1672/1368 1161/1673/1369 1153/1657/1353
f 1153/1657/1353 1161/1673/1369 1162/1674/1370
f 1153/1657/1353 1162/1674/1370 1163/1675/1371
f 1163/1675/1371 1164/1676/1372 1153/1657/1353
f 1153/1657/1353 1164/1676/1372 1165/1655/1352
f 1167/1654/1351 1168/1677/1373 1178/1652/1349
f 1178/1652/1349 1168/1677/1373 1169/1678/1374
f 1178/1652/1349 1169/1678/1374 1170/1679/1375
f 1170/1679/1375 1171/1680/1376 1178/1652/1349
f 1178/1652/1349 1171/1680/1376 1172/1681/1377
f 1178/1652/1349 1172/1681/1377 1173/1682/1378
f 1173/1682/1378 1174/1683/1379 1178/1652/1349
f 1178/1652/1349 1174/1683/1379 1175/1684/1380
f 1178/1652/1349 1175/1684/1380 1176/1685/1381
f 1176/1685/1381 1177/1686/1382 1178/1652/1349
f 1075/1687/1279 1179/1688/1383 1077/1689/1289
f 1077/1689/1289 1179/1688/1383 1184/1690/1384
f 1077/1689/1289 1184/1690/1384 1078/1691/1288
f 1078/1691/1288 1184/1690/1384 1187/1692/1385
f 1078/1691/1288 1187/1692/1385 1079/1693/1287
f 1079/1693/1287 1187/1692/1385 1190/1694/1386
f 1079/1693/1287 1190/1694/1386 1080/1695/1286
f 1080/1695/1286 1190/1694/1386 1193/1696/1387
f 1080/1695/1286 1193/1696/1387 1081/1697/1285
f 1081/1697/1285 1193/1696/1387 1196/1698/1388
f 1081/1697/1285 1196/1698/1388 1082/1699/1284
f 1082/1699/1284 1196/1698/1388 1199/1700/1389
f 1082/1699/1284 1199/1700/1389 1083/1701/1283
f 1083/1701/1283 1199/1700/1389 1202/1702/1390
f 1083/1701/1283 1202/1702/1390 1084/1703/1282
f 1084/1703/1282 1202/1702/1390 1205/1704/1391
f 1084/1703/1282 1205/1704/1391 1085/1705/1281
f 1085/1705/1281 1205/1704/1391 1135/1706/1345
f 1135/1706/1345 1205/1704/1391 1204/1707/1392
f 1135/1706/1345 1204/1707/1392 1136/1708/1343
f 1136/1708/1343 1204/1707/1392 1203/1709/1393
f 1136/1708/1343 1203/1709/1393 1137/1710/1342
f 1137/1710/1342 1203/1709/1393 1138/1711/1341
f 1138/1711/1341 1203/1709/1393 1145/1712/1355
f 1145/1712/1355 1203/1709/1393 1200/1713/1394
f 1145/1712/1355 1200/1713/1394 1146/1714/1356
f 1146/1714/1356 1200/1713/1394 1197/1715/1395
f 1146/1714/1356 1197/1715/1395 1147/1716/1357
f 1147/1716/1357 1197/1715/1395 1194/1717/1396
f 1147/1716/1357 1194/1717/1396 1148/1718/1358
f 1148/1718/1358 1194/1717/1396 1191/1719/1397
f 1148/1718/1358 1191/1719/1397 1149/1720/1359
f 1149/1720/1359 1191/1719/1397 1188/1721/1398
f 1149/1720/1359 1188/1721/1398 1150/1722/1360
f 1150/1722/1360 1188/1721/1398 1185/1723/1399
f 1150/1722/1360 1185/1723/1399 1151/1724/1361
f 1151/1724/1361 1185/1723/1399 1182/1725/1400
f 1151/1724/1361 1182/1725/1400 1152/1726/1354
f 1152/1726/1354 1182/1725/1400 1181/1727/1401
f 1181/1727/1401 1182/1725/1400 1183/1728/1402
f 1181/1727/1401 1183/1728/1402 1180/1729/1403
f 1180/1729/1403 1183/1728/1402 1184/1690/1384
f 1180/1729/1403 1184/1690/1384 1179/1688/1383
f 1187/1692/1385 1184/1690/1384 1183/1728/1402
f 1183/1728/1402 1182/1725/1400 1186/1730/1404
f 1186/1730/1404 1182/1725/1400 1185/1723/1399
f 1186/1730/1404 1185/1723/1399 1189/1731/1405
f 1189/1731/1405 1185/1723/1399 1188/1721/1398
f 1189/1731/1405 1188/1721/1398 1192/1732/1406
f 1192/1732/1406 1188/1721/1398 1191/1719/1397
f 1192/1732/1406 1191/1719/1397 1195/1733/1407
f 1195/1733/1407 1191/1719/1397 1194/1717/1396
f 1195/1733/1407 1194/1717/1396 1198/1734/1408
f 1198/1734/1408 1194/1717/1396 1197/1715/1395
f 1198/1734/1408 1197/1715/1395 1201/1735/1409
f 1201/1735/1409 1197/1715/1395 1200/1713/1394
f 1201/1735/1409 1200/1713/1394 1204/1707/1392
f 1204/1707/1392 1200/1713/1394 1203/1709/1393
f 1190/1694/1386 1187/1692/1385 1186/1730/1404
f 1186/1730/1404 1187/1692/1385 1183/1728/1402
f 1190/1694/1386 1186/1730/1404 1189/1731/1405
f 1193/1696/1387 1190/1694/1386 1189/1731/1405
f 1193/1696/1387 1189/1731/1405 1192/1732/1406
f 1196/1698/1388 1193/1696/1387 1192/1732/1406
f 1196/1698/1388 1192/1732/1406 1195/1733/1407
f 1199/1700/1389 1196/1698/1388 1195/1733/1407
f 1199/1700/1389 1195/1733/1407 1198/1734/1408
f 1202/1702/1390 1199/1700/1389 1198/1734/1408
f 1202/1702/1390 1198/1734/1408 1201/1735/1409
f 1205/1704/1391 1202/1702/1390 1201/1735/1409
f 1205/1704/1391 1201/1735/1409 1204/1707/1392
f 1181/1736/1401 1209/1737/1410 1152/1738/1354
f 1152/1738/1354 1209/1737/1410 1210/1739/1411
f 1152/1738/1354 1210/1739/1411 1211/1740/1412
f 1211/1740/1412 1210/1739/1411 1215/1741/1413
f 1211/1740/1412 1215/1741/1413 1216/1742/1414
f 1216/1742/1414 1215/1741/1413 1220/1743/1415
f 1216/1742/1414 1220/1743/1415 1206/1744/1416
f 1206/1744/1416 1220/1743/1415 1076/1745/1280
f 1076/1745/1280 1220/1743/1415 1219/1746/1417
f 1076/1745/1280 1219/1746/1417 284/1747/503
f 284/1747/503 1219/1746/1417 1218/1748/1418
f 284/1747/503 1218/1748/1418 1217/1749/1419
f 1217/1749/1419 1218/1748/1418 1213/1750/1420
f 1217/1749/1419 1213/1750/1420 1180/1751/1403
f 1180/1751/1403 1213/1750/1420 1181/1736/1401
f 1181/1736/1401 1213/1750/1420 1209/1737/1410
f 1180/1751/1403 1179/1752/1383 1217/1749/1419
f 1217/1749/1419 1179/1752/1383 1075/1753/1279
f 1217/1749/1419 1075/1753/1279 284/1747/503
f 1206/1744/1416 1207/1754/1421 1216/1742/1414
f 1216/1742/1414 1207/1754/1421 1212/1755/1422
f 1216/1742/1414 1212/1755/1422 1211/1740/1412
f 1211/1740/1412 1212/1755/1422 1153/1756/1353
f 1211/1740/1412 1153/1756/1353 1152/1738/1354
f 1207/1754/1421 1208/1757/1423 1212/1755/1422
f 1212/1755/1422 1208/1757/1423 1153/1756/1353
f 1210/1739/1411 1209/1737/1410 1214/1758/1424
f 1214/1758/1424 1209/1737/1410 1213/1750/1420
f 1214/1758/1424 1213/1750/1420 1218/1748/1418
f 1210/1739/1411 1214/1758/1424 1215/1741/1413
f 1215/1741/1413 1214/1758/1424 1219/1746/1417
f 1215/1741/1413 1219/1746/1417 1220/1743/1415
f 1219/1746/1417 1214/1758/1424 1218/1748/1418
f 773/1759/992 1087/1760/1291 1225/1761/1425
f 1225/1761/1425 1087/1760/1291 1110/1762/1309
f 1225/1761/1425 1110/1762/1309 1229/1763/1426
f 1229/1763/1426 1110/1762/1309 1109/1764/1311
f 1229/1763/1426 1109/1764/1311 1233/1765/1427
f 1233/1765/1427 1109/1764/1311 1108/1766/1313
f 1233/1765/1427 1108/1766/1313 1107/1767/1314
f 1233/1765/1427 1107/1767/1314 1234/1768/1428
f 1234/1768/1428 1107/1767/1314 1178/1769/1349
f 1234/1768/1428 1178/1769/1349 1235/1770/1429
f 1235/1770/1429 1178/1769/1349 1236/1771/1430
f 1235/1770/1429 1236/1771/1430 1231/1772/1431
f 1231/1772/1431 1236/1771/1430 1232/1773/1432
f 1231/1772/1431 1232/1773/1432 1227/1774/1433
f 1227/1774/1433 1232/1773/1432 1228/1775/1434
f 1227/1774/1433 1228/1775/1434 1224/1776/1435
f 1224/1776/1435 1228/1775/1434 1223/1777/1436
f 1223/1777/1436 1228/1775/1434 1222/1778/1437
f 1222/1778/1437 1228/1775/1434 1232/1773/1432
f 1222/1778/1437 1232/1773/1432 1221/1779/1438
f 1221/1779/1438 1232/1773/1432 1236/1771/1430
f 1221/1779/1438 1236/1771/1430 1178/1769/1349
f 1224/1776/1435 773/1759/992 1227/1774/1433
f 1227/1774/1433 773/1759/992 1226/1780/1439
f 1227/1774/1433 1226/1780/1439 1231/1772/1431
f 1231/1772/1431 1226/1780/1439 1230/1781/1440
f 1231/1772/1431 1230/1781/1440 1235/1770/1429
f 1235/1770/1429 1230/1781/1440 1234/1768/1428
f 1226/1780/1439 773/1759/992 1225/1761/1425
f 1230/1781/1440 1226/1780/1439 1225/1761/1425
f 1230/1781/1440 1225/1761/1425 1229/1763/1426
f 1234/1768/1428 1230/1781/1440 1229/1763/1426
f 1234/1768/1428 1229/1763/1426 1233/1765/1427
f 1166/1782/1350 1237/1783/1441 1167/1784/1351
f 1167/1784/1351 1237/1783/1441 1254/1785/1442
f 1167/1784/1351 1254/1785/1442 1168/1786/1373
f 1168/1786/1373 1254/1785/1442 1257/1787/1443
f 1168/1786/1373 1257/1787/1443 1169/1788/1374
f 1169/1788/1374 1257/1787/1443 1260/1789/1444
f 1169/1788/1374 1260/1789/1444 1170/1790/1375
f 1170/1790/1375 1260/1789/1444 1263/1791/1445
f 1170/1790/1375 1263/1791/1445 1171/1792/1376
f 1171/1792/1376 1263/1791/1445 1266/1793/1446
f 1171/1792/1376 1266/1793/1446 1172/1794/1377
f 1172/1794/1377 1266/1793/1446 1269/1795/1447
f 1172/1794/1377 1269/1795/1447 1173/1796/1378
f 1173/1796/1378 1269/1795/1447 1272/1797/1448
f 1173/1796/1378 1272/1797/1448 1174/1798/1379
f 1174/1798/1379 1272/1797/1448 1275/1799/1449
f 1174/1798/1379 1275/1799/1449 1175/1800/1380
f 1175/1800/1380 1275/1799/1449 1278/1801/1450
f 1175/1800/1380 1278/1801/1450 1176/1802/1381
f 1176/1802/1381 1278/1801/1450 1281/1803/1451
f 1176/1802/1381 1281/1803/1451 1177/1804/1382
f 1177/1804/1382 1281/1803/1451 1284/1805/1452
f 1177/1804/1382 1284/1805/1452 1178/1806/1349
f 1178/1806/1349 1284/1805/1452 1221/1807/1438
f 1221/1807/1438 1284/1805/1452 1283/1808/1453
f 1221/1807/1438 1283/1808/1453 1222/1809/1437
f 1222/1809/1437 1283/1808/1453 1282/1810/1454
f 1222/1809/1437 1282/1810/1454 1223/1811/1436
f 1223/1811/1436 1282/1810/1454 1251/1812/1455
f 1223/1811/1436 1251/1812/1455 1224/1813/1435
f 1237/1783/1441 1238/1814/1456 1254/1785/1442
f 1254/1785/1442 1238/1814/1456 1253/1815/1457
f 1254/1785/1442 1253/1815/1457 1257/1787/1443
f 1257/1787/1443 1253/1815/1457 1256/1816/1458
f 1257/1787/1443 1256/1816/1458 1260/1789/1444
f 1260/1789/1444 1256/1816/1458 1259/1817/1459
f 1260/1789/1444 1259/1817/1459 1263/1791/1445
f 1263/1791/1445 1259/1817/1459 1262/1818/1460
f 1263/1791/1445 1262/1818/1460 1266/1793/1446
f 1266/1793/1446 1262/1818/1460 1265/1819/1461
f 1266/1793/1446 1265/1819/1461 1269/1795/1447
f 1269/1795/1447 1265/1819/1461 1268/1820/1462
f 1269/1795/1447 1268/1820/1462 1272/1797/1448
f 1272/1797/1448 1268/1820/1462 1271/1821/1463
f 1272/1797/1448 1271/1821/1463 1275/1799/1449
f 1275/1799/1449 1271/1821/1463 1274/1822/1464
f 1275/1799/1449 1274/1822/1464 1278/1801/1450
f 1278/1801/1450 1274/1822/1464 1277/1823/1465
f 1278/1801/1450 1277/1823/1465 1281/1803/1451
f 1281/1803/1451 1277/1823/1465 1280/1824/1466
f 1281/1803/1451 1280/1824/1466 1284/1805/1452
f 1284/1805/1452 1280/1824/1466 1283/1808/1453
f 1238/1814/1456 1239/1825/1467 1253/1815/1457
f 1253/1815/1457 1239/1825/1467 1252/1826/1468
f 1253/1815/1457 1252/1826/1468 1256/1816/1458
f 1256/1816/1458 1252/1826/1468 1255/1827/1469
f 1256/1816/1458 1255/1827/1469 1259/1817/1459
f 1259/1817/1459 1255/1827/1469 1258/1828/1470
f 1259/1817/1459 1258/1828/1470 1262/1818/1460
f 1262/1818/1460 1258/1828/1470 1261/1829/1471
f 1262/1818/1460 1261/1829/1471 1265/1819/1461
f 1265/1819/1461 1261/1829/1471 1264/1830/1472
f 1265/1819/1461 1264/1830/1472 1268/1820/1462
f 1268/1820/1462 1264/1830/1472 1267/1831/1473
f 1268/1820/1462 1267/1831/1473 1271/1821/1463
f 1271/1821/1463 1267/1831/1473 1270/1832/1474
f 1271/1821/1463 1270/1832/1474 1274/1822/1464
f 1274/1822/1464 1270/1832/1474 1273/1833/1475
f 1274/1822/1464 1273/1833/1475 1277/1823/1465
f 1277/1823/1465 1273/1833/1475 1276/1834/1476
f 1277/1823/1465 1276/1834/1476 1280/1824/1466
f 1280/1824/1466 1276/1834/1476 1279/1835/1477
f 1280/1824/1466 1279/1835/1477 1283/1808/1453
f 1283/1808/1453 1279/1835/1477 1282/1810/1454
f 1239/1825/1467 1240/1836/1478 1252/1826/1468
f 1252/1826/1468 1240/1836/1478 1241/1837/1479
f 1252/1826/1468 1241/1837/1479 1255/1827/1469
f 1255/1827/1469 1241/1837/1479 1242/1838/1480
f 1255/1827/1469 1242/1838/1480 1258/1828/1470
f 1258/1828/1470 1242/1838/1480 1243/1839/1481
f 1258/1828/1470 1243/1839/1481 1261/1829/1471
f 1261/1829/1471 1243/1839/1481 1244/1840/1482
f 1261/1829/1471 1244/1840/1482 1264/1830/1472
f 1264/1830/1472 1244/1840/1482 1245/1841/1483
f 1264/1830/1472 1245/1841/1483 1267/1831/1473
f 1267/1831/1473 1245/1841/1483 1246/1842/1484
f 1267/1831/1473 1246/1842/1484 1270/1832/1474
f 1270/1832/1474 1246/1842/1484 1247/1843/1485
f 1270/1832/1474 1247/1843/1485 1273/1833/1475
f 1273/1833/1475 1247/1843/1485 1248/1844/1486
f 1273/1833/1475 1248/1844/1486 1276/1834/1476
f 1276/1834/1476 1248/1844/1486 1249/1845/1487
f 1276/1834/1476 1249/1845/1487 1279/1835/1477
f 1279/1835/1477 1249/1845/1487 1250/1846/1488
f 1279/1835/1477 1250/1846/1488 1282/1810/1454
f 1282/1810/1454 1250/1846/1488 1251/1812/1455
f 1166/1847/1350 1165/1848/1352 1289/1849/1489
f 1289/1849/1489 1165/1848/1352 1285/1850/1490
f 1289/1849/1489 1285/1850/1490 1290/1851/1491
f 1290/1851/1491 1285/1850/1490 1286/1852/1492
f 1290/1851/1491 1286/1852/1492 1291/1853/1493
f 1291/1853/1493 1286/1852/1492 1287/1854/1494
f 1291/1853/1493 1287/1854/1494 1288/1855/1495
f 1288/1855/1495 1240/1856/1478 1291/1853/1493
f 1291/1853/1493 1240/1856/1478 1239/1857/1467
f 1291/1853/1493 1239/1857/1467 1290/1851/1491
f 1290/1851/1491 1239/1857/1467 1238/1858/1456
f 1290/1851/1491 1238/1858/1456 1289/1849/1489
f 1289/1849/1489 1238/1858/1456 1237/1859/1441
f 1289/1849/1489 1237/1859/1441 1166/1847/1350
f 1153/1860/1353 1208/1861/1423 1154/1862/1362
f 1154/1862/1362 1208/1861/1423 1305/1863/1496
f 1154/1862/1362 1305/1863/1496 1155/1864/1363
f 1155/1864/1363 1305/1863/1496 1308/1865/1497
f 1155/1864/1363 1308/1865/1497 1156/1866/1364
f 1156/1866/1364 1308/1865/1497 1311/1867/1498
f 1156/1866/1364 1311/1867/1498 1157/1868/1365
f 1157/1868/1365 1311/1867/1498 1314/1869/1499
f 1157/1868/1365 1314/1869/1499 1158/1870/1366
f 1158/1870/1366 1314/1869/1499 1317/1871/1500
f 1158/1870/1366 1317/1871/1500 1159/1872/1367
f 1159/1872/1367 1317/1871/1500 1320/1873/1501
f 1159/1872/1367 1320/1873/1501 1160/1874/1368
f 1160/1874/1368 1320/1873/1501 1323/1875/1502
f 1160/1874/1368 1323/1875/1502 1161/1876/1369
f 1161/1876/1369 1323/1875/1502 1326/1877/1503
f 1161/1876/1369 1326/1877/1503 1162/1878/1370
f 1162/1878/1370 1326/1877/1503 1329/1879/1504
f 1162/1878/1370 1329/1879/1504 1163/1880/1371
f 1163/1880/1371 1329/1879/1504 1332/1881/1505
f 1163/1880/1371 1332/1881/1505 1164/1882/1372
f 1164/1882/1372 1332/1881/1505 1335/1883/1506
f 1164/1882/1372 1335/1883/1506 1165/1884/1352
f 1165/1884/1352 1335/1883/1506 1285/1885/1490
f 1285/1885/1490 1335/1883/1506 1334/1886/1507
f 1285/1885/1490 1334/1886/1507 1286/1887/1492
f 1286/1887/1492 1334/1886/1507 1333/1888/1508
f 1286/1887/1492 1333/1888/1508 1287/1889/1494
f 1287/1889/1494 1333/1888/1508 1302/1890/1509
f 1287/1889/1494 1302/1890/1509 1288/1891/1495
f 1208/1861/1423 1207/1892/1421 1305/1863/1496
f 1305/1863/1496 1207/1892/1421 1304/1893/1510
f 1305/1863/1496 1304/1893/1510 1308/1865/1497
f 1308/1865/1497 1304/1893/1510 1307/1894/1511
f 1308/1865/1497 1307/1894/1511 1311/1867/1498
f 1311/1867/1498 1307/1894/1511 1310/1895/1512
f 1311/1867/1498 1310/1895/1512 1314/1869/1499
f 1314/1869/1499 1310/1895/1512 1313/1896/1513
f 1314/1869/1499 1313/1896/1513 1317/1871/1500
f 1317/1871/1500 1313/1896/1513 1316/1897/1514
f 1317/1871/1500 1316/1897/1514 1320/1873/1501
f 1320/1873/1501 1316/1897/1514 1319/1898/1515
f 1320/1873/1501 1319/1898/1515 1323/1875/1502
f 1323/1875/1502 1319/1898/1515 1322/1899/1516
f 1323/1875/1502 1322/1899/1516 1326/1877/1503
f 1326/1877/1503 1322/1899/1516 1325/1900/1517
f 1326/1877/1503 1325/1900/1517 1329/1879/1504
f 1329/1879/1504 1325/1900/1517 1328/1901/1518
f 1329/1879/1504 1328/1901/1518 1332/1881/1505
f 1332/1881/1505 1328/1901/1518 1331/1902/1519
f 1332/1881/1505 1331/1902/1519 1335/1883/1506
f 1335/1883/1506 1331/1902/1519 1334/1886/1507
f 1207/1892/1421 1206/1903/1416 1304/1893/1510
f 1304/1893/1510 1206/1903/1416 1303/1904/1520
f 1304/1893/1510 1303/1904/1520 1307/1894/1511
f 1307/1894/1511 1303/1904/1520 1306/1905/1521
f 1307/1894/1511 1306/1905/1521 1310/1895/1512
f 1310/1895/1512 1306/1905/1521 1309/1906/1522
f 1310/1895/1512 1309/1906/1522 1313/1896/1513
f 1313/1896/1513 1309/1906/1522 1312/1907/1523
f 1313/1896/1513 1312/1907/1523 1316/1897/1514
f 1316/1897/1514 1312/1907/1523 1315/1908/1524
f 1316/1897/1514 1315/1908/1524 1319/1898/1515
f 1319/1898/1515 1315/1908/1524 1318/1909/1525
f 1319/1898/1515 1318/1909/1525 1322/1899/1516
f 1322/1899/1516 1318/1909/1525 1321/1910/1526
f 1322/1899/1516 1321/1910/1526 1325/1900/1517
f 1325/1900/1517 1321/1910/1526 1324/1911/1527
f 1325/1900/1517 1324/1911/1527 1328/1901/1518
f 1328/1901/1518 1324/1911/1527 1327/1912/1528
f 1328/1901/1518 1327/1912/1528 1331/1902/1519
f 1331/1902/1519 1327/1912/1528 1330/1913/1529
f 1331/1902/1519 1330/1913/1529 1334/1886/1507
f 1334/1886/1507 1330/1913/1529 1333/1888/1508
f 1206/1903/1416 1076/1914/1280 1303/1904/1520
f 1303/1904/1520 1076/1914/1280 1292/1915/1530
f 1303/1904/1520 1292/1915/1530 1306/1905/1521
f 1306/1905/1521 1292/1915/1530 1293/1916/1531
f 1306/1905/1521 1293/1916/1531 1309/1906/1522
f 1309/1906/1522 1293/1916/1531 1294/1917/1532
f 1309/1906/1522 1294/1917/1532 1312/1907/1523
f 1312/1907/1523 1294/1917/1532 1295/1918/1533
f 1312/1907/1523 1295/1918/1533 1315/1908/1524
f 1315/1908/1524 1295/1918/1533 1296/1919/1534
f 1315/1908/1524 1296/1919/1534 1318/1909/1525
f 1318/1909/1525 1296/1919/1534 1297/1920/1535
f 1318/1909/1525 1297/1920/1535 1321/1910/1526
f 1321/1910/1526 1297/1920/1535 1298/1921/1536
f 1321/1910/1526 1298/1921/1536 1324/1911/1527
f 1324/1911/1527 1298/1921/1536 1299/1922/1537
f 1324/1911/1527 1299/1922/1537 1327/1912/1528
f 1327/1912/1528 1299/1922/1537 1300/1923/1538
f 1327/1912/1528 1300/1923/1538 1330/1913/1529
f 1330/1913/1529 1300/1923/1538 1301/1924/1539
f 1330/1913/1529 1301/1924/1539 1333/1888/1508
f 1333/1888/1508 1301/1924/1539 1302/1890/1509
f 589/1925/793 1240/1926/1478 472/1927/685
f 472/1927/685 1240/1926/1478 1288/1928/1495
f 1240/1929/1478 589/1930/793 1241/1931/1479
f 1241/1931/1479 589/1930/793 610/1932/833
f 1241/1931/1479 610/1932/833 1242/1933/1480
f 1242/1933/1480 610/1932/833 609/1934/831
f 1242/1933/1480 609/1934/831 1243/1935/1481
f 1243/1935/1481 609/1934/831 608/1936/829
f 1243/1935/1481 608/1936/829 1244/1937/1482
f 1244/1937/1482 608/1936/829 607/1938/827
f 1244/1937/1482 607/1938/827 1245/1939/1483
f 1245/1939/1483 607/1938/827 606/1940/825
f 1245/1939/1483 606/1940/825 1246/1941/1484
f 1246/1941/1484 606/1940/825 605/1942/823
f 1246/1941/1484 605/1942/823 1247/1943/1485
f 1247/1943/1485 605/1942/823 604/1944/821
f 1247/1943/1485 604/1944/821 1248/1945/1486
f 1248/1945/1486 604/1944/821 603/1946/819
f 1248/1945/1486 603/1946/819 1249/1947/1487
f 1249/1947/1487 603/1946/819 602/1948/817
f 1249/1947/1487 602/1948/817 1250/1949/1488
f 1250/1949/1488 602/1948/817 601/1950/815
f 1250/1949/1488 601/1950/815 1251/1951/1455
f 1251/1951/1455 601/1950/815 600/1952/813
f 1251/1951/1455 600/1952/813 1224/1953/1435
f 1224/1953/1435 600/1952/813 599/1954/812
f 716/1955/920 726/1956/944 599/1957/812
f 599/1957/812 726/1956/944 779/1958/1004
f 599/1957/812 779/1958/1004 1224/1959/1435
f 1224/1959/1435 779/1958/1004 778/1960/1002
f 1224/1959/1435 778/1960/1002 777/1961/1000
f 728/1962/940 727/1963/942 716/1955/920
f 716/1955/920 727/1963/942 726/1956/944
f 777/1961/1000 776/1964/998 1224/1959/1435
f 1224/1959/1435 776/1964/998 775/1965/996
f 1224/1959/1435 775/1965/996 774/1966/994
f 774/1966/994 773/1967/992 1224/1959/1435
f 1076/1968/1280 462/1969/666 1292/1970/1530
f 1292/1970/1530 462/1969/666 483/1971/706
f 1292/1970/1530 483/1971/706 1293/1972/1531
f 1293/1972/1531 483/1971/706 482/1973/704
f 1293/1972/1531 482/1973/704 1294/1974/1532
f 1294/1974/1532 482/1973/704 481/1975/702
f 1294/1974/1532 481/1975/702 1295/1976/1533
f 1295/1976/1533 481/1975/702 480/1977/700
f 1295/1976/1533 480/1977/700 1296/1978/1534
f 1296/1978/1534 480/1977/700 479/1979/698
f 1296/1978/1534 479/1979/698 1297/1980/1535
f 1297/1980/1535 479/1979/698 478/1981/696
f 1297/1980/1535 478/1981/696 1298/1982/1536
f 1298/1982/1536 478/1981/696 477/1983/694
f 1298/1982/1536 477/1983/694 1299/1984/1537
f 1299/1984/1537 477/1983/694 476/1985/692
f 1299/1984/1537 476/1985/692 1300/1986/1538
f 1300/1986/1538 476/1985/692 475/1987/690
f 1300/1986/1538 475/1987/690 1301/1988/1539
f 1301/1988/1539 475/1987/690 474/1989/688
f 1301/1988/1539 474/1989/688 1302/1990/1509
f 1302/1990/1509 474/1989/688 473/1991/686
f 1302/1990/1509 473/1991/686 1288/1992/1495
f 1288/1992/1495 473/1991/686 472/1993/685
f 413/1994/617 707/1995/911 453/1996/657
f 453/1996/657 707/1995/911 590/1997/795
f 453/1996/657 590/1997/795 580/1998/784
f 580/1998/784 590/1997/795 618/1999/794
f 580/1998/784 618/1999/794 617/2000/910
f 617/2000/910 616/2001/909 580/1998/784
f 580/1998/784 616/2001/909 615/2002/908
f 580/1998/784 615/2002/908 614/2003/907
f 614/2003/907 613/2004/906 580/1998/784
f 580/1998/784 613/2004/906 612/2005/905
f 580/1998/784 612/2005/905 611/2006/904
f 580/1998/784 463/2007/668 453/1996/657
f 453/1996/657 463/2007/668 484/2008/777
f 484/2008/777 463/2007/668 485/2009/778
f 485/2009/778 463/2007/668 486/2010/779
f 486/2010/779 463/2007/668 487/2011/780
f 487/2011/780 463/2007/668 488/2012/781
f 488/2012/781 463/2007/668 489/2013/782
f 489/2013/782 463/2007/668 490/2014/783
f 490/2014/783 463/2007/668 491/2015/667
# 1335 vertices
# 2015 texture params
# 1539 normals
# 2650 facets

# 5 groups
