# WaveFront *.obj file (generated by Autodesk ATF)

mtllib head.mtl

g Body1

v -0.110000 -0.072000 0.103750
v -0.109384 -0.072000 0.095928
v -0.107553 -0.072000 0.088299
v -0.104550 -0.072000 0.081050
v -0.100451 -0.072000 0.074361
v -0.095355 -0.072000 0.068395
v -0.089389 -0.072000 0.063299
v -0.082700 -0.072000 0.059200
v -0.075451 -0.072000 0.056197
v -0.067822 -0.072000 0.054366
v -0.060000 -0.072000 0.053750
v -0.052178 -0.072000 0.054366
v -0.044549 -0.072000 0.056197
v -0.037300 -0.072000 0.059200
v -0.030611 -0.072000 0.063299
v -0.024645 -0.072000 0.068395
v -0.019549 -0.072000 0.074361
v -0.015450 -0.072000 0.081050
v -0.012447 -0.072000 0.088299
v -0.010616 -0.072000 0.095928
v -0.010000 -0.072000 0.103750
v -0.010616 -0.072000 0.111572
v -0.012447 -0.072000 0.119201
v -0.015450 -0.072000 0.126450
v -0.019549 -0.072000 0.133139
v -0.024645 -0.072000 0.139105
v -0.030611 -0.072000 0.144201
v -0.037300 -0.072000 0.148300
v -0.044549 -0.072000 0.151303
v -0.052178 -0.072000 0.153134
v -0.060000 -0.072000 0.153750
v -0.067822 -0.072000 0.153134
v -0.075451 -0.072000 0.151303
v -0.082700 -0.072000 0.148300
v -0.089389 -0.072000 0.144201
v -0.095355 -0.072000 0.139105
v -0.100451 -0.072000 0.133139
v -0.104550 -0.072000 0.126450
v -0.107553 -0.072000 0.119201
v -0.109384 -0.072000 0.111572
v -0.110000 -0.102000 0.103750
v -0.109384 -0.102000 0.111572
v -0.107553 -0.102000 0.119201
v -0.104550 -0.102000 0.126450
v -0.100451 -0.102000 0.133139
v -0.095355 -0.102000 0.139105
v -0.089389 -0.102000 0.144201
v -0.082700 -0.102000 0.148300
v -0.075451 -0.102000 0.151303
v -0.067822 -0.102000 0.153134
v -0.060000 -0.102000 0.153750
v -0.052178 -0.102000 0.153134
v -0.044549 -0.102000 0.151303
v -0.037300 -0.102000 0.148300
v -0.030611 -0.102000 0.144201
v -0.024645 -0.102000 0.139105
v -0.019549 -0.102000 0.133139
v -0.015450 -0.102000 0.126450
v -0.012447 -0.102000 0.119201
v -0.010616 -0.102000 0.111572
v -0.010000 -0.102000 0.103750
v -0.010616 -0.102000 0.095928
v -0.012447 -0.102000 0.088299
v -0.015450 -0.102000 0.081050
v -0.019549 -0.102000 0.074361
v -0.024645 -0.102000 0.068395
v -0.030611 -0.102000 0.063299
v -0.037300 -0.102000 0.059200
v -0.044549 -0.102000 0.056197
v -0.052178 -0.102000 0.054366
v -0.060000 -0.102000 0.053750
v -0.067822 -0.102000 0.054366
v -0.075451 -0.102000 0.056197
v -0.082700 -0.102000 0.059200
v -0.089389 -0.102000 0.063299
v -0.095355 -0.102000 0.068395
v -0.100451 -0.102000 0.074361
v -0.104550 -0.102000 0.081050
v -0.107553 -0.102000 0.088299
v -0.109384 -0.102000 0.095928
vt 0.500000 -14.922565 0.000000
vt -2.500000 -14.922565 0.000000
vt 0.500000 -15.707963 0.000000
vt -2.500000 -15.707963 0.000000
vt 0.500000 15.707963 0.000000
vt -2.500000 15.707963 0.000000
vt 0.500000 14.922565 0.000000
vt -2.500000 14.922565 0.000000
vt 0.500000 14.137167 0.000000
vt -2.500000 14.137167 0.000000
vt 0.500000 13.351769 0.000000
vt -2.500000 13.351769 0.000000
vt 0.500000 12.566371 0.000000
vt -2.500000 12.566371 0.000000
vt 0.500000 11.780972 0.000000
vt -2.500000 11.780972 0.000000
vt 0.500000 10.995574 0.000000
vt -2.500000 10.995574 0.000000
vt 0.500000 10.210176 0.000000
vt -2.500000 10.210176 0.000000
vt 0.500000 9.424778 0.000000
vt -2.500000 9.424778 0.000000
vt 0.500000 8.639380 0.000000
vt -2.500000 8.639380 0.000000
vt 0.500000 7.853982 0.000000
vt -2.500000 7.853982 0.000000
vt 0.500000 7.068583 0.000000
vt -2.500000 7.068583 0.000000
vt 0.500000 6.283185 0.000000
vt -2.500000 6.283185 0.000000
vt 0.500000 5.497787 0.000000
vt -2.500000 5.497787 0.000000
vt 0.500000 4.712389 0.000000
vt -2.500000 4.712389 0.000000
vt 0.500000 3.926991 0.000000
vt -2.500000 3.926991 0.000000
vt 0.500000 3.141593 0.000000
vt -2.500000 3.141593 0.000000
vt 0.500000 2.356194 0.000000
vt -2.500000 2.356194 0.000000
vt 0.500000 1.570796 0.000000
vt -2.500000 1.570796 0.000000
vt 0.500000 0.785398 0.000000
vt -2.500000 0.785398 0.000000
vt 0.500000 -0.000000 0.000000
vt -2.500000 0.000000 0.000000
vt 0.500000 -0.785398 0.000000
vt -2.500000 -0.785398 0.000000
vt 0.500000 -1.570796 0.000000
vt -2.500000 -1.570796 0.000000
vt 0.500000 -2.356194 0.000000
vt -2.500000 -2.356194 0.000000
vt 0.500000 -3.141593 0.000000
vt -2.500000 -3.141593 0.000000
vt 0.500000 -3.926991 0.000000
vt -2.500000 -3.926991 0.000000
vt 0.500000 -4.712389 0.000000
vt -2.500000 -4.712389 0.000000
vt 0.500000 -5.497787 0.000000
vt -2.500000 -5.497787 0.000000
vt 0.500000 -6.283185 0.000000
vt -2.500000 -6.283185 0.000000
vt 0.500000 -7.068583 0.000000
vt -2.500000 -7.068583 0.000000
vt 0.500000 -7.853982 0.000000
vt -2.500000 -7.853982 0.000000
vt 0.500000 -8.639380 0.000000
vt -2.500000 -8.639380 0.000000
vt 0.500000 -9.424778 0.000000
vt -2.500000 -9.424778 0.000000
vt 0.500000 -10.210176 0.000000
vt -2.500000 -10.210176 0.000000
vt 0.500000 -10.995574 0.000000
vt -2.500000 -10.995574 0.000000
vt 0.500000 -11.780972 0.000000
vt -2.500000 -11.780972 0.000000
vt 0.500000 -12.566371 0.000000
vt -2.500000 -12.566371 0.000000
vt 0.500000 -13.351769 0.000000
vt -2.500000 -13.351769 0.000000
vt 0.500000 -14.137167 0.000000
vt -2.500000 -14.137167 0.000000
vt 4.938442 0.782172 0.000000
vt -4.938442 0.782172 0.000000
vt 5.000000 -0.000000 0.000000
vt -5.000000 0.000000 0.000000
vt 4.938442 -0.782172 0.000000
vt -4.938442 -0.782172 0.000000
vt 4.755283 -1.545085 0.000000
vt -4.755283 -1.545085 0.000000
vt 4.455033 -2.269952 0.000000
vt -4.455033 -2.269952 0.000000
vt 4.045085 -2.938926 0.000000
vt -4.045085 -2.938926 0.000000
vt 3.535534 -3.535534 0.000000
vt -3.535534 -3.535534 0.000000
vt 2.938926 -4.045085 0.000000
vt -2.938926 -4.045085 0.000000
vt 2.269952 -4.455033 0.000000
vt -2.269952 -4.455033 0.000000
vt 1.545085 -4.755283 0.000000
vt -1.545085 -4.755283 0.000000
vt 0.782172 -4.938442 0.000000
vt -0.782172 -4.938442 0.000000
vt -0.000000 -5.000000 0.000000
vt -4.755283 1.545085 0.000000
vt 4.755283 1.545085 0.000000
vt -4.455033 2.269952 0.000000
vt 4.455033 2.269952 0.000000
vt -4.045085 2.938926 0.000000
vt 4.045085 2.938926 0.000000
vt -3.535534 3.535534 0.000000
vt 3.535534 3.535534 0.000000
vt -2.938926 4.045085 0.000000
vt 2.938926 4.045085 0.000000
vt -2.269952 4.455033 0.000000
vt 2.269952 4.455033 0.000000
vt -1.545085 4.755283 0.000000
vt 1.545085 4.755283 0.000000
vt -0.782172 4.938442 0.000000
vt 0.782172 4.938442 0.000000
vt 0.000000 5.000000 0.000000
vt -4.938442 -0.782172 0.000000
vt 4.938442 -0.782172 0.000000
vt -5.000000 -0.000000 0.000000
vt 5.000000 0.000000 0.000000
vt -4.938442 0.782172 0.000000
vt 4.938442 0.782172 0.000000
vt -4.755283 1.545085 0.000000
vt 4.755283 1.545085 0.000000
vt -4.455033 2.269952 0.000000
vt 4.455033 2.269952 0.000000
vt -4.045085 2.938926 0.000000
vt 4.045085 2.938926 0.000000
vt -3.535534 3.535534 0.000000
vt 3.535534 3.535534 0.000000
vt -2.938926 4.045085 0.000000
vt 2.938926 4.045085 0.000000
vt -2.269952 4.455033 0.000000
vt 2.269952 4.455033 0.000000
vt -1.545085 4.755283 0.000000
vt 1.545085 4.755283 0.000000
vt -0.782172 4.938442 0.000000
vt 0.782172 4.938442 0.000000
vt -0.000000 5.000000 0.000000
vt 4.755283 -1.545085 0.000000
vt -4.755283 -1.545085 0.000000
vt 4.455033 -2.269952 0.000000
vt -4.455033 -2.269952 0.000000
vt 4.045085 -2.938926 0.000000
vt -4.045085 -2.938926 0.000000
vt 3.535534 -3.535534 0.000000
vt -3.535534 -3.535534 0.000000
vt 2.938926 -4.045085 0.000000
vt -2.938926 -4.045085 0.000000
vt 2.269952 -4.455033 0.000000
vt -2.269952 -4.455033 0.000000
vt 1.545085 -4.755283 0.000000
vt -1.545085 -4.755283 0.000000
vt 0.782172 -4.938442 0.000000
vt -0.782172 -4.938442 0.000000
vt 0.000000 -5.000000 0.000000
vn -98.768834 0.000000 -15.643447
vn -98.768834 0.000000 -15.643447
vn -100.000000 0.000000 -0.000000
vn -100.000000 0.000000 -0.000000
vn -98.768834 -0.000000 15.643447
vn -98.768834 -0.000000 15.643447
vn -95.105652 -0.000000 30.901699
vn -95.105652 -0.000000 30.901699
vn -89.100652 -0.000000 45.399050
vn -89.100652 -0.000000 45.399050
vn -80.901699 -0.000000 58.778525
vn -80.901699 -0.000000 58.778525
vn -70.710678 -0.000000 70.710678
vn -70.710678 -0.000000 70.710678
vn -58.778525 -0.000000 80.901699
vn -58.778525 -0.000000 80.901699
vn -45.399050 -0.000000 89.100652
vn -45.399050 -0.000000 89.100652
vn -30.901699 -0.000000 95.105652
vn -30.901699 -0.000000 95.105652
vn -15.643447 -0.000000 98.768834
vn -15.643447 -0.000000 98.768834
vn 0.000000 -0.000000 100.000000
vn 0.000000 -0.000000 100.000000
vn 15.643447 -0.000000 98.768834
vn 15.643447 -0.000000 98.768834
vn 30.901699 -0.000000 95.105652
vn 30.901699 -0.000000 95.105652
vn 45.399050 -0.000000 89.100652
vn 45.399050 -0.000000 89.100652
vn 58.778525 -0.000000 80.901699
vn 58.778525 -0.000000 80.901699
vn 70.710678 -0.000000 70.710678
vn 70.710678 -0.000000 70.710678
vn 80.901699 -0.000000 58.778525
vn 80.901699 -0.000000 58.778525
vn 89.100652 -0.000000 45.399050
vn 89.100652 -0.000000 45.399050
vn 95.105652 -0.000000 30.901699
vn 95.105652 -0.000000 30.901699
vn 98.768834 -0.000000 15.643447
vn 98.768834 -0.000000 15.643447
vn 100.000000 0.000000 -0.000000
vn 100.000000 -0.000000 0.000000
vn 98.768834 0.000000 -15.643447
vn 98.768834 0.000000 -15.643447
vn 95.105652 0.000000 -30.901699
vn 95.105652 0.000000 -30.901699
vn 89.100652 0.000000 -45.399050
vn 89.100652 0.000000 -45.399050
vn 80.901699 0.000000 -58.778525
vn 80.901699 0.000000 -58.778525
vn 70.710678 0.000000 -70.710678
vn 70.710678 0.000000 -70.710678
vn 58.778525 0.000000 -80.901699
vn 58.778525 0.000000 -80.901699
vn 45.399050 0.000000 -89.100652
vn 45.399050 0.000000 -89.100652
vn 30.901699 0.000000 -95.105652
vn 30.901699 0.000000 -95.105652
vn 15.643447 0.000000 -98.768834
vn 15.643447 0.000000 -98.768834
vn 0.000000 0.000000 -100.000000
vn 0.000000 0.000000 -100.000000
vn -15.643447 0.000000 -98.768834
vn -15.643447 0.000000 -98.768834
vn -30.901699 0.000000 -95.105652
vn -30.901699 0.000000 -95.105652
vn -45.399050 0.000000 -89.100652
vn -45.399050 0.000000 -89.100652
vn -58.778525 0.000000 -80.901699
vn -58.778525 0.000000 -80.901699
vn -70.710678 0.000000 -70.710678
vn -70.710678 0.000000 -70.710678
vn -80.901699 0.000000 -58.778525
vn -80.901699 0.000000 -58.778525
vn -89.100652 0.000000 -45.399050
vn -89.100652 0.000000 -45.399050
vn -95.105652 0.000000 -30.901699
vn -95.105652 0.000000 -30.901699
vn -0.000000 100.000000 0.000000
vn -0.000000 100.000000 0.000000
vn -0.000000 100.000000 0.000000
vn -0.000000 100.000000 0.000000
vn -0.000000 100.000000 0.000000
vn -0.000000 100.000000 0.000000
vn -0.000000 100.000000 0.000000
vn -0.000000 100.000000 0.000000
vn -0.000000 100.000000 0.000000
vn -0.000000 100.000000 0.000000
vn -0.000000 100.000000 0.000000
vn -0.000000 100.000000 0.000000
vn -0.000000 100.000000 0.000000
vn -0.000000 100.000000 0.000000
vn -0.000000 100.000000 0.000000
vn -0.000000 100.000000 0.000000
vn -0.000000 100.000000 0.000000
vn -0.000000 100.000000 0.000000
vn -0.000000 100.000000 0.000000
vn -0.000000 100.000000 0.000000
vn -0.000000 100.000000 0.000000
vn -0.000000 100.000000 0.000000
vn -0.000000 100.000000 0.000000
vn -0.000000 100.000000 0.000000
vn -0.000000 100.000000 0.000000
vn -0.000000 100.000000 0.000000
vn -0.000000 100.000000 0.000000
vn -0.000000 100.000000 0.000000
vn -0.000000 100.000000 0.000000
vn -0.000000 100.000000 0.000000
vn -0.000000 100.000000 0.000000
vn -0.000000 100.000000 0.000000
vn -0.000000 100.000000 0.000000
vn -0.000000 100.000000 0.000000
vn -0.000000 100.000000 0.000000
vn -0.000000 100.000000 0.000000
vn -0.000000 100.000000 0.000000
vn -0.000000 100.000000 0.000000
vn -0.000000 100.000000 0.000000
vn -0.000000 100.000000 0.000000
vn 0.000000 -100.000000 -0.000000
vn 0.000000 -100.000000 -0.000000
vn 0.000000 -100.000000 -0.000000
vn 0.000000 -100.000000 -0.000000
vn 0.000000 -100.000000 -0.000000
vn 0.000000 -100.000000 -0.000000
vn 0.000000 -100.000000 -0.000000
vn 0.000000 -100.000000 -0.000000
vn 0.000000 -100.000000 -0.000000
vn 0.000000 -100.000000 -0.000000
vn 0.000000 -100.000000 -0.000000
vn 0.000000 -100.000000 -0.000000
vn 0.000000 -100.000000 -0.000000
vn 0.000000 -100.000000 -0.000000
vn 0.000000 -100.000000 -0.000000
vn 0.000000 -100.000000 -0.000000
vn 0.000000 -100.000000 -0.000000
vn 0.000000 -100.000000 -0.000000
vn 0.000000 -100.000000 -0.000000
vn 0.000000 -100.000000 -0.000000
vn 0.000000 -100.000000 -0.000000
vn 0.000000 -100.000000 -0.000000
vn 0.000000 -100.000000 -0.000000
vn 0.000000 -100.000000 -0.000000
vn 0.000000 -100.000000 -0.000000
vn 0.000000 -100.000000 -0.000000
vn 0.000000 -100.000000 -0.000000
vn 0.000000 -100.000000 -0.000000
vn 0.000000 -100.000000 -0.000000
vn 0.000000 -100.000000 -0.000000
vn 0.000000 -100.000000 -0.000000
vn 0.000000 -100.000000 -0.000000
vn 0.000000 -100.000000 -0.000000
vn 0.000000 -100.000000 -0.000000
vn 0.000000 -100.000000 -0.000000
vn 0.000000 -100.000000 -0.000000
vn 0.000000 -100.000000 -0.000000
vn 0.000000 -100.000000 -0.000000
vn 0.000000 -100.000000 -0.000000
vn 0.000000 -100.000000 -0.000000
usemtl Eyes_Front
f 2/1/1 80/2/2 1/3/3
f 1/3/3 80/2/2 41/4/4
f 1/5/3 41/6/4 40/7/5
f 40/7/5 41/6/4 42/8/6
f 40/7/5 42/8/6 39/9/7
f 39/9/7 42/8/6 43/10/8
f 39/9/7 43/10/8 38/11/9
f 38/11/9 43/10/8 44/12/10
f 38/11/9 44/12/10 37/13/11
f 37/13/11 44/12/10 45/14/12
f 37/13/11 45/14/12 36/15/13
f 36/15/13 45/14/12 46/16/14
f 36/15/13 46/16/14 35/17/15
f 35/17/15 46/16/14 47/18/16
f 35/17/15 47/18/16 34/19/17
f 34/19/17 47/18/16 48/20/18
f 34/19/17 48/20/18 33/21/19
f 33/21/19 48/20/18 49/22/20
f 33/21/19 49/22/20 32/23/21
f 32/23/21 49/22/20 50/24/22
f 32/23/21 50/24/22 31/25/23
f 31/25/23 50/24/22 51/26/24
f 31/25/23 51/26/24 30/27/25
f 30/27/25 51/26/24 52/28/26
f 30/27/25 52/28/26 29/29/27
f 29/29/27 52/28/26 53/30/28
f 29/29/27 53/30/28 28/31/29
f 28/31/29 53/30/28 54/32/30
f 28/31/29 54/32/30 27/33/31
f 27/33/31 54/32/30 55/34/32
f 27/33/31 55/34/32 26/35/33
f 26/35/33 55/34/32 56/36/34
f 26/35/33 56/36/34 25/37/35
f 25/37/35 56/36/34 57/38/36
f 25/37/35 57/38/36 24/39/37
f 24/39/37 57/38/36 58/40/38
f 24/39/37 58/40/38 23/41/39
f 23/41/39 58/40/38 59/42/40
f 23/41/39 59/42/40 22/43/41
f 22/43/41 59/42/40 60/44/42
f 22/43/41 60/44/42 21/45/43
f 21/45/43 60/44/42 61/46/44
f 21/45/43 61/46/44 20/47/45
f 20/47/45 61/46/44 62/48/46
f 20/47/45 62/48/46 19/49/47
f 19/49/47 62/48/46 63/50/48
f 19/49/47 63/50/48 18/51/49
f 18/51/49 63/50/48 64/52/50
f 18/51/49 64/52/50 17/53/51
f 17/53/51 64/52/50 65/54/52
f 17/53/51 65/54/52 16/55/53
f 16/55/53 65/54/52 66/56/54
f 16/55/53 66/56/54 15/57/55
f 15/57/55 66/56/54 67/58/56
f 15/57/55 67/58/56 14/59/57
f 14/59/57 67/58/56 68/60/58
f 14/59/57 68/60/58 13/61/59
f 13/61/59 68/60/58 69/62/60
f 13/61/59 69/62/60 12/63/61
f 12/63/61 69/62/60 70/64/62
f 12/63/61 70/64/62 11/65/63
f 11/65/63 70/64/62 71/66/64
f 11/65/63 71/66/64 10/67/65
f 10/67/65 71/66/64 72/68/66
f 10/67/65 72/68/66 9/69/67
f 9/69/67 72/68/66 73/70/68
f 9/69/67 73/70/68 8/71/69
f 8/71/69 73/70/68 74/72/70
f 8/71/69 74/72/70 7/73/71
f 7/73/71 74/72/70 75/74/72
f 7/73/71 75/74/72 6/75/73
f 6/75/73 75/74/72 76/76/74
f 6/75/73 76/76/74 5/77/75
f 5/77/75 76/76/74 77/78/76
f 5/77/75 77/78/76 4/79/77
f 4/79/77 77/78/76 78/80/78
f 4/79/77 78/80/78 3/81/79
f 3/81/79 78/80/78 79/82/80
f 3/81/79 79/82/80 2/1/1
f 2/1/1 79/82/80 80/2/2
f 40/83/81 22/84/82 1/85/83
f 1/85/83 22/84/82 21/86/84
f 1/85/83 21/86/84 2/87/85
f 2/87/85 21/86/84 20/88/86
f 2/87/85 20/88/86 3/89/87
f 3/89/87 20/88/86 19/90/88
f 3/89/87 19/90/88 4/91/89
f 4/91/89 19/90/88 18/92/90
f 4/91/89 18/92/90 5/93/91
f 5/93/91 18/92/90 17/94/92
f 5/93/91 17/94/92 6/95/93
f 6/95/93 17/94/92 16/96/94
f 6/95/93 16/96/94 7/97/95
f 7/97/95 16/96/94 15/98/96
f 7/97/95 15/98/96 8/99/97
f 8/99/97 15/98/96 14/100/98
f 8/99/97 14/100/98 9/101/99
f 9/101/99 14/100/98 13/102/100
f 9/101/99 13/102/100 10/103/101
f 10/103/101 13/102/100 12/104/102
f 10/103/101 12/104/102 11/105/103
f 22/84/82 40/83/81 23/106/104
f 23/106/104 40/83/81 39/107/105
f 23/106/104 39/107/105 24/108/106
f 24/108/106 39/107/105 38/109/107
f 24/108/106 38/109/107 25/110/108
f 25/110/108 38/109/107 37/111/109
f 25/110/108 37/111/109 26/112/110
f 26/112/110 37/111/109 36/113/111
f 26/112/110 36/113/111 27/114/112
f 27/114/112 36/113/111 35/115/113
f 27/114/112 35/115/113 28/116/114
f 28/116/114 35/115/113 34/117/115
f 28/116/114 34/117/115 29/118/116
f 29/118/116 34/117/115 33/119/117
f 29/118/116 33/119/117 30/120/118
f 30/120/118 33/119/117 32/121/119
f 30/120/118 32/121/119 31/122/120
usemtl Display_-_7_Segments_-_LCD_(Cyan)
f 80/123/121 62/124/122 41/125/123
f 41/125/123 62/124/122 61/126/124
f 41/125/123 61/126/124 42/127/125
f 42/127/125 61/126/124 60/128/126
f 42/127/125 60/128/126 43/129/127
f 43/129/127 60/128/126 59/130/128
f 43/129/127 59/130/128 44/131/129
f 44/131/129 59/130/128 58/132/130
f 44/131/129 58/132/130 45/133/131
f 45/133/131 58/132/130 57/134/132
f 45/133/131 57/134/132 46/135/133
f 46/135/133 57/134/132 56/136/134
f 46/135/133 56/136/134 47/137/135
f 47/137/135 56/136/134 55/138/136
f 47/137/135 55/138/136 48/139/137
f 48/139/137 55/138/136 54/140/138
f 48/139/137 54/140/138 49/141/139
f 49/141/139 54/140/138 53/142/140
f 49/141/139 53/142/140 50/143/141
f 50/143/141 53/142/140 52/144/142
f 50/143/141 52/144/142 51/145/143
f 62/124/122 80/123/121 63/146/144
f 63/146/144 80/123/121 79/147/145
f 63/146/144 79/147/145 64/148/146
f 64/148/146 79/147/145 78/149/147
f 64/148/146 78/149/147 65/150/148
f 65/150/148 78/149/147 77/151/149
f 65/150/148 77/151/149 66/152/150
f 66/152/150 77/151/149 76/153/151
f 66/152/150 76/153/151 67/154/152
f 67/154/152 76/153/151 75/155/153
f 67/154/152 75/155/153 68/156/154
f 68/156/154 75/155/153 74/157/155
f 68/156/154 74/157/155 69/158/156
f 69/158/156 74/157/155 73/159/157
f 69/158/156 73/159/157 70/160/158
f 70/160/158 73/159/157 72/161/159
f 70/160/158 72/161/159 71/162/160
g Body2

v 0.010000 -0.072000 0.103750
v 0.010616 -0.072000 0.095928
v 0.012447 -0.072000 0.088299
v 0.015450 -0.072000 0.081050
v 0.019549 -0.072000 0.074361
v 0.024645 -0.072000 0.068395
v 0.030611 -0.072000 0.063299
v 0.037300 -0.072000 0.059200
v 0.044549 -0.072000 0.056197
v 0.052178 -0.072000 0.054366
v 0.060000 -0.072000 0.053750
v 0.067822 -0.072000 0.054366
v 0.075451 -0.072000 0.056197
v 0.082700 -0.072000 0.059200
v 0.089389 -0.072000 0.063299
v 0.095355 -0.072000 0.068395
v 0.100451 -0.072000 0.074361
v 0.104550 -0.072000 0.081050
v 0.107553 -0.072000 0.088299
v 0.109384 -0.072000 0.095928
v 0.110000 -0.072000 0.103750
v 0.109384 -0.072000 0.111572
v 0.107553 -0.072000 0.119201
v 0.104550 -0.072000 0.126450
v 0.100451 -0.072000 0.133139
v 0.095355 -0.072000 0.139105
v 0.089389 -0.072000 0.144201
v 0.082700 -0.072000 0.148300
v 0.075451 -0.072000 0.151303
v 0.067822 -0.072000 0.153134
v 0.060000 -0.072000 0.153750
v 0.052178 -0.072000 0.153134
v 0.044549 -0.072000 0.151303
v 0.037300 -0.072000 0.148300
v 0.030611 -0.072000 0.144201
v 0.024645 -0.072000 0.139105
v 0.019549 -0.072000 0.133139
v 0.015450 -0.072000 0.126450
v 0.012447 -0.072000 0.119201
v 0.010616 -0.072000 0.111572
v 0.010000 -0.102000 0.103750
v 0.010616 -0.102000 0.111572
v 0.012447 -0.102000 0.119201
v 0.015450 -0.102000 0.126450
v 0.019549 -0.102000 0.133139
v 0.024645 -0.102000 0.139105
v 0.030611 -0.102000 0.144201
v 0.037300 -0.102000 0.148300
v 0.044549 -0.102000 0.151303
v 0.052178 -0.102000 0.153134
v 0.060000 -0.102000 0.153750
v 0.067822 -0.102000 0.153134
v 0.075451 -0.102000 0.151303
v 0.082700 -0.102000 0.148300
v 0.089389 -0.102000 0.144201
v 0.095355 -0.102000 0.139105
v 0.100451 -0.102000 0.133139
v 0.104550 -0.102000 0.126450
v 0.107553 -0.102000 0.119201
v 0.109384 -0.102000 0.111572
v 0.110000 -0.102000 0.103750
v 0.109384 -0.102000 0.095928
v 0.107553 -0.102000 0.088299
v 0.104550 -0.102000 0.081050
v 0.100451 -0.102000 0.074361
v 0.095355 -0.102000 0.068395
v 0.089389 -0.102000 0.063299
v 0.082700 -0.102000 0.059200
v 0.075451 -0.102000 0.056197
v 0.067822 -0.102000 0.054366
v 0.060000 -0.102000 0.053750
v 0.052178 -0.102000 0.054366
v 0.044549 -0.102000 0.056197
v 0.037300 -0.102000 0.059200
v 0.030611 -0.102000 0.063299
v 0.024645 -0.102000 0.068395
v 0.019549 -0.102000 0.074361
v 0.015450 -0.102000 0.081050
v 0.012447 -0.102000 0.088299
v 0.010616 -0.102000 0.095928
vt 0.500000 -14.922565 0.000000
vt -2.500000 -14.922565 0.000000
vt 0.500000 -15.707963 0.000000
vt -2.500000 -15.707963 0.000000
vt 0.500000 15.707963 0.000000
vt -2.500000 15.707963 0.000000
vt 0.500000 14.922565 0.000000
vt -2.500000 14.922565 0.000000
vt 0.500000 14.137167 0.000000
vt -2.500000 14.137167 0.000000
vt 0.500000 13.351769 0.000000
vt -2.500000 13.351769 0.000000
vt 0.500000 12.566371 0.000000
vt -2.500000 12.566371 0.000000
vt 0.500000 11.780972 0.000000
vt -2.500000 11.780972 0.000000
vt 0.500000 10.995574 0.000000
vt -2.500000 10.995574 0.000000
vt 0.500000 10.210176 0.000000
vt -2.500000 10.210176 0.000000
vt 0.500000 9.424778 0.000000
vt -2.500000 9.424778 0.000000
vt 0.500000 8.639380 0.000000
vt -2.500000 8.639380 0.000000
vt 0.500000 7.853982 0.000000
vt -2.500000 7.853982 0.000000
vt 0.500000 7.068583 0.000000
vt -2.500000 7.068583 0.000000
vt 0.500000 6.283185 0.000000
vt -2.500000 6.283185 0.000000
vt 0.500000 5.497787 0.000000
vt -2.500000 5.497787 0.000000
vt 0.500000 4.712389 0.000000
vt -2.500000 4.712389 0.000000
vt 0.500000 3.926991 0.000000
vt -2.500000 3.926991 0.000000
vt 0.500000 3.141593 0.000000
vt -2.500000 3.141593 0.000000
vt 0.500000 2.356194 0.000000
vt -2.500000 2.356194 0.000000
vt 0.500000 1.570796 0.000000
vt -2.500000 1.570796 0.000000
vt 0.500000 0.785398 0.000000
vt -2.500000 0.785398 0.000000
vt 0.500000 -0.000000 0.000000
vt -2.500000 0.000000 0.000000
vt 0.500000 -0.785398 0.000000
vt -2.500000 -0.785398 0.000000
vt 0.500000 -1.570796 0.000000
vt -2.500000 -1.570796 0.000000
vt 0.500000 -2.356194 0.000000
vt -2.500000 -2.356194 0.000000
vt 0.500000 -3.141593 0.000000
vt -2.500000 -3.141593 0.000000
vt 0.500000 -3.926991 0.000000
vt -2.500000 -3.926991 0.000000
vt 0.500000 -4.712389 0.000000
vt -2.500000 -4.712389 0.000000
vt 0.500000 -5.497787 0.000000
vt -2.500000 -5.497787 0.000000
vt 0.500000 -6.283185 0.000000
vt -2.500000 -6.283185 0.000000
vt 0.500000 -7.068583 0.000000
vt -2.500000 -7.068583 0.000000
vt 0.500000 -7.853982 0.000000
vt -2.500000 -7.853982 0.000000
vt 0.500000 -8.639380 0.000000
vt -2.500000 -8.639380 0.000000
vt 0.500000 -9.424778 0.000000
vt -2.500000 -9.424778 0.000000
vt 0.500000 -10.210176 0.000000
vt -2.500000 -10.210176 0.000000
vt 0.500000 -10.995574 0.000000
vt -2.500000 -10.995574 0.000000
vt 0.500000 -11.780972 0.000000
vt -2.500000 -11.780972 0.000000
vt 0.500000 -12.566371 0.000000
vt -2.500000 -12.566371 0.000000
vt 0.500000 -13.351769 0.000000
vt -2.500000 -13.351769 0.000000
vt 0.500000 -14.137167 0.000000
vt -2.500000 -14.137167 0.000000
vt 4.938442 0.782172 0.000000
vt -4.938442 0.782172 0.000000
vt 5.000000 -0.000000 0.000000
vt -5.000000 0.000000 0.000000
vt 4.938442 -0.782172 0.000000
vt -4.938442 -0.782172 0.000000
vt 4.755283 -1.545085 0.000000
vt -4.755283 -1.545085 0.000000
vt 4.455033 -2.269952 0.000000
vt -4.455033 -2.269952 0.000000
vt 4.045085 -2.938926 0.000000
vt -4.045085 -2.938926 0.000000
vt 3.535534 -3.535534 0.000000
vt -3.535534 -3.535534 0.000000
vt 2.938926 -4.045085 0.000000
vt -2.938926 -4.045085 0.000000
vt 2.269952 -4.455033 0.000000
vt -2.269952 -4.455033 0.000000
vt 1.545085 -4.755283 0.000000
vt -1.545085 -4.755283 0.000000
vt 0.782172 -4.938442 0.000000
vt -0.782172 -4.938442 0.000000
vt -0.000000 -5.000000 0.000000
vt -4.755283 1.545085 0.000000
vt 4.755283 1.545085 0.000000
vt -4.455033 2.269952 0.000000
vt 4.455033 2.269952 0.000000
vt -4.045085 2.938926 0.000000
vt 4.045085 2.938926 0.000000
vt -3.535534 3.535534 0.000000
vt 3.535534 3.535534 0.000000
vt -2.938926 4.045085 0.000000
vt 2.938926 4.045085 0.000000
vt -2.269952 4.455033 0.000000
vt 2.269952 4.455033 0.000000
vt -1.545085 4.755283 0.000000
vt 1.545085 4.755283 0.000000
vt -0.782172 4.938442 0.000000
vt 0.782172 4.938442 0.000000
vt 0.000000 5.000000 0.000000
vt -4.938442 -0.782172 0.000000
vt 4.938442 -0.782172 0.000000
vt -5.000000 -0.000000 0.000000
vt 5.000000 0.000000 0.000000
vt -4.938442 0.782172 0.000000
vt 4.938442 0.782172 0.000000
vt -4.755283 1.545085 0.000000
vt 4.755283 1.545085 0.000000
vt -4.455033 2.269952 0.000000
vt 4.455033 2.269952 0.000000
vt -4.045085 2.938926 0.000000
vt 4.045085 2.938926 0.000000
vt -3.535534 3.535534 0.000000
vt 3.535534 3.535534 0.000000
vt -2.938926 4.045085 0.000000
vt 2.938926 4.045085 0.000000
vt -2.269952 4.455033 0.000000
vt 2.269952 4.455033 0.000000
vt -1.545085 4.755283 0.000000
vt 1.545085 4.755283 0.000000
vt -0.782172 4.938442 0.000000
vt 0.782172 4.938442 0.000000
vt -0.000000 5.000000 0.000000
vt 4.755283 -1.545085 0.000000
vt -4.755283 -1.545085 0.000000
vt 4.455033 -2.269952 0.000000
vt -4.455033 -2.269952 0.000000
vt 4.045085 -2.938926 0.000000
vt -4.045085 -2.938926 0.000000
vt 3.535534 -3.535534 0.000000
vt -3.535534 -3.535534 0.000000
vt 2.938926 -4.045085 0.000000
vt -2.938926 -4.045085 0.000000
vt 2.269952 -4.455033 0.000000
vt -2.269952 -4.455033 0.000000
vt 1.545085 -4.755283 0.000000
vt -1.545085 -4.755283 0.000000
vt 0.782172 -4.938442 0.000000
vt -0.782172 -4.938442 0.000000
vt 0.000000 -5.000000 0.000000
vn -98.768834 0.000000 -15.643447
vn -98.768834 0.000000 -15.643447
vn -100.000000 0.000000 -0.000000
vn -100.000000 0.000000 -0.000000
vn -98.768834 -0.000000 15.643447
vn -98.768834 -0.000000 15.643447
vn -95.105652 -0.000000 30.901699
vn -95.105652 -0.000000 30.901699
vn -89.100652 -0.000000 45.399050
vn -89.100652 -0.000000 45.399050
vn -80.901699 -0.000000 58.778525
vn -80.901699 -0.000000 58.778525
vn -70.710678 -0.000000 70.710678
vn -70.710678 -0.000000 70.710678
vn -58.778525 -0.000000 80.901699
vn -58.778525 -0.000000 80.901699
vn -45.399050 -0.000000 89.100652
vn -45.399050 -0.000000 89.100652
vn -30.901699 -0.000000 95.105652
vn -30.901699 -0.000000 95.105652
vn -15.643447 -0.000000 98.768834
vn -15.643447 -0.000000 98.768834
vn 0.000000 -0.000000 100.000000
vn 0.000000 -0.000000 100.000000
vn 15.643447 -0.000000 98.768834
vn 15.643447 -0.000000 98.768834
vn 30.901699 -0.000000 95.105652
vn 30.901699 -0.000000 95.105652
vn 45.399050 -0.000000 89.100652
vn 45.399050 -0.000000 89.100652
vn 58.778525 -0.000000 80.901699
vn 58.778525 -0.000000 80.901699
vn 70.710678 -0.000000 70.710678
vn 70.710678 -0.000000 70.710678
vn 80.901699 -0.000000 58.778525
vn 80.901699 -0.000000 58.778525
vn 89.100652 -0.000000 45.399050
vn 89.100652 -0.000000 45.399050
vn 95.105652 -0.000000 30.901699
vn 95.105652 -0.000000 30.901699
vn 98.768834 -0.000000 15.643447
vn 98.768834 -0.000000 15.643447
vn 100.000000 0.000000 -0.000000
vn 100.000000 -0.000000 0.000000
vn 98.768834 0.000000 -15.643447
vn 98.768834 0.000000 -15.643447
vn 95.105652 0.000000 -30.901699
vn 95.105652 0.000000 -30.901699
vn 89.100652 0.000000 -45.399050
vn 89.100652 0.000000 -45.399050
vn 80.901699 0.000000 -58.778525
vn 80.901699 0.000000 -58.778525
vn 70.710678 0.000000 -70.710678
vn 70.710678 0.000000 -70.710678
vn 58.778525 0.000000 -80.901699
vn 58.778525 0.000000 -80.901699
vn 45.399050 0.000000 -89.100652
vn 45.399050 0.000000 -89.100652
vn 30.901699 0.000000 -95.105652
vn 30.901699 0.000000 -95.105652
vn 15.643447 0.000000 -98.768834
vn 15.643447 0.000000 -98.768834
vn 0.000000 0.000000 -100.000000
vn 0.000000 0.000000 -100.000000
vn -15.643447 0.000000 -98.768834
vn -15.643447 0.000000 -98.768834
vn -30.901699 0.000000 -95.105652
vn -30.901699 0.000000 -95.105652
vn -45.399050 0.000000 -89.100652
vn -45.399050 0.000000 -89.100652
vn -58.778525 0.000000 -80.901699
vn -58.778525 0.000000 -80.901699
vn -70.710678 0.000000 -70.710678
vn -70.710678 0.000000 -70.710678
vn -80.901699 0.000000 -58.778525
vn -80.901699 0.000000 -58.778525
vn -89.100652 0.000000 -45.399050
vn -89.100652 0.000000 -45.399050
vn -95.105652 0.000000 -30.901699
vn -95.105652 0.000000 -30.901699
vn -0.000000 100.000000 0.000000
vn -0.000000 100.000000 0.000000
vn -0.000000 100.000000 0.000000
vn -0.000000 100.000000 0.000000
vn -0.000000 100.000000 0.000000
vn -0.000000 100.000000 0.000000
vn -0.000000 100.000000 0.000000
vn -0.000000 100.000000 0.000000
vn -0.000000 100.000000 0.000000
vn -0.000000 100.000000 0.000000
vn -0.000000 100.000000 0.000000
vn -0.000000 100.000000 0.000000
vn -0.000000 100.000000 0.000000
vn -0.000000 100.000000 0.000000
vn -0.000000 100.000000 0.000000
vn -0.000000 100.000000 0.000000
vn -0.000000 100.000000 0.000000
vn -0.000000 100.000000 0.000000
vn -0.000000 100.000000 0.000000
vn -0.000000 100.000000 0.000000
vn -0.000000 100.000000 0.000000
vn -0.000000 100.000000 0.000000
vn -0.000000 100.000000 0.000000
vn -0.000000 100.000000 0.000000
vn -0.000000 100.000000 0.000000
vn -0.000000 100.000000 0.000000
vn -0.000000 100.000000 0.000000
vn -0.000000 100.000000 0.000000
vn -0.000000 100.000000 0.000000
vn -0.000000 100.000000 0.000000
vn -0.000000 100.000000 0.000000
vn -0.000000 100.000000 0.000000
vn -0.000000 100.000000 0.000000
vn -0.000000 100.000000 0.000000
vn -0.000000 100.000000 0.000000
vn -0.000000 100.000000 0.000000
vn -0.000000 100.000000 0.000000
vn -0.000000 100.000000 0.000000
vn -0.000000 100.000000 0.000000
vn -0.000000 100.000000 0.000000
vn 0.000000 -100.000000 -0.000000
vn 0.000000 -100.000000 -0.000000
vn 0.000000 -100.000000 -0.000000
vn 0.000000 -100.000000 -0.000000
vn 0.000000 -100.000000 -0.000000
vn 0.000000 -100.000000 -0.000000
vn 0.000000 -100.000000 -0.000000
vn 0.000000 -100.000000 -0.000000
vn 0.000000 -100.000000 -0.000000
vn 0.000000 -100.000000 -0.000000
vn 0.000000 -100.000000 -0.000000
vn 0.000000 -100.000000 -0.000000
vn 0.000000 -100.000000 -0.000000
vn 0.000000 -100.000000 -0.000000
vn 0.000000 -100.000000 -0.000000
vn 0.000000 -100.000000 -0.000000
vn 0.000000 -100.000000 -0.000000
vn 0.000000 -100.000000 -0.000000
vn 0.000000 -100.000000 -0.000000
vn 0.000000 -100.000000 -0.000000
vn 0.000000 -100.000000 -0.000000
vn 0.000000 -100.000000 -0.000000
vn 0.000000 -100.000000 -0.000000
vn 0.000000 -100.000000 -0.000000
vn 0.000000 -100.000000 -0.000000
vn 0.000000 -100.000000 -0.000000
vn 0.000000 -100.000000 -0.000000
vn 0.000000 -100.000000 -0.000000
vn 0.000000 -100.000000 -0.000000
vn 0.000000 -100.000000 -0.000000
vn 0.000000 -100.000000 -0.000000
vn 0.000000 -100.000000 -0.000000
vn 0.000000 -100.000000 -0.000000
vn 0.000000 -100.000000 -0.000000
vn 0.000000 -100.000000 -0.000000
vn 0.000000 -100.000000 -0.000000
vn 0.000000 -100.000000 -0.000000
vn 0.000000 -100.000000 -0.000000
vn 0.000000 -100.000000 -0.000000
vn 0.000000 -100.000000 -0.000000
usemtl Eyes_Front
f 82/163/161 160/164/162 81/165/163
f 81/165/163 160/164/162 121/166/164
f 81/167/163 121/168/164 120/169/165
f 120/169/165 121/168/164 122/170/166
f 120/169/165 122/170/166 119/171/167
f 119/171/167 122/170/166 123/172/168
f 119/171/167 123/172/168 118/173/169
f 118/173/169 123/172/168 124/174/170
f 118/173/169 124/174/170 117/175/171
f 117/175/171 124/174/170 125/176/172
f 117/175/171 125/176/172 116/177/173
f 116/177/173 125/176/172 126/178/174
f 116/177/173 126/178/174 115/179/175
f 115/179/175 126/178/174 127/180/176
f 115/179/175 127/180/176 114/181/177
f 114/181/177 127/180/176 128/182/178
f 114/181/177 128/182/178 113/183/179
f 113/183/179 128/182/178 129/184/180
f 113/183/179 129/184/180 112/185/181
f 112/185/181 129/184/180 130/186/182
f 112/185/181 130/186/182 111/187/183
f 111/187/183 130/186/182 131/188/184
f 111/187/183 131/188/184 110/189/185
f 110/189/185 131/188/184 132/190/186
f 110/189/185 132/190/186 109/191/187
f 109/191/187 132/190/186 133/192/188
f 109/191/187 133/192/188 108/193/189
f 108/193/189 133/192/188 134/194/190
f 108/193/189 134/194/190 107/195/191
f 107/195/191 134/194/190 135/196/192
f 107/195/191 135/196/192 106/197/193
f 106/197/193 135/196/192 136/198/194
f 106/197/193 136/198/194 105/199/195
f 105/199/195 136/198/194 137/200/196
f 105/199/195 137/200/196 104/201/197
f 104/201/197 137/200/196 138/202/198
f 104/201/197 138/202/198 103/203/199
f 103/203/199 138/202/198 139/204/200
f 103/203/199 139/204/200 102/205/201
f 102/205/201 139/204/200 140/206/202
f 102/205/201 140/206/202 101/207/203
f 101/207/203 140/206/202 141/208/204
f 101/207/203 141/208/204 100/209/205
f 100/209/205 141/208/204 142/210/206
f 100/209/205 142/210/206 99/211/207
f 99/211/207 142/210/206 143/212/208
f 99/211/207 143/212/208 98/213/209
f 98/213/209 143/212/208 144/214/210
f 98/213/209 144/214/210 97/215/211
f 97/215/211 144/214/210 145/216/212
f 97/215/211 145/216/212 96/217/213
f 96/217/213 145/216/212 146/218/214
f 96/217/213 146/218/214 95/219/215
f 95/219/215 146/218/214 147/220/216
f 95/219/215 147/220/216 94/221/217
f 94/221/217 147/220/216 148/222/218
f 94/221/217 148/222/218 93/223/219
f 93/223/219 148/222/218 149/224/220
f 93/223/219 149/224/220 92/225/221
f 92/225/221 149/224/220 150/226/222
f 92/225/221 150/226/222 91/227/223
f 91/227/223 150/226/222 151/228/224
f 91/227/223 151/228/224 90/229/225
f 90/229/225 151/228/224 152/230/226
f 90/229/225 152/230/226 89/231/227
f 89/231/227 152/230/226 153/232/228
f 89/231/227 153/232/228 88/233/229
f 88/233/229 153/232/228 154/234/230
f 88/233/229 154/234/230 87/235/231
f 87/235/231 154/234/230 155/236/232
f 87/235/231 155/236/232 86/237/233
f 86/237/233 155/236/232 156/238/234
f 86/237/233 156/238/234 85/239/235
f 85/239/235 156/238/234 157/240/236
f 85/239/235 157/240/236 84/241/237
f 84/241/237 157/240/236 158/242/238
f 84/241/237 158/242/238 83/243/239
f 83/243/239 158/242/238 159/244/240
f 83/243/239 159/244/240 82/163/161
f 82/163/161 159/244/240 160/164/162
f 120/245/241 102/246/242 81/247/243
f 81/247/243 102/246/242 101/248/244
f 81/247/243 101/248/244 82/249/245
f 82/249/245 101/248/244 100/250/246
f 82/249/245 100/250/246 83/251/247
f 83/251/247 100/250/246 99/252/248
f 83/251/247 99/252/248 84/253/249
f 84/253/249 99/252/248 98/254/250
f 84/253/249 98/254/250 85/255/251
f 85/255/251 98/254/250 97/256/252
f 85/255/251 97/256/252 86/257/253
f 86/257/253 97/256/252 96/258/254
f 86/257/253 96/258/254 87/259/255
f 87/259/255 96/258/254 95/260/256
f 87/259/255 95/260/256 88/261/257
f 88/261/257 95/260/256 94/262/258
f 88/261/257 94/262/258 89/263/259
f 89/263/259 94/262/258 93/264/260
f 89/263/259 93/264/260 90/265/261
f 90/265/261 93/264/260 92/266/262
f 90/265/261 92/266/262 91/267/263
f 102/246/242 120/245/241 103/268/264
f 103/268/264 120/245/241 119/269/265
f 103/268/264 119/269/265 104/270/266
f 104/270/266 119/269/265 118/271/267
f 104/270/266 118/271/267 105/272/268
f 105/272/268 118/271/267 117/273/269
f 105/272/268 117/273/269 106/274/270
f 106/274/270 117/273/269 116/275/271
f 106/274/270 116/275/271 107/276/272
f 107/276/272 116/275/271 115/277/273
f 107/276/272 115/277/273 108/278/274
f 108/278/274 115/277/273 114/279/275
f 108/278/274 114/279/275 109/280/276
f 109/280/276 114/279/275 113/281/277
f 109/280/276 113/281/277 110/282/278
f 110/282/278 113/281/277 112/283/279
f 110/282/278 112/283/279 111/284/280
f 160/285/281 142/286/282 121/287/283
f 121/287/283 142/286/282 141/288/284
f 121/287/283 141/288/284 122/289/285
f 122/289/285 141/288/284 140/290/286
f 122/289/285 140/290/286 123/291/287
f 123/291/287 140/290/286 139/292/288
f 123/291/287 139/292/288 124/293/289
f 124/293/289 139/292/288 138/294/290
f 124/293/289 138/294/290 125/295/291
f 125/295/291 138/294/290 137/296/292
f 125/295/291 137/296/292 126/297/293
f 126/297/293 137/296/292 136/298/294
f 126/297/293 136/298/294 127/299/295
f 127/299/295 136/298/294 135/300/296
f 127/299/295 135/300/296 128/301/297
f 128/301/297 135/300/296 134/302/298
f 128/301/297 134/302/298 129/303/299
f 129/303/299 134/302/298 133/304/300
f 129/303/299 133/304/300 130/305/301
f 130/305/301 133/304/300 132/306/302
f 130/305/301 132/306/302 131/307/303
f 142/286/282 160/285/281 143/308/304
f 143/308/304 160/285/281 159/309/305
f 143/308/304 159/309/305 144/310/306
f 144/310/306 159/309/305 158/311/307
f 144/310/306 158/311/307 145/312/308
f 145/312/308 158/311/307 157/313/309
f 145/312/308 157/313/309 146/314/310
f 146/314/310 157/313/309 156/315/311
f 146/314/310 156/315/311 147/316/312
f 147/316/312 156/315/311 155/317/313
f 147/316/312 155/317/313 148/318/314
f 148/318/314 155/317/313 154/319/315
f 148/318/314 154/319/315 149/320/316
f 149/320/316 154/319/315 153/321/317
f 149/320/316 153/321/317 150/322/318
f 150/322/318 153/321/317 152/323/319
f 150/322/318 152/323/319 151/324/320
g Body1:1

v -0.029000 -0.038000 0.213750
v -0.029000 -0.100000 0.213750
v -0.032000 -0.100000 0.213750
v -0.032000 -0.038000 0.213750
v -0.001000 -0.038000 0.213750
v -0.001000 -0.100000 0.213750
v -0.009000 -0.100000 0.213750
v -0.009000 -0.038000 0.213750
v 0.022000 -0.038000 0.213750
v 0.022000 -0.100000 0.213750
v 0.019000 -0.100000 0.213750
v 0.019000 -0.038000 0.213750
v -0.029000 -0.100000 0.191750
v -0.029000 -0.038000 0.191750
v -0.032000 -0.038000 0.191750
v -0.032000 -0.100000 0.191750
v -0.001000 -0.100000 0.191750
v -0.001000 -0.038000 0.191750
v -0.009000 -0.038000 0.191750
v -0.009000 -0.100000 0.191750
v 0.022000 -0.100000 0.191750
v 0.022000 -0.038000 0.191750
v 0.019000 -0.038000 0.191750
v 0.019000 -0.100000 0.191750
v -0.035000 -0.100000 0.194750
v -0.035000 -0.038000 0.194750
v -0.035000 -0.038000 0.210750
v -0.035000 -0.100000 0.210750
v -0.027500 -0.038000 0.213348
v -0.026402 -0.038000 0.212250
v -0.026000 -0.038000 0.210750
v -0.026000 -0.100000 0.210750
v -0.026402 -0.100000 0.212250
v -0.027500 -0.100000 0.213348
v -0.027500 -0.069000 0.213348
v -0.026402 -0.069000 0.212250
v -0.033500 -0.038000 0.192152
v -0.034598 -0.038000 0.193250
v -0.034598 -0.100000 0.193250
v -0.033500 -0.100000 0.192152
v -0.033500 -0.069000 0.192152
v -0.034598 -0.069000 0.193250
v -0.010500 -0.038000 0.192152
v -0.011598 -0.038000 0.193250
v -0.012000 -0.038000 0.194750
v -0.012000 -0.100000 0.194750
v -0.011598 -0.100000 0.193250
v -0.010500 -0.100000 0.192152
v -0.010500 -0.069000 0.192152
v -0.011598 -0.069000 0.193250
v 0.002000 -0.100000 0.210750
v 0.002000 -0.038000 0.210750
v 0.002000 -0.038000 0.194750
v 0.002000 -0.100000 0.194750
v 0.000500 -0.038000 0.213348
v 0.001598 -0.038000 0.212250
v 0.001598 -0.100000 0.212250
v 0.000500 -0.100000 0.213348
v 0.000500 -0.069000 0.213348
v 0.001598 -0.069000 0.212250
v 0.017500 -0.038000 0.192152
v 0.016402 -0.038000 0.193250
v 0.016000 -0.038000 0.194750
v 0.016000 -0.100000 0.194750
v 0.016402 -0.100000 0.193250
v 0.017500 -0.100000 0.192152
v 0.017500 -0.069000 0.192152
v 0.016402 -0.069000 0.193250
v 0.035000 -0.100000 0.210750
v 0.035000 -0.038000 0.210750
v 0.035000 -0.038000 0.194750
v 0.035000 -0.100000 0.194750
v 0.025000 -0.100000 0.210750
v 0.025000 -0.038000 0.210750
v 0.025000 -0.038000 0.194750
v 0.025000 -0.100000 0.194750
v 0.023500 -0.038000 0.213348
v 0.024598 -0.038000 0.212250
v 0.024598 -0.100000 0.212250
v 0.023500 -0.100000 0.213348
v 0.023500 -0.069000 0.213348
v 0.024598 -0.069000 0.212250
v 0.034598 -0.100000 0.212250
v 0.033500 -0.100000 0.213348
v 0.032000 -0.100000 0.213750
v 0.030500 -0.100000 0.213348
v 0.029402 -0.100000 0.212250
v 0.029000 -0.100000 0.210750
v 0.029000 -0.038000 0.210750
v 0.029402 -0.038000 0.212250
v 0.030500 -0.038000 0.213348
v 0.032000 -0.038000 0.213750
v 0.033500 -0.038000 0.213348
v 0.034598 -0.038000 0.212250
v 0.034598 -0.069000 0.212250
v 0.033500 -0.069000 0.213348
v 0.032000 -0.069000 0.213750
v 0.030500 -0.069000 0.213348
v 0.029402 -0.069000 0.212250
v -0.026000 -0.100000 0.194750
v -0.026000 -0.038000 0.194750
v -0.026402 -0.038000 0.193250
v -0.027500 -0.038000 0.192152
v -0.027500 -0.100000 0.192152
v -0.026402 -0.100000 0.193250
v -0.026402 -0.069000 0.193250
v -0.027500 -0.069000 0.192152
v 0.001598 -0.038000 0.193250
v 0.000500 -0.038000 0.192152
v 0.000500 -0.100000 0.192152
v 0.001598 -0.100000 0.193250
v 0.001598 -0.069000 0.193250
v 0.000500 -0.069000 0.192152
v -0.012000 -0.100000 0.210750
v -0.012000 -0.038000 0.210750
v -0.011598 -0.038000 0.212250
v -0.010500 -0.038000 0.213348
v -0.010500 -0.100000 0.213348
v -0.011598 -0.100000 0.212250
v -0.011598 -0.069000 0.212250
v -0.010500 -0.069000 0.213348
v -0.034598 -0.038000 0.212250
v -0.033500 -0.038000 0.213348
v -0.033500 -0.100000 0.213348
v -0.034598 -0.100000 0.212250
v -0.034598 -0.069000 0.212250
v -0.033500 -0.069000 0.213348
v 0.029000 -0.100000 0.194750
v 0.029000 -0.038000 0.194750
v 0.034598 -0.038000 0.193250
v 0.033500 -0.038000 0.192152
v 0.032000 -0.038000 0.191750
v 0.030500 -0.038000 0.192152
v 0.029402 -0.038000 0.193250
v 0.029402 -0.100000 0.193250
v 0.030500 -0.100000 0.192152
v 0.032000 -0.100000 0.191750
v 0.033500 -0.100000 0.192152
v 0.034598 -0.100000 0.193250
v 0.034598 -0.069000 0.193250
v 0.033500 -0.069000 0.192152
v 0.032000 -0.069000 0.191750
v 0.030500 -0.069000 0.192152
v 0.029402 -0.069000 0.193250
v 0.016000 -0.038000 0.210750
v 0.016000 -0.100000 0.210750
v 0.024598 -0.038000 0.193250
v 0.023500 -0.038000 0.192152
v 0.023500 -0.100000 0.192152
v 0.024598 -0.100000 0.193250
v 0.024598 -0.069000 0.193250
v 0.023500 -0.069000 0.192152
v 0.016402 -0.038000 0.212250
v 0.017500 -0.038000 0.213348
v 0.017500 -0.100000 0.213348
v 0.016402 -0.100000 0.212250
v 0.016402 -0.069000 0.212250
v 0.017500 -0.069000 0.213348
v 0.047500 -0.100000 0.218750
v 0.050370 -0.100000 0.218179
v 0.052803 -0.100000 0.216553
v 0.054429 -0.100000 0.214120
v 0.055000 -0.100000 0.211250
v 0.055000 -0.038000 0.211250
v 0.054429 -0.038000 0.214120
v 0.052803 -0.038000 0.216553
v 0.050370 -0.038000 0.218179
v 0.047500 -0.038000 0.218750
v -0.047500 -0.038000 0.218750
v -0.047500 -0.100000 0.218750
v 0.055000 -0.038000 0.194250
v 0.054429 -0.038000 0.191380
v 0.052803 -0.038000 0.188947
v 0.050370 -0.038000 0.187321
v 0.047500 -0.038000 0.186750
v -0.047500 -0.038000 0.186750
v -0.050370 -0.038000 0.187321
v -0.052803 -0.038000 0.188947
v -0.054429 -0.038000 0.191380
v -0.055000 -0.038000 0.194250
v -0.055000 -0.038000 0.211250
v -0.054429 -0.038000 0.214120
v -0.052803 -0.038000 0.216553
v -0.050370 -0.038000 0.218179
v 0.055000 -0.100000 0.194250
v 0.054429 -0.100000 0.191380
v 0.052803 -0.100000 0.188947
v 0.050370 -0.100000 0.187321
v 0.047500 -0.100000 0.186750
v -0.047500 -0.100000 0.186750
v -0.050370 -0.100000 0.187321
v -0.052803 -0.100000 0.188947
v -0.054429 -0.100000 0.191380
v -0.055000 -0.100000 0.194250
v -0.055000 -0.100000 0.211250
v -0.054429 -0.100000 0.214120
v -0.052803 -0.100000 0.216553
v -0.050370 -0.100000 0.218179
vt 0.600000 -0.000000 0.000000
vt 0.300000 -0.000000 0.000000
vt 0.600000 -6.200000 0.000000
vt 0.300000 -6.200000 0.000000
vt 3.400000 -0.000000 0.000000
vt 2.600000 -0.000000 0.000000
vt 3.400000 -6.200000 0.000000
vt 2.600000 -6.200000 0.000000
vt 5.700000 0.000000 0.000000
vt 5.400000 0.000000 0.000000
vt 5.700000 -6.200000 0.000000
vt 5.400000 -6.200000 0.000000
vt 0.300000 -6.200000 0.000000
vt 0.600000 -6.200000 0.000000
vt 0.300000 0.000000 0.000000
vt 0.600000 0.000000 0.000000
vt -2.500000 -6.200000 0.000000
vt -1.700000 -6.200000 0.000000
vt -2.500000 0.000000 0.000000
vt -1.700000 -0.000000 0.000000
vt -4.800000 -6.200000 0.000000
vt -4.500000 -6.200000 0.000000
vt -4.800000 0.000000 0.000000
vt -4.500000 0.000000 0.000000
vt 0.300000 -6.200000 0.000000
vt 1.900000 -6.200000 0.000000
vt 0.300000 0.000000 0.000000
vt 1.900000 0.000000 0.000000
vt -0.000000 0.078540 0.000000
vt -0.000000 0.235619 0.000000
vt -3.100000 0.078540 0.000000
vt -6.200000 0.235619 0.000000
vt -6.200000 0.078540 0.000000
vt -3.100000 -0.078540 0.000000
vt -6.200000 -0.078540 0.000000
vt -6.200000 -0.235619 0.000000
vt -0.000000 -0.235619 0.000000
vt -0.000000 -0.078540 0.000000
vt 0.000000 0.078540 0.000000
vt -0.000000 0.235619 0.000000
vt -3.100000 0.078540 0.000000
vt -6.200000 0.235619 0.000000
vt -6.200000 0.078540 0.000000
vt -3.100000 -0.078540 0.000000
vt -6.200000 -0.078540 0.000000
vt -6.200000 -0.235619 0.000000
vt -0.000000 -0.235619 0.000000
vt 0.000000 -0.078540 0.000000
vt 0.000000 0.078540 0.000000
vt -0.000000 0.235619 0.000000
vt -3.100000 0.078540 0.000000
vt -6.200000 0.235619 0.000000
vt -6.200000 0.078540 0.000000
vt -3.100000 -0.078540 0.000000
vt -6.200000 -0.078540 0.000000
vt -6.200000 -0.235619 0.000000
vt -0.000000 -0.235619 0.000000
vt 0.000000 -0.078540 0.000000
vt 0.300000 -6.200000 0.000000
vt 1.900000 -6.200000 0.000000
vt 0.300000 -0.000000 0.000000
vt 1.900000 -0.000000 0.000000
vt -0.000000 0.078540 0.000000
vt -0.000000 0.235619 0.000000
vt -3.100000 0.078540 0.000000
vt -6.200000 0.235619 0.000000
vt -6.200000 0.078540 0.000000
vt -3.100000 -0.078540 0.000000
vt -6.200000 -0.078540 0.000000
vt -6.200000 -0.235619 0.000000
vt -0.000000 -0.235619 0.000000
vt -0.000000 -0.078540 0.000000
vt 0.000000 0.078540 0.000000
vt -0.000000 0.235619 0.000000
vt -3.100000 0.078540 0.000000
vt -6.200000 0.235619 0.000000
vt -6.200000 0.078540 0.000000
vt -3.100000 -0.078540 0.000000
vt -6.200000 -0.078540 0.000000
vt -6.200000 -0.235619 0.000000
vt -0.000000 -0.235619 0.000000
vt 0.000000 -0.078540 0.000000
vt 0.300000 -6.200000 0.000000
vt 1.900000 -6.200000 0.000000
vt 0.300000 -0.000000 0.000000
vt 1.900000 -0.000000 0.000000
vt 0.300000 -6.200000 0.000000
vt 1.900000 -6.200000 0.000000
vt 0.300000 -0.000000 0.000000
vt 1.900000 -0.000000 0.000000
vt -0.000000 0.078540 0.000000
vt 0.000000 0.235619 0.000000
vt -3.100000 0.078540 0.000000
vt -6.200000 0.235619 0.000000
vt -6.200000 0.078540 0.000000
vt -3.100000 -0.078540 0.000000
vt -6.200000 -0.078540 0.000000
vt -6.200000 -0.235619 0.000000
vt -0.000000 -0.235619 0.000000
vt -0.000000 -0.078540 0.000000
vt -6.200000 -0.078540 0.000000
vt -6.200000 -0.235619 0.000000
vt -3.100000 -0.078540 0.000000
vt 0.000000 -0.235619 0.000000
vt -0.000000 -0.078540 0.000000
vt -3.100000 0.078540 0.000000
vt -0.000000 0.078540 0.000000
vt -3.100000 0.235619 0.000000
vt -0.000000 0.235619 0.000000
vt -3.100000 0.392699 0.000000
vt -0.000000 0.392699 0.000000
vt -3.100000 0.549779 0.000000
vt -0.000000 0.549779 0.000000
vt -0.000000 0.706858 0.000000
vt -6.200000 0.706858 0.000000
vt -6.200000 0.549779 0.000000
vt -6.200000 0.392699 0.000000
vt -6.200000 0.235619 0.000000
vt -6.200000 0.078540 0.000000
vt 0.000000 0.078540 0.000000
vt -0.000000 0.235619 0.000000
vt -3.100000 0.078540 0.000000
vt -6.200000 0.235619 0.000000
vt -6.200000 0.078540 0.000000
vt -3.100000 -0.078540 0.000000
vt -6.200000 -0.078540 0.000000
vt -6.200000 -0.235619 0.000000
vt -0.000000 -0.235619 0.000000
vt 0.000000 -0.078540 0.000000
vt 0.000000 0.078540 0.000000
vt -0.000000 0.235619 0.000000
vt -3.100000 0.078540 0.000000
vt -6.200000 0.235619 0.000000
vt -6.200000 0.078540 0.000000
vt -3.100000 -0.078540 0.000000
vt -6.200000 -0.078540 0.000000
vt -6.200000 -0.235619 0.000000
vt -0.000000 -0.235619 0.000000
vt 0.000000 -0.078540 0.000000
vt 0.300000 -6.200000 0.000000
vt 1.900000 -6.200000 0.000000
vt 0.300000 -0.000000 0.000000
vt 1.900000 -0.000000 0.000000
vt -0.000000 0.078540 0.000000
vt -0.000000 0.235619 0.000000
vt -3.100000 0.078540 0.000000
vt -6.200000 0.235619 0.000000
vt -6.200000 0.078540 0.000000
vt -3.100000 -0.078540 0.000000
vt -6.200000 -0.078540 0.000000
vt -6.200000 -0.235619 0.000000
vt -0.000000 -0.235619 0.000000
vt -0.000000 -0.078540 0.000000
vt -0.000000 0.078540 0.000000
vt -0.000000 0.235619 0.000000
vt -3.100000 0.078540 0.000000
vt -6.200000 0.235619 0.000000
vt -6.200000 0.078540 0.000000
vt -3.100000 -0.078540 0.000000
vt -6.200000 -0.078540 0.000000
vt -6.200000 -0.235619 0.000000
vt -0.000000 -0.235619 0.000000
vt -0.000000 -0.078540 0.000000
vt 0.300000 -6.200000 0.000000
vt 1.900000 -6.200000 0.000000
vt 0.300000 0.000000 0.000000
vt 1.900000 0.000000 0.000000
vt 0.300000 -6.200000 0.000000
vt 1.900000 -6.200000 0.000000
vt 0.300000 0.000000 0.000000
vt 1.900000 0.000000 0.000000
vt -0.000000 0.078540 0.000000
vt 0.000000 0.235619 0.000000
vt -3.100000 0.078540 0.000000
vt -6.200000 0.235619 0.000000
vt -6.200000 0.078540 0.000000
vt -3.100000 -0.078540 0.000000
vt -6.200000 -0.078540 0.000000
vt -3.100000 -0.235619 0.000000
vt -6.200000 -0.235619 0.000000
vt -3.100000 -0.392699 0.000000
vt -6.200000 -0.392699 0.000000
vt -3.100000 -0.549779 0.000000
vt -6.200000 -0.549779 0.000000
vt -6.200000 -0.706858 0.000000
vt -0.000000 -0.706858 0.000000
vt -0.000000 -0.549779 0.000000
vt -0.000000 -0.392699 0.000000
vt -0.000000 -0.235619 0.000000
vt -0.000000 -0.078540 0.000000
vt 0.300000 -6.200000 0.000000
vt 1.900000 -6.200000 0.000000
vt 0.300000 0.000000 0.000000
vt 1.900000 0.000000 0.000000
vt 0.000000 0.078540 0.000000
vt -0.000000 0.235619 0.000000
vt -3.100000 0.078540 0.000000
vt -6.200000 0.235619 0.000000
vt -6.200000 0.078540 0.000000
vt -3.100000 -0.078540 0.000000
vt -6.200000 -0.078540 0.000000
vt -6.200000 -0.235619 0.000000
vt -0.000000 -0.235619 0.000000
vt 0.000000 -0.078540 0.000000
vt -0.000000 0.078540 0.000000
vt -0.000000 0.235619 0.000000
vt -3.100000 0.078540 0.000000
vt -6.200000 0.235619 0.000000
vt -6.200000 0.078540 0.000000
vt -3.100000 -0.078540 0.000000
vt -6.200000 -0.078540 0.000000
vt -6.200000 -0.235619 0.000000
vt 0.000000 -0.235619 0.000000
vt -0.000000 -0.078540 0.000000
vt 6.200000 0.589049 0.000000
vt -0.000000 0.589049 0.000000
vt 6.200000 0.294524 0.000000
vt -0.000000 0.294524 0.000000
vt 6.200000 0.000000 0.000000
vt -0.000000 0.000000 0.000000
vt 6.200000 -0.294524 0.000000
vt -0.000000 -0.294524 0.000000
vt 6.200000 -0.589049 0.000000
vt -0.000000 -0.589049 0.000000
vt 0.750000 -6.200000 0.000000
vt 10.250000 -6.200000 0.000000
vt 0.750000 0.000000 0.000000
vt 10.250000 0.000000 0.000000
vt -2.940192 -0.950000 0.000000
vt -2.459808 -0.950000 0.000000
vt -2.900000 -0.800000 0.000000
vt -2.500000 -0.800000 0.000000
vt -2.900000 0.800000 0.000000
vt -2.500000 0.800000 0.000000
vt -2.940192 0.950000 0.000000
vt -2.459808 0.950000 0.000000
vt -3.050000 1.059808 0.000000
vt -2.350000 1.059808 0.000000
vt -3.200000 1.100000 0.000000
vt -2.200000 1.100000 0.000000
vt -4.750000 1.600000 0.000000
vt -1.900000 1.100000 0.000000
vt 0.100000 1.100000 0.000000
vt -0.050000 1.059808 0.000000
vt -1.750000 1.059808 0.000000
vt -0.159808 0.950000 0.000000
vt -1.640192 0.950000 0.000000
vt -0.200000 0.800000 0.000000
vt -1.600000 0.800000 0.000000
vt -0.200000 -0.800000 0.000000
vt -1.600000 -0.800000 0.000000
vt -0.159808 -0.950000 0.000000
vt -1.640192 -0.950000 0.000000
vt -0.050000 -1.059808 0.000000
vt -1.750000 -1.059808 0.000000
vt 0.100000 -1.100000 0.000000
vt -1.900000 -1.100000 0.000000
vt -4.750000 -1.600000 0.000000
vt -2.200000 -1.100000 0.000000
vt -3.200000 -1.100000 0.000000
vt -3.050000 -1.059808 0.000000
vt -2.350000 -1.059808 0.000000
vt -3.350000 -1.059808 0.000000
vt -5.280330 -1.380330 0.000000
vt -5.037013 -1.542910 0.000000
vt -5.442910 -1.137013 0.000000
vt -3.459808 -0.950000 0.000000
vt -5.500000 -0.850000 0.000000
vt -3.500000 -0.800000 0.000000
vt -3.500000 0.800000 0.000000
vt -5.500000 0.850000 0.000000
vt -3.459808 0.950000 0.000000
vt -5.442910 1.137013 0.000000
vt -3.350000 1.059808 0.000000
vt -5.280330 1.380330 0.000000
vt -5.037013 1.542910 0.000000
vt 2.750000 -1.059808 0.000000
vt 1.050000 -1.059808 0.000000
vt 2.900000 -1.100000 0.000000
vt 0.900000 -1.100000 0.000000
vt 4.750000 -1.600000 0.000000
vt 1.159808 -0.950000 0.000000
vt 2.640192 -0.950000 0.000000
vt 1.200000 -0.800000 0.000000
vt 2.600000 -0.800000 0.000000
vt 1.200000 0.800000 0.000000
vt 2.600000 0.800000 0.000000
vt 1.159808 0.950000 0.000000
vt 2.640192 0.950000 0.000000
vt 1.050000 1.059808 0.000000
vt 2.750000 1.059808 0.000000
vt 0.900000 1.100000 0.000000
vt 2.900000 1.100000 0.000000
vt 4.750000 1.600000 0.000000
vt 3.200000 1.100000 0.000000
vt 3.350000 1.059808 0.000000
vt 3.459808 0.950000 0.000000
vt 5.442910 1.137013 0.000000
vt 5.280330 1.380330 0.000000
vt 5.037013 1.542910 0.000000
vt 5.500000 0.850000 0.000000
vt 3.500000 0.800000 0.000000
vt 5.500000 -0.850000 0.000000
vt 3.500000 -0.800000 0.000000
vt 3.459808 -0.950000 0.000000
vt 5.442910 -1.137013 0.000000
vt 3.350000 -1.059808 0.000000
vt 5.280330 -1.380330 0.000000
vt 5.037013 -1.542910 0.000000
vt 3.200000 -1.100000 0.000000
vt 6.200000 0.589049 0.000000
vt -0.000000 0.589049 0.000000
vt 6.200000 0.294524 0.000000
vt -0.000000 0.294524 0.000000
vt 6.200000 -0.000000 0.000000
vt -0.000000 -0.000000 0.000000
vt 6.200000 -0.294524 0.000000
vt -0.000000 -0.294524 0.000000
vt 6.200000 -0.589049 0.000000
vt -0.000000 -0.589049 0.000000
vt 10.250000 0.000000 0.000000
vt 0.750000 0.000000 0.000000
vt 10.250000 -6.200000 0.000000
vt 0.750000 -6.200000 0.000000
vt 6.200000 0.589049 0.000000
vt -0.000000 0.589049 0.000000
vt 6.200000 0.294524 0.000000
vt -0.000000 0.294524 0.000000
vt 6.200000 0.000000 0.000000
vt -0.000000 0.000000 0.000000
vt 6.200000 -0.294524 0.000000
vt -0.000000 -0.294524 0.000000
vt 6.200000 -0.589049 0.000000
vt -0.000000 -0.589049 0.000000
vt 6.200000 0.589049 0.000000
vt -0.000000 0.589049 0.000000
vt 6.200000 0.294524 0.000000
vt -0.000000 0.294524 0.000000
vt 6.200000 -0.000000 0.000000
vt -0.000000 -0.000000 0.000000
vt 6.200000 -0.294524 0.000000
vt -0.000000 -0.294524 0.000000
vt 6.200000 -0.589049 0.000000
vt -0.000000 -0.589049 0.000000
vt 2.450000 0.000000 0.000000
vt 0.750000 0.000000 0.000000
vt 2.450000 -6.200000 0.000000
vt 0.750000 -6.200000 0.000000
vt 2.450000 0.000000 0.000000
vt 0.750000 0.000000 0.000000
vt 2.450000 -6.200000 0.000000
vt 0.750000 -6.200000 0.000000
vt -0.950000 2.940192 0.000000
vt -0.950000 2.459808 0.000000
vt -0.800000 2.900000 0.000000
vt -0.800000 2.500000 0.000000
vt 0.800000 2.500000 0.000000
vt -1.059808 2.350000 0.000000
vt -1.059808 3.050000 0.000000
vt -1.100000 2.200000 0.000000
vt -1.100000 3.200000 0.000000
vt -1.600000 4.750000 0.000000
vt -1.059808 3.350000 0.000000
vt -1.380330 5.280330 0.000000
vt -1.137013 5.442910 0.000000
vt -0.950000 3.459808 0.000000
vt -0.850000 5.500000 0.000000
vt -0.800000 3.500000 0.000000
vt 0.800000 3.500000 0.000000
vt 0.850000 5.500000 0.000000
vt 0.950000 3.459808 0.000000
vt 1.137013 5.442910 0.000000
vt 1.059808 3.350000 0.000000
vt 1.380330 5.280330 0.000000
vt 1.600000 4.750000 0.000000
vt 1.542910 5.037013 0.000000
vt 1.100000 3.200000 0.000000
vt 1.100000 2.200000 0.000000
vt 1.100000 1.900000 0.000000
vt 1.059808 3.050000 0.000000
vt 1.059808 2.350000 0.000000
vt 0.950000 2.940192 0.000000
vt 0.950000 2.459808 0.000000
vt 0.800000 2.900000 0.000000
vt 1.100000 -0.100000 0.000000
vt 1.059808 1.750000 0.000000
vt 1.059808 0.050000 0.000000
vt 0.950000 1.640192 0.000000
vt 0.950000 0.159808 0.000000
vt 0.800000 1.600000 0.000000
vt 0.800000 0.200000 0.000000
vt -0.800000 1.600000 0.000000
vt -0.800000 0.200000 0.000000
vt -0.950000 0.159808 0.000000
vt -0.950000 1.640192 0.000000
vt -1.059808 0.050000 0.000000
vt -1.059808 1.750000 0.000000
vt -1.100000 -0.100000 0.000000
vt -1.100000 1.900000 0.000000
vt 1.600000 -4.750000 0.000000
vt 1.100000 -0.900000 0.000000
vt 1.100000 -2.900000 0.000000
vt 1.059808 -2.750000 0.000000
vt 1.059808 -1.050000 0.000000
vt 0.950000 -1.159808 0.000000
vt 0.950000 -2.640192 0.000000
vt 0.800000 -1.200000 0.000000
vt 0.800000 -2.600000 0.000000
vt -0.800000 -1.200000 0.000000
vt -0.800000 -2.600000 0.000000
vt -0.950000 -2.640192 0.000000
vt -0.950000 -1.159808 0.000000
vt -1.059808 -2.750000 0.000000
vt -1.059808 -1.050000 0.000000
vt -1.100000 -0.900000 0.000000
vt -1.600000 -4.750000 0.000000
vt -1.100000 -2.900000 0.000000
vt 1.100000 -3.200000 0.000000
vt 1.059808 -3.350000 0.000000
vt 1.380330 -5.280330 0.000000
vt 1.137013 -5.442910 0.000000
vt 0.950000 -3.459808 0.000000
vt 0.850000 -5.500000 0.000000
vt 0.800000 -3.500000 0.000000
vt -0.800000 -3.500000 0.000000
vt -0.850000 -5.500000 0.000000
vt -0.950000 -3.459808 0.000000
vt -1.137013 -5.442910 0.000000
vt -1.059808 -3.350000 0.000000
vt -1.380330 -5.280330 0.000000
vt -1.542910 -5.037013 0.000000
vt -1.100000 -3.200000 0.000000
vt -1.542910 5.037013 0.000000
vt 1.542910 -5.037013 0.000000
vn 0.000000 0.000000 -100.000000
vn 0.000000 0.000000 -100.000000
vn 0.000000 0.000000 -100.000000
vn 0.000000 0.000000 -100.000000
vn 0.000000 0.000000 -100.000000
vn 0.000000 0.000000 -100.000000
vn 0.000000 0.000000 -100.000000
vn 0.000000 0.000000 -100.000000
vn 0.000000 0.000000 -100.000000
vn 0.000000 0.000000 -100.000000
vn 0.000000 0.000000 -100.000000
vn 0.000000 0.000000 -100.000000
vn -0.000000 -0.000000 100.000000
vn -0.000000 -0.000000 100.000000
vn -0.000000 -0.000000 100.000000
vn -0.000000 -0.000000 100.000000
vn -0.000000 -0.000000 100.000000
vn -0.000000 -0.000000 100.000000
vn -0.000000 -0.000000 100.000000
vn -0.000000 -0.000000 100.000000
vn -0.000000 -0.000000 100.000000
vn -0.000000 -0.000000 100.000000
vn -0.000000 -0.000000 100.000000
vn -0.000000 -0.000000 100.000000
vn 100.000000 0.000000 0.000000
vn 100.000000 0.000000 0.000000
vn 100.000000 0.000000 0.000000
vn 100.000000 0.000000 0.000000
vn -50.000000 -0.000000 -86.602540
vn -50.000000 -0.000000 -86.602540
vn -50.000000 -0.000000 -86.602540
vn -86.602540 -0.000000 -50.000000
vn -86.602540 -0.000000 -50.000000
vn -100.000000 -0.000000 0.000000
vn -100.000000 -0.000000 0.000000
vn -86.602540 -0.000000 -50.000000
vn 50.000000 0.000000 86.602540
vn 50.000000 0.000000 86.602540
vn 50.000000 0.000000 86.602540
vn 86.602540 0.000000 50.000000
vn 86.602540 0.000000 50.000000
vn 86.602540 0.000000 50.000000
vn 50.000000 0.000000 86.602540
vn 50.000000 0.000000 86.602540
vn 50.000000 0.000000 86.602540
vn 86.602540 0.000000 50.000000
vn 86.602540 0.000000 50.000000
vn 100.000000 0.000000 -0.000000
vn 100.000000 0.000000 -0.000000
vn 86.602540 0.000000 50.000000
vn -100.000000 -0.000000 0.000000
vn -100.000000 -0.000000 0.000000
vn -100.000000 -0.000000 0.000000
vn -100.000000 -0.000000 0.000000
vn -50.000000 -0.000000 -86.602540
vn -50.000000 -0.000000 -86.602540
vn -50.000000 -0.000000 -86.602540
vn -86.602540 -0.000000 -50.000000
vn -86.602540 -0.000000 -50.000000
vn -86.602540 -0.000000 -50.000000
vn 50.000000 0.000000 86.602540
vn 50.000000 0.000000 86.602540
vn 50.000000 0.000000 86.602540
vn 86.602540 0.000000 50.000000
vn 86.602540 0.000000 50.000000
vn 100.000000 0.000000 -0.000000
vn 100.000000 0.000000 -0.000000
vn 86.602540 0.000000 50.000000
vn -100.000000 -0.000000 -0.000000
vn -100.000000 -0.000000 -0.000000
vn -100.000000 -0.000000 -0.000000
vn -100.000000 -0.000000 -0.000000
vn -100.000000 -0.000000 0.000000
vn -100.000000 -0.000000 0.000000
vn -100.000000 -0.000000 0.000000
vn -100.000000 -0.000000 0.000000
vn -50.000000 -0.000000 -86.602540
vn -50.000000 -0.000000 -86.602540
vn -50.000000 -0.000000 -86.602540
vn -86.602540 -0.000000 -50.000000
vn -86.602540 -0.000000 -50.000000
vn -86.602540 -0.000000 -50.000000
vn -86.602540 -0.000000 -50.000000
vn -86.602540 -0.000000 -50.000000
vn -86.602540 -0.000000 -50.000000
vn -50.000000 -0.000000 -86.602540
vn -50.000000 -0.000000 -86.602540
vn 0.000000 0.000000 -100.000000
vn 0.000000 0.000000 -100.000000
vn 50.000000 0.000000 -86.602540
vn 50.000000 0.000000 -86.602540
vn 86.602540 0.000000 -50.000000
vn 86.602540 0.000000 -50.000000
vn 100.000000 0.000000 0.000000
vn 100.000000 0.000000 0.000000
vn 86.602540 0.000000 -50.000000
vn 50.000000 0.000000 -86.602540
vn 0.000000 0.000000 -100.000000
vn -50.000000 -0.000000 -86.602540
vn -86.602540 -0.000000 50.000000
vn -100.000000 -0.000000 -0.000000
vn -86.602540 -0.000000 50.000000
vn -100.000000 -0.000000 -0.000000
vn -86.602540 -0.000000 50.000000
vn -50.000000 -0.000000 86.602540
vn -50.000000 -0.000000 86.602540
vn -50.000000 -0.000000 86.602540
vn -86.602540 -0.000000 50.000000
vn -86.602540 -0.000000 50.000000
vn -86.602540 -0.000000 50.000000
vn -50.000000 -0.000000 86.602540
vn -50.000000 -0.000000 86.602540
vn -50.000000 -0.000000 86.602540
vn 86.602540 0.000000 -50.000000
vn 100.000000 0.000000 0.000000
vn 86.602540 0.000000 -50.000000
vn 100.000000 0.000000 0.000000
vn 86.602540 0.000000 -50.000000
vn 50.000000 0.000000 -86.602540
vn 50.000000 0.000000 -86.602540
vn 50.000000 0.000000 -86.602540
vn 86.602540 0.000000 -50.000000
vn 86.602540 0.000000 -50.000000
vn 86.602540 0.000000 -50.000000
vn 50.000000 0.000000 -86.602540
vn 50.000000 0.000000 -86.602540
vn 50.000000 0.000000 -86.602540
vn 100.000000 0.000000 0.000000
vn 100.000000 0.000000 0.000000
vn -86.602540 -0.000000 50.000000
vn -86.602540 -0.000000 50.000000
vn -86.602540 -0.000000 50.000000
vn -50.000000 -0.000000 86.602540
vn -50.000000 -0.000000 86.602540
vn 0.000000 0.000000 100.000000
vn 0.000000 -0.000000 100.000000
vn 50.000000 0.000000 86.602540
vn 50.000000 0.000000 86.602540
vn 86.602540 0.000000 50.000000
vn 86.602540 0.000000 50.000000
vn 86.602540 0.000000 50.000000
vn 50.000000 0.000000 86.602540
vn 0.000000 0.000000 100.000000
vn -50.000000 -0.000000 86.602540
vn 100.000000 0.000000 0.000000
vn 100.000000 0.000000 0.000000
vn -86.602540 -0.000000 50.000000
vn -86.602540 -0.000000 50.000000
vn -86.602540 -0.000000 50.000000
vn -50.000000 -0.000000 86.602540
vn -50.000000 -0.000000 86.602540
vn -50.000000 -0.000000 86.602540
vn 86.602540 0.000000 -50.000000
vn 86.602540 0.000000 -50.000000
vn 86.602540 0.000000 -50.000000
vn 50.000000 0.000000 -86.602540
vn 50.000000 0.000000 -86.602540
vn 50.000000 0.000000 -86.602540
vn 0.000000 -0.000000 100.000000
vn 0.000000 -0.000000 100.000000
vn 38.268343 0.000000 92.387953
vn 38.268343 0.000000 92.387953
vn 70.710678 0.000000 70.710678
vn 70.710678 0.000000 70.710678
vn 92.387953 0.000000 38.268343
vn 92.387953 0.000000 38.268343
vn 100.000000 0.000000 0.000000
vn 100.000000 0.000000 0.000000
vn -0.000000 -0.000000 100.000000
vn -0.000000 -0.000000 100.000000
vn 0.000000 100.000000 -0.000000
vn 0.000000 100.000000 -0.000000
vn 0.000000 100.000000 -0.000000
vn 0.000000 100.000000 -0.000000
vn 0.000000 100.000000 -0.000000
vn 0.000000 100.000000 -0.000000
vn 0.000000 100.000000 -0.000000
vn 0.000000 100.000000 -0.000000
vn 0.000000 100.000000 -0.000000
vn 0.000000 100.000000 -0.000000
vn 0.000000 100.000000 -0.000000
vn 0.000000 100.000000 -0.000000
vn 0.000000 100.000000 -0.000000
vn 0.000000 100.000000 -0.000000
vn 0.000000 100.000000 -0.000000
vn 0.000000 100.000000 -0.000000
vn 0.000000 100.000000 -0.000000
vn 0.000000 100.000000 -0.000000
vn 0.000000 100.000000 -0.000000
vn 0.000000 100.000000 -0.000000
vn 0.000000 100.000000 -0.000000
vn 0.000000 100.000000 -0.000000
vn 0.000000 100.000000 -0.000000
vn 0.000000 100.000000 -0.000000
vn 0.000000 100.000000 -0.000000
vn 0.000000 100.000000 -0.000000
vn 0.000000 100.000000 -0.000000
vn 0.000000 100.000000 -0.000000
vn 0.000000 100.000000 -0.000000
vn 0.000000 100.000000 -0.000000
vn 0.000000 100.000000 -0.000000
vn 0.000000 100.000000 -0.000000
vn 0.000000 100.000000 -0.000000
vn 0.000000 100.000000 -0.000000
vn 0.000000 100.000000 -0.000000
vn 0.000000 100.000000 -0.000000
vn 0.000000 100.000000 -0.000000
vn 0.000000 100.000000 -0.000000
vn 0.000000 100.000000 -0.000000
vn 0.000000 100.000000 -0.000000
vn 0.000000 100.000000 -0.000000
vn 0.000000 100.000000 -0.000000
vn 0.000000 100.000000 -0.000000
vn 0.000000 100.000000 -0.000000
vn 0.000000 100.000000 -0.000000
vn 0.000000 100.000000 -0.000000
vn 0.000000 100.000000 -0.000000
vn 0.000000 100.000000 -0.000000
vn 0.000000 100.000000 -0.000000
vn 0.000000 100.000000 -0.000000
vn 0.000000 100.000000 -0.000000
vn 0.000000 100.000000 -0.000000
vn 0.000000 100.000000 -0.000000
vn 0.000000 100.000000 -0.000000
vn 0.000000 100.000000 -0.000000
vn 0.000000 100.000000 -0.000000
vn 0.000000 100.000000 -0.000000
vn 0.000000 100.000000 -0.000000
vn 0.000000 100.000000 -0.000000
vn 0.000000 100.000000 -0.000000
vn 0.000000 100.000000 -0.000000
vn 0.000000 100.000000 -0.000000
vn 0.000000 100.000000 -0.000000
vn 0.000000 100.000000 -0.000000
vn 0.000000 100.000000 -0.000000
vn 0.000000 100.000000 -0.000000
vn 0.000000 100.000000 -0.000000
vn 0.000000 100.000000 -0.000000
vn 0.000000 100.000000 -0.000000
vn 0.000000 100.000000 -0.000000
vn 0.000000 100.000000 -0.000000
vn 0.000000 100.000000 -0.000000
vn 0.000000 100.000000 -0.000000
vn 0.000000 100.000000 -0.000000
vn 0.000000 100.000000 -0.000000
vn 0.000000 100.000000 -0.000000
vn 0.000000 100.000000 -0.000000
vn 0.000000 100.000000 -0.000000
vn 0.000000 100.000000 -0.000000
vn 0.000000 100.000000 -0.000000
vn 0.000000 100.000000 -0.000000
vn 0.000000 100.000000 -0.000000
vn 100.000000 0.000000 0.000000
vn 100.000000 0.000000 0.000000
vn 92.387953 0.000000 -38.268343
vn 92.387953 0.000000 -38.268343
vn 70.710678 0.000000 -70.710678
vn 70.710678 0.000000 -70.710678
vn 38.268343 0.000000 -92.387953
vn 38.268343 0.000000 -92.387953
vn -0.000000 0.000000 -100.000000
vn -0.000000 0.000000 -100.000000
vn 0.000000 0.000000 -100.000000
vn 0.000000 0.000000 -100.000000
vn -38.268343 -0.000000 -92.387953
vn -38.268343 -0.000000 -92.387953
vn -70.710678 -0.000000 -70.710678
vn -70.710678 -0.000000 -70.710678
vn -92.387953 -0.000000 -38.268343
vn -92.387953 -0.000000 -38.268343
vn -100.000000 -0.000000 -0.000000
vn -100.000000 -0.000000 -0.000000
vn -100.000000 -0.000000 -0.000000
vn -100.000000 -0.000000 -0.000000
vn -92.387953 -0.000000 38.268343
vn -92.387953 -0.000000 38.268343
vn -70.710678 -0.000000 70.710678
vn -70.710678 -0.000000 70.710678
vn -38.268343 -0.000000 92.387953
vn -38.268343 -0.000000 92.387953
vn 0.000000 -100.000000 -0.000000
vn 0.000000 -100.000000 -0.000000
vn 0.000000 -100.000000 -0.000000
vn 0.000000 -100.000000 -0.000000
vn 0.000000 -100.000000 -0.000000
vn 0.000000 -100.000000 -0.000000
vn 0.000000 -100.000000 -0.000000
vn 0.000000 -100.000000 -0.000000
vn 0.000000 -100.000000 -0.000000
vn 0.000000 -100.000000 -0.000000
vn 0.000000 -100.000000 -0.000000
vn 0.000000 -100.000000 -0.000000
vn 0.000000 -100.000000 -0.000000
vn 0.000000 -100.000000 -0.000000
vn 0.000000 -100.000000 -0.000000
vn 0.000000 -100.000000 -0.000000
vn 0.000000 -100.000000 -0.000000
vn 0.000000 -100.000000 -0.000000
vn 0.000000 -100.000000 -0.000000
vn 0.000000 -100.000000 -0.000000
vn 0.000000 -100.000000 -0.000000
vn 0.000000 -100.000000 -0.000000
vn 0.000000 -100.000000 -0.000000
vn 0.000000 -100.000000 -0.000000
vn 0.000000 -100.000000 -0.000000
vn 0.000000 -100.000000 -0.000000
vn 0.000000 -100.000000 -0.000000
vn 0.000000 -100.000000 -0.000000
vn 0.000000 -100.000000 -0.000000
vn 0.000000 -100.000000 -0.000000
vn 0.000000 -100.000000 -0.000000
vn 0.000000 -100.000000 -0.000000
vn 0.000000 -100.000000 -0.000000
vn 0.000000 -100.000000 -0.000000
vn 0.000000 -100.000000 -0.000000
vn 0.000000 -100.000000 -0.000000
vn 0.000000 -100.000000 -0.000000
vn 0.000000 -100.000000 -0.000000
vn 0.000000 -100.000000 -0.000000
vn 0.000000 -100.000000 -0.000000
vn 0.000000 -100.000000 -0.000000
vn 0.000000 -100.000000 -0.000000
vn 0.000000 -100.000000 -0.000000
vn 0.000000 -100.000000 -0.000000
vn 0.000000 -100.000000 -0.000000
vn 0.000000 -100.000000 -0.000000
vn 0.000000 -100.000000 -0.000000
vn 0.000000 -100.000000 -0.000000
vn 0.000000 -100.000000 -0.000000
vn 0.000000 -100.000000 -0.000000
vn 0.000000 -100.000000 -0.000000
vn 0.000000 -100.000000 -0.000000
vn 0.000000 -100.000000 -0.000000
vn 0.000000 -100.000000 -0.000000
vn 0.000000 -100.000000 -0.000000
vn 0.000000 -100.000000 -0.000000
vn 0.000000 -100.000000 -0.000000
vn 0.000000 -100.000000 -0.000000
vn 0.000000 -100.000000 -0.000000
vn 0.000000 -100.000000 -0.000000
vn 0.000000 -100.000000 -0.000000
vn 0.000000 -100.000000 -0.000000
vn 0.000000 -100.000000 -0.000000
vn 0.000000 -100.000000 -0.000000
vn 0.000000 -100.000000 -0.000000
vn 0.000000 -100.000000 -0.000000
vn 0.000000 -100.000000 -0.000000
vn 0.000000 -100.000000 -0.000000
vn 0.000000 -100.000000 -0.000000
vn 0.000000 -100.000000 -0.000000
vn 0.000000 -100.000000 -0.000000
vn 0.000000 -100.000000 -0.000000
vn 0.000000 -100.000000 -0.000000
vn 0.000000 -100.000000 -0.000000
vn 0.000000 -100.000000 -0.000000
vn 0.000000 -100.000000 -0.000000
vn 0.000000 -100.000000 -0.000000
vn 0.000000 -100.000000 -0.000000
vn 0.000000 -100.000000 -0.000000
vn 0.000000 -100.000000 -0.000000
vn 0.000000 -100.000000 -0.000000
vn 0.000000 -100.000000 -0.000000
usemtl Paint_-_Metal_Flake_(Gold)
f 162/325/321 163/326/322 161/327/323
f 161/327/323 163/326/322 164/328/324
f 166/329/325 167/330/326 165/331/327
f 165/331/327 167/330/326 168/332/328
f 170/333/329 171/334/330 169/335/331
f 169/335/331 171/334/330 172/336/332
f 174/337/333 175/338/334 173/339/335
f 173/339/335 175/338/334 176/340/336
f 178/341/337 179/342/338 177/343/339
f 177/343/339 179/342/338 180/344/340
f 182/345/341 183/346/342 181/347/343
f 181/347/343 183/346/342 184/348/344
f 186/349/345 187/350/346 185/351/347
f 185/351/347 187/350/346 188/352/348
f 194/353/349 162/354/321 195/355/350
f 195/355/350 162/354/321 161/356/323
f 195/355/350 161/356/323 189/357/351
f 195/355/350 189/357/351 196/358/352
f 196/358/352 189/357/351 190/359/353
f 196/358/352 190/359/353 191/360/354
f 191/360/354 192/361/355 196/358/352
f 196/358/352 192/361/355 193/362/356
f 196/358/352 193/362/356 195/355/350
f 195/355/350 193/362/356 194/353/349
f 200/363/357 176/364/336 201/365/358
f 201/365/358 176/364/336 175/366/334
f 201/365/358 175/366/334 197/367/359
f 201/365/358 197/367/359 202/368/360
f 202/368/360 197/367/359 198/369/361
f 202/368/360 198/369/361 186/370/345
f 186/370/345 185/371/347 202/368/360
f 202/368/360 185/371/347 199/372/362
f 202/368/360 199/372/362 201/365/358
f 201/365/358 199/372/362 200/363/357
f 208/373/363 180/374/340 209/375/364
f 209/375/364 180/374/340 179/376/338
f 209/375/364 179/376/338 203/377/365
f 209/375/364 203/377/365 210/378/366
f 210/378/366 203/377/365 204/379/367
f 210/378/366 204/379/367 205/380/368
f 205/380/368 206/381/369 210/378/366
f 210/378/366 206/381/369 207/382/370
f 210/378/366 207/382/370 209/375/364
f 209/375/364 207/382/370 208/373/363
f 212/383/371 213/384/372 211/385/373
f 211/385/373 213/384/372 214/386/374
f 218/387/375 166/388/325 219/389/376
f 219/389/376 166/388/325 165/390/327
f 219/389/376 165/390/327 215/391/377
f 219/389/376 215/391/377 220/392/378
f 220/392/378 215/391/377 216/393/379
f 220/392/378 216/393/379 212/394/371
f 212/394/371 211/395/373 220/392/378
f 220/392/378 211/395/373 217/396/380
f 220/392/378 217/396/380 219/389/376
f 219/389/376 217/396/380 218/387/375
f 226/397/381 184/398/344 227/399/382
f 227/399/382 184/398/344 183/400/342
f 227/399/382 183/400/342 221/401/383
f 227/399/382 221/401/383 228/402/384
f 228/402/384 221/401/383 222/403/385
f 228/402/384 222/403/385 223/404/386
f 223/404/386 224/405/387 228/402/384
f 228/402/384 224/405/387 225/406/388
f 228/402/384 225/406/388 227/399/382
f 227/399/382 225/406/388 226/397/381
f 230/407/389 231/408/390 229/409/391
f 229/409/391 231/408/390 232/410/392
f 234/411/393 235/412/394 233/413/395
f 233/413/395 235/412/394 236/414/396
f 240/415/397 170/416/329 241/417/398
f 241/417/398 170/416/329 169/418/331
f 241/417/398 169/418/331 237/419/399
f 241/417/398 237/419/399 242/420/400
f 242/420/400 237/419/399 238/421/401
f 242/420/400 238/421/401 234/422/393
f 234/422/393 233/423/395 242/420/400
f 242/420/400 233/423/395 239/424/402
f 242/420/400 239/424/402 241/417/398
f 241/417/398 239/424/402 240/415/397
f 254/425/403 230/426/389 255/427/404
f 255/427/404 230/426/389 229/428/391
f 255/427/404 229/428/391 243/429/405
f 255/427/404 243/429/405 256/430/406
f 256/430/406 243/429/405 244/431/407
f 256/430/406 244/431/407 257/432/408
f 257/432/408 244/431/407 245/433/409
f 257/432/408 245/433/409 258/434/410
f 258/434/410 245/433/409 246/435/411
f 258/434/410 246/435/411 259/436/412
f 259/436/412 246/435/411 247/437/413
f 259/436/412 247/437/413 248/438/414
f 248/438/414 249/439/415 259/436/412
f 259/436/412 249/439/415 250/440/416
f 259/436/412 250/440/416 258/434/410
f 258/434/410 250/440/416 251/441/417
f 258/434/410 251/441/417 257/432/408
f 257/432/408 251/441/417 252/442/418
f 257/432/408 252/442/418 256/430/406
f 256/430/406 252/442/418 253/443/419
f 256/430/406 253/443/419 255/427/404
f 255/427/404 253/443/419 254/425/403
f 265/444/420 260/445/421 266/446/422
f 266/446/422 260/445/421 261/447/423
f 266/446/422 261/447/423 262/448/424
f 266/446/422 262/448/424 267/449/425
f 267/449/425 262/448/424 263/450/426
f 267/449/425 263/450/426 174/451/333
f 174/451/333 173/452/335 267/449/425
f 267/449/425 173/452/335 264/453/427
f 267/449/425 264/453/427 266/446/422
f 266/446/422 264/453/427 265/444/420
f 271/454/428 214/455/374 272/456/429
f 272/456/429 214/455/374 213/457/372
f 272/456/429 213/457/372 268/458/430
f 272/456/429 268/458/430 273/459/431
f 273/459/431 268/458/430 269/460/432
f 273/459/431 269/460/432 178/461/337
f 178/461/337 177/462/339 273/459/431
f 273/459/431 177/462/339 270/463/433
f 273/459/431 270/463/433 272/456/429
f 272/456/429 270/463/433 271/454/428
f 191/464/354 261/465/423 192/466/355
f 192/466/355 261/465/423 260/467/421
f 279/468/434 274/469/435 280/470/436
f 280/470/436 274/469/435 275/471/437
f 280/470/436 275/471/437 276/472/438
f 280/470/436 276/472/438 281/473/439
f 281/473/439 276/472/438 277/474/440
f 281/473/439 277/474/440 168/475/328
f 168/475/328 167/476/326 281/473/439
f 281/473/439 167/476/326 278/477/441
f 281/473/439 278/477/441 280/470/436
f 280/470/436 278/477/441 279/468/434
f 285/478/442 188/479/348 286/480/443
f 286/480/443 188/479/348 187/481/346
f 286/480/443 187/481/346 282/482/444
f 286/480/443 282/482/444 287/483/445
f 287/483/445 282/482/444 283/484/446
f 287/483/445 283/484/446 164/485/324
f 164/485/324 163/486/322 287/483/445
f 287/483/445 163/486/322 284/487/447
f 287/483/445 284/487/447 286/480/443
f 286/480/443 284/487/447 285/478/442
f 205/488/368 275/489/437 206/490/369
f 206/490/369 275/489/437 274/491/435
f 289/492/448 249/493/415 288/494/449
f 288/494/449 249/493/415 248/495/414
f 299/496/450 232/497/392 300/498/451
f 300/498/451 232/497/392 231/499/390
f 300/498/451 231/499/390 290/500/452
f 300/498/451 290/500/452 301/501/453
f 301/501/453 290/500/452 291/502/454
f 301/501/453 291/502/454 302/503/455
f 302/503/455 291/502/454 292/504/456
f 302/503/455 292/504/456 303/505/457
f 303/505/457 292/504/456 293/506/458
f 303/505/457 293/506/458 304/507/459
f 304/507/459 293/506/458 294/508/460
f 304/507/459 294/508/460 289/509/448
f 289/509/448 288/510/449 304/507/459
f 304/507/459 288/510/449 295/511/461
f 304/507/459 295/511/461 303/505/457
f 303/505/457 295/511/461 296/512/462
f 303/505/457 296/512/462 302/503/455
f 302/503/455 296/512/462 297/513/463
f 302/503/455 297/513/463 301/501/453
f 301/501/453 297/513/463 298/514/464
f 301/501/453 298/514/464 300/498/451
f 300/498/451 298/514/464 299/496/450
f 223/515/386 305/516/465 224/517/387
f 224/517/387 305/516/465 306/518/466
f 310/519/467 236/520/396 311/521/468
f 311/521/468 236/520/396 235/522/394
f 311/521/468 235/522/394 307/523/469
f 311/521/468 307/523/469 312/524/470
f 312/524/470 307/523/469 308/525/471
f 312/524/470 308/525/471 182/526/341
f 182/526/341 181/527/343 312/524/470
f 312/524/470 181/527/343 309/528/472
f 312/524/470 309/528/472 311/521/468
f 311/521/468 309/528/472 310/519/467
f 316/529/473 306/530/466 317/531/474
f 317/531/474 306/530/466 305/532/465
f 317/531/474 305/532/465 313/533/475
f 317/531/474 313/533/475 318/534/476
f 318/534/476 313/533/475 314/535/477
f 318/534/476 314/535/477 172/536/332
f 172/536/332 171/537/330 318/534/476
f 318/534/476 171/537/330 315/538/478
f 318/534/476 315/538/478 317/531/474
f 317/531/474 315/538/478 316/529/473
f 328/539/479 319/540/480 327/541/481
f 327/541/481 319/540/480 320/542/482
f 327/541/481 320/542/482 326/543/483
f 326/543/483 320/542/482 321/544/484
f 326/543/483 321/544/484 325/545/485
f 325/545/485 321/544/484 322/546/486
f 325/545/485 322/546/486 324/547/487
f 324/547/487 322/546/486 323/548/488
f 328/549/479 329/550/489 319/551/480
f 319/551/480 329/550/489 330/552/490
f 294/553/491 307/554/492 289/555/493
f 289/555/493 307/554/492 235/556/494
f 289/555/493 235/556/494 249/557/495
f 249/557/495 235/556/494 234/558/496
f 249/557/495 234/558/496 250/559/497
f 250/559/497 234/558/496 238/560/498
f 250/559/497 238/560/498 251/561/499
f 251/561/499 238/560/498 237/562/500
f 251/561/499 237/562/500 252/563/501
f 252/563/501 237/562/500 169/564/502
f 252/563/501 169/564/502 328/565/503
f 328/565/503 169/564/502 172/566/504
f 328/565/503 172/566/504 165/567/505
f 165/567/505 172/566/504 215/568/506
f 215/568/506 172/566/504 314/569/507
f 215/568/506 314/569/507 216/570/508
f 216/570/508 314/569/507 313/571/509
f 216/570/508 313/571/509 212/572/510
f 212/572/510 313/571/509 305/573/511
f 212/572/510 305/573/511 213/574/512
f 213/574/512 305/573/511 223/575/513
f 213/574/512 223/575/513 268/576/514
f 268/576/514 223/575/513 222/577/515
f 268/576/514 222/577/515 269/578/516
f 269/578/516 222/577/515 221/579/517
f 269/578/516 221/579/517 178/580/518
f 178/580/518 221/579/517 183/581/519
f 178/580/518 183/581/519 335/582/520
f 335/582/520 183/581/519 182/583/521
f 335/582/520 182/583/521 292/584/522
f 292/584/522 182/583/521 293/585/523
f 293/585/523 182/583/521 308/586/524
f 293/585/523 308/586/524 294/553/491
f 294/553/491 308/586/524 307/554/492
f 292/584/522 291/587/525 335/582/520
f 335/582/520 291/587/525 333/588/526
f 335/582/520 333/588/526 334/589/527
f 333/588/526 291/587/525 332/590/528
f 332/590/528 291/587/525 290/591/529
f 332/590/528 290/591/529 331/592/530
f 331/592/530 290/591/529 231/593/531
f 331/592/530 231/593/531 230/594/532
f 331/592/530 230/594/532 324/595/533
f 324/595/533 230/594/532 254/596/534
f 324/595/533 254/596/534 325/597/535
f 325/597/535 254/596/534 253/598/536
f 325/597/535 253/598/536 326/599/537
f 326/599/537 253/598/536 328/565/503
f 326/599/537 328/565/503 327/600/538
f 253/598/536 252/563/501 328/565/503
f 263/601/539 203/602/540 174/603/541
f 174/603/541 203/602/540 179/604/542
f 174/603/541 179/604/542 336/605/543
f 336/605/543 179/604/542 178/580/518
f 336/605/543 178/580/518 335/582/520
f 203/602/540 263/601/539 204/606/544
f 204/606/544 263/601/539 262/607/545
f 204/606/544 262/607/545 205/608/546
f 205/608/546 262/607/545 261/609/547
f 205/608/546 261/609/547 275/610/548
f 275/610/548 261/609/547 191/611/549
f 275/610/548 191/611/549 276/612/550
f 276/612/550 191/611/549 190/613/551
f 276/612/550 190/613/551 277/614/552
f 277/614/552 190/613/551 189/615/553
f 277/614/552 189/615/553 168/616/554
f 168/616/554 189/615/553 161/617/555
f 168/616/554 161/617/555 329/618/556
f 329/618/556 161/617/555 164/619/557
f 329/618/556 164/619/557 283/620/558
f 282/621/559 342/622/560 283/620/558
f 283/620/558 342/622/560 343/623/561
f 283/620/558 343/623/561 329/618/556
f 329/618/556 343/623/561 344/624/562
f 342/622/560 282/621/559 341/625/563
f 341/625/563 282/621/559 187/626/564
f 341/625/563 187/626/564 340/627/565
f 340/627/565 187/626/564 186/628/566
f 340/627/565 186/628/566 198/629/567
f 340/627/565 198/629/567 339/630/568
f 339/630/568 198/629/567 197/631/569
f 339/630/568 197/631/569 338/632/570
f 338/632/570 197/631/569 336/605/543
f 338/632/570 336/605/543 337/633/571
f 197/631/569 175/634/572 336/605/543
f 336/605/543 175/634/572 174/603/541
f 328/565/503 165/567/505 329/618/556
f 329/618/556 165/567/505 168/616/554
f 331/635/573 345/636/574 332/637/575
f 332/637/575 345/636/574 346/638/576
f 332/637/575 346/638/576 333/639/577
f 333/639/577 346/638/576 347/640/578
f 333/639/577 347/640/578 334/641/579
f 334/641/579 347/640/578 348/642/580
f 334/641/579 348/642/580 335/643/581
f 335/643/581 348/642/580 349/644/582
f 349/645/582 350/646/583 335/647/581
f 335/647/581 350/646/583 336/648/584
f 336/649/584 350/650/583 337/651/585
f 337/651/585 350/650/583 351/652/586
f 337/651/585 351/652/586 338/653/587
f 338/653/587 351/652/586 352/654/588
f 338/653/587 352/654/588 339/655/589
f 339/655/589 352/654/588 353/656/590
f 339/655/589 353/656/590 340/657/591
f 340/657/591 353/656/590 354/658/592
f 341/659/593 355/660/594 342/661/595
f 342/661/595 355/660/594 356/662/596
f 342/661/595 356/662/596 343/663/597
f 343/663/597 356/662/596 357/664/598
f 343/663/597 357/664/598 344/665/599
f 344/665/599 357/664/598 358/666/600
f 344/665/599 358/666/600 329/667/489
f 329/667/489 358/666/600 330/668/490
f 354/669/592 355/670/594 340/671/591
f 340/671/591 355/670/594 341/672/593
f 323/673/488 345/674/574 324/675/487
f 324/675/487 345/674/574 331/676/573
f 247/677/601 239/678/602 248/679/603
f 248/679/603 239/678/602 233/680/604
f 248/679/603 233/680/604 236/681/605
f 239/678/602 247/677/601 240/682/606
f 240/682/606 247/677/601 246/683/607
f 240/682/606 246/683/607 170/684/608
f 170/684/608 246/683/607 245/685/609
f 170/684/608 245/685/609 319/686/610
f 319/686/610 245/685/609 244/687/611
f 319/686/610 244/687/611 321/688/612
f 321/688/612 244/687/611 322/689/613
f 322/689/613 244/687/611 243/690/614
f 322/689/613 243/690/614 323/691/615
f 323/691/615 243/690/614 229/692/616
f 323/691/615 229/692/616 232/693/617
f 323/691/615 232/693/617 345/694/618
f 345/694/618 232/693/617 299/695/619
f 345/694/618 299/695/619 346/696/620
f 346/696/620 299/695/619 298/697/621
f 346/696/620 298/697/621 347/698/622
f 347/698/622 298/697/621 349/699/623
f 347/698/622 349/699/623 348/700/624
f 298/697/621 297/701/625 349/699/623
f 349/699/623 297/701/625 181/702/626
f 349/699/623 181/702/626 184/703/627
f 297/701/625 296/704/628 181/702/626
f 181/702/626 296/704/628 309/705/629
f 309/705/629 296/704/628 295/706/630
f 309/705/629 295/706/630 310/707/631
f 310/707/631 295/706/630 288/708/632
f 310/707/631 288/708/632 236/681/605
f 236/681/605 288/708/632 248/679/603
f 349/699/623 184/703/627 177/709/633
f 177/709/633 184/703/627 226/710/634
f 177/709/633 226/710/634 270/711/635
f 270/711/635 226/710/634 225/712/636
f 270/711/635 225/712/636 271/713/637
f 271/713/637 225/712/636 224/714/638
f 271/713/637 224/714/638 214/715/639
f 214/715/639 224/714/638 306/716/640
f 214/715/639 306/716/640 211/717/641
f 211/717/641 306/716/640 217/718/642
f 217/718/642 306/716/640 316/719/643
f 217/718/642 316/719/643 218/720/644
f 218/720/644 316/719/643 315/721/645
f 218/720/644 315/721/645 166/722/646
f 166/722/646 315/721/645 171/723/647
f 166/722/646 171/723/647 319/686/610
f 319/686/610 171/723/647 170/684/608
f 349/699/623 177/709/633 350/724/648
f 350/724/648 177/709/633 180/725/649
f 350/724/648 180/725/649 173/726/650
f 173/726/650 180/725/649 264/727/651
f 264/727/651 180/725/649 208/728/652
f 264/727/651 208/728/652 207/729/653
f 264/727/651 207/729/653 265/730/654
f 265/730/654 207/729/653 206/731/655
f 265/730/654 206/731/655 260/732/656
f 260/732/656 206/731/655 274/733/657
f 260/732/656 274/733/657 192/734/658
f 192/734/658 274/733/657 193/735/659
f 193/735/659 274/733/657 279/736/660
f 193/735/659 279/736/660 194/737/661
f 194/737/661 279/736/660 278/738/662
f 194/737/661 278/738/662 167/739/663
f 166/722/646 330/740/664 167/739/663
f 167/739/663 330/740/664 162/741/665
f 167/739/663 162/741/665 194/737/661
f 173/726/650 176/742/666 350/724/648
f 350/724/648 176/742/666 200/743/667
f 350/724/648 200/743/667 352/744/668
f 352/744/668 200/743/667 353/745/669
f 353/745/669 200/743/667 199/746/670
f 353/745/669 199/746/670 354/747/671
f 354/747/671 199/746/670 185/748/672
f 354/747/671 185/748/672 188/749/673
f 354/747/671 188/749/673 355/750/674
f 355/750/674 188/749/673 285/751/675
f 355/750/674 285/751/675 356/752/676
f 356/752/676 285/751/675 284/753/677
f 356/752/676 284/753/677 357/754/678
f 357/754/678 284/753/677 330/740/664
f 357/754/678 330/740/664 358/755/679
f 284/753/677 163/756/680 330/740/664
f 330/740/664 163/756/680 162/741/665
f 321/688/612 320/757/681 319/686/610
f 319/686/610 330/740/664 166/722/646
f 352/744/668 351/758/682 350/724/648
g Body1:2

v 0.022000 -0.080000 0.191750
v 0.019000 -0.080000 0.191750
v 0.019000 -0.038000 0.191750
v 0.022000 -0.038000 0.191750
v -0.029000 -0.080000 0.191750
v -0.032000 -0.080000 0.191750
v -0.032000 -0.038000 0.191750
v -0.029000 -0.038000 0.191750
v 0.055000 -0.096823 0.194250
v 0.055000 -0.090023 0.200384
v 0.055000 -0.082836 0.206059
v 0.055000 -0.075291 0.211250
v 0.055000 -0.038000 0.211250
v 0.055000 -0.038000 0.194250
v 0.054439 -0.100000 0.191404
v 0.054429 -0.038000 0.191380
v 0.052803 -0.038000 0.188947
v 0.050370 -0.038000 0.187321
v 0.047500 -0.038000 0.186750
v 0.047500 -0.100000 0.186750
v 0.050378 -0.100000 0.187324
v 0.052816 -0.100000 0.188959
v -0.032000 -0.080000 0.213750
v -0.029000 -0.080000 0.213750
v -0.029000 -0.038000 0.213750
v -0.032000 -0.038000 0.213750
v -0.009000 -0.080000 0.213750
v -0.001000 -0.080000 0.213750
v -0.001000 -0.038000 0.213750
v -0.009000 -0.038000 0.213750
v -0.035000 -0.080000 0.194750
v -0.035000 -0.080000 0.210750
v -0.035000 -0.038000 0.210750
v -0.035000 -0.038000 0.194750
v -0.027500 -0.080000 0.213348
v -0.026402 -0.080000 0.212250
v -0.026000 -0.080000 0.210750
v -0.026000 -0.038000 0.210750
v -0.026402 -0.038000 0.212250
v -0.027500 -0.038000 0.213348
v -0.027500 -0.059000 0.213348
v -0.026402 -0.059000 0.212250
v -0.033500 -0.080000 0.192152
v -0.034598 -0.080000 0.193250
v -0.034598 -0.038000 0.193250
v -0.033500 -0.038000 0.192152
v -0.033500 -0.059000 0.192152
v -0.034598 -0.059000 0.193250
v -0.001000 -0.080000 0.191750
v -0.009000 -0.080000 0.191750
v -0.009000 -0.038000 0.191750
v -0.001000 -0.038000 0.191750
v -0.010500 -0.080000 0.192152
v -0.011598 -0.080000 0.193250
v -0.012000 -0.080000 0.194750
v -0.012000 -0.038000 0.194750
v -0.011598 -0.038000 0.193250
v -0.010500 -0.038000 0.192152
v -0.010500 -0.059000 0.192152
v -0.011598 -0.059000 0.193250
v 0.002000 -0.080000 0.210750
v 0.002000 -0.080000 0.194750
v 0.002000 -0.038000 0.194750
v 0.002000 -0.038000 0.210750
v 0.000500 -0.080000 0.213348
v 0.001598 -0.080000 0.212250
v 0.001598 -0.038000 0.212250
v 0.000500 -0.038000 0.213348
v 0.000500 -0.059000 0.213348
v 0.001598 -0.059000 0.212250
v 0.017500 -0.080000 0.192152
v 0.016402 -0.080000 0.193250
v 0.016000 -0.080000 0.194750
v 0.016000 -0.038000 0.194750
v 0.016402 -0.038000 0.193250
v 0.017500 -0.038000 0.192152
v 0.017500 -0.059000 0.192152
v 0.016402 -0.059000 0.193250
v 0.035000 -0.080000 0.210750
v 0.035000 -0.080000 0.194750
v 0.035000 -0.038000 0.194750
v 0.035000 -0.038000 0.210750
v 0.025000 -0.080000 0.210750
v 0.025000 -0.080000 0.194750
v 0.025000 -0.038000 0.194750
v 0.025000 -0.038000 0.210750
v 0.022000 -0.080000 0.213750
v 0.023500 -0.080000 0.213348
v 0.024598 -0.080000 0.212250
v 0.024598 -0.038000 0.212250
v 0.023500 -0.038000 0.213348
v 0.022000 -0.038000 0.213750
v 0.023500 -0.059000 0.213348
v 0.024598 -0.059000 0.212250
v 0.029000 -0.080000 0.210750
v 0.029402 -0.080000 0.212250
v 0.030500 -0.080000 0.213348
v 0.032000 -0.080000 0.213750
v 0.033500 -0.080000 0.213348
v 0.034598 -0.080000 0.212250
v 0.034598 -0.038000 0.212250
v 0.033500 -0.038000 0.213348
v 0.032000 -0.038000 0.213750
v 0.030500 -0.038000 0.213348
v 0.029402 -0.038000 0.212250
v 0.029000 -0.038000 0.210750
v 0.029402 -0.059000 0.212250
v 0.030500 -0.059000 0.213348
v 0.032000 -0.059000 0.213750
v 0.033500 -0.059000 0.213348
v 0.034598 -0.059000 0.212250
v -0.026000 -0.080000 0.194750
v -0.026402 -0.080000 0.193250
v -0.027500 -0.080000 0.192152
v -0.027500 -0.038000 0.192152
v -0.026402 -0.038000 0.193250
v -0.026000 -0.038000 0.194750
v -0.026402 -0.059000 0.193250
v -0.027500 -0.059000 0.192152
v 0.001598 -0.080000 0.193250
v 0.000500 -0.080000 0.192152
v 0.000500 -0.038000 0.192152
v 0.001598 -0.038000 0.193250
v 0.001598 -0.059000 0.193250
v 0.000500 -0.059000 0.192152
v -0.012000 -0.080000 0.210750
v -0.011598 -0.080000 0.212250
v -0.010500 -0.080000 0.213348
v -0.010500 -0.038000 0.213348
v -0.011598 -0.038000 0.212250
v -0.012000 -0.038000 0.210750
v -0.011598 -0.059000 0.212250
v -0.010500 -0.059000 0.213348
v -0.034598 -0.080000 0.212250
v -0.033500 -0.080000 0.213348
v -0.033500 -0.038000 0.213348
v -0.034598 -0.038000 0.212250
v -0.034598 -0.059000 0.212250
v -0.033500 -0.059000 0.213348
v 0.019000 -0.080000 0.213750
v 0.019000 -0.038000 0.213750
v 0.029000 -0.080000 0.194750
v 0.029000 -0.038000 0.194750
v 0.034598 -0.080000 0.193250
v 0.033500 -0.080000 0.192152
v 0.032000 -0.080000 0.191750
v 0.030500 -0.080000 0.192152
v 0.029402 -0.080000 0.193250
v 0.029402 -0.038000 0.193250
v 0.030500 -0.038000 0.192152
v 0.032000 -0.038000 0.191750
v 0.033500 -0.038000 0.192152
v 0.034598 -0.038000 0.193250
v 0.034598 -0.059000 0.193250
v 0.033500 -0.059000 0.192152
v 0.032000 -0.059000 0.191750
v 0.030500 -0.059000 0.192152
v 0.029402 -0.059000 0.193250
v 0.016000 -0.080000 0.210750
v 0.016000 -0.038000 0.210750
v 0.024598 -0.080000 0.193250
v 0.023500 -0.080000 0.192152
v 0.023500 -0.038000 0.192152
v 0.024598 -0.038000 0.193250
v 0.024598 -0.059000 0.193250
v 0.023500 -0.059000 0.192152
v 0.016402 -0.080000 0.212250
v 0.017500 -0.080000 0.213348
v 0.017500 -0.038000 0.213348
v 0.016402 -0.038000 0.212250
v 0.016402 -0.059000 0.212250
v 0.017500 -0.059000 0.213348
v 0.054680 -0.072044 0.213415
v 0.053529 -0.068989 0.215714
v 0.052525 -0.067791 0.216817
v 0.051025 -0.067013 0.217870
v 0.050153 -0.066939 0.218265
v 0.049209 -0.067103 0.218553
v 0.047500 -0.067961 0.218750
v 0.047500 -0.038000 0.218750
v 0.050370 -0.038000 0.218179
v 0.052803 -0.038000 0.216553
v 0.054429 -0.038000 0.214120
v 0.038876 -0.073237 0.218750
v 0.029674 -0.077424 0.218750
v 0.020031 -0.080460 0.218750
v 0.010091 -0.082299 0.218750
v -0.000000 -0.082916 0.218750
v -0.010091 -0.082299 0.218750
v -0.020031 -0.080460 0.218750
v -0.029674 -0.077424 0.218750
v -0.038876 -0.073237 0.218750
v -0.047500 -0.067961 0.218750
v -0.047500 -0.038000 0.218750
v -0.050370 -0.038000 0.218179
v -0.052803 -0.038000 0.216553
v -0.054429 -0.038000 0.214120
v -0.055000 -0.038000 0.211250
v -0.055000 -0.038000 0.194250
v -0.054429 -0.038000 0.191380
v -0.052803 -0.038000 0.188947
v -0.050370 -0.038000 0.187321
v -0.047500 -0.038000 0.186750
v -0.047500 -0.100000 0.186750
v -0.055000 -0.096823 0.194250
v -0.054439 -0.100000 0.191404
v -0.052816 -0.100000 0.188959
v -0.050378 -0.100000 0.187324
v -0.049255 -0.067090 0.218541
v -0.050176 -0.066937 0.218256
v -0.051044 -0.067018 0.217859
v -0.052534 -0.067798 0.216810
v -0.053533 -0.068996 0.215708
v -0.054681 -0.072048 0.213412
v -0.055000 -0.075291 0.211250
v -0.055000 -0.082836 0.206059
v -0.055000 -0.090023 0.200384
v 0.010000 -0.100000 0.103750
v 0.010616 -0.100000 0.111572
v 0.012447 -0.100000 0.119201
v 0.015450 -0.100000 0.126450
v 0.019549 -0.100000 0.133139
v 0.024645 -0.100000 0.139105
v 0.030611 -0.100000 0.144201
v 0.037300 -0.100000 0.148300
v 0.044549 -0.100000 0.151303
v 0.052178 -0.100000 0.153134
v 0.060000 -0.100000 0.153750
v 0.067822 -0.100000 0.153134
v 0.075451 -0.100000 0.151303
v 0.082700 -0.100000 0.148300
v 0.089389 -0.100000 0.144201
v 0.095355 -0.100000 0.139105
v 0.100451 -0.100000 0.133139
v 0.104550 -0.100000 0.126450
v 0.107553 -0.100000 0.119201
v 0.109384 -0.100000 0.111572
v 0.110000 -0.100000 0.103750
v 0.109384 -0.100000 0.095928
v 0.107553 -0.100000 0.088299
v 0.104550 -0.100000 0.081050
v 0.100451 -0.100000 0.074361
v 0.095355 -0.100000 0.068395
v 0.089389 -0.100000 0.063299
v 0.082700 -0.100000 0.059200
v 0.075451 -0.100000 0.056197
v 0.067822 -0.100000 0.054366
v 0.060000 -0.100000 0.053750
v 0.052178 -0.100000 0.054366
v 0.044549 -0.100000 0.056197
v 0.037300 -0.100000 0.059200
v 0.030611 -0.100000 0.063299
v 0.024645 -0.100000 0.068395
v 0.019549 -0.100000 0.074361
v 0.015450 -0.100000 0.081050
v 0.012447 -0.100000 0.088299
v 0.010616 -0.100000 0.095928
v -0.110000 -0.100000 0.103750
v -0.109384 -0.100000 0.111572
v -0.107553 -0.100000 0.119201
v -0.104550 -0.100000 0.126450
v -0.100451 -0.100000 0.133139
v -0.095355 -0.100000 0.139105
v -0.089389 -0.100000 0.144201
v -0.082700 -0.100000 0.148300
v -0.075451 -0.100000 0.151303
v -0.067822 -0.100000 0.153134
v -0.060000 -0.100000 0.153750
v -0.052178 -0.100000 0.153134
v -0.044549 -0.100000 0.151303
v -0.037300 -0.100000 0.148300
v -0.030611 -0.100000 0.144201
v -0.024645 -0.100000 0.139105
v -0.019549 -0.100000 0.133139
v -0.015450 -0.100000 0.126450
v -0.012447 -0.100000 0.119201
v -0.010616 -0.100000 0.111572
v -0.010000 -0.100000 0.103750
v -0.010616 -0.100000 0.095928
v -0.012447 -0.100000 0.088299
v -0.015450 -0.100000 0.081050
v -0.019549 -0.100000 0.074361
v -0.024645 -0.100000 0.068395
v -0.030611 -0.100000 0.063299
v -0.037300 -0.100000 0.059200
v -0.044549 -0.100000 0.056197
v -0.052178 -0.100000 0.054366
v -0.060000 -0.100000 0.053750
v -0.067822 -0.100000 0.054366
v -0.075451 -0.100000 0.056197
v -0.082700 -0.100000 0.059200
v -0.089389 -0.100000 0.063299
v -0.095355 -0.100000 0.068395
v -0.100451 -0.100000 0.074361
v -0.104550 -0.100000 0.081050
v -0.107553 -0.100000 0.088299
v -0.109384 -0.100000 0.095928
v -0.064177 -0.100000 0.185300
v -0.073236 -0.100000 0.178228
v -0.081522 -0.100000 0.170263
v -0.088946 -0.100000 0.161490
v -0.095430 -0.100000 0.152001
v -0.100906 -0.100000 0.141896
v -0.105315 -0.100000 0.131283
v -0.108612 -0.100000 0.120273
v -0.110761 -0.100000 0.108983
v -0.111739 -0.100000 0.097532
v -0.111537 -0.100000 0.086041
v -0.110157 -0.100000 0.074631
v -0.107612 -0.100000 0.063424
v -0.103930 -0.100000 0.052537
v -0.099150 -0.100000 0.042085
v -0.093322 -0.100000 0.032179
v -0.086508 -0.100000 0.022924
v -0.078780 -0.100000 0.014417
v -0.070220 -0.100000 0.006749
v -0.060917 -0.100000 0.000000
v 0.060917 -0.100000 0.000000
v 0.070220 -0.100000 0.006749
v 0.078780 -0.100000 0.014417
v 0.086508 -0.100000 0.022924
v 0.093322 -0.100000 0.032179
v 0.099150 -0.100000 0.042085
v 0.103930 -0.100000 0.052537
v 0.107612 -0.100000 0.063424
v 0.110157 -0.100000 0.074631
v 0.111537 -0.100000 0.086041
v 0.111739 -0.100000 0.097532
v 0.110761 -0.100000 0.108983
v 0.108612 -0.100000 0.120273
v 0.105315 -0.100000 0.131283
v 0.100906 -0.100000 0.141896
v 0.095430 -0.100000 0.152001
v 0.088946 -0.100000 0.161490
v 0.081522 -0.100000 0.170263
v 0.073236 -0.100000 0.178228
v 0.064177 -0.100000 0.185300
v 0.070759 -0.093296 0.000000
v 0.079869 -0.085626 0.000000
v 0.088153 -0.077071 0.000000
v 0.095525 -0.067719 0.000000
v 0.101909 -0.057667 0.000000
v 0.107239 -0.047018 0.000000
v 0.111460 -0.035883 0.000000
v 0.114528 -0.024376 0.000000
v 0.116412 -0.012618 0.000000
v 0.117091 -0.000729 0.000000
v 0.116560 0.011168 0.000000
v 0.114823 0.022949 0.000000
v 0.111898 0.034492 0.000000
v 0.107816 0.045679 0.000000
v 0.102619 0.056394 0.000000
v 0.096361 0.066525 0.000000
v 0.089106 0.075968 0.000000
v 0.080929 0.084625 0.000000
v 0.071915 0.092407 0.000000
v 0.062158 0.099234 0.000000
v 0.051757 0.105034 0.000000
v 0.040822 0.109748 0.000000
v 0.029464 0.113326 0.000000
v 0.017801 0.115733 0.000000
v 0.005954 0.116942 0.000000
v -0.005954 0.116942 0.000000
v -0.017801 0.115733 0.000000
v -0.029464 0.113326 0.000000
v -0.040822 0.109748 0.000000
v -0.051757 0.105034 0.000000
v -0.062158 0.099234 0.000000
v -0.071915 0.092407 0.000000
v -0.080929 0.084625 0.000000
v -0.089106 0.075968 0.000000
v -0.096361 0.066525 0.000000
v -0.102619 0.056394 0.000000
v -0.107816 0.045679 0.000000
v -0.111898 0.034492 0.000000
v -0.114823 0.022949 0.000000
v -0.116560 0.011168 0.000000
v -0.117091 -0.000729 0.000000
v -0.116412 -0.012618 0.000000
v -0.114528 -0.024376 0.000000
v -0.111460 -0.035883 0.000000
v -0.107239 -0.047018 0.000000
v -0.101909 -0.057667 0.000000
v -0.095525 -0.067719 0.000000
v -0.088153 -0.077071 0.000000
v -0.079869 -0.085626 0.000000
v -0.070759 -0.093296 0.000000
v -0.000000 0.000000 0.243750
v -0.125032 0.000000 0.010883
v -0.131963 0.000000 0.022435
v -0.137829 0.000000 0.034562
v -0.142583 0.000000 0.047166
v -0.146187 0.000000 0.060146
v -0.148613 0.000000 0.073397
v -0.149839 0.000000 0.086812
v -0.149858 0.000000 0.100283
v -0.148667 0.000000 0.113701
v -0.146278 0.000000 0.126959
v -0.142709 0.000000 0.139948
v -0.137988 0.000000 0.152565
v -0.132155 0.000000 0.164708
v -0.125256 0.000000 0.176278
v -0.117347 0.000000 0.187183
v -0.108491 0.000000 0.197334
v -0.098761 0.000000 0.206650
v -0.088233 0.000000 0.215055
v -0.076995 0.000000 0.222482
v -0.065135 0.000000 0.228870
v -0.052750 0.000000 0.234169
v -0.039939 0.000000 0.238335
v -0.026806 0.000000 0.241335
v -0.013457 0.000000 0.243145
v -0.042416 -0.064258 0.222482
v -0.017133 -0.075064 0.222482
v 0.017133 -0.075064 0.222482
v 0.042416 -0.064258 0.222482
v 0.125032 0.000000 0.010883
v 0.005610 0.124907 0.010883
v 0.064646 -0.097935 0.187183
v 0.059768 -0.090544 0.197334
v 0.078096 -0.097929 0.176278
v 0.073165 -0.091746 0.187183
v 0.067643 -0.084822 0.197334
v 0.061576 -0.077214 0.206650
v 0.055013 -0.068984 0.215055
v 0.048005 -0.060197 0.222482
v 0.053208 -0.055651 0.222482
v 0.040611 -0.050924 0.228870
v 0.032889 -0.041241 0.234169
v 0.024902 -0.031226 0.238335
v 0.016713 -0.020958 0.241335
v 0.008391 -0.010521 0.243145
v 0.007414 -0.011231 0.243145
v 0.014768 -0.022372 0.241335
v 0.022002 -0.033332 0.238335
v 0.029060 -0.044023 0.234169
v 0.035883 -0.054360 0.228870
v 0.095359 -0.099737 0.152565
v 0.091328 -0.095521 0.164708
v 0.086560 -0.090535 0.176278
v 0.081094 -0.084818 0.187183
v 0.074974 -0.078417 0.197334
v 0.068250 -0.071384 0.206650
v 0.060975 -0.063775 0.215055
v 0.045012 -0.047079 0.228870
v 0.036453 -0.038127 0.234169
v 0.027600 -0.028868 0.238335
v 0.018525 -0.019375 0.241335
v 0.009300 -0.009727 0.243145
v 0.094131 -0.082295 0.010883
v 0.099349 -0.086855 0.022435
v 0.103767 -0.090715 0.034562
v 0.107348 -0.093842 0.047166
v 0.110063 -0.096213 0.060146
v 0.111890 -0.097808 0.073397
v 0.112815 -0.098614 0.086812
v 0.112830 -0.098624 0.100283
v 0.111935 -0.097839 0.113701
v 0.110137 -0.096265 0.126959
v 0.107451 -0.093915 0.139948
v 0.103899 -0.090807 0.152565
v 0.099508 -0.086967 0.164708
v 0.094314 -0.082425 0.176278
v 0.088360 -0.077220 0.187183
v 0.081693 -0.071391 0.197334
v 0.074367 -0.064987 0.206650
v 0.066440 -0.058059 0.215055
v 0.057978 -0.050663 0.222482
v 0.049048 -0.042858 0.228870
v 0.039722 -0.034708 0.234169
v 0.030076 -0.026279 0.238335
v 0.020187 -0.017638 0.241335
v 0.010134 -0.008854 0.243145
v 0.095248 -0.099622 0.034562
v 0.091194 -0.095382 0.022435
v 0.086405 -0.090373 0.010883
v 0.077956 -0.097754 0.010883
v 0.101153 -0.073492 0.010883
v 0.106760 -0.077566 0.022435
v 0.111506 -0.081014 0.034562
v 0.115352 -0.083808 0.047166
v 0.118268 -0.085927 0.060146
v 0.120230 -0.087352 0.073397
v 0.121223 -0.088073 0.086812
v 0.121237 -0.088084 0.100283
v 0.120274 -0.087384 0.113701
v 0.118341 -0.085980 0.126959
v 0.115454 -0.083882 0.139948
v 0.111635 -0.081108 0.152565
v 0.106916 -0.077679 0.164708
v 0.101334 -0.073624 0.176278
v 0.094936 -0.068975 0.187183
v 0.087771 -0.063770 0.197334
v 0.079899 -0.058050 0.206650
v 0.071382 -0.051862 0.215055
v 0.062290 -0.045256 0.222482
v 0.052695 -0.038285 0.228870
v 0.042675 -0.031005 0.234169
v 0.032311 -0.023476 0.238335
v 0.021687 -0.015756 0.241335
v 0.010887 -0.007910 0.243145
v 0.107334 -0.064129 0.010883
v 0.113283 -0.067684 0.022435
v 0.118319 -0.070692 0.034562
v 0.122400 -0.073131 0.047166
v 0.125494 -0.074979 0.060146
v 0.127576 -0.076223 0.073397
v 0.128629 -0.076853 0.086812
v 0.128645 -0.076862 0.100283
v 0.127623 -0.076251 0.113701
v 0.125572 -0.075026 0.126959
v 0.122508 -0.073195 0.139948
v 0.118456 -0.070774 0.152565
v 0.113448 -0.067782 0.164708
v 0.107526 -0.064244 0.176278
v 0.100736 -0.060187 0.187183
v 0.093134 -0.055645 0.197334
v 0.084781 -0.050654 0.206650
v 0.075744 -0.045255 0.215055
v 0.066096 -0.039490 0.222482
v 0.055915 -0.033408 0.228870
v 0.045283 -0.027055 0.234169
v 0.034286 -0.020485 0.238335
v 0.023012 -0.013749 0.241335
v 0.011553 -0.006902 0.243145
v 0.112650 -0.054250 0.010883
v 0.118894 -0.057256 0.022435
v 0.124179 -0.059802 0.034562
v 0.128463 -0.061864 0.047166
v 0.131710 -0.063428 0.060146
v 0.133895 -0.064481 0.073397
v 0.135001 -0.065013 0.086812
v 0.135017 -0.065021 0.100283
v 0.133945 -0.064504 0.113701
v 0.131792 -0.063468 0.126959
v 0.128576 -0.061919 0.139948
v 0.124323 -0.059871 0.152565
v 0.119068 -0.057340 0.164708
v 0.112852 -0.054347 0.176278
v 0.105726 -0.050915 0.187183
v 0.097747 -0.047073 0.197334
v 0.088980 -0.042851 0.206650
v 0.079496 -0.038283 0.215055
v 0.069370 -0.033407 0.222482
v 0.058684 -0.028261 0.228870
v 0.047526 -0.022887 0.234169
v 0.035984 -0.017329 0.238335
v 0.024152 -0.011631 0.241335
v 0.012125 -0.005839 0.243145
v 0.117060 -0.043933 0.010883
v 0.123548 -0.046368 0.022435
v 0.129040 -0.048430 0.034562
v 0.133491 -0.050100 0.047166
v 0.136866 -0.051367 0.060146
v 0.139136 -0.052219 0.073397
v 0.140285 -0.052650 0.086812
v 0.140302 -0.052656 0.100283
v 0.139187 -0.052238 0.113701
v 0.136950 -0.051398 0.126959
v 0.133609 -0.050144 0.139948
v 0.129190 -0.048486 0.152565
v 0.123728 -0.046436 0.164708
v 0.117269 -0.044012 0.176278
v 0.109864 -0.041233 0.187183
v 0.101573 -0.038121 0.197334
v 0.092463 -0.034702 0.206650
v 0.082607 -0.031003 0.215055
v 0.072085 -0.027054 0.222482
v 0.060981 -0.022887 0.228870
v 0.049386 -0.018535 0.234169
v 0.037392 -0.014034 0.238335
v 0.025097 -0.009419 0.241335
v 0.012599 -0.004729 0.243145
v 0.120527 -0.033263 0.010883
v 0.127207 -0.035107 0.022435
v 0.132862 -0.036668 0.034562
v 0.137445 -0.037932 0.047166
v 0.140919 -0.038891 0.060146
v 0.143257 -0.039536 0.073397
v 0.144440 -0.039863 0.086812
v 0.144457 -0.039868 0.100283
v 0.143310 -0.039551 0.113701
v 0.141006 -0.038915 0.126959
v 0.137566 -0.037966 0.139948
v 0.133016 -0.036710 0.152565
v 0.127393 -0.035158 0.164708
v 0.120742 -0.033323 0.176278
v 0.113118 -0.031219 0.187183
v 0.104582 -0.028863 0.197334
v 0.095202 -0.026274 0.206650
v 0.085054 -0.023473 0.215055
v 0.074220 -0.020483 0.222482
v 0.062788 -0.017328 0.228870
v 0.050849 -0.014033 0.234169
v 0.038500 -0.010625 0.238335
v 0.025840 -0.007131 0.241335
v 0.012972 -0.003580 0.243145
v 0.123023 -0.022325 0.010883
v 0.129842 -0.023563 0.022435
v 0.135614 -0.024610 0.034562
v 0.140292 -0.025459 0.047166
v 0.143838 -0.026103 0.060146
v 0.146224 -0.026536 0.073397
v 0.147431 -0.026755 0.086812
v 0.147449 -0.026758 0.100283
v 0.146278 -0.026546 0.113701
v 0.143927 -0.026119 0.126959
v 0.140415 -0.025482 0.139948
v 0.135771 -0.024639 0.152565
v 0.130031 -0.023597 0.164708
v 0.123243 -0.022365 0.176278
v 0.115461 -0.020953 0.187183
v 0.106748 -0.019372 0.197334
v 0.097174 -0.017634 0.206650
v 0.086816 -0.015755 0.215055
v 0.075757 -0.013748 0.222482
v 0.064088 -0.011630 0.228870
v 0.051902 -0.009419 0.234169
v 0.039297 -0.007131 0.238335
v 0.026376 -0.004786 0.241335
v 0.013241 -0.002403 0.243145
v 0.124529 -0.011208 0.010883
v 0.131431 -0.011829 0.022435
v 0.137274 -0.012355 0.034562
v 0.142009 -0.012781 0.047166
v 0.145599 -0.013104 0.060146
v 0.148014 -0.013322 0.073397
v 0.149236 -0.013432 0.086812
v 0.149254 -0.013433 0.100283
v 0.148069 -0.013326 0.113701
v 0.145689 -0.013112 0.126959
v 0.142134 -0.012792 0.139948
v 0.137433 -0.012369 0.152565
v 0.131623 -0.011846 0.164708
v 0.124752 -0.011228 0.176278
v 0.116875 -0.010519 0.187183
v 0.108055 -0.009725 0.197334
v 0.098363 -0.008853 0.206650
v 0.087878 -0.007909 0.215055
v 0.076685 -0.006902 0.222482
v 0.064873 -0.005839 0.228870
v 0.052537 -0.004728 0.234169
v 0.039778 -0.003580 0.238335
v 0.026698 -0.002403 0.241335
v 0.013403 -0.001206 0.243145
v 0.131963 0.000000 0.022435
v 0.137829 0.000000 0.034562
v 0.142583 0.000000 0.047166
v 0.146187 0.000000 0.060146
v 0.148613 0.000000 0.073397
v 0.149839 0.000000 0.086812
v 0.149858 0.000000 0.100283
v 0.148667 0.000000 0.113701
v 0.146278 0.000000 0.126959
v 0.142709 0.000000 0.139948
v 0.137988 0.000000 0.152565
v 0.132155 0.000000 0.164708
v 0.125256 0.000000 0.176278
v 0.117347 0.000000 0.187183
v 0.108491 0.000000 0.197334
v 0.098761 0.000000 0.206650
v 0.088233 0.000000 0.215055
v 0.076995 0.000000 0.222482
v 0.065135 0.000000 0.228870
v 0.052750 0.000000 0.234169
v 0.039939 0.000000 0.238335
v 0.026806 0.000000 0.241335
v 0.013457 0.000000 0.243145
v 0.123023 0.022325 0.010883
v 0.129842 0.023563 0.022435
v 0.135614 0.024610 0.034562
v 0.140292 0.025459 0.047166
v 0.143838 0.026103 0.060146
v 0.146224 0.026536 0.073397
v 0.147431 0.026755 0.086812
v 0.147449 0.026758 0.100283
v 0.146278 0.026546 0.113701
v 0.143927 0.026119 0.126959
v 0.140415 0.025482 0.139948
v 0.135771 0.024639 0.152565
v 0.130031 0.023597 0.164708
v 0.123243 0.022365 0.176278
v 0.115461 0.020953 0.187183
v 0.106748 0.019372 0.197334
v 0.097174 0.017634 0.206650
v 0.086816 0.015755 0.215055
v 0.075757 0.013748 0.222482
v 0.064088 0.011630 0.228870
v 0.051902 0.009419 0.234169
v 0.039297 0.007131 0.238335
v 0.026376 0.004786 0.241335
v 0.013241 0.002403 0.243145
v 0.013403 0.001206 0.243145
v 0.026698 0.002403 0.241335
v 0.039778 0.003580 0.238335
v 0.052537 0.004728 0.234169
v 0.064873 0.005839 0.228870
v 0.076685 0.006902 0.222482
v 0.087878 0.007909 0.215055
v 0.098363 0.008853 0.206650
v 0.108055 0.009725 0.197334
v 0.116875 0.010519 0.187183
v 0.124752 0.011228 0.176278
v 0.131623 0.011846 0.164708
v 0.137433 0.012369 0.152565
v 0.142134 0.012792 0.139948
v 0.145689 0.013112 0.126959
v 0.148069 0.013326 0.113701
v 0.149254 0.013433 0.100283
v 0.149236 0.013432 0.086812
v 0.148014 0.013322 0.073397
v 0.145599 0.013104 0.060146
v 0.142009 0.012781 0.047166
v 0.137274 0.012355 0.034562
v 0.131431 0.011829 0.022435
v 0.124529 0.011208 0.010883
v 0.120527 0.033263 0.010883
v 0.127207 0.035107 0.022435
v 0.132862 0.036668 0.034562
v 0.137445 0.037932 0.047166
v 0.140919 0.038891 0.060146
v 0.143257 0.039536 0.073397
v 0.144440 0.039863 0.086812
v 0.144457 0.039868 0.100283
v 0.143310 0.039551 0.113701
v 0.141006 0.038915 0.126959
v 0.137566 0.037966 0.139948
v 0.133016 0.036710 0.152565
v 0.127393 0.035158 0.164708
v 0.120742 0.033323 0.176278
v 0.113118 0.031219 0.187183
v 0.104582 0.028863 0.197334
v 0.095202 0.026274 0.206650
v 0.085054 0.023473 0.215055
v 0.074220 0.020483 0.222482
v 0.062788 0.017328 0.228870
v 0.050849 0.014033 0.234169
v 0.038500 0.010625 0.238335
v 0.025840 0.007131 0.241335
v 0.012972 0.003580 0.243145
v 0.117060 0.043933 0.010883
v 0.123548 0.046368 0.022435
v 0.129040 0.048430 0.034562
v 0.133491 0.050100 0.047166
v 0.136866 0.051367 0.060146
v 0.139136 0.052219 0.073397
v 0.140285 0.052650 0.086812
v 0.140302 0.052656 0.100283
v 0.139187 0.052238 0.113701
v 0.136950 0.051398 0.126959
v 0.133609 0.050144 0.139948
v 0.129190 0.048486 0.152565
v 0.123728 0.046436 0.164708
v 0.117269 0.044012 0.176278
v 0.109864 0.041233 0.187183
v 0.101573 0.038121 0.197334
v 0.092463 0.034702 0.206650
v 0.082607 0.031003 0.215055
v 0.072085 0.027054 0.222482
v 0.060981 0.022887 0.228870
v 0.049386 0.018535 0.234169
v 0.037392 0.014034 0.238335
v 0.025097 0.009419 0.241335
v 0.012599 0.004729 0.243145
v 0.112650 0.054250 0.010883
v 0.118894 0.057256 0.022435
v 0.124179 0.059802 0.034562
v 0.128463 0.061864 0.047166
v 0.131710 0.063428 0.060146
v 0.133895 0.064481 0.073397
v 0.135001 0.065013 0.086812
v 0.135017 0.065021 0.100283
v 0.133945 0.064504 0.113701
v 0.131792 0.063468 0.126959
v 0.128576 0.061919 0.139948
v 0.124323 0.059871 0.152565
v 0.119068 0.057340 0.164708
v 0.112852 0.054347 0.176278
v 0.105726 0.050915 0.187183
v 0.097747 0.047073 0.197334
v 0.088980 0.042851 0.206650
v 0.079496 0.038283 0.215055
v 0.069370 0.033407 0.222482
v 0.058684 0.028261 0.228870
v 0.047526 0.022887 0.234169
v 0.035984 0.017329 0.238335
v 0.024152 0.011631 0.241335
v 0.012125 0.005839 0.243145
v 0.107334 0.064129 0.010883
v 0.113283 0.067684 0.022435
v 0.118319 0.070692 0.034562
v 0.122400 0.073131 0.047166
v 0.125494 0.074979 0.060146
v 0.127576 0.076223 0.073397
v 0.128629 0.076853 0.086812
v 0.128645 0.076862 0.100283
v 0.127623 0.076251 0.113701
v 0.125572 0.075026 0.126959
v 0.122508 0.073195 0.139948
v 0.118456 0.070774 0.152565
v 0.113448 0.067782 0.164708
v 0.107526 0.064244 0.176278
v 0.100736 0.060187 0.187183
v 0.093134 0.055645 0.197334
v 0.084781 0.050654 0.206650
v 0.075744 0.045255 0.215055
v 0.066096 0.039490 0.222482
v 0.055915 0.033408 0.228870
v 0.045283 0.027055 0.234169
v 0.034286 0.020485 0.238335
v 0.023012 0.013749 0.241335
v 0.011553 0.006902 0.243145
v 0.101153 0.073492 0.010883
v 0.106760 0.077566 0.022435
v 0.111506 0.081014 0.034562
v 0.115352 0.083808 0.047166
v 0.118268 0.085927 0.060146
v 0.120230 0.087352 0.073397
v 0.121223 0.088073 0.086812
v 0.121237 0.088084 0.100283
v 0.120274 0.087384 0.113701
v 0.118341 0.085980 0.126959
v 0.115454 0.083882 0.139948
v 0.111635 0.081108 0.152565
v 0.106916 0.077679 0.164708
v 0.101334 0.073624 0.176278
v 0.094936 0.068975 0.187183
v 0.087771 0.063770 0.197334
v 0.079899 0.058050 0.206650
v 0.071382 0.051862 0.215055
v 0.062290 0.045256 0.222482
v 0.052695 0.038285 0.228870
v 0.042675 0.031005 0.234169
v 0.032311 0.023476 0.238335
v 0.021687 0.015756 0.241335
v 0.010887 0.007910 0.243145
v 0.094158 0.082264 0.010883
v 0.099377 0.086823 0.022435
v 0.103795 0.090683 0.034562
v 0.107375 0.093811 0.047166
v 0.110090 0.096182 0.060146
v 0.111916 0.097778 0.073397
v 0.112840 0.098585 0.086812
v 0.112854 0.098597 0.100283
v 0.111957 0.097814 0.113701
v 0.110158 0.096242 0.126959
v 0.107470 0.093893 0.139948
v 0.103915 0.090788 0.152565
v 0.099522 0.086950 0.164708
v 0.094327 0.082411 0.176278
v 0.088371 0.077207 0.187183
v 0.081702 0.071381 0.197334
v 0.074374 0.064978 0.206650
v 0.066446 0.058052 0.215055
v 0.057982 0.050658 0.222482
v 0.049051 0.042855 0.228870
v 0.039724 0.034706 0.234169
v 0.030077 0.026277 0.238335
v 0.020187 0.017637 0.241335
v 0.010134 0.008854 0.243145
v 0.077956 0.097754 0.010883
v 0.082277 0.103173 0.022435
v 0.085935 0.107759 0.034562
v 0.088899 0.111476 0.047166
v 0.091146 0.114294 0.060146
v 0.092659 0.116190 0.073397
v 0.093423 0.117149 0.086812
v 0.093435 0.117163 0.100283
v 0.092693 0.116233 0.113701
v 0.091203 0.114365 0.126959
v 0.088977 0.111574 0.139948
v 0.086034 0.107884 0.152565
v 0.082397 0.103323 0.164708
v 0.078096 0.097929 0.176278
v 0.073165 0.091746 0.187183
v 0.067643 0.084822 0.197334
v 0.061576 0.077214 0.206650
v 0.055013 0.068984 0.215055
v 0.048005 0.060197 0.222482
v 0.040611 0.050924 0.228870
v 0.032889 0.041241 0.234169
v 0.024902 0.031226 0.238335
v 0.016713 0.020958 0.241335
v 0.008391 0.010521 0.243145
v 0.009300 0.009727 0.243145
v 0.018525 0.019375 0.241335
v 0.027601 0.028867 0.238335
v 0.036454 0.038127 0.234169
v 0.045013 0.047078 0.228870
v 0.053210 0.055650 0.222482
v 0.060977 0.063773 0.215055
v 0.068252 0.071381 0.206650
v 0.074978 0.078414 0.197334
v 0.081098 0.084814 0.187183
v 0.086565 0.090530 0.176278
v 0.091333 0.095516 0.164708
v 0.095365 0.099731 0.152565
v 0.098627 0.103143 0.139948
v 0.101095 0.105722 0.126959
v 0.102746 0.107448 0.113701
v 0.103570 0.108308 0.100283
v 0.103558 0.108294 0.086812
v 0.102710 0.107407 0.073397
v 0.101035 0.105654 0.060146
v 0.098544 0.103049 0.047166
v 0.095258 0.099612 0.034562
v 0.091205 0.095372 0.022435
v 0.086415 0.090363 0.010883
v 0.068880 0.104349 0.010883
v 0.072698 0.110133 0.022435
v 0.075929 0.115028 0.034562
v 0.078549 0.118996 0.047166
v 0.080534 0.122004 0.060146
v 0.081870 0.124028 0.073397
v 0.082546 0.125052 0.086812
v 0.082556 0.125067 0.100283
v 0.081900 0.124074 0.113701
v 0.080584 0.122080 0.126959
v 0.078618 0.119101 0.139948
v 0.076017 0.115161 0.152565
v 0.072804 0.110293 0.164708
v 0.069003 0.104535 0.176278
v 0.064646 0.097935 0.187183
v 0.059768 0.090544 0.197334
v 0.054407 0.082423 0.206650
v 0.048608 0.073637 0.215055
v 0.042416 0.064258 0.222482
v 0.035883 0.054360 0.228870
v 0.029060 0.044023 0.234169
v 0.022002 0.033332 0.238335
v 0.014768 0.022372 0.241335
v 0.007414 0.011231 0.243145
v 0.059249 0.110103 0.010883
v 0.062533 0.116206 0.022435
v 0.065313 0.121371 0.034562
v 0.067566 0.125558 0.047166
v 0.069274 0.128732 0.060146
v 0.070423 0.130868 0.073397
v 0.071004 0.131948 0.086812
v 0.071013 0.131964 0.100283
v 0.070449 0.130916 0.113701
v 0.069316 0.128812 0.126959
v 0.067625 0.125669 0.139948
v 0.065388 0.121512 0.152565
v 0.062624 0.116375 0.164708
v 0.059355 0.110300 0.176278
v 0.055607 0.103335 0.187183
v 0.051411 0.095537 0.197334
v 0.046800 0.086968 0.206650
v 0.041811 0.077698 0.215055
v 0.036485 0.067801 0.222482
v 0.030865 0.057357 0.228870
v 0.024996 0.046451 0.234169
v 0.018926 0.035170 0.238335
v 0.012703 0.023606 0.241335
v 0.006377 0.011851 0.243145
v 0.049141 0.114971 0.010883
v 0.051865 0.121343 0.022435
v 0.054170 0.126737 0.034562
v 0.056039 0.131109 0.047166
v 0.057455 0.134423 0.060146
v 0.058409 0.136654 0.073397
v 0.058891 0.137782 0.086812
v 0.058898 0.137798 0.100283
v 0.058430 0.136704 0.113701
v 0.057491 0.134507 0.126959
v 0.056088 0.131224 0.139948
v 0.054233 0.126884 0.152565
v 0.051940 0.121520 0.164708
v 0.049229 0.115177 0.176278
v 0.046120 0.107904 0.187183
v 0.042640 0.099761 0.197334
v 0.038815 0.090813 0.206650
v 0.034678 0.081133 0.215055
v 0.030261 0.070799 0.222482
v 0.025600 0.059893 0.228870
v 0.020732 0.048505 0.234169
v 0.015697 0.036725 0.238335
v 0.010536 0.024649 0.241335
v 0.005289 0.012374 0.243145
v 0.038637 0.118913 0.010883
v 0.040779 0.125504 0.022435
v 0.042591 0.131083 0.034562
v 0.044061 0.135605 0.047166
v 0.045174 0.139032 0.060146
v 0.045924 0.141339 0.073397
v 0.046303 0.142506 0.086812
v 0.046309 0.142523 0.100283
v 0.045941 0.141391 0.113701
v 0.045202 0.139118 0.126959
v 0.044099 0.135724 0.139948
v 0.042641 0.131235 0.152565
v 0.040838 0.125687 0.164708
v 0.038706 0.119126 0.176278
v 0.036262 0.111604 0.187183
v 0.033526 0.103181 0.197334
v 0.030519 0.093927 0.206650
v 0.027266 0.083915 0.215055
v 0.023793 0.073226 0.222482
v 0.020128 0.061947 0.228870
v 0.016301 0.050168 0.234169
v 0.012342 0.037984 0.238335
v 0.008284 0.025494 0.241335
v 0.004159 0.012799 0.243145
v 0.027822 0.121898 0.010883
v 0.029364 0.128654 0.022435
v 0.030670 0.134373 0.034562
v 0.031728 0.139008 0.047166
v 0.032530 0.142522 0.060146
v 0.033069 0.144887 0.073397
v 0.033342 0.146083 0.086812
v 0.033346 0.146100 0.100283
v 0.033082 0.144940 0.113701
v 0.032550 0.142610 0.126959
v 0.031756 0.139131 0.139948
v 0.030705 0.134529 0.152565
v 0.029407 0.128842 0.164708
v 0.027872 0.122116 0.176278
v 0.026112 0.114405 0.187183
v 0.024142 0.105771 0.197334
v 0.021976 0.096285 0.206650
v 0.019634 0.086021 0.215055
v 0.017133 0.075064 0.222482
v 0.014494 0.063502 0.228870
v 0.011738 0.051427 0.234169
v 0.008887 0.038938 0.238335
v 0.005965 0.026134 0.241335
v 0.002995 0.013120 0.243145
v 0.016784 0.123901 0.010883
v 0.017714 0.130768 0.022435
v 0.018501 0.136581 0.034562
v 0.019139 0.141293 0.047166
v 0.019623 0.144864 0.060146
v 0.019949 0.147268 0.073397
v 0.020113 0.148483 0.086812
v 0.020116 0.148501 0.100283
v 0.019956 0.147322 0.113701
v 0.019635 0.144954 0.126959
v 0.019156 0.141417 0.139948
v 0.018523 0.136740 0.152565
v 0.017740 0.130959 0.164708
v 0.016814 0.124123 0.176278
v 0.015752 0.116285 0.187183
v 0.014563 0.107509 0.197334
v 0.013257 0.097867 0.206650
v 0.011844 0.087435 0.215055
v 0.010335 0.076298 0.222482
v 0.008743 0.064545 0.228870
v 0.007081 0.052272 0.234169
v 0.005361 0.039578 0.238335
v 0.003598 0.026564 0.241335
v 0.001806 0.013336 0.243145
v 0.005920 0.131830 0.022435
v 0.006184 0.137690 0.034562
v 0.006397 0.142439 0.047166
v 0.006559 0.146040 0.060146
v 0.006667 0.148463 0.073397
v 0.006723 0.149689 0.086812
v 0.006723 0.149707 0.100283
v 0.006670 0.148518 0.113701
v 0.006563 0.146131 0.126959
v 0.006403 0.142565 0.139948
v 0.006191 0.137849 0.152565
v 0.005929 0.132022 0.164708
v 0.005620 0.125130 0.176278
v 0.005265 0.117229 0.187183
v 0.004867 0.108382 0.197334
v 0.004431 0.098661 0.206650
v 0.003959 0.088145 0.215055
v 0.003454 0.076917 0.222482
v 0.002922 0.065069 0.228870
v 0.002367 0.052697 0.234169
v 0.001792 0.039899 0.238335
v 0.001203 0.026779 0.241335
v 0.000604 0.013444 0.243145
v -0.016784 0.123901 0.010883
v -0.017714 0.130768 0.022435
v -0.018501 0.136581 0.034562
v -0.019139 0.141293 0.047166
v -0.019623 0.144864 0.060146
v -0.019949 0.147268 0.073397
v -0.020113 0.148483 0.086812
v -0.020116 0.148501 0.100283
v -0.019956 0.147322 0.113701
v -0.019635 0.144954 0.126959
v -0.019156 0.141417 0.139948
v -0.018523 0.136740 0.152565
v -0.017740 0.130959 0.164708
v -0.016814 0.124123 0.176278
v -0.015752 0.116285 0.187183
v -0.014563 0.107509 0.197334
v -0.013257 0.097867 0.206650
v -0.011844 0.087435 0.215055
v -0.010335 0.076298 0.222482
v -0.008743 0.064545 0.228870
v -0.007081 0.052272 0.234169
v -0.005361 0.039578 0.238335
v -0.003598 0.026564 0.241335
v -0.001806 0.013336 0.243145
v -0.000604 0.013444 0.243145
v -0.001203 0.026779 0.241335
v -0.001792 0.039899 0.238335
v -0.002367 0.052697 0.234169
v -0.002922 0.065069 0.228870
v -0.003454 0.076917 0.222482
v -0.003959 0.088145 0.215055
v -0.004431 0.098661 0.206650
v -0.004867 0.108382 0.197334
v -0.005265 0.117229 0.187183
v -0.005620 0.125130 0.176278
v -0.005929 0.132022 0.164708
v -0.006191 0.137849 0.152565
v -0.006403 0.142565 0.139948
v -0.006563 0.146131 0.126959
v -0.006670 0.148518 0.113701
v -0.006723 0.149707 0.100283
v -0.006723 0.149689 0.086812
v -0.006667 0.148463 0.073397
v -0.006559 0.146040 0.060146
v -0.006397 0.142439 0.047166
v -0.006184 0.137690 0.034562
v -0.005920 0.131830 0.022435
v -0.005610 0.124907 0.010883
v -0.027822 0.121898 0.010883
v -0.029364 0.128654 0.022435
v -0.030670 0.134373 0.034562
v -0.031728 0.139008 0.047166
v -0.032530 0.142522 0.060146
v -0.033069 0.144887 0.073397
v -0.033342 0.146083 0.086812
v -0.033346 0.146100 0.100283
v -0.033082 0.144940 0.113701
v -0.032550 0.142610 0.126959
v -0.031756 0.139131 0.139948
v -0.030705 0.134529 0.152565
v -0.029407 0.128842 0.164708
v -0.027872 0.122116 0.176278
v -0.026112 0.114405 0.187183
v -0.024142 0.105771 0.197334
v -0.021976 0.096285 0.206650
v -0.019634 0.086021 0.215055
v -0.017133 0.075064 0.222482
v -0.014494 0.063502 0.228870
v -0.011738 0.051427 0.234169
v -0.008887 0.038938 0.238335
v -0.005965 0.026134 0.241335
v -0.002995 0.013120 0.243145
v -0.038637 0.118913 0.010883
v -0.040779 0.125504 0.022435
v -0.042591 0.131083 0.034562
v -0.044061 0.135605 0.047166
v -0.045174 0.139032 0.060146
v -0.045924 0.141339 0.073397
v -0.046303 0.142506 0.086812
v -0.046309 0.142523 0.100283
v -0.045941 0.141391 0.113701
v -0.045202 0.139118 0.126959
v -0.044099 0.135724 0.139948
v -0.042641 0.131235 0.152565
v -0.040838 0.125687 0.164708
v -0.038706 0.119126 0.176278
v -0.036262 0.111604 0.187183
v -0.033526 0.103181 0.197334
v -0.030519 0.093927 0.206650
v -0.027266 0.083915 0.215055
v -0.023793 0.073226 0.222482
v -0.020128 0.061947 0.228870
v -0.016301 0.050168 0.234169
v -0.012342 0.037984 0.238335
v -0.008284 0.025494 0.241335
v -0.004159 0.012799 0.243145
v -0.049141 0.114971 0.010883
v -0.051865 0.121343 0.022435
v -0.054170 0.126737 0.034562
v -0.056039 0.131109 0.047166
v -0.057455 0.134423 0.060146
v -0.058409 0.136654 0.073397
v -0.058891 0.137782 0.086812
v -0.058898 0.137798 0.100283
v -0.058430 0.136704 0.113701
v -0.057491 0.134507 0.126959
v -0.056088 0.131224 0.139948
v -0.054233 0.126884 0.152565
v -0.051940 0.121520 0.164708
v -0.049229 0.115177 0.176278
v -0.046120 0.107904 0.187183
v -0.042640 0.099761 0.197334
v -0.038815 0.090813 0.206650
v -0.034678 0.081133 0.215055
v -0.030261 0.070799 0.222482
v -0.025600 0.059893 0.228870
v -0.020732 0.048505 0.234169
v -0.015697 0.036725 0.238335
v -0.010536 0.024649 0.241335
v -0.005289 0.012374 0.243145
v -0.059249 0.110103 0.010883
v -0.062533 0.116206 0.022435
v -0.065313 0.121371 0.034562
v -0.067566 0.125558 0.047166
v -0.069274 0.128732 0.060146
v -0.070423 0.130868 0.073397
v -0.071004 0.131948 0.086812
v -0.071013 0.131964 0.100283
v -0.070449 0.130916 0.113701
v -0.069316 0.128812 0.126959
v -0.067625 0.125669 0.139948
v -0.065388 0.121512 0.152565
v -0.062624 0.116375 0.164708
v -0.059355 0.110300 0.176278
v -0.055607 0.103335 0.187183
v -0.051411 0.095537 0.197334
v -0.046800 0.086968 0.206650
v -0.041811 0.077698 0.215055
v -0.036485 0.067801 0.222482
v -0.030865 0.057357 0.228870
v -0.024996 0.046451 0.234169
v -0.018926 0.035170 0.238335
v -0.012703 0.023606 0.241335
v -0.006377 0.011851 0.243145
v -0.068880 0.104349 0.010883
v -0.072698 0.110133 0.022435
v -0.075929 0.115028 0.034562
v -0.078549 0.118996 0.047166
v -0.080534 0.122004 0.060146
v -0.081870 0.124028 0.073397
v -0.082546 0.125052 0.086812
v -0.082556 0.125067 0.100283
v -0.081900 0.124074 0.113701
v -0.080584 0.122080 0.126959
v -0.078618 0.119101 0.139948
v -0.076017 0.115161 0.152565
v -0.072804 0.110293 0.164708
v -0.069003 0.104535 0.176278
v -0.064646 0.097935 0.187183
v -0.059768 0.090544 0.197334
v -0.054407 0.082423 0.206650
v -0.048608 0.073637 0.215055
v -0.042416 0.064258 0.222482
v -0.035883 0.054360 0.228870
v -0.029060 0.044023 0.234169
v -0.022002 0.033332 0.238335
v -0.014768 0.022372 0.241335
v -0.007414 0.011231 0.243145
v -0.077956 0.097754 0.010883
v -0.082277 0.103173 0.022435
v -0.085935 0.107759 0.034562
v -0.088899 0.111476 0.047166
v -0.091146 0.114294 0.060146
v -0.092659 0.116190 0.073397
v -0.093423 0.117149 0.086812
v -0.093435 0.117163 0.100283
v -0.092693 0.116233 0.113701
v -0.091203 0.114365 0.126959
v -0.088977 0.111574 0.139948
v -0.086034 0.107884 0.152565
v -0.082397 0.103323 0.164708
v -0.078096 0.097929 0.176278
v -0.073165 0.091746 0.187183
v -0.067643 0.084822 0.197334
v -0.061576 0.077214 0.206650
v -0.055013 0.068984 0.215055
v -0.048005 0.060197 0.222482
v -0.040611 0.050924 0.228870
v -0.032889 0.041241 0.234169
v -0.024902 0.031226 0.238335
v -0.016713 0.020958 0.241335
v -0.008391 0.010521 0.243145
v -0.094158 0.082264 0.010883
v -0.099377 0.086823 0.022435
v -0.103795 0.090683 0.034562
v -0.107375 0.093811 0.047166
v -0.110090 0.096182 0.060146
v -0.111916 0.097778 0.073397
v -0.112840 0.098585 0.086812
v -0.112854 0.098597 0.100283
v -0.111957 0.097814 0.113701
v -0.110158 0.096242 0.126959
v -0.107470 0.093893 0.139948
v -0.103915 0.090788 0.152565
v -0.099522 0.086950 0.164708
v -0.094327 0.082411 0.176278
v -0.088371 0.077207 0.187183
v -0.081702 0.071381 0.197334
v -0.074374 0.064978 0.206650
v -0.066446 0.058052 0.215055
v -0.057982 0.050658 0.222482
v -0.049051 0.042855 0.228870
v -0.039724 0.034706 0.234169
v -0.030077 0.026277 0.238335
v -0.020187 0.017637 0.241335
v -0.010134 0.008854 0.243145
v -0.009300 0.009727 0.243145
v -0.018525 0.019375 0.241335
v -0.027601 0.028867 0.238335
v -0.036454 0.038127 0.234169
v -0.045013 0.047078 0.228870
v -0.053210 0.055650 0.222482
v -0.060977 0.063773 0.215055
v -0.068252 0.071381 0.206650
v -0.074978 0.078414 0.197334
v -0.081098 0.084814 0.187183
v -0.086565 0.090530 0.176278
v -0.091333 0.095516 0.164708
v -0.095365 0.099731 0.152565
v -0.098627 0.103143 0.139948
v -0.101095 0.105722 0.126959
v -0.102746 0.107448 0.113701
v -0.103570 0.108308 0.100283
v -0.103558 0.108294 0.086812
v -0.102710 0.107407 0.073397
v -0.101035 0.105654 0.060146
v -0.098544 0.103049 0.047166
v -0.095258 0.099612 0.034562
v -0.091205 0.095372 0.022435
v -0.086415 0.090363 0.010883
v -0.101153 0.073492 0.010883
v -0.106760 0.077566 0.022435
v -0.111506 0.081014 0.034562
v -0.115352 0.083808 0.047166
v -0.118268 0.085927 0.060146
v -0.120230 0.087352 0.073397
v -0.121223 0.088073 0.086812
v -0.121237 0.088084 0.100283
v -0.120274 0.087384 0.113701
v -0.118341 0.085980 0.126959
v -0.115454 0.083882 0.139948
v -0.111635 0.081108 0.152565
v -0.106916 0.077679 0.164708
v -0.101334 0.073624 0.176278
v -0.094936 0.068975 0.187183
v -0.087771 0.063770 0.197334
v -0.079899 0.058050 0.206650
v -0.071382 0.051862 0.215055
v -0.062290 0.045256 0.222482
v -0.052695 0.038285 0.228870
v -0.042675 0.031005 0.234169
v -0.032311 0.023476 0.238335
v -0.021687 0.015756 0.241335
v -0.010887 0.007910 0.243145
v -0.107334 0.064129 0.010883
v -0.113283 0.067684 0.022435
v -0.118319 0.070692 0.034562
v -0.122400 0.073131 0.047166
v -0.125494 0.074979 0.060146
v -0.127576 0.076223 0.073397
v -0.128629 0.076853 0.086812
v -0.128645 0.076862 0.100283
v -0.127623 0.076251 0.113701
v -0.125572 0.075026 0.126959
v -0.122508 0.073195 0.139948
v -0.118456 0.070774 0.152565
v -0.113448 0.067782 0.164708
v -0.107526 0.064244 0.176278
v -0.100736 0.060187 0.187183
v -0.093134 0.055645 0.197334
v -0.084781 0.050654 0.206650
v -0.075744 0.045255 0.215055
v -0.066096 0.039490 0.222482
v -0.055915 0.033408 0.228870
v -0.045283 0.027055 0.234169
v -0.034286 0.020485 0.238335
v -0.023012 0.013749 0.241335
v -0.011553 0.006902 0.243145
v -0.112650 0.054250 0.010883
v -0.118894 0.057256 0.022435
v -0.124179 0.059802 0.034562
v -0.128463 0.061864 0.047166
v -0.131710 0.063428 0.060146
v -0.133895 0.064481 0.073397
v -0.135001 0.065013 0.086812
v -0.135017 0.065021 0.100283
v -0.133945 0.064504 0.113701
v -0.131792 0.063468 0.126959
v -0.128576 0.061919 0.139948
v -0.124323 0.059871 0.152565
v -0.119068 0.057340 0.164708
v -0.112852 0.054347 0.176278
v -0.105726 0.050915 0.187183
v -0.097747 0.047073 0.197334
v -0.088980 0.042851 0.206650
v -0.079496 0.038283 0.215055
v -0.069370 0.033407 0.222482
v -0.058684 0.028261 0.228870
v -0.047526 0.022887 0.234169
v -0.035984 0.017329 0.238335
v -0.024152 0.011631 0.241335
v -0.012125 0.005839 0.243145
v -0.117060 0.043933 0.010883
v -0.123548 0.046368 0.022435
v -0.129040 0.048430 0.034562
v -0.133491 0.050100 0.047166
v -0.136866 0.051367 0.060146
v -0.139136 0.052219 0.073397
v -0.140285 0.052650 0.086812
v -0.140302 0.052656 0.100283
v -0.139187 0.052238 0.113701
v -0.136950 0.051398 0.126959
v -0.133609 0.050144 0.139948
v -0.129190 0.048486 0.152565
v -0.123728 0.046436 0.164708
v -0.117269 0.044012 0.176278
v -0.109864 0.041233 0.187183
v -0.101573 0.038121 0.197334
v -0.092463 0.034702 0.206650
v -0.082607 0.031003 0.215055
v -0.072085 0.027054 0.222482
v -0.060981 0.022887 0.228870
v -0.049386 0.018535 0.234169
v -0.037392 0.014034 0.238335
v -0.025097 0.009419 0.241335
v -0.012599 0.004729 0.243145
v -0.120527 0.033263 0.010883
v -0.127207 0.035107 0.022435
v -0.132862 0.036668 0.034562
v -0.137445 0.037932 0.047166
v -0.140919 0.038891 0.060146
v -0.143257 0.039536 0.073397
v -0.144440 0.039863 0.086812
v -0.144457 0.039868 0.100283
v -0.143310 0.039551 0.113701
v -0.141006 0.038915 0.126959
v -0.137566 0.037966 0.139948
v -0.133016 0.036710 0.152565
v -0.127393 0.035158 0.164708
v -0.120742 0.033323 0.176278
v -0.113118 0.031219 0.187183
v -0.104582 0.028863 0.197334
v -0.095202 0.026274 0.206650
v -0.085054 0.023473 0.215055
v -0.074220 0.020483 0.222482
v -0.062788 0.017328 0.228870
v -0.050849 0.014033 0.234169
v -0.038500 0.010625 0.238335
v -0.025840 0.007131 0.241335
v -0.012972 0.003580 0.243145
v -0.123023 0.022325 0.010883
v -0.129842 0.023563 0.022435
v -0.135614 0.024610 0.034562
v -0.140292 0.025459 0.047166
v -0.143838 0.026103 0.060146
v -0.146224 0.026536 0.073397
v -0.147431 0.026755 0.086812
v -0.147449 0.026758 0.100283
v -0.146278 0.026546 0.113701
v -0.143927 0.026119 0.126959
v -0.140415 0.025482 0.139948
v -0.135771 0.024639 0.152565
v -0.130031 0.023597 0.164708
v -0.123243 0.022365 0.176278
v -0.115461 0.020953 0.187183
v -0.106748 0.019372 0.197334
v -0.097174 0.017634 0.206650
v -0.086816 0.015755 0.215055
v -0.075757 0.013748 0.222482
v -0.064088 0.011630 0.228870
v -0.051902 0.009419 0.234169
v -0.039297 0.007131 0.238335
v -0.026376 0.004786 0.241335
v -0.013241 0.002403 0.243145
v -0.124529 0.011208 0.010883
v -0.131431 0.011829 0.022435
v -0.137274 0.012355 0.034562
v -0.142009 0.012781 0.047166
v -0.145599 0.013104 0.060146
v -0.148014 0.013322 0.073397
v -0.149236 0.013432 0.086812
v -0.149254 0.013433 0.100283
v -0.148069 0.013326 0.113701
v -0.145689 0.013112 0.126959
v -0.142134 0.012792 0.139948
v -0.137433 0.012369 0.152565
v -0.131623 0.011846 0.164708
v -0.124752 0.011228 0.176278
v -0.116875 0.010519 0.187183
v -0.108055 0.009725 0.197334
v -0.098363 0.008853 0.206650
v -0.087878 0.007909 0.215055
v -0.076685 0.006902 0.222482
v -0.064873 0.005839 0.228870
v -0.052537 0.004728 0.234169
v -0.039778 0.003580 0.238335
v -0.026698 0.002403 0.241335
v -0.013403 0.001206 0.243145
v -0.124529 -0.011208 0.010883
v -0.131431 -0.011829 0.022435
v -0.137274 -0.012355 0.034562
v -0.142009 -0.012781 0.047166
v -0.145599 -0.013104 0.060146
v -0.148014 -0.013322 0.073397
v -0.149236 -0.013432 0.086812
v -0.149254 -0.013433 0.100283
v -0.148069 -0.013326 0.113701
v -0.145689 -0.013112 0.126959
v -0.142134 -0.012792 0.139948
v -0.137433 -0.012369 0.152565
v -0.131623 -0.011846 0.164708
v -0.124752 -0.011228 0.176278
v -0.116875 -0.010519 0.187183
v -0.108055 -0.009725 0.197334
v -0.098363 -0.008853 0.206650
v -0.087878 -0.007909 0.215055
v -0.076685 -0.006902 0.222482
v -0.064873 -0.005839 0.228870
v -0.052537 -0.004728 0.234169
v -0.039778 -0.003580 0.238335
v -0.026698 -0.002403 0.241335
v -0.013403 -0.001206 0.243145
v -0.123023 -0.022325 0.010883
v -0.129842 -0.023563 0.022435
v -0.135614 -0.024610 0.034562
v -0.140292 -0.025459 0.047166
v -0.143838 -0.026103 0.060146
v -0.146224 -0.026536 0.073397
v -0.147431 -0.026755 0.086812
v -0.147449 -0.026758 0.100283
v -0.146278 -0.026546 0.113701
v -0.143927 -0.026119 0.126959
v -0.140415 -0.025482 0.139948
v -0.135771 -0.024639 0.152565
v -0.130031 -0.023597 0.164708
v -0.123243 -0.022365 0.176278
v -0.115461 -0.020953 0.187183
v -0.106748 -0.019372 0.197334
v -0.097174 -0.017634 0.206650
v -0.086816 -0.015755 0.215055
v -0.075757 -0.013748 0.222482
v -0.064088 -0.011630 0.228870
v -0.051902 -0.009419 0.234169
v -0.039297 -0.007131 0.238335
v -0.026376 -0.004786 0.241335
v -0.013241 -0.002403 0.243145
v -0.120527 -0.033263 0.010883
v -0.127207 -0.035107 0.022435
v -0.132862 -0.036668 0.034562
v -0.137445 -0.037932 0.047166
v -0.140919 -0.038891 0.060146
v -0.143257 -0.039536 0.073397
v -0.144440 -0.039863 0.086812
v -0.144457 -0.039868 0.100283
v -0.143310 -0.039551 0.113701
v -0.141006 -0.038915 0.126959
v -0.137566 -0.037966 0.139948
v -0.133016 -0.036710 0.152565
v -0.127393 -0.035158 0.164708
v -0.120742 -0.033323 0.176278
v -0.113118 -0.031219 0.187183
v -0.104582 -0.028863 0.197334
v -0.095202 -0.026274 0.206650
v -0.085054 -0.023473 0.215055
v -0.074220 -0.020483 0.222482
v -0.062788 -0.017328 0.228870
v -0.050849 -0.014033 0.234169
v -0.038500 -0.010625 0.238335
v -0.025840 -0.007131 0.241335
v -0.012972 -0.003580 0.243145
v -0.117060 -0.043933 0.010883
v -0.123548 -0.046368 0.022435
v -0.129040 -0.048430 0.034562
v -0.133491 -0.050100 0.047166
v -0.136866 -0.051367 0.060146
v -0.139136 -0.052219 0.073397
v -0.140285 -0.052650 0.086812
v -0.140302 -0.052656 0.100283
v -0.139187 -0.052238 0.113701
v -0.136950 -0.051398 0.126959
v -0.133609 -0.050144 0.139948
v -0.129190 -0.048486 0.152565
v -0.123728 -0.046436 0.164708
v -0.117269 -0.044012 0.176278
v -0.109864 -0.041233 0.187183
v -0.101573 -0.038121 0.197334
v -0.092463 -0.034702 0.206650
v -0.082607 -0.031003 0.215055
v -0.072085 -0.027054 0.222482
v -0.060981 -0.022887 0.228870
v -0.049386 -0.018535 0.234169
v -0.037392 -0.014034 0.238335
v -0.025097 -0.009419 0.241335
v -0.012599 -0.004729 0.243145
v -0.112650 -0.054250 0.010883
v -0.118894 -0.057256 0.022435
v -0.124179 -0.059802 0.034562
v -0.128463 -0.061864 0.047166
v -0.131710 -0.063428 0.060146
v -0.133895 -0.064481 0.073397
v -0.135001 -0.065013 0.086812
v -0.135017 -0.065021 0.100283
v -0.133945 -0.064504 0.113701
v -0.131792 -0.063468 0.126959
v -0.128576 -0.061919 0.139948
v -0.124323 -0.059871 0.152565
v -0.119068 -0.057340 0.164708
v -0.112852 -0.054347 0.176278
v -0.105726 -0.050915 0.187183
v -0.097747 -0.047073 0.197334
v -0.088980 -0.042851 0.206650
v -0.079496 -0.038283 0.215055
v -0.069370 -0.033407 0.222482
v -0.058684 -0.028261 0.228870
v -0.047526 -0.022887 0.234169
v -0.035984 -0.017329 0.238335
v -0.024152 -0.011631 0.241335
v -0.012125 -0.005839 0.243145
v -0.107334 -0.064129 0.010883
v -0.113283 -0.067684 0.022435
v -0.118319 -0.070692 0.034562
v -0.122400 -0.073131 0.047166
v -0.125494 -0.074979 0.060146
v -0.127576 -0.076223 0.073397
v -0.128629 -0.076853 0.086812
v -0.128645 -0.076862 0.100283
v -0.127623 -0.076251 0.113701
v -0.125572 -0.075026 0.126959
v -0.122508 -0.073195 0.139948
v -0.118456 -0.070774 0.152565
v -0.113448 -0.067782 0.164708
v -0.107526 -0.064244 0.176278
v -0.100736 -0.060187 0.187183
v -0.093134 -0.055645 0.197334
v -0.084781 -0.050654 0.206650
v -0.075744 -0.045255 0.215055
v -0.066096 -0.039490 0.222482
v -0.055915 -0.033408 0.228870
v -0.045283 -0.027055 0.234169
v -0.034286 -0.020485 0.238335
v -0.023012 -0.013749 0.241335
v -0.011553 -0.006902 0.243145
v -0.101153 -0.073492 0.010883
v -0.106760 -0.077566 0.022435
v -0.111506 -0.081014 0.034562
v -0.115352 -0.083808 0.047166
v -0.118268 -0.085927 0.060146
v -0.120230 -0.087352 0.073397
v -0.121223 -0.088073 0.086812
v -0.121237 -0.088084 0.100283
v -0.120274 -0.087384 0.113701
v -0.118341 -0.085980 0.126959
v -0.115454 -0.083882 0.139948
v -0.111635 -0.081108 0.152565
v -0.106916 -0.077679 0.164708
v -0.101334 -0.073624 0.176278
v -0.094936 -0.068975 0.187183
v -0.087771 -0.063770 0.197334
v -0.079899 -0.058050 0.206650
v -0.071382 -0.051862 0.215055
v -0.062290 -0.045256 0.222482
v -0.052695 -0.038285 0.228870
v -0.042675 -0.031005 0.234169
v -0.032311 -0.023476 0.238335
v -0.021687 -0.015756 0.241335
v -0.010887 -0.007910 0.243145
v -0.086405 -0.090373 0.010883
v -0.091194 -0.095382 0.022435
v -0.095248 -0.099622 0.034562
v -0.095359 -0.099737 0.152565
v -0.091328 -0.095521 0.164708
v -0.086560 -0.090535 0.176278
v -0.081094 -0.084818 0.187183
v -0.074974 -0.078417 0.197334
v -0.068250 -0.071384 0.206650
v -0.060975 -0.063775 0.215055
v -0.053208 -0.055651 0.222482
v -0.045012 -0.047079 0.228870
v -0.036453 -0.038127 0.234169
v -0.027600 -0.028868 0.238335
v -0.018525 -0.019375 0.241335
v -0.009300 -0.009727 0.243145
v -0.010134 -0.008854 0.243145
v -0.020187 -0.017638 0.241335
v -0.030076 -0.026279 0.238335
v -0.039722 -0.034708 0.234169
v -0.049048 -0.042858 0.228870
v -0.057978 -0.050663 0.222482
v -0.066440 -0.058059 0.215055
v -0.074367 -0.064987 0.206650
v -0.081693 -0.071391 0.197334
v -0.088360 -0.077220 0.187183
v -0.094314 -0.082425 0.176278
v -0.099508 -0.086967 0.164708
v -0.103899 -0.090807 0.152565
v -0.107451 -0.093915 0.139948
v -0.110137 -0.096265 0.126959
v -0.111935 -0.097839 0.113701
v -0.112830 -0.098624 0.100283
v -0.112815 -0.098614 0.086812
v -0.111890 -0.097808 0.073397
v -0.110063 -0.096213 0.060146
v -0.107348 -0.093842 0.047166
v -0.103767 -0.090715 0.034562
v -0.099349 -0.086855 0.022435
v -0.094131 -0.082295 0.010883
v -0.077956 -0.097754 0.010883
v -0.078096 -0.097929 0.176278
v -0.073165 -0.091746 0.187183
v -0.067643 -0.084822 0.197334
v -0.061576 -0.077214 0.206650
v -0.055013 -0.068984 0.215055
v -0.048005 -0.060197 0.222482
v -0.040611 -0.050924 0.228870
v -0.032889 -0.041241 0.234169
v -0.024902 -0.031226 0.238335
v -0.016713 -0.020958 0.241335
v -0.008391 -0.010521 0.243145
v -0.035883 -0.054360 0.228870
v -0.029060 -0.044023 0.234169
v -0.022002 -0.033332 0.238335
v -0.014768 -0.022372 0.241335
v -0.007414 -0.011231 0.243145
v -0.064646 -0.097935 0.187183
v -0.059768 -0.090544 0.197334
v -0.030261 -0.070799 0.222482
v -0.025600 -0.059893 0.228870
v -0.020732 -0.048505 0.234169
v -0.015697 -0.036725 0.238335
v -0.010536 -0.024649 0.241335
v -0.005289 -0.012374 0.243145
v -0.006377 -0.011851 0.243145
v -0.012703 -0.023606 0.241335
v -0.018926 -0.035170 0.238335
v -0.024996 -0.046451 0.234169
v -0.030865 -0.057357 0.228870
v -0.036485 -0.067801 0.222482
v -0.023793 -0.073226 0.222482
v -0.020128 -0.061947 0.228870
v -0.016301 -0.050168 0.234169
v -0.012342 -0.037984 0.238335
v -0.008284 -0.025494 0.241335
v -0.004159 -0.012799 0.243145
v -0.014494 -0.063502 0.228870
v -0.011738 -0.051427 0.234169
v -0.008887 -0.038938 0.238335
v -0.005965 -0.026134 0.241335
v -0.002995 -0.013120 0.243145
v -0.003454 -0.076917 0.222482
v -0.002922 -0.065069 0.228870
v -0.002367 -0.052697 0.234169
v -0.001792 -0.039899 0.238335
v -0.001203 -0.026779 0.241335
v -0.000604 -0.013444 0.243145
v -0.001806 -0.013336 0.243145
v -0.003598 -0.026564 0.241335
v -0.005361 -0.039578 0.238335
v -0.007081 -0.052272 0.234169
v -0.008743 -0.064545 0.228870
v -0.010335 -0.076298 0.222482
v 0.003454 -0.076917 0.222482
v 0.002922 -0.065069 0.228870
v 0.002367 -0.052697 0.234169
v 0.001792 -0.039899 0.238335
v 0.001203 -0.026779 0.241335
v 0.000604 -0.013444 0.243145
v 0.010335 -0.076298 0.222482
v 0.008743 -0.064545 0.228870
v 0.007081 -0.052272 0.234169
v 0.005361 -0.039578 0.238335
v 0.003598 -0.026564 0.241335
v 0.001806 -0.013336 0.243145
v 0.023793 -0.073226 0.222482
v 0.020128 -0.061947 0.228870
v 0.016301 -0.050168 0.234169
v 0.012342 -0.037984 0.238335
v 0.008284 -0.025494 0.241335
v 0.004159 -0.012799 0.243145
v 0.002995 -0.013120 0.243145
v 0.005965 -0.026134 0.241335
v 0.008887 -0.038938 0.238335
v 0.011738 -0.051427 0.234169
v 0.014494 -0.063502 0.228870
v 0.030261 -0.070799 0.222482
v 0.025600 -0.059893 0.228870
v 0.020732 -0.048505 0.234169
v 0.015697 -0.036725 0.238335
v 0.010536 -0.024649 0.241335
v 0.005289 -0.012374 0.243145
v 0.036485 -0.067801 0.222482
v 0.030865 -0.057357 0.228870
v 0.024996 -0.046451 0.234169
v 0.018926 -0.035170 0.238335
v 0.012703 -0.023606 0.241335
v 0.006377 -0.011851 0.243145
v -0.110000 -0.070000 0.103750
v -0.109384 -0.070000 0.111572
v -0.107553 -0.070000 0.119201
v -0.104550 -0.070000 0.126450
v -0.100451 -0.070000 0.133139
v -0.095355 -0.070000 0.139105
v -0.089389 -0.070000 0.144201
v -0.082700 -0.070000 0.148300
v -0.075451 -0.070000 0.151303
v -0.067822 -0.070000 0.153134
v -0.060000 -0.070000 0.153750
v -0.052178 -0.070000 0.153134
v -0.044549 -0.070000 0.151303
v -0.037300 -0.070000 0.148300
v -0.030611 -0.070000 0.144201
v -0.024645 -0.070000 0.139105
v -0.019549 -0.070000 0.133139
v -0.015450 -0.070000 0.126450
v -0.012447 -0.070000 0.119201
v -0.010616 -0.070000 0.111572
v -0.010000 -0.070000 0.103750
v -0.010616 -0.070000 0.095928
v -0.012447 -0.070000 0.088299
v -0.015450 -0.070000 0.081050
v -0.019549 -0.070000 0.074361
v -0.024645 -0.070000 0.068395
v -0.030611 -0.070000 0.063299
v -0.037300 -0.070000 0.059200
v -0.044549 -0.070000 0.056197
v -0.052178 -0.070000 0.054366
v -0.060000 -0.070000 0.053750
v -0.067822 -0.070000 0.054366
v -0.075451 -0.070000 0.056197
v -0.082700 -0.070000 0.059200
v -0.089389 -0.070000 0.063299
v -0.095355 -0.070000 0.068395
v -0.100451 -0.070000 0.074361
v -0.104550 -0.070000 0.081050
v -0.107553 -0.070000 0.088299
v -0.109384 -0.070000 0.095928
v 0.010000 -0.070000 0.103750
v 0.010616 -0.070000 0.111572
v 0.012447 -0.070000 0.119201
v 0.015450 -0.070000 0.126450
v 0.019549 -0.070000 0.133139
v 0.024645 -0.070000 0.139105
v 0.030611 -0.070000 0.144201
v 0.037300 -0.070000 0.148300
v 0.044549 -0.070000 0.151303
v 0.052178 -0.070000 0.153134
v 0.060000 -0.070000 0.153750
v 0.067822 -0.070000 0.153134
v 0.075451 -0.070000 0.151303
v 0.082700 -0.070000 0.148300
v 0.089389 -0.070000 0.144201
v 0.095355 -0.070000 0.139105
v 0.100451 -0.070000 0.133139
v 0.104550 -0.070000 0.126450
v 0.107553 -0.070000 0.119201
v 0.109384 -0.070000 0.111572
v 0.110000 -0.070000 0.103750
v 0.109384 -0.070000 0.095928
v 0.107553 -0.070000 0.088299
v 0.104550 -0.070000 0.081050
v 0.100451 -0.070000 0.074361
v 0.095355 -0.070000 0.068395
v 0.089389 -0.070000 0.063299
v 0.082700 -0.070000 0.059200
v 0.075451 -0.070000 0.056197
v 0.067822 -0.070000 0.054366
v 0.060000 -0.070000 0.053750
v 0.052178 -0.070000 0.054366
v 0.044549 -0.070000 0.056197
v 0.037300 -0.070000 0.059200
v 0.030611 -0.070000 0.063299
v 0.024645 -0.070000 0.068395
v 0.019549 -0.070000 0.074361
v 0.015450 -0.070000 0.081050
v 0.012447 -0.070000 0.088299
v 0.010616 -0.070000 0.095928
vt 4.800000 -2.000000 0.000000
vt 4.500000 -2.000000 0.000000
vt 4.800000 -6.200000 0.000000
vt 4.500000 -6.200000 0.000000
vt -0.300000 -2.000000 0.000000
vt -0.600000 -2.000000 0.000000
vt -0.300000 -6.200000 0.000000
vt -0.600000 -6.200000 0.000000
vt -0.750000 -0.317671 0.000000
vt -1.363402 -0.997675 0.000000
vt -0.750000 -6.200000 0.000000
vt -1.930883 -1.716446 0.000000
vt -2.450000 -6.200000 0.000000
vt -2.450000 -2.470890 0.000000
vt -0.317671 0.589049 0.000000
vt -6.200000 0.589049 0.000000
vt 0.000000 0.297173 0.000000
vt -6.200000 0.294524 0.000000
vt 0.000000 0.001766 0.000000
vt -6.200000 -0.000000 0.000000
vt 0.000000 -0.293641 0.000000
vt -6.200000 -0.294524 0.000000
vt 0.000000 -0.589049 0.000000
vt -6.200000 -0.589049 0.000000
vt -0.300000 -2.000000 0.000000
vt -0.600000 -2.000000 0.000000
vt -0.300000 -6.200000 0.000000
vt -0.600000 -6.200000 0.000000
vt -2.600000 -2.000000 0.000000
vt -3.400000 -2.000000 0.000000
vt -2.600000 -6.200000 0.000000
vt -3.400000 -6.200000 0.000000
vt -0.300000 -2.000000 0.000000
vt -1.900000 -2.000000 0.000000
vt -0.300000 -6.200000 0.000000
vt -1.900000 -6.200000 0.000000
vt 6.200000 0.235619 0.000000
vt 2.000000 0.235619 0.000000
vt 4.100000 0.078540 0.000000
vt 2.000000 0.078540 0.000000
vt 4.100000 -0.078540 0.000000
vt 2.000000 -0.078540 0.000000
vt 2.000000 -0.235619 0.000000
vt 6.200000 -0.235619 0.000000
vt 6.200000 -0.078540 0.000000
vt 6.200000 0.078540 0.000000
vt 6.200000 0.235619 0.000000
vt 2.000000 0.235619 0.000000
vt 4.100000 0.078540 0.000000
vt 2.000000 0.078540 0.000000
vt 4.100000 -0.078540 0.000000
vt 2.000000 -0.078540 0.000000
vt 2.000000 -0.235619 0.000000
vt 6.200000 -0.235619 0.000000
vt 6.200000 -0.078540 0.000000
vt 6.200000 0.078540 0.000000
vt 2.500000 -2.000000 0.000000
vt 1.700000 -2.000000 0.000000
vt 2.500000 -6.200000 0.000000
vt 1.700000 -6.200000 0.000000
vt 6.200000 0.235619 0.000000
vt 2.000000 0.235619 0.000000
vt 4.100000 0.078540 0.000000
vt 2.000000 0.078540 0.000000
vt 4.100000 -0.078540 0.000000
vt 2.000000 -0.078540 0.000000
vt 2.000000 -0.235619 0.000000
vt 6.200000 -0.235619 0.000000
vt 6.200000 -0.078540 0.000000
vt 6.200000 0.078540 0.000000
vt -0.300000 -2.000000 0.000000
vt -1.900000 -2.000000 0.000000
vt -0.300000 -6.200000 0.000000
vt -1.900000 -6.200000 0.000000
vt 6.200000 0.235619 0.000000
vt 2.000000 0.235619 0.000000
vt 4.100000 0.078540 0.000000
vt 2.000000 0.078540 0.000000
vt 4.100000 -0.078540 0.000000
vt 2.000000 -0.078540 0.000000
vt 2.000000 -0.235619 0.000000
vt 6.200000 -0.235619 0.000000
vt 6.200000 -0.078540 0.000000
vt 6.200000 0.078540 0.000000
vt 6.200000 0.235619 0.000000
vt 2.000000 0.235619 0.000000
vt 4.100000 0.078540 0.000000
vt 2.000000 0.078540 0.000000
vt 4.100000 -0.078540 0.000000
vt 2.000000 -0.078540 0.000000
vt 2.000000 -0.235619 0.000000
vt 6.200000 -0.235619 0.000000
vt 6.200000 -0.078540 0.000000
vt 6.200000 0.078540 0.000000
vt -0.300000 -2.000000 0.000000
vt -1.900000 -2.000000 0.000000
vt -0.300000 -6.200000 0.000000
vt -1.900000 -6.200000 0.000000
vt -0.300000 -2.000000 0.000000
vt -1.900000 -2.000000 0.000000
vt -0.300000 -6.200000 0.000000
vt -1.900000 -6.200000 0.000000
vt 6.200000 0.235619 0.000000
vt 2.000000 0.235619 0.000000
vt 4.100000 0.078540 0.000000
vt 2.000000 0.078540 0.000000
vt 4.100000 -0.078540 0.000000
vt 2.000000 -0.078540 0.000000
vt 2.000000 -0.235619 0.000000
vt 6.200000 -0.235619 0.000000
vt 6.200000 -0.078540 0.000000
vt 6.200000 0.078540 0.000000
vt 6.200000 0.706858 0.000000
vt 2.000000 0.706858 0.000000
vt 4.100000 0.549779 0.000000
vt 2.000000 0.549779 0.000000
vt 4.100000 0.392699 0.000000
vt 2.000000 0.392699 0.000000
vt 4.100000 0.235619 0.000000
vt 2.000000 0.235619 0.000000
vt 4.100000 0.078540 0.000000
vt 2.000000 0.078540 0.000000
vt 4.100000 -0.078540 0.000000
vt 2.000000 -0.078540 0.000000
vt 2.000000 -0.235619 0.000000
vt 6.200000 -0.235619 0.000000
vt 6.200000 -0.078540 0.000000
vt 6.200000 0.078540 0.000000
vt 6.200000 0.235619 0.000000
vt 6.200000 0.392699 0.000000
vt 6.200000 0.549779 0.000000
vt 6.200000 0.235619 0.000000
vt 2.000000 0.235619 0.000000
vt 4.100000 0.078540 0.000000
vt 2.000000 0.078540 0.000000
vt 4.100000 -0.078540 0.000000
vt 2.000000 -0.078540 0.000000
vt 2.000000 -0.235619 0.000000
vt 6.200000 -0.235619 0.000000
vt 6.200000 -0.078540 0.000000
vt 6.200000 0.078540 0.000000
vt 6.200000 0.235619 0.000000
vt 2.000000 0.235619 0.000000
vt 4.100000 0.078540 0.000000
vt 2.000000 0.078540 0.000000
vt 4.100000 -0.078540 0.000000
vt 2.000000 -0.078540 0.000000
vt 2.000000 -0.235619 0.000000
vt 6.200000 -0.235619 0.000000
vt 6.200000 -0.078540 0.000000
vt 6.200000 0.078540 0.000000
vt -0.300000 -2.000000 0.000000
vt -1.900000 -2.000000 0.000000
vt -0.300000 -6.200000 0.000000
vt -1.900000 -6.200000 0.000000
vt 6.200000 0.235619 0.000000
vt 2.000000 0.235619 0.000000
vt 4.100000 0.078540 0.000000
vt 2.000000 0.078540 0.000000
vt 4.100000 -0.078540 0.000000
vt 2.000000 -0.078540 0.000000
vt 2.000000 -0.235619 0.000000
vt 6.200000 -0.235619 0.000000
vt 6.200000 -0.078540 0.000000
vt 6.200000 0.078540 0.000000
vt 6.200000 0.235619 0.000000
vt 2.000000 0.235619 0.000000
vt 4.100000 0.078540 0.000000
vt 2.000000 0.078540 0.000000
vt 4.100000 -0.078540 0.000000
vt 2.000000 -0.078540 0.000000
vt 2.000000 -0.235619 0.000000
vt 6.200000 -0.235619 0.000000
vt 6.200000 -0.078540 0.000000
vt 6.200000 0.078540 0.000000
vt -5.400000 -2.000000 0.000000
vt -5.700000 -2.000000 0.000000
vt -5.400000 -6.200000 0.000000
vt -5.700000 -6.200000 0.000000
vt -0.300000 -2.000000 0.000000
vt -1.900000 -2.000000 0.000000
vt -0.300000 -6.200000 0.000000
vt -1.900000 -6.200000 0.000000
vt -0.300000 -2.000000 0.000000
vt -1.900000 -2.000000 0.000000
vt -0.300000 -6.200000 0.000000
vt -1.900000 -6.200000 0.000000
vt 6.200000 0.235619 0.000000
vt 2.000000 0.235619 0.000000
vt 4.100000 0.078540 0.000000
vt 2.000000 0.078540 0.000000
vt 4.100000 -0.078540 0.000000
vt 2.000000 -0.078540 0.000000
vt 4.100000 -0.235619 0.000000
vt 2.000000 -0.235619 0.000000
vt 4.100000 -0.392699 0.000000
vt 2.000000 -0.392699 0.000000
vt 4.100000 -0.549779 0.000000
vt 2.000000 -0.549779 0.000000
vt 2.000000 -0.706858 0.000000
vt 6.200000 -0.706858 0.000000
vt 6.200000 -0.549779 0.000000
vt 6.200000 -0.392699 0.000000
vt 6.200000 -0.235619 0.000000
vt 6.200000 -0.078540 0.000000
vt 6.200000 0.078540 0.000000
vt -0.300000 -2.000000 0.000000
vt -1.900000 -2.000000 0.000000
vt -0.300000 -6.200000 0.000000
vt -1.900000 -6.200000 0.000000
vt 6.200000 0.235619 0.000000
vt 2.000000 0.235619 0.000000
vt 4.100000 0.078540 0.000000
vt 2.000000 0.078540 0.000000
vt 4.100000 -0.078540 0.000000
vt 2.000000 -0.078540 0.000000
vt 2.000000 -0.235619 0.000000
vt 6.200000 -0.235619 0.000000
vt 6.200000 -0.078540 0.000000
vt 6.200000 0.078540 0.000000
vt 6.200000 0.235619 0.000000
vt 2.000000 0.235619 0.000000
vt 4.100000 0.078540 0.000000
vt 2.000000 0.078540 0.000000
vt 4.100000 -0.078540 0.000000
vt 2.000000 -0.078540 0.000000
vt 2.000000 -0.235619 0.000000
vt 6.200000 -0.235619 0.000000
vt 6.200000 -0.078540 0.000000
vt 6.200000 0.078540 0.000000
vt -2.470890 -0.589049 0.000000
vt -2.795619 -0.369428 0.000000
vt -6.200000 -0.589049 0.000000
vt -6.200000 -0.294524 0.000000
vt -3.101084 -0.111082 0.000000
vt -6.200000 0.000000 0.000000
vt -3.220944 0.038340 0.000000
vt -3.298663 0.222060 0.000000
vt -6.200000 0.294524 0.000000
vt -3.306121 0.317876 0.000000
vt -3.289722 0.416630 0.000000
vt -3.203861 0.589049 0.000000
vt -6.200000 0.589049 0.000000
vt -1.612387 -2.676308 0.000000
vt -9.387613 -2.676308 0.000000
vt -0.750000 -3.203861 0.000000
vt -10.250000 -3.203861 0.000000
vt -0.750000 -6.200000 0.000000
vt -10.250000 -6.200000 0.000000
vt -8.467434 -2.257627 0.000000
vt -2.532566 -2.257627 0.000000
vt -7.503142 -1.954043 0.000000
vt -3.496858 -1.954043 0.000000
vt -6.509071 -1.770068 0.000000
vt -4.490929 -1.770068 0.000000
vt -5.500000 -1.708438 0.000000
vt 3.500000 0.800000 0.000000
vt 3.500000 -0.800000 0.000000
vt 5.500000 -0.850000 0.000000
vt 3.459808 -0.950000 0.000000
vt 5.442910 -1.137013 0.000000
vt 3.350000 -1.059808 0.000000
vt 5.280330 -1.380330 0.000000
vt 4.750000 -1.600000 0.000000
vt 5.037013 -1.542910 0.000000
vt 3.200000 -1.100000 0.000000
vt 2.200000 -1.100000 0.000000
vt 1.900000 -1.100000 0.000000
vt 2.350000 -1.059808 0.000000
vt 3.050000 -1.059808 0.000000
vt 2.459808 -0.950000 0.000000
vt 2.940192 -0.950000 0.000000
vt 2.500000 -0.800000 0.000000
vt 2.900000 -0.800000 0.000000
vt 2.500000 0.800000 0.000000
vt 2.900000 0.800000 0.000000
vt 2.459808 0.950000 0.000000
vt 2.940192 0.950000 0.000000
vt 2.350000 1.059808 0.000000
vt 3.050000 1.059808 0.000000
vt 2.200000 1.100000 0.000000
vt 3.200000 1.100000 0.000000
vt 4.750000 1.600000 0.000000
vt 3.350000 1.059808 0.000000
vt 5.280330 1.380330 0.000000
vt 5.442910 1.137013 0.000000
vt 3.459808 0.950000 0.000000
vt 5.500000 0.850000 0.000000
vt -2.640192 -0.950000 0.000000
vt -1.159808 -0.950000 0.000000
vt -2.600000 -0.800000 0.000000
vt -1.200000 -0.800000 0.000000
vt -2.600000 0.800000 0.000000
vt -1.200000 0.800000 0.000000
vt -2.640192 0.950000 0.000000
vt -1.159808 0.950000 0.000000
vt -2.750000 1.059808 0.000000
vt -1.050000 1.059808 0.000000
vt -2.900000 1.100000 0.000000
vt -0.900000 1.100000 0.000000
vt -4.750000 1.600000 0.000000
vt -0.100000 1.100000 0.000000
vt 1.900000 1.100000 0.000000
vt -1.050000 -1.059808 0.000000
vt -2.750000 -1.059808 0.000000
vt -0.900000 -1.100000 0.000000
vt -2.900000 -1.100000 0.000000
vt -4.750000 -1.600000 0.000000
vt -3.200000 -1.100000 0.000000
vt -3.350000 -1.059808 0.000000
vt -3.459808 -0.950000 0.000000
vt -5.442910 -1.137013 0.000000
vt -5.280330 -1.380330 0.000000
vt -5.037013 -1.542910 0.000000
vt -5.500000 -0.850000 0.000000
vt -3.500000 -0.800000 0.000000
vt -3.500000 0.800000 0.000000
vt -5.500000 0.850000 0.000000
vt -3.459808 0.950000 0.000000
vt -5.442910 1.137013 0.000000
vt -3.350000 1.059808 0.000000
vt -5.280330 1.380330 0.000000
vt -5.037013 1.542910 0.000000
vt -3.200000 1.100000 0.000000
vt 1.750000 1.059808 0.000000
vt 0.050000 1.059808 0.000000
vt 1.640192 0.950000 0.000000
vt 0.159808 0.950000 0.000000
vt 1.600000 0.800000 0.000000
vt 0.200000 0.800000 0.000000
vt 1.600000 -0.800000 0.000000
vt 0.200000 -0.800000 0.000000
vt 1.640192 -0.950000 0.000000
vt 0.159808 -0.950000 0.000000
vt 1.750000 -1.059808 0.000000
vt 0.050000 -1.059808 0.000000
vt -0.100000 -1.100000 0.000000
vt 5.037013 1.542910 0.000000
vt -10.250000 -6.200000 0.000000
vt -0.750000 -6.200000 0.000000
vt -10.250000 0.000000 0.000000
vt -0.750000 0.000000 0.000000
vt -0.317671 -0.589049 0.000000
vt 0.000000 -0.297173 0.000000
vt -6.200000 -0.589049 0.000000
vt -6.200000 -0.294524 0.000000
vt 0.000000 -0.001766 0.000000
vt -6.200000 0.000000 0.000000
vt 0.000000 0.293641 0.000000
vt -6.200000 0.294524 0.000000
vt 0.000000 0.589049 0.000000
vt -6.200000 0.589049 0.000000
vt -3.203861 -0.589049 0.000000
vt -3.291017 -0.411856 0.000000
vt -6.200000 -0.589049 0.000000
vt -6.200000 -0.294524 0.000000
vt -3.306290 -0.315384 0.000000
vt -3.298166 -0.219891 0.000000
vt -6.200000 -0.000000 0.000000
vt -3.220220 -0.037218 0.000000
vt -3.100422 0.111773 0.000000
vt -6.200000 0.294524 0.000000
vt -2.795216 0.369723 0.000000
vt -6.200000 0.589049 0.000000
vt -2.470890 0.589049 0.000000
vt -0.750000 -2.470890 0.000000
vt -1.269117 -1.716446 0.000000
vt -0.750000 -6.200000 0.000000
vt -2.450000 -6.200000 0.000000
vt -1.836598 -0.997675 0.000000
vt -2.450000 -0.317671 0.000000
vt -0.950000 -2.640192 0.000000
vt -1.059808 -2.750000 0.000000
vt -0.800000 -2.600000 0.000000
vt -1.100000 -2.900000 0.000000
vt 1.100000 -2.900000 0.000000
vt 1.100000 -3.200000 0.000000
vt -1.100000 -3.200000 0.000000
vt 0.800000 -3.500000 0.000000
vt -1.059808 -3.350000 0.000000
vt -0.800000 -3.500000 0.000000
vt -0.950000 -3.459808 0.000000
vt 0.950000 -3.459808 0.000000
vt 1.059808 -3.350000 0.000000
vt 1.059808 -2.750000 0.000000
vt 0.800000 -2.600000 0.000000
vt 0.950000 -2.640192 0.000000
vt -0.950000 0.159808 0.000000
vt -1.059808 0.050000 0.000000
vt -0.800000 0.200000 0.000000
vt -1.100000 -0.100000 0.000000
vt 1.100000 -0.100000 0.000000
vt 1.100000 -0.900000 0.000000
vt -1.100000 -0.900000 0.000000
vt 0.800000 -1.200000 0.000000
vt -0.800000 -1.200000 0.000000
vt -1.059808 -1.050000 0.000000
vt -0.950000 -1.159808 0.000000
vt 0.950000 -1.159808 0.000000
vt 1.059808 -1.050000 0.000000
vt 0.800000 0.200000 0.000000
vt 1.059808 0.050000 0.000000
vt 0.950000 0.159808 0.000000
vt -1.059808 1.750000 0.000000
vt 0.800000 1.600000 0.000000
vt -1.100000 1.900000 0.000000
vt 1.100000 1.900000 0.000000
vt -1.100000 2.200000 0.000000
vt 1.100000 2.200000 0.000000
vt -0.800000 2.500000 0.000000
vt 1.059808 2.350000 0.000000
vt 0.800000 2.500000 0.000000
vt 0.950000 2.459808 0.000000
vt -0.950000 1.640192 0.000000
vt -0.800000 1.600000 0.000000
vt 0.950000 1.640192 0.000000
vt 1.059808 1.750000 0.000000
vt -0.950000 2.459808 0.000000
vt -1.059808 2.350000 0.000000
vt 1.438442 3.717828 0.000000
vt 3.561558 3.717828 0.000000
vt 1.500000 4.500000 0.000000
vt 3.500000 4.500000 0.000000
vt 1.438442 5.282172 0.000000
vt 3.561558 5.282172 0.000000
vt 1.255283 6.045085 0.000000
vt 3.744717 6.045085 0.000000
vt 0.955033 6.769952 0.000000
vt 4.044967 6.769952 0.000000
vt 0.545085 7.438926 0.000000
vt 4.454915 7.438926 0.000000
vt 0.035534 8.035534 0.000000
vt 4.964466 8.035534 0.000000
vt -0.561074 8.545085 0.000000
vt 5.561074 8.545085 0.000000
vt -1.230048 8.955033 0.000000
vt 6.230048 8.955033 0.000000
vt -3.591746 14.875000 0.000000
vt 8.591746 14.875000 0.000000
vt 6.954915 9.255283 0.000000
vt 7.717828 9.438442 0.000000
vt 3.744717 2.954915 0.000000
vt 1.255283 2.954915 0.000000
vt 4.044967 2.230048 0.000000
vt 0.955033 2.230048 0.000000
vt 4.454915 1.561074 0.000000
vt 0.545085 1.561074 0.000000
vt 4.964466 0.964466 0.000000
vt 0.035534 0.964466 0.000000
vt 5.561074 0.454915 0.000000
vt -0.561074 0.454915 0.000000
vt 7.250000 -3.800000 0.000000
vt -2.250000 -3.800000 0.000000
vt -1.230048 0.044967 0.000000
vt -1.954915 -0.255283 0.000000
vt -2.717828 -0.438442 0.000000
vt -2.537828 -3.857429 0.000000
vt -3.500000 -0.500000 0.000000
vt -3.917669 -3.654973 0.000000
vt -4.823604 -2.947770 0.000000
vt -4.282172 -0.438442 0.000000
vt -5.652153 -2.151301 0.000000
vt -5.045085 -0.255283 0.000000
vt -6.394558 -1.273982 0.000000
vt -5.769952 0.044967 0.000000
vt -7.042977 -0.325083 0.000000
vt -6.438926 0.454915 0.000000
vt -7.590556 0.685368 0.000000
vt -7.035534 0.964466 0.000000
vt -7.545085 1.561074 0.000000
vt -8.031510 1.746695 0.000000
vt -7.955033 2.230048 0.000000
vt -8.361179 2.847682 0.000000
vt -8.255283 2.954915 0.000000
vt -8.438442 3.717828 0.000000
vt -8.576080 3.976696 0.000000
vt -8.500000 4.500000 0.000000
vt -8.673942 5.121807 0.000000
vt -8.438442 5.282172 0.000000
vt -8.653730 6.270913 0.000000
vt -8.255283 6.045085 0.000000
vt -7.955033 6.769952 0.000000
vt -8.515659 7.411874 0.000000
vt -7.545085 7.438926 0.000000
vt -8.261187 8.532632 0.000000
vt -7.035534 8.035534 0.000000
vt -7.893003 9.621345 0.000000
vt -6.438926 8.545085 0.000000
vt -5.769952 8.955033 0.000000
vt -7.414998 10.666508 0.000000
vt -5.045085 9.255283 0.000000
vt -6.832223 11.657078 0.000000
vt -4.282172 9.438442 0.000000
vt -6.150836 12.582587 0.000000
vt -3.500000 9.500000 0.000000
vt -5.378037 13.433255 0.000000
vt -4.521992 14.200094 0.000000
vt -2.717828 9.438442 0.000000
vt -1.954915 9.255283 0.000000
vt 13.438442 3.717828 0.000000
vt 13.576080 3.976696 0.000000
vt 13.500000 4.500000 0.000000
vt 13.673942 5.121807 0.000000
vt 13.438442 5.282172 0.000000
vt 13.653730 6.270913 0.000000
vt 13.255283 6.045085 0.000000
vt 12.955033 6.769952 0.000000
vt 13.515659 7.411874 0.000000
vt 12.545085 7.438926 0.000000
vt 13.261187 8.532632 0.000000
vt 12.035534 8.035534 0.000000
vt 12.893003 9.621345 0.000000
vt 11.438926 8.545085 0.000000
vt 10.769952 8.955033 0.000000
vt 12.414998 10.666508 0.000000
vt 10.045085 9.255283 0.000000
vt 11.832223 11.657078 0.000000
vt 9.282172 9.438442 0.000000
vt 11.150836 12.582587 0.000000
vt 8.500000 9.500000 0.000000
vt 10.378037 13.433255 0.000000
vt 9.521992 14.200094 0.000000
vt 13.361179 2.847682 0.000000
vt 13.255283 2.954915 0.000000
vt 12.955033 2.230048 0.000000
vt 13.031510 1.746695 0.000000
vt 12.545085 1.561074 0.000000
vt 12.590556 0.685368 0.000000
vt 12.035534 0.964466 0.000000
vt 11.438926 0.454915 0.000000
vt 12.042977 -0.325083 0.000000
vt 10.769952 0.044967 0.000000
vt 11.394558 -1.273982 0.000000
vt 10.045085 -0.255283 0.000000
vt 10.652153 -2.151301 0.000000
vt 9.282172 -0.438442 0.000000
vt 9.823604 -2.947770 0.000000
vt 8.500000 -0.500000 0.000000
vt 8.917669 -3.654973 0.000000
vt 7.537828 -3.857429 0.000000
vt 7.781577 -4.020920 0.000000
vt 7.717828 -0.438442 0.000000
vt 6.954915 -0.255283 0.000000
vt 6.230048 0.044967 0.000000
vt -2.943919 -4.265436 0.000000
vt -2.781577 -4.020920 0.000000
vt 7.943919 -4.265436 0.000000
vt 0.950000 2.940192 0.000000
vt 1.059808 3.050000 0.000000
vt 0.800000 2.900000 0.000000
vt -1.059808 3.050000 0.000000
vt -0.800000 2.900000 0.000000
vt -0.950000 2.940192 0.000000
vt -1.100000 3.200000 0.000000
vt 1.100000 3.200000 0.000000
vt -1.059808 3.350000 0.000000
vt 1.059808 3.350000 0.000000
vt -0.800000 3.500000 0.000000
vt 0.800000 3.500000 0.000000
vt 0.950000 3.459808 0.000000
vt -0.950000 3.459808 0.000000
vt -10.634091 -14.497953 0.000000
vt -10.086378 -13.349883 0.000000
vt -11.013132 -14.253707 0.000000
vt -11.433934 -13.349883 0.000000
vt -11.861517 -13.823168 0.000000
vt -12.692061 -13.313483 0.000000
vt -11.433934 -12.136257 0.000000
vt -12.781491 -12.136257 0.000000
vt -12.781491 -10.922631 0.000000
vt -14.129048 -10.922631 0.000000
vt -12.781491 -9.710519 0.000000
vt -14.129048 -9.710330 0.000000
vt -12.781491 -8.495380 0.000000
vt -14.129048 -8.495380 0.000000
vt -14.129048 -7.281754 0.000000
vt -15.476605 -7.281754 0.000000
vt -15.476605 -6.068129 0.000000
vt -16.824161 -6.068129 0.000000
vt -16.824161 -4.854503 0.000000
vt -18.171718 -4.854503 0.000000
vt -18.171718 -3.640877 0.000000
vt -19.519275 -3.640877 0.000000
vt -19.519275 -2.427251 0.000000
vt -20.866831 -2.427251 0.000000
vt -20.866831 -1.213626 0.000000
vt -22.214388 -1.213626 0.000000
vt -22.214388 0.000000 0.000000
vt -23.561945 0.000000 0.000000
vt -9.847185 -13.523936 0.000000
vt -8.973521 -12.691727 0.000000
vt -10.086378 -12.136257 0.000000
vt -8.738821 -12.136257 0.000000
vt -10.086378 -10.922631 0.000000
vt -8.738821 -10.922631 0.000000
vt -8.738821 -9.711087 0.000000
vt -7.391264 -9.711276 0.000000
vt -7.391264 -8.495380 0.000000
vt -6.043708 -8.495380 0.000000
vt -7.391264 -7.281754 0.000000
vt -6.043708 -7.281754 0.000000
vt -7.391264 -6.068129 0.000000
vt -6.043708 -6.068129 0.000000
vt -7.391264 -4.854503 0.000000
vt -6.043708 -4.854503 0.000000
vt -7.391264 -3.640877 0.000000
vt -6.043708 -3.640877 0.000000
vt -7.391264 -2.427251 0.000000
vt -6.043708 -2.427251 0.000000
vt -7.391264 -1.213626 0.000000
vt -6.043708 -1.213626 0.000000
vt -7.391264 0.000000 0.000000
vt -6.043708 0.000000 0.000000
vt -7.391264 1.213626 0.000000
vt -6.043708 1.213626 0.000000
vt -7.391264 2.427251 0.000000
vt -6.043708 2.427251 0.000000
vt -7.391264 3.640877 0.000000
vt -6.043708 3.640877 0.000000
vt -7.391264 4.854503 0.000000
vt -6.043708 4.854503 0.000000
vt -7.391264 6.068129 0.000000
vt -6.043708 6.068129 0.000000
vt -7.391264 7.281754 0.000000
vt -6.043708 7.281754 0.000000
vt -7.391264 8.495380 0.000000
vt -6.043708 8.495380 0.000000
vt -7.391264 9.709006 0.000000
vt -6.043708 9.709006 0.000000
vt -6.043708 10.921812 0.000000
vt -4.696151 10.921749 0.000000
vt -4.696151 12.136257 0.000000
vt -3.348594 12.136257 0.000000
vt -4.696151 13.349883 0.000000
vt -3.348594 13.349883 0.000000
vt -4.696151 14.563509 0.000000
vt -3.348594 14.563509 0.000000
vt -4.696151 15.777134 0.000000
vt -3.348594 15.777134 0.000000
vt -4.696151 16.990760 0.000000
vt -3.348594 16.990760 0.000000
vt -4.696151 18.204386 0.000000
vt -3.348594 18.204386 0.000000
vt -4.696151 19.418012 0.000000
vt -3.348594 19.418012 0.000000
vt -4.696151 20.631637 0.000000
vt -3.348594 20.631637 0.000000
vt -4.696151 21.845263 0.000000
vt -3.348594 21.845263 0.000000
vt -4.696151 23.058889 0.000000
vt -3.348594 23.058889 0.000000
vt -4.696151 24.272514 0.000000
vt -3.348594 24.272514 0.000000
vt -4.696151 25.486140 0.000000
vt -3.348594 25.486140 0.000000
vt -4.696151 26.699766 0.000000
vt -3.348594 26.699766 0.000000
vt -4.696151 27.913392 0.000000
vt -3.348594 27.913392 0.000000
vt -4.696151 29.127017 0.000000
vt -3.348594 29.127017 0.000000
vt -4.696151 30.340643 0.000000
vt -3.348594 30.340643 0.000000
vt -4.696151 31.555152 0.000000
vt -3.348594 31.555215 0.000000
vt -4.696151 32.767894 0.000000
vt -3.348594 32.767894 0.000000
vt -4.696151 33.981520 0.000000
vt -3.348594 33.981520 0.000000
vt -4.696151 35.195146 0.000000
vt -3.348594 35.195146 0.000000
vt -4.696151 36.408772 0.000000
vt -3.348594 36.408772 0.000000
vt -4.696151 37.622397 0.000000
vt -3.348594 37.622397 0.000000
vt -4.696151 38.836023 0.000000
vt -3.348594 38.836023 0.000000
vt -4.696151 40.049649 0.000000
vt -3.348594 40.049649 0.000000
vt -4.696151 41.263275 0.000000
vt -3.348594 41.263275 0.000000
vt -4.696151 42.476900 0.000000
vt -3.348594 42.476900 0.000000
vt -4.696151 -42.476900 0.000000
vt -3.348594 -42.476900 0.000000
vt -4.696151 -41.263275 0.000000
vt -3.348594 -41.263275 0.000000
vt -4.696151 -40.049649 0.000000
vt -3.348594 -40.049649 0.000000
vt -4.696151 -38.836023 0.000000
vt -3.348594 -38.836023 0.000000
vt -4.696151 -37.622397 0.000000
vt -3.348594 -37.622397 0.000000
vt -4.696151 -36.408772 0.000000
vt -3.348594 -36.408772 0.000000
vt -4.696151 -35.195146 0.000000
vt -3.348594 -35.195146 0.000000
vt -4.696151 -33.981520 0.000000
vt -3.348594 -33.981520 0.000000
vt -4.696151 -32.765246 0.000000
vt -3.348594 -32.765057 0.000000
vt -3.793618 -32.207617 0.000000
vt -2.666337 -32.415517 0.000000
vt -2.001037 -32.764867 0.000000
vt -1.525934 -32.547408 0.000000
vt -0.653481 -32.764678 0.000000
vt -0.378233 -32.606540 0.000000
vt 0.694076 -32.764489 0.000000
vt 0.771253 -32.594374 0.000000
vt 2.041633 -32.764300 0.000000
vt 1.917089 -32.510610 0.000000
vt 3.053682 -32.353180 0.000000
vt 3.389189 -32.764111 0.000000
vt 4.175044 -32.118209 0.000000
vt 4.736746 -32.763921 0.000000
vt 5.274536 -31.799966 0.000000
vt 6.084303 -32.763732 0.000000
vt 6.084303 -31.554269 0.000000
vt 7.431860 -32.763543 0.000000
vt 7.431860 -31.554269 0.000000
vt 8.779416 -32.763354 0.000000
vt 8.779416 -31.554269 0.000000
vt 10.126973 -32.763165 0.000000
vt 10.126973 -31.387512 0.000000
vt -8.029284 -11.990888 0.000000
vt -7.391264 -10.922631 0.000000
vt -7.028347 -11.409371 0.000000
vt -6.043708 -10.922631 0.000000
vt -5.982425 -10.935359 0.000000
vt -4.901389 -10.558282 0.000000
vt -3.793618 -10.269283 0.000000
vt -4.696151 -9.711654 0.000000
vt -6.043708 -9.711465 0.000000
vt -3.348594 -9.711844 0.000000
vt -2.666337 -10.061383 0.000000
vt -2.001037 -9.712033 0.000000
vt -1.525934 -9.929493 0.000000
vt -0.653481 -9.712222 0.000000
vt -0.378233 -9.870360 0.000000
vt 0.694076 -9.712411 0.000000
vt 0.771253 -9.882526 0.000000
vt 2.041633 -9.712600 0.000000
vt 1.917089 -9.966290 0.000000
vt 3.053682 -10.123721 0.000000
vt 3.389189 -9.712790 0.000000
vt 4.175044 -10.358691 0.000000
vt 4.736746 -9.712979 0.000000
vt 5.274536 -10.676935 0.000000
vt 6.084303 -9.713168 0.000000
vt 6.084303 -10.922631 0.000000
vt 7.431860 -9.713357 0.000000
vt 7.431860 -10.922631 0.000000
vt 8.779416 -9.713546 0.000000
vt 8.779416 -10.922631 0.000000
vt 10.126973 -9.713735 0.000000
vt 10.126973 -11.089388 0.000000
vt 8.779416 -12.136257 0.000000
vt 10.126973 -12.465041 0.000000
vt 9.281045 -12.961000 0.000000
vt 10.126973 -13.840694 0.000000
vt 6.344572 -11.086078 0.000000
vt 7.376304 -11.595593 0.000000
vt 8.359270 -12.216552 0.000000
vt 8.779416 -8.495380 0.000000
vt 10.126973 -8.338083 0.000000
vt 8.779416 -7.281754 0.000000
vt 10.126973 -6.962430 0.000000
vt 8.779416 -6.068129 0.000000
vt 10.126973 -5.586777 0.000000
vt 8.779416 -4.854503 0.000000
vt 10.126973 -4.211125 0.000000
vt 8.779416 -3.640877 0.000000
vt 10.126973 -2.835472 0.000000
vt 8.779416 -2.427251 0.000000
vt 10.126973 -1.459819 0.000000
vt 8.779416 -1.213626 0.000000
vt 10.126973 -0.084167 0.000000
vt 8.779416 0.000000 0.000000
vt 10.126973 1.291486 0.000000
vt 8.779416 1.213626 0.000000
vt 8.779416 2.427251 0.000000
vt 7.431860 2.427251 0.000000
vt 7.431860 3.640877 0.000000
vt 6.084303 3.640877 0.000000
vt 6.084303 4.854503 0.000000
vt 4.736746 4.854503 0.000000
vt 4.736746 6.068129 0.000000
vt 3.389189 6.068129 0.000000
vt 3.389189 7.281754 0.000000
vt 2.041633 7.281754 0.000000
vt 2.041633 8.495380 0.000000
vt 0.694076 8.495380 0.000000
vt 0.694076 9.709006 0.000000
vt -0.653481 9.709006 0.000000
vt 0.694076 10.921496 0.000000
vt -0.653481 10.921559 0.000000
vt 0.694076 12.136257 0.000000
vt -0.653481 12.136257 0.000000
vt -0.653481 13.349883 0.000000
vt -2.001037 13.349883 0.000000
vt -2.001037 14.563509 0.000000
vt 10.126973 2.667139 0.000000
vt 8.779416 3.640877 0.000000
vt 7.431860 4.854503 0.000000
vt 6.084303 6.068129 0.000000
vt 4.736746 7.281754 0.000000
vt 3.389189 8.495380 0.000000
vt 2.041633 9.709006 0.000000
vt 2.041633 10.921433 0.000000
vt 2.041633 12.136257 0.000000
vt 0.694076 13.349883 0.000000
vt -0.653481 14.563509 0.000000
vt -2.001037 15.777134 0.000000
vt 10.126973 4.042791 0.000000
vt 8.779416 4.854503 0.000000
vt 7.431860 6.068129 0.000000
vt 6.084303 7.281754 0.000000
vt 4.736746 8.495380 0.000000
vt 3.389189 9.709006 0.000000
vt 3.389189 10.921370 0.000000
vt 3.389189 12.136257 0.000000
vt 2.041633 13.349883 0.000000
vt 0.694076 14.563509 0.000000
vt -0.653481 15.777134 0.000000
vt -2.001037 16.990760 0.000000
vt 10.126973 5.418444 0.000000
vt 8.779416 6.068129 0.000000
vt 7.431860 7.281754 0.000000
vt 6.084303 8.495380 0.000000
vt 4.736746 9.709006 0.000000
vt 4.736746 10.921307 0.000000
vt 4.736746 12.136257 0.000000
vt 3.389189 13.349883 0.000000
vt 2.041633 14.563509 0.000000
vt 0.694076 15.777134 0.000000
vt -0.653481 16.990760 0.000000
vt -2.001037 18.204386 0.000000
vt 10.126973 6.794097 0.000000
vt 8.779416 7.281754 0.000000
vt 7.431860 8.495380 0.000000
vt 6.084303 9.709006 0.000000
vt 6.084303 10.921244 0.000000
vt 6.084303 12.136257 0.000000
vt 4.736746 13.349883 0.000000
vt 3.389189 14.563509 0.000000
vt 2.041633 15.777134 0.000000
vt 0.694076 16.990760 0.000000
vt -0.653481 18.204386 0.000000
vt -2.001037 19.418012 0.000000
vt 10.126973 8.169750 0.000000
vt 8.779416 8.495380 0.000000
vt 7.431860 9.709006 0.000000
vt 7.431860 10.921181 0.000000
vt 7.431860 12.136257 0.000000
vt 6.084303 13.349883 0.000000
vt 4.736746 14.563509 0.000000
vt 3.389189 15.777134 0.000000
vt 2.041633 16.990760 0.000000
vt 0.694076 18.204386 0.000000
vt -0.653481 19.418012 0.000000
vt -2.001037 20.631637 0.000000
vt 10.126973 9.545402 0.000000
vt 8.779416 9.709006 0.000000
vt 8.779416 10.921118 0.000000
vt 8.779416 12.136257 0.000000
vt 7.431860 13.349883 0.000000
vt 6.084303 14.563509 0.000000
vt 4.736746 15.777134 0.000000
vt 3.389189 16.990760 0.000000
vt 2.041633 18.204386 0.000000
vt 0.694076 19.418012 0.000000
vt -0.653481 20.631637 0.000000
vt -2.001037 21.845263 0.000000
vt 10.126973 10.921055 0.000000
vt 10.126973 12.296708 0.000000
vt 8.779416 13.349883 0.000000
vt 10.126973 13.672360 0.000000
vt 8.779416 14.563509 0.000000
vt 10.126973 15.048013 0.000000
vt 8.779416 15.777134 0.000000
vt 10.126973 16.423666 0.000000
vt 8.779416 16.990760 0.000000
vt 10.126973 17.799318 0.000000
vt 8.779416 18.204386 0.000000
vt 10.126973 19.174971 0.000000
vt 8.779416 19.418012 0.000000
vt 10.126973 20.550624 0.000000
vt 8.779416 20.631637 0.000000
vt 10.126973 21.926276 0.000000
vt 8.779416 21.845263 0.000000
vt 8.779416 23.058889 0.000000
vt 7.431860 23.058889 0.000000
vt 7.431860 24.272514 0.000000
vt 6.084303 24.272514 0.000000
vt 6.084303 25.486140 0.000000
vt 4.736746 25.486140 0.000000
vt 4.736746 26.699766 0.000000
vt 3.389189 26.699766 0.000000
vt 3.389189 27.913392 0.000000
vt 2.041633 27.913392 0.000000
vt 2.041633 29.127017 0.000000
vt 0.694076 29.127017 0.000000
vt 0.694076 30.340643 0.000000
vt -0.653481 30.340643 0.000000
vt -0.653481 31.555341 0.000000
vt -2.001037 31.555278 0.000000
vt -2.001037 32.767894 0.000000
vt 10.126973 23.301929 0.000000
vt 8.779416 24.272514 0.000000
vt 7.431860 25.486140 0.000000
vt 6.084303 26.699766 0.000000
vt 4.736746 27.913392 0.000000
vt 3.389189 29.127017 0.000000
vt 2.041633 30.340643 0.000000
vt 0.694076 31.555404 0.000000
vt -0.653481 32.767894 0.000000
vt -2.001037 33.981520 0.000000
vt 10.126973 24.677582 0.000000
vt 8.779416 25.486140 0.000000
vt 7.431860 26.699766 0.000000
vt 6.084303 27.913392 0.000000
vt 4.736746 29.127017 0.000000
vt 3.389189 30.340643 0.000000
vt 2.041633 31.555467 0.000000
vt 0.694076 32.767894 0.000000
vt -0.653481 33.981520 0.000000
vt -2.001037 35.195146 0.000000
vt 10.126973 26.053235 0.000000
vt 8.779416 26.699766 0.000000
vt 7.431860 27.913392 0.000000
vt 6.084303 29.127017 0.000000
vt 4.736746 30.340643 0.000000
vt 3.389189 31.555530 0.000000
vt 2.041633 32.767894 0.000000
vt 0.694076 33.981520 0.000000
vt -0.653481 35.195146 0.000000
vt -2.001037 36.408772 0.000000
vt 10.126973 27.428887 0.000000
vt 8.779416 27.913392 0.000000
vt 7.431860 29.127017 0.000000
vt 6.084303 30.340643 0.000000
vt 4.736746 31.555593 0.000000
vt 3.389189 32.767894 0.000000
vt 2.041633 33.981520 0.000000
vt 0.694076 35.195146 0.000000
vt -0.653481 36.408772 0.000000
vt -2.001037 37.622397 0.000000
vt 10.126973 28.804540 0.000000
vt 8.779416 29.127017 0.000000
vt 7.431860 30.340643 0.000000
vt 6.084303 31.555656 0.000000
vt 4.736746 32.767894 0.000000
vt 3.389189 33.981520 0.000000
vt 2.041633 35.195146 0.000000
vt 0.694076 36.408772 0.000000
vt -0.653481 37.622397 0.000000
vt -2.001037 38.836023 0.000000
vt 10.126973 30.180193 0.000000
vt 8.779416 30.340643 0.000000
vt 7.431860 31.555719 0.000000
vt 6.084303 32.767894 0.000000
vt 4.736746 33.981520 0.000000
vt 3.389189 35.195146 0.000000
vt 2.041633 36.408772 0.000000
vt 0.694076 37.622397 0.000000
vt -0.653481 38.836023 0.000000
vt -2.001037 40.049649 0.000000
vt 10.126973 31.555845 0.000000
vt 8.779416 31.555782 0.000000
vt 7.431860 32.767894 0.000000
vt 6.084303 33.981520 0.000000
vt 4.736746 35.195146 0.000000
vt 3.389189 36.408772 0.000000
vt 2.041633 37.622397 0.000000
vt 0.694076 38.836023 0.000000
vt -0.653481 40.049649 0.000000
vt -2.001037 41.263275 0.000000
vt 8.779416 32.767894 0.000000
vt 10.126973 32.931498 0.000000
vt 8.779416 33.981520 0.000000
vt 10.126973 34.307151 0.000000
vt 8.779416 35.195146 0.000000
vt 10.126973 35.682803 0.000000
vt 8.779416 36.408772 0.000000
vt 10.126973 37.058456 0.000000
vt 8.779416 37.622397 0.000000
vt 10.126973 38.434109 0.000000
vt 8.779416 38.836023 0.000000
vt 10.126973 39.809761 0.000000
vt 8.779416 40.049649 0.000000
vt 10.126973 41.185414 0.000000
vt 8.779416 41.263275 0.000000
vt 8.779416 -43.690526 0.000000
vt 10.126973 -43.768386 0.000000
vt 8.779416 -42.476900 0.000000
vt 8.779416 42.476900 0.000000
vt 7.431860 42.476900 0.000000
vt 7.431860 -42.476900 0.000000
vt 7.431860 -41.263275 0.000000
vt 6.084303 -41.263275 0.000000
vt 6.084303 -40.049649 0.000000
vt 4.736746 -40.049649 0.000000
vt 4.736746 -38.836023 0.000000
vt 3.389189 -38.836023 0.000000
vt 3.389189 -37.622397 0.000000
vt 2.041633 -37.622397 0.000000
vt 2.041633 -36.408772 0.000000
vt 0.694076 -36.408772 0.000000
vt 0.694076 -35.195146 0.000000
vt -0.653481 -35.195146 0.000000
vt -0.653481 -33.981520 0.000000
vt -2.001037 -33.981520 0.000000
vt 10.126973 -42.392734 0.000000
vt 8.779416 -41.263275 0.000000
vt 7.431860 -40.049649 0.000000
vt 6.084303 -38.836023 0.000000
vt 4.736746 -37.622397 0.000000
vt 3.389189 -36.408772 0.000000
vt 2.041633 -35.195146 0.000000
vt 0.694076 -33.981520 0.000000
vt 10.126973 -41.017081 0.000000
vt 8.779416 -40.049649 0.000000
vt 7.431860 -38.836023 0.000000
vt 6.084303 -37.622397 0.000000
vt 4.736746 -36.408772 0.000000
vt 3.389189 -35.195146 0.000000
vt 2.041633 -33.981520 0.000000
vt 10.126973 -39.641428 0.000000
vt 8.779416 -38.836023 0.000000
vt 7.431860 -37.622397 0.000000
vt 6.084303 -36.408772 0.000000
vt 4.736746 -35.195146 0.000000
vt 3.389189 -33.981520 0.000000
vt 10.126973 -38.265776 0.000000
vt 8.779416 -37.622397 0.000000
vt 7.431860 -36.408772 0.000000
vt 6.084303 -35.195146 0.000000
vt 4.736746 -33.981520 0.000000
vt 10.126973 -36.890123 0.000000
vt 8.779416 -36.408772 0.000000
vt 7.431860 -35.195146 0.000000
vt 6.084303 -33.981520 0.000000
vt 10.126973 -35.514470 0.000000
vt 8.779416 -35.195146 0.000000
vt 7.431860 -33.981520 0.000000
vt 10.126973 -34.138817 0.000000
vt 8.779416 -33.981520 0.000000
vt 8.779416 -30.340643 0.000000
vt 10.126973 -30.011859 0.000000
vt 9.281045 -29.515900 0.000000
vt 10.126973 -28.636207 0.000000
vt 8.359270 -30.260348 0.000000
vt 7.376304 -30.881307 0.000000
vt 6.344572 -31.390823 0.000000
vt -4.901389 -31.918618 0.000000
vt -6.043708 -32.765435 0.000000
vt -6.043708 -33.981520 0.000000
vt -6.043708 -35.195146 0.000000
vt -6.043708 -36.408772 0.000000
vt -6.043708 -37.622397 0.000000
vt -6.043708 -38.836023 0.000000
vt -6.043708 -40.049649 0.000000
vt -6.043708 -41.263275 0.000000
vt -6.043708 -42.476900 0.000000
vt -6.043708 42.476900 0.000000
vt -6.043708 41.263275 0.000000
vt -6.043708 40.049649 0.000000
vt -6.043708 38.836023 0.000000
vt -6.043708 37.622397 0.000000
vt -6.043708 36.408772 0.000000
vt -6.043708 35.195146 0.000000
vt -6.043708 33.981520 0.000000
vt -6.043708 32.767894 0.000000
vt -6.043708 31.555089 0.000000
vt -6.043708 30.340643 0.000000
vt -6.043708 29.127017 0.000000
vt -6.043708 27.913392 0.000000
vt -6.043708 26.699766 0.000000
vt -6.043708 25.486140 0.000000
vt -6.043708 24.272514 0.000000
vt -6.043708 23.058889 0.000000
vt -6.043708 21.845263 0.000000
vt -6.043708 20.631637 0.000000
vt -6.043708 19.418012 0.000000
vt -6.043708 18.204386 0.000000
vt -6.043708 16.990760 0.000000
vt -6.043708 15.777134 0.000000
vt -6.043708 14.563509 0.000000
vt -6.043708 13.349883 0.000000
vt -6.043708 12.136257 0.000000
vt -7.391264 10.921875 0.000000
vt -8.738821 9.709006 0.000000
vt -8.738821 8.495380 0.000000
vt -8.738821 7.281754 0.000000
vt -8.738821 6.068129 0.000000
vt -8.738821 4.854503 0.000000
vt -8.738821 3.640877 0.000000
vt -8.738821 2.427251 0.000000
vt -8.738821 1.213626 0.000000
vt -8.738821 0.000000 0.000000
vt -8.738821 -1.213626 0.000000
vt -8.738821 -2.427251 0.000000
vt -8.738821 -3.640877 0.000000
vt -8.738821 -4.854503 0.000000
vt -8.738821 -6.068129 0.000000
vt -8.738821 -7.281754 0.000000
vt -8.738821 -8.495380 0.000000
vt -10.086378 -9.710898 0.000000
vt -11.433934 -10.922631 0.000000
vt -6.043708 -31.554269 0.000000
vt -5.982425 -31.541541 0.000000
vt -7.028347 -31.067529 0.000000
vt -7.391264 -31.554269 0.000000
vt -8.029284 -30.486012 0.000000
vt -8.738821 -31.554269 0.000000
vt -8.738821 -30.340643 0.000000
vt -10.086378 -30.340643 0.000000
vt -8.973521 -29.785174 0.000000
vt -10.086378 -29.127017 0.000000
vt -9.847185 -28.952964 0.000000
vt -10.634091 -27.978948 0.000000
vt -11.013132 -28.223193 0.000000
vt -11.433934 -29.127017 0.000000
vt -11.433934 -30.340643 0.000000
vt -10.086378 -31.554269 0.000000
vt -11.433934 -31.554269 0.000000
vt -10.086378 -32.766003 0.000000
vt -11.433934 -32.766192 0.000000
vt -10.086378 -33.981520 0.000000
vt -11.433934 -33.981520 0.000000
vt -10.086378 -35.195146 0.000000
vt -11.433934 -35.195146 0.000000
vt -10.086378 -36.408772 0.000000
vt -11.433934 -36.408772 0.000000
vt -10.086378 -37.622397 0.000000
vt -11.433934 -37.622397 0.000000
vt -10.086378 -38.836023 0.000000
vt -11.433934 -38.836023 0.000000
vt -10.086378 -40.049649 0.000000
vt -11.433934 -40.049649 0.000000
vt -10.086378 -41.263275 0.000000
vt -11.433934 -41.263275 0.000000
vt -10.086378 -42.476900 0.000000
vt -11.433934 -42.476900 0.000000
vt -10.086378 42.476900 0.000000
vt -11.433934 42.476900 0.000000
vt -10.086378 41.263275 0.000000
vt -11.433934 41.263275 0.000000
vt -10.086378 40.049649 0.000000
vt -11.433934 40.049649 0.000000
vt -10.086378 38.836023 0.000000
vt -11.433934 38.836023 0.000000
vt -10.086378 37.622397 0.000000
vt -11.433934 37.622397 0.000000
vt -10.086378 36.408772 0.000000
vt -11.433934 36.408772 0.000000
vt -10.086378 35.195146 0.000000
vt -11.433934 35.195146 0.000000
vt -10.086378 33.981520 0.000000
vt -11.433934 33.981520 0.000000
vt -10.086378 32.767894 0.000000
vt -11.433934 32.767894 0.000000
vt -10.086378 31.554899 0.000000
vt -11.433934 31.554836 0.000000
vt -10.086378 30.340643 0.000000
vt -11.433934 30.340643 0.000000
vt -10.086378 29.127017 0.000000
vt -11.433934 29.127017 0.000000
vt -10.086378 27.913392 0.000000
vt -11.433934 27.913392 0.000000
vt -10.086378 26.699766 0.000000
vt -11.433934 26.699766 0.000000
vt -10.086378 25.486140 0.000000
vt -11.433934 25.486140 0.000000
vt -10.086378 24.272514 0.000000
vt -11.433934 24.272514 0.000000
vt -10.086378 23.058889 0.000000
vt -11.433934 23.058889 0.000000
vt -10.086378 21.845263 0.000000
vt -11.433934 21.845263 0.000000
vt -10.086378 20.631637 0.000000
vt -11.433934 20.631637 0.000000
vt -10.086378 19.418012 0.000000
vt -11.433934 19.418012 0.000000
vt -10.086378 18.204386 0.000000
vt -11.433934 18.204386 0.000000
vt -10.086378 16.990760 0.000000
vt -11.433934 16.990760 0.000000
vt -10.086378 15.777134 0.000000
vt -11.433934 15.777134 0.000000
vt -10.086378 14.563509 0.000000
vt -11.433934 14.563509 0.000000
vt -10.086378 13.349883 0.000000
vt -11.433934 13.349883 0.000000
vt -10.086378 12.136257 0.000000
vt -11.433934 12.136257 0.000000
vt -11.433934 10.922064 0.000000
vt -12.781491 10.922127 0.000000
vt -12.781491 9.709006 0.000000
vt -14.129048 9.709006 0.000000
vt -12.781491 8.495380 0.000000
vt -14.129048 8.495380 0.000000
vt -12.781491 7.281754 0.000000
vt -14.129048 7.281754 0.000000
vt -12.781491 6.068129 0.000000
vt -14.129048 6.068129 0.000000
vt -12.781491 4.854503 0.000000
vt -14.129048 4.854503 0.000000
vt -12.781491 3.640877 0.000000
vt -14.129048 3.640877 0.000000
vt -12.781491 2.427251 0.000000
vt -14.129048 2.427251 0.000000
vt -12.781491 1.213626 0.000000
vt -14.129048 1.213626 0.000000
vt -12.781491 0.000000 0.000000
vt -14.129048 0.000000 0.000000
vt -12.781491 -1.213626 0.000000
vt -14.129048 -1.213626 0.000000
vt -12.781491 -2.427251 0.000000
vt -14.129048 -2.427251 0.000000
vt -12.781491 -3.640877 0.000000
vt -14.129048 -3.640877 0.000000
vt -12.781491 -4.854503 0.000000
vt -14.129048 -4.854503 0.000000
vt -12.781491 -6.068129 0.000000
vt -14.129048 -6.068129 0.000000
vt -12.781491 -7.281754 0.000000
vt -11.861517 -28.653732 0.000000
vt -12.692061 -29.163417 0.000000
vt -12.781491 -30.340643 0.000000
vt -12.781491 -31.554269 0.000000
vt -12.781491 -32.766381 0.000000
vt -12.781491 -33.981520 0.000000
vt -12.781491 -35.195146 0.000000
vt -12.781491 -36.408772 0.000000
vt -12.781491 -37.622397 0.000000
vt -12.781491 -38.836023 0.000000
vt -12.781491 -40.049649 0.000000
vt -12.781491 -41.263275 0.000000
vt -12.781491 -42.476900 0.000000
vt -12.781491 42.476900 0.000000
vt -12.781491 41.263275 0.000000
vt -12.781491 40.049649 0.000000
vt -12.781491 38.836023 0.000000
vt -12.781491 37.622397 0.000000
vt -12.781491 36.408772 0.000000
vt -12.781491 35.195146 0.000000
vt -12.781491 33.981520 0.000000
vt -12.781491 32.767894 0.000000
vt -12.781491 31.554773 0.000000
vt -12.781491 30.340643 0.000000
vt -12.781491 29.127017 0.000000
vt -12.781491 27.913392 0.000000
vt -12.781491 26.699766 0.000000
vt -12.781491 25.486140 0.000000
vt -12.781491 24.272514 0.000000
vt -12.781491 23.058889 0.000000
vt -12.781491 21.845263 0.000000
vt -12.781491 20.631637 0.000000
vt -12.781491 19.418012 0.000000
vt -12.781491 18.204386 0.000000
vt -12.781491 16.990760 0.000000
vt -12.781491 15.777134 0.000000
vt -12.781491 14.563509 0.000000
vt -12.781491 13.349883 0.000000
vt -12.781491 12.136257 0.000000
vt -14.129048 10.922190 0.000000
vt -15.476605 9.709006 0.000000
vt -15.476605 8.495380 0.000000
vt -15.476605 7.281754 0.000000
vt -15.476605 6.068129 0.000000
vt -15.476605 4.854503 0.000000
vt -15.476605 3.640877 0.000000
vt -15.476605 2.427251 0.000000
vt -15.476605 1.213626 0.000000
vt -15.476605 0.000000 0.000000
vt -15.476605 -1.213626 0.000000
vt -15.476605 -2.427251 0.000000
vt -15.476605 -3.640877 0.000000
vt -15.476605 -4.854503 0.000000
vt -13.500155 -29.768768 0.000000
vt -13.853268 -30.016299 0.000000
vt -14.129048 -30.340643 0.000000
vt -14.240677 -30.160383 0.000000
vt -14.431596 -30.151645 0.000000
vt -15.476605 -30.340643 0.000000
vt -14.616763 -30.039288 0.000000
vt -14.687708 -29.935677 0.000000
vt -14.738971 -29.801091 0.000000
vt -15.476605 -29.127017 0.000000
vt -16.824161 -29.127017 0.000000
vt -16.824161 -27.913392 0.000000
vt -18.171718 -27.913392 0.000000
vt -18.171718 -26.699766 0.000000
vt -19.519275 -26.699766 0.000000
vt -19.519275 -25.486140 0.000000
vt -20.866831 -25.486140 0.000000
vt -20.866831 -24.272514 0.000000
vt -22.214388 -24.272514 0.000000
vt -22.214388 -23.058889 0.000000
vt -23.561945 -23.058889 0.000000
vt -14.776662 -29.486216 0.000000
vt -14.776662 -27.836663 0.000000
vt -15.476605 -27.913392 0.000000
vt -15.476605 -26.699766 0.000000
vt -16.824161 -26.699766 0.000000
vt -16.824161 -25.486140 0.000000
vt -18.171718 -25.486140 0.000000
vt -18.171718 -24.272514 0.000000
vt -19.519275 -24.272514 0.000000
vt -19.519275 -23.058889 0.000000
vt -20.866831 -23.058889 0.000000
vt -20.866831 -21.845263 0.000000
vt -22.214388 -21.845263 0.000000
vt -22.214388 -20.631637 0.000000
vt -23.561945 -20.631637 0.000000
vt -14.776662 -26.187110 0.000000
vt -15.476605 -25.486140 0.000000
vt -16.824161 -24.272514 0.000000
vt -18.171718 -23.058889 0.000000
vt -19.519275 -21.845263 0.000000
vt -20.866831 -20.631637 0.000000
vt -22.214388 -19.418012 0.000000
vt -23.561945 -19.418012 0.000000
vt -14.776662 -24.537557 0.000000
vt -15.476605 -24.272514 0.000000
vt -16.824161 -23.058889 0.000000
vt -18.171718 -21.845263 0.000000
vt -19.519275 -20.631637 0.000000
vt -20.866831 -19.418012 0.000000
vt -22.214388 -18.204386 0.000000
vt -23.561945 -18.204386 0.000000
vt -14.776662 -22.888003 0.000000
vt -15.476605 -23.058889 0.000000
vt -16.824161 -21.845263 0.000000
vt -18.171718 -20.631637 0.000000
vt -19.519275 -19.418012 0.000000
vt -20.866831 -18.204386 0.000000
vt -22.214388 -16.990760 0.000000
vt -23.561945 -16.990760 0.000000
vt -15.476605 -21.845263 0.000000
vt -14.776662 -21.238450 0.000000
vt -15.476605 -20.631637 0.000000
vt -14.776662 -19.588897 0.000000
vt -15.476605 -19.418012 0.000000
vt -15.476605 -18.204386 0.000000
vt -16.824161 -18.204386 0.000000
vt -16.824161 -16.990760 0.000000
vt -18.171718 -16.990760 0.000000
vt -18.171718 -15.777134 0.000000
vt -19.519275 -15.777134 0.000000
vt -19.519275 -14.563509 0.000000
vt -20.866831 -14.563509 0.000000
vt -20.866831 -13.349883 0.000000
vt -22.214388 -13.349883 0.000000
vt -22.214388 -12.136257 0.000000
vt -23.561945 -12.136257 0.000000
vt -14.776662 -17.939344 0.000000
vt -15.476605 -16.990760 0.000000
vt -16.824161 -15.777134 0.000000
vt -18.171718 -14.563509 0.000000
vt -19.519275 -13.349883 0.000000
vt -20.866831 -12.136257 0.000000
vt -22.214388 -10.922631 0.000000
vt -23.561945 -10.922631 0.000000
vt -22.214388 -9.709195 0.000000
vt -14.776662 -16.289790 0.000000
vt -15.476605 -15.777134 0.000000
vt -16.824161 -14.563509 0.000000
vt -18.171718 -13.349883 0.000000
vt -19.519275 -12.136257 0.000000
vt -20.866831 -10.922631 0.000000
vt -20.866831 -9.709384 0.000000
vt -20.866831 -8.495380 0.000000
vt -22.214388 -8.495380 0.000000
vt -22.214388 -7.281754 0.000000
vt -23.561945 -7.281754 0.000000
vt -14.776662 -14.640237 0.000000
vt -15.476605 -14.563509 0.000000
vt -16.824161 -13.349883 0.000000
vt -18.171718 -12.136257 0.000000
vt -19.519275 -10.922631 0.000000
vt -19.519275 -9.709573 0.000000
vt -19.519275 -8.495380 0.000000
vt -20.866831 -7.281754 0.000000
vt -22.214388 -6.068129 0.000000
vt -23.561945 -6.068129 0.000000
vt -15.476605 -13.349883 0.000000
vt -14.776662 -12.990684 0.000000
vt -14.741015 -12.683127 0.000000
vt -15.476605 -12.136257 0.000000
vt -14.689235 -12.544416 0.000000
vt -14.618631 -12.439553 0.000000
vt -14.432914 -12.325590 0.000000
vt -15.476605 -10.922631 0.000000
vt -16.824161 -10.922631 0.000000
vt -15.476605 -9.710141 0.000000
vt -16.824161 -9.709952 0.000000
vt -15.476605 -8.495380 0.000000
vt -16.824161 -8.495380 0.000000
vt -16.824161 -7.281754 0.000000
vt -18.171718 -7.281754 0.000000
vt -18.171718 -6.068129 0.000000
vt -19.519275 -6.068129 0.000000
vt -19.519275 -4.854503 0.000000
vt -20.866831 -4.854503 0.000000
vt -20.866831 -3.640877 0.000000
vt -22.214388 -3.640877 0.000000
vt -22.214388 -2.427251 0.000000
vt -23.561945 -2.427251 0.000000
vt -14.129048 -12.136257 0.000000
vt -14.241631 -12.316392 0.000000
vt -13.853735 -12.460337 0.000000
vt -13.500155 -12.708132 0.000000
vt -22.214388 42.476900 0.000000
vt -23.561945 42.476900 0.000000
vt -22.214388 41.263275 0.000000
vt -23.561945 41.263275 0.000000
vt -22.214388 40.049649 0.000000
vt -23.561945 40.049649 0.000000
vt -22.214388 38.836023 0.000000
vt -23.561945 38.836023 0.000000
vt -22.214388 37.622397 0.000000
vt -23.561945 37.622397 0.000000
vt -22.214388 36.408772 0.000000
vt -23.561945 36.408772 0.000000
vt -22.214388 35.195146 0.000000
vt -23.561945 35.195146 0.000000
vt -22.214388 33.981520 0.000000
vt -23.561945 33.981520 0.000000
vt -22.214388 32.767894 0.000000
vt -23.561945 32.767894 0.000000
vt -22.214388 31.554332 0.000000
vt -23.561945 31.554269 0.000000
vt -22.214388 30.340643 0.000000
vt -23.561945 30.340643 0.000000
vt -22.214388 29.127017 0.000000
vt -23.561945 29.127017 0.000000
vt -22.214388 27.913392 0.000000
vt -23.561945 27.913392 0.000000
vt -22.214388 26.699766 0.000000
vt -23.561945 26.699766 0.000000
vt -22.214388 25.486140 0.000000
vt -23.561945 25.486140 0.000000
vt -22.214388 24.272514 0.000000
vt -23.561945 24.272514 0.000000
vt -22.214388 23.058889 0.000000
vt -23.561945 23.058889 0.000000
vt -22.214388 21.845263 0.000000
vt -23.561945 21.845263 0.000000
vt -22.214388 20.631637 0.000000
vt -23.561945 20.631637 0.000000
vt -22.214388 19.418012 0.000000
vt -23.561945 19.418012 0.000000
vt -22.214388 18.204386 0.000000
vt -23.561945 18.204386 0.000000
vt -22.214388 16.990760 0.000000
vt -23.561945 16.990760 0.000000
vt -22.214388 15.777134 0.000000
vt -23.561945 15.777134 0.000000
vt -22.214388 14.563509 0.000000
vt -23.561945 14.563509 0.000000
vt -22.214388 13.349883 0.000000
vt -22.214388 12.136257 0.000000
vt -23.561945 12.136257 0.000000
vt -22.214388 10.922568 0.000000
vt -22.214388 8.495380 0.000000
vt -23.561945 8.495380 0.000000
vt -22.214388 7.281754 0.000000
vt -23.561945 7.281754 0.000000
vt -22.214388 6.068129 0.000000
vt -23.561945 6.068129 0.000000
vt -22.214388 4.854503 0.000000
vt -23.561945 4.854503 0.000000
vt -22.214388 3.640877 0.000000
vt -23.561945 3.640877 0.000000
vt -22.214388 2.427251 0.000000
vt -23.561945 2.427251 0.000000
vt -22.214388 1.213626 0.000000
vt -23.561945 1.213626 0.000000
vt -23.561945 -1.213626 0.000000
vt -23.561945 -3.640877 0.000000
vt -22.214388 -4.854503 0.000000
vt -23.561945 -4.854503 0.000000
vt -23.561945 -8.495380 0.000000
vt -23.561945 -13.349883 0.000000
vt -22.214388 -14.563509 0.000000
vt -22.214388 -15.777134 0.000000
vt -23.561945 -15.777134 0.000000
vt -23.561945 -21.845263 0.000000
vt -23.561945 -24.272514 0.000000
vt -22.214388 -25.486140 0.000000
vt -23.561945 -25.486140 0.000000
vt -22.214388 -26.699766 0.000000
vt -23.561945 -26.699766 0.000000
vt -22.214388 -27.913392 0.000000
vt -23.561945 -27.913392 0.000000
vt -22.214388 -29.127017 0.000000
vt -23.561945 -29.127017 0.000000
vt -22.214388 -30.340643 0.000000
vt -23.561945 -30.340643 0.000000
vt -22.214388 -31.554269 0.000000
vt -23.561945 -31.554269 0.000000
vt -22.214388 -32.767705 0.000000
vt -23.561945 -32.767894 0.000000
vt -22.214388 -33.981520 0.000000
vt -23.561945 -33.981520 0.000000
vt -22.214388 -35.195146 0.000000
vt -23.561945 -35.195146 0.000000
vt -22.214388 -36.408772 0.000000
vt -23.561945 -36.408772 0.000000
vt -22.214388 -37.622397 0.000000
vt -23.561945 -37.622397 0.000000
vt -22.214388 -38.836023 0.000000
vt -23.561945 -38.836023 0.000000
vt -22.214388 -40.049649 0.000000
vt -23.561945 -40.049649 0.000000
vt -22.214388 -41.263275 0.000000
vt -23.561945 -41.263275 0.000000
vt -22.214388 -42.476900 0.000000
vt 6.084303 42.476900 0.000000
vt 7.431860 41.263275 0.000000
vt 6.084303 41.263275 0.000000
vt 7.431860 40.049649 0.000000
vt 6.084303 40.049649 0.000000
vt 7.431860 38.836023 0.000000
vt 6.084303 38.836023 0.000000
vt 7.431860 37.622397 0.000000
vt 6.084303 37.622397 0.000000
vt 7.431860 36.408772 0.000000
vt 6.084303 36.408772 0.000000
vt 7.431860 35.195146 0.000000
vt 6.084303 35.195146 0.000000
vt 7.431860 33.981520 0.000000
vt 4.736746 42.476900 0.000000
vt 4.736746 41.263275 0.000000
vt 4.736746 40.049649 0.000000
vt 4.736746 38.836023 0.000000
vt 4.736746 37.622397 0.000000
vt 4.736746 36.408772 0.000000
vt 6.084303 -42.476900 0.000000
vt 4.736746 -41.263275 0.000000
vt 4.736746 -42.476900 0.000000
vt 3.389189 -41.263275 0.000000
vt 3.389189 -42.476900 0.000000
vt 2.041633 -41.263275 0.000000
vt 2.041633 -42.476900 0.000000
vt 0.694076 -41.263275 0.000000
vt 0.694076 -42.476900 0.000000
vt -0.653481 -41.263275 0.000000
vt -0.653481 -42.476900 0.000000
vt -2.001037 -41.263275 0.000000
vt -2.001037 -42.476900 0.000000
vt 3.389189 42.476900 0.000000
vt 3.389189 41.263275 0.000000
vt 3.389189 40.049649 0.000000
vt 3.389189 38.836023 0.000000
vt 3.389189 37.622397 0.000000
vt 2.041633 42.476900 0.000000
vt 2.041633 41.263275 0.000000
vt 2.041633 40.049649 0.000000
vt 2.041633 38.836023 0.000000
vt 0.694076 42.476900 0.000000
vt 0.694076 41.263275 0.000000
vt 0.694076 40.049649 0.000000
vt -0.653481 42.476900 0.000000
vt -0.653481 41.263275 0.000000
vt -2.001037 42.476900 0.000000
vt -7.391264 42.476900 0.000000
vt -7.391264 41.263275 0.000000
vt -7.391264 40.049649 0.000000
vt -7.391264 38.836023 0.000000
vt -7.391264 37.622397 0.000000
vt -7.391264 36.408772 0.000000
vt -7.391264 35.195146 0.000000
vt -7.391264 33.981520 0.000000
vt -7.391264 32.767894 0.000000
vt -7.391264 31.555025 0.000000
vt -7.391264 30.340643 0.000000
vt -7.391264 29.127017 0.000000
vt -7.391264 27.913392 0.000000
vt -7.391264 26.699766 0.000000
vt -7.391264 25.486140 0.000000
vt -7.391264 24.272514 0.000000
vt -7.391264 23.058889 0.000000
vt -7.391264 21.845263 0.000000
vt -7.391264 20.631637 0.000000
vt -7.391264 19.418012 0.000000
vt -7.391264 18.204386 0.000000
vt -7.391264 16.990760 0.000000
vt -7.391264 15.777134 0.000000
vt -7.391264 14.563509 0.000000
vt -7.391264 13.349883 0.000000
vt -7.391264 12.136257 0.000000
vt -8.738821 10.921938 0.000000
vt -10.086378 9.709006 0.000000
vt -10.086378 8.495380 0.000000
vt -10.086378 7.281754 0.000000
vt -10.086378 6.068129 0.000000
vt -10.086378 4.854503 0.000000
vt -10.086378 3.640877 0.000000
vt -10.086378 2.427251 0.000000
vt -10.086378 1.213626 0.000000
vt -10.086378 0.000000 0.000000
vt -10.086378 -1.213626 0.000000
vt -10.086378 -2.427251 0.000000
vt -10.086378 -3.640877 0.000000
vt -10.086378 -4.854503 0.000000
vt -10.086378 -6.068129 0.000000
vt -10.086378 -7.281754 0.000000
vt -10.086378 -8.495380 0.000000
vt -11.433934 -9.710708 0.000000
vt -8.738821 42.476900 0.000000
vt -8.738821 41.263275 0.000000
vt -8.738821 40.049649 0.000000
vt -8.738821 38.836023 0.000000
vt -8.738821 37.622397 0.000000
vt -8.738821 36.408772 0.000000
vt -8.738821 35.195146 0.000000
vt -8.738821 33.981520 0.000000
vt -8.738821 32.767894 0.000000
vt -8.738821 31.554962 0.000000
vt -8.738821 30.340643 0.000000
vt -8.738821 29.127017 0.000000
vt -8.738821 27.913392 0.000000
vt -8.738821 26.699766 0.000000
vt -8.738821 25.486140 0.000000
vt -8.738821 24.272514 0.000000
vt -8.738821 23.058889 0.000000
vt -8.738821 21.845263 0.000000
vt -8.738821 20.631637 0.000000
vt -8.738821 19.418012 0.000000
vt -8.738821 18.204386 0.000000
vt -8.738821 16.990760 0.000000
vt -8.738821 15.777134 0.000000
vt -8.738821 14.563509 0.000000
vt -8.738821 13.349883 0.000000
vt -8.738821 12.136257 0.000000
vt -10.086378 10.922001 0.000000
vt -11.433934 9.709006 0.000000
vt -11.433934 8.495380 0.000000
vt -11.433934 7.281754 0.000000
vt -11.433934 6.068129 0.000000
vt -11.433934 4.854503 0.000000
vt -11.433934 3.640877 0.000000
vt -11.433934 2.427251 0.000000
vt -11.433934 1.213626 0.000000
vt -11.433934 0.000000 0.000000
vt -11.433934 -1.213626 0.000000
vt -11.433934 -2.427251 0.000000
vt -11.433934 -3.640877 0.000000
vt -11.433934 -4.854503 0.000000
vt -11.433934 -6.068129 0.000000
vt -11.433934 -7.281754 0.000000
vt -11.433934 -8.495380 0.000000
vt -7.391264 -42.476900 0.000000
vt -7.391264 -41.263275 0.000000
vt -7.391264 -40.049649 0.000000
vt -7.391264 -38.836023 0.000000
vt -7.391264 -37.622397 0.000000
vt -7.391264 -36.408772 0.000000
vt -7.391264 -35.195146 0.000000
vt -7.391264 -33.981520 0.000000
vt -7.391264 -32.765624 0.000000
vt -8.738821 -42.476900 0.000000
vt -8.738821 -41.263275 0.000000
vt -8.738821 -40.049649 0.000000
vt -8.738821 -38.836023 0.000000
vt -8.738821 -37.622397 0.000000
vt -8.738821 -36.408772 0.000000
vt -8.738821 -35.195146 0.000000
vt -8.738821 -33.981520 0.000000
vt -8.738821 -32.765813 0.000000
vt -14.129048 42.476900 0.000000
vt -14.129048 41.263275 0.000000
vt -14.129048 40.049649 0.000000
vt -14.129048 38.836023 0.000000
vt -14.129048 37.622397 0.000000
vt -14.129048 36.408772 0.000000
vt -14.129048 35.195146 0.000000
vt -14.129048 33.981520 0.000000
vt -14.129048 32.767894 0.000000
vt -14.129048 31.554710 0.000000
vt -14.129048 30.340643 0.000000
vt -14.129048 29.127017 0.000000
vt -14.129048 27.913392 0.000000
vt -14.129048 26.699766 0.000000
vt -14.129048 25.486140 0.000000
vt -14.129048 24.272514 0.000000
vt -14.129048 23.058889 0.000000
vt -14.129048 21.845263 0.000000
vt -14.129048 20.631637 0.000000
vt -14.129048 19.418012 0.000000
vt -14.129048 18.204386 0.000000
vt -14.129048 16.990760 0.000000
vt -14.129048 15.777134 0.000000
vt -14.129048 14.563509 0.000000
vt -14.129048 13.349883 0.000000
vt -14.129048 12.136257 0.000000
vt -15.476605 10.922253 0.000000
vt -16.824161 9.709006 0.000000
vt -16.824161 8.495380 0.000000
vt -16.824161 7.281754 0.000000
vt -16.824161 6.068129 0.000000
vt -16.824161 4.854503 0.000000
vt -16.824161 3.640877 0.000000
vt -16.824161 2.427251 0.000000
vt -16.824161 1.213626 0.000000
vt -16.824161 0.000000 0.000000
vt -16.824161 -1.213626 0.000000
vt -16.824161 -2.427251 0.000000
vt -16.824161 -3.640877 0.000000
vt -15.476605 42.476900 0.000000
vt -15.476605 41.263275 0.000000
vt -15.476605 40.049649 0.000000
vt -15.476605 38.836023 0.000000
vt -15.476605 37.622397 0.000000
vt -15.476605 36.408772 0.000000
vt -15.476605 35.195146 0.000000
vt -15.476605 33.981520 0.000000
vt -15.476605 32.767894 0.000000
vt -15.476605 31.554647 0.000000
vt -15.476605 30.340643 0.000000
vt -15.476605 29.127017 0.000000
vt -15.476605 27.913392 0.000000
vt -15.476605 26.699766 0.000000
vt -15.476605 25.486140 0.000000
vt -15.476605 24.272514 0.000000
vt -15.476605 23.058889 0.000000
vt -15.476605 21.845263 0.000000
vt -15.476605 20.631637 0.000000
vt -15.476605 19.418012 0.000000
vt -15.476605 18.204386 0.000000
vt -15.476605 16.990760 0.000000
vt -15.476605 15.777134 0.000000
vt -15.476605 14.563509 0.000000
vt -15.476605 13.349883 0.000000
vt -15.476605 12.136257 0.000000
vt -16.824161 10.922316 0.000000
vt -18.171718 9.709006 0.000000
vt -18.171718 8.495380 0.000000
vt -18.171718 7.281754 0.000000
vt -18.171718 6.068129 0.000000
vt -18.171718 4.854503 0.000000
vt -18.171718 3.640877 0.000000
vt -18.171718 2.427251 0.000000
vt -18.171718 1.213626 0.000000
vt -18.171718 0.000000 0.000000
vt -18.171718 -1.213626 0.000000
vt -18.171718 -2.427251 0.000000
vt -14.129048 -42.476900 0.000000
vt -14.129048 -41.263275 0.000000
vt -14.129048 -40.049649 0.000000
vt -14.129048 -38.836023 0.000000
vt -14.129048 -37.622397 0.000000
vt -14.129048 -36.408772 0.000000
vt -14.129048 -35.195146 0.000000
vt -14.129048 -33.981520 0.000000
vt -14.129048 -32.766570 0.000000
vt -14.129048 -31.554269 0.000000
vt -16.824161 42.476900 0.000000
vt -16.824161 41.263275 0.000000
vt -16.824161 40.049649 0.000000
vt -16.824161 38.836023 0.000000
vt -16.824161 37.622397 0.000000
vt -16.824161 36.408772 0.000000
vt -16.824161 35.195146 0.000000
vt -16.824161 33.981520 0.000000
vt -16.824161 32.767894 0.000000
vt -16.824161 31.554584 0.000000
vt -16.824161 30.340643 0.000000
vt -16.824161 29.127017 0.000000
vt -16.824161 27.913392 0.000000
vt -16.824161 26.699766 0.000000
vt -16.824161 25.486140 0.000000
vt -16.824161 24.272514 0.000000
vt -16.824161 23.058889 0.000000
vt -16.824161 21.845263 0.000000
vt -16.824161 20.631637 0.000000
vt -16.824161 19.418012 0.000000
vt -16.824161 18.204386 0.000000
vt -16.824161 16.990760 0.000000
vt -16.824161 15.777134 0.000000
vt -16.824161 14.563509 0.000000
vt -16.824161 13.349883 0.000000
vt -16.824161 12.136257 0.000000
vt -18.171718 10.922379 0.000000
vt -19.519275 9.709006 0.000000
vt -19.519275 8.495380 0.000000
vt -19.519275 7.281754 0.000000
vt -19.519275 6.068129 0.000000
vt -19.519275 4.854503 0.000000
vt -19.519275 3.640877 0.000000
vt -19.519275 2.427251 0.000000
vt -19.519275 1.213626 0.000000
vt -19.519275 0.000000 0.000000
vt -19.519275 -1.213626 0.000000
vt -15.476605 -42.476900 0.000000
vt -15.476605 -41.263275 0.000000
vt -15.476605 -40.049649 0.000000
vt -15.476605 -38.836023 0.000000
vt -15.476605 -37.622397 0.000000
vt -15.476605 -36.408772 0.000000
vt -15.476605 -35.195146 0.000000
vt -15.476605 -33.981520 0.000000
vt -15.476605 -32.766759 0.000000
vt -15.476605 -31.554269 0.000000
vt -18.171718 42.476900 0.000000
vt -18.171718 41.263275 0.000000
vt -18.171718 40.049649 0.000000
vt -18.171718 38.836023 0.000000
vt -18.171718 37.622397 0.000000
vt -18.171718 36.408772 0.000000
vt -18.171718 35.195146 0.000000
vt -18.171718 33.981520 0.000000
vt -18.171718 32.767894 0.000000
vt -18.171718 31.554521 0.000000
vt -18.171718 30.340643 0.000000
vt -18.171718 29.127017 0.000000
vt -18.171718 27.913392 0.000000
vt -18.171718 26.699766 0.000000
vt -18.171718 25.486140 0.000000
vt -18.171718 24.272514 0.000000
vt -18.171718 23.058889 0.000000
vt -18.171718 21.845263 0.000000
vt -18.171718 20.631637 0.000000
vt -18.171718 19.418012 0.000000
vt -18.171718 18.204386 0.000000
vt -18.171718 16.990760 0.000000
vt -18.171718 15.777134 0.000000
vt -18.171718 14.563509 0.000000
vt -18.171718 13.349883 0.000000
vt -18.171718 12.136257 0.000000
vt -19.519275 10.922442 0.000000
vt -20.866831 9.709006 0.000000
vt -20.866831 8.495380 0.000000
vt -20.866831 7.281754 0.000000
vt -20.866831 6.068129 0.000000
vt -20.866831 4.854503 0.000000
vt -20.866831 3.640877 0.000000
vt -20.866831 2.427251 0.000000
vt -20.866831 1.213626 0.000000
vt -20.866831 0.000000 0.000000
vt -16.824161 -42.476900 0.000000
vt -16.824161 -41.263275 0.000000
vt -16.824161 -40.049649 0.000000
vt -16.824161 -38.836023 0.000000
vt -16.824161 -37.622397 0.000000
vt -16.824161 -36.408772 0.000000
vt -16.824161 -35.195146 0.000000
vt -16.824161 -33.981520 0.000000
vt -16.824161 -32.766949 0.000000
vt -16.824161 -31.554269 0.000000
vt -16.824161 -30.340643 0.000000
vt -19.519275 42.476900 0.000000
vt -19.519275 41.263275 0.000000
vt -19.519275 40.049649 0.000000
vt -19.519275 38.836023 0.000000
vt -19.519275 37.622397 0.000000
vt -19.519275 36.408772 0.000000
vt -19.519275 35.195146 0.000000
vt -19.519275 33.981520 0.000000
vt -19.519275 32.767894 0.000000
vt -19.519275 31.554458 0.000000
vt -19.519275 30.340643 0.000000
vt -19.519275 29.127017 0.000000
vt -19.519275 27.913392 0.000000
vt -19.519275 26.699766 0.000000
vt -19.519275 25.486140 0.000000
vt -19.519275 24.272514 0.000000
vt -19.519275 23.058889 0.000000
vt -19.519275 21.845263 0.000000
vt -19.519275 20.631637 0.000000
vt -19.519275 19.418012 0.000000
vt -19.519275 18.204386 0.000000
vt -19.519275 16.990760 0.000000
vt -19.519275 15.777134 0.000000
vt -19.519275 14.563509 0.000000
vt -19.519275 13.349883 0.000000
vt -19.519275 12.136257 0.000000
vt -20.866831 10.922505 0.000000
vt -22.214388 9.709006 0.000000
vt -18.171718 -42.476900 0.000000
vt -18.171718 -41.263275 0.000000
vt -18.171718 -40.049649 0.000000
vt -18.171718 -38.836023 0.000000
vt -18.171718 -37.622397 0.000000
vt -18.171718 -36.408772 0.000000
vt -18.171718 -35.195146 0.000000
vt -18.171718 -33.981520 0.000000
vt -18.171718 -32.767138 0.000000
vt -18.171718 -31.554269 0.000000
vt -18.171718 -30.340643 0.000000
vt -18.171718 -29.127017 0.000000
vt -20.866831 42.476900 0.000000
vt -20.866831 41.263275 0.000000
vt -20.866831 40.049649 0.000000
vt -20.866831 38.836023 0.000000
vt -20.866831 37.622397 0.000000
vt -20.866831 36.408772 0.000000
vt -20.866831 35.195146 0.000000
vt -20.866831 33.981520 0.000000
vt -20.866831 32.767894 0.000000
vt -20.866831 31.554395 0.000000
vt -20.866831 30.340643 0.000000
vt -20.866831 29.127017 0.000000
vt -20.866831 27.913392 0.000000
vt -20.866831 26.699766 0.000000
vt -20.866831 25.486140 0.000000
vt -20.866831 24.272514 0.000000
vt -20.866831 23.058889 0.000000
vt -20.866831 21.845263 0.000000
vt -20.866831 20.631637 0.000000
vt -20.866831 19.418012 0.000000
vt -20.866831 18.204386 0.000000
vt -20.866831 16.990760 0.000000
vt -20.866831 15.777134 0.000000
vt -20.866831 14.563509 0.000000
vt -20.866831 13.349883 0.000000
vt -20.866831 12.136257 0.000000
vt -23.561945 9.709006 0.000000
vt -19.519275 -42.476900 0.000000
vt -19.519275 -41.263275 0.000000
vt -19.519275 -40.049649 0.000000
vt -19.519275 -38.836023 0.000000
vt -19.519275 -37.622397 0.000000
vt -19.519275 -36.408772 0.000000
vt -19.519275 -35.195146 0.000000
vt -19.519275 -33.981520 0.000000
vt -19.519275 -32.767327 0.000000
vt -19.519275 -31.554269 0.000000
vt -19.519275 -30.340643 0.000000
vt -19.519275 -29.127017 0.000000
vt -19.519275 -27.913392 0.000000
vt -20.866831 -42.476900 0.000000
vt -20.866831 -41.263275 0.000000
vt -20.866831 -40.049649 0.000000
vt -20.866831 -38.836023 0.000000
vt -20.866831 -37.622397 0.000000
vt -20.866831 -36.408772 0.000000
vt -20.866831 -35.195146 0.000000
vt -20.866831 -33.981520 0.000000
vt -20.866831 -32.767516 0.000000
vt -20.866831 -31.554269 0.000000
vt -20.866831 -30.340643 0.000000
vt -20.866831 -29.127017 0.000000
vt -20.866831 -27.913392 0.000000
vt -20.866831 -26.699766 0.000000
vt -16.824161 -12.136257 0.000000
vt -18.171718 -10.922631 0.000000
vt -18.171718 -9.709763 0.000000
vt -18.171718 -8.495380 0.000000
vt -19.519275 -7.281754 0.000000
vt -20.866831 -6.068129 0.000000
vt 7.431860 -8.495380 0.000000
vt 7.431860 -7.281754 0.000000
vt 7.431860 -6.068129 0.000000
vt 7.431860 -4.854503 0.000000
vt 7.431860 -3.640877 0.000000
vt 7.431860 -2.427251 0.000000
vt 7.431860 -1.213626 0.000000
vt 7.431860 0.000000 0.000000
vt 7.431860 1.213626 0.000000
vt 6.084303 -8.495380 0.000000
vt 6.084303 -7.281754 0.000000
vt 6.084303 -6.068129 0.000000
vt 6.084303 -4.854503 0.000000
vt 6.084303 -3.640877 0.000000
vt 6.084303 -2.427251 0.000000
vt 6.084303 -1.213626 0.000000
vt 6.084303 0.000000 0.000000
vt 6.084303 1.213626 0.000000
vt 6.084303 2.427251 0.000000
vt 4.736746 -8.495380 0.000000
vt 4.736746 -7.281754 0.000000
vt 4.736746 -6.068129 0.000000
vt 4.736746 -4.854503 0.000000
vt 4.736746 -3.640877 0.000000
vt 4.736746 -2.427251 0.000000
vt 4.736746 -1.213626 0.000000
vt 4.736746 0.000000 0.000000
vt 4.736746 1.213626 0.000000
vt 4.736746 2.427251 0.000000
vt 4.736746 3.640877 0.000000
vt 3.389189 -8.495380 0.000000
vt 3.389189 -7.281754 0.000000
vt 3.389189 -6.068129 0.000000
vt 3.389189 -4.854503 0.000000
vt 3.389189 -3.640877 0.000000
vt 3.389189 -2.427251 0.000000
vt 3.389189 -1.213626 0.000000
vt 3.389189 0.000000 0.000000
vt 3.389189 1.213626 0.000000
vt 3.389189 2.427251 0.000000
vt 3.389189 3.640877 0.000000
vt 3.389189 4.854503 0.000000
vt 2.041633 -8.495380 0.000000
vt 2.041633 -7.281754 0.000000
vt 2.041633 -6.068129 0.000000
vt 2.041633 -4.854503 0.000000
vt 2.041633 -3.640877 0.000000
vt 2.041633 -2.427251 0.000000
vt 2.041633 -1.213626 0.000000
vt 2.041633 0.000000 0.000000
vt 2.041633 1.213626 0.000000
vt 2.041633 2.427251 0.000000
vt 2.041633 3.640877 0.000000
vt 2.041633 4.854503 0.000000
vt 2.041633 6.068129 0.000000
vt 0.694076 -8.495380 0.000000
vt 0.694076 -7.281754 0.000000
vt 0.694076 -6.068129 0.000000
vt 0.694076 -4.854503 0.000000
vt 0.694076 -3.640877 0.000000
vt 0.694076 -2.427251 0.000000
vt 0.694076 -1.213626 0.000000
vt 0.694076 0.000000 0.000000
vt 0.694076 1.213626 0.000000
vt 0.694076 2.427251 0.000000
vt 0.694076 3.640877 0.000000
vt 0.694076 4.854503 0.000000
vt 0.694076 6.068129 0.000000
vt 0.694076 7.281754 0.000000
vt -0.653481 -8.495380 0.000000
vt -0.653481 -7.281754 0.000000
vt -0.653481 -6.068129 0.000000
vt -0.653481 -4.854503 0.000000
vt -0.653481 -3.640877 0.000000
vt -0.653481 -2.427251 0.000000
vt -0.653481 -1.213626 0.000000
vt -0.653481 0.000000 0.000000
vt -0.653481 1.213626 0.000000
vt -0.653481 2.427251 0.000000
vt -0.653481 3.640877 0.000000
vt -0.653481 4.854503 0.000000
vt -0.653481 6.068129 0.000000
vt -0.653481 7.281754 0.000000
vt -0.653481 8.495380 0.000000
vt -2.001037 -8.495380 0.000000
vt -2.001037 -7.281754 0.000000
vt -2.001037 -6.068129 0.000000
vt -2.001037 -4.854503 0.000000
vt -2.001037 -3.640877 0.000000
vt -2.001037 -2.427251 0.000000
vt -2.001037 -1.213626 0.000000
vt -2.001037 0.000000 0.000000
vt -2.001037 1.213626 0.000000
vt -2.001037 2.427251 0.000000
vt -2.001037 3.640877 0.000000
vt -2.001037 4.854503 0.000000
vt -2.001037 6.068129 0.000000
vt -2.001037 7.281754 0.000000
vt -2.001037 8.495380 0.000000
vt -2.001037 9.709006 0.000000
vt -3.348594 -8.495380 0.000000
vt -3.348594 -7.281754 0.000000
vt -3.348594 -6.068129 0.000000
vt -3.348594 -4.854503 0.000000
vt -3.348594 -3.640877 0.000000
vt -3.348594 -2.427251 0.000000
vt -3.348594 -1.213626 0.000000
vt -3.348594 0.000000 0.000000
vt -3.348594 1.213626 0.000000
vt -3.348594 2.427251 0.000000
vt -3.348594 3.640877 0.000000
vt -3.348594 4.854503 0.000000
vt -3.348594 6.068129 0.000000
vt -3.348594 7.281754 0.000000
vt -3.348594 8.495380 0.000000
vt -3.348594 9.709006 0.000000
vt -2.001037 10.921622 0.000000
vt -4.696151 -8.495380 0.000000
vt -4.696151 -7.281754 0.000000
vt -4.696151 -6.068129 0.000000
vt -4.696151 -4.854503 0.000000
vt -4.696151 -3.640877 0.000000
vt -4.696151 -2.427251 0.000000
vt -4.696151 -1.213626 0.000000
vt -4.696151 0.000000 0.000000
vt -4.696151 1.213626 0.000000
vt -4.696151 2.427251 0.000000
vt -4.696151 3.640877 0.000000
vt -4.696151 4.854503 0.000000
vt -4.696151 6.068129 0.000000
vt -4.696151 7.281754 0.000000
vt -4.696151 8.495380 0.000000
vt -4.696151 9.709006 0.000000
vt -3.348594 10.921686 0.000000
vt -2.001037 12.136257 0.000000
vt -23.561945 13.349883 0.000000
vt 7.431860 14.563509 0.000000
vt 6.084303 15.777134 0.000000
vt 4.736746 16.990760 0.000000
vt 3.389189 18.204386 0.000000
vt 2.041633 19.418012 0.000000
vt 0.694076 20.631637 0.000000
vt -0.653481 21.845263 0.000000
vt -2.001037 23.058889 0.000000
vt 7.431860 15.777134 0.000000
vt 6.084303 16.990760 0.000000
vt 4.736746 18.204386 0.000000
vt 3.389189 19.418012 0.000000
vt 2.041633 20.631637 0.000000
vt 0.694076 21.845263 0.000000
vt -0.653481 23.058889 0.000000
vt -2.001037 24.272514 0.000000
vt 7.431860 16.990760 0.000000
vt 6.084303 18.204386 0.000000
vt 4.736746 19.418012 0.000000
vt 3.389189 20.631637 0.000000
vt 2.041633 21.845263 0.000000
vt 0.694076 23.058889 0.000000
vt -0.653481 24.272514 0.000000
vt -2.001037 25.486140 0.000000
vt 7.431860 18.204386 0.000000
vt 6.084303 19.418012 0.000000
vt 4.736746 20.631637 0.000000
vt 3.389189 21.845263 0.000000
vt 2.041633 23.058889 0.000000
vt 0.694076 24.272514 0.000000
vt -0.653481 25.486140 0.000000
vt -2.001037 26.699766 0.000000
vt 7.431860 19.418012 0.000000
vt 6.084303 20.631637 0.000000
vt 4.736746 21.845263 0.000000
vt 3.389189 23.058889 0.000000
vt 2.041633 24.272514 0.000000
vt 0.694076 25.486140 0.000000
vt -0.653481 26.699766 0.000000
vt -2.001037 27.913392 0.000000
vt 7.431860 20.631637 0.000000
vt 6.084303 21.845263 0.000000
vt 4.736746 23.058889 0.000000
vt 3.389189 24.272514 0.000000
vt 2.041633 25.486140 0.000000
vt 0.694076 26.699766 0.000000
vt -0.653481 27.913392 0.000000
vt -2.001037 29.127017 0.000000
vt 7.431860 21.845263 0.000000
vt 6.084303 23.058889 0.000000
vt 4.736746 24.272514 0.000000
vt 3.389189 25.486140 0.000000
vt 2.041633 26.699766 0.000000
vt 0.694076 27.913392 0.000000
vt -0.653481 29.127017 0.000000
vt -2.001037 30.340643 0.000000
vt 3.389189 -40.049649 0.000000
vt 2.041633 -40.049649 0.000000
vt 0.694076 -40.049649 0.000000
vt -0.653481 -40.049649 0.000000
vt -2.001037 -40.049649 0.000000
vt 2.041633 -38.836023 0.000000
vt 0.694076 -38.836023 0.000000
vt -0.653481 -38.836023 0.000000
vt -2.001037 -38.836023 0.000000
vt 0.694076 -37.622397 0.000000
vt -0.653481 -37.622397 0.000000
vt -2.001037 -37.622397 0.000000
vt -0.653481 -36.408772 0.000000
vt -2.001037 -36.408772 0.000000
vt -2.001037 -35.195146 0.000000
vt -16.824161 -20.631637 0.000000
vt -18.171718 -19.418012 0.000000
vt -19.519275 -18.204386 0.000000
vt -20.866831 -16.990760 0.000000
vt -16.824161 -19.418012 0.000000
vt -18.171718 -18.204386 0.000000
vt -19.519275 -16.990760 0.000000
vt -20.866831 -15.777134 0.000000
vt -23.561945 -14.563509 0.000000
vt 2.500000 -14.922565 0.000000
vt -0.500000 -14.922565 0.000000
vt 2.500000 -15.707963 0.000000
vt -0.500000 -15.707963 0.000000
vt 2.500000 15.707963 0.000000
vt -0.500000 15.707963 0.000000
vt 2.500000 14.922565 0.000000
vt -0.500000 14.922565 0.000000
vt 2.500000 14.137167 0.000000
vt -0.500000 14.137167 0.000000
vt 2.500000 13.351769 0.000000
vt -0.500000 13.351769 0.000000
vt 2.500000 12.566371 0.000000
vt -0.500000 12.566371 0.000000
vt 2.500000 11.780972 0.000000
vt -0.500000 11.780972 0.000000
vt 2.500000 10.995574 0.000000
vt -0.500000 10.995574 0.000000
vt 2.500000 10.210176 0.000000
vt -0.500000 10.210176 0.000000
vt 2.500000 9.424778 0.000000
vt -0.500000 9.424778 0.000000
vt 2.500000 8.639380 0.000000
vt -0.500000 8.639380 0.000000
vt 2.500000 7.853982 0.000000
vt -0.500000 7.853982 0.000000
vt 2.500000 7.068583 0.000000
vt -0.500000 7.068583 0.000000
vt 2.500000 6.283185 0.000000
vt -0.500000 6.283185 0.000000
vt 2.500000 5.497787 0.000000
vt -0.500000 5.497787 0.000000
vt 2.500000 4.712389 0.000000
vt -0.500000 4.712389 0.000000
vt 2.500000 3.926991 0.000000
vt -0.500000 3.926991 0.000000
vt 2.500000 3.141593 0.000000
vt -0.500000 3.141593 0.000000
vt 2.500000 2.356194 0.000000
vt -0.500000 2.356194 0.000000
vt 2.500000 1.570796 0.000000
vt -0.500000 1.570796 0.000000
vt 2.500000 0.785398 0.000000
vt -0.500000 0.785398 0.000000
vt 2.500000 0.000000 0.000000
vt -0.500000 -0.000000 0.000000
vt 2.500000 -0.785398 0.000000
vt -0.500000 -0.785398 0.000000
vt 2.500000 -1.570796 0.000000
vt -0.500000 -1.570796 0.000000
vt 2.500000 -2.356194 0.000000
vt -0.500000 -2.356194 0.000000
vt 2.500000 -3.141593 0.000000
vt -0.500000 -3.141593 0.000000
vt 2.500000 -3.926991 0.000000
vt -0.500000 -3.926991 0.000000
vt 2.500000 -4.712389 0.000000
vt -0.500000 -4.712389 0.000000
vt 2.500000 -5.497787 0.000000
vt -0.500000 -5.497787 0.000000
vt 2.500000 -6.283185 0.000000
vt -0.500000 -6.283185 0.000000
vt 2.500000 -7.068583 0.000000
vt -0.500000 -7.068583 0.000000
vt 2.500000 -7.853982 0.000000
vt -0.500000 -7.853982 0.000000
vt 2.500000 -8.639380 0.000000
vt -0.500000 -8.639380 0.000000
vt 2.500000 -9.424778 0.000000
vt -0.500000 -9.424778 0.000000
vt 2.500000 -10.210176 0.000000
vt -0.500000 -10.210176 0.000000
vt 2.500000 -10.995574 0.000000
vt -0.500000 -10.995574 0.000000
vt 2.500000 -11.780972 0.000000
vt -0.500000 -11.780972 0.000000
vt 2.500000 -12.566371 0.000000
vt -0.500000 -12.566371 0.000000
vt 2.500000 -13.351769 0.000000
vt -0.500000 -13.351769 0.000000
vt 2.500000 -14.137167 0.000000
vt -0.500000 -14.137167 0.000000
vt -4.938442 -0.782172 0.000000
vt 4.938442 -0.782172 0.000000
vt -5.000000 0.000000 0.000000
vt 5.000000 -0.000000 0.000000
vt -4.938442 0.782172 0.000000
vt 4.938442 0.782172 0.000000
vt -4.755283 1.545085 0.000000
vt 4.755283 1.545085 0.000000
vt -4.455033 2.269952 0.000000
vt 4.455033 2.269952 0.000000
vt -4.045085 2.938926 0.000000
vt 4.045085 2.938926 0.000000
vt -3.535534 3.535534 0.000000
vt 3.535534 3.535534 0.000000
vt -2.938926 4.045085 0.000000
vt 2.938926 4.045085 0.000000
vt -2.269952 4.455033 0.000000
vt 2.269952 4.455033 0.000000
vt -1.545085 4.755283 0.000000
vt 1.545085 4.755283 0.000000
vt -0.782172 4.938442 0.000000
vt 0.782172 4.938442 0.000000
vt 0.000000 5.000000 0.000000
vt 4.755283 -1.545085 0.000000
vt -4.755283 -1.545085 0.000000
vt 4.455033 -2.269952 0.000000
vt -4.455033 -2.269952 0.000000
vt 4.045085 -2.938926 0.000000
vt -4.045085 -2.938926 0.000000
vt 3.535534 -3.535534 0.000000
vt -3.535534 -3.535534 0.000000
vt 2.938926 -4.045085 0.000000
vt -2.938926 -4.045085 0.000000
vt 2.269952 -4.455033 0.000000
vt -2.269952 -4.455033 0.000000
vt 1.545085 -4.755283 0.000000
vt -1.545085 -4.755283 0.000000
vt 0.782172 -4.938442 0.000000
vt -0.782172 -4.938442 0.000000
vt -0.000000 -5.000000 0.000000
vt 2.500000 -14.922565 0.000000
vt -0.500000 -14.922565 0.000000
vt 2.500000 -15.707963 0.000000
vt -0.500000 -15.707963 0.000000
vt 2.500000 15.707963 0.000000
vt -0.500000 15.707963 0.000000
vt 2.500000 14.922565 0.000000
vt -0.500000 14.922565 0.000000
vt 2.500000 14.137167 0.000000
vt -0.500000 14.137167 0.000000
vt 2.500000 13.351769 0.000000
vt -0.500000 13.351769 0.000000
vt 2.500000 12.566371 0.000000
vt -0.500000 12.566371 0.000000
vt 2.500000 11.780972 0.000000
vt -0.500000 11.780972 0.000000
vt 2.500000 10.995574 0.000000
vt -0.500000 10.995574 0.000000
vt 2.500000 10.210176 0.000000
vt -0.500000 10.210176 0.000000
vt 2.500000 9.424778 0.000000
vt -0.500000 9.424778 0.000000
vt 2.500000 8.639380 0.000000
vt -0.500000 8.639380 0.000000
vt 2.500000 7.853982 0.000000
vt -0.500000 7.853982 0.000000
vt 2.500000 7.068583 0.000000
vt -0.500000 7.068583 0.000000
vt 2.500000 6.283185 0.000000
vt -0.500000 6.283185 0.000000
vt 2.500000 5.497787 0.000000
vt -0.500000 5.497787 0.000000
vt 2.500000 4.712389 0.000000
vt -0.500000 4.712389 0.000000
vt 2.500000 3.926991 0.000000
vt -0.500000 3.926991 0.000000
vt 2.500000 3.141593 0.000000
vt -0.500000 3.141593 0.000000
vt 2.500000 2.356194 0.000000
vt -0.500000 2.356194 0.000000
vt 2.500000 1.570796 0.000000
vt -0.500000 1.570796 0.000000
vt 2.500000 0.785398 0.000000
vt -0.500000 0.785398 0.000000
vt 2.500000 0.000000 0.000000
vt -0.500000 -0.000000 0.000000
vt 2.500000 -0.785398 0.000000
vt -0.500000 -0.785398 0.000000
vt 2.500000 -1.570796 0.000000
vt -0.500000 -1.570796 0.000000
vt 2.500000 -2.356194 0.000000
vt -0.500000 -2.356194 0.000000
vt 2.500000 -3.141593 0.000000
vt -0.500000 -3.141593 0.000000
vt 2.500000 -3.926991 0.000000
vt -0.500000 -3.926991 0.000000
vt 2.500000 -4.712389 0.000000
vt -0.500000 -4.712389 0.000000
vt 2.500000 -5.497787 0.000000
vt -0.500000 -5.497787 0.000000
vt 2.500000 -6.283185 0.000000
vt -0.500000 -6.283185 0.000000
vt 2.500000 -7.068583 0.000000
vt -0.500000 -7.068583 0.000000
vt 2.500000 -7.853982 0.000000
vt -0.500000 -7.853982 0.000000
vt 2.500000 -8.639380 0.000000
vt -0.500000 -8.639380 0.000000
vt 2.500000 -9.424778 0.000000
vt -0.500000 -9.424778 0.000000
vt 2.500000 -10.210176 0.000000
vt -0.500000 -10.210176 0.000000
vt 2.500000 -10.995574 0.000000
vt -0.500000 -10.995574 0.000000
vt 2.500000 -11.780972 0.000000
vt -0.500000 -11.780972 0.000000
vt 2.500000 -12.566371 0.000000
vt -0.500000 -12.566371 0.000000
vt 2.500000 -13.351769 0.000000
vt -0.500000 -13.351769 0.000000
vt 2.500000 -14.137167 0.000000
vt -0.500000 -14.137167 0.000000
vt -4.938442 -0.782172 0.000000
vt 4.938442 -0.782172 0.000000
vt -5.000000 0.000000 0.000000
vt 5.000000 -0.000000 0.000000
vt -4.938442 0.782172 0.000000
vt 4.938442 0.782172 0.000000
vt -4.755283 1.545085 0.000000
vt 4.755283 1.545085 0.000000
vt -4.455033 2.269952 0.000000
vt 4.455033 2.269952 0.000000
vt -4.045085 2.938926 0.000000
vt 4.045085 2.938926 0.000000
vt -3.535534 3.535534 0.000000
vt 3.535534 3.535534 0.000000
vt -2.938926 4.045085 0.000000
vt 2.938926 4.045085 0.000000
vt -2.269952 4.455033 0.000000
vt 2.269952 4.455033 0.000000
vt -1.545085 4.755283 0.000000
vt 1.545085 4.755283 0.000000
vt -0.782172 4.938442 0.000000
vt 0.782172 4.938442 0.000000
vt 0.000000 5.000000 0.000000
vt 4.755283 -1.545085 0.000000
vt -4.755283 -1.545085 0.000000
vt 4.455033 -2.269952 0.000000
vt -4.455033 -2.269952 0.000000
vt 4.045085 -2.938926 0.000000
vt -4.045085 -2.938926 0.000000
vt 3.535534 -3.535534 0.000000
vt -3.535534 -3.535534 0.000000
vt 2.938926 -4.045085 0.000000
vt -2.938926 -4.045085 0.000000
vt 2.269952 -4.455033 0.000000
vt -2.269952 -4.455033 0.000000
vt 1.545085 -4.755283 0.000000
vt -1.545085 -4.755283 0.000000
vt 0.782172 -4.938442 0.000000
vt -0.782172 -4.938442 0.000000
vt -0.000000 -5.000000 0.000000
vt -22.329723 4.000000 0.000000
vt -10.146230 4.000000 0.000000
vt -23.313899 4.670440 0.000000
vt -9.162054 4.670440 0.000000
vt -24.224890 5.437373 0.000000
vt -8.251063 5.437373 0.000000
vt -25.053274 6.292867 0.000000
vt -7.422678 6.292867 0.000000
vt -25.790484 7.228075 0.000000
vt -6.685469 7.228075 0.000000
vt -26.428894 8.233323 0.000000
vt -6.047058 8.233323 0.000000
vt -26.961902 9.298214 0.000000
vt -5.514051 9.298214 0.000000
vt -27.383995 10.411735 0.000000
vt -5.091958 10.411735 0.000000
vt -27.690807 11.562369 0.000000
vt -4.785146 11.562369 0.000000
vt -27.879165 12.738214 0.000000
vt -4.596788 12.738214 0.000000
vt -27.947121 13.927110 0.000000
vt -4.528832 13.927110 0.000000
vt -27.893971 15.116760 0.000000
vt -4.581981 15.116760 0.000000
vt -27.720267 16.294859 0.000000
vt -4.755686 16.294859 0.000000
vt -27.427804 17.449223 0.000000
vt -5.048149 17.449223 0.000000
vt -27.019606 18.567913 0.000000
vt -5.456346 18.567913 0.000000
vt -26.499897 19.639357 0.000000
vt -5.976055 19.639357 0.000000
vt -25.874051 20.652476 0.000000
vt -6.601901 20.652476 0.000000
vt -25.148542 21.596789 0.000000
vt -7.327411 21.596789 0.000000
vt -24.330872 22.462530 0.000000
vt -8.145080 22.462530 0.000000
vt -23.429500 23.240745 0.000000
vt -9.046453 23.240745 0.000000
vt -22.453747 23.923385 0.000000
vt -10.022206 23.923385 0.000000
vt -21.413706 24.503390 0.000000
vt -11.062247 24.503390 0.000000
vt -20.320133 24.974761 0.000000
vt -12.155820 24.974761 0.000000
vt -19.184340 25.332622 0.000000
vt -13.291613 25.332622 0.000000
vt -18.018073 25.573272 0.000000
vt -14.457880 25.573272 0.000000
vt -16.833395 25.694223 0.000000
vt -15.642558 25.694223 0.000000
vn 0.000000 0.000000 -100.000000
vn 0.000000 0.000000 -100.000000
vn 0.000000 0.000000 -100.000000
vn 0.000000 0.000000 -100.000000
vn 0.000000 0.000000 -100.000000
vn 0.000000 0.000000 -100.000000
vn 0.000000 0.000000 -100.000000
vn 0.000000 0.000000 -100.000000
vn -100.000000 -0.000000 -0.000000
vn -100.000000 -0.000000 -0.000000
vn -100.000000 -0.000000 -0.000000
vn -100.000000 -0.000000 -0.000000
vn -100.000000 -0.000000 -0.000000
vn -100.000000 -0.000000 -0.000000
vn -92.522527 -0.000000 37.941824
vn -92.387953 -0.000000 38.268343
vn -70.876965 -0.000000 70.543999
vn -70.710678 -0.000000 70.710678
vn -38.377077 -0.000000 92.342839
vn -38.268343 -0.000000 92.387953
vn 0.000000 -0.000000 100.000000
vn 0.000000 -0.000000 100.000000
vn -0.000000 -0.000000 100.000000
vn -0.000000 -0.000000 100.000000
vn -0.000000 -0.000000 100.000000
vn -0.000000 -0.000000 100.000000
vn -0.000000 -0.000000 100.000000
vn -0.000000 -0.000000 100.000000
vn -0.000000 -0.000000 100.000000
vn -0.000000 -0.000000 100.000000
vn -100.000000 -0.000000 -0.000000
vn -100.000000 -0.000000 -0.000000
vn -100.000000 -0.000000 -0.000000
vn -100.000000 -0.000000 -0.000000
vn 50.000000 0.000000 86.602540
vn 50.000000 0.000000 86.602540
vn 86.602540 0.000000 50.000000
vn 86.602540 0.000000 50.000000
vn 100.000000 0.000000 -0.000000
vn 100.000000 0.000000 -0.000000
vn 86.602540 0.000000 50.000000
vn 50.000000 0.000000 86.602540
vn -50.000000 -0.000000 -86.602540
vn -50.000000 -0.000000 -86.602540
vn -86.602540 -0.000000 -50.000000
vn -86.602540 -0.000000 -50.000000
vn -86.602540 -0.000000 -50.000000
vn -50.000000 -0.000000 -86.602540
vn 0.000000 0.000000 -100.000000
vn 0.000000 0.000000 -100.000000
vn 0.000000 0.000000 -100.000000
vn 0.000000 0.000000 -100.000000
vn -50.000000 -0.000000 -86.602540
vn -50.000000 -0.000000 -86.602540
vn -86.602540 -0.000000 -50.000000
vn -86.602540 -0.000000 -50.000000
vn -100.000000 -0.000000 0.000000
vn -100.000000 -0.000000 0.000000
vn -86.602540 -0.000000 -50.000000
vn -50.000000 -0.000000 -86.602540
vn 100.000000 0.000000 -0.000000
vn 100.000000 0.000000 -0.000000
vn 100.000000 0.000000 -0.000000
vn 100.000000 0.000000 -0.000000
vn 50.000000 0.000000 86.602540
vn 50.000000 0.000000 86.602540
vn 86.602540 0.000000 50.000000
vn 86.602540 0.000000 50.000000
vn 86.602540 0.000000 50.000000
vn 50.000000 0.000000 86.602540
vn -50.000000 -0.000000 -86.602540
vn -50.000000 -0.000000 -86.602540
vn -86.602540 -0.000000 -50.000000
vn -86.602540 -0.000000 -50.000000
vn -100.000000 -0.000000 0.000000
vn -100.000000 -0.000000 0.000000
vn -86.602540 -0.000000 -50.000000
vn -50.000000 -0.000000 -86.602540
vn 100.000000 0.000000 0.000000
vn 100.000000 0.000000 0.000000
vn 100.000000 0.000000 0.000000
vn 100.000000 0.000000 0.000000
vn 100.000000 0.000000 -0.000000
vn 100.000000 0.000000 -0.000000
vn 100.000000 0.000000 -0.000000
vn 100.000000 0.000000 -0.000000
vn 0.000000 -0.000000 100.000000
vn 0.000000 -0.000000 100.000000
vn 50.000000 0.000000 86.602540
vn 50.000000 0.000000 86.602540
vn 86.602540 0.000000 50.000000
vn 86.602540 0.000000 50.000000
vn 86.602540 0.000000 50.000000
vn 50.000000 0.000000 86.602540
vn -100.000000 -0.000000 0.000000
vn -100.000000 -0.000000 0.000000
vn -86.602540 -0.000000 50.000000
vn -86.602540 -0.000000 50.000000
vn -50.000000 -0.000000 86.602540
vn -50.000000 -0.000000 86.602540
vn -0.000000 -0.000000 100.000000
vn 0.000000 -0.000000 100.000000
vn 50.000000 0.000000 86.602540
vn 50.000000 0.000000 86.602540
vn 86.602540 0.000000 50.000000
vn 86.602540 0.000000 50.000000
vn 86.602540 0.000000 50.000000
vn 50.000000 0.000000 86.602540
vn -0.000000 -0.000000 100.000000
vn -50.000000 -0.000000 86.602540
vn -86.602540 -0.000000 50.000000
vn 100.000000 0.000000 0.000000
vn 100.000000 0.000000 0.000000
vn 86.602540 0.000000 -50.000000
vn 86.602540 0.000000 -50.000000
vn 50.000000 0.000000 -86.602540
vn 50.000000 0.000000 -86.602540
vn 50.000000 0.000000 -86.602540
vn 86.602540 0.000000 -50.000000
vn 86.602540 0.000000 -50.000000
vn 86.602540 0.000000 -50.000000
vn 50.000000 0.000000 -86.602540
vn 50.000000 0.000000 -86.602540
vn 50.000000 0.000000 -86.602540
vn 86.602540 0.000000 -50.000000
vn -100.000000 -0.000000 -0.000000
vn -100.000000 -0.000000 -0.000000
vn -86.602540 -0.000000 50.000000
vn -86.602540 -0.000000 50.000000
vn -50.000000 -0.000000 86.602540
vn -50.000000 -0.000000 86.602540
vn -50.000000 -0.000000 86.602540
vn -86.602540 -0.000000 50.000000
vn -86.602540 -0.000000 50.000000
vn -86.602540 -0.000000 50.000000
vn -50.000000 -0.000000 86.602540
vn -50.000000 -0.000000 86.602540
vn -50.000000 -0.000000 86.602540
vn -86.602540 -0.000000 50.000000
vn -0.000000 -0.000000 100.000000
vn -0.000000 -0.000000 100.000000
vn -100.000000 -0.000000 -0.000000
vn -100.000000 -0.000000 -0.000000
vn 86.602540 0.000000 -50.000000
vn 86.602540 0.000000 -50.000000
vn 50.000000 0.000000 -86.602540
vn 50.000000 0.000000 -86.602540
vn -0.000000 0.000000 -100.000000
vn -0.000000 0.000000 -100.000000
vn -50.000000 -0.000000 -86.602540
vn -50.000000 -0.000000 -86.602540
vn -86.602540 -0.000000 -50.000000
vn -86.602540 -0.000000 -50.000000
vn -86.602540 -0.000000 -50.000000
vn -50.000000 -0.000000 -86.602540
vn -0.000000 0.000000 -100.000000
vn 50.000000 0.000000 -86.602540
vn 86.602540 0.000000 -50.000000
vn -100.000000 -0.000000 -0.000000
vn -100.000000 -0.000000 -0.000000
vn 86.602540 0.000000 -50.000000
vn 86.602540 0.000000 -50.000000
vn 50.000000 0.000000 -86.602540
vn 50.000000 0.000000 -86.602540
vn 50.000000 0.000000 -86.602540
vn 86.602540 0.000000 -50.000000
vn -86.602540 -0.000000 50.000000
vn -86.602540 -0.000000 50.000000
vn -50.000000 -0.000000 86.602540
vn -50.000000 -0.000000 86.602540
vn -50.000000 -0.000000 86.602540
vn -86.602540 -0.000000 50.000000
vn -95.743161 -0.000000 -28.866021
vn -92.387953 -0.000000 -38.268343
vn -80.371161 -0.000000 -59.501903
vn -70.710678 -0.000000 -70.710678
vn -67.005169 -0.000000 -74.231444
vn -47.002365 -0.000000 -88.265382
vn -38.268343 -0.000000 -92.387953
vn -35.373769 -0.000000 -93.534467
vn -22.787226 -0.000000 -97.369104
vn -0.000000 0.000000 -100.000000
vn -0.000000 0.000000 -100.000000
vn 0.000000 0.000000 -100.000000
vn 0.000000 0.000000 -100.000000
vn 0.000000 0.000000 -100.000000
vn 0.000000 0.000000 -100.000000
vn 0.000000 0.000000 -100.000000
vn 0.000000 0.000000 -100.000000
vn 0.000000 0.000000 -100.000000
vn 0.000000 0.000000 -100.000000
vn 0.000000 0.000000 -100.000000
vn 0.000000 0.000000 -100.000000
vn 0.000000 0.000000 -100.000000
vn -0.000000 -100.000000 0.000000
vn -0.000000 -100.000000 0.000000
vn -0.000000 -100.000000 0.000000
vn -0.000000 -100.000000 0.000000
vn -0.000000 -100.000000 0.000000
vn -0.000000 -100.000000 0.000000
vn -0.000000 -100.000000 0.000000
vn -0.000000 -100.000000 0.000000
vn -0.000000 -100.000000 0.000000
vn -0.000000 -100.000000 0.000000
vn -0.000000 -100.000000 0.000000
vn -0.000000 -100.000000 0.000000
vn -0.000000 -100.000000 0.000000
vn -0.000000 -100.000000 0.000000
vn -0.000000 -100.000000 0.000000
vn -0.000000 -100.000000 0.000000
vn -0.000000 -100.000000 0.000000
vn -0.000000 -100.000000 0.000000
vn -0.000000 -100.000000 0.000000
vn -0.000000 -100.000000 0.000000
vn -0.000000 -100.000000 0.000000
vn -0.000000 -100.000000 0.000000
vn -0.000000 -100.000000 0.000000
vn -0.000000 -100.000000 0.000000
vn -0.000000 -100.000000 0.000000
vn -0.000000 -100.000000 0.000000
vn -0.000000 -100.000000 0.000000
vn -0.000000 -100.000000 0.000000
vn -0.000000 -100.000000 0.000000
vn -0.000000 -100.000000 0.000000
vn -0.000000 -100.000000 0.000000
vn -0.000000 -100.000000 0.000000
vn -0.000000 -100.000000 0.000000
vn -0.000000 -100.000000 0.000000
vn -0.000000 -100.000000 0.000000
vn -0.000000 -100.000000 0.000000
vn -0.000000 -100.000000 0.000000
vn -0.000000 -100.000000 0.000000
vn -0.000000 -100.000000 0.000000
vn -0.000000 -100.000000 0.000000
vn -0.000000 -100.000000 0.000000
vn -0.000000 -100.000000 0.000000
vn -0.000000 -100.000000 0.000000
vn -0.000000 -100.000000 0.000000
vn -0.000000 -100.000000 0.000000
vn -0.000000 -100.000000 0.000000
vn -0.000000 -100.000000 0.000000
vn -0.000000 -100.000000 0.000000
vn -0.000000 -100.000000 0.000000
vn -0.000000 -100.000000 0.000000
vn -0.000000 -100.000000 0.000000
vn -0.000000 -100.000000 0.000000
vn -0.000000 -100.000000 0.000000
vn -0.000000 -100.000000 0.000000
vn -0.000000 -100.000000 0.000000
vn -0.000000 -100.000000 0.000000
vn -0.000000 -100.000000 0.000000
vn -0.000000 -100.000000 0.000000
vn -0.000000 -100.000000 0.000000
vn -0.000000 -100.000000 0.000000
vn -0.000000 -100.000000 0.000000
vn -0.000000 -100.000000 0.000000
vn -0.000000 -100.000000 0.000000
vn -0.000000 -100.000000 0.000000
vn -0.000000 -100.000000 0.000000
vn -0.000000 -100.000000 0.000000
vn -0.000000 -100.000000 0.000000
vn -0.000000 -100.000000 0.000000
vn -0.000000 -100.000000 0.000000
vn -0.000000 -100.000000 0.000000
vn -0.000000 -100.000000 0.000000
vn -0.000000 -100.000000 0.000000
vn -0.000000 -100.000000 0.000000
vn -0.000000 -100.000000 0.000000
vn -0.000000 -100.000000 0.000000
vn -0.000000 -100.000000 0.000000
vn -0.000000 -100.000000 0.000000
vn -0.000000 -100.000000 0.000000
vn -0.000000 -100.000000 0.000000
vn -0.000000 -100.000000 0.000000
vn -0.000000 -100.000000 0.000000
vn -0.000000 -100.000000 0.000000
vn -0.000000 -0.000000 100.000000
vn -0.000000 -0.000000 100.000000
vn 100.000000 0.000000 0.000000
vn 92.522527 0.000000 37.941824
vn 100.000000 0.000000 0.000000
vn 92.387953 0.000000 38.268343
vn 70.876965 0.000000 70.543999
vn 70.710678 0.000000 70.710678
vn 38.377077 0.000000 92.342839
vn 38.268343 0.000000 92.387953
vn 23.406546 0.000000 -97.222084
vn 38.268343 0.000000 -92.387953
vn 35.684245 0.000000 -93.416458
vn 47.257491 0.000000 -88.129050
vn 70.710678 0.000000 -70.710678
vn 67.116089 0.000000 -74.131171
vn 80.425977 0.000000 -59.427790
vn 92.387953 0.000000 -38.268343
vn 95.754482 0.000000 -28.828444
vn 100.000000 0.000000 0.000000
vn 100.000000 0.000000 0.000000
vn 100.000000 0.000000 0.000000
vn 100.000000 0.000000 0.000000
vn -0.000000 -100.000000 0.000000
vn -0.000000 -100.000000 0.000000
vn -0.000000 -100.000000 0.000000
vn -0.000000 -100.000000 0.000000
vn -0.000000 -100.000000 0.000000
vn -0.000000 -100.000000 0.000000
vn -0.000000 -100.000000 0.000000
vn -0.000000 -100.000000 0.000000
vn -0.000000 -100.000000 0.000000
vn -0.000000 -100.000000 0.000000
vn -0.000000 -100.000000 0.000000
vn -0.000000 -100.000000 0.000000
vn -0.000000 -100.000000 0.000000
vn -0.000000 -100.000000 0.000000
vn -0.000000 -100.000000 0.000000
vn -0.000000 -100.000000 0.000000
vn -0.000000 -100.000000 0.000000
vn -0.000000 -100.000000 0.000000
vn -0.000000 -100.000000 0.000000
vn -0.000000 -100.000000 0.000000
vn -0.000000 -100.000000 0.000000
vn -0.000000 -100.000000 0.000000
vn -0.000000 -100.000000 0.000000
vn -0.000000 -100.000000 0.000000
vn -0.000000 -100.000000 0.000000
vn -0.000000 -100.000000 0.000000
vn -0.000000 -100.000000 0.000000
vn -0.000000 -100.000000 0.000000
vn -0.000000 -100.000000 0.000000
vn -0.000000 -100.000000 0.000000
vn -0.000000 -100.000000 0.000000
vn -0.000000 -100.000000 0.000000
vn -0.000000 -100.000000 0.000000
vn -0.000000 -100.000000 0.000000
vn -0.000000 -100.000000 0.000000
vn -0.000000 -100.000000 0.000000
vn -0.000000 -100.000000 0.000000
vn -0.000000 -100.000000 0.000000
vn -0.000000 -100.000000 0.000000
vn -0.000000 -100.000000 0.000000
vn -0.000000 -100.000000 0.000000
vn -0.000000 -100.000000 0.000000
vn -0.000000 -100.000000 0.000000
vn -0.000000 -100.000000 0.000000
vn -0.000000 -100.000000 0.000000
vn -0.000000 -100.000000 0.000000
vn -0.000000 -100.000000 0.000000
vn -0.000000 -100.000000 0.000000
vn 0.000000 -100.000000 0.000000
vn 0.000000 -100.000000 0.000000
vn 0.000000 -100.000000 0.000000
vn 0.000000 -100.000000 0.000000
vn 0.000000 -100.000000 0.000000
vn 0.000000 -100.000000 0.000000
vn 0.000000 -100.000000 0.000000
vn 0.000000 -100.000000 0.000000
vn 0.000000 -100.000000 0.000000
vn 0.000000 -100.000000 0.000000
vn 0.000000 -100.000000 0.000000
vn 0.000000 -100.000000 0.000000
vn 0.000000 -100.000000 0.000000
vn 0.000000 -100.000000 0.000000
vn 0.000000 -100.000000 0.000000
vn 0.000000 -100.000000 0.000000
vn 0.000000 -100.000000 0.000000
vn 0.000000 -100.000000 0.000000
vn 0.000000 -100.000000 0.000000
vn 0.000000 -100.000000 0.000000
vn 0.000000 -100.000000 0.000000
vn 0.000000 -100.000000 0.000000
vn 0.000000 -100.000000 0.000000
vn 0.000000 -100.000000 0.000000
vn 0.000000 -100.000000 0.000000
vn 0.000000 -100.000000 0.000000
vn 0.000000 -100.000000 0.000000
vn 0.000000 -100.000000 0.000000
vn 0.000000 -100.000000 0.000000
vn 0.000000 -100.000000 0.000000
vn 0.000000 -100.000000 0.000000
vn 0.000000 -100.000000 0.000000
vn 0.000000 -100.000000 0.000000
vn 0.000000 -100.000000 0.000000
vn 0.000000 -100.000000 0.000000
vn 0.000000 -100.000000 0.000000
vn 0.000000 -100.000000 0.000000
vn 0.000000 -100.000000 0.000000
vn 0.000000 -100.000000 0.000000
vn 0.000000 -100.000000 0.000000
vn 0.000000 -100.000000 0.000000
vn 0.000000 -100.000000 0.000000
vn 0.000000 -100.000000 0.000000
vn 0.000000 -100.000000 0.000000
vn 0.000000 -100.000000 0.000000
vn 0.000000 -100.000000 0.000000
vn 0.000000 -100.000000 0.000000
vn 0.000000 -100.000000 0.000000
vn 0.000000 -100.000000 0.000000
vn 0.000000 -100.000000 0.000000
vn 0.000000 -100.000000 0.000000
vn 0.000000 -100.000000 0.000000
vn 0.000000 -100.000000 0.000000
vn 0.000000 -100.000000 0.000000
vn 0.000000 -100.000000 0.000000
vn 0.000000 -100.000000 0.000000
vn 0.000000 -100.000000 0.000000
vn 0.000000 -100.000000 0.000000
vn 0.000000 -100.000000 0.000000
vn 0.000000 -100.000000 0.000000
vn 0.000000 -100.000000 0.000000
vn 0.000000 -100.000000 0.000000
vn 0.000000 -100.000000 0.000000
vn 0.000000 -100.000000 0.000000
vn 0.000000 -100.000000 0.000000
vn 0.000000 -100.000000 0.000000
vn 0.000000 -100.000000 0.000000
vn 0.000000 -100.000000 0.000000
vn 0.000000 -100.000000 0.000000
vn 0.000000 -100.000000 0.000000
vn 0.000000 -100.000000 0.000000
vn 0.000000 -100.000000 0.000000
vn 0.000000 -100.000000 0.000000
vn 0.000000 -100.000000 0.000000
vn 0.000000 -100.000000 0.000000
vn 0.000000 -100.000000 0.000000
vn 0.000000 -100.000000 0.000000
vn 0.000000 -100.000000 0.000000
vn 0.000000 -100.000000 0.000000
vn 0.000000 -100.000000 0.000000
vn 0.000000 -100.000000 0.000000
vn 0.000000 -100.000000 0.000000
vn 0.000000 -100.000000 0.000000
vn 0.000000 -100.000000 0.000000
vn 0.000000 -100.000000 0.000000
vn 0.000000 -100.000000 0.000000
vn 0.000000 -100.000000 0.000000
vn 0.000000 -100.000000 0.000000
vn 0.000000 -100.000000 0.000000
vn 0.000000 -100.000000 0.000000
vn 0.000000 -100.000000 0.000000
vn 0.000000 -100.000000 0.000000
vn 0.000000 -100.000000 0.000000
vn 0.000000 -100.000000 0.000000
vn 0.000000 -100.000000 0.000000
vn 0.000000 -100.000000 0.000000
vn 0.000000 -100.000000 0.000000
vn 0.000000 -100.000000 0.000000
vn 0.000000 -100.000000 0.000000
vn 0.000000 -100.000000 0.000000
vn 0.000000 -100.000000 0.000000
vn 0.000000 -100.000000 0.000000
vn 0.000000 -100.000000 0.000000
vn 0.000000 -100.000000 0.000000
vn 0.000000 -100.000000 0.000000
vn 0.000000 -100.000000 0.000000
vn 0.000000 -100.000000 0.000000
vn 0.000000 -100.000000 0.000000
vn 0.000000 -100.000000 0.000000
vn 0.000000 -100.000000 0.000000
vn 0.000000 -100.000000 0.000000
vn 0.000000 -100.000000 0.000000
vn 0.000000 -100.000000 0.000000
vn 0.000000 -100.000000 0.000000
vn 0.000000 -100.000000 0.000000
vn 0.000000 -100.000000 0.000000
vn 0.000000 -100.000000 0.000000
vn 0.000000 -100.000000 0.000000
vn 0.000000 -100.000000 0.000000
vn 0.000000 -100.000000 0.000000
vn 0.000000 -100.000000 0.000000
vn 0.000000 -100.000000 0.000000
vn 0.000000 -100.000000 0.000000
vn 0.000000 -100.000000 0.000000
vn 0.000000 -100.000000 0.000000
vn 0.000000 -100.000000 0.000000
vn 0.000000 -100.000000 0.000000
vn 0.000000 -100.000000 0.000000
vn -0.000000 -100.000000 0.000000
vn -0.000000 -100.000000 0.000000
vn -0.000000 -100.000000 0.000000
vn -0.000000 -100.000000 0.000000
vn -0.000000 -100.000000 0.000000
vn -0.000000 -100.000000 0.000000
vn -0.000000 -100.000000 0.000000
vn -0.000000 -100.000000 0.000000
vn -0.000000 -100.000000 0.000000
vn -0.000000 -100.000000 0.000000
vn -0.000000 -100.000000 0.000000
vn -0.000000 -100.000000 0.000000
vn -0.000000 -100.000000 0.000000
vn -0.000000 -100.000000 0.000000
vn 36.292793 -66.666667 65.102909
vn 43.097407 -65.289780 62.288507
vn 36.666667 -64.548862 67.000000
vn 39.845035 -60.362648 69.055948
vn 36.666667 -60.015502 71.089346
vn 36.666667 -55.223692 74.872555
vn 45.095497 -56.547964 69.055948
vn 41.050846 -51.476132 75.266432
vn 45.499872 -47.589135 75.266432
vn 40.649899 -42.516461 80.869873
vn 49.577711 -43.324528 75.266432
vn 44.293610 -38.705812 80.869873
vn 53.266039 -38.700042 75.266432
vn 47.588245 -34.574884 80.869873
vn 50.495938 -30.169918 80.869873
vn 44.063962 -26.326991 85.821074
vn 46.246506 -22.271144 85.821074
vn 39.122955 -18.840622 90.080105
vn 40.654318 -15.257821 90.080105
vn 32.924046 -12.356601 93.612615
vn 33.899140 -9.355568 93.612615
vn 25.666519 -7.083509 96.390112
vn 26.198154 -4.754264 96.390112
vn 17.583713 -3.190973 98.390196
vn 17.798963 -1.601936 98.390196
vn 8.935515 -0.804211 99.596736
vn 8.971632 0.000000 99.596736
vn 0.000000 0.000000 100.000000
vn 42.784460 -66.666667 61.033151
vn 48.824030 -66.666667 56.318466
vn 48.776440 -61.163721 62.288507
vn 52.063988 -65.286175 55.018692
vn 54.062754 -56.545208 62.288507
vn 57.706601 -60.356373 55.018692
vn 62.876138 -54.950294 55.018692
vn 66.338487 -57.977834 47.305136
vn 71.277217 -51.785929 47.305136
vn 74.423284 -54.071681 39.210051
vn 75.632331 -45.188214 47.305136
vn 78.970626 -47.182753 39.210051
vn 79.378497 -38.226670 47.305136
vn 82.882143 -39.913936 39.210051
vn 82.485555 -30.957347 47.305136
vn 86.126341 -32.323757 39.210051
vn 84.928488 -23.438773 47.305136
vn 88.677101 -24.473325 39.210051
vn 86.687626 -15.731485 47.305136
vn 90.513885 -16.425848 39.210051
vn 87.748806 -7.897536 47.305136
vn 91.621905 -8.246121 39.210051
vn 88.103485 0.000000 47.305136
vn 91.992238 0.000000 39.210051
vn 87.748806 7.897536 47.305136
vn 91.621905 8.246121 39.210051
vn 86.687626 15.731485 47.305136
vn 90.513885 16.425848 39.210051
vn 84.928488 23.438773 47.305136
vn 88.677101 24.473325 39.210051
vn 82.485555 30.957347 47.305136
vn 86.126341 32.323757 39.210051
vn 79.378497 38.226670 47.305136
vn 82.882143 39.913936 39.210051
vn 75.632331 45.188214 47.305136
vn 78.970626 47.182753 39.210051
vn 71.277217 51.785929 47.305136
vn 74.423284 54.071681 39.210051
vn 66.348221 57.966695 47.305136
vn 69.276730 60.525256 39.210051
vn 63.576431 66.487663 39.210051
vn 65.751533 68.761722 30.798726
vn 59.318226 74.382703 30.798726
vn 60.801812 76.243061 22.139000
vn 52.411814 79.400505 30.798726
vn 53.722667 81.386361 22.139000
vn 45.083414 83.779021 30.798726
vn 46.210978 85.874386 22.139000
vn 37.392027 87.482997 30.798726
vn 38.327225 89.671001 22.139000
vn 29.399583 90.482612 30.798726
vn 30.134885 92.745638 22.139000
vn 21.170430 92.753714 30.798726
vn 21.699915 95.073542 22.139000
vn 12.770825 94.278017 30.798726
vn 13.090231 96.635969 22.139000
vn 4.268397 95.043250 30.798726
vn 4.375153 97.420340 22.139000
vn -4.268397 95.043250 30.798726
vn -4.375153 97.420340 22.139000
vn -12.770825 94.278017 30.798726
vn -13.090231 96.635969 22.139000
vn -21.170430 92.753714 30.798726
vn -21.699915 95.073542 22.139000
vn -29.399583 90.482612 30.798726
vn -30.134885 92.745638 22.139000
vn -37.392027 87.482997 30.798726
vn -38.327225 89.671001 22.139000
vn -45.083414 83.779021 30.798726
vn -46.210978 85.874386 22.139000
vn -52.411814 79.400505 30.798726
vn -53.722667 81.386361 22.139000
vn -59.318226 74.382703 30.798726
vn -60.801812 76.243061 22.139000
vn -65.751533 68.761722 30.798726
vn -67.396348 70.481181 22.139000
vn -71.646503 62.595664 30.798726
vn -73.438426 64.161221 22.139000
vn -76.969107 55.921329 30.798726
vn -78.894152 57.319957 22.139000
vn -81.672001 48.796749 30.798726
vn -83.714669 50.017186 22.139000
vn -85.717321 41.279286 30.798726
vn -87.861164 42.311707 22.139000
vn -89.072495 33.429466 30.798726
vn -91.300253 34.265558 22.139000
vn -91.710509 25.310492 30.798726
vn -94.004246 25.943523 22.139000
vn -93.610125 16.987733 30.798726
vn -95.951372 17.412607 22.139000
vn -94.756046 8.528199 30.798726
vn -97.125954 8.741494 22.139000
vn -95.139048 0.000000 30.798726
vn -97.518535 0.000000 22.139000
vn -94.756046 -8.528199 30.798726
vn -97.125954 -8.741494 22.139000
vn -93.610125 -16.987733 30.798726
vn -95.951372 -17.412607 22.139000
vn -91.710509 -25.310492 30.798726
vn -94.004246 -25.943523 22.139000
vn -89.072495 -33.429466 30.798726
vn -91.300253 -34.265558 22.139000
vn -85.717321 -41.279286 30.798726
vn -87.861164 -42.311707 22.139000
vn -81.672001 -48.796749 30.798726
vn -83.714669 -50.017186 22.139000
vn -76.969107 -55.921329 30.798726
vn -78.894152 -57.319957 22.139000
vn -71.634239 -62.609698 30.798726
vn -73.424958 -64.176633 22.139000
vn -70.210066 -66.666667 25.022035
vn -72.407860 -66.666667 17.682119
vn -74.623447 -65.226007 13.300717
vn -73.840532 -66.666667 10.155359
vn -75.220056 -65.749341 4.355160
vn -74.492944 -66.666667 2.521289
vn -75.209986 -65.742395 -4.625522
vn -74.358200 -66.666667 -5.139423
vn -74.593335 -65.205210 -13.568899
vn -73.437725 -66.666667 -12.745827
vn -71.741245 -66.666667 -20.217548
vn -73.375089 -64.142101 -22.402838
vn -69.286688 -66.666667 -27.475634
vn -71.565090 -62.561626 -31.056092
vn -66.099989 -66.666667 -34.443389
vn -69.177950 -60.476515 -39.458870
vn -63.498834 -66.414574 -39.458870
vn -66.232935 -57.903569 -47.543401
vn -60.796332 -63.587978 -47.543401
vn -62.753812 -54.863525 -55.244482
vn -57.603491 -60.248528 -55.244482
vn -58.768652 -51.380886 -62.500000
vn -53.246090 -57.084182 -62.500000
vn 54.347685 -66.666667 51.008673
vn 60.885028 -63.680747 47.305136
vn 59.297056 -66.666667 45.159880
vn 63.572400 -66.491517 39.210051
vn 63.619845 -66.666667 38.833889
vn 67.270373 -66.666667 32.097547
vn 70.210066 -66.666667 25.022035
vn 71.634239 -62.609698 30.798726
vn 69.265719 -60.537857 39.210051
vn 73.424958 -64.176633 22.139000
vn 72.407860 -66.666667 17.682119
vn 74.623447 -65.226007 13.300717
vn 73.840532 -66.666667 10.155359
vn 75.220056 -65.749341 4.355160
vn 74.492944 -66.666667 2.521289
vn 75.209986 -65.742395 -4.625522
vn 74.358200 -66.666667 -5.139423
vn 74.593335 -65.205210 -13.568899
vn 73.437725 -66.666667 -12.745827
vn 71.741245 -66.666667 -20.217548
vn 73.375089 -64.142101 -22.402838
vn 69.286688 -66.666667 -27.475634
vn 71.565090 -62.561626 -31.056092
vn 66.099989 -66.666667 -34.443389
vn 69.177950 -60.476515 -39.458870
vn 63.498834 -66.414574 -39.458870
vn 66.232935 -57.903569 -47.543401
vn 60.796332 -63.587978 -47.543401
vn 62.753812 -54.863525 -55.244482
vn 57.603491 -60.248528 -55.244482
vn 58.768652 -51.380886 -62.500000
vn 53.246090 -57.084182 -62.500000
vn 51.970960 -65.169522 -55.244482
vn 47.172816 -62.197070 -62.500000
vn 46.813279 -66.666667 -58.000625
vn 40.611643 -66.666667 -62.500000
vn 62.214822 -66.666667 -41.047187
vn 57.672241 -66.666667 -47.217245
vn 52.520246 -66.666667 -52.888366
vn 67.435569 -48.994809 -55.244482
vn 63.683384 -45.146169 -62.500000
vn 71.555954 -42.752692 -55.244482
vn 67.939452 -38.444516 -62.500000
vn 75.100212 -36.166356 -55.244482
vn 71.492839 -31.345239 -62.500000
vn 78.039808 -29.288830 -55.244482
vn 74.306790 -23.921766 -62.500000
vn 80.351073 -22.175487 -55.244482
vn 76.352204 -16.250875 -62.500000
vn 82.015399 -14.883601 -55.244482
vn 77.607924 -8.411905 -62.500000
vn 83.019385 -7.471880 -55.244482
vn 78.060963 -0.485933 -62.500000
vn 83.354947 0.000000 -55.244482
vn 77.706634 7.445065 -62.500000
vn 83.019385 7.471880 -55.244482
vn 82.015399 14.883601 -55.244482
vn 86.561342 15.708568 -47.543401
vn 84.804766 23.404628 -47.543401
vn 88.574485 24.445005 -39.458870
vn 86.026676 32.286352 -39.458870
vn 88.994131 33.400056 -31.056092
vn 85.641909 41.242970 -31.056092
vn 87.806860 42.285555 -22.402838
vn 83.662928 49.986272 -22.402838
vn 85.050941 50.815572 -13.568899
vn 80.153479 58.234911 -13.568899
vn 80.815107 58.715612 -4.625522
vn 75.226542 65.723450 -4.625522
vn 75.235694 65.731446 4.355160
vn 69.038359 72.196327 -4.625522
vn 69.046421 72.205432 4.355160
vn 62.282245 78.099465 -4.625522
vn 62.289822 78.108966 4.355160
vn 55.037428 83.378139 4.355160
vn 54.600230 82.715813 13.300717
vn 46.965838 87.277151 13.300717
vn 76.548604 15.299061 -62.500000
vn 80.351073 22.175487 -55.244482
vn 82.365392 30.912249 -47.543401
vn 82.786232 39.867748 -39.458870
vn 81.600149 48.753819 -31.056092
vn 78.845390 57.284529 -22.402838
vn 74.610667 65.185377 -13.568899
vn 68.473480 71.604941 -13.568899
vn 61.772345 77.460070 -13.568899
vn 55.030733 83.367997 -4.625522
vn 47.341905 87.976000 4.355160
vn 38.953303 91.135784 13.300717
vn 74.598848 22.994821 -62.500000
vn 78.039808 29.288830 -55.244482
vn 79.262861 38.170982 -47.543401
vn 78.879242 47.128153 -39.458870
vn 76.901392 55.872132 -31.056092
vn 73.393036 64.121565 -22.402838
vn 67.356336 70.436048 -22.402838
vn 60.764233 76.195938 -22.402838
vn 54.580200 82.685469 -13.568899
vn 47.336146 87.965299 -4.625522
vn 39.265212 91.865531 4.355160
vn 30.627140 94.260645 13.300717
vn 71.877534 30.452752 -62.500000
vn 75.100212 36.166356 -55.244482
vn 75.522151 45.122385 -47.543401
vn 74.337162 54.009110 -39.458870
vn 71.583470 62.540594 -31.056092
vn 65.695930 68.699083 -31.056092
vn 59.266040 74.317263 -31.056092
vn 53.689462 81.336059 -22.402838
vn 46.948608 87.245133 -13.568899
vn 39.260436 91.854356 -4.625522
vn 30.872379 95.015413 4.355160
vn 22.054385 96.626575 13.300717
vn 68.412807 37.595717 -62.500000
vn 71.555954 42.752692 -55.244482
vn 71.173382 51.710489 -47.543401
vn 69.196563 60.455217 -39.458870
vn 63.505649 66.408058 -39.458870
vn 57.289850 71.839200 -39.458870
vn 52.365704 79.330651 -31.056092
vn 46.182416 85.821310 -22.402838
vn 38.939013 91.102350 -13.568899
vn 30.868624 95.003856 -4.625522
vn 22.230980 97.400288 4.355160
vn 13.304061 98.214525 13.300717
vn 64.240501 44.349837 -62.500000
vn 67.435569 48.994809 -55.244482
vn 66.251566 57.882250 -47.543401
vn 60.803153 63.581456 -47.543401
vn 54.851602 68.781733 -47.543401
vn 50.619602 76.685419 -39.458870
vn 45.043751 83.705315 -31.056092
vn 38.303537 89.615579 -22.402838
vn 30.615905 94.226065 -13.568899
vn 22.228276 97.388440 -4.625522
vn 13.410590 99.000953 4.355160
vn 4.446621 99.011709 13.300717
vn 59.403770 50.645257 -62.500000
vn 62.772232 54.842448 -55.244482
vn 57.610234 60.242079 -55.244482
vn 51.970960 65.169522 -55.244482
vn 48.465238 73.421697 -47.543401
vn 43.541794 80.914212 -39.458870
vn 37.359131 87.406032 -31.056092
vn 30.116259 92.688315 -22.402838
vn 22.046295 96.591127 -13.568899
vn 13.408959 98.988910 -4.625522
vn 4.482226 99.804520 4.355160
vn -4.446621 99.011709 13.300717
vn 53.952640 56.416865 -62.500000
vn 47.943489 61.604966 -62.500000
vn 45.919989 69.565809 -55.244482
vn 41.438470 66.155901 -62.500000
vn 39.499297 73.401994 -55.244482
vn 34.504862 70.022600 -62.500000
vn 32.760581 76.647189 -55.244482
vn 27.214378 73.165071 -62.500000
vn 25.758095 79.275266 -55.244482
vn 19.642422 75.550812 -62.500000
vn 18.548221 81.265065 -55.244482
vn 11.867309 77.155149 -62.500000
vn 11.189007 82.600565 -55.244482
vn 3.969455 77.961487 -62.500000
vn 3.739706 83.271014 -55.244482
vn -3.969455 77.961487 -62.500000
vn -3.739706 83.271014 -55.244482
vn -11.189007 82.600565 -55.244482
vn -11.809190 87.178942 -47.543401
vn -19.576310 85.769418 -47.543401
vn -20.446511 89.582017 -39.458870
vn -28.394269 87.388575 -39.458870
vn -29.373718 90.403008 -31.056092
vn -37.359131 87.406032 -31.056092
vn -38.303537 89.615579 -22.402838
vn -46.182416 85.821310 -22.402838
vn -46.948608 87.245133 -13.568899
vn -54.580200 82.685469 -13.568899
vn -55.030733 83.367997 -4.625522
vn -62.282245 78.099465 -4.625522
vn -62.289822 78.108966 4.355160
vn -69.046421 72.205432 4.355160
vn -68.497607 71.632177 13.300717
vn -74.638048 65.209299 13.300717
vn -11.867309 77.155149 -62.500000
vn -18.548221 81.265065 -55.244482
vn -27.185813 83.669329 -47.543401
vn -36.113414 84.491532 -39.458870
vn -45.043751 83.705315 -31.056092
vn -53.689462 81.336059 -22.402838
vn -61.772345 77.460070 -13.568899
vn -69.038359 72.196327 -4.625522
vn -75.235694 65.731446 4.355160
vn -80.182894 58.256282 13.300717
vn -19.642422 75.550812 -62.500000
vn -25.758095 79.275266 -55.244482
vn -34.576432 80.895583 -47.543401
vn -43.541794 80.914212 -39.458870
vn -52.365704 79.330651 -31.056092
vn -60.764233 76.195938 -22.402838
vn -68.473480 71.604941 -13.568899
vn -75.226542 65.723450 -4.625522
vn -80.824938 58.722755 4.355160
vn -85.082154 50.834221 13.300717
vn -27.214378 73.165071 -62.500000
vn -32.760581 76.647189 -55.244482
vn -41.688661 77.470514 -47.543401
vn -50.619602 76.685419 -39.458870
vn -59.266040 74.317263 -31.056092
vn -67.356336 70.436048 -22.402838
vn -74.610667 65.185377 -13.568899
vn -80.815107 58.715612 -4.625522
vn -85.763428 51.241263 4.355160
vn -89.296383 43.002871 13.300717
vn -34.504862 70.022600 -62.500000
vn -39.499297 73.401994 -55.244482
vn -48.465238 73.421697 -47.543401
vn -57.289850 71.839200 -39.458870
vn -65.695930 68.699083 -31.056092
vn -73.393036 64.121565 -22.402838
vn -80.153479 58.234911 -13.568899
vn -85.752996 51.235030 -4.625522
vn -90.011401 43.347206 4.355160
vn -92.791649 34.825289 13.300717
vn -41.438470 66.155901 -62.500000
vn -45.919989 69.565809 -55.244482
vn -54.851602 68.781733 -47.543401
vn -63.505649 66.408058 -39.458870
vn -71.583470 62.540594 -31.056092
vn -78.845390 57.284529 -22.402838
vn -85.050941 50.815572 -13.568899
vn -90.000452 43.341933 -4.625522
vn -93.534655 35.104143 4.355160
vn -95.539812 26.367313 13.300717
vn -47.943489 61.604966 -62.500000
vn -51.970960 65.169522 -55.244482
vn -60.803153 63.581456 -47.543401
vn -69.196563 60.455217 -39.458870
vn -76.901392 55.872132 -31.056092
vn -83.662928 49.986272 -22.402838
vn -89.263624 42.987096 -13.568899
vn -93.523278 35.099873 -4.625522
vn -96.304823 26.578442 4.355160
vn -97.518745 17.697043 13.300717
vn -53.952640 56.416865 -62.500000
vn -57.610234 60.242079 -55.244482
vn -66.251566 57.882250 -47.543401
vn -74.337162 54.009110 -39.458870
vn -81.600149 48.753819 -31.056092
vn -87.806860 42.285555 -22.402838
vn -92.757609 34.812513 -13.568899
vn -96.293109 26.575209 -4.625522
vn -98.299602 17.838748 4.355160
vn -98.712514 8.884287 13.300717
vn -62.772232 54.842448 -55.244482
vn -59.403770 50.645257 -62.500000
vn -67.435569 48.994809 -55.244482
vn -64.240501 44.349837 -62.500000
vn -71.555954 42.752692 -55.244482
vn -68.412807 37.595717 -62.500000
vn -75.100212 36.166356 -55.244482
vn -71.877534 30.452752 -62.500000
vn -78.039808 29.288830 -55.244482
vn -74.598848 22.994821 -62.500000
vn -80.351073 22.175487 -55.244482
vn -76.548604 15.299061 -62.500000
vn -82.015399 14.883601 -55.244482
vn -77.706634 7.445065 -62.500000
vn -83.019385 7.471880 -55.244482
vn -83.354947 -0.000000 -55.244482
vn -87.975138 0.000000 -47.543401
vn -87.620976 -7.886031 -47.543401
vn -91.515880 -8.236578 -39.458870
vn -90.409143 -16.406841 -39.458870
vn -93.527769 -16.972788 -31.056092
vn -91.629825 -25.288225 -31.056092
vn -93.946145 -25.927489 -22.402838
vn -91.243823 -34.244380 -22.402838
vn -92.757609 -34.812513 -13.568899
vn -89.263624 -42.987096 -13.568899
vn -90.000452 -43.341933 -4.625522
vn -85.752996 -51.235030 -4.625522
vn -85.763428 -51.241263 4.355160
vn -80.824938 -58.722755 4.355160
vn -80.182894 -58.256282 13.300717
vn -78.060963 -0.485933 -62.500000
vn -83.019385 -7.471880 -55.244482
vn -86.561342 -15.708568 -47.543401
vn -88.574485 -24.445005 -39.458870
vn -88.994131 -33.400056 -31.056092
vn -87.806860 -42.285555 -22.402838
vn -85.050941 -50.815572 -13.568899
vn -80.815107 -58.715612 -4.625522
vn -77.607924 -8.411905 -62.500000
vn -82.015399 -14.883601 -55.244482
vn -84.804766 -23.404628 -47.543401
vn -86.026676 -32.286352 -39.458870
vn -85.641909 -41.242970 -31.056092
vn -83.662928 -49.986272 -22.402838
vn -80.153479 -58.234911 -13.568899
vn -76.352204 -16.250875 -62.500000
vn -80.351073 -22.175487 -55.244482
vn -82.365392 -30.912249 -47.543401
vn -82.786232 -39.867748 -39.458870
vn -81.600149 -48.753819 -31.056092
vn -78.845390 -57.284529 -22.402838
vn -74.306790 -23.921766 -62.500000
vn -78.039808 -29.288830 -55.244482
vn -79.262861 -38.170982 -47.543401
vn -78.879242 -47.128153 -39.458870
vn -76.901392 -55.872132 -31.056092
vn -71.492839 -31.345239 -62.500000
vn -75.100212 -36.166356 -55.244482
vn -75.522151 -45.122385 -47.543401
vn -74.337162 -54.009110 -39.458870
vn -67.939452 -38.444516 -62.500000
vn -71.555954 -42.752692 -55.244482
vn -71.173382 -51.710489 -47.543401
vn -63.683384 -45.146169 -62.500000
vn -67.435569 -48.994809 -55.244482
vn -51.970960 -65.169522 -55.244482
vn -47.172816 -62.197070 -62.500000
vn -46.813279 -66.666667 -58.000625
vn -40.611643 -66.666667 -62.500000
vn -52.520246 -66.666667 -52.888366
vn -57.672241 -66.666667 -47.217245
vn -62.214822 -66.666667 -41.047187
vn -67.270373 -66.666667 32.097547
vn -69.265719 -60.537857 39.210051
vn -74.423284 -54.071681 39.210051
vn -78.970626 -47.182753 39.210051
vn -82.882143 -39.913936 39.210051
vn -86.126341 -32.323757 39.210051
vn -88.677101 -24.473325 39.210051
vn -90.513885 -16.425848 39.210051
vn -91.621905 -8.246121 39.210051
vn -91.992238 -0.000000 39.210051
vn -91.621905 8.246121 39.210051
vn -90.513885 16.425848 39.210051
vn -88.677101 24.473325 39.210051
vn -86.126341 32.323757 39.210051
vn -82.882143 39.913936 39.210051
vn -78.970626 47.182753 39.210051
vn -74.423284 54.071681 39.210051
vn -69.276730 60.525256 39.210051
vn -63.576431 66.487663 39.210051
vn -57.356222 71.922428 39.210051
vn -50.678246 76.774262 39.210051
vn -43.592239 81.007954 39.210051
vn -36.155252 84.589418 39.210051
vn -28.427165 87.489818 39.210051
vn -20.470199 89.685801 39.210051
vn -12.348419 91.159687 39.210051
vn -4.127216 91.899608 39.210051
vn 4.127216 91.899608 39.210051
vn 12.348419 91.159687 39.210051
vn 20.470199 89.685801 39.210051
vn 28.427165 87.489818 39.210051
vn 36.155252 84.589418 39.210051
vn 43.592239 81.007954 39.210051
vn 50.678246 76.774262 39.210051
vn 57.356222 71.922428 39.210051
vn 60.888592 63.677339 47.305136
vn 62.884595 54.940616 55.018692
vn 67.556279 49.082509 55.018692
vn 71.684039 42.829220 55.018692
vn 75.234642 36.231094 55.018692
vn 78.179500 29.341257 55.018692
vn 80.494902 22.215181 55.018692
vn 82.162207 14.910242 55.018692
vn 83.167989 7.485255 55.018692
vn 83.504153 0.000000 55.018692
vn 83.167989 -7.485255 55.018692
vn 82.162207 -14.910242 55.018692
vn 80.494902 -22.215181 55.018692
vn 78.179500 -29.341257 55.018692
vn 75.234642 -36.231094 55.018692
vn 71.684039 -42.829220 55.018692
vn 67.556279 -49.082509 55.018692
vn 58.906584 -51.479668 62.288507
vn 49.982876 -52.277990 69.055948
vn -63.572400 -66.491517 39.210051
vn -63.619845 -66.666667 38.833889
vn -59.297056 -66.666667 45.159880
vn -60.885028 -63.680747 47.305136
vn -54.347685 -66.666667 51.008673
vn -57.706601 -60.356373 55.018692
vn -52.063988 -65.286175 55.018692
vn -48.776440 -61.163721 62.288507
vn -48.824030 -66.666667 56.318466
vn -43.097407 -65.289780 62.288507
vn -42.784460 -66.666667 61.033151
vn -36.292793 -66.666667 65.102909
vn -36.666667 -64.548862 67.000000
vn -39.845035 -60.362648 69.055948
vn -45.095497 -56.547964 69.055948
vn -54.062754 -56.545208 62.288507
vn -49.982876 -52.277990 69.055948
vn -58.906584 -51.479668 62.288507
vn -54.461829 -47.593962 69.055948
vn -63.290480 -45.983225 62.288507
vn -58.514226 -42.513074 69.055948
vn -67.157596 -40.124796 62.288507
vn -62.089508 -37.096754 69.055948
vn -70.483998 -33.943304 62.288507
vn -65.164881 -31.381753 69.055948
vn -73.242905 -27.488522 62.288507
vn -67.715585 -25.414084 69.055948
vn -75.412102 -20.812418 62.288507
vn -69.721083 -19.241796 69.055948
vn -76.974126 -13.968744 62.288507
vn -71.165228 -12.914585 69.055948
vn -77.916399 -7.012603 62.288507
vn -72.036392 -6.483393 69.055948
vn -78.231336 -0.000000 62.288507
vn -72.327561 -0.000000 69.055948
vn -77.916399 7.012603 62.288507
vn -72.036392 6.483393 69.055948
vn -76.974126 13.968744 62.288507
vn -71.165228 12.914585 69.055948
vn -75.412102 20.812418 62.288507
vn -69.721083 19.241796 69.055948
vn -73.242905 27.488522 62.288507
vn -67.715585 25.414084 69.055948
vn -70.483998 33.943304 62.288507
vn -65.164881 31.381753 69.055948
vn -67.157596 40.124796 62.288507
vn -62.089508 37.096754 69.055948
vn -63.290480 45.983225 62.288507
vn -58.514226 42.513074 69.055948
vn -58.913787 51.471425 62.288507
vn -54.467823 47.587103 69.055948
vn -54.065391 56.542686 62.288507
vn -49.985070 52.275892 69.055948
vn -48.776440 61.163721 62.288507
vn -45.095497 56.547964 69.055948
vn -43.097407 65.289780 62.288507
vn -39.845035 60.362648 69.055948
vn -37.071378 68.890165 62.288507
vn -34.273765 63.691327 69.055948
vn -30.746873 71.935886 62.288507
vn -28.426542 66.507201 69.055948
vn -24.174812 74.402422 62.288507
vn -22.350446 68.787598 69.055948
vn -17.408110 76.269913 62.288507
vn -16.094396 70.514158 69.055948
vn -10.501248 77.523324 62.288507
vn -9.708765 71.672980 69.055948
vn -3.509836 78.152562 62.288507
vn -3.244964 72.254732 69.055948
vn 3.509836 78.152562 62.288507
vn 3.244964 72.254732 69.055948
vn 10.501248 77.523324 62.288507
vn 9.708765 71.672980 69.055948
vn 17.408110 76.269913 62.288507
vn 16.094396 70.514158 69.055948
vn 24.174812 74.402422 62.288507
vn 22.350446 68.787598 69.055948
vn 30.746873 71.935886 62.288507
vn 28.426542 66.507201 69.055948
vn 37.071378 68.890165 62.288507
vn 34.273765 63.691327 69.055948
vn 43.097407 65.289780 62.288507
vn 39.845035 60.362648 69.055948
vn 48.776440 61.163721 62.288507
vn 45.095497 56.547964 69.055948
vn 49.985070 52.275892 69.055948
vn 45.501648 47.587437 75.266432
vn 49.582560 43.318978 75.266432
vn 44.297400 38.701473 80.869873
vn 53.266039 38.700042 75.266432
vn 47.588245 34.574884 80.869873
vn 56.520650 33.769516 75.266432
vn 50.495938 30.169918 80.869873
vn 59.320191 28.567098 75.266432
vn 52.997067 25.522042 80.869873
vn 61.642120 23.134675 75.266432
vn 55.071494 20.668678 80.869873
vn 63.467743 17.515984 75.266432
vn 56.702519 15.648901 80.869873
vn 64.782362 11.756265 75.266432
vn 57.877008 10.503128 80.869873
vn 65.575390 5.901892 75.266432
vn 58.585505 5.272791 80.869873
vn 65.840445 0.000000 75.266432
vn 58.822306 0.000000 80.869873
vn 65.575390 -5.901892 75.266432
vn 58.585505 -5.272791 80.869873
vn 64.782362 -11.756265 75.266432
vn 57.877008 -10.503128 80.869873
vn 63.467743 -17.515984 75.266432
vn 56.702519 -15.648901 80.869873
vn 61.642120 -23.134675 75.266432
vn 55.071494 -20.668678 80.869873
vn 59.320191 -28.567098 75.266432
vn 52.997067 -25.522042 80.869873
vn 56.520650 -33.769516 75.266432
vn -36.666667 -60.015502 71.089346
vn -36.666667 -55.223692 74.872555
vn -41.050846 -51.476132 75.266432
vn -45.499872 -47.589135 75.266432
vn -49.577711 -43.324528 75.266432
vn -53.266039 -38.700042 75.266432
vn -56.520650 -33.769516 75.266432
vn -59.320191 -28.567098 75.266432
vn -61.642120 -23.134675 75.266432
vn -63.467743 -17.515984 75.266432
vn -64.782362 -11.756265 75.266432
vn -65.575390 -5.901892 75.266432
vn -65.840445 -0.000000 75.266432
vn -65.575390 5.901892 75.266432
vn -64.782362 11.756265 75.266432
vn -63.467743 17.515984 75.266432
vn -61.642120 23.134675 75.266432
vn -59.320191 28.567098 75.266432
vn -56.520650 33.769516 75.266432
vn -53.266039 38.700042 75.266432
vn -49.582560 43.318978 75.266432
vn -45.501648 47.587437 75.266432
vn -41.050846 51.476132 75.266432
vn -36.271302 54.948674 75.266432
vn -31.199723 57.978801 75.266432
vn -25.876943 60.542117 75.266432
vn -20.345816 62.617984 75.266432
vn -14.650877 64.189687 75.266432
vn -8.837978 65.244573 75.266432
vn -2.953920 65.774148 75.266432
vn 2.953920 65.774148 75.266432
vn 8.837978 65.244573 75.266432
vn 14.650877 64.189687 75.266432
vn 20.345816 62.617984 75.266432
vn 25.876943 60.542117 75.266432
vn 31.199723 57.978801 75.266432
vn 36.271302 54.948674 75.266432
vn 41.050846 51.476132 75.266432
vn 40.651287 42.515134 80.869873
vn 38.654970 33.771830 85.821074
vn 41.526640 30.170870 85.821074
vn 44.063962 26.326991 85.821074
vn 46.246506 22.271144 85.821074
vn 48.056701 18.035982 85.821074
vn 49.479972 13.655605 85.821074
vn 50.504859 9.165281 85.821074
vn 51.123111 4.601163 85.821074
vn 51.329750 0.000000 85.821074
vn 51.123111 -4.601163 85.821074
vn 50.504859 -9.165281 85.821074
vn 49.479972 -13.655605 85.821074
vn 48.056701 -18.035982 85.821074
vn -36.666667 -50.194068 78.333333
vn -36.454260 -48.031953 79.774798
vn -36.675108 -45.989131 80.869873
vn -35.688818 -45.997212 81.305380
vn -35.022364 -45.198543 82.039781
vn -32.003575 -40.131214 85.821074
vn -34.029312 -44.678901 82.739360
vn -33.450843 -44.624731 83.004063
vn -32.836932 -44.726560 83.194175
vn -28.277404 -42.838436 85.821074
vn -23.921712 -36.239845 90.080105
vn -20.576896 -38.238279 90.080105
vn -16.664273 -30.967408 93.612615
vn -13.821290 -32.336517 93.612615
vn -10.464702 -24.483388 96.390112
vn -8.227900 -25.322874 96.390112
vn -5.522414 -16.996241 98.390196
vn -3.976651 -17.422845 98.390196
vn -1.996376 -8.746695 99.596736
vn -1.204291 -8.890437 99.596736
vn -31.666667 -45.307591 83.333333
vn -25.917422 -48.824612 83.333333
vn -24.323560 -45.200748 85.821074
vn -20.173876 -47.199130 85.821074
vn -17.066406 -39.928842 90.080105
vn -13.418508 -41.297921 90.080105
vn -10.867027 -33.445270 93.612615
vn -7.825269 -34.284742 93.612615
vn -5.924852 -25.958475 96.390112
vn -3.574101 -26.385073 96.390112
vn -2.398870 -17.709170 98.390196
vn -0.801775 -17.852911 98.390196
vn -0.402511 -8.962598 99.596736
vn 0.402511 -8.962598 99.596736
vn -19.782895 -51.615818 83.333333
vn -15.861765 -48.817493 85.821074
vn -9.662572 -42.334494 90.080105
vn -4.720506 -34.848174 93.612615
vn -1.194573 -26.599235 96.390112
vn 0.801775 -17.852911 98.390196
vn 1.204291 -8.890437 99.596736
vn -13.354279 -53.639713 83.333333
vn -11.421944 -50.042806 85.821074
vn -5.828838 -43.030214 90.080105
vn -1.577736 -35.131028 93.612615
vn 1.194573 -26.599235 96.390112
vn 2.398870 -17.709170 98.390196
vn 1.996376 -8.746695 99.596736
vn -6.727142 -54.866211 83.333333
vn -6.890160 -50.865203 85.821074
vn -1.948175 -43.379480 90.080105
vn 1.577736 -35.131028 93.612615
vn 3.574101 -26.385073 96.390112
vn 3.976651 -17.422845 98.390196
vn 2.772387 -8.532529 99.596736
vn -2.302901 -51.278064 85.821074
vn -0.000000 -55.277080 83.333333
vn 2.302901 -51.278064 85.821074
vn 6.727142 -54.866211 83.333333
vn 6.890160 -50.865203 85.821074
vn 11.421944 -50.042806 85.821074
vn 9.662572 -42.334494 90.080105
vn 13.418508 -41.297921 90.080105
vn 10.867027 -33.445270 93.612615
vn 13.821290 -32.336517 93.612615
vn 10.464702 -24.483388 96.390112
vn 12.617248 -23.446776 96.390112
vn 8.468462 -15.737040 98.390196
vn 9.845028 -14.914580 98.390196
vn 4.942445 -7.487484 99.596736
vn 5.593721 -7.014304 99.596736
vn 13.354279 -53.639713 83.333333
vn 15.861765 -48.817493 85.821074
vn 17.066406 -39.928842 90.080105
vn 16.664273 -30.967408 93.612615
vn 14.668208 -22.221385 96.390112
vn 11.142327 -13.972037 98.390196
vn 6.199960 -6.484650 99.596736
vn 6.756198 -5.902879 99.596736
vn 19.782895 -51.615818 83.333333
vn 20.173876 -47.199130 85.821074
vn 20.576896 -38.238279 90.080105
vn 19.373085 -29.348969 93.612615
vn 16.601068 -20.817080 96.390112
vn 12.349915 -12.916999 98.390196
vn 13.457740 -11.758337 98.390196
vn 14.457866 -10.504255 98.390196
vn 7.258203 -5.273393 99.596736
vn 7.701687 -4.601544 99.596736
vn 25.917422 -48.824612 83.333333
vn 24.323560 -45.200748 85.821074
vn 23.921712 -36.239845 90.080105
vn 21.925916 -27.494229 93.612615
vn 18.400265 -19.245169 96.390112
vn 20.050579 -17.519148 96.390112
vn 21.540923 -15.650397 96.390112
vn 15.341257 -9.165975 98.390196
vn 8.083161 -3.892645 99.596736
vn 28.277404 -42.838436 85.821074
vn 31.666667 -45.307591 83.333333
vn 32.806016 -44.735187 83.201733
vn 32.003575 -40.131214 85.821074
vn 33.435236 -44.625866 83.009741
vn 34.016653 -44.675586 82.746356
vn 35.016829 -45.193712 82.044806
vn 35.472073 -37.100879 85.821074
vn 30.008154 -31.386069 90.080105
vn 38.652134 -33.775075 85.821074
vn 32.698777 -28.572095 90.080105
vn 41.526640 -30.170870 85.821074
vn 35.130110 -25.523519 90.080105
vn 37.276597 -22.271730 90.080105
vn 30.188586 -18.036841 93.612615
vn 31.683866 -15.258146 93.612615
vn 23.989238 -11.552608 96.390112
vn 24.928232 -9.355722 96.390112
vn 16.731365 -6.279386 98.390196
vn 17.226889 -4.754319 98.390196
vn 8.648320 -2.386785 99.596736
vn 8.827454 -1.601947 99.596736
vn 36.675108 -45.989131 80.869873
vn 35.686072 -45.992796 81.309083
vn 36.453694 -48.029262 79.776677
vn 36.666667 -50.194068 78.333333
vn -8.971632 0.000000 99.596736
vn -8.935515 0.804211 99.596736
vn -8.827454 1.601947 99.596736
vn -8.648320 2.386785 99.596736
vn -8.399555 3.152406 99.596736
vn -8.083161 3.892645 99.596736
vn -7.701687 4.601544 99.596736
vn -7.258203 5.273393 99.596736
vn -6.756280 5.902784 99.596736
vn -6.199990 6.484621 99.596736
vn -5.593721 7.014304 99.596736
vn -4.942445 7.487484 99.596736
vn -4.251375 7.900379 99.596736
vn -3.526076 8.249665 99.596736
vn -2.772387 8.532529 99.596736
vn -1.996376 8.746695 99.596736
vn -1.204291 8.890437 99.596736
vn -0.402511 8.962598 99.596736
vn 0.402511 8.962598 99.596736
vn 1.204291 8.890437 99.596736
vn 1.996376 8.746695 99.596736
vn 2.772387 8.532529 99.596736
vn 3.526076 8.249665 99.596736
vn 4.251375 7.900379 99.596736
vn 4.942445 7.487484 99.596736
vn 5.593721 7.014304 99.596736
vn 6.199990 6.484621 99.596736
vn 7.258203 5.273393 99.596736
vn 7.701687 4.601544 99.596736
vn 8.083161 3.892645 99.596736
vn 8.399555 3.152406 99.596736
vn 8.648320 2.386785 99.596736
vn 8.827454 1.601947 99.596736
vn 8.935515 0.804211 99.596736
vn 8.399555 -3.152406 99.596736
vn 4.251375 -7.900379 99.596736
vn 3.526076 -8.249665 99.596736
vn -2.772387 -8.532529 99.596736
vn -3.526076 -8.249665 99.596736
vn -4.251375 -7.900379 99.596736
vn -4.942445 -7.487484 99.596736
vn -5.593721 -7.014304 99.596736
vn -6.199960 -6.484650 99.596736
vn -6.756198 -5.902879 99.596736
vn -7.258203 -5.273393 99.596736
vn -7.701687 -4.601544 99.596736
vn -8.083161 -3.892645 99.596736
vn -8.399555 -3.152406 99.596736
vn -8.648320 -2.386785 99.596736
vn -8.827454 -1.601947 99.596736
vn -8.935515 -0.804211 99.596736
vn -91.885785 0.000000 -39.458870
vn -87.620976 7.886031 -47.543401
vn -91.515880 8.236578 -39.458870
vn -86.561342 15.708568 -47.543401
vn -90.409143 16.406841 -39.458870
vn -84.804766 23.404628 -47.543401
vn -88.574485 24.445005 -39.458870
vn -82.365392 30.912249 -47.543401
vn -86.026676 32.286352 -39.458870
vn -79.262861 38.170982 -47.543401
vn -82.786232 39.867748 -39.458870
vn -75.522151 45.122385 -47.543401
vn -78.879242 47.128153 -39.458870
vn -71.173382 51.710489 -47.543401
vn -95.055348 0.000000 -31.056092
vn -94.672683 8.520696 -31.056092
vn -93.527769 16.972788 -31.056092
vn -91.629825 25.288225 -31.056092
vn -88.994131 33.400056 -31.056092
vn -85.641909 41.242970 -31.056092
vn -94.672683 -8.520696 -31.056092
vn -97.065924 -8.736091 -22.402838
vn -97.458262 -0.000000 -22.402838
vn -98.676301 -8.881028 -13.568899
vn -99.075148 -0.000000 -13.568899
vn -99.490826 -8.954336 -4.625522
vn -99.892965 -0.000000 -4.625522
vn -99.502929 -8.955426 4.355160
vn -99.905118 -0.000000 4.355160
vn -98.712514 -8.884287 13.300717
vn -99.111508 -0.000000 13.300717
vn -97.065924 8.736091 -22.402838
vn -95.892068 17.401845 -22.402838
vn -93.946145 25.927489 -22.402838
vn -91.243823 34.244380 -22.402838
vn -98.676301 8.881028 -13.568899
vn -97.482970 17.690551 -13.568899
vn -95.504763 26.357640 -13.568899
vn -99.490826 8.954336 -4.625522
vn -98.287644 17.836578 -4.625522
vn -99.502929 8.955426 4.355160
vn -88.103485 0.000000 47.305136
vn -87.748806 7.897536 47.305136
vn -86.687626 15.731485 47.305136
vn -84.928488 23.438773 47.305136
vn -82.485555 30.957347 47.305136
vn -79.378497 38.226670 47.305136
vn -75.632331 45.188214 47.305136
vn -71.277217 51.785929 47.305136
vn -66.348221 57.966695 47.305136
vn -60.888592 63.677339 47.305136
vn -54.931624 68.882078 47.305136
vn -48.535944 73.528812 47.305136
vn -41.749481 77.583535 47.305136
vn -34.626875 81.013601 47.305136
vn -27.225474 83.791394 47.305136
vn -19.604870 85.894547 47.305136
vn -11.826419 87.306128 47.305136
vn -3.952748 88.014771 47.305136
vn 3.952748 88.014771 47.305136
vn 11.826419 87.306128 47.305136
vn 19.604870 85.894547 47.305136
vn 27.225474 83.791394 47.305136
vn 34.626875 81.013601 47.305136
vn 41.749481 77.583535 47.305136
vn 48.535944 73.528812 47.305136
vn 54.931624 68.882078 47.305136
vn 57.709697 60.353412 55.018692
vn 58.913787 51.471425 62.288507
vn 63.290480 45.983225 62.288507
vn 67.157596 40.124796 62.288507
vn 70.483998 33.943304 62.288507
vn 73.242905 27.488522 62.288507
vn 75.412102 20.812418 62.288507
vn 76.974126 13.968744 62.288507
vn 77.916399 7.012603 62.288507
vn 78.231336 0.000000 62.288507
vn 77.916399 -7.012603 62.288507
vn 76.974126 -13.968744 62.288507
vn 75.412102 -20.812418 62.288507
vn 73.242905 -27.488522 62.288507
vn 70.483998 -33.943304 62.288507
vn 67.157596 -40.124796 62.288507
vn 63.290480 -45.983225 62.288507
vn 54.461829 -47.593962 69.055948
vn -83.504153 0.000000 55.018692
vn -83.167989 7.485255 55.018692
vn -82.162207 14.910242 55.018692
vn -80.494902 22.215181 55.018692
vn -78.179500 29.341257 55.018692
vn -75.234642 36.231094 55.018692
vn -71.684039 42.829220 55.018692
vn -67.556279 49.082509 55.018692
vn -62.884595 54.940616 55.018692
vn -57.709697 60.353412 55.018692
vn -52.063988 65.286175 55.018692
vn -46.002186 69.690332 55.018692
vn -39.570001 73.533384 55.018692
vn -32.819222 76.784387 55.018692
vn -25.804202 79.417169 55.018692
vn -18.581422 81.410529 55.018692
vn -11.209035 82.748420 55.018692
vn -3.746400 83.420070 55.018692
vn 3.746400 83.420070 55.018692
vn 11.209035 82.748420 55.018692
vn 18.581422 81.410529 55.018692
vn 25.804202 79.417169 55.018692
vn 32.819222 76.784387 55.018692
vn 39.570001 73.533384 55.018692
vn 46.002186 69.690332 55.018692
vn 52.063988 65.286175 55.018692
vn 54.065391 56.542686 62.288507
vn 54.467823 47.587103 69.055948
vn 58.514226 42.513074 69.055948
vn 62.089508 37.096754 69.055948
vn 65.164881 31.381753 69.055948
vn 67.715585 25.414084 69.055948
vn 69.721083 19.241796 69.055948
vn 71.165228 12.914585 69.055948
vn 72.036392 6.483393 69.055948
vn 72.327561 0.000000 69.055948
vn 72.036392 -6.483393 69.055948
vn 71.165228 -12.914585 69.055948
vn 69.721083 -19.241796 69.055948
vn 67.715585 -25.414084 69.055948
vn 65.164881 -31.381753 69.055948
vn 62.089508 -37.096754 69.055948
vn 58.514226 -42.513074 69.055948
vn -87.748806 -7.897536 47.305136
vn -86.687626 -15.731485 47.305136
vn -84.928488 -23.438773 47.305136
vn -82.485555 -30.957347 47.305136
vn -79.378497 -38.226670 47.305136
vn -75.632331 -45.188214 47.305136
vn -71.277217 -51.785929 47.305136
vn -66.338487 -57.977834 47.305136
vn -83.167989 -7.485255 55.018692
vn -82.162207 -14.910242 55.018692
vn -80.494902 -22.215181 55.018692
vn -78.179500 -29.341257 55.018692
vn -75.234642 -36.231094 55.018692
vn -71.684039 -42.829220 55.018692
vn -67.556279 -49.082509 55.018692
vn -62.876138 -54.950294 55.018692
vn -58.822306 0.000000 80.869873
vn -58.585505 5.272791 80.869873
vn -57.877008 10.503128 80.869873
vn -56.702519 15.648901 80.869873
vn -55.071494 20.668678 80.869873
vn -52.997067 25.522042 80.869873
vn -50.495938 30.169918 80.869873
vn -47.588245 34.574884 80.869873
vn -44.297400 38.701473 80.869873
vn -40.651287 42.515134 80.869873
vn -36.675108 45.989131 80.869873
vn -32.405031 49.091524 80.869873
vn -27.874048 51.798660 80.869873
vn -23.118639 54.088744 80.869873
vn -18.177092 55.943338 80.869873
vn -13.089195 57.347508 80.869873
vn -7.895910 58.289950 80.869873
vn -2.639053 58.763076 80.869873
vn 2.639053 58.763076 80.869873
vn 7.895910 58.289950 80.869873
vn 13.089195 57.347508 80.869873
vn 18.177092 55.943338 80.869873
vn 23.118639 54.088744 80.869873
vn 27.874048 51.798660 80.869873
vn 32.405031 49.091524 80.869873
vn 36.675108 45.989131 80.869873
vn 35.473111 37.099887 85.821074
vn 32.700776 28.569808 90.080105
vn 35.130110 25.523519 90.080105
vn 37.276597 22.271730 90.080105
vn 39.122955 18.840622 90.080105
vn 40.654318 15.257821 90.080105
vn 41.858356 11.552172 90.080105
vn 42.725375 7.753512 90.080105
vn 43.248395 3.892426 90.080105
vn 43.423204 0.000000 90.080105
vn 43.248395 -3.892426 90.080105
vn 42.725375 -7.753512 90.080105
vn 41.858356 -11.552172 90.080105
vn -51.329750 0.000000 85.821074
vn -51.123111 4.601163 85.821074
vn -50.504859 9.165281 85.821074
vn -49.479972 13.655605 85.821074
vn -48.056701 18.035982 85.821074
vn -46.246506 22.271144 85.821074
vn -44.063962 26.326991 85.821074
vn -41.526640 30.170870 85.821074
vn -38.654970 33.771830 85.821074
vn -35.473111 37.099887 85.821074
vn -32.003575 40.131214 85.821074
vn -28.277404 42.838436 85.821074
vn -24.323560 45.200748 85.821074
vn -20.173876 47.199130 85.821074
vn -15.861765 48.817493 85.821074
vn -11.421944 50.042806 85.821074
vn -6.890160 50.865203 85.821074
vn -2.302901 51.278064 85.821074
vn 2.302901 51.278064 85.821074
vn 6.890160 50.865203 85.821074
vn 11.421944 50.042806 85.821074
vn 15.861765 48.817493 85.821074
vn 20.173876 47.199130 85.821074
vn 24.323560 45.200748 85.821074
vn 28.277404 42.838436 85.821074
vn 32.003575 40.131214 85.821074
vn 30.008886 31.385369 90.080105
vn 26.482841 23.137362 93.612615
vn 28.450246 20.670314 93.612615
vn 30.188586 18.036841 93.612615
vn 31.683866 15.258146 93.612615
vn 32.924046 12.356601 93.612615
vn 33.899140 9.355568 93.612615
vn 34.601299 6.279210 93.612615
vn 35.024868 3.152295 93.612615
vn 35.166438 0.000000 93.612615
vn 35.024868 -3.152295 93.612615
vn 34.601299 -6.279210 93.612615
vn -58.585505 -5.272791 80.869873
vn -57.877008 -10.503128 80.869873
vn -56.702519 -15.648901 80.869873
vn -55.071494 -20.668678 80.869873
vn -52.997067 -25.522042 80.869873
vn -50.495938 -30.169918 80.869873
vn -47.588245 -34.574884 80.869873
vn -44.293610 -38.705812 80.869873
vn -40.649899 -42.516461 80.869873
vn -43.423204 0.000000 90.080105
vn -43.248395 3.892426 90.080105
vn -42.725375 7.753512 90.080105
vn -41.858356 11.552172 90.080105
vn -40.654318 15.257821 90.080105
vn -39.122955 18.840622 90.080105
vn -37.276597 22.271730 90.080105
vn -35.130110 25.523519 90.080105
vn -32.700776 28.569808 90.080105
vn -30.008886 31.385369 90.080105
vn -27.073925 33.949628 90.080105
vn -23.921712 36.239845 90.080105
vn -20.576896 38.238279 90.080105
vn -17.066406 39.928842 90.080105
vn -13.418508 41.297921 90.080105
vn -9.662572 42.334494 90.080105
vn -5.828838 43.030214 90.080105
vn -1.948175 43.379480 90.080105
vn 1.948175 43.379480 90.080105
vn 5.828838 43.030214 90.080105
vn 9.662572 42.334494 90.080105
vn 13.418508 41.297921 90.080105
vn 17.066406 39.928842 90.080105
vn 20.576896 38.238279 90.080105
vn 23.921712 36.239845 90.080105
vn 27.073925 33.949628 90.080105
vn 24.302686 25.417668 93.612615
vn 20.051315 17.518306 96.390112
vn 21.540923 15.650397 96.390112
vn 22.857096 13.656479 96.390112
vn 23.989238 11.552608 96.390112
vn 24.928232 9.355722 96.390112
vn 25.666519 7.083509 96.390112
vn 26.198154 4.754264 96.390112
vn 26.518857 2.386740 96.390112
vn 26.626045 0.000000 96.390112
vn 26.518857 -2.386740 96.390112
vn -51.123111 -4.601163 85.821074
vn -50.504859 -9.165281 85.821074
vn -49.479972 -13.655605 85.821074
vn -48.056701 -18.035982 85.821074
vn -46.246506 -22.271144 85.821074
vn -44.063962 -26.326991 85.821074
vn -41.526640 -30.170870 85.821074
vn -38.652134 -33.775075 85.821074
vn -35.472073 -37.100879 85.821074
vn -35.166438 0.000000 93.612615
vn -35.024868 3.152295 93.612615
vn -34.601299 6.279210 93.612615
vn -33.899140 9.355568 93.612615
vn -32.924046 12.356601 93.612615
vn -31.683866 15.258146 93.612615
vn -30.188586 18.036841 93.612615
vn -28.450246 20.670314 93.612615
vn -26.482841 23.137362 93.612615
vn -24.302686 25.417668 93.612615
vn -21.925916 27.494229 93.612615
vn -19.373085 29.348969 93.612615
vn -16.664273 30.967408 93.612615
vn -13.821290 32.336517 93.612615
vn -10.867027 33.445270 93.612615
vn -7.825269 34.284742 93.612615
vn -4.720506 34.848174 93.612615
vn -1.577736 35.131028 93.612615
vn 1.577736 35.131028 93.612615
vn 4.720506 34.848174 93.612615
vn 7.825269 34.284742 93.612615
vn 10.867027 33.445270 93.612615
vn 13.821290 32.336517 93.612615
vn 16.664273 30.967408 93.612615
vn 19.373085 29.348969 93.612615
vn 21.925916 27.494229 93.612615
vn 18.400535 19.244911 96.390112
vn 13.458069 11.757961 98.390196
vn 14.457866 10.504255 98.390196
vn 15.341257 9.165975 98.390196
vn 16.101130 7.753895 98.390196
vn 16.731365 6.279386 98.390196
vn 17.226889 4.754319 98.390196
vn 17.583713 3.190973 98.390196
vn 17.798963 1.601936 98.390196
vn 17.870906 0.000000 98.390196
vn -43.248395 -3.892426 90.080105
vn -42.725375 -7.753512 90.080105
vn -41.858356 -11.552172 90.080105
vn -40.654318 -15.257821 90.080105
vn -39.122955 -18.840622 90.080105
vn -37.276597 -22.271730 90.080105
vn -35.130110 -25.523519 90.080105
vn -32.698777 -28.572095 90.080105
vn -30.008154 -31.386069 90.080105
vn -27.073925 -33.949628 90.080105
vn -26.626045 0.000000 96.390112
vn -26.518857 2.386740 96.390112
vn -26.198154 4.754264 96.390112
vn -25.666519 7.083509 96.390112
vn -24.928232 9.355722 96.390112
vn -23.989238 11.552608 96.390112
vn -22.857096 13.656479 96.390112
vn -21.540923 15.650397 96.390112
vn -20.051315 17.518306 96.390112
vn -18.400535 19.244911 96.390112
vn -16.601068 20.817080 96.390112
vn -14.668208 22.221385 96.390112
vn -12.617248 23.446776 96.390112
vn -10.464702 24.483388 96.390112
vn -8.227900 25.322874 96.390112
vn -5.924852 25.958475 96.390112
vn -3.574101 26.385073 96.390112
vn -1.194573 26.599235 96.390112
vn 1.194573 26.599235 96.390112
vn 3.574101 26.385073 96.390112
vn 5.924852 25.958475 96.390112
vn 8.227900 25.322874 96.390112
vn 10.464702 24.483388 96.390112
vn 12.617248 23.446776 96.390112
vn 14.668208 22.221385 96.390112
vn 16.601068 20.817080 96.390112
vn 12.350036 12.916884 98.390196
vn 6.756280 5.902784 99.596736
vn -35.024868 -3.152295 93.612615
vn -34.601299 -6.279210 93.612615
vn -33.899140 -9.355568 93.612615
vn -32.924046 -12.356601 93.612615
vn -31.683866 -15.258146 93.612615
vn -30.188586 -18.036841 93.612615
vn -28.450246 -20.670314 93.612615
vn -26.481546 -23.138844 93.612615
vn -24.302212 -25.418121 93.612615
vn -21.925916 -27.494229 93.612615
vn -19.373085 -29.348969 93.612615
vn -17.870906 0.000000 98.390196
vn -17.798963 1.601936 98.390196
vn -17.583713 3.190973 98.390196
vn -17.226889 4.754319 98.390196
vn -16.731365 6.279386 98.390196
vn -16.101130 7.753895 98.390196
vn -15.341257 9.165975 98.390196
vn -14.457866 10.504255 98.390196
vn -13.458069 11.757961 98.390196
vn -12.350036 12.916884 98.390196
vn -11.142327 13.972037 98.390196
vn -9.845028 14.914580 98.390196
vn -8.468462 15.737040 98.390196
vn -7.023713 16.432794 98.390196
vn -5.522414 16.996241 98.390196
vn -3.976651 17.422845 98.390196
vn -2.398870 17.709170 98.390196
vn -0.801775 17.852911 98.390196
vn 0.801775 17.852911 98.390196
vn 2.398870 17.709170 98.390196
vn 3.976651 17.422845 98.390196
vn 5.522414 16.996241 98.390196
vn 7.023713 16.432794 98.390196
vn 8.468462 15.737040 98.390196
vn 9.845028 14.914580 98.390196
vn 11.142327 13.972037 98.390196
vn -26.518857 -2.386740 96.390112
vn -26.198154 -4.754264 96.390112
vn -25.666519 -7.083509 96.390112
vn -24.928232 -9.355722 96.390112
vn -23.989238 -11.552608 96.390112
vn -22.857096 -13.656479 96.390112
vn -21.540923 -15.650397 96.390112
vn -20.050579 -17.519148 96.390112
vn -18.400265 -19.245169 96.390112
vn -16.601068 -20.817080 96.390112
vn -14.668208 -22.221385 96.390112
vn -12.617248 -23.446776 96.390112
vn -17.798963 -1.601936 98.390196
vn -17.583713 -3.190973 98.390196
vn -17.226889 -4.754319 98.390196
vn -16.731365 -6.279386 98.390196
vn -16.101130 -7.753895 98.390196
vn -15.341257 -9.165975 98.390196
vn -14.457866 -10.504255 98.390196
vn -13.457740 -11.758337 98.390196
vn -12.349915 -12.916999 98.390196
vn -11.142327 -13.972037 98.390196
vn -9.845028 -14.914580 98.390196
vn -8.468462 -15.737040 98.390196
vn -7.023713 -16.432794 98.390196
vn 27.073925 -33.949628 90.080105
vn 24.302212 -25.418121 93.612615
vn 26.481546 -23.138844 93.612615
vn 28.450246 -20.670314 93.612615
vn 22.857096 -13.656479 96.390112
vn 16.101130 -7.753895 98.390196
vn 71.173382 -51.710489 -47.543401
vn 75.522151 -45.122385 -47.543401
vn 79.262861 -38.170982 -47.543401
vn 82.365392 -30.912249 -47.543401
vn 84.804766 -23.404628 -47.543401
vn 86.561342 -15.708568 -47.543401
vn 87.620976 -7.886031 -47.543401
vn 87.975138 0.000000 -47.543401
vn 87.620976 7.886031 -47.543401
vn 74.337162 -54.009110 -39.458870
vn 78.879242 -47.128153 -39.458870
vn 82.786232 -39.867748 -39.458870
vn 86.026676 -32.286352 -39.458870
vn 88.574485 -24.445005 -39.458870
vn 90.409143 -16.406841 -39.458870
vn 91.515880 -8.236578 -39.458870
vn 91.885785 0.000000 -39.458870
vn 91.515880 8.236578 -39.458870
vn 90.409143 16.406841 -39.458870
vn 76.901392 -55.872132 -31.056092
vn 81.600149 -48.753819 -31.056092
vn 85.641909 -41.242970 -31.056092
vn 88.994131 -33.400056 -31.056092
vn 91.629825 -25.288225 -31.056092
vn 93.527769 -16.972788 -31.056092
vn 94.672683 -8.520696 -31.056092
vn 95.055348 0.000000 -31.056092
vn 94.672683 8.520696 -31.056092
vn 93.527769 16.972788 -31.056092
vn 91.629825 25.288225 -31.056092
vn 78.845390 -57.284529 -22.402838
vn 83.662928 -49.986272 -22.402838
vn 87.806860 -42.285555 -22.402838
vn 91.243823 -34.244380 -22.402838
vn 93.946145 -25.927489 -22.402838
vn 95.892068 -17.401845 -22.402838
vn 97.065924 -8.736091 -22.402838
vn 97.458262 0.000000 -22.402838
vn 97.065924 8.736091 -22.402838
vn 95.892068 17.401845 -22.402838
vn 93.946145 25.927489 -22.402838
vn 91.243823 34.244380 -22.402838
vn 80.153479 -58.234911 -13.568899
vn 85.050941 -50.815572 -13.568899
vn 89.263624 -42.987096 -13.568899
vn 92.757609 -34.812513 -13.568899
vn 95.504763 -26.357640 -13.568899
vn 97.482970 -17.690551 -13.568899
vn 98.676301 -8.881028 -13.568899
vn 99.075148 0.000000 -13.568899
vn 98.676301 8.881028 -13.568899
vn 97.482970 17.690551 -13.568899
vn 95.504763 26.357640 -13.568899
vn 92.757609 34.812513 -13.568899
vn 89.263624 42.987096 -13.568899
vn 80.815107 -58.715612 -4.625522
vn 85.752996 -51.235030 -4.625522
vn 90.000452 -43.341933 -4.625522
vn 93.523278 -35.099873 -4.625522
vn 96.293109 -26.575209 -4.625522
vn 98.287644 -17.836578 -4.625522
vn 99.490826 -8.954336 -4.625522
vn 99.892965 0.000000 -4.625522
vn 99.490826 8.954336 -4.625522
vn 98.287644 17.836578 -4.625522
vn 96.293109 26.575209 -4.625522
vn 93.523278 35.099873 -4.625522
vn 90.000452 43.341933 -4.625522
vn 85.752996 51.235030 -4.625522
vn 80.824938 -58.722755 4.355160
vn 85.763428 -51.241263 4.355160
vn 90.011401 -43.347206 4.355160
vn 93.534655 -35.104143 4.355160
vn 96.304823 -26.578442 4.355160
vn 98.299602 -17.838748 4.355160
vn 99.502929 -8.955426 4.355160
vn 99.905118 0.000000 4.355160
vn 99.502929 8.955426 4.355160
vn 98.299602 17.838748 4.355160
vn 96.304823 26.578442 4.355160
vn 93.534655 35.104143 4.355160
vn 90.011401 43.347206 4.355160
vn 85.763428 51.241263 4.355160
vn 80.824938 58.722755 4.355160
vn 80.182894 -58.256282 13.300717
vn 85.082154 -50.834221 13.300717
vn 89.296383 -43.002871 13.300717
vn 92.791649 -34.825289 13.300717
vn 95.539812 -26.367313 13.300717
vn 97.518745 -17.697043 13.300717
vn 98.712514 -8.884287 13.300717
vn 99.111508 0.000000 13.300717
vn 98.712514 8.884287 13.300717
vn 97.518745 17.697043 13.300717
vn 95.539812 26.367313 13.300717
vn 92.791649 34.825289 13.300717
vn 89.296383 43.002871 13.300717
vn 85.082154 50.834221 13.300717
vn 80.182894 58.256282 13.300717
vn 74.638048 65.209299 13.300717
vn 78.894152 -57.319957 22.139000
vn 83.714669 -50.017186 22.139000
vn 87.861164 -42.311707 22.139000
vn 91.300253 -34.265558 22.139000
vn 94.004246 -25.943523 22.139000
vn 95.951372 -17.412607 22.139000
vn 97.125954 -8.741494 22.139000
vn 97.518535 0.000000 22.139000
vn 97.125954 8.741494 22.139000
vn 95.951372 17.412607 22.139000
vn 94.004246 25.943523 22.139000
vn 91.300253 34.265558 22.139000
vn 87.861164 42.311707 22.139000
vn 83.714669 50.017186 22.139000
vn 78.894152 57.319957 22.139000
vn 73.438426 64.161221 22.139000
vn 68.497607 71.632177 13.300717
vn 76.969107 -55.921329 30.798726
vn 81.672001 -48.796749 30.798726
vn 85.717321 -41.279286 30.798726
vn 89.072495 -33.429466 30.798726
vn 91.710509 -25.310492 30.798726
vn 93.610125 -16.987733 30.798726
vn 94.756046 -8.528199 30.798726
vn 95.139048 0.000000 30.798726
vn 94.756046 8.528199 30.798726
vn 93.610125 16.987733 30.798726
vn 91.710509 25.310492 30.798726
vn 89.072495 33.429466 30.798726
vn 85.717321 41.279286 30.798726
vn 81.672001 48.796749 30.798726
vn 76.969107 55.921329 30.798726
vn 71.646503 62.595664 30.798726
vn 67.396348 70.481181 22.139000
vn 61.795014 77.488497 13.300717
vn 41.688661 77.470514 -47.543401
vn 36.113414 84.491532 -39.458870
vn 29.373718 90.403008 -31.056092
vn 21.686504 95.014780 -22.402838
vn 13.299181 98.178495 -13.568899
vn 4.481681 99.792380 -4.625522
vn -4.482226 99.804520 4.355160
vn -13.304061 98.214525 13.300717
vn 34.576432 80.895583 -47.543401
vn 28.394269 87.388575 -39.458870
vn 21.151805 92.672112 -31.056092
vn 13.082141 96.576242 -22.402838
vn 4.444990 98.975386 -13.568899
vn -4.481681 99.792380 -4.625522
vn -13.410590 99.000953 4.355160
vn -22.054385 96.626575 13.300717
vn 27.185813 83.669329 -47.543401
vn 20.446511 89.582017 -39.458870
vn 12.759590 94.195074 -31.056092
vn 4.372448 97.360128 -22.402838
vn -4.444990 98.975386 -13.568899
vn -13.408959 98.988910 -4.625522
vn -22.230980 97.400288 4.355160
vn -30.627140 94.260645 13.300717
vn 19.576310 85.769418 -47.543401
vn 12.334129 91.054197 -39.458870
vn 4.264642 94.959633 -31.056092
vn -4.372448 97.360128 -22.402838
vn -13.299181 98.178495 -13.568899
vn -22.228276 97.388440 -4.625522
vn -30.872379 95.015413 4.355160
vn -38.953303 91.135784 13.300717
vn 11.809190 87.178942 -47.543401
vn 4.122440 91.793263 -39.458870
vn -4.264642 94.959633 -31.056092
vn -13.082141 96.576242 -22.402838
vn -22.046295 96.591127 -13.568899
vn -30.868624 95.003856 -4.625522
vn -39.265212 91.865531 4.355160
vn -46.965838 87.277151 13.300717
vn 3.946990 87.886553 -47.543401
vn -4.122440 91.793263 -39.458870
vn -12.759590 94.195074 -31.056092
vn -21.686504 95.014780 -22.402838
vn -30.615905 94.226065 -13.568899
vn -39.260436 91.854356 -4.625522
vn -47.341905 87.976000 4.355160
vn -54.600230 82.715813 13.300717
vn -3.946990 87.886553 -47.543401
vn -12.334129 91.054197 -39.458870
vn -21.151805 92.672112 -31.056092
vn -30.116259 92.688315 -22.402838
vn -38.939013 91.102350 -13.568899
vn -47.336146 87.965299 -4.625522
vn -55.037428 83.378139 4.355160
vn -61.795014 77.488497 13.300717
vn -95.892068 -17.401845 -22.402838
vn -97.482970 -17.690551 -13.568899
vn -98.287644 -17.836578 -4.625522
vn -98.299602 -17.838748 4.355160
vn -97.518745 -17.697043 13.300717
vn -95.504763 -26.357640 -13.568899
vn -96.293109 -26.575209 -4.625522
vn -96.304823 -26.578442 4.355160
vn -95.539812 -26.367313 13.300717
vn -93.523278 -35.099873 -4.625522
vn -93.534655 -35.104143 4.355160
vn -92.791649 -34.825289 13.300717
vn -90.011401 -43.347206 4.355160
vn -89.296383 -43.002871 13.300717
vn -85.082154 -50.834221 13.300717
vn 1.948175 -43.379480 90.080105
vn 4.720506 -34.848174 93.612615
vn 5.924852 -25.958475 96.390112
vn 5.522414 -16.996241 98.390196
vn 5.828838 -43.030214 90.080105
vn 7.825269 -34.284742 93.612615
vn 8.227900 -25.322874 96.390112
vn 7.023713 -16.432794 98.390196
vn 98.768834 -0.000000 15.643447
vn 98.768834 -0.000000 15.643447
vn 100.000000 -0.000000 0.000000
vn 100.000000 -0.000000 0.000000
vn 98.768834 0.000000 -15.643447
vn 98.768834 0.000000 -15.643447
vn 95.105652 0.000000 -30.901699
vn 95.105652 0.000000 -30.901699
vn 89.100652 0.000000 -45.399050
vn 89.100652 0.000000 -45.399050
vn 80.901699 0.000000 -58.778525
vn 80.901699 0.000000 -58.778525
vn 70.710678 0.000000 -70.710678
vn 70.710678 0.000000 -70.710678
vn 58.778525 0.000000 -80.901699
vn 58.778525 0.000000 -80.901699
vn 45.399050 0.000000 -89.100652
vn 45.399050 0.000000 -89.100652
vn 30.901699 0.000000 -95.105652
vn 30.901699 0.000000 -95.105652
vn 15.643447 0.000000 -98.768834
vn 15.643447 0.000000 -98.768834
vn -0.000000 0.000000 -100.000000
vn -0.000000 0.000000 -100.000000
vn -15.643447 0.000000 -98.768834
vn -15.643447 0.000000 -98.768834
vn -30.901699 0.000000 -95.105652
vn -30.901699 0.000000 -95.105652
vn -45.399050 0.000000 -89.100652
vn -45.399050 0.000000 -89.100652
vn -58.778525 0.000000 -80.901699
vn -58.778525 0.000000 -80.901699
vn -70.710678 0.000000 -70.710678
vn -70.710678 0.000000 -70.710678
vn -80.901699 0.000000 -58.778525
vn -80.901699 0.000000 -58.778525
vn -89.100652 0.000000 -45.399050
vn -89.100652 0.000000 -45.399050
vn -95.105652 0.000000 -30.901699
vn -95.105652 0.000000 -30.901699
vn -98.768834 0.000000 -15.643447
vn -98.768834 0.000000 -15.643447
vn -100.000000 0.000000 -0.000000
vn -100.000000 -0.000000 0.000000
vn -98.768834 -0.000000 15.643447
vn -98.768834 -0.000000 15.643447
vn -95.105652 -0.000000 30.901699
vn -95.105652 -0.000000 30.901699
vn -89.100652 -0.000000 45.399050
vn -89.100652 -0.000000 45.399050
vn -80.901699 -0.000000 58.778525
vn -80.901699 -0.000000 58.778525
vn -70.710678 -0.000000 70.710678
vn -70.710678 -0.000000 70.710678
vn -58.778525 -0.000000 80.901699
vn -58.778525 -0.000000 80.901699
vn -45.399050 -0.000000 89.100652
vn -45.399050 -0.000000 89.100652
vn -30.901699 -0.000000 95.105652
vn -30.901699 -0.000000 95.105652
vn -15.643447 -0.000000 98.768834
vn -15.643447 -0.000000 98.768834
vn -0.000000 -0.000000 100.000000
vn -0.000000 -0.000000 100.000000
vn 15.643447 -0.000000 98.768834
vn 15.643447 -0.000000 98.768834
vn 30.901699 -0.000000 95.105652
vn 30.901699 -0.000000 95.105652
vn 45.399050 -0.000000 89.100652
vn 45.399050 -0.000000 89.100652
vn 58.778525 -0.000000 80.901699
vn 58.778525 -0.000000 80.901699
vn 70.710678 -0.000000 70.710678
vn 70.710678 -0.000000 70.710678
vn 80.901699 -0.000000 58.778525
vn 80.901699 -0.000000 58.778525
vn 89.100652 -0.000000 45.399050
vn 89.100652 -0.000000 45.399050
vn 95.105652 -0.000000 30.901699
vn 95.105652 -0.000000 30.901699
vn 0.000000 -100.000000 -0.000000
vn 0.000000 -100.000000 -0.000000
vn 0.000000 -100.000000 -0.000000
vn 0.000000 -100.000000 -0.000000
vn 0.000000 -100.000000 -0.000000
vn 0.000000 -100.000000 -0.000000
vn 0.000000 -100.000000 -0.000000
vn 0.000000 -100.000000 -0.000000
vn 0.000000 -100.000000 -0.000000
vn 0.000000 -100.000000 -0.000000
vn 0.000000 -100.000000 -0.000000
vn 0.000000 -100.000000 -0.000000
vn 0.000000 -100.000000 -0.000000
vn 0.000000 -100.000000 -0.000000
vn 0.000000 -100.000000 -0.000000
vn 0.000000 -100.000000 -0.000000
vn 0.000000 -100.000000 -0.000000
vn 0.000000 -100.000000 -0.000000
vn 0.000000 -100.000000 -0.000000
vn 0.000000 -100.000000 -0.000000
vn 0.000000 -100.000000 -0.000000
vn 0.000000 -100.000000 -0.000000
vn 0.000000 -100.000000 -0.000000
vn 0.000000 -100.000000 -0.000000
vn 0.000000 -100.000000 -0.000000
vn 0.000000 -100.000000 -0.000000
vn 0.000000 -100.000000 -0.000000
vn 0.000000 -100.000000 -0.000000
vn 0.000000 -100.000000 -0.000000
vn 0.000000 -100.000000 -0.000000
vn 0.000000 -100.000000 -0.000000
vn 0.000000 -100.000000 -0.000000
vn 0.000000 -100.000000 -0.000000
vn 0.000000 -100.000000 -0.000000
vn 0.000000 -100.000000 -0.000000
vn 0.000000 -100.000000 -0.000000
vn 0.000000 -100.000000 -0.000000
vn 0.000000 -100.000000 -0.000000
vn 0.000000 -100.000000 -0.000000
vn 0.000000 -100.000000 -0.000000
vn 98.768834 -0.000000 15.643447
vn 98.768834 -0.000000 15.643447
vn 100.000000 -0.000000 0.000000
vn 100.000000 -0.000000 0.000000
vn 98.768834 0.000000 -15.643447
vn 98.768834 0.000000 -15.643447
vn 95.105652 0.000000 -30.901699
vn 95.105652 0.000000 -30.901699
vn 89.100652 0.000000 -45.399050
vn 89.100652 0.000000 -45.399050
vn 80.901699 0.000000 -58.778525
vn 80.901699 0.000000 -58.778525
vn 70.710678 0.000000 -70.710678
vn 70.710678 0.000000 -70.710678
vn 58.778525 0.000000 -80.901699
vn 58.778525 0.000000 -80.901699
vn 45.399050 0.000000 -89.100652
vn 45.399050 0.000000 -89.100652
vn 30.901699 0.000000 -95.105652
vn 30.901699 0.000000 -95.105652
vn 15.643447 0.000000 -98.768834
vn 15.643447 0.000000 -98.768834
vn -0.000000 0.000000 -100.000000
vn -0.000000 0.000000 -100.000000
vn -15.643447 0.000000 -98.768834
vn -15.643447 0.000000 -98.768834
vn -30.901699 0.000000 -95.105652
vn -30.901699 0.000000 -95.105652
vn -45.399050 0.000000 -89.100652
vn -45.399050 0.000000 -89.100652
vn -58.778525 0.000000 -80.901699
vn -58.778525 0.000000 -80.901699
vn -70.710678 0.000000 -70.710678
vn -70.710678 0.000000 -70.710678
vn -80.901699 0.000000 -58.778525
vn -80.901699 0.000000 -58.778525
vn -89.100652 0.000000 -45.399050
vn -89.100652 0.000000 -45.399050
vn -95.105652 0.000000 -30.901699
vn -95.105652 0.000000 -30.901699
vn -98.768834 0.000000 -15.643447
vn -98.768834 0.000000 -15.643447
vn -100.000000 0.000000 -0.000000
vn -100.000000 -0.000000 0.000000
vn -98.768834 -0.000000 15.643447
vn -98.768834 -0.000000 15.643447
vn -95.105652 -0.000000 30.901699
vn -95.105652 -0.000000 30.901699
vn -89.100652 -0.000000 45.399050
vn -89.100652 -0.000000 45.399050
vn -80.901699 -0.000000 58.778525
vn -80.901699 -0.000000 58.778525
vn -70.710678 -0.000000 70.710678
vn -70.710678 -0.000000 70.710678
vn -58.778525 -0.000000 80.901699
vn -58.778525 -0.000000 80.901699
vn -45.399050 -0.000000 89.100652
vn -45.399050 -0.000000 89.100652
vn -30.901699 -0.000000 95.105652
vn -30.901699 -0.000000 95.105652
vn -15.643447 -0.000000 98.768834
vn -15.643447 -0.000000 98.768834
vn -0.000000 -0.000000 100.000000
vn -0.000000 -0.000000 100.000000
vn 15.643447 -0.000000 98.768834
vn 15.643447 -0.000000 98.768834
vn 30.901699 -0.000000 95.105652
vn 30.901699 -0.000000 95.105652
vn 45.399050 -0.000000 89.100652
vn 45.399050 -0.000000 89.100652
vn 58.778525 -0.000000 80.901699
vn 58.778525 -0.000000 80.901699
vn 70.710678 -0.000000 70.710678
vn 70.710678 -0.000000 70.710678
vn 80.901699 -0.000000 58.778525
vn 80.901699 -0.000000 58.778525
vn 89.100652 -0.000000 45.399050
vn 89.100652 -0.000000 45.399050
vn 95.105652 -0.000000 30.901699
vn 95.105652 -0.000000 30.901699
vn 0.000000 -100.000000 -0.000000
vn 0.000000 -100.000000 -0.000000
vn 0.000000 -100.000000 -0.000000
vn 0.000000 -100.000000 -0.000000
vn 0.000000 -100.000000 -0.000000
vn 0.000000 -100.000000 -0.000000
vn 0.000000 -100.000000 -0.000000
vn 0.000000 -100.000000 -0.000000
vn 0.000000 -100.000000 -0.000000
vn 0.000000 -100.000000 -0.000000
vn 0.000000 -100.000000 -0.000000
vn 0.000000 -100.000000 -0.000000
vn 0.000000 -100.000000 -0.000000
vn 0.000000 -100.000000 -0.000000
vn 0.000000 -100.000000 -0.000000
vn 0.000000 -100.000000 -0.000000
vn 0.000000 -100.000000 -0.000000
vn 0.000000 -100.000000 -0.000000
vn 0.000000 -100.000000 -0.000000
vn 0.000000 -100.000000 -0.000000
vn 0.000000 -100.000000 -0.000000
vn 0.000000 -100.000000 -0.000000
vn 0.000000 -100.000000 -0.000000
vn 0.000000 -100.000000 -0.000000
vn 0.000000 -100.000000 -0.000000
vn 0.000000 -100.000000 -0.000000
vn 0.000000 -100.000000 -0.000000
vn 0.000000 -100.000000 -0.000000
vn 0.000000 -100.000000 -0.000000
vn 0.000000 -100.000000 -0.000000
vn 0.000000 -100.000000 -0.000000
vn 0.000000 -100.000000 -0.000000
vn 0.000000 -100.000000 -0.000000
vn 0.000000 -100.000000 -0.000000
vn 0.000000 -100.000000 -0.000000
vn 0.000000 -100.000000 -0.000000
vn 0.000000 -100.000000 -0.000000
vn 0.000000 -100.000000 -0.000000
vn 0.000000 -100.000000 -0.000000
vn 0.000000 -100.000000 -0.000000
vn 0.000000 0.000000 -100.000000
vn 0.000000 0.000000 -100.000000
vn 0.000000 0.000000 -100.000000
vn 0.000000 0.000000 -100.000000
vn 0.000000 0.000000 -100.000000
vn 0.000000 0.000000 -100.000000
vn 0.000000 0.000000 -100.000000
vn 0.000000 0.000000 -100.000000
vn 0.000000 0.000000 -100.000000
vn 0.000000 0.000000 -100.000000
vn 0.000000 0.000000 -100.000000
vn 0.000000 0.000000 -100.000000
vn 0.000000 0.000000 -100.000000
vn 0.000000 0.000000 -100.000000
vn 0.000000 0.000000 -100.000000
vn 0.000000 0.000000 -100.000000
vn 0.000000 0.000000 -100.000000
vn 0.000000 0.000000 -100.000000
vn 0.000000 0.000000 -100.000000
vn 0.000000 0.000000 -100.000000
vn 0.000000 0.000000 -100.000000
vn 0.000000 0.000000 -100.000000
vn 0.000000 0.000000 -100.000000
vn 0.000000 0.000000 -100.000000
vn 0.000000 0.000000 -100.000000
vn 0.000000 0.000000 -100.000000
vn 0.000000 0.000000 -100.000000
vn 0.000000 0.000000 -100.000000
vn 0.000000 0.000000 -100.000000
vn 0.000000 0.000000 -100.000000
vn 0.000000 0.000000 -100.000000
vn 0.000000 0.000000 -100.000000
vn 0.000000 0.000000 -100.000000
vn 0.000000 0.000000 -100.000000
vn 0.000000 0.000000 -100.000000
vn 0.000000 0.000000 -100.000000
vn 0.000000 0.000000 -100.000000
vn 0.000000 0.000000 -100.000000
vn 0.000000 0.000000 -100.000000
vn 0.000000 0.000000 -100.000000
vn 0.000000 0.000000 -100.000000
vn 0.000000 0.000000 -100.000000
vn 0.000000 0.000000 -100.000000
vn 0.000000 0.000000 -100.000000
vn 0.000000 0.000000 -100.000000
vn 0.000000 0.000000 -100.000000
vn 0.000000 0.000000 -100.000000
vn 0.000000 0.000000 -100.000000
vn 0.000000 0.000000 -100.000000
vn 0.000000 0.000000 -100.000000
vn 0.000000 0.000000 -100.000000
vn 0.000000 0.000000 -100.000000
usemtl Paint_-_Metal_Flake_(Black)
f 359/759/683 360/760/684 362/761/685
f 362/761/685 360/760/684 361/762/686
f 363/763/687 364/764/688 366/765/689
f 366/765/689 364/764/688 365/766/690
f 367/767/691 368/768/692 372/769/693
f 372/769/693 368/768/692 369/770/694
f 372/769/693 369/770/694 371/771/695
f 371/771/695 369/770/694 370/772/696
f 367/773/691 372/774/693 373/775/697
f 373/775/697 372/774/693 374/776/698
f 373/775/697 374/776/698 380/777/699
f 380/777/699 374/776/698 375/778/700
f 380/777/699 375/778/700 379/779/701
f 379/779/701 375/778/700 376/780/702
f 379/779/701 376/780/702 378/781/703
f 378/781/703 376/780/702 377/782/704
f 381/783/705 382/784/706 384/785/707
f 384/785/707 382/784/706 383/786/708
f 385/787/709 386/788/710 388/789/711
f 388/789/711 386/788/710 387/790/712
f 389/791/713 390/792/714 392/793/715
f 392/793/715 390/792/714 391/794/716
f 383/795/708 382/796/706 399/797/717
f 399/797/717 382/796/706 393/798/718
f 399/797/717 393/798/718 400/799/719
f 400/799/719 393/798/718 394/800/720
f 400/799/719 394/800/720 395/801/721
f 395/801/721 396/802/722 400/799/719
f 400/799/719 396/802/722 397/803/723
f 400/799/719 397/803/723 399/797/717
f 399/797/717 397/803/723 398/804/724
f 399/797/717 398/804/724 383/795/708
f 365/805/690 364/806/688 405/807/725
f 405/807/725 364/806/688 401/808/726
f 405/807/725 401/808/726 406/809/727
f 406/809/727 401/808/726 402/810/728
f 406/809/727 402/810/728 389/811/713
f 389/811/713 392/812/715 406/809/727
f 406/809/727 392/812/715 403/813/729
f 406/809/727 403/813/729 405/807/725
f 405/807/725 403/813/729 404/814/730
f 405/807/725 404/814/730 365/805/690
f 407/815/731 408/816/732 410/817/733
f 410/817/733 408/816/732 409/818/734
f 409/819/734 408/820/732 417/821/735
f 417/821/735 408/820/732 411/822/736
f 417/821/735 411/822/736 418/823/737
f 418/823/737 411/822/736 412/824/738
f 418/823/737 412/824/738 413/825/739
f 413/825/739 414/826/740 418/823/737
f 418/823/737 414/826/740 415/827/741
f 418/823/737 415/827/741 417/821/735
f 417/821/735 415/827/741 416/828/742
f 417/821/735 416/828/742 409/819/734
f 419/829/743 420/830/744 422/831/745
f 422/831/745 420/830/744 421/832/746
f 387/833/712 386/834/710 427/835/747
f 427/835/747 386/834/710 423/836/748
f 427/835/747 423/836/748 428/837/749
f 428/837/749 423/836/748 424/838/750
f 428/837/749 424/838/750 419/839/743
f 419/839/743 422/840/745 428/837/749
f 428/837/749 422/840/745 425/841/751
f 428/837/749 425/841/751 427/835/747
f 427/835/747 425/841/751 426/842/752
f 427/835/747 426/842/752 387/833/712
f 361/843/686 360/844/684 435/845/753
f 435/845/753 360/844/684 429/846/754
f 435/845/753 429/846/754 436/847/755
f 436/847/755 429/846/754 430/848/756
f 436/847/755 430/848/756 431/849/757
f 431/849/757 432/850/758 436/847/755
f 436/847/755 432/850/758 433/851/759
f 436/847/755 433/851/759 435/845/753
f 435/845/753 433/851/759 434/852/760
f 435/845/753 434/852/760 361/843/686
f 437/853/761 438/854/762 440/855/763
f 440/855/763 438/854/762 439/856/764
f 441/857/765 442/858/766 444/859/767
f 444/859/767 442/858/766 443/860/768
f 450/861/769 445/862/770 451/863/771
f 451/863/771 445/862/770 446/864/772
f 451/863/771 446/864/772 452/865/773
f 452/865/773 446/864/772 447/866/774
f 452/865/773 447/866/774 441/867/765
f 441/867/765 444/868/767 452/865/773
f 452/865/773 444/868/767 448/869/775
f 452/865/773 448/869/775 451/863/771
f 451/863/771 448/869/775 449/870/776
f 451/863/771 449/870/776 450/861/769
f 464/871/777 453/872/778 465/873/779
f 465/873/779 453/872/778 454/874/780
f 465/873/779 454/874/780 466/875/781
f 466/875/781 454/874/780 455/876/782
f 466/875/781 455/876/782 467/877/783
f 467/877/783 455/876/782 456/878/784
f 467/877/783 456/878/784 468/879/785
f 468/879/785 456/878/784 457/880/786
f 468/879/785 457/880/786 469/881/787
f 469/881/787 457/880/786 458/882/788
f 469/881/787 458/882/788 437/883/761
f 437/883/761 440/884/763 469/881/787
f 469/881/787 440/884/763 459/885/789
f 469/881/787 459/885/789 468/879/785
f 468/879/785 459/885/789 460/886/790
f 468/879/785 460/886/790 467/877/783
f 467/877/783 460/886/790 461/887/791
f 467/877/783 461/887/791 466/875/781
f 466/875/781 461/887/791 462/888/792
f 466/875/781 462/888/792 465/873/779
f 465/873/779 462/888/792 463/889/793
f 465/873/779 463/889/793 464/871/777
f 475/890/794 470/891/795 476/892/796
f 476/892/796 470/891/795 471/893/797
f 476/892/796 471/893/797 477/894/798
f 477/894/798 471/893/797 472/895/799
f 477/894/798 472/895/799 363/896/687
f 363/896/687 366/897/689 477/894/798
f 477/894/798 366/897/689 473/898/800
f 477/894/798 473/898/800 476/892/796
f 476/892/796 473/898/800 474/899/801
f 476/892/796 474/899/801 475/890/794
f 421/900/746 420/901/744 482/902/802
f 482/902/802 420/901/744 478/903/803
f 482/902/802 478/903/803 483/904/804
f 483/904/804 478/903/803 479/905/805
f 483/904/804 479/905/805 407/906/731
f 407/906/731 410/907/733 483/904/804
f 483/904/804 410/907/733 480/908/806
f 483/904/804 480/908/806 482/902/802
f 482/902/802 480/908/806 481/909/807
f 482/902/802 481/909/807 421/900/746
f 395/910/721 470/911/795 396/912/722
f 396/912/722 470/911/795 475/913/794
f 489/914/808 484/915/809 490/916/810
f 490/916/810 484/915/809 485/917/811
f 490/916/810 485/917/811 491/918/812
f 491/918/812 485/917/811 486/919/813
f 491/918/812 486/919/813 385/920/709
f 385/920/709 388/921/711 491/918/812
f 491/918/812 388/921/711 487/922/814
f 491/918/812 487/922/814 490/916/810
f 490/916/810 487/922/814 488/923/815
f 490/916/810 488/923/815 489/914/808
f 391/924/716 390/925/714 496/926/816
f 496/926/816 390/925/714 492/927/817
f 496/926/816 492/927/817 497/928/818
f 497/928/818 492/927/817 493/929/819
f 497/928/818 493/929/819 381/930/705
f 381/930/705 384/931/707 497/928/818
f 497/928/818 384/931/707 494/932/820
f 497/928/818 494/932/820 496/926/816
f 496/926/816 494/932/820 495/933/821
f 496/926/816 495/933/821 391/924/716
f 498/934/822 445/935/770 499/936/823
f 499/936/823 445/935/770 450/937/769
f 413/938/739 484/939/809 414/940/740
f 414/940/740 484/939/809 489/941/808
f 500/942/824 453/943/778 501/944/825
f 501/944/825 453/943/778 464/945/777
f 439/946/764 438/947/762 512/948/826
f 512/948/826 438/947/762 502/949/827
f 512/948/826 502/949/827 513/950/828
f 513/950/828 502/949/827 503/951/829
f 513/950/828 503/951/829 514/952/830
f 514/952/830 503/951/829 504/953/831
f 514/952/830 504/953/831 515/954/832
f 515/954/832 504/953/831 505/955/833
f 515/954/832 505/955/833 516/956/834
f 516/956/834 505/955/833 506/957/835
f 516/956/834 506/957/835 500/958/824
f 500/958/824 501/959/825 516/956/834
f 516/956/834 501/959/825 507/960/836
f 516/956/834 507/960/836 515/954/832
f 515/954/832 507/960/836 508/961/837
f 515/954/832 508/961/837 514/952/830
f 514/952/830 508/961/837 509/962/838
f 514/952/830 509/962/838 513/950/828
f 513/950/828 509/962/838 510/963/839
f 513/950/828 510/963/839 512/948/826
f 512/948/826 510/963/839 511/964/840
f 512/948/826 511/964/840 439/946/764
f 431/965/757 517/966/841 432/967/758
f 432/967/758 517/966/841 518/968/842
f 443/969/768 442/970/766 523/971/843
f 523/971/843 442/970/766 519/972/844
f 523/971/843 519/972/844 524/973/845
f 524/973/845 519/972/844 520/974/846
f 524/973/845 520/974/846 359/975/683
f 359/975/683 362/976/685 524/973/845
f 524/973/845 362/976/685 521/977/847
f 524/973/845 521/977/847 523/971/843
f 523/971/843 521/977/847 522/978/848
f 523/971/843 522/978/848 443/969/768
f 518/979/842 517/980/841 529/981/849
f 529/981/849 517/980/841 525/982/850
f 529/981/849 525/982/850 530/983/851
f 530/983/851 525/982/850 526/984/852
f 530/983/851 526/984/852 498/985/822
f 498/985/822 499/986/823 530/983/851
f 530/983/851 499/986/823 527/987/853
f 530/983/851 527/987/853 529/981/849
f 529/981/849 527/987/853 528/988/854
f 529/981/849 528/988/854 518/979/842
f 370/989/696 531/990/855 371/991/695
f 371/991/695 531/990/855 541/992/856
f 541/992/856 531/990/855 532/993/857
f 541/992/856 532/993/857 540/994/858
f 540/994/858 532/993/857 533/995/859
f 540/994/858 533/995/859 534/996/860
f 540/994/858 534/996/860 539/997/861
f 539/997/861 534/996/860 535/998/862
f 539/997/861 535/998/862 536/999/863
f 537/1000/864 538/1001/865 536/999/863
f 536/999/863 538/1001/865 539/997/861
f 542/1002/866 550/1003/867 537/1004/864
f 537/1004/864 550/1003/867 551/1005/868
f 537/1004/864 551/1005/868 538/1006/865
f 538/1006/865 551/1005/868 552/1007/869
f 550/1003/867 542/1002/866 549/1008/870
f 549/1008/870 542/1002/866 543/1009/871
f 549/1008/870 543/1009/871 548/1010/872
f 548/1010/872 543/1009/871 544/1011/873
f 548/1010/872 544/1011/873 547/1012/874
f 547/1012/874 544/1011/873 545/1013/875
f 547/1012/874 545/1013/875 546/1014/876
f 440/1015/877 439/1016/878 372/1017/879
f 372/1017/879 439/1016/878 511/1018/880
f 372/1017/879 511/1018/880 374/1019/881
f 374/1019/881 511/1018/880 510/1020/882
f 374/1019/881 510/1020/882 375/1021/883
f 375/1021/883 510/1020/882 377/1022/884
f 375/1021/883 377/1022/884 376/1023/885
f 510/1020/882 509/1024/886 377/1022/884
f 377/1022/884 509/1024/886 362/1025/887
f 377/1022/884 362/1025/887 361/1026/888
f 362/1025/887 509/1024/886 521/1027/889
f 521/1027/889 509/1024/886 508/1028/890
f 521/1027/889 508/1028/890 522/1029/891
f 522/1029/891 508/1028/890 507/1030/892
f 522/1029/891 507/1030/892 443/1031/893
f 443/1031/893 507/1030/892 501/1032/894
f 443/1031/893 501/1032/894 444/1033/895
f 444/1033/895 501/1032/894 464/1034/896
f 444/1033/895 464/1034/896 448/1035/897
f 448/1035/897 464/1034/896 463/1036/898
f 448/1035/897 463/1036/898 449/1037/899
f 449/1037/899 463/1036/898 462/1038/900
f 449/1037/899 462/1038/900 450/1039/901
f 450/1039/901 462/1038/900 461/1040/902
f 450/1039/901 461/1040/902 538/1041/903
f 538/1041/903 461/1040/902 460/1042/904
f 538/1041/903 460/1042/904 540/1043/905
f 540/1043/905 460/1042/904 541/1044/906
f 541/1044/906 460/1042/904 459/1045/907
f 541/1044/906 459/1045/907 371/1046/908
f 371/1046/908 459/1045/907 440/1015/877
f 371/1046/908 440/1015/877 372/1017/879
f 474/1047/909 415/1048/910 475/1049/911
f 475/1049/911 415/1048/910 414/1050/912
f 475/1049/911 414/1050/912 396/1051/913
f 396/1051/913 414/1050/912 489/1052/914
f 396/1051/913 489/1052/914 397/1053/915
f 397/1053/915 489/1052/914 488/1054/916
f 397/1053/915 488/1054/916 398/1055/917
f 398/1055/917 488/1054/916 487/1056/918
f 398/1055/917 487/1056/918 383/1057/919
f 383/1057/919 487/1056/918 388/1058/920
f 383/1057/919 388/1058/920 552/1059/921
f 552/1059/921 388/1058/920 387/1060/922
f 552/1059/921 387/1060/922 538/1041/903
f 538/1041/903 387/1060/922 499/1061/923
f 538/1041/903 499/1061/923 450/1039/901
f 415/1048/910 474/1047/909 416/1062/924
f 416/1062/924 474/1047/909 473/1063/925
f 416/1062/924 473/1063/925 409/1064/926
f 409/1064/926 473/1063/925 366/1065/927
f 409/1064/926 366/1065/927 561/1066/928
f 561/1066/928 366/1065/927 365/1067/929
f 561/1066/928 365/1067/929 404/1068/930
f 403/1069/931 558/1070/932 404/1068/930
f 404/1068/930 558/1070/932 559/1071/933
f 404/1068/930 559/1071/933 561/1066/928
f 561/1066/928 559/1071/933 560/1072/934
f 558/1070/932 403/1069/931 557/1073/935
f 557/1073/935 403/1069/931 392/1074/936
f 557/1073/935 392/1074/936 391/1075/937
f 557/1073/935 391/1075/937 556/1076/938
f 556/1076/938 391/1075/937 495/1077/939
f 556/1076/938 495/1077/939 555/1078/940
f 555/1078/940 495/1077/939 494/1079/941
f 555/1078/940 494/1079/941 554/1080/942
f 554/1080/942 494/1079/941 552/1059/921
f 554/1080/942 552/1059/921 553/1081/943
f 494/1079/941 384/1082/944 552/1059/921
f 552/1059/921 384/1082/944 383/1057/919
f 499/1061/923 387/1060/922 527/1083/945
f 527/1083/945 387/1060/922 426/1084/946
f 527/1083/945 426/1084/946 528/1085/947
f 528/1085/947 426/1084/946 425/1086/948
f 528/1085/947 425/1086/948 518/1087/949
f 518/1087/949 425/1086/948 422/1088/950
f 518/1087/949 422/1088/950 432/1089/951
f 432/1089/951 422/1088/950 421/1090/952
f 432/1089/951 421/1090/952 433/1091/953
f 433/1091/953 421/1090/952 481/1092/954
f 433/1091/953 481/1092/954 434/1093/955
f 434/1093/955 481/1092/954 480/1094/956
f 434/1093/955 480/1094/956 361/1026/888
f 361/1026/888 480/1094/956 410/1095/957
f 361/1026/888 410/1095/957 377/1022/884
f 377/1022/884 410/1095/957 561/1066/928
f 561/1066/928 410/1095/957 409/1064/926
f 540/1043/905 539/1096/958 538/1041/903
f 377/1097/704 561/1098/959 378/1099/703
f 378/1099/703 561/1098/959 562/1100/960
f 563/1101/961 564/1102/962 557/1103/963
f 557/1103/963 564/1102/962 558/1104/964
f 558/1104/964 564/1102/962 565/1105/965
f 558/1104/964 565/1105/965 559/1106/966
f 559/1106/966 565/1105/965 566/1107/967
f 559/1106/966 566/1107/967 560/1108/968
f 560/1108/968 566/1107/967 562/1109/960
f 560/1108/968 562/1109/960 561/1110/959
f 551/1111/868 567/1112/969 552/1113/869
f 552/1113/869 567/1112/969 553/1114/970
f 553/1114/970 567/1112/969 568/1115/971
f 553/1114/970 568/1115/971 569/1116/972
f 553/1114/970 569/1116/972 554/1117/973
f 554/1117/973 569/1116/972 570/1118/974
f 554/1117/973 570/1118/974 571/1119/975
f 554/1117/973 571/1119/975 555/1120/976
f 555/1120/976 571/1119/975 572/1121/977
f 555/1120/976 572/1121/977 556/1122/978
f 556/1122/978 572/1121/977 573/1123/979
f 573/1124/979 574/1125/980 556/1126/978
f 556/1126/978 574/1125/980 557/1127/963
f 557/1127/963 574/1125/980 575/1128/981
f 557/1127/963 575/1128/981 563/1129/961
f 394/1130/982 393/1131/983 395/1132/984
f 395/1132/984 393/1131/983 382/1133/985
f 395/1132/984 382/1133/985 363/1134/986
f 363/1134/986 382/1133/985 364/1135/987
f 364/1135/987 382/1133/985 381/1136/988
f 364/1135/987 381/1136/988 389/1137/989
f 389/1137/989 381/1136/988 493/1138/990
f 389/1137/989 493/1138/990 390/1139/991
f 390/1139/991 493/1138/990 492/1140/992
f 402/1141/993 401/1142/994 389/1137/989
f 389/1137/989 401/1142/994 364/1135/987
f 363/1134/986 472/1143/995 395/1132/984
f 395/1132/984 472/1143/995 470/1144/996
f 470/1144/996 472/1143/995 471/1145/997
f 424/1146/998 423/1147/999 419/1148/1000
f 419/1148/1000 423/1147/999 386/1149/1001
f 419/1148/1000 386/1149/1001 407/1150/1002
f 407/1150/1002 386/1149/1001 408/1151/1003
f 408/1151/1003 386/1149/1001 385/1152/1004
f 408/1151/1003 385/1152/1004 413/1153/1005
f 413/1153/1005 385/1152/1004 484/1154/1006
f 484/1154/1006 385/1152/1004 486/1155/1007
f 484/1154/1006 486/1155/1007 485/1156/1008
f 412/1157/1009 411/1158/1010 413/1153/1005
f 413/1153/1005 411/1158/1010 408/1151/1003
f 419/1148/1000 407/1150/1002 420/1159/1011
f 420/1159/1011 407/1150/1002 479/1160/1012
f 420/1159/1011 479/1160/1012 478/1161/1013
f 526/1162/1014 431/1163/1015 498/1164/1016
f 498/1164/1016 431/1163/1015 360/1165/1017
f 498/1164/1016 360/1165/1017 445/1166/1018
f 445/1166/1018 360/1165/1017 359/1167/1019
f 445/1166/1018 359/1167/1019 441/1168/1020
f 441/1168/1020 359/1167/1019 520/1169/1021
f 441/1168/1020 520/1169/1021 442/1170/1022
f 442/1170/1022 520/1169/1021 519/1171/1023
f 525/1172/1024 517/1173/1025 526/1162/1014
f 526/1162/1014 517/1173/1025 431/1163/1015
f 430/1174/1026 429/1175/1027 431/1163/1015
f 431/1163/1015 429/1175/1027 360/1165/1017
f 447/1176/1028 446/1177/1029 441/1168/1020
f 441/1168/1020 446/1177/1029 445/1166/1018
f 577/1178/1030 635/1179/1031 576/1180/1032
f 576/1180/1032 635/1179/1031 636/1181/1033
f 576/1180/1032 636/1181/1033 615/1182/1034
f 615/1182/1034 636/1181/1033 637/1183/1035
f 615/1182/1034 637/1183/1035 614/1184/1036
f 614/1184/1036 637/1183/1035 638/1185/1037
f 614/1184/1036 638/1185/1037 613/1186/1038
f 613/1186/1038 638/1185/1037 639/1187/1039
f 613/1186/1038 639/1187/1039 612/1188/1040
f 612/1188/1040 639/1187/1039 640/1189/1041
f 612/1188/1040 640/1189/1041 611/1190/1042
f 611/1190/1042 640/1189/1041 641/1191/1043
f 611/1190/1042 641/1191/1043 610/1192/1044
f 610/1192/1044 641/1191/1043 642/1193/1045
f 610/1192/1044 642/1193/1045 609/1194/1046
f 609/1194/1046 642/1193/1045 643/1195/1047
f 609/1194/1046 643/1195/1047 676/1196/1048
f 676/1196/1048 643/1195/1047 675/1197/1049
f 675/1197/1049 643/1195/1047 644/1198/1050
f 675/1197/1049 644/1198/1050 645/1199/1051
f 635/1179/1031 577/1178/1030 634/1200/1052
f 634/1200/1052 577/1178/1030 578/1201/1053
f 634/1200/1052 578/1201/1053 633/1202/1054
f 633/1202/1054 578/1201/1053 579/1203/1055
f 633/1202/1054 579/1203/1055 632/1204/1056
f 632/1204/1056 579/1203/1055 580/1205/1057
f 632/1204/1056 580/1205/1057 631/1206/1058
f 631/1206/1058 580/1205/1057 581/1207/1059
f 631/1206/1058 581/1207/1059 630/1208/1060
f 630/1208/1060 581/1207/1059 582/1209/1061
f 630/1208/1060 582/1209/1061 562/1210/1062
f 562/1210/1062 582/1209/1061 378/1211/1063
f 378/1211/1063 582/1209/1061 583/1212/1064
f 378/1211/1063 583/1212/1064 584/1213/1065
f 584/1213/1065 585/1214/1066 378/1211/1063
f 378/1211/1063 585/1214/1066 379/1215/1067
f 379/1215/1067 585/1214/1066 586/1216/1068
f 379/1215/1067 586/1216/1068 695/1217/1069
f 695/1217/1069 586/1216/1068 694/1218/1070
f 694/1218/1070 586/1216/1068 587/1219/1071
f 694/1218/1070 587/1219/1071 693/1220/1072
f 693/1220/1072 587/1219/1071 588/1221/1073
f 693/1220/1072 588/1221/1073 692/1222/1074
f 692/1222/1074 588/1221/1073 589/1223/1075
f 692/1222/1074 589/1223/1075 691/1224/1076
f 691/1224/1076 589/1223/1075 590/1225/1077
f 691/1224/1076 590/1225/1077 690/1226/1078
f 690/1226/1078 590/1225/1077 591/1227/1079
f 690/1226/1078 591/1227/1079 592/1228/1080
f 690/1226/1078 592/1228/1080 689/1229/1081
f 689/1229/1081 592/1228/1080 593/1230/1082
f 689/1229/1081 593/1230/1082 688/1231/1083
f 688/1231/1083 593/1230/1082 594/1232/1084
f 688/1231/1083 594/1232/1084 595/1233/1085
f 688/1231/1083 595/1233/1085 687/1234/1086
f 687/1234/1086 595/1233/1085 596/1235/1087
f 687/1234/1086 596/1235/1087 686/1236/1088
f 686/1236/1088 596/1235/1087 597/1237/1089
f 686/1236/1088 597/1237/1089 685/1238/1090
f 685/1238/1090 597/1237/1089 598/1239/1091
f 685/1238/1090 598/1239/1091 599/1240/1092
f 685/1238/1090 599/1240/1092 684/1241/1093
f 684/1241/1093 599/1240/1092 600/1242/1094
f 684/1241/1093 600/1242/1094 683/1243/1095
f 683/1243/1095 600/1242/1094 601/1244/1096
f 683/1243/1095 601/1244/1096 682/1245/1097
f 682/1245/1097 601/1244/1096 602/1246/1098
f 682/1245/1097 602/1246/1098 603/1247/1099
f 682/1245/1097 603/1247/1099 681/1248/1100
f 681/1248/1100 603/1247/1099 604/1249/1101
f 681/1248/1100 604/1249/1101 680/1250/1102
f 680/1250/1102 604/1249/1101 605/1251/1103
f 680/1250/1102 605/1251/1103 679/1252/1104
f 679/1252/1104 605/1251/1103 606/1253/1105
f 679/1252/1104 606/1253/1105 678/1254/1106
f 678/1254/1106 606/1253/1105 677/1255/1107
f 677/1255/1107 606/1253/1105 607/1256/1108
f 677/1255/1107 607/1256/1108 676/1196/1048
f 676/1196/1048 607/1256/1108 608/1257/1109
f 676/1196/1048 608/1257/1109 609/1194/1046
f 617/1258/1110 664/1259/1111 616/1260/1112
f 616/1260/1112 664/1259/1111 665/1261/1113
f 616/1260/1112 665/1261/1113 655/1262/1114
f 655/1262/1114 665/1261/1113 666/1263/1115
f 655/1262/1114 666/1263/1115 654/1264/1116
f 654/1264/1116 666/1263/1115 653/1265/1117
f 653/1265/1117 666/1263/1115 667/1266/1118
f 653/1265/1117 667/1266/1118 652/1267/1119
f 652/1267/1119 667/1266/1118 668/1268/1120
f 652/1267/1119 668/1268/1120 651/1269/1121
f 651/1269/1121 668/1268/1120 669/1270/1122
f 651/1269/1121 669/1270/1122 650/1271/1123
f 650/1271/1123 669/1270/1122 649/1272/1124
f 649/1272/1124 669/1270/1122 670/1273/1125
f 649/1272/1124 670/1273/1125 648/1274/1126
f 648/1274/1126 670/1273/1125 671/1275/1127
f 648/1274/1126 671/1275/1127 647/1276/1128
f 647/1276/1128 671/1275/1127 672/1277/1129
f 647/1276/1128 672/1277/1129 646/1278/1130
f 646/1278/1130 672/1277/1129 673/1279/1131
f 646/1278/1130 673/1279/1131 674/1280/1132
f 664/1259/1111 617/1258/1110 663/1281/1133
f 663/1281/1133 617/1258/1110 618/1282/1134
f 663/1281/1133 618/1282/1134 619/1283/1135
f 663/1281/1133 619/1283/1135 662/1284/1136
f 662/1284/1136 619/1283/1135 620/1285/1137
f 662/1284/1136 620/1285/1137 661/1286/1138
f 661/1286/1138 620/1285/1137 621/1287/1139
f 661/1286/1138 621/1287/1139 622/1288/1140
f 661/1286/1138 622/1288/1140 660/1289/1141
f 660/1289/1141 622/1288/1140 623/1290/1142
f 660/1289/1141 623/1290/1142 659/1291/1143
f 659/1291/1143 623/1290/1142 624/1292/1144
f 659/1291/1143 624/1292/1144 658/1293/1145
f 658/1293/1145 624/1292/1144 625/1294/1146
f 658/1293/1145 625/1294/1146 657/1295/1147
f 657/1295/1147 625/1294/1146 626/1296/1148
f 657/1295/1147 626/1296/1148 656/1297/1149
f 656/1297/1149 626/1296/1148 566/1298/1150
f 656/1297/1149 566/1298/1150 565/1299/1151
f 626/1296/1148 627/1300/1152 566/1298/1150
f 566/1298/1150 627/1300/1152 562/1210/1062
f 562/1210/1062 627/1300/1152 628/1301/1153
f 562/1210/1062 628/1301/1153 629/1302/1154
f 629/1302/1154 630/1208/1060 562/1210/1062
f 675/1197/1049 645/1199/1051 674/1280/1132
f 674/1280/1132 645/1199/1051 646/1278/1130
f 373/1303/1155 380/1304/1156 695/1217/1069
f 695/1217/1069 380/1304/1156 379/1215/1067
f 565/1299/1151 564/1305/1157 656/1297/1149
f 506/1306/1158 505/1307/1159 500/1308/1160
f 500/1308/1160 505/1307/1159 455/1309/1161
f 500/1308/1160 455/1309/1161 453/1310/1162
f 453/1310/1162 455/1309/1161 454/1311/1163
f 455/1309/1161 505/1307/1159 456/1312/1164
f 456/1312/1164 505/1307/1159 504/1313/1165
f 456/1312/1164 504/1313/1165 457/1314/1166
f 457/1314/1166 504/1313/1165 503/1315/1167
f 457/1314/1166 503/1315/1167 437/1316/1168
f 437/1316/1168 503/1315/1167 438/1317/1169
f 438/1317/1169 503/1315/1167 502/1318/1170
f 437/1316/1168 458/1319/1171 457/1314/1166
f 373/1320/1172 777/1321/1173 367/1322/1174
f 367/1322/1174 777/1321/1173 778/1323/1175
f 367/1322/1174 778/1323/1175 368/1324/1176
f 368/1324/1176 778/1323/1175 369/1325/1177
f 369/1325/1177 778/1323/1175 781/1326/1178
f 369/1325/1177 781/1326/1178 782/1327/1179
f 782/1327/1179 781/1326/1178 801/1328/1180
f 782/1327/1179 801/1328/1180 802/1329/1181
f 802/1329/1181 801/1328/1180 824/1330/1182
f 802/1329/1181 824/1330/1182 825/1331/1183
f 825/1331/1183 824/1330/1182 852/1332/1184
f 825/1331/1183 852/1332/1184 853/1333/1185
f 853/1333/1185 852/1332/1184 877/1334/1186
f 853/1333/1185 877/1334/1186 878/1335/1187
f 878/1335/1187 877/1334/1186 902/1336/1188
f 878/1335/1187 902/1336/1188 903/1337/1189
f 903/1337/1189 902/1336/1188 927/1338/1190
f 903/1337/1189 927/1338/1190 928/1339/1191
f 928/1339/1191 927/1338/1190 952/1340/1192
f 928/1339/1191 952/1340/1192 953/1341/1193
f 953/1341/1193 952/1340/1192 977/1342/1194
f 953/1341/1193 977/1342/1194 978/1343/1195
f 978/1343/1195 977/1342/1194 1002/1344/1196
f 978/1343/1195 1002/1344/1196 1003/1345/1197
f 1003/1345/1197 1002/1344/1196 1026/1346/1198
f 1003/1345/1197 1026/1346/1198 746/1347/1199
f 373/1320/1172 695/1348/1200 777/1321/1173
f 777/1321/1173 695/1348/1200 694/1349/1201
f 777/1321/1173 694/1349/1201 780/1350/1202
f 780/1350/1202 694/1349/1201 779/1351/1203
f 780/1350/1202 779/1351/1203 799/1352/1204
f 799/1352/1204 779/1351/1203 798/1353/1205
f 799/1352/1204 798/1353/1205 821/1354/1206
f 821/1354/1206 798/1353/1205 820/1355/1207
f 821/1354/1206 820/1355/1207 848/1356/1208
f 848/1356/1208 820/1355/1207 847/1357/1209
f 848/1356/1208 847/1357/1209 872/1358/1210
f 872/1358/1210 847/1357/1209 871/1359/1211
f 872/1358/1210 871/1359/1211 896/1360/1212
f 896/1360/1212 871/1359/1211 895/1361/1213
f 896/1360/1212 895/1361/1213 920/1362/1214
f 920/1362/1214 895/1361/1213 919/1363/1215
f 920/1362/1214 919/1363/1215 944/1364/1216
f 944/1364/1216 919/1363/1215 943/1365/1217
f 944/1364/1216 943/1365/1217 968/1366/1218
f 968/1366/1218 943/1365/1217 967/1367/1219
f 968/1366/1218 967/1367/1219 992/1368/1220
f 992/1368/1220 967/1367/1219 991/1369/1221
f 992/1368/1220 991/1369/1221 1015/1370/1222
f 1015/1370/1222 991/1369/1221 1014/1371/1223
f 1015/1370/1222 1014/1371/1223 1062/1372/1224
f 1062/1372/1224 1014/1371/1223 1063/1373/1225
f 1062/1372/1224 1063/1373/1225 1039/1374/1226
f 1039/1374/1226 1063/1373/1225 1038/1375/1227
f 1039/1374/1226 1038/1375/1227 1087/1376/1228
f 1087/1376/1228 1038/1375/1227 1086/1377/1229
f 1087/1376/1228 1086/1377/1229 1111/1378/1230
f 1111/1378/1230 1086/1377/1229 1110/1379/1231
f 1111/1378/1230 1110/1379/1231 1135/1380/1232
f 1135/1380/1232 1110/1379/1231 1134/1381/1233
f 1135/1380/1232 1134/1381/1233 1159/1382/1234
f 1159/1382/1234 1134/1381/1233 1158/1383/1235
f 1159/1382/1234 1158/1383/1235 1183/1384/1236
f 1183/1384/1236 1158/1383/1235 1182/1385/1237
f 1183/1384/1236 1182/1385/1237 1207/1386/1238
f 1207/1386/1238 1182/1385/1237 1206/1387/1239
f 1207/1386/1238 1206/1387/1239 1255/1388/1240
f 1255/1388/1240 1206/1387/1239 1256/1389/1241
f 1255/1388/1240 1256/1389/1241 1229/1390/1242
f 1229/1390/1242 1256/1389/1241 1228/1391/1243
f 1229/1390/1242 1228/1391/1243 1277/1392/1244
f 1277/1392/1244 1228/1391/1243 1276/1393/1245
f 1277/1392/1244 1276/1393/1245 1301/1394/1246
f 1301/1394/1246 1276/1393/1245 1300/1395/1247
f 1301/1394/1246 1300/1395/1247 1325/1396/1248
f 1325/1396/1248 1300/1395/1247 1324/1397/1249
f 1325/1396/1248 1324/1397/1249 1349/1398/1250
f 1349/1398/1250 1324/1397/1249 1348/1399/1251
f 1349/1398/1250 1348/1399/1251 1373/1400/1252
f 1373/1400/1252 1348/1399/1251 1372/1401/1253
f 1373/1400/1252 1372/1401/1253 1397/1402/1254
f 1397/1402/1254 1372/1401/1253 1396/1403/1255
f 1397/1402/1254 1396/1403/1255 1420/1404/1256
f 1420/1404/1256 1396/1403/1255 1419/1405/1257
f 1420/1404/1256 1419/1405/1257 1471/1406/1258
f 1471/1406/1258 1419/1405/1257 1472/1407/1259
f 1471/1406/1258 1472/1407/1259 1444/1408/1260
f 1444/1408/1260 1472/1407/1259 1443/1409/1261
f 1444/1408/1260 1443/1409/1261 1492/1410/1262
f 1492/1410/1262 1443/1409/1261 1491/1411/1263
f 1492/1410/1262 1491/1411/1263 1516/1412/1264
f 1516/1412/1264 1491/1411/1263 1515/1413/1265
f 1516/1412/1264 1515/1413/1265 1540/1414/1266
f 1540/1414/1266 1515/1413/1265 1539/1415/1267
f 1540/1414/1266 1539/1415/1267 1564/1416/1268
f 1564/1416/1268 1539/1415/1267 1563/1417/1269
f 1564/1416/1268 1563/1417/1269 1588/1418/1270
f 1588/1418/1270 1563/1417/1269 1587/1419/1271
f 1588/1418/1270 1587/1419/1271 1612/1420/1272
f 1612/1420/1272 1587/1419/1271 1611/1421/1273
f 1612/1420/1272 1611/1421/1273 1663/1422/1274
f 1663/1422/1274 1611/1421/1273 1664/1423/1275
f 1663/1422/1274 1664/1423/1275 1636/1424/1276
f 1636/1424/1276 1664/1423/1275 1635/1425/1277
f 1636/1424/1276 1635/1425/1277 1684/1426/1278
f 1684/1426/1278 1635/1425/1277 1683/1427/1279
f 1684/1426/1278 1683/1427/1279 1708/1428/1280
f 1708/1428/1280 1683/1427/1279 1707/1429/1281
f 1708/1428/1280 1707/1429/1281 1732/1430/1282
f 1732/1430/1282 1707/1429/1281 1731/1431/1283
f 1732/1430/1282 1731/1431/1283 1756/1432/1284
f 1756/1432/1284 1731/1431/1283 1755/1433/1285
f 1756/1432/1284 1755/1433/1285 1780/1434/1286
f 1780/1434/1286 1755/1433/1285 1779/1435/1287
f 1780/1434/1286 1779/1435/1287 1804/1436/1288
f 1804/1436/1288 1779/1435/1287 1803/1437/1289
f 1804/1436/1288 1803/1437/1289 1828/1438/1290
f 1828/1438/1290 1803/1437/1289 1827/1439/1291
f 1828/1438/1290 1827/1439/1291 757/1440/1292
f 757/1440/1292 1827/1439/1291 756/1441/1293
f 757/1442/1292 756/1443/1293 1852/1444/1294
f 1852/1444/1294 756/1443/1293 1851/1445/1295
f 1852/1444/1294 1851/1445/1295 1876/1446/1296
f 1876/1446/1296 1851/1445/1295 1875/1447/1297
f 1876/1446/1296 1875/1447/1297 1900/1448/1298
f 1900/1448/1298 1875/1447/1297 1899/1449/1299
f 1900/1448/1298 1899/1449/1299 1924/1450/1300
f 1924/1450/1300 1899/1449/1299 1923/1451/1301
f 1924/1450/1300 1923/1451/1301 1948/1452/1302
f 1948/1452/1302 1923/1451/1301 1947/1453/1303
f 1948/1452/1302 1947/1453/1303 1972/1454/1304
f 1972/1454/1304 1947/1453/1303 1971/1455/1305
f 1972/1454/1304 1971/1455/1305 1996/1456/1306
f 1996/1456/1306 1971/1455/1305 1995/1457/1307
f 1996/1456/1306 1995/1457/1307 2039/1458/1308
f 2039/1458/1308 1995/1457/1307 2040/1459/1309
f 2039/1458/1308 2040/1459/1309 662/1460/1310
f 662/1460/1310 2040/1459/1309 663/1461/1311
f 663/1461/1311 2040/1459/1309 2041/1462/1312
f 663/1461/1311 2041/1462/1312 664/1463/1313
f 664/1463/1313 2041/1462/1312 2042/1464/1314
f 664/1463/1313 2042/1464/1314 665/1465/1315
f 665/1465/1315 2042/1464/1314 2043/1466/1316
f 665/1465/1315 2043/1466/1316 666/1467/1317
f 666/1467/1317 2043/1466/1316 2044/1468/1318
f 666/1467/1317 2044/1468/1318 667/1469/1319
f 667/1469/1319 2044/1468/1318 668/1470/1320
f 668/1470/1320 2044/1468/1318 2045/1471/1321
f 668/1470/1320 2045/1471/1321 669/1472/1322
f 669/1472/1322 2045/1471/1321 2046/1473/1323
f 669/1472/1322 2046/1473/1323 670/1474/1324
f 670/1474/1324 2046/1473/1323 2047/1475/1325
f 670/1474/1324 2047/1475/1325 2012/1476/1326
f 2012/1476/1326 2047/1475/1325 2048/1477/1327
f 2012/1476/1326 2048/1477/1327 2011/1478/1328
f 2011/1478/1328 2048/1477/1327 2049/1479/1329
f 2011/1478/1328 2049/1479/1329 2010/1480/1330
f 2010/1480/1330 2049/1479/1329 743/1481/1331
f 2010/1480/1330 743/1481/1331 744/1482/1332
f 694/1349/1201 693/1483/1333 779/1351/1203
f 779/1351/1203 693/1483/1333 798/1353/1205
f 798/1353/1205 693/1483/1333 797/1484/1334
f 797/1484/1334 693/1483/1333 692/1485/1335
f 797/1484/1334 692/1485/1335 796/1486/1336
f 796/1486/1336 692/1485/1335 691/1487/1337
f 796/1486/1336 691/1487/1337 690/1488/1338
f 689/1489/1339 818/1490/1340 690/1488/1338
f 690/1488/1338 818/1490/1340 819/1491/1341
f 690/1488/1338 819/1491/1341 796/1486/1336
f 796/1486/1336 819/1491/1341 797/1484/1334
f 818/1490/1340 689/1489/1339 817/1492/1342
f 817/1492/1342 689/1489/1339 688/1493/1343
f 817/1492/1342 688/1493/1343 816/1494/1344
f 816/1494/1344 688/1493/1343 687/1495/1345
f 816/1494/1344 687/1495/1345 815/1496/1346
f 815/1496/1346 687/1495/1345 686/1497/1347
f 815/1496/1346 686/1497/1347 814/1498/1348
f 814/1498/1348 686/1497/1347 685/1499/1349
f 814/1498/1348 685/1499/1349 813/1500/1350
f 813/1500/1350 685/1499/1349 684/1501/1351
f 813/1500/1350 684/1501/1351 683/1502/1352
f 813/1500/1350 683/1502/1352 812/1503/1353
f 812/1503/1353 683/1502/1352 682/1504/1354
f 812/1503/1353 682/1504/1354 811/1505/1355
f 811/1505/1355 682/1504/1354 681/1506/1356
f 811/1505/1355 681/1506/1356 810/1507/1357
f 810/1507/1357 681/1506/1356 832/1508/1358
f 810/1507/1357 832/1508/1358 809/1509/1359
f 809/1509/1359 832/1508/1358 833/1510/1360
f 809/1509/1359 833/1510/1360 808/1511/1361
f 808/1511/1361 833/1510/1360 834/1512/1362
f 808/1511/1361 834/1512/1362 698/1513/1363
f 698/1513/1363 834/1512/1362 697/1514/1364
f 697/1514/1364 834/1512/1362 835/1515/1365
f 697/1514/1364 835/1515/1365 696/1516/1366
f 696/1516/1366 835/1515/1365 677/1517/1367
f 696/1516/1366 677/1517/1367 676/1518/1368
f 681/1506/1356 680/1519/1369 832/1508/1358
f 832/1508/1358 680/1519/1369 833/1510/1360
f 680/1519/1369 679/1520/1370 833/1510/1360
f 833/1510/1360 679/1520/1370 834/1512/1362
f 679/1520/1370 678/1521/1371 834/1512/1362
f 834/1512/1362 678/1521/1371 835/1515/1365
f 678/1521/1371 677/1517/1367 835/1515/1365
f 808/1511/1361 698/1513/1363 836/1522/1372
f 836/1522/1372 698/1513/1363 699/1523/1373
f 836/1522/1372 699/1523/1373 860/1524/1374
f 860/1524/1374 699/1523/1373 700/1525/1375
f 860/1524/1374 700/1525/1375 884/1526/1376
f 884/1526/1376 700/1525/1375 701/1527/1377
f 884/1526/1376 701/1527/1377 908/1528/1378
f 908/1528/1378 701/1527/1377 702/1529/1379
f 908/1528/1378 702/1529/1379 932/1530/1380
f 932/1530/1380 702/1529/1379 703/1531/1381
f 932/1530/1380 703/1531/1381 956/1532/1382
f 956/1532/1382 703/1531/1381 704/1533/1383
f 956/1532/1382 704/1533/1383 980/1534/1384
f 980/1534/1384 704/1533/1383 705/1535/1385
f 980/1534/1384 705/1535/1385 775/1536/1386
f 775/1536/1386 705/1535/1385 706/1537/1387
f 775/1536/1386 706/1537/1387 1074/1538/1388
f 1074/1538/1388 706/1537/1387 1027/1539/1389
f 1074/1538/1388 1027/1539/1389 1028/1540/1390
f 1028/1540/1390 1027/1539/1389 1076/1541/1391
f 1028/1540/1390 1076/1541/1391 1077/1542/1392
f 1077/1542/1392 1076/1541/1391 1101/1543/1393
f 1077/1542/1392 1101/1543/1393 1102/1544/1394
f 1102/1544/1394 1101/1543/1393 1126/1545/1395
f 1102/1544/1394 1126/1545/1395 1127/1546/1396
f 1127/1546/1396 1126/1545/1395 1151/1547/1397
f 1127/1546/1396 1151/1547/1397 1152/1548/1398
f 1152/1548/1398 1151/1547/1397 1176/1549/1399
f 1152/1548/1398 1176/1549/1399 1177/1550/1400
f 1177/1550/1400 1176/1549/1399 1201/1551/1401
f 1177/1550/1400 1201/1551/1401 1202/1552/1402
f 1202/1552/1402 1201/1551/1401 1260/1553/1403
f 1202/1552/1402 1260/1553/1403 1259/1554/1404
f 1259/1554/1404 1260/1553/1403 1225/1555/1405
f 1259/1554/1404 1225/1555/1405 1226/1556/1406
f 1226/1556/1406 1225/1555/1405 1274/1557/1407
f 1226/1556/1406 1274/1557/1407 1275/1558/1408
f 1275/1558/1408 1274/1557/1407 1299/1559/1409
f 1275/1558/1408 1299/1559/1409 1300/1395/1247
f 1300/1395/1247 1299/1559/1409 1324/1397/1249
f 706/1537/1387 707/1560/1410 1027/1539/1389
f 1027/1539/1389 707/1560/1410 1075/1561/1411
f 1027/1539/1389 1075/1561/1411 1076/1541/1391
f 1076/1541/1391 1075/1561/1411 1100/1562/1412
f 1076/1541/1391 1100/1562/1412 1101/1543/1393
f 1101/1543/1393 1100/1562/1412 1125/1563/1413
f 1101/1543/1393 1125/1563/1413 1126/1545/1395
f 1126/1545/1395 1125/1563/1413 1150/1564/1414
f 1126/1545/1395 1150/1564/1414 1151/1547/1397
f 1151/1547/1397 1150/1564/1414 1175/1565/1415
f 1151/1547/1397 1175/1565/1415 1176/1549/1399
f 1176/1549/1399 1175/1565/1415 1200/1566/1416
f 1176/1549/1399 1200/1566/1416 1201/1551/1401
f 1201/1551/1401 1200/1566/1416 1261/1567/1417
f 1201/1551/1401 1261/1567/1417 1260/1553/1403
f 1260/1553/1403 1261/1567/1417 1224/1568/1418
f 1260/1553/1403 1224/1568/1418 1225/1555/1405
f 1225/1555/1405 1224/1568/1418 1273/1569/1419
f 1225/1555/1405 1273/1569/1419 1274/1557/1407
f 1274/1557/1407 1273/1569/1419 1298/1570/1420
f 1274/1557/1407 1298/1570/1420 1299/1559/1409
f 1299/1559/1409 1298/1570/1420 1323/1571/1421
f 1299/1559/1409 1323/1571/1421 1324/1397/1249
f 1324/1397/1249 1323/1571/1421 1348/1399/1251
f 707/1560/1410 708/1572/1422 1075/1561/1411
f 1075/1561/1411 708/1572/1422 1099/1573/1423
f 1075/1561/1411 1099/1573/1423 1100/1562/1412
f 1100/1562/1412 1099/1573/1423 1124/1574/1424
f 1100/1562/1412 1124/1574/1424 1125/1563/1413
f 1125/1563/1413 1124/1574/1424 1149/1575/1425
f 1125/1563/1413 1149/1575/1425 1150/1564/1414
f 1150/1564/1414 1149/1575/1425 1174/1576/1426
f 1150/1564/1414 1174/1576/1426 1175/1565/1415
f 1175/1565/1415 1174/1576/1426 1199/1577/1427
f 1175/1565/1415 1199/1577/1427 1200/1566/1416
f 1200/1566/1416 1199/1577/1427 1262/1578/1428
f 1200/1566/1416 1262/1578/1428 1261/1567/1417
f 1261/1567/1417 1262/1578/1428 1223/1579/1429
f 1261/1567/1417 1223/1579/1429 1224/1568/1418
f 1224/1568/1418 1223/1579/1429 1272/1580/1430
f 1224/1568/1418 1272/1580/1430 1273/1569/1419
f 1273/1569/1419 1272/1580/1430 1297/1581/1431
f 1273/1569/1419 1297/1581/1431 1298/1570/1420
f 1298/1570/1420 1297/1581/1431 1322/1582/1432
f 1298/1570/1420 1322/1582/1432 1323/1571/1421
f 1323/1571/1421 1322/1582/1432 1347/1583/1433
f 1323/1571/1421 1347/1583/1433 1348/1399/1251
f 1348/1399/1251 1347/1583/1433 1372/1401/1253
f 708/1572/1422 709/1584/1434 1099/1573/1423
f 1099/1573/1423 709/1584/1434 1123/1585/1435
f 1099/1573/1423 1123/1585/1435 1124/1574/1424
f 1124/1574/1424 1123/1585/1435 1148/1586/1436
f 1124/1574/1424 1148/1586/1436 1149/1575/1425
f 1149/1575/1425 1148/1586/1436 1173/1587/1437
f 1149/1575/1425 1173/1587/1437 1174/1576/1426
f 1174/1576/1426 1173/1587/1437 1198/1588/1438
f 1174/1576/1426 1198/1588/1438 1199/1577/1427
f 1199/1577/1427 1198/1588/1438 1263/1589/1439
f 1199/1577/1427 1263/1589/1439 1262/1578/1428
f 1262/1578/1428 1263/1589/1439 1222/1590/1440
f 1262/1578/1428 1222/1590/1440 1223/1579/1429
f 1223/1579/1429 1222/1590/1440 1271/1591/1441
f 1223/1579/1429 1271/1591/1441 1272/1580/1430
f 1272/1580/1430 1271/1591/1441 1296/1592/1442
f 1272/1580/1430 1296/1592/1442 1297/1581/1431
f 1297/1581/1431 1296/1592/1442 1321/1593/1443
f 1297/1581/1431 1321/1593/1443 1322/1582/1432
f 1322/1582/1432 1321/1593/1443 1346/1594/1444
f 1322/1582/1432 1346/1594/1444 1347/1583/1433
f 1347/1583/1433 1346/1594/1444 1371/1595/1445
f 1347/1583/1433 1371/1595/1445 1372/1401/1253
f 1372/1401/1253 1371/1595/1445 1396/1403/1255
f 709/1584/1434 710/1596/1446 1123/1585/1435
f 1123/1585/1435 710/1596/1446 1147/1597/1447
f 1123/1585/1435 1147/1597/1447 1148/1586/1436
f 1148/1586/1436 1147/1597/1447 1172/1598/1448
f 1148/1586/1436 1172/1598/1448 1173/1587/1437
f 1173/1587/1437 1172/1598/1448 1197/1599/1449
f 1173/1587/1437 1197/1599/1449 1198/1588/1438
f 1198/1588/1438 1197/1599/1449 1264/1600/1450
f 1198/1588/1438 1264/1600/1450 1263/1589/1439
f 1263/1589/1439 1264/1600/1450 1221/1601/1451
f 1263/1589/1439 1221/1601/1451 1222/1590/1440
f 1222/1590/1440 1221/1601/1451 1270/1602/1452
f 1222/1590/1440 1270/1602/1452 1271/1591/1441
f 1271/1591/1441 1270/1602/1452 1295/1603/1453
f 1271/1591/1441 1295/1603/1453 1296/1592/1442
f 1296/1592/1442 1295/1603/1453 1320/1604/1454
f 1296/1592/1442 1320/1604/1454 1321/1593/1443
f 1321/1593/1443 1320/1604/1454 1345/1605/1455
f 1321/1593/1443 1345/1605/1455 1346/1594/1444
f 1346/1594/1444 1345/1605/1455 1370/1606/1456
f 1346/1594/1444 1370/1606/1456 1371/1595/1445
f 1371/1595/1445 1370/1606/1456 1395/1607/1457
f 1371/1595/1445 1395/1607/1457 1396/1403/1255
f 1396/1403/1255 1395/1607/1457 1419/1405/1257
f 710/1596/1446 711/1608/1458 1147/1597/1447
f 1147/1597/1447 711/1608/1458 1171/1609/1459
f 1147/1597/1447 1171/1609/1459 1172/1598/1448
f 1172/1598/1448 1171/1609/1459 1196/1610/1460
f 1172/1598/1448 1196/1610/1460 1197/1599/1449
f 1197/1599/1449 1196/1610/1460 1265/1611/1461
f 1197/1599/1449 1265/1611/1461 1264/1600/1450
f 1264/1600/1450 1265/1611/1461 1220/1612/1462
f 1264/1600/1450 1220/1612/1462 1221/1601/1451
f 1221/1601/1451 1220/1612/1462 1269/1613/1463
f 1221/1601/1451 1269/1613/1463 1270/1602/1452
f 1270/1602/1452 1269/1613/1463 1294/1614/1464
f 1270/1602/1452 1294/1614/1464 1295/1603/1453
f 1295/1603/1453 1294/1614/1464 1319/1615/1465
f 1295/1603/1453 1319/1615/1465 1320/1604/1454
f 1320/1604/1454 1319/1615/1465 1344/1616/1466
f 1320/1604/1454 1344/1616/1466 1345/1605/1455
f 1345/1605/1455 1344/1616/1466 1369/1617/1467
f 1345/1605/1455 1369/1617/1467 1370/1606/1456
f 1370/1606/1456 1369/1617/1467 1394/1618/1468
f 1370/1606/1456 1394/1618/1468 1395/1607/1457
f 1395/1607/1457 1394/1618/1468 1418/1619/1469
f 1395/1607/1457 1418/1619/1469 1419/1405/1257
f 1419/1405/1257 1418/1619/1469 1472/1407/1259
f 711/1608/1458 712/1620/1470 1171/1609/1459
f 1171/1609/1459 712/1620/1470 1195/1621/1471
f 1171/1609/1459 1195/1621/1471 1196/1610/1460
f 1196/1610/1460 1195/1621/1471 1266/1622/1472
f 1196/1610/1460 1266/1622/1472 1265/1611/1461
f 1265/1611/1461 1266/1622/1472 1219/1623/1473
f 1265/1611/1461 1219/1623/1473 1220/1612/1462
f 1220/1612/1462 1219/1623/1473 1268/1624/1474
f 1220/1612/1462 1268/1624/1474 1269/1613/1463
f 1269/1613/1463 1268/1624/1474 1293/1625/1475
f 1269/1613/1463 1293/1625/1475 1294/1614/1464
f 1294/1614/1464 1293/1625/1475 1318/1626/1476
f 1294/1614/1464 1318/1626/1476 1319/1615/1465
f 1319/1615/1465 1318/1626/1476 1343/1627/1477
f 1319/1615/1465 1343/1627/1477 1344/1616/1466
f 1344/1616/1466 1343/1627/1477 1368/1628/1478
f 1344/1616/1466 1368/1628/1478 1369/1617/1467
f 1369/1617/1467 1368/1628/1478 1393/1629/1479
f 1369/1617/1467 1393/1629/1479 1394/1618/1468
f 1394/1618/1468 1393/1629/1479 1417/1630/1480
f 1394/1618/1468 1417/1630/1480 1418/1619/1469
f 1418/1619/1469 1417/1630/1480 1473/1631/1481
f 1418/1619/1469 1473/1631/1481 1472/1407/1259
f 1472/1407/1259 1473/1631/1481 1443/1409/1261
f 712/1620/1470 713/1632/1482 1195/1621/1471
f 1195/1621/1471 713/1632/1482 1266/1622/1472
f 1266/1622/1472 713/1632/1482 1219/1623/1473
f 1219/1623/1473 713/1632/1482 714/1633/1483
f 1219/1623/1473 714/1633/1483 1267/1634/1484
f 1267/1634/1484 714/1633/1483 715/1635/1485
f 1267/1634/1484 715/1635/1485 1291/1636/1486
f 1291/1636/1486 715/1635/1485 716/1637/1487
f 1291/1636/1486 716/1637/1487 1315/1638/1488
f 1315/1638/1488 716/1637/1487 717/1639/1489
f 1315/1638/1488 717/1639/1489 1339/1640/1490
f 1339/1640/1490 717/1639/1489 718/1641/1491
f 1339/1640/1490 718/1641/1491 1363/1642/1492
f 1363/1642/1492 718/1641/1491 719/1643/1493
f 1363/1642/1492 719/1643/1493 1387/1644/1494
f 1387/1644/1494 719/1643/1493 720/1645/1495
f 1387/1644/1494 720/1645/1495 776/1646/1496
f 776/1646/1496 720/1645/1495 721/1647/1497
f 776/1646/1496 721/1647/1497 1481/1648/1498
f 1481/1648/1498 721/1647/1497 1434/1649/1499
f 1481/1648/1498 1434/1649/1499 1435/1650/1500
f 1435/1650/1500 1434/1649/1499 1483/1651/1501
f 1435/1650/1500 1483/1651/1501 1484/1652/1502
f 1484/1652/1502 1483/1651/1501 1508/1653/1503
f 1484/1652/1502 1508/1653/1503 1509/1654/1504
f 1509/1654/1504 1508/1653/1503 1533/1655/1505
f 1509/1654/1504 1533/1655/1505 1534/1656/1506
f 1534/1656/1506 1533/1655/1505 1558/1657/1507
f 1534/1656/1506 1558/1657/1507 1559/1658/1508
f 1559/1658/1508 1558/1657/1507 1583/1659/1509
f 1559/1658/1508 1583/1659/1509 1584/1660/1510
f 1584/1660/1510 1583/1659/1509 1608/1661/1511
f 1584/1660/1510 1608/1661/1511 1609/1662/1512
f 1609/1662/1512 1608/1661/1511 1666/1663/1513
f 1609/1662/1512 1666/1663/1513 1665/1664/1514
f 1665/1664/1514 1666/1663/1513 1634/1665/1515
f 1665/1664/1514 1634/1665/1515 1635/1425/1277
f 1635/1425/1277 1634/1665/1515 1683/1427/1279
f 721/1647/1497 722/1666/1516 1434/1649/1499
f 1434/1649/1499 722/1666/1516 1482/1667/1517
f 1434/1649/1499 1482/1667/1517 1483/1651/1501
f 1483/1651/1501 1482/1667/1517 1507/1668/1518
f 1483/1651/1501 1507/1668/1518 1508/1653/1503
f 1508/1653/1503 1507/1668/1518 1532/1669/1519
f 1508/1653/1503 1532/1669/1519 1533/1655/1505
f 1533/1655/1505 1532/1669/1519 1557/1670/1520
f 1533/1655/1505 1557/1670/1520 1558/1657/1507
f 1558/1657/1507 1557/1670/1520 1582/1671/1521
f 1558/1657/1507 1582/1671/1521 1583/1659/1509
f 1583/1659/1509 1582/1671/1521 1607/1672/1522
f 1583/1659/1509 1607/1672/1522 1608/1661/1511
f 1608/1661/1511 1607/1672/1522 1667/1673/1523
f 1608/1661/1511 1667/1673/1523 1666/1663/1513
f 1666/1663/1513 1667/1673/1523 1633/1674/1524
f 1666/1663/1513 1633/1674/1524 1634/1665/1515
f 1634/1665/1515 1633/1674/1524 1682/1675/1525
f 1634/1665/1515 1682/1675/1525 1683/1427/1279
f 1683/1427/1279 1682/1675/1525 1707/1429/1281
f 722/1666/1516 723/1676/1526 1482/1667/1517
f 1482/1667/1517 723/1676/1526 1506/1677/1527
f 1482/1667/1517 1506/1677/1527 1507/1668/1518
f 1507/1668/1518 1506/1677/1527 1531/1678/1528
f 1507/1668/1518 1531/1678/1528 1532/1669/1519
f 1532/1669/1519 1531/1678/1528 1556/1679/1529
f 1532/1669/1519 1556/1679/1529 1557/1670/1520
f 1557/1670/1520 1556/1679/1529 1581/1680/1530
f 1557/1670/1520 1581/1680/1530 1582/1671/1521
f 1582/1671/1521 1581/1680/1530 1606/1681/1531
f 1582/1671/1521 1606/1681/1531 1607/1672/1522
f 1607/1672/1522 1606/1681/1531 1668/1682/1532
f 1607/1672/1522 1668/1682/1532 1667/1673/1523
f 1667/1673/1523 1668/1682/1532 1632/1683/1533
f 1667/1673/1523 1632/1683/1533 1633/1674/1524
f 1633/1674/1524 1632/1683/1533 1681/1684/1534
f 1633/1674/1524 1681/1684/1534 1682/1675/1525
f 1682/1675/1525 1681/1684/1534 1706/1685/1535
f 1682/1675/1525 1706/1685/1535 1707/1429/1281
f 1707/1429/1281 1706/1685/1535 1731/1431/1283
f 723/1676/1526 724/1686/1536 1506/1677/1527
f 1506/1677/1527 724/1686/1536 1530/1687/1537
f 1506/1677/1527 1530/1687/1537 1531/1678/1528
f 1531/1678/1528 1530/1687/1537 1555/1688/1538
f 1531/1678/1528 1555/1688/1538 1556/1679/1529
f 1556/1679/1529 1555/1688/1538 1580/1689/1539
f 1556/1679/1529 1580/1689/1539 1581/1680/1530
f 1581/1680/1530 1580/1689/1539 1605/1690/1540
f 1581/1680/1530 1605/1690/1540 1606/1681/1531
f 1606/1681/1531 1605/1690/1540 1669/1691/1541
f 1606/1681/1531 1669/1691/1541 1668/1682/1532
f 1668/1682/1532 1669/1691/1541 1631/1692/1542
f 1668/1682/1532 1631/1692/1542 1632/1683/1533
f 1632/1683/1533 1631/1692/1542 1680/1693/1543
f 1632/1683/1533 1680/1693/1543 1681/1684/1534
f 1681/1684/1534 1680/1693/1543 1705/1694/1544
f 1681/1684/1534 1705/1694/1544 1706/1685/1535
f 1706/1685/1535 1705/1694/1544 1730/1695/1545
f 1706/1685/1535 1730/1695/1545 1731/1431/1283
f 1731/1431/1283 1730/1695/1545 1755/1433/1285
f 724/1686/1536 725/1696/1546 1530/1687/1537
f 1530/1687/1537 725/1696/1546 1554/1697/1547
f 1530/1687/1537 1554/1697/1547 1555/1688/1538
f 1555/1688/1538 1554/1697/1547 1579/1698/1548
f 1555/1688/1538 1579/1698/1548 1580/1689/1539
f 1580/1689/1539 1579/1698/1548 1604/1699/1549
f 1580/1689/1539 1604/1699/1549 1605/1690/1540
f 1605/1690/1540 1604/1699/1549 1670/1700/1550
f 1605/1690/1540 1670/1700/1550 1669/1691/1541
f 1669/1691/1541 1670/1700/1550 1630/1701/1551
f 1669/1691/1541 1630/1701/1551 1631/1692/1542
f 1631/1692/1542 1630/1701/1551 1679/1702/1552
f 1631/1692/1542 1679/1702/1552 1680/1693/1543
f 1680/1693/1543 1679/1702/1552 1704/1703/1553
f 1680/1693/1543 1704/1703/1553 1705/1694/1544
f 1705/1694/1544 1704/1703/1553 1729/1704/1554
f 1705/1694/1544 1729/1704/1554 1730/1695/1545
f 1730/1695/1545 1729/1704/1554 1754/1705/1555
f 1730/1695/1545 1754/1705/1555 1755/1433/1285
f 1755/1433/1285 1754/1705/1555 1779/1435/1287
f 725/1696/1546 726/1706/1556 1554/1697/1547
f 1554/1697/1547 726/1706/1556 1578/1707/1557
f 1554/1697/1547 1578/1707/1557 1579/1698/1548
f 1579/1698/1548 1578/1707/1557 1603/1708/1558
f 1579/1698/1548 1603/1708/1558 1604/1699/1549
f 1604/1699/1549 1603/1708/1558 1671/1709/1559
f 1604/1699/1549 1671/1709/1559 1670/1700/1550
f 1670/1700/1550 1671/1709/1559 1629/1710/1560
f 1670/1700/1550 1629/1710/1560 1630/1701/1551
f 1630/1701/1551 1629/1710/1560 1678/1711/1561
f 1630/1701/1551 1678/1711/1561 1679/1702/1552
f 1679/1702/1552 1678/1711/1561 1703/1712/1562
f 1679/1702/1552 1703/1712/1562 1704/1703/1553
f 1704/1703/1553 1703/1712/1562 1728/1713/1563
f 1704/1703/1553 1728/1713/1563 1729/1704/1554
f 1729/1704/1554 1728/1713/1563 1753/1714/1564
f 1729/1704/1554 1753/1714/1564 1754/1705/1555
f 1754/1705/1555 1753/1714/1564 1778/1715/1565
f 1754/1705/1555 1778/1715/1565 1779/1435/1287
f 1779/1435/1287 1778/1715/1565 1803/1437/1289
f 726/1706/1556 727/1716/1566 1578/1707/1557
f 1578/1707/1557 727/1716/1566 1602/1717/1567
f 1578/1707/1557 1602/1717/1567 1603/1708/1558
f 1603/1708/1558 1602/1717/1567 1672/1718/1568
f 1603/1708/1558 1672/1718/1568 1671/1709/1559
f 1671/1709/1559 1672/1718/1568 1628/1719/1569
f 1671/1709/1559 1628/1719/1569 1629/1710/1560
f 1629/1710/1560 1628/1719/1569 1677/1720/1570
f 1629/1710/1560 1677/1720/1570 1678/1711/1561
f 1678/1711/1561 1677/1720/1570 1702/1721/1571
f 1678/1711/1561 1702/1721/1571 1703/1712/1562
f 1703/1712/1562 1702/1721/1571 1727/1722/1572
f 1703/1712/1562 1727/1722/1572 1728/1713/1563
f 1728/1713/1563 1727/1722/1572 1752/1723/1573
f 1728/1713/1563 1752/1723/1573 1753/1714/1564
f 1753/1714/1564 1752/1723/1573 1777/1724/1574
f 1753/1714/1564 1777/1724/1574 1778/1715/1565
f 1778/1715/1565 1777/1724/1574 1802/1725/1575
f 1778/1715/1565 1802/1725/1575 1803/1437/1289
f 1803/1437/1289 1802/1725/1575 1827/1439/1291
f 727/1716/1566 728/1726/1576 1602/1717/1567
f 1602/1717/1567 728/1726/1576 1673/1727/1577
f 1602/1717/1567 1673/1727/1577 1672/1718/1568
f 1672/1718/1568 1673/1727/1577 1627/1728/1578
f 1672/1718/1568 1627/1728/1578 1628/1719/1569
f 1628/1719/1569 1627/1728/1578 1676/1729/1579
f 1628/1719/1569 1676/1729/1579 1677/1720/1570
f 1677/1720/1570 1676/1729/1579 1701/1730/1580
f 1677/1720/1570 1701/1730/1580 1702/1721/1571
f 1702/1721/1571 1701/1730/1580 1726/1731/1581
f 1702/1721/1571 1726/1731/1581 1727/1722/1572
f 1727/1722/1572 1726/1731/1581 1751/1732/1582
f 1727/1722/1572 1751/1732/1582 1752/1723/1573
f 1752/1723/1573 1751/1732/1582 1776/1733/1583
f 1752/1723/1573 1776/1733/1583 1777/1724/1574
f 1777/1724/1574 1776/1733/1583 1801/1734/1584
f 1777/1724/1574 1801/1734/1584 1802/1725/1575
f 1802/1725/1575 1801/1734/1584 1826/1735/1585
f 1802/1725/1575 1826/1735/1585 1827/1439/1291
f 1827/1439/1291 1826/1735/1585 756/1441/1293
f 1673/1727/1577 728/1726/1576 1626/1736/1586
f 1626/1736/1586 728/1726/1576 729/1737/1587
f 1626/1736/1586 729/1737/1587 1674/1738/1588
f 1674/1738/1588 729/1737/1587 730/1739/1589
f 1674/1738/1588 730/1739/1589 1698/1740/1590
f 1698/1740/1590 730/1739/1589 731/1741/1591
f 1698/1740/1590 731/1741/1591 1722/1742/1592
f 1722/1742/1592 731/1741/1591 732/1743/1593
f 1722/1742/1592 732/1743/1593 1746/1744/1594
f 1746/1744/1594 732/1743/1593 733/1745/1595
f 1746/1744/1594 733/1745/1595 1770/1746/1596
f 1770/1746/1596 733/1745/1595 734/1747/1597
f 1770/1746/1596 734/1747/1597 1794/1748/1598
f 1794/1748/1598 734/1747/1597 735/1749/1599
f 1794/1748/1598 735/1749/1599 1818/1750/1600
f 1818/1751/1600 735/1752/1599 747/1753/1601
f 1818/1750/1600 747/1754/1601 748/1755/1602
f 748/1756/1602 747/1753/1601 1843/1757/1603
f 748/1756/1602 1843/1757/1603 1844/1758/1604
f 1844/1758/1604 1843/1757/1603 1868/1759/1605
f 1844/1758/1604 1868/1759/1605 1869/1760/1606
f 1869/1760/1606 1868/1759/1605 1893/1761/1607
f 1869/1760/1606 1893/1761/1607 1894/1762/1608
f 1894/1762/1608 1893/1761/1607 1918/1763/1609
f 1894/1762/1608 1918/1763/1609 1919/1764/1610
f 1919/1764/1610 1918/1763/1609 1943/1765/1611
f 1919/1764/1610 1943/1765/1611 1944/1766/1612
f 1944/1766/1612 1943/1765/1611 1968/1767/1613
f 1944/1766/1612 1968/1767/1613 1969/1768/1614
f 1969/1768/1614 1968/1767/1613 1993/1769/1615
f 1969/1768/1614 1993/1769/1615 1994/1770/1616
f 1994/1770/1616 1993/1769/1615 2041/1462/1312
f 1994/1770/1616 2041/1462/1312 2040/1459/1309
f 735/1752/1599 736/1771/1617 747/1753/1601
f 747/1753/1601 736/1771/1617 1842/1772/1618
f 747/1753/1601 1842/1772/1618 1843/1757/1603
f 1843/1757/1603 1842/1772/1618 1867/1773/1619
f 1843/1757/1603 1867/1773/1619 1868/1759/1605
f 1868/1759/1605 1867/1773/1619 1892/1774/1620
f 1868/1759/1605 1892/1774/1620 1893/1761/1607
f 1893/1761/1607 1892/1774/1620 1917/1775/1621
f 1893/1761/1607 1917/1775/1621 1918/1763/1609
f 1918/1763/1609 1917/1775/1621 1942/1776/1622
f 1918/1763/1609 1942/1776/1622 1943/1765/1611
f 1943/1765/1611 1942/1776/1622 1967/1777/1623
f 1943/1765/1611 1967/1777/1623 1968/1767/1613
f 1968/1767/1613 1967/1777/1623 1992/1778/1624
f 1968/1767/1613 1992/1778/1624 1993/1769/1615
f 1993/1769/1615 1992/1778/1624 2042/1464/1314
f 1993/1769/1615 2042/1464/1314 2041/1462/1312
f 736/1771/1617 737/1779/1625 1842/1772/1618
f 1842/1772/1618 737/1779/1625 1866/1780/1626
f 1842/1772/1618 1866/1780/1626 1867/1773/1619
f 1867/1773/1619 1866/1780/1626 1891/1781/1627
f 1867/1773/1619 1891/1781/1627 1892/1774/1620
f 1892/1774/1620 1891/1781/1627 1916/1782/1628
f 1892/1774/1620 1916/1782/1628 1917/1775/1621
f 1917/1775/1621 1916/1782/1628 1941/1783/1629
f 1917/1775/1621 1941/1783/1629 1942/1776/1622
f 1942/1776/1622 1941/1783/1629 1966/1784/1630
f 1942/1776/1622 1966/1784/1630 1967/1777/1623
f 1967/1777/1623 1966/1784/1630 1991/1785/1631
f 1967/1777/1623 1991/1785/1631 1992/1778/1624
f 1992/1778/1624 1991/1785/1631 2043/1466/1316
f 1992/1778/1624 2043/1466/1316 2042/1464/1314
f 737/1779/1625 738/1786/1632 1866/1780/1626
f 1866/1780/1626 738/1786/1632 1890/1787/1633
f 1866/1780/1626 1890/1787/1633 1891/1781/1627
f 1891/1781/1627 1890/1787/1633 1915/1788/1634
f 1891/1781/1627 1915/1788/1634 1916/1782/1628
f 1916/1782/1628 1915/1788/1634 1940/1789/1635
f 1916/1782/1628 1940/1789/1635 1941/1783/1629
f 1941/1783/1629 1940/1789/1635 1965/1790/1636
f 1941/1783/1629 1965/1790/1636 1966/1784/1630
f 1966/1784/1630 1965/1790/1636 1990/1791/1637
f 1966/1784/1630 1990/1791/1637 1991/1785/1631
f 1991/1785/1631 1990/1791/1637 2044/1468/1318
f 1991/1785/1631 2044/1468/1318 2043/1466/1316
f 738/1786/1632 739/1792/1638 1890/1787/1633
f 1890/1787/1633 739/1792/1638 1914/1793/1639
f 1890/1787/1633 1914/1793/1639 1915/1788/1634
f 1915/1788/1634 1914/1793/1639 1939/1794/1640
f 1915/1788/1634 1939/1794/1640 1940/1789/1635
f 1940/1789/1635 1939/1794/1640 1964/1795/1641
f 1940/1789/1635 1964/1795/1641 1965/1790/1636
f 1965/1790/1636 1964/1795/1641 1989/1796/1642
f 1965/1790/1636 1989/1796/1642 1990/1791/1637
f 1990/1791/1637 1989/1796/1642 2045/1471/1321
f 1990/1791/1637 2045/1471/1321 2044/1468/1318
f 739/1792/1638 740/1797/1643 1914/1793/1639
f 1914/1793/1639 740/1797/1643 1938/1798/1644
f 1914/1793/1639 1938/1798/1644 1939/1794/1640
f 1939/1794/1640 1938/1798/1644 1963/1799/1645
f 1939/1794/1640 1963/1799/1645 1964/1795/1641
f 1964/1795/1641 1963/1799/1645 1988/1800/1646
f 1964/1795/1641 1988/1800/1646 1989/1796/1642
f 1989/1796/1642 1988/1800/1646 2046/1473/1323
f 1989/1796/1642 2046/1473/1323 2045/1471/1321
f 740/1797/1643 741/1801/1647 1938/1798/1644
f 1938/1798/1644 741/1801/1647 1962/1802/1648
f 1938/1798/1644 1962/1802/1648 1963/1799/1645
f 1963/1799/1645 1962/1802/1648 1987/1803/1649
f 1963/1799/1645 1987/1803/1649 1988/1800/1646
f 1988/1800/1646 1987/1803/1649 2047/1475/1325
f 1988/1800/1646 2047/1475/1325 2046/1473/1323
f 741/1801/1647 742/1804/1650 1962/1802/1648
f 1962/1802/1648 742/1804/1650 1986/1805/1651
f 1962/1802/1648 1986/1805/1651 1987/1803/1649
f 1987/1803/1649 1986/1805/1651 2048/1477/1327
f 1987/1803/1649 2048/1477/1327 2047/1475/1325
f 742/1804/1650 743/1481/1331 1986/1805/1651
f 1986/1805/1651 743/1481/1331 2049/1479/1329
f 1986/1805/1651 2049/1479/1329 2048/1477/1327
f 2010/1480/1330 744/1482/1332 2050/1806/1652
f 2050/1806/1652 744/1482/1332 745/1807/1653
f 2050/1806/1652 745/1807/1653 674/1808/1654
f 674/1808/1654 745/1807/1653 675/1809/1655
f 674/1808/1654 673/1810/1656 2050/1806/1652
f 2050/1806/1652 673/1810/1656 2010/1480/1330
f 673/1810/1656 672/1811/1657 2010/1480/1330
f 2010/1480/1330 672/1811/1657 2011/1478/1328
f 672/1811/1657 671/1812/1658 2011/1478/1328
f 2011/1478/1328 671/1812/1658 2012/1476/1326
f 671/1812/1658 670/1474/1324 2012/1476/1326
f 662/1460/1310 661/1813/1659 2039/1458/1308
f 2039/1458/1308 661/1813/1659 2038/1814/1660
f 2039/1458/1308 2038/1814/1660 1996/1456/1306
f 1996/1456/1306 2038/1814/1660 1997/1815/1661
f 1996/1456/1306 1997/1815/1661 1972/1454/1304
f 1972/1454/1304 1997/1815/1661 1973/1816/1662
f 1972/1454/1304 1973/1816/1662 1948/1452/1302
f 1948/1452/1302 1973/1816/1662 1949/1817/1663
f 1948/1452/1302 1949/1817/1663 1924/1450/1300
f 1924/1450/1300 1949/1817/1663 1925/1818/1664
f 1924/1450/1300 1925/1818/1664 1900/1448/1298
f 1900/1448/1298 1925/1818/1664 1901/1819/1665
f 1900/1448/1298 1901/1819/1665 1876/1446/1296
f 1876/1446/1296 1901/1819/1665 1877/1820/1666
f 1876/1446/1296 1877/1820/1666 1852/1444/1294
f 1852/1444/1294 1877/1820/1666 1853/1821/1667
f 1852/1444/1294 1853/1821/1667 757/1442/1292
f 757/1442/1292 1853/1821/1667 758/1822/1668
f 757/1440/1292 758/1823/1668 1828/1438/1290
f 1828/1438/1290 758/1823/1668 1829/1824/1669
f 1828/1438/1290 1829/1824/1669 1804/1436/1288
f 1804/1436/1288 1829/1824/1669 1805/1825/1670
f 1804/1436/1288 1805/1825/1670 1780/1434/1286
f 1780/1434/1286 1805/1825/1670 1781/1826/1671
f 1780/1434/1286 1781/1826/1671 1756/1432/1284
f 1756/1432/1284 1781/1826/1671 1757/1827/1672
f 1756/1432/1284 1757/1827/1672 1732/1430/1282
f 1732/1430/1282 1757/1827/1672 1733/1828/1673
f 1732/1430/1282 1733/1828/1673 1708/1428/1280
f 1708/1428/1280 1733/1828/1673 1709/1829/1674
f 1708/1428/1280 1709/1829/1674 1684/1426/1278
f 1684/1426/1278 1709/1829/1674 1685/1830/1675
f 1684/1426/1278 1685/1830/1675 1636/1424/1276
f 1636/1424/1276 1685/1830/1675 1637/1831/1676
f 1636/1424/1276 1637/1831/1676 1663/1422/1274
f 1663/1422/1274 1637/1831/1676 1662/1832/1677
f 1663/1422/1274 1662/1832/1677 1612/1420/1272
f 1612/1420/1272 1662/1832/1677 1613/1833/1678
f 1612/1420/1272 1613/1833/1678 1588/1418/1270
f 1588/1418/1270 1613/1833/1678 1589/1834/1679
f 1588/1418/1270 1589/1834/1679 1564/1416/1268
f 1564/1416/1268 1589/1834/1679 1565/1835/1680
f 1564/1416/1268 1565/1835/1680 1540/1414/1266
f 1540/1414/1266 1565/1835/1680 1541/1836/1681
f 1540/1414/1266 1541/1836/1681 1516/1412/1264
f 1516/1412/1264 1541/1836/1681 1517/1837/1682
f 1516/1412/1264 1517/1837/1682 1492/1410/1262
f 1492/1410/1262 1517/1837/1682 1493/1838/1683
f 1492/1410/1262 1493/1838/1683 1444/1408/1260
f 1444/1408/1260 1493/1838/1683 1445/1839/1684
f 1444/1408/1260 1445/1839/1684 1471/1406/1258
f 1471/1406/1258 1445/1839/1684 1470/1840/1685
f 1471/1406/1258 1470/1840/1685 1420/1404/1256
f 1420/1404/1256 1470/1840/1685 1421/1841/1686
f 1420/1404/1256 1421/1841/1686 1397/1402/1254
f 1397/1402/1254 1421/1841/1686 1398/1842/1687
f 1397/1402/1254 1398/1842/1687 1373/1400/1252
f 1373/1400/1252 1398/1842/1687 1374/1843/1688
f 1373/1400/1252 1374/1843/1688 1349/1398/1250
f 1349/1398/1250 1374/1843/1688 1350/1844/1689
f 1349/1398/1250 1350/1844/1689 1325/1396/1248
f 1325/1396/1248 1350/1844/1689 1326/1845/1690
f 1325/1396/1248 1326/1845/1690 1301/1394/1246
f 1301/1394/1246 1326/1845/1690 1302/1846/1691
f 1301/1394/1246 1302/1846/1691 1277/1392/1244
f 1277/1392/1244 1302/1846/1691 1278/1847/1692
f 1277/1392/1244 1278/1847/1692 1229/1390/1242
f 1229/1390/1242 1278/1847/1692 1230/1848/1693
f 1229/1390/1242 1230/1848/1693 1255/1388/1240
f 1255/1388/1240 1230/1848/1693 1254/1849/1694
f 1255/1388/1240 1254/1849/1694 1207/1386/1238
f 1207/1386/1238 1254/1849/1694 1208/1850/1695
f 1207/1386/1238 1208/1850/1695 1183/1384/1236
f 1183/1384/1236 1208/1850/1695 1184/1851/1696
f 1183/1384/1236 1184/1851/1696 1159/1382/1234
f 1159/1382/1234 1184/1851/1696 1160/1852/1697
f 1159/1382/1234 1160/1852/1697 1135/1380/1232
f 1135/1380/1232 1160/1852/1697 1136/1853/1698
f 1135/1380/1232 1136/1853/1698 1111/1378/1230
f 1111/1378/1230 1136/1853/1698 1112/1854/1699
f 1111/1378/1230 1112/1854/1699 1087/1376/1228
f 1087/1376/1228 1112/1854/1699 1088/1855/1700
f 1087/1376/1228 1088/1855/1700 1039/1374/1226
f 1039/1374/1226 1088/1855/1700 1040/1856/1701
f 1039/1374/1226 1040/1856/1701 1062/1372/1224
f 1062/1372/1224 1040/1856/1701 1061/1857/1702
f 1062/1372/1224 1061/1857/1702 1015/1370/1222
f 1015/1370/1222 1061/1857/1702 1016/1858/1703
f 1015/1370/1222 1016/1858/1703 992/1368/1220
f 992/1368/1220 1016/1858/1703 993/1859/1704
f 992/1368/1220 993/1859/1704 968/1366/1218
f 968/1366/1218 993/1859/1704 969/1860/1705
f 968/1366/1218 969/1860/1705 944/1364/1216
f 944/1364/1216 969/1860/1705 945/1861/1706
f 944/1364/1216 945/1861/1706 920/1362/1214
f 920/1362/1214 945/1861/1706 921/1862/1707
f 920/1362/1214 921/1862/1707 896/1360/1212
f 896/1360/1212 921/1862/1707 897/1863/1708
f 896/1360/1212 897/1863/1708 872/1358/1210
f 872/1358/1210 897/1863/1708 873/1864/1709
f 872/1358/1210 873/1864/1709 848/1356/1208
f 848/1356/1208 873/1864/1709 849/1865/1710
f 848/1356/1208 849/1865/1710 821/1354/1206
f 821/1354/1206 849/1865/1710 822/1866/1711
f 821/1354/1206 822/1866/1711 799/1352/1204
f 799/1352/1204 822/1866/1711 800/1867/1712
f 799/1352/1204 800/1867/1712 780/1350/1202
f 780/1350/1202 800/1867/1712 781/1326/1178
f 780/1350/1202 781/1326/1178 777/1321/1173
f 777/1321/1173 781/1326/1178 778/1323/1175
f 2038/1814/1660 661/1813/1659 2013/1868/1713
f 2013/1868/1713 661/1813/1659 660/1869/1714
f 2013/1868/1713 660/1869/1714 659/1870/1715
f 2013/1868/1713 659/1870/1715 2014/1871/1716
f 2014/1871/1716 659/1870/1715 658/1872/1717
f 2014/1871/1716 658/1872/1717 2015/1873/1718
f 2015/1873/1718 658/1872/1717 2051/1874/1719
f 2015/1873/1718 2051/1874/1719 2052/1875/1720
f 2052/1875/1720 2051/1874/1719 657/1876/1721
f 2052/1875/1720 657/1876/1721 2067/1877/1722
f 2067/1877/1722 657/1876/1721 656/1878/1723
f 2067/1877/1722 656/1878/1723 564/1879/1724
f 658/1872/1717 657/1876/1721 2051/1874/1719
f 564/1879/1724 563/1880/1725 2067/1877/1722
f 2067/1877/1722 563/1880/1725 2068/1881/1726
f 2067/1877/1722 2068/1881/1726 2052/1875/1720
f 2052/1875/1720 2068/1881/1726 2053/1882/1727
f 2052/1875/1720 2053/1882/1727 2016/1883/1728
f 2016/1883/1728 2053/1882/1727 2017/1884/1729
f 2016/1883/1728 2017/1884/1729 2035/1885/1730
f 2035/1885/1730 2017/1884/1729 2034/1886/1731
f 2035/1885/1730 2034/1886/1731 2000/1887/1732
f 2000/1887/1732 2034/1886/1731 2001/1888/1733
f 2000/1887/1732 2001/1888/1733 1976/1889/1734
f 1976/1889/1734 2001/1888/1733 1977/1890/1735
f 1976/1889/1734 1977/1890/1735 1952/1891/1736
f 1952/1891/1736 1977/1890/1735 1953/1892/1737
f 1952/1891/1736 1953/1892/1737 1928/1893/1738
f 1928/1893/1738 1953/1892/1737 1929/1894/1739
f 1928/1893/1738 1929/1894/1739 1904/1895/1740
f 1904/1895/1740 1929/1894/1739 1905/1896/1741
f 1904/1895/1740 1905/1896/1741 1880/1897/1742
f 1880/1897/1742 1905/1896/1741 1881/1898/1743
f 1880/1897/1742 1881/1898/1743 1856/1899/1744
f 1856/1899/1744 1881/1898/1743 1857/1900/1745
f 1856/1899/1744 1857/1900/1745 761/1901/1746
f 761/1901/1746 1857/1900/1745 762/1902/1747
f 761/1903/1746 762/1904/1747 1832/1905/1748
f 1832/1905/1748 762/1904/1747 1833/1906/1749
f 1832/1905/1748 1833/1906/1749 1808/1907/1750
f 1808/1907/1750 1833/1906/1749 1809/1908/1751
f 1808/1907/1750 1809/1908/1751 1784/1909/1752
f 1784/1909/1752 1809/1908/1751 1785/1910/1753
f 1784/1909/1752 1785/1910/1753 1760/1911/1754
f 1760/1911/1754 1785/1910/1753 1761/1912/1755
f 1760/1911/1754 1761/1912/1755 1736/1913/1756
f 1736/1913/1756 1761/1912/1755 1737/1914/1757
f 1736/1913/1756 1737/1914/1757 1712/1915/1758
f 1712/1915/1758 1737/1914/1757 1713/1916/1759
f 1712/1915/1758 1713/1916/1759 1688/1917/1760
f 1688/1917/1760 1713/1916/1759 1689/1918/1761
f 1688/1917/1760 1689/1918/1761 1640/1919/1762
f 1640/1919/1762 1689/1918/1761 1641/1920/1763
f 1640/1919/1762 1641/1920/1763 1659/1921/1764
f 1659/1921/1764 1641/1920/1763 1658/1922/1765
f 1659/1921/1764 1658/1922/1765 1616/1923/1766
f 1616/1923/1766 1658/1922/1765 1617/1924/1767
f 1616/1923/1766 1617/1924/1767 1592/1925/1768
f 1592/1925/1768 1617/1924/1767 1593/1926/1769
f 1592/1925/1768 1593/1926/1769 1568/1927/1770
f 1568/1927/1770 1593/1926/1769 1569/1928/1771
f 1568/1927/1770 1569/1928/1771 1544/1929/1772
f 1544/1929/1772 1569/1928/1771 1545/1930/1773
f 1544/1929/1772 1545/1930/1773 1520/1931/1774
f 1520/1931/1774 1545/1930/1773 1521/1932/1775
f 1520/1931/1774 1521/1932/1775 1496/1933/1776
f 1496/1933/1776 1521/1932/1775 1497/1934/1777
f 1496/1933/1776 1497/1934/1777 1448/1935/1778
f 1448/1935/1778 1497/1934/1777 1449/1936/1779
f 1448/1935/1778 1449/1936/1779 1467/1937/1780
f 1467/1937/1780 1449/1936/1779 1466/1938/1781
f 1467/1937/1780 1466/1938/1781 1424/1939/1782
f 1424/1939/1782 1466/1938/1781 1425/1940/1783
f 1424/1939/1782 1425/1940/1783 1401/1941/1784
f 1401/1941/1784 1425/1940/1783 1402/1942/1785
f 1401/1941/1784 1402/1942/1785 1377/1943/1786
f 1377/1943/1786 1402/1942/1785 1378/1944/1787
f 1377/1943/1786 1378/1944/1787 1353/1945/1788
f 1353/1945/1788 1378/1944/1787 1354/1946/1789
f 1353/1945/1788 1354/1946/1789 1329/1947/1790
f 1329/1947/1790 1354/1946/1789 1330/1948/1791
f 1329/1947/1790 1330/1948/1791 1305/1949/1792
f 1305/1949/1792 1330/1948/1791 1306/1950/1793
f 1305/1949/1792 1306/1950/1793 1281/1951/1794
f 1281/1951/1794 1306/1950/1793 1282/1952/1795
f 1281/1951/1794 1282/1952/1795 1233/1953/1796
f 1233/1953/1796 1282/1952/1795 1234/1954/1797
f 1233/1953/1796 1234/1954/1797 1251/1955/1798
f 1251/1955/1798 1234/1954/1797 1250/1956/1799
f 1251/1955/1798 1250/1956/1799 1211/1957/1800
f 1211/1957/1800 1250/1956/1799 1212/1958/1801
f 1211/1957/1800 1212/1958/1801 1187/1959/1802
f 1187/1959/1802 1212/1958/1801 1188/1960/1803
f 1187/1959/1802 1188/1960/1803 1163/1961/1804
f 1163/1961/1804 1188/1960/1803 1164/1962/1805
f 1163/1961/1804 1164/1962/1805 1139/1963/1806
f 1139/1963/1806 1164/1962/1805 1140/1964/1807
f 1139/1963/1806 1140/1964/1807 1115/1965/1808
f 1115/1965/1808 1140/1964/1807 1116/1966/1809
f 1115/1965/1808 1116/1966/1809 1091/1967/1810
f 1091/1967/1810 1116/1966/1809 1092/1968/1811
f 1091/1967/1810 1092/1968/1811 1043/1969/1812
f 1043/1969/1812 1092/1968/1811 1044/1970/1813
f 1043/1969/1812 1044/1970/1813 1058/1971/1814
f 1058/1971/1814 1044/1970/1813 1057/1972/1815
f 1058/1971/1814 1057/1972/1815 1019/1973/1816
f 1019/1973/1816 1057/1972/1815 1020/1974/1817
f 1019/1973/1816 1020/1974/1817 996/1975/1818
f 996/1975/1818 1020/1974/1817 997/1976/1819
f 996/1975/1818 997/1976/1819 972/1977/1820
f 972/1977/1820 997/1976/1819 973/1978/1821
f 972/1977/1820 973/1978/1821 948/1979/1822
f 948/1979/1822 973/1978/1821 949/1980/1823
f 948/1979/1822 949/1980/1823 924/1981/1824
f 924/1981/1824 949/1980/1823 925/1982/1825
f 924/1981/1824 925/1982/1825 900/1983/1826
f 900/1983/1826 925/1982/1825 901/1984/1827
f 900/1983/1826 901/1984/1827 876/1985/1828
f 876/1985/1828 901/1984/1827 877/1334/1186
f 876/1985/1828 877/1334/1186 852/1332/1184
f 563/1880/1725 575/1986/1829 2068/1881/1726
f 2068/1881/1726 575/1986/1829 574/1987/1830
f 2068/1881/1726 574/1987/1830 2053/1882/1727
f 2053/1882/1727 574/1987/1830 2054/1988/1831
f 2053/1882/1727 2054/1988/1831 2017/1884/1729
f 2017/1884/1729 2054/1988/1831 2018/1989/1832
f 2017/1884/1729 2018/1989/1832 2034/1886/1731
f 2034/1886/1731 2018/1989/1832 2033/1990/1833
f 2034/1886/1731 2033/1990/1833 2001/1888/1733
f 2001/1888/1733 2033/1990/1833 2002/1991/1834
f 2001/1888/1733 2002/1991/1834 1977/1890/1735
f 1977/1890/1735 2002/1991/1834 1978/1992/1835
f 1977/1890/1735 1978/1992/1835 1953/1892/1737
f 1953/1892/1737 1978/1992/1835 1954/1993/1836
f 1953/1892/1737 1954/1993/1836 1929/1894/1739
f 1929/1894/1739 1954/1993/1836 1930/1994/1837
f 1929/1894/1739 1930/1994/1837 1905/1896/1741
f 1905/1896/1741 1930/1994/1837 1906/1995/1838
f 1905/1896/1741 1906/1995/1838 1881/1898/1743
f 1881/1898/1743 1906/1995/1838 1882/1996/1839
f 1881/1898/1743 1882/1996/1839 1857/1900/1745
f 1857/1900/1745 1882/1996/1839 1858/1997/1840
f 1857/1900/1745 1858/1997/1840 762/1902/1747
f 762/1902/1747 1858/1997/1840 763/1998/1841
f 762/1904/1747 763/1999/1841 1833/1906/1749
f 1833/1906/1749 763/1999/1841 1834/2000/1842
f 1833/1906/1749 1834/2000/1842 1809/1908/1751
f 1809/1908/1751 1834/2000/1842 1810/2001/1843
f 1809/1908/1751 1810/2001/1843 1785/1910/1753
f 1785/1910/1753 1810/2001/1843 1786/2002/1844
f 1785/1910/1753 1786/2002/1844 1761/1912/1755
f 1761/1912/1755 1786/2002/1844 1762/2003/1845
f 1761/1912/1755 1762/2003/1845 1737/1914/1757
f 1737/1914/1757 1762/2003/1845 1738/2004/1846
f 1737/1914/1757 1738/2004/1846 1713/1916/1759
f 1713/1916/1759 1738/2004/1846 1714/2005/1847
f 1713/1916/1759 1714/2005/1847 1689/1918/1761
f 1689/1918/1761 1714/2005/1847 1690/2006/1848
f 1689/1918/1761 1690/2006/1848 1641/1920/1763
f 1641/1920/1763 1690/2006/1848 1642/2007/1849
f 1641/1920/1763 1642/2007/1849 1658/1922/1765
f 1658/1922/1765 1642/2007/1849 1657/2008/1850
f 1658/1922/1765 1657/2008/1850 1617/1924/1767
f 1617/1924/1767 1657/2008/1850 1618/2009/1851
f 1617/1924/1767 1618/2009/1851 1593/1926/1769
f 1593/1926/1769 1618/2009/1851 1594/2010/1852
f 1593/1926/1769 1594/2010/1852 1569/1928/1771
f 1569/1928/1771 1594/2010/1852 1570/2011/1853
f 1569/1928/1771 1570/2011/1853 1545/1930/1773
f 1545/1930/1773 1570/2011/1853 1546/2012/1854
f 1545/1930/1773 1546/2012/1854 1521/1932/1775
f 1521/1932/1775 1546/2012/1854 1522/2013/1855
f 1521/1932/1775 1522/2013/1855 1497/1934/1777
f 1497/1934/1777 1522/2013/1855 1498/2014/1856
f 1497/1934/1777 1498/2014/1856 1449/1936/1779
f 1449/1936/1779 1498/2014/1856 1450/2015/1857
f 1449/1936/1779 1450/2015/1857 1466/1938/1781
f 1466/1938/1781 1450/2015/1857 1465/2016/1858
f 1466/1938/1781 1465/2016/1858 1425/1940/1783
f 1425/1940/1783 1465/2016/1858 1426/2017/1859
f 1425/1940/1783 1426/2017/1859 1402/1942/1785
f 1402/1942/1785 1426/2017/1859 1403/2018/1860
f 1402/1942/1785 1403/2018/1860 1378/1944/1787
f 1378/1944/1787 1403/2018/1860 1379/2019/1861
f 1378/1944/1787 1379/2019/1861 1354/1946/1789
f 1354/1946/1789 1379/2019/1861 1355/2020/1862
f 1354/1946/1789 1355/2020/1862 1330/1948/1791
f 1330/1948/1791 1355/2020/1862 1331/2021/1863
f 1330/1948/1791 1331/2021/1863 1306/1950/1793
f 1306/1950/1793 1331/2021/1863 1307/2022/1864
f 1306/1950/1793 1307/2022/1864 1282/1952/1795
f 1282/1952/1795 1307/2022/1864 1283/2023/1865
f 1282/1952/1795 1283/2023/1865 1234/1954/1797
f 1234/1954/1797 1283/2023/1865 1235/2024/1866
f 1234/1954/1797 1235/2024/1866 1250/1956/1799
f 1250/1956/1799 1235/2024/1866 1249/2025/1867
f 1250/1956/1799 1249/2025/1867 1212/1958/1801
f 1212/1958/1801 1249/2025/1867 1213/2026/1868
f 1212/1958/1801 1213/2026/1868 1188/1960/1803
f 1188/1960/1803 1213/2026/1868 1189/2027/1869
f 1188/1960/1803 1189/2027/1869 1164/1962/1805
f 1164/1962/1805 1189/2027/1869 1165/2028/1870
f 1164/1962/1805 1165/2028/1870 1140/1964/1807
f 1140/1964/1807 1165/2028/1870 1141/2029/1871
f 1140/1964/1807 1141/2029/1871 1116/1966/1809
f 1116/1966/1809 1141/2029/1871 1117/2030/1872
f 1116/1966/1809 1117/2030/1872 1092/1968/1811
f 1092/1968/1811 1117/2030/1872 1093/2031/1873
f 1092/1968/1811 1093/2031/1873 1044/1970/1813
f 1044/1970/1813 1093/2031/1873 1045/2032/1874
f 1044/1970/1813 1045/2032/1874 1057/1972/1815
f 1057/1972/1815 1045/2032/1874 1056/2033/1875
f 1057/1972/1815 1056/2033/1875 1020/1974/1817
f 1020/1974/1817 1056/2033/1875 1021/2034/1876
f 1020/1974/1817 1021/2034/1876 997/1976/1819
f 997/1976/1819 1021/2034/1876 998/2035/1877
f 997/1976/1819 998/2035/1877 973/1978/1821
f 973/1978/1821 998/2035/1877 974/2036/1878
f 973/1978/1821 974/2036/1878 949/1980/1823
f 949/1980/1823 974/2036/1878 950/2037/1879
f 949/1980/1823 950/2037/1879 925/1982/1825
f 925/1982/1825 950/2037/1879 926/2038/1880
f 925/1982/1825 926/2038/1880 901/1984/1827
f 901/1984/1827 926/2038/1880 902/1336/1188
f 901/1984/1827 902/1336/1188 877/1334/1186
f 574/1987/1830 573/2039/1881 2054/1988/1831
f 2054/1988/1831 573/2039/1881 572/2040/1882
f 2054/1988/1831 572/2040/1882 2055/2041/1883
f 2055/2041/1883 572/2040/1882 571/2042/1884
f 2055/2041/1883 571/2042/1884 570/2043/1885
f 2055/2041/1883 570/2043/1885 2056/2044/1886
f 2056/2044/1886 570/2043/1885 569/2045/1887
f 2056/2044/1886 569/2045/1887 568/2046/1888
f 568/2046/1888 567/2047/1889 2056/2044/1886
f 2056/2044/1886 567/2047/1889 771/2048/1890
f 2056/2044/1886 771/2048/1890 2062/2049/1891
f 2062/2049/1891 771/2048/1890 2079/2050/1892
f 2062/2049/1891 2079/2050/1892 2078/2051/1893
f 2078/2051/1893 2079/2050/1892 2071/2052/1894
f 2078/2051/1893 2071/2052/1894 2072/2053/1895
f 2072/2053/1895 2071/2052/1894 2084/2054/1896
f 2072/2053/1895 2084/2054/1896 2085/2055/1897
f 2085/2055/1897 2084/2054/1896 2090/2056/1898
f 2085/2055/1897 2090/2056/1898 2091/2057/1899
f 2091/2057/1899 2090/2056/1898 2098/2058/1900
f 2091/2057/1899 2098/2058/1900 746/2059/1199
f 567/2047/1889 551/2060/1901 771/2048/1890
f 771/2048/1890 551/2060/1901 550/2061/1902
f 771/2048/1890 550/2061/1902 2080/2062/1903
f 2080/2062/1903 550/2061/1902 2069/2063/1904
f 2080/2062/1903 2069/2063/1904 2070/2064/1905
f 2070/2064/1905 2069/2063/1904 2082/2065/1906
f 2070/2064/1905 2082/2065/1906 2083/2066/1907
f 2083/2066/1907 2082/2065/1906 2088/2067/1908
f 2083/2066/1907 2088/2067/1908 2089/2068/1909
f 2089/2068/1909 2088/2067/1908 2100/2069/1910
f 2089/2068/1909 2100/2069/1910 2099/2070/1911
f 2099/2070/1911 2100/2069/1910 2096/2071/1912
f 2099/2070/1911 2096/2071/1912 2097/2072/1913
f 2097/2072/1913 2096/2071/1912 2109/2073/1914
f 2097/2072/1913 2109/2073/1914 746/2074/1199
f 550/2061/1902 549/2075/1915 2069/2063/1904
f 2069/2063/1904 549/2075/1915 2081/2076/1916
f 2069/2063/1904 2081/2076/1916 2082/2065/1906
f 2082/2065/1906 2081/2076/1916 2087/2077/1917
f 2082/2065/1906 2087/2077/1917 2088/2067/1908
f 2088/2067/1908 2087/2077/1917 2101/2078/1918
f 2088/2067/1908 2101/2078/1918 2100/2069/1910
f 2100/2069/1910 2101/2078/1918 2095/2079/1919
f 2100/2069/1910 2095/2079/1919 2096/2071/1912
f 2096/2071/1912 2095/2079/1919 2108/2080/1920
f 2096/2071/1912 2108/2080/1920 2109/2073/1914
f 2109/2073/1914 2108/2080/1920 2115/2081/1921
f 2109/2073/1914 2115/2081/1921 746/2082/1199
f 549/2075/1915 548/2083/1922 2081/2076/1916
f 2081/2076/1916 548/2083/1922 772/2084/1923
f 2081/2076/1916 772/2084/1923 2087/2077/1917
f 2087/2077/1917 772/2084/1923 2102/2085/1924
f 2087/2077/1917 2102/2085/1924 2101/2078/1918
f 2101/2078/1918 2102/2085/1924 2094/2086/1925
f 2101/2078/1918 2094/2086/1925 2095/2079/1919
f 2095/2079/1919 2094/2086/1925 2107/2087/1926
f 2095/2079/1919 2107/2087/1926 2108/2080/1920
f 2108/2080/1920 2107/2087/1926 2114/2088/1927
f 2108/2080/1920 2114/2088/1927 2115/2081/1921
f 2115/2081/1921 2114/2088/1927 2122/2089/1928
f 2115/2081/1921 2122/2089/1928 746/2090/1199
f 548/2083/1922 547/2091/1929 772/2084/1923
f 772/2084/1923 547/2091/1929 2103/2092/1930
f 772/2084/1923 2103/2092/1930 2102/2085/1924
f 2102/2085/1924 2103/2092/1930 2093/2093/1931
f 2102/2085/1924 2093/2093/1931 2094/2086/1925
f 2094/2086/1925 2093/2093/1931 2106/2094/1932
f 2094/2086/1925 2106/2094/1932 2107/2087/1926
f 2107/2087/1926 2106/2094/1932 2113/2095/1933
f 2107/2087/1926 2113/2095/1933 2114/2088/1927
f 2114/2088/1927 2113/2095/1933 2123/2096/1934
f 2114/2088/1927 2123/2096/1934 2122/2089/1928
f 2122/2089/1928 2123/2096/1934 2121/2097/1935
f 2122/2089/1928 2121/2097/1935 746/2098/1199
f 2103/2092/1930 547/2091/1929 2092/2099/1936
f 2092/2099/1936 547/2091/1929 546/2100/1937
f 2092/2099/1936 546/2100/1937 2104/2101/1938
f 2104/2101/1938 546/2100/1937 545/2102/1939
f 2104/2101/1938 545/2102/1939 2110/2103/1940
f 2110/2103/1940 545/2102/1939 773/2104/1941
f 2110/2103/1940 773/2104/1941 2126/2105/1942
f 2126/2105/1942 773/2104/1941 2117/2106/1943
f 2126/2105/1942 2117/2106/1943 2118/2107/1944
f 2118/2107/1944 2117/2106/1943 2129/2108/1945
f 2118/2107/1944 2129/2108/1945 2130/2109/1946
f 2130/2109/1946 2129/2108/1945 2136/2110/1947
f 2130/2109/1946 2136/2110/1947 2137/2111/1948
f 2137/2111/1948 2136/2110/1947 792/2112/1949
f 2137/2111/1948 792/2112/1949 791/2113/1950
f 791/2113/1950 792/2112/1949 790/2114/1951
f 791/2113/1950 790/2114/1951 746/2115/1199
f 545/2102/1939 544/2116/1952 773/2104/1941
f 773/2104/1941 544/2116/1952 2116/2117/1953
f 773/2104/1941 2116/2117/1953 2117/2106/1943
f 2117/2106/1943 2116/2117/1953 2128/2118/1954
f 2117/2106/1943 2128/2118/1954 2129/2108/1945
f 2129/2108/1945 2128/2118/1954 2135/2119/1955
f 2129/2108/1945 2135/2119/1955 2136/2110/1947
f 2136/2110/1947 2135/2119/1955 793/2120/1956
f 2136/2110/1947 793/2120/1956 792/2112/1949
f 792/2112/1949 793/2120/1956 789/2121/1957
f 792/2112/1949 789/2121/1957 790/2114/1951
f 790/2114/1951 789/2121/1957 807/2122/1958
f 790/2114/1951 807/2122/1958 746/2123/1199
f 746/2123/1199 807/2122/1958 831/2124/1959
f 544/2116/1952 543/2125/1960 2116/2117/1953
f 2116/2117/1953 543/2125/1960 2127/2126/1961
f 2116/2117/1953 2127/2126/1961 2128/2118/1954
f 2128/2118/1954 2127/2126/1961 2134/2127/1962
f 2128/2118/1954 2134/2127/1962 2135/2119/1955
f 2135/2119/1955 2134/2127/1962 794/2128/1963
f 2135/2119/1955 794/2128/1963 793/2120/1956
f 793/2120/1956 794/2128/1963 788/2129/1964
f 793/2120/1956 788/2129/1964 789/2121/1957
f 789/2121/1957 788/2129/1964 806/2130/1965
f 789/2121/1957 806/2130/1965 807/2122/1958
f 807/2122/1958 806/2130/1965 830/2131/1966
f 807/2122/1958 830/2131/1966 831/2124/1959
f 831/2124/1959 830/2131/1966 858/2132/1967
f 831/2124/1959 858/2132/1967 859/2133/1968
f 859/2133/1968 858/2132/1967 883/2134/1969
f 859/2133/1968 883/2134/1969 746/2135/1199
f 543/2125/1960 542/2136/1970 2127/2126/1961
f 2127/2126/1961 542/2136/1970 2133/2137/1971
f 2127/2126/1961 2133/2137/1971 2134/2127/1962
f 2134/2127/1962 2133/2137/1971 795/2138/1972
f 2134/2127/1962 795/2138/1972 794/2128/1963
f 794/2128/1963 795/2138/1972 787/2139/1973
f 794/2128/1963 787/2139/1973 788/2129/1964
f 788/2129/1964 787/2139/1973 805/2140/1974
f 788/2129/1964 805/2140/1974 806/2130/1965
f 806/2130/1965 805/2140/1974 829/2141/1975
f 806/2130/1965 829/2141/1975 830/2131/1966
f 830/2131/1966 829/2141/1975 857/2142/1976
f 830/2131/1966 857/2142/1976 858/2132/1967
f 858/2132/1967 857/2142/1976 882/2143/1977
f 858/2132/1967 882/2143/1977 883/2134/1969
f 883/2134/1969 882/2143/1977 907/2144/1978
f 883/2134/1969 907/2144/1978 746/2145/1199
f 2133/2137/1971 542/2136/1970 774/2146/1979
f 774/2146/1979 542/2136/1970 537/2147/1980
f 774/2146/1979 537/2147/1980 536/2148/1981
f 774/2146/1979 536/2148/1981 784/2149/1982
f 784/2149/1982 536/2148/1981 535/2150/1983
f 784/2149/1982 535/2150/1983 534/2151/1984
f 534/2151/1984 533/2152/1985 784/2149/1982
f 784/2149/1982 533/2152/1985 785/2153/1986
f 784/2149/1982 785/2153/1986 803/2154/1987
f 803/2154/1987 785/2153/1986 826/2155/1988
f 803/2154/1987 826/2155/1988 827/2156/1989
f 827/2156/1989 826/2155/1988 854/2157/1990
f 827/2156/1989 854/2157/1990 855/2158/1991
f 855/2158/1991 854/2157/1990 879/2159/1992
f 855/2158/1991 879/2159/1992 880/2160/1993
f 880/2160/1993 879/2159/1992 904/2161/1994
f 880/2160/1993 904/2161/1994 905/2162/1995
f 905/2162/1995 904/2161/1994 929/2163/1996
f 905/2162/1995 929/2163/1996 930/2164/1997
f 930/2164/1997 929/2163/1996 954/2165/1998
f 930/2164/1997 954/2165/1998 955/2166/1999
f 955/2166/1999 954/2165/1998 979/2167/2000
f 955/2166/1999 979/2167/2000 746/2168/1199
f 785/2153/1986 533/2152/1985 783/2169/2001
f 783/2169/2001 533/2152/1985 532/2170/2002
f 783/2169/2001 532/2170/2002 531/2171/2003
f 531/2171/2003 370/2172/2004 783/2169/2001
f 783/2169/2001 370/2172/2004 782/1327/1179
f 783/2169/2001 782/1327/1179 802/1329/1181
f 370/2172/2004 369/1325/1177 782/1327/1179
f 770/2173/2005 746/2174/1199 1841/2175/2006
f 1841/2175/2006 746/2176/1199 1817/2177/2007
f 1817/2177/2007 746/2178/1199 1793/2179/2008
f 1793/2179/2008 746/2180/1199 1769/2181/2009
f 1769/2181/2009 746/2182/1199 1745/2183/2010
f 1745/2183/2010 746/2184/1199 1721/2185/2011
f 1721/2185/2011 746/2186/1199 1697/2187/2012
f 1697/2187/2012 746/2188/1199 1649/2189/2013
f 1649/2189/2013 746/2190/1199 1650/2191/2014
f 1650/2191/2014 746/2192/1199 1625/2193/2015
f 1625/2193/2015 746/2194/1199 1601/2195/2016
f 1601/2195/2016 746/2196/1199 1577/2197/2017
f 1577/2197/2017 746/2198/1199 1553/2199/2018
f 1553/2199/2018 746/2200/1199 1529/2201/2019
f 1529/2201/2019 746/2202/1199 1505/2203/2020
f 1505/2203/2020 746/2204/1199 1457/2205/2021
f 1457/2205/2021 746/2206/1199 1458/2207/2022
f 1458/2207/2022 746/2208/1199 1433/2209/2023
f 1433/2209/2023 746/2210/1199 1410/2211/2024
f 1410/2211/2024 746/2212/1199 1386/2213/2025
f 1386/2213/2025 746/2214/1199 1362/2215/2026
f 1362/2215/2026 746/2216/1199 1338/2217/2027
f 1338/2217/2027 746/2218/1199 1314/2219/2028
f 1314/2219/2028 746/2220/1199 1290/2221/2029
f 1242/2222/2030 746/2223/1199 1243/2224/2031
f 1194/2225/2032 746/2226/1199 1170/2227/2033
f 1170/2227/2033 746/2228/1199 1146/2229/2034
f 1146/2229/2034 746/2230/1199 1122/2231/2035
f 1122/2231/2035 746/2232/1199 1098/2233/2036
f 1098/2233/2036 746/2234/1199 1050/2235/2037
f 1050/2235/2037 746/2236/1199 1051/2237/2038
f 1051/2237/2038 746/2238/1199 1026/1346/1198
f 1003/1345/1197 746/2239/1199 979/2167/2000
f 955/2166/1999 746/2240/1199 931/2241/2039
f 931/2241/2039 746/2242/1199 907/2144/1978
f 859/2133/1968 746/2243/1199 831/2124/1959
f 791/2113/1950 746/2244/1199 2138/2245/2040
f 2132/2246/2041 746/2247/1199 2121/2097/1935
f 2097/2072/1913 746/2248/1199 2098/2058/1900
f 2091/2057/1899 746/2249/1199 2086/2250/2042
f 2086/2250/2042 746/2251/1199 2074/2252/2043
f 2074/2252/2043 746/2253/1199 2075/2254/2044
f 2075/2254/2044 746/2255/1199 2066/2256/2045
f 2066/2256/2045 746/2257/1199 2061/2258/2046
f 2061/2258/2046 746/2259/1199 2025/2260/2047
f 2025/2260/2047 746/2261/1199 2026/2262/2048
f 2026/2262/2048 746/2263/1199 2009/2264/2049
f 2009/2264/2049 746/2265/1199 1985/2266/2050
f 1985/2266/2050 746/2267/1199 1961/2268/2051
f 1961/2268/2051 746/2269/1199 1937/2270/2052
f 1937/2270/2052 746/2271/1199 1913/2272/2053
f 1913/2272/2053 746/2273/1199 1889/2274/2054
f 1889/2274/2054 746/2275/1199 1865/2276/2055
f 1865/2276/2055 746/2277/1199 770/2278/2005
f 748/1755/1602 749/2279/2056 1819/2280/2057
f 1819/2280/2057 749/2279/2056 1820/2281/2058
f 1819/2280/2057 1820/2281/2058 1795/2282/2059
f 1795/2282/2059 1820/2281/2058 1796/2283/2060
f 1795/2282/2059 1796/2283/2060 1771/2284/2061
f 1771/2284/2061 1796/2283/2060 1772/2285/2062
f 1771/2284/2061 1772/2285/2062 1747/2286/2063
f 1747/2286/2063 1772/2285/2062 1748/2287/2064
f 1747/2286/2063 1748/2287/2064 1723/2288/2065
f 1723/2288/2065 1748/2287/2064 1724/2289/2066
f 1723/2288/2065 1724/2289/2066 1699/2290/2067
f 1699/2290/2067 1724/2289/2066 1700/2291/2068
f 1699/2290/2067 1700/2291/2068 1675/2292/2069
f 1675/2292/2069 1700/2291/2068 1676/1729/1579
f 1675/2292/2069 1676/1729/1579 1627/1728/1578
f 749/2279/2056 750/2293/2070 1820/2281/2058
f 1820/2281/2058 750/2293/2070 1821/2294/2071
f 1820/2281/2058 1821/2294/2071 1796/2283/2060
f 1796/2283/2060 1821/2294/2071 1797/2295/2072
f 1796/2283/2060 1797/2295/2072 1772/2285/2062
f 1772/2285/2062 1797/2295/2072 1773/2296/2073
f 1772/2285/2062 1773/2296/2073 1748/2287/2064
f 1748/2287/2064 1773/2296/2073 1749/2297/2074
f 1748/2287/2064 1749/2297/2074 1724/2289/2066
f 1724/2289/2066 1749/2297/2074 1725/2298/2075
f 1724/2289/2066 1725/2298/2075 1700/2291/2068
f 1700/2291/2068 1725/2298/2075 1701/1730/1580
f 1700/2291/2068 1701/1730/1580 1676/1729/1579
f 748/1756/1602 1844/1758/1604 749/2299/2056
f 749/2299/2056 1844/1758/1604 1845/2300/2076
f 749/2299/2056 1845/2300/2076 750/2301/2070
f 750/2301/2070 1845/2300/2076 1846/2302/2077
f 750/2301/2070 1846/2302/2077 751/2303/2078
f 751/2303/2078 1846/2302/2077 1847/2304/2079
f 751/2303/2078 1847/2304/2079 752/2305/2080
f 752/2305/2080 1847/2304/2079 1848/2306/2081
f 752/2305/2080 1848/2306/2081 753/2307/2082
f 753/2307/2082 1848/2306/2081 1849/2308/2083
f 753/2307/2082 1849/2308/2083 754/2309/2084
f 754/2309/2084 1849/2308/2083 1850/2310/2085
f 754/2309/2084 1850/2310/2085 755/2311/2086
f 755/2311/2086 1850/2310/2085 1851/1445/1295
f 755/2311/2086 1851/1445/1295 756/1443/1293
f 750/2293/2070 751/2312/2078 1821/2294/2071
f 1821/2294/2071 751/2312/2078 1822/2313/2087
f 1821/2294/2071 1822/2313/2087 1797/2295/2072
f 1797/2295/2072 1822/2313/2087 1798/2314/2088
f 1797/2295/2072 1798/2314/2088 1773/2296/2073
f 1773/2296/2073 1798/2314/2088 1774/2315/2089
f 1773/2296/2073 1774/2315/2089 1749/2297/2074
f 1749/2297/2074 1774/2315/2089 1750/2316/2090
f 1749/2297/2074 1750/2316/2090 1725/2298/2075
f 1725/2298/2075 1750/2316/2090 1726/1731/1581
f 1725/2298/2075 1726/1731/1581 1701/1730/1580
f 751/2312/2078 752/2317/2080 1822/2313/2087
f 1822/2313/2087 752/2317/2080 1823/2318/2091
f 1822/2313/2087 1823/2318/2091 1798/2314/2088
f 1798/2314/2088 1823/2318/2091 1799/2319/2092
f 1798/2314/2088 1799/2319/2092 1774/2315/2089
f 1774/2315/2089 1799/2319/2092 1775/2320/2093
f 1774/2315/2089 1775/2320/2093 1750/2316/2090
f 1750/2316/2090 1775/2320/2093 1751/1732/1582
f 1750/2316/2090 1751/1732/1582 1726/1731/1581
f 752/2317/2080 753/2321/2082 1823/2318/2091
f 1823/2318/2091 753/2321/2082 1824/2322/2094
f 1823/2318/2091 1824/2322/2094 1799/2319/2092
f 1799/2319/2092 1824/2322/2094 1800/2323/2095
f 1799/2319/2092 1800/2323/2095 1775/2320/2093
f 1775/2320/2093 1800/2323/2095 1776/1733/1583
f 1775/2320/2093 1776/1733/1583 1751/1732/1582
f 753/2321/2082 754/2324/2084 1824/2322/2094
f 1824/2322/2094 754/2324/2084 1825/2325/2096
f 1824/2322/2094 1825/2325/2096 1800/2323/2095
f 1800/2323/2095 1825/2325/2096 1801/1734/1584
f 1800/2323/2095 1801/1734/1584 1776/1733/1583
f 754/2324/2084 755/2326/2086 1825/2325/2096
f 1825/2325/2096 755/2326/2086 1826/1735/1585
f 1825/2325/2096 1826/1735/1585 1801/1734/1584
f 755/2326/2086 756/1441/1293 1826/1735/1585
f 758/1823/1668 759/2327/2097 1829/1824/1669
f 1829/1824/1669 759/2327/2097 1830/2328/2098
f 1829/1824/1669 1830/2328/2098 1805/1825/1670
f 1805/1825/1670 1830/2328/2098 1806/2329/2099
f 1805/1825/1670 1806/2329/2099 1781/1826/1671
f 1781/1826/1671 1806/2329/2099 1782/2330/2100
f 1781/1826/1671 1782/2330/2100 1757/1827/1672
f 1757/1827/1672 1782/2330/2100 1758/2331/2101
f 1757/1827/1672 1758/2331/2101 1733/1828/1673
f 1733/1828/1673 1758/2331/2101 1734/2332/2102
f 1733/1828/1673 1734/2332/2102 1709/1829/1674
f 1709/1829/1674 1734/2332/2102 1710/2333/2103
f 1709/1829/1674 1710/2333/2103 1685/1830/1675
f 1685/1830/1675 1710/2333/2103 1686/2334/2104
f 1685/1830/1675 1686/2334/2104 1637/1831/1676
f 1637/1831/1676 1686/2334/2104 1638/2335/2105
f 1637/1831/1676 1638/2335/2105 1662/1832/1677
f 1662/1832/1677 1638/2335/2105 1661/2336/2106
f 1662/1832/1677 1661/2336/2106 1613/1833/1678
f 1613/1833/1678 1661/2336/2106 1614/2337/2107
f 1613/1833/1678 1614/2337/2107 1589/1834/1679
f 1589/1834/1679 1614/2337/2107 1590/2338/2108
f 1589/1834/1679 1590/2338/2108 1565/1835/1680
f 1565/1835/1680 1590/2338/2108 1566/2339/2109
f 1565/1835/1680 1566/2339/2109 1541/1836/1681
f 1541/1836/1681 1566/2339/2109 1542/2340/2110
f 1541/1836/1681 1542/2340/2110 1517/1837/1682
f 1517/1837/1682 1542/2340/2110 1518/2341/2111
f 1517/1837/1682 1518/2341/2111 1493/1838/1683
f 1493/1838/1683 1518/2341/2111 1494/2342/2112
f 1493/1838/1683 1494/2342/2112 1445/1839/1684
f 1445/1839/1684 1494/2342/2112 1446/2343/2113
f 1445/1839/1684 1446/2343/2113 1470/1840/1685
f 1470/1840/1685 1446/2343/2113 1469/2344/2114
f 1470/1840/1685 1469/2344/2114 1421/1841/1686
f 1421/1841/1686 1469/2344/2114 1422/2345/2115
f 1421/1841/1686 1422/2345/2115 1398/1842/1687
f 1398/1842/1687 1422/2345/2115 1399/2346/2116
f 1398/1842/1687 1399/2346/2116 1374/1843/1688
f 1374/1843/1688 1399/2346/2116 1375/2347/2117
f 1374/1843/1688 1375/2347/2117 1350/1844/1689
f 1350/1844/1689 1375/2347/2117 1351/2348/2118
f 1350/1844/1689 1351/2348/2118 1326/1845/1690
f 1326/1845/1690 1351/2348/2118 1327/2349/2119
f 1326/1845/1690 1327/2349/2119 1302/1846/1691
f 1302/1846/1691 1327/2349/2119 1303/2350/2120
f 1302/1846/1691 1303/2350/2120 1278/1847/1692
f 1278/1847/1692 1303/2350/2120 1279/2351/2121
f 1278/1847/1692 1279/2351/2121 1230/1848/1693
f 1230/1848/1693 1279/2351/2121 1231/2352/2122
f 1230/1848/1693 1231/2352/2122 1254/1849/1694
f 1254/1849/1694 1231/2352/2122 1253/2353/2123
f 1254/1849/1694 1253/2353/2123 1208/1850/1695
f 1208/1850/1695 1253/2353/2123 1209/2354/2124
f 1208/1850/1695 1209/2354/2124 1184/1851/1696
f 1184/1851/1696 1209/2354/2124 1185/2355/2125
f 1184/1851/1696 1185/2355/2125 1160/1852/1697
f 1160/1852/1697 1185/2355/2125 1161/2356/2126
f 1160/1852/1697 1161/2356/2126 1136/1853/1698
f 1136/1853/1698 1161/2356/2126 1137/2357/2127
f 1136/1853/1698 1137/2357/2127 1112/1854/1699
f 1112/1854/1699 1137/2357/2127 1113/2358/2128
f 1112/1854/1699 1113/2358/2128 1088/1855/1700
f 1088/1855/1700 1113/2358/2128 1089/2359/2129
f 1088/1855/1700 1089/2359/2129 1040/1856/1701
f 1040/1856/1701 1089/2359/2129 1041/2360/2130
f 1040/1856/1701 1041/2360/2130 1061/1857/1702
f 1061/1857/1702 1041/2360/2130 1060/2361/2131
f 1061/1857/1702 1060/2361/2131 1016/1858/1703
f 1016/1858/1703 1060/2361/2131 1017/2362/2132
f 1016/1858/1703 1017/2362/2132 993/1859/1704
f 993/1859/1704 1017/2362/2132 994/2363/2133
f 993/1859/1704 994/2363/2133 969/1860/1705
f 969/1860/1705 994/2363/2133 970/2364/2134
f 969/1860/1705 970/2364/2134 945/1861/1706
f 945/1861/1706 970/2364/2134 946/2365/2135
f 945/1861/1706 946/2365/2135 921/1862/1707
f 921/1862/1707 946/2365/2135 922/2366/2136
f 921/1862/1707 922/2366/2136 897/1863/1708
f 897/1863/1708 922/2366/2136 898/2367/2137
f 897/1863/1708 898/2367/2137 873/1864/1709
f 873/1864/1709 898/2367/2137 874/2368/2138
f 873/1864/1709 874/2368/2138 849/1865/1710
f 849/1865/1710 874/2368/2138 850/2369/2139
f 849/1865/1710 850/2369/2139 822/1866/1711
f 822/1866/1711 850/2369/2139 823/2370/2140
f 822/1866/1711 823/2370/2140 800/1867/1712
f 800/1867/1712 823/2370/2140 801/1328/1180
f 800/1867/1712 801/1328/1180 781/1326/1178
f 759/2327/2097 760/2371/2141 1830/2328/2098
f 1830/2328/2098 760/2371/2141 1831/2372/2142
f 1830/2328/2098 1831/2372/2142 1806/2329/2099
f 1806/2329/2099 1831/2372/2142 1807/2373/2143
f 1806/2329/2099 1807/2373/2143 1782/2330/2100
f 1782/2330/2100 1807/2373/2143 1783/2374/2144
f 1782/2330/2100 1783/2374/2144 1758/2331/2101
f 1758/2331/2101 1783/2374/2144 1759/2375/2145
f 1758/2331/2101 1759/2375/2145 1734/2332/2102
f 1734/2332/2102 1759/2375/2145 1735/2376/2146
f 1734/2332/2102 1735/2376/2146 1710/2333/2103
f 1710/2333/2103 1735/2376/2146 1711/2377/2147
f 1710/2333/2103 1711/2377/2147 1686/2334/2104
f 1686/2334/2104 1711/2377/2147 1687/2378/2148
f 1686/2334/2104 1687/2378/2148 1638/2335/2105
f 1638/2335/2105 1687/2378/2148 1639/2379/2149
f 1638/2335/2105 1639/2379/2149 1661/2336/2106
f 1661/2336/2106 1639/2379/2149 1660/2380/2150
f 1661/2336/2106 1660/2380/2150 1614/2337/2107
f 1614/2337/2107 1660/2380/2150 1615/2381/2151
f 1614/2337/2107 1615/2381/2151 1590/2338/2108
f 1590/2338/2108 1615/2381/2151 1591/2382/2152
f 1590/2338/2108 1591/2382/2152 1566/2339/2109
f 1566/2339/2109 1591/2382/2152 1567/2383/2153
f 1566/2339/2109 1567/2383/2153 1542/2340/2110
f 1542/2340/2110 1567/2383/2153 1543/2384/2154
f 1542/2340/2110 1543/2384/2154 1518/2341/2111
f 1518/2341/2111 1543/2384/2154 1519/2385/2155
f 1518/2341/2111 1519/2385/2155 1494/2342/2112
f 1494/2342/2112 1519/2385/2155 1495/2386/2156
f 1494/2342/2112 1495/2386/2156 1446/2343/2113
f 1446/2343/2113 1495/2386/2156 1447/2387/2157
f 1446/2343/2113 1447/2387/2157 1469/2344/2114
f 1469/2344/2114 1447/2387/2157 1468/2388/2158
f 1469/2344/2114 1468/2388/2158 1422/2345/2115
f 1422/2345/2115 1468/2388/2158 1423/2389/2159
f 1422/2345/2115 1423/2389/2159 1399/2346/2116
f 1399/2346/2116 1423/2389/2159 1400/2390/2160
f 1399/2346/2116 1400/2390/2160 1375/2347/2117
f 1375/2347/2117 1400/2390/2160 1376/2391/2161
f 1375/2347/2117 1376/2391/2161 1351/2348/2118
f 1351/2348/2118 1376/2391/2161 1352/2392/2162
f 1351/2348/2118 1352/2392/2162 1327/2349/2119
f 1327/2349/2119 1352/2392/2162 1328/2393/2163
f 1327/2349/2119 1328/2393/2163 1303/2350/2120
f 1303/2350/2120 1328/2393/2163 1304/2394/2164
f 1303/2350/2120 1304/2394/2164 1279/2351/2121
f 1279/2351/2121 1304/2394/2164 1280/2395/2165
f 1279/2351/2121 1280/2395/2165 1231/2352/2122
f 1231/2352/2122 1280/2395/2165 1232/2396/2166
f 1231/2352/2122 1232/2396/2166 1253/2353/2123
f 1253/2353/2123 1232/2396/2166 1252/2397/2167
f 1253/2353/2123 1252/2397/2167 1209/2354/2124
f 1209/2354/2124 1252/2397/2167 1210/2398/2168
f 1209/2354/2124 1210/2398/2168 1185/2355/2125
f 1185/2355/2125 1210/2398/2168 1186/2399/2169
f 1185/2355/2125 1186/2399/2169 1161/2356/2126
f 1161/2356/2126 1186/2399/2169 1162/2400/2170
f 1161/2356/2126 1162/2400/2170 1137/2357/2127
f 1137/2357/2127 1162/2400/2170 1138/2401/2171
f 1137/2357/2127 1138/2401/2171 1113/2358/2128
f 1113/2358/2128 1138/2401/2171 1114/2402/2172
f 1113/2358/2128 1114/2402/2172 1089/2359/2129
f 1089/2359/2129 1114/2402/2172 1090/2403/2173
f 1089/2359/2129 1090/2403/2173 1041/2360/2130
f 1041/2360/2130 1090/2403/2173 1042/2404/2174
f 1041/2360/2130 1042/2404/2174 1060/2361/2131
f 1060/2361/2131 1042/2404/2174 1059/2405/2175
f 1060/2361/2131 1059/2405/2175 1017/2362/2132
f 1017/2362/2132 1059/2405/2175 1018/2406/2176
f 1017/2362/2132 1018/2406/2176 994/2363/2133
f 994/2363/2133 1018/2406/2176 995/2407/2177
f 994/2363/2133 995/2407/2177 970/2364/2134
f 970/2364/2134 995/2407/2177 971/2408/2178
f 970/2364/2134 971/2408/2178 946/2365/2135
f 946/2365/2135 971/2408/2178 947/2409/2179
f 946/2365/2135 947/2409/2179 922/2366/2136
f 922/2366/2136 947/2409/2179 923/2410/2180
f 922/2366/2136 923/2410/2180 898/2367/2137
f 898/2367/2137 923/2410/2180 899/2411/2181
f 898/2367/2137 899/2411/2181 874/2368/2138
f 874/2368/2138 899/2411/2181 875/2412/2182
f 874/2368/2138 875/2412/2182 850/2369/2139
f 850/2369/2139 875/2412/2182 851/2413/2183
f 850/2369/2139 851/2413/2183 823/2370/2140
f 823/2370/2140 851/2413/2183 824/1330/1182
f 823/2370/2140 824/1330/1182 801/1328/1180
f 759/2414/2097 758/1822/1668 1854/2415/2184
f 1854/2415/2184 758/1822/1668 1853/1821/1667
f 1854/2415/2184 1853/1821/1667 1878/2416/2185
f 1878/2416/2185 1853/1821/1667 1877/1820/1666
f 1878/2416/2185 1877/1820/1666 1902/2417/2186
f 1902/2417/2186 1877/1820/1666 1901/1819/1665
f 1902/2417/2186 1901/1819/1665 1926/2418/2187
f 1926/2418/2187 1901/1819/1665 1925/1818/1664
f 1926/2418/2187 1925/1818/1664 1950/2419/2188
f 1950/2419/2188 1925/1818/1664 1949/1817/1663
f 1950/2419/2188 1949/1817/1663 1974/2420/2189
f 1974/2420/2189 1949/1817/1663 1973/1816/1662
f 1974/2420/2189 1973/1816/1662 1998/2421/2190
f 1998/2421/2190 1973/1816/1662 1997/1815/1661
f 1998/2421/2190 1997/1815/1661 2037/2422/2191
f 2037/2422/2191 1997/1815/1661 2038/1814/1660
f 2037/2422/2191 2038/1814/1660 2014/1871/1716
f 2014/1871/1716 2038/1814/1660 2013/1868/1713
f 760/2371/2141 761/1903/1746 1831/2372/2142
f 1831/2372/2142 761/1903/1746 1832/1905/1748
f 1831/2372/2142 1832/1905/1748 1807/2373/2143
f 1807/2373/2143 1832/1905/1748 1808/1907/1750
f 1807/2373/2143 1808/1907/1750 1783/2374/2144
f 1783/2374/2144 1808/1907/1750 1784/1909/1752
f 1783/2374/2144 1784/1909/1752 1759/2375/2145
f 1759/2375/2145 1784/1909/1752 1760/1911/1754
f 1759/2375/2145 1760/1911/1754 1735/2376/2146
f 1735/2376/2146 1760/1911/1754 1736/1913/1756
f 1735/2376/2146 1736/1913/1756 1711/2377/2147
f 1711/2377/2147 1736/1913/1756 1712/1915/1758
f 1711/2377/2147 1712/1915/1758 1687/2378/2148
f 1687/2378/2148 1712/1915/1758 1688/1917/1760
f 1687/2378/2148 1688/1917/1760 1639/2379/2149
f 1639/2379/2149 1688/1917/1760 1640/1919/1762
f 1639/2379/2149 1640/1919/1762 1660/2380/2150
f 1660/2380/2150 1640/1919/1762 1659/1921/1764
f 1660/2380/2150 1659/1921/1764 1615/2381/2151
f 1615/2381/2151 1659/1921/1764 1616/1923/1766
f 1615/2381/2151 1616/1923/1766 1591/2382/2152
f 1591/2382/2152 1616/1923/1766 1592/1925/1768
f 1591/2382/2152 1592/1925/1768 1567/2383/2153
f 1567/2383/2153 1592/1925/1768 1568/1927/1770
f 1567/2383/2153 1568/1927/1770 1543/2384/2154
f 1543/2384/2154 1568/1927/1770 1544/1929/1772
f 1543/2384/2154 1544/1929/1772 1519/2385/2155
f 1519/2385/2155 1544/1929/1772 1520/1931/1774
f 1519/2385/2155 1520/1931/1774 1495/2386/2156
f 1495/2386/2156 1520/1931/1774 1496/1933/1776
f 1495/2386/2156 1496/1933/1776 1447/2387/2157
f 1447/2387/2157 1496/1933/1776 1448/1935/1778
f 1447/2387/2157 1448/1935/1778 1468/2388/2158
f 1468/2388/2158 1448/1935/1778 1467/1937/1780
f 1468/2388/2158 1467/1937/1780 1423/2389/2159
f 1423/2389/2159 1467/1937/1780 1424/1939/1782
f 1423/2389/2159 1424/1939/1782 1400/2390/2160
f 1400/2390/2160 1424/1939/1782 1401/1941/1784
f 1400/2390/2160 1401/1941/1784 1376/2391/2161
f 1376/2391/2161 1401/1941/1784 1377/1943/1786
f 1376/2391/2161 1377/1943/1786 1352/2392/2162
f 1352/2392/2162 1377/1943/1786 1353/1945/1788
f 1352/2392/2162 1353/1945/1788 1328/2393/2163
f 1328/2393/2163 1353/1945/1788 1329/1947/1790
f 1328/2393/2163 1329/1947/1790 1304/2394/2164
f 1304/2394/2164 1329/1947/1790 1305/1949/1792
f 1304/2394/2164 1305/1949/1792 1280/2395/2165
f 1280/2395/2165 1305/1949/1792 1281/1951/1794
f 1280/2395/2165 1281/1951/1794 1232/2396/2166
f 1232/2396/2166 1281/1951/1794 1233/1953/1796
f 1232/2396/2166 1233/1953/1796 1252/2397/2167
f 1252/2397/2167 1233/1953/1796 1251/1955/1798
f 1252/2397/2167 1251/1955/1798 1210/2398/2168
f 1210/2398/2168 1251/1955/1798 1211/1957/1800
f 1210/2398/2168 1211/1957/1800 1186/2399/2169
f 1186/2399/2169 1211/1957/1800 1187/1959/1802
f 1186/2399/2169 1187/1959/1802 1162/2400/2170
f 1162/2400/2170 1187/1959/1802 1163/1961/1804
f 1162/2400/2170 1163/1961/1804 1138/2401/2171
f 1138/2401/2171 1163/1961/1804 1139/1963/1806
f 1138/2401/2171 1139/1963/1806 1114/2402/2172
f 1114/2402/2172 1139/1963/1806 1115/1965/1808
f 1114/2402/2172 1115/1965/1808 1090/2403/2173
f 1090/2403/2173 1115/1965/1808 1091/1967/1810
f 1090/2403/2173 1091/1967/1810 1042/2404/2174
f 1042/2404/2174 1091/1967/1810 1043/1969/1812
f 1042/2404/2174 1043/1969/1812 1059/2405/2175
f 1059/2405/2175 1043/1969/1812 1058/1971/1814
f 1059/2405/2175 1058/1971/1814 1018/2406/2176
f 1018/2406/2176 1058/1971/1814 1019/1973/1816
f 1018/2406/2176 1019/1973/1816 995/2407/2177
f 995/2407/2177 1019/1973/1816 996/1975/1818
f 995/2407/2177 996/1975/1818 971/2408/2178
f 971/2408/2178 996/1975/1818 972/1977/1820
f 971/2408/2178 972/1977/1820 947/2409/2179
f 947/2409/2179 972/1977/1820 948/1979/1822
f 947/2409/2179 948/1979/1822 923/2410/2180
f 923/2410/2180 948/1979/1822 924/1981/1824
f 923/2410/2180 924/1981/1824 899/2411/2181
f 899/2411/2181 924/1981/1824 900/1983/1826
f 899/2411/2181 900/1983/1826 875/2412/2182
f 875/2412/2182 900/1983/1826 876/1985/1828
f 875/2412/2182 876/1985/1828 851/2413/2183
f 851/2413/2183 876/1985/1828 852/1332/1184
f 851/2413/2183 852/1332/1184 824/1330/1182
f 760/2423/2141 759/2414/2097 1855/2424/2192
f 1855/2424/2192 759/2414/2097 1854/2415/2184
f 1855/2424/2192 1854/2415/2184 1879/2425/2193
f 1879/2425/2193 1854/2415/2184 1878/2416/2185
f 1879/2425/2193 1878/2416/2185 1903/2426/2194
f 1903/2426/2194 1878/2416/2185 1902/2417/2186
f 1903/2426/2194 1902/2417/2186 1927/2427/2195
f 1927/2427/2195 1902/2417/2186 1926/2418/2187
f 1927/2427/2195 1926/2418/2187 1951/2428/2196
f 1951/2428/2196 1926/2418/2187 1950/2419/2188
f 1951/2428/2196 1950/2419/2188 1975/2429/2197
f 1975/2429/2197 1950/2419/2188 1974/2420/2189
f 1975/2429/2197 1974/2420/2189 1999/2430/2198
f 1999/2430/2198 1974/2420/2189 1998/2421/2190
f 1999/2430/2198 1998/2421/2190 2036/2431/2199
f 2036/2431/2199 1998/2421/2190 2037/2422/2191
f 2036/2431/2199 2037/2422/2191 2015/1873/1718
f 2015/1873/1718 2037/2422/2191 2014/1871/1716
f 761/1901/1746 760/2423/2141 1856/1899/1744
f 1856/1899/1744 760/2423/2141 1855/2424/2192
f 1856/1899/1744 1855/2424/2192 1880/1897/1742
f 1880/1897/1742 1855/2424/2192 1879/2425/2193
f 1880/1897/1742 1879/2425/2193 1904/1895/1740
f 1904/1895/1740 1879/2425/2193 1903/2426/2194
f 1904/1895/1740 1903/2426/2194 1928/1893/1738
f 1928/1893/1738 1903/2426/2194 1927/2427/2195
f 1928/1893/1738 1927/2427/2195 1952/1891/1736
f 1952/1891/1736 1927/2427/2195 1951/2428/2196
f 1952/1891/1736 1951/2428/2196 1976/1889/1734
f 1976/1889/1734 1951/2428/2196 1975/2429/2197
f 1976/1889/1734 1975/2429/2197 2000/1887/1732
f 2000/1887/1732 1975/2429/2197 1999/2430/2198
f 2000/1887/1732 1999/2430/2198 2035/1885/1730
f 2035/1885/1730 1999/2430/2198 2036/2431/2199
f 2035/1885/1730 2036/2431/2199 2016/1883/1728
f 2016/1883/1728 2036/2431/2199 2015/1873/1718
f 2016/1883/1728 2015/1873/1718 2052/1875/1720
f 763/1999/1841 764/2432/2200 1834/2000/1842
f 1834/2000/1842 764/2432/2200 1835/2433/2201
f 1834/2000/1842 1835/2433/2201 1810/2001/1843
f 1810/2001/1843 1835/2433/2201 1811/2434/2202
f 1810/2001/1843 1811/2434/2202 1786/2002/1844
f 1786/2002/1844 1811/2434/2202 1787/2435/2203
f 1786/2002/1844 1787/2435/2203 1762/2003/1845
f 1762/2003/1845 1787/2435/2203 1763/2436/2204
f 1762/2003/1845 1763/2436/2204 1738/2004/1846
f 1738/2004/1846 1763/2436/2204 1739/2437/2205
f 1738/2004/1846 1739/2437/2205 1714/2005/1847
f 1714/2005/1847 1739/2437/2205 1715/2438/2206
f 1714/2005/1847 1715/2438/2206 1690/2006/1848
f 1690/2006/1848 1715/2438/2206 1691/2439/2207
f 1690/2006/1848 1691/2439/2207 1642/2007/1849
f 1642/2007/1849 1691/2439/2207 1643/2440/2208
f 1642/2007/1849 1643/2440/2208 1657/2008/1850
f 1657/2008/1850 1643/2440/2208 1656/2441/2209
f 1657/2008/1850 1656/2441/2209 1618/2009/1851
f 1618/2009/1851 1656/2441/2209 1619/2442/2210
f 1618/2009/1851 1619/2442/2210 1594/2010/1852
f 1594/2010/1852 1619/2442/2210 1595/2443/2211
f 1594/2010/1852 1595/2443/2211 1570/2011/1853
f 1570/2011/1853 1595/2443/2211 1571/2444/2212
f 1570/2011/1853 1571/2444/2212 1546/2012/1854
f 1546/2012/1854 1571/2444/2212 1547/2445/2213
f 1546/2012/1854 1547/2445/2213 1522/2013/1855
f 1522/2013/1855 1547/2445/2213 1523/2446/2214
f 1522/2013/1855 1523/2446/2214 1498/2014/1856
f 1498/2014/1856 1523/2446/2214 1499/2447/2215
f 1498/2014/1856 1499/2447/2215 1450/2015/1857
f 1450/2015/1857 1499/2447/2215 1451/2448/2216
f 1450/2015/1857 1451/2448/2216 1465/2016/1858
f 1465/2016/1858 1451/2448/2216 1464/2449/2217
f 1465/2016/1858 1464/2449/2217 1426/2017/1859
f 1426/2017/1859 1464/2449/2217 1427/2450/2218
f 1426/2017/1859 1427/2450/2218 1403/2018/1860
f 1403/2018/1860 1427/2450/2218 1404/2451/2219
f 1403/2018/1860 1404/2451/2219 1379/2019/1861
f 1379/2019/1861 1404/2451/2219 1380/2452/2220
f 1379/2019/1861 1380/2452/2220 1355/2020/1862
f 1355/2020/1862 1380/2452/2220 1356/2453/2221
f 1355/2020/1862 1356/2453/2221 1331/2021/1863
f 1331/2021/1863 1356/2453/2221 1332/2454/2222
f 1331/2021/1863 1332/2454/2222 1307/2022/1864
f 1307/2022/1864 1332/2454/2222 1308/2455/2223
f 1307/2022/1864 1308/2455/2223 1283/2023/1865
f 1283/2023/1865 1308/2455/2223 1284/2456/2224
f 1283/2023/1865 1284/2456/2224 1235/2024/1866
f 1235/2024/1866 1284/2456/2224 1236/2457/2225
f 1235/2024/1866 1236/2457/2225 1249/2025/1867
f 1249/2025/1867 1236/2457/2225 1248/2458/2226
f 1249/2025/1867 1248/2458/2226 1213/2026/1868
f 1213/2026/1868 1248/2458/2226 1214/2459/2227
f 1213/2026/1868 1214/2459/2227 1189/2027/1869
f 1189/2027/1869 1214/2459/2227 1190/2460/2228
f 1189/2027/1869 1190/2460/2228 1165/2028/1870
f 1165/2028/1870 1190/2460/2228 1166/2461/2229
f 1165/2028/1870 1166/2461/2229 1141/2029/1871
f 1141/2029/1871 1166/2461/2229 1142/2462/2230
f 1141/2029/1871 1142/2462/2230 1117/2030/1872
f 1117/2030/1872 1142/2462/2230 1118/2463/2231
f 1117/2030/1872 1118/2463/2231 1093/2031/1873
f 1093/2031/1873 1118/2463/2231 1094/2464/2232
f 1093/2031/1873 1094/2464/2232 1045/2032/1874
f 1045/2032/1874 1094/2464/2232 1046/2465/2233
f 1045/2032/1874 1046/2465/2233 1056/2033/1875
f 1056/2033/1875 1046/2465/2233 1055/2466/2234
f 1056/2033/1875 1055/2466/2234 1021/2034/1876
f 1021/2034/1876 1055/2466/2234 1022/2467/2235
f 1021/2034/1876 1022/2467/2235 998/2035/1877
f 998/2035/1877 1022/2467/2235 999/2468/2236
f 998/2035/1877 999/2468/2236 974/2036/1878
f 974/2036/1878 999/2468/2236 975/2469/2237
f 974/2036/1878 975/2469/2237 950/2037/1879
f 950/2037/1879 975/2469/2237 951/2470/2238
f 950/2037/1879 951/2470/2238 926/2038/1880
f 926/2038/1880 951/2470/2238 927/1338/1190
f 926/2038/1880 927/1338/1190 902/1336/1188
f 764/2432/2200 765/2471/2239 1835/2433/2201
f 1835/2433/2201 765/2471/2239 1836/2472/2240
f 1835/2433/2201 1836/2472/2240 1811/2434/2202
f 1811/2434/2202 1836/2472/2240 1812/2473/2241
f 1811/2434/2202 1812/2473/2241 1787/2435/2203
f 1787/2435/2203 1812/2473/2241 1788/2474/2242
f 1787/2435/2203 1788/2474/2242 1763/2436/2204
f 1763/2436/2204 1788/2474/2242 1764/2475/2243
f 1763/2436/2204 1764/2475/2243 1739/2437/2205
f 1739/2437/2205 1764/2475/2243 1740/2476/2244
f 1739/2437/2205 1740/2476/2244 1715/2438/2206
f 1715/2438/2206 1740/2476/2244 1716/2477/2245
f 1715/2438/2206 1716/2477/2245 1691/2439/2207
f 1691/2439/2207 1716/2477/2245 1692/2478/2246
f 1691/2439/2207 1692/2478/2246 1643/2440/2208
f 1643/2440/2208 1692/2478/2246 1644/2479/2247
f 1643/2440/2208 1644/2479/2247 1656/2441/2209
f 1656/2441/2209 1644/2479/2247 1655/2480/2248
f 1656/2441/2209 1655/2480/2248 1619/2442/2210
f 1619/2442/2210 1655/2480/2248 1620/2481/2249
f 1619/2442/2210 1620/2481/2249 1595/2443/2211
f 1595/2443/2211 1620/2481/2249 1596/2482/2250
f 1595/2443/2211 1596/2482/2250 1571/2444/2212
f 1571/2444/2212 1596/2482/2250 1572/2483/2251
f 1571/2444/2212 1572/2483/2251 1547/2445/2213
f 1547/2445/2213 1572/2483/2251 1548/2484/2252
f 1547/2445/2213 1548/2484/2252 1523/2446/2214
f 1523/2446/2214 1548/2484/2252 1524/2485/2253
f 1523/2446/2214 1524/2485/2253 1499/2447/2215
f 1499/2447/2215 1524/2485/2253 1500/2486/2254
f 1499/2447/2215 1500/2486/2254 1451/2448/2216
f 1451/2448/2216 1500/2486/2254 1452/2487/2255
f 1451/2448/2216 1452/2487/2255 1464/2449/2217
f 1464/2449/2217 1452/2487/2255 1463/2488/2256
f 1464/2449/2217 1463/2488/2256 1427/2450/2218
f 1427/2450/2218 1463/2488/2256 1428/2489/2257
f 1427/2450/2218 1428/2489/2257 1404/2451/2219
f 1404/2451/2219 1428/2489/2257 1405/2490/2258
f 1404/2451/2219 1405/2490/2258 1380/2452/2220
f 1380/2452/2220 1405/2490/2258 1381/2491/2259
f 1380/2452/2220 1381/2491/2259 1356/2453/2221
f 1356/2453/2221 1381/2491/2259 1357/2492/2260
f 1356/2453/2221 1357/2492/2260 1332/2454/2222
f 1332/2454/2222 1357/2492/2260 1333/2493/2261
f 1332/2454/2222 1333/2493/2261 1308/2455/2223
f 1308/2455/2223 1333/2493/2261 1309/2494/2262
f 1308/2455/2223 1309/2494/2262 1284/2456/2224
f 1284/2456/2224 1309/2494/2262 1285/2495/2263
f 1284/2456/2224 1285/2495/2263 1236/2457/2225
f 1236/2457/2225 1285/2495/2263 1237/2496/2264
f 1236/2457/2225 1237/2496/2264 1248/2458/2226
f 1248/2458/2226 1237/2496/2264 1247/2497/2265
f 1248/2458/2226 1247/2497/2265 1214/2459/2227
f 1214/2459/2227 1247/2497/2265 1215/2498/2266
f 1214/2459/2227 1215/2498/2266 1190/2460/2228
f 1190/2460/2228 1215/2498/2266 1191/2499/2267
f 1190/2460/2228 1191/2499/2267 1166/2461/2229
f 1166/2461/2229 1191/2499/2267 1167/2500/2268
f 1166/2461/2229 1167/2500/2268 1142/2462/2230
f 1142/2462/2230 1167/2500/2268 1143/2501/2269
f 1142/2462/2230 1143/2501/2269 1118/2463/2231
f 1118/2463/2231 1143/2501/2269 1119/2502/2270
f 1118/2463/2231 1119/2502/2270 1094/2464/2232
f 1094/2464/2232 1119/2502/2270 1095/2503/2271
f 1094/2464/2232 1095/2503/2271 1046/2465/2233
f 1046/2465/2233 1095/2503/2271 1047/2504/2272
f 1046/2465/2233 1047/2504/2272 1055/2466/2234
f 1055/2466/2234 1047/2504/2272 1054/2505/2273
f 1055/2466/2234 1054/2505/2273 1022/2467/2235
f 1022/2467/2235 1054/2505/2273 1023/2506/2274
f 1022/2467/2235 1023/2506/2274 999/2468/2236
f 999/2468/2236 1023/2506/2274 1000/2507/2275
f 999/2468/2236 1000/2507/2275 975/2469/2237
f 975/2469/2237 1000/2507/2275 976/2508/2276
f 975/2469/2237 976/2508/2276 951/2470/2238
f 951/2470/2238 976/2508/2276 952/1340/1192
f 951/2470/2238 952/1340/1192 927/1338/1190
f 764/2509/2200 763/1998/1841 1859/2510/2277
f 1859/2510/2277 763/1998/1841 1858/1997/1840
f 1859/2510/2277 1858/1997/1840 1883/2511/2278
f 1883/2511/2278 1858/1997/1840 1882/1996/1839
f 1883/2511/2278 1882/1996/1839 1907/2512/2279
f 1907/2512/2279 1882/1996/1839 1906/1995/1838
f 1907/2512/2279 1906/1995/1838 1931/2513/2280
f 1931/2513/2280 1906/1995/1838 1930/1994/1837
f 1931/2513/2280 1930/1994/1837 1955/2514/2281
f 1955/2514/2281 1930/1994/1837 1954/1993/1836
f 1955/2514/2281 1954/1993/1836 1979/2515/2282
f 1979/2515/2282 1954/1993/1836 1978/1992/1835
f 1979/2515/2282 1978/1992/1835 2003/2516/2283
f 2003/2516/2283 1978/1992/1835 2002/1991/1834
f 2003/2516/2283 2002/1991/1834 2032/2517/2284
f 2032/2517/2284 2002/1991/1834 2033/1990/1833
f 2032/2517/2284 2033/1990/1833 2019/2518/2285
f 2019/2518/2285 2033/1990/1833 2018/1989/1832
f 2019/2518/2285 2018/1989/1832 2055/2041/1883
f 2055/2041/1883 2018/1989/1832 2054/1988/1831
f 765/2471/2239 766/2519/2286 1836/2472/2240
f 1836/2472/2240 766/2519/2286 1837/2520/2287
f 1836/2472/2240 1837/2520/2287 1812/2473/2241
f 1812/2473/2241 1837/2520/2287 1813/2521/2288
f 1812/2473/2241 1813/2521/2288 1788/2474/2242
f 1788/2474/2242 1813/2521/2288 1789/2522/2289
f 1788/2474/2242 1789/2522/2289 1764/2475/2243
f 1764/2475/2243 1789/2522/2289 1765/2523/2290
f 1764/2475/2243 1765/2523/2290 1740/2476/2244
f 1740/2476/2244 1765/2523/2290 1741/2524/2291
f 1740/2476/2244 1741/2524/2291 1716/2477/2245
f 1716/2477/2245 1741/2524/2291 1717/2525/2292
f 1716/2477/2245 1717/2525/2292 1692/2478/2246
f 1692/2478/2246 1717/2525/2292 1693/2526/2293
f 1692/2478/2246 1693/2526/2293 1644/2479/2247
f 1644/2479/2247 1693/2526/2293 1645/2527/2294
f 1644/2479/2247 1645/2527/2294 1655/2480/2248
f 1655/2480/2248 1645/2527/2294 1654/2528/2295
f 1655/2480/2248 1654/2528/2295 1620/2481/2249
f 1620/2481/2249 1654/2528/2295 1621/2529/2296
f 1620/2481/2249 1621/2529/2296 1596/2482/2250
f 1596/2482/2250 1621/2529/2296 1597/2530/2297
f 1596/2482/2250 1597/2530/2297 1572/2483/2251
f 1572/2483/2251 1597/2530/2297 1573/2531/2298
f 1572/2483/2251 1573/2531/2298 1548/2484/2252
f 1548/2484/2252 1573/2531/2298 1549/2532/2299
f 1548/2484/2252 1549/2532/2299 1524/2485/2253
f 1524/2485/2253 1549/2532/2299 1525/2533/2300
f 1524/2485/2253 1525/2533/2300 1500/2486/2254
f 1500/2486/2254 1525/2533/2300 1501/2534/2301
f 1500/2486/2254 1501/2534/2301 1452/2487/2255
f 1452/2487/2255 1501/2534/2301 1453/2535/2302
f 1452/2487/2255 1453/2535/2302 1463/2488/2256
f 1463/2488/2256 1453/2535/2302 1462/2536/2303
f 1463/2488/2256 1462/2536/2303 1428/2489/2257
f 1428/2489/2257 1462/2536/2303 1429/2537/2304
f 1428/2489/2257 1429/2537/2304 1405/2490/2258
f 1405/2490/2258 1429/2537/2304 1406/2538/2305
f 1405/2490/2258 1406/2538/2305 1381/2491/2259
f 1381/2491/2259 1406/2538/2305 1382/2539/2306
f 1381/2491/2259 1382/2539/2306 1357/2492/2260
f 1357/2492/2260 1382/2539/2306 1358/2540/2307
f 1357/2492/2260 1358/2540/2307 1333/2493/2261
f 1333/2493/2261 1358/2540/2307 1334/2541/2308
f 1333/2493/2261 1334/2541/2308 1309/2494/2262
f 1309/2494/2262 1334/2541/2308 1310/2542/2309
f 1309/2494/2262 1310/2542/2309 1285/2495/2263
f 1285/2495/2263 1310/2542/2309 1286/2543/2310
f 1285/2495/2263 1286/2543/2310 1237/2496/2264
f 1237/2496/2264 1286/2543/2310 1238/2544/2311
f 1237/2496/2264 1238/2544/2311 1247/2497/2265
f 1247/2497/2265 1238/2544/2311 1246/2545/2312
f 1247/2497/2265 1246/2545/2312 1215/2498/2266
f 1215/2498/2266 1246/2545/2312 1216/2546/2313
f 1215/2498/2266 1216/2546/2313 1191/2499/2267
f 1191/2499/2267 1216/2546/2313 1192/2547/2314
f 1191/2499/2267 1192/2547/2314 1167/2500/2268
f 1167/2500/2268 1192/2547/2314 1168/2548/2315
f 1167/2500/2268 1168/2548/2315 1143/2501/2269
f 1143/2501/2269 1168/2548/2315 1144/2549/2316
f 1143/2501/2269 1144/2549/2316 1119/2502/2270
f 1119/2502/2270 1144/2549/2316 1120/2550/2317
f 1119/2502/2270 1120/2550/2317 1095/2503/2271
f 1095/2503/2271 1120/2550/2317 1096/2551/2318
f 1095/2503/2271 1096/2551/2318 1047/2504/2272
f 1047/2504/2272 1096/2551/2318 1048/2552/2319
f 1047/2504/2272 1048/2552/2319 1054/2505/2273
f 1054/2505/2273 1048/2552/2319 1053/2553/2320
f 1054/2505/2273 1053/2553/2320 1023/2506/2274
f 1023/2506/2274 1053/2553/2320 1024/2554/2321
f 1023/2506/2274 1024/2554/2321 1000/2507/2275
f 1000/2507/2275 1024/2554/2321 1001/2555/2322
f 1000/2507/2275 1001/2555/2322 976/2508/2276
f 976/2508/2276 1001/2555/2322 977/1342/1194
f 976/2508/2276 977/1342/1194 952/1340/1192
f 765/2556/2239 764/2509/2200 1860/2557/2323
f 1860/2557/2323 764/2509/2200 1859/2510/2277
f 1860/2557/2323 1859/2510/2277 1884/2558/2324
f 1884/2558/2324 1859/2510/2277 1883/2511/2278
f 1884/2558/2324 1883/2511/2278 1908/2559/2325
f 1908/2559/2325 1883/2511/2278 1907/2512/2279
f 1908/2559/2325 1907/2512/2279 1932/2560/2326
f 1932/2560/2326 1907/2512/2279 1931/2513/2280
f 1932/2560/2326 1931/2513/2280 1956/2561/2327
f 1956/2561/2327 1931/2513/2280 1955/2514/2281
f 1956/2561/2327 1955/2514/2281 1980/2562/2328
f 1980/2562/2328 1955/2514/2281 1979/2515/2282
f 1980/2562/2328 1979/2515/2282 2004/2563/2329
f 2004/2563/2329 1979/2515/2282 2003/2516/2283
f 2004/2563/2329 2003/2516/2283 2031/2564/2330
f 2031/2564/2330 2003/2516/2283 2032/2517/2284
f 2031/2564/2330 2032/2517/2284 2020/2565/2331
f 2020/2565/2331 2032/2517/2284 2019/2518/2285
f 2020/2565/2331 2019/2518/2285 2056/2044/1886
f 2056/2044/1886 2019/2518/2285 2055/2041/1883
f 766/2519/2286 767/2566/2332 1837/2520/2287
f 1837/2520/2287 767/2566/2332 1838/2567/2333
f 1837/2520/2287 1838/2567/2333 1813/2521/2288
f 1813/2521/2288 1838/2567/2333 1814/2568/2334
f 1813/2521/2288 1814/2568/2334 1789/2522/2289
f 1789/2522/2289 1814/2568/2334 1790/2569/2335
f 1789/2522/2289 1790/2569/2335 1765/2523/2290
f 1765/2523/2290 1790/2569/2335 1766/2570/2336
f 1765/2523/2290 1766/2570/2336 1741/2524/2291
f 1741/2524/2291 1766/2570/2336 1742/2571/2337
f 1741/2524/2291 1742/2571/2337 1717/2525/2292
f 1717/2525/2292 1742/2571/2337 1718/2572/2338
f 1717/2525/2292 1718/2572/2338 1693/2526/2293
f 1693/2526/2293 1718/2572/2338 1694/2573/2339
f 1693/2526/2293 1694/2573/2339 1645/2527/2294
f 1645/2527/2294 1694/2573/2339 1646/2574/2340
f 1645/2527/2294 1646/2574/2340 1654/2528/2295
f 1654/2528/2295 1646/2574/2340 1653/2575/2341
f 1654/2528/2295 1653/2575/2341 1621/2529/2296
f 1621/2529/2296 1653/2575/2341 1622/2576/2342
f 1621/2529/2296 1622/2576/2342 1597/2530/2297
f 1597/2530/2297 1622/2576/2342 1598/2577/2343
f 1597/2530/2297 1598/2577/2343 1573/2531/2298
f 1573/2531/2298 1598/2577/2343 1574/2578/2344
f 1573/2531/2298 1574/2578/2344 1549/2532/2299
f 1549/2532/2299 1574/2578/2344 1550/2579/2345
f 1549/2532/2299 1550/2579/2345 1525/2533/2300
f 1525/2533/2300 1550/2579/2345 1526/2580/2346
f 1525/2533/2300 1526/2580/2346 1501/2534/2301
f 1501/2534/2301 1526/2580/2346 1502/2581/2347
f 1501/2534/2301 1502/2581/2347 1453/2535/2302
f 1453/2535/2302 1502/2581/2347 1454/2582/2348
f 1453/2535/2302 1454/2582/2348 1462/2536/2303
f 1462/2536/2303 1454/2582/2348 1461/2583/2349
f 1462/2536/2303 1461/2583/2349 1429/2537/2304
f 1429/2537/2304 1461/2583/2349 1430/2584/2350
f 1429/2537/2304 1430/2584/2350 1406/2538/2305
f 1406/2538/2305 1430/2584/2350 1407/2585/2351
f 1406/2538/2305 1407/2585/2351 1382/2539/2306
f 1382/2539/2306 1407/2585/2351 1383/2586/2352
f 1382/2539/2306 1383/2586/2352 1358/2540/2307
f 1358/2540/2307 1383/2586/2352 1359/2587/2353
f 1358/2540/2307 1359/2587/2353 1334/2541/2308
f 1334/2541/2308 1359/2587/2353 1335/2588/2354
f 1334/2541/2308 1335/2588/2354 1310/2542/2309
f 1310/2542/2309 1335/2588/2354 1311/2589/2355
f 1310/2542/2309 1311/2589/2355 1286/2543/2310
f 1286/2543/2310 1311/2589/2355 1287/2590/2356
f 1286/2543/2310 1287/2590/2356 1238/2544/2311
f 1238/2544/2311 1287/2590/2356 1239/2591/2357
f 1238/2544/2311 1239/2591/2357 1246/2545/2312
f 1246/2545/2312 1239/2591/2357 1245/2592/2358
f 1246/2545/2312 1245/2592/2358 1216/2546/2313
f 1216/2546/2313 1245/2592/2358 1217/2593/2359
f 1216/2546/2313 1217/2593/2359 1192/2547/2314
f 1192/2547/2314 1217/2593/2359 1193/2594/2360
f 1192/2547/2314 1193/2594/2360 1168/2548/2315
f 1168/2548/2315 1193/2594/2360 1169/2595/2361
f 1168/2548/2315 1169/2595/2361 1144/2549/2316
f 1144/2549/2316 1169/2595/2361 1145/2596/2362
f 1144/2549/2316 1145/2596/2362 1120/2550/2317
f 1120/2550/2317 1145/2596/2362 1121/2597/2363
f 1120/2550/2317 1121/2597/2363 1096/2551/2318
f 1096/2551/2318 1121/2597/2363 1097/2598/2364
f 1096/2551/2318 1097/2598/2364 1048/2552/2319
f 1048/2552/2319 1097/2598/2364 1049/2599/2365
f 1048/2552/2319 1049/2599/2365 1053/2553/2320
f 1053/2553/2320 1049/2599/2365 1052/2600/2366
f 1053/2553/2320 1052/2600/2366 1024/2554/2321
f 1024/2554/2321 1052/2600/2366 1025/2601/2367
f 1024/2554/2321 1025/2601/2367 1001/2555/2322
f 1001/2555/2322 1025/2601/2367 1002/1344/1196
f 1001/2555/2322 1002/1344/1196 977/1342/1194
f 766/2602/2286 765/2556/2239 1861/2603/2368
f 1861/2603/2368 765/2556/2239 1860/2557/2323
f 1861/2603/2368 1860/2557/2323 1885/2604/2369
f 1885/2604/2369 1860/2557/2323 1884/2558/2324
f 1885/2604/2369 1884/2558/2324 1909/2605/2370
f 1909/2605/2370 1884/2558/2324 1908/2559/2325
f 1909/2605/2370 1908/2559/2325 1933/2606/2371
f 1933/2606/2371 1908/2559/2325 1932/2560/2326
f 1933/2606/2371 1932/2560/2326 1957/2607/2372
f 1957/2607/2372 1932/2560/2326 1956/2561/2327
f 1957/2607/2372 1956/2561/2327 1981/2608/2373
f 1981/2608/2373 1956/2561/2327 1980/2562/2328
f 1981/2608/2373 1980/2562/2328 2005/2609/2374
f 2005/2609/2374 1980/2562/2328 2004/2563/2329
f 2005/2609/2374 2004/2563/2329 2030/2610/2375
f 2030/2610/2375 2004/2563/2329 2031/2564/2330
f 2030/2610/2375 2031/2564/2330 2021/2611/2376
f 2021/2611/2376 2031/2564/2330 2020/2565/2331
f 2021/2611/2376 2020/2565/2331 2057/2612/2377
f 2057/2612/2377 2020/2565/2331 2056/2044/1886
f 2057/2612/2377 2056/2044/1886 2062/2049/1891
f 767/2566/2332 768/2613/2378 1838/2567/2333
f 1838/2567/2333 768/2613/2378 1839/2614/2379
f 1838/2567/2333 1839/2614/2379 1814/2568/2334
f 1814/2568/2334 1839/2614/2379 1815/2615/2380
f 1814/2568/2334 1815/2615/2380 1790/2569/2335
f 1790/2569/2335 1815/2615/2380 1791/2616/2381
f 1790/2569/2335 1791/2616/2381 1766/2570/2336
f 1766/2570/2336 1791/2616/2381 1767/2617/2382
f 1766/2570/2336 1767/2617/2382 1742/2571/2337
f 1742/2571/2337 1767/2617/2382 1743/2618/2383
f 1742/2571/2337 1743/2618/2383 1718/2572/2338
f 1718/2572/2338 1743/2618/2383 1719/2619/2384
f 1718/2572/2338 1719/2619/2384 1694/2573/2339
f 1694/2573/2339 1719/2619/2384 1695/2620/2385
f 1694/2573/2339 1695/2620/2385 1646/2574/2340
f 1646/2574/2340 1695/2620/2385 1647/2621/2386
f 1646/2574/2340 1647/2621/2386 1653/2575/2341
f 1653/2575/2341 1647/2621/2386 1652/2622/2387
f 1653/2575/2341 1652/2622/2387 1622/2576/2342
f 1622/2576/2342 1652/2622/2387 1623/2623/2388
f 1622/2576/2342 1623/2623/2388 1598/2577/2343
f 1598/2577/2343 1623/2623/2388 1599/2624/2389
f 1598/2577/2343 1599/2624/2389 1574/2578/2344
f 1574/2578/2344 1599/2624/2389 1575/2625/2390
f 1574/2578/2344 1575/2625/2390 1550/2579/2345
f 1550/2579/2345 1575/2625/2390 1551/2626/2391
f 1550/2579/2345 1551/2626/2391 1526/2580/2346
f 1526/2580/2346 1551/2626/2391 1527/2627/2392
f 1526/2580/2346 1527/2627/2392 1502/2581/2347
f 1502/2581/2347 1527/2627/2392 1503/2628/2393
f 1502/2581/2347 1503/2628/2393 1454/2582/2348
f 1454/2582/2348 1503/2628/2393 1455/2629/2394
f 1454/2582/2348 1455/2629/2394 1461/2583/2349
f 1461/2583/2349 1455/2629/2394 1460/2630/2395
f 1461/2583/2349 1460/2630/2395 1430/2584/2350
f 1430/2584/2350 1460/2630/2395 1431/2631/2396
f 1430/2584/2350 1431/2631/2396 1407/2585/2351
f 1407/2585/2351 1431/2631/2396 1408/2632/2397
f 1407/2585/2351 1408/2632/2397 1383/2586/2352
f 1383/2586/2352 1408/2632/2397 1384/2633/2398
f 1383/2586/2352 1384/2633/2398 1359/2587/2353
f 1359/2587/2353 1384/2633/2398 1360/2634/2399
f 1359/2587/2353 1360/2634/2399 1335/2588/2354
f 1335/2588/2354 1360/2634/2399 1336/2635/2400
f 1335/2588/2354 1336/2635/2400 1311/2589/2355
f 1311/2589/2355 1336/2635/2400 1312/2636/2401
f 1311/2589/2355 1312/2636/2401 1287/2590/2356
f 1287/2590/2356 1312/2636/2401 1288/2637/2402
f 1287/2590/2356 1288/2637/2402 1239/2591/2357
f 1239/2591/2357 1288/2637/2402 1240/2638/2403
f 1239/2591/2357 1240/2638/2403 1245/2592/2358
f 1245/2592/2358 1240/2638/2403 1244/2639/2404
f 1245/2592/2358 1244/2639/2404 1217/2593/2359
f 1217/2593/2359 1244/2639/2404 1218/2640/2405
f 1217/2593/2359 1218/2640/2405 1193/2594/2360
f 1193/2594/2360 1218/2640/2405 1194/2225/2032
f 1193/2594/2360 1194/2225/2032 1169/2595/2361
f 1169/2595/2361 1194/2225/2032 1170/2227/2033
f 1169/2595/2361 1170/2227/2033 1145/2596/2362
f 1145/2596/2362 1170/2227/2033 1146/2229/2034
f 1145/2596/2362 1146/2229/2034 1121/2597/2363
f 1121/2597/2363 1146/2229/2034 1122/2231/2035
f 1121/2597/2363 1122/2231/2035 1097/2598/2364
f 1097/2598/2364 1122/2231/2035 1098/2233/2036
f 1097/2598/2364 1098/2233/2036 1049/2599/2365
f 1049/2599/2365 1098/2233/2036 1050/2235/2037
f 1049/2599/2365 1050/2235/2037 1052/2600/2366
f 1052/2600/2366 1050/2235/2037 1051/2237/2038
f 1052/2600/2366 1051/2237/2038 1025/2601/2367
f 1025/2601/2367 1051/2237/2038 1026/1346/1198
f 1025/2601/2367 1026/1346/1198 1002/1344/1196
f 767/2641/2332 766/2602/2286 1862/2642/2406
f 1862/2642/2406 766/2602/2286 1861/2603/2368
f 1862/2642/2406 1861/2603/2368 1886/2643/2407
f 1886/2643/2407 1861/2603/2368 1885/2604/2369
f 1886/2643/2407 1885/2604/2369 1910/2644/2408
f 1910/2644/2408 1885/2604/2369 1909/2605/2370
f 1910/2644/2408 1909/2605/2370 1934/2645/2409
f 1934/2645/2409 1909/2605/2370 1933/2606/2371
f 1934/2645/2409 1933/2606/2371 1958/2646/2410
f 1958/2646/2410 1933/2606/2371 1957/2607/2372
f 1958/2646/2410 1957/2607/2372 1982/2647/2411
f 1982/2647/2411 1957/2607/2372 1981/2608/2373
f 1982/2647/2411 1981/2608/2373 2006/2648/2412
f 2006/2648/2412 1981/2608/2373 2005/2609/2374
f 2006/2648/2412 2005/2609/2374 2029/2649/2413
f 2029/2649/2413 2005/2609/2374 2030/2610/2375
f 2029/2649/2413 2030/2610/2375 2022/2650/2414
f 2022/2650/2414 2030/2610/2375 2021/2611/2376
f 2022/2650/2414 2021/2611/2376 2058/2651/2415
f 2058/2651/2415 2021/2611/2376 2057/2612/2377
f 2058/2651/2415 2057/2612/2377 2063/2652/2416
f 2063/2652/2416 2057/2612/2377 2062/2049/1891
f 2063/2652/2416 2062/2049/1891 2078/2051/1893
f 768/2613/2378 769/2653/2417 1839/2614/2379
f 1839/2614/2379 769/2653/2417 1840/2654/2418
f 1839/2614/2379 1840/2654/2418 1815/2615/2380
f 1815/2615/2380 1840/2654/2418 1816/2655/2419
f 1815/2615/2380 1816/2655/2419 1791/2616/2381
f 1791/2616/2381 1816/2655/2419 1792/2656/2420
f 1791/2616/2381 1792/2656/2420 1767/2617/2382
f 1767/2617/2382 1792/2656/2420 1768/2657/2421
f 1767/2617/2382 1768/2657/2421 1743/2618/2383
f 1743/2618/2383 1768/2657/2421 1744/2658/2422
f 1743/2618/2383 1744/2658/2422 1719/2619/2384
f 1719/2619/2384 1744/2658/2422 1720/2659/2423
f 1719/2619/2384 1720/2659/2423 1695/2620/2385
f 1695/2620/2385 1720/2659/2423 1696/2660/2424
f 1695/2620/2385 1696/2660/2424 1647/2621/2386
f 1647/2621/2386 1696/2660/2424 1648/2661/2425
f 1647/2621/2386 1648/2661/2425 1652/2622/2387
f 1652/2622/2387 1648/2661/2425 1651/2662/2426
f 1652/2622/2387 1651/2662/2426 1623/2623/2388
f 1623/2623/2388 1651/2662/2426 1624/2663/2427
f 1623/2623/2388 1624/2663/2427 1599/2624/2389
f 1599/2624/2389 1624/2663/2427 1600/2664/2428
f 1599/2624/2389 1600/2664/2428 1575/2625/2390
f 1575/2625/2390 1600/2664/2428 1576/2665/2429
f 1575/2625/2390 1576/2665/2429 1551/2626/2391
f 1551/2626/2391 1576/2665/2429 1552/2666/2430
f 1551/2626/2391 1552/2666/2430 1527/2627/2392
f 1527/2627/2392 1552/2666/2430 1528/2667/2431
f 1527/2627/2392 1528/2667/2431 1503/2628/2393
f 1503/2628/2393 1528/2667/2431 1504/2668/2432
f 1503/2628/2393 1504/2668/2432 1455/2629/2394
f 1455/2629/2394 1504/2668/2432 1456/2669/2433
f 1455/2629/2394 1456/2669/2433 1460/2630/2395
f 1460/2630/2395 1456/2669/2433 1459/2670/2434
f 1460/2630/2395 1459/2670/2434 1431/2631/2396
f 1431/2631/2396 1459/2670/2434 1432/2671/2435
f 1431/2631/2396 1432/2671/2435 1408/2632/2397
f 1408/2632/2397 1432/2671/2435 1409/2672/2436
f 1408/2632/2397 1409/2672/2436 1384/2633/2398
f 1384/2633/2398 1409/2672/2436 1385/2673/2437
f 1384/2633/2398 1385/2673/2437 1360/2634/2399
f 1360/2634/2399 1385/2673/2437 1361/2674/2438
f 1360/2634/2399 1361/2674/2438 1336/2635/2400
f 1336/2635/2400 1361/2674/2438 1337/2675/2439
f 1336/2635/2400 1337/2675/2439 1312/2636/2401
f 1312/2636/2401 1337/2675/2439 1313/2676/2440
f 1312/2636/2401 1313/2676/2440 1288/2637/2402
f 1288/2637/2402 1313/2676/2440 1289/2677/2441
f 1288/2637/2402 1289/2677/2441 1240/2638/2403
f 1240/2638/2403 1289/2677/2441 1241/2678/2442
f 1240/2638/2403 1241/2678/2442 1244/2639/2404
f 1244/2639/2404 1241/2678/2442 1243/2224/2031
f 1244/2639/2404 1243/2224/2031 1218/2640/2405
f 1218/2640/2405 1243/2224/2031 746/2679/1199
f 1218/2640/2405 746/2679/1199 1194/2225/2032
f 768/2680/2378 767/2641/2332 1863/2681/2443
f 1863/2681/2443 767/2641/2332 1862/2642/2406
f 1863/2681/2443 1862/2642/2406 1887/2682/2444
f 1887/2682/2444 1862/2642/2406 1886/2643/2407
f 1887/2682/2444 1886/2643/2407 1911/2683/2445
f 1911/2683/2445 1886/2643/2407 1910/2644/2408
f 1911/2683/2445 1910/2644/2408 1935/2684/2446
f 1935/2684/2446 1910/2644/2408 1934/2645/2409
f 1935/2684/2446 1934/2645/2409 1959/2685/2447
f 1959/2685/2447 1934/2645/2409 1958/2646/2410
f 1959/2685/2447 1958/2646/2410 1983/2686/2448
f 1983/2686/2448 1958/2646/2410 1982/2647/2411
f 1983/2686/2448 1982/2647/2411 2007/2687/2449
f 2007/2687/2449 1982/2647/2411 2006/2648/2412
f 2007/2687/2449 2006/2648/2412 2028/2688/2450
f 2028/2688/2450 2006/2648/2412 2029/2649/2413
f 2028/2688/2450 2029/2649/2413 2023/2689/2451
f 2023/2689/2451 2029/2649/2413 2022/2650/2414
f 2023/2689/2451 2022/2650/2414 2059/2690/2452
f 2059/2690/2452 2022/2650/2414 2058/2651/2415
f 2059/2690/2452 2058/2651/2415 2064/2691/2453
f 2064/2691/2453 2058/2651/2415 2063/2652/2416
f 2064/2691/2453 2063/2652/2416 2077/2692/2454
f 2077/2692/2454 2063/2652/2416 2078/2051/1893
f 2077/2692/2454 2078/2051/1893 2072/2053/1895
f 769/2653/2417 770/2173/2005 1840/2654/2418
f 1840/2654/2418 770/2173/2005 1841/2175/2006
f 1840/2654/2418 1841/2175/2006 1816/2655/2419
f 1816/2655/2419 1841/2175/2006 1817/2177/2007
f 1816/2655/2419 1817/2177/2007 1792/2656/2420
f 1792/2656/2420 1817/2177/2007 1793/2179/2008
f 1792/2656/2420 1793/2179/2008 1768/2657/2421
f 1768/2657/2421 1793/2179/2008 1769/2181/2009
f 1768/2657/2421 1769/2181/2009 1744/2658/2422
f 1744/2658/2422 1769/2181/2009 1745/2183/2010
f 1744/2658/2422 1745/2183/2010 1720/2659/2423
f 1720/2659/2423 1745/2183/2010 1721/2185/2011
f 1720/2659/2423 1721/2185/2011 1696/2660/2424
f 1696/2660/2424 1721/2185/2011 1697/2187/2012
f 1696/2660/2424 1697/2187/2012 1648/2661/2425
f 1648/2661/2425 1697/2187/2012 1649/2189/2013
f 1648/2661/2425 1649/2189/2013 1651/2662/2426
f 1651/2662/2426 1649/2189/2013 1650/2191/2014
f 1651/2662/2426 1650/2191/2014 1624/2663/2427
f 1624/2663/2427 1650/2191/2014 1625/2193/2015
f 1624/2663/2427 1625/2193/2015 1600/2664/2428
f 1600/2664/2428 1625/2193/2015 1601/2195/2016
f 1600/2664/2428 1601/2195/2016 1576/2665/2429
f 1576/2665/2429 1601/2195/2016 1577/2197/2017
f 1576/2665/2429 1577/2197/2017 1552/2666/2430
f 1552/2666/2430 1577/2197/2017 1553/2199/2018
f 1552/2666/2430 1553/2199/2018 1528/2667/2431
f 1528/2667/2431 1553/2199/2018 1529/2201/2019
f 1528/2667/2431 1529/2201/2019 1504/2668/2432
f 1504/2668/2432 1529/2201/2019 1505/2203/2020
f 1504/2668/2432 1505/2203/2020 1456/2669/2433
f 1456/2669/2433 1505/2203/2020 1457/2205/2021
f 1456/2669/2433 1457/2205/2021 1459/2670/2434
f 1459/2670/2434 1457/2205/2021 1458/2207/2022
f 1459/2670/2434 1458/2207/2022 1432/2671/2435
f 1432/2671/2435 1458/2207/2022 1433/2209/2023
f 1432/2671/2435 1433/2209/2023 1409/2672/2436
f 1409/2672/2436 1433/2209/2023 1410/2211/2024
f 1409/2672/2436 1410/2211/2024 1385/2673/2437
f 1385/2673/2437 1410/2211/2024 1386/2213/2025
f 1385/2673/2437 1386/2213/2025 1361/2674/2438
f 1361/2674/2438 1386/2213/2025 1362/2215/2026
f 1361/2674/2438 1362/2215/2026 1337/2675/2439
f 1337/2675/2439 1362/2215/2026 1338/2217/2027
f 1337/2675/2439 1338/2217/2027 1313/2676/2440
f 1313/2676/2440 1338/2217/2027 1314/2219/2028
f 1313/2676/2440 1314/2219/2028 1289/2677/2441
f 1289/2677/2441 1314/2219/2028 1290/2221/2029
f 1289/2677/2441 1290/2221/2029 1241/2678/2442
f 1241/2678/2442 1290/2221/2029 1242/2222/2030
f 1241/2678/2442 1242/2222/2030 1243/2224/2031
f 769/2693/2417 768/2680/2378 1864/2694/2455
f 1864/2694/2455 768/2680/2378 1863/2681/2443
f 1864/2694/2455 1863/2681/2443 1888/2695/2456
f 1888/2695/2456 1863/2681/2443 1887/2682/2444
f 1888/2695/2456 1887/2682/2444 1912/2696/2457
f 1912/2696/2457 1887/2682/2444 1911/2683/2445
f 1912/2696/2457 1911/2683/2445 1936/2697/2458
f 1936/2697/2458 1911/2683/2445 1935/2684/2446
f 1936/2697/2458 1935/2684/2446 1960/2698/2459
f 1960/2698/2459 1935/2684/2446 1959/2685/2447
f 1960/2698/2459 1959/2685/2447 1984/2699/2460
f 1984/2699/2460 1959/2685/2447 1983/2686/2448
f 1984/2699/2460 1983/2686/2448 2008/2700/2461
f 2008/2700/2461 1983/2686/2448 2007/2687/2449
f 2008/2700/2461 2007/2687/2449 2027/2701/2462
f 2027/2701/2462 2007/2687/2449 2028/2688/2450
f 2027/2701/2462 2028/2688/2450 2024/2702/2463
f 2024/2702/2463 2028/2688/2450 2023/2689/2451
f 2024/2702/2463 2023/2689/2451 2060/2703/2464
f 2060/2703/2464 2023/2689/2451 2059/2690/2452
f 2060/2703/2464 2059/2690/2452 2065/2704/2465
f 2065/2704/2465 2059/2690/2452 2064/2691/2453
f 2065/2704/2465 2064/2691/2453 2076/2705/2466
f 2076/2705/2466 2064/2691/2453 2077/2692/2454
f 2076/2705/2466 2077/2692/2454 2073/2706/2467
f 2073/2706/2467 2077/2692/2454 2072/2053/1895
f 2073/2706/2467 2072/2053/1895 2085/2055/1897
f 770/2278/2005 769/2693/2417 1865/2276/2055
f 1865/2276/2055 769/2693/2417 1864/2694/2455
f 1865/2276/2055 1864/2694/2455 1889/2274/2054
f 1889/2274/2054 1864/2694/2455 1888/2695/2456
f 1889/2274/2054 1888/2695/2456 1913/2272/2053
f 1913/2272/2053 1888/2695/2456 1912/2696/2457
f 1913/2272/2053 1912/2696/2457 1937/2270/2052
f 1937/2270/2052 1912/2696/2457 1936/2697/2458
f 1937/2270/2052 1936/2697/2458 1961/2268/2051
f 1961/2268/2051 1936/2697/2458 1960/2698/2459
f 1961/2268/2051 1960/2698/2459 1985/2266/2050
f 1985/2266/2050 1960/2698/2459 1984/2699/2460
f 1985/2266/2050 1984/2699/2460 2009/2264/2049
f 2009/2264/2049 1984/2699/2460 2008/2700/2461
f 2009/2264/2049 2008/2700/2461 2026/2262/2048
f 2026/2262/2048 2008/2700/2461 2027/2701/2462
f 2026/2262/2048 2027/2701/2462 2025/2260/2047
f 2025/2260/2047 2027/2701/2462 2024/2702/2463
f 2025/2260/2047 2024/2702/2463 2061/2258/2046
f 2061/2258/2046 2024/2702/2463 2060/2703/2464
f 2061/2258/2046 2060/2703/2464 2066/2256/2045
f 2066/2256/2045 2060/2703/2464 2065/2704/2465
f 2066/2256/2045 2065/2704/2465 2075/2254/2044
f 2075/2254/2044 2065/2704/2465 2076/2705/2466
f 2075/2254/2044 2076/2705/2466 2074/2252/2043
f 2074/2252/2043 2076/2705/2466 2073/2706/2467
f 2074/2252/2043 2073/2706/2467 2086/2250/2042
f 2086/2250/2042 2073/2706/2467 2085/2055/1897
f 2086/2250/2042 2085/2055/1897 2091/2057/1899
f 2079/2050/1892 771/2048/1890 2080/2062/1903
f 785/2153/1986 783/2169/2001 802/1329/1181
f 784/2149/1982 786/2707/2468 774/2146/1979
f 774/2146/1979 786/2707/2468 795/2138/1972
f 774/2146/1979 795/2138/1972 2133/2137/1971
f 795/2138/1972 786/2707/2468 787/2139/1973
f 787/2139/1973 786/2707/2468 804/2708/2469
f 787/2139/1973 804/2708/2469 805/2140/1974
f 805/2140/1974 804/2708/2469 828/2709/2470
f 805/2140/1974 828/2709/2470 829/2141/1975
f 829/2141/1975 828/2709/2470 856/2710/2471
f 829/2141/1975 856/2710/2471 857/2142/1976
f 857/2142/1976 856/2710/2471 881/2711/2472
f 857/2142/1976 881/2711/2472 882/2143/1977
f 882/2143/1977 881/2711/2472 906/2712/2473
f 882/2143/1977 906/2712/2473 907/2144/1978
f 907/2144/1978 906/2712/2473 931/2241/2039
f 804/2708/2469 786/2707/2468 803/2154/1987
f 803/2154/1987 786/2707/2468 784/2149/1982
f 2137/2111/1948 791/2113/1950 2138/2245/2040
f 820/1355/1207 798/1353/1205 797/1484/1334
f 820/1355/1207 797/1484/1334 819/1491/1341
f 826/2155/1988 785/2153/1986 825/1331/1183
f 825/1331/1183 785/2153/1986 802/1329/1181
f 828/2709/2470 804/2708/2469 827/2156/1989
f 827/2156/1989 804/2708/2469 803/2154/1987
f 809/1509/1359 808/1511/1361 836/1522/1372
f 810/1507/1357 809/1509/1359 837/2713/2474
f 837/2713/2474 809/1509/1359 836/1522/1372
f 837/2713/2474 836/1522/1372 861/2714/2475
f 861/2714/2475 836/1522/1372 860/1524/1374
f 861/2714/2475 860/1524/1374 885/2715/2476
f 885/2715/2476 860/1524/1374 884/1526/1376
f 885/2715/2476 884/1526/1376 909/2716/2477
f 909/2716/2477 884/1526/1376 908/1528/1378
f 909/2716/2477 908/1528/1378 933/2717/2478
f 933/2717/2478 908/1528/1378 932/1530/1380
f 933/2717/2478 932/1530/1380 957/2718/2479
f 957/2718/2479 932/1530/1380 956/1532/1382
f 957/2718/2479 956/1532/1382 981/2719/2480
f 981/2719/2480 956/1532/1382 980/1534/1384
f 981/2719/2480 980/1534/1384 1004/2720/2481
f 1004/2720/2481 980/1534/1384 775/1536/1386
f 1004/2720/2481 775/1536/1386 1073/2721/2482
f 1073/2721/2482 775/1536/1386 1074/1538/1388
f 1073/2721/2482 1074/1538/1388 1028/1540/1390
f 811/1505/1355 810/1507/1357 838/2722/2483
f 838/2722/2483 810/1507/1357 837/2713/2474
f 838/2722/2483 837/2713/2474 862/2723/2484
f 862/2723/2484 837/2713/2474 861/2714/2475
f 862/2723/2484 861/2714/2475 886/2724/2485
f 886/2724/2485 861/2714/2475 885/2715/2476
f 886/2724/2485 885/2715/2476 910/2725/2486
f 910/2725/2486 885/2715/2476 909/2716/2477
f 910/2725/2486 909/2716/2477 934/2726/2487
f 934/2726/2487 909/2716/2477 933/2717/2478
f 934/2726/2487 933/2717/2478 958/2727/2488
f 958/2727/2488 933/2717/2478 957/2718/2479
f 958/2727/2488 957/2718/2479 982/2728/2489
f 982/2728/2489 957/2718/2479 981/2719/2480
f 982/2728/2489 981/2719/2480 1005/2729/2490
f 1005/2729/2490 981/2719/2480 1004/2720/2481
f 1005/2729/2490 1004/2720/2481 1072/2730/2491
f 1072/2730/2491 1004/2720/2481 1073/2721/2482
f 1072/2730/2491 1073/2721/2482 1029/2731/2492
f 1029/2731/2492 1073/2721/2482 1028/1540/1390
f 1029/2731/2492 1028/1540/1390 1077/1542/1392
f 812/1503/1353 811/1505/1355 839/2732/2493
f 839/2732/2493 811/1505/1355 838/2722/2483
f 839/2732/2493 838/2722/2483 863/2733/2494
f 863/2733/2494 838/2722/2483 862/2723/2484
f 863/2733/2494 862/2723/2484 887/2734/2495
f 887/2734/2495 862/2723/2484 886/2724/2485
f 887/2734/2495 886/2724/2485 911/2735/2496
f 911/2735/2496 886/2724/2485 910/2725/2486
f 911/2735/2496 910/2725/2486 935/2736/2497
f 935/2736/2497 910/2725/2486 934/2726/2487
f 935/2736/2497 934/2726/2487 959/2737/2498
f 959/2737/2498 934/2726/2487 958/2727/2488
f 959/2737/2498 958/2727/2488 983/2738/2499
f 983/2738/2499 958/2727/2488 982/2728/2489
f 983/2738/2499 982/2728/2489 1006/2739/2500
f 1006/2739/2500 982/2728/2489 1005/2729/2490
f 1006/2739/2500 1005/2729/2490 1071/2740/2501
f 1071/2740/2501 1005/2729/2490 1072/2730/2491
f 1071/2740/2501 1072/2730/2491 1030/2741/2502
f 1030/2741/2502 1072/2730/2491 1029/2731/2492
f 1030/2741/2502 1029/2731/2492 1078/2742/2503
f 1078/2742/2503 1029/2731/2492 1077/1542/1392
f 1078/2742/2503 1077/1542/1392 1102/1544/1394
f 813/1500/1350 812/1503/1353 840/2743/2504
f 840/2743/2504 812/1503/1353 839/2732/2493
f 840/2743/2504 839/2732/2493 864/2744/2505
f 864/2744/2505 839/2732/2493 863/2733/2494
f 864/2744/2505 863/2733/2494 888/2745/2506
f 888/2745/2506 863/2733/2494 887/2734/2495
f 888/2745/2506 887/2734/2495 912/2746/2507
f 912/2746/2507 887/2734/2495 911/2735/2496
f 912/2746/2507 911/2735/2496 936/2747/2508
f 936/2747/2508 911/2735/2496 935/2736/2497
f 936/2747/2508 935/2736/2497 960/2748/2509
f 960/2748/2509 935/2736/2497 959/2737/2498
f 960/2748/2509 959/2737/2498 984/2749/2510
f 984/2749/2510 959/2737/2498 983/2738/2499
f 984/2749/2510 983/2738/2499 1007/2750/2511
f 1007/2750/2511 983/2738/2499 1006/2739/2500
f 1007/2750/2511 1006/2739/2500 1070/2751/2512
f 1070/2751/2512 1006/2739/2500 1071/2740/2501
f 1070/2751/2512 1071/2740/2501 1031/2752/2513
f 1031/2752/2513 1071/2740/2501 1030/2741/2502
f 1031/2752/2513 1030/2741/2502 1079/2753/2514
f 1079/2753/2514 1030/2741/2502 1078/2742/2503
f 1079/2753/2514 1078/2742/2503 1103/2754/2515
f 1103/2754/2515 1078/2742/2503 1102/1544/1394
f 1103/2754/2515 1102/1544/1394 1127/1546/1396
f 814/1498/1348 813/1500/1350 841/2755/2516
f 841/2755/2516 813/1500/1350 840/2743/2504
f 841/2755/2516 840/2743/2504 865/2756/2517
f 865/2756/2517 840/2743/2504 864/2744/2505
f 865/2756/2517 864/2744/2505 889/2757/2518
f 889/2757/2518 864/2744/2505 888/2745/2506
f 889/2757/2518 888/2745/2506 913/2758/2519
f 913/2758/2519 888/2745/2506 912/2746/2507
f 913/2758/2519 912/2746/2507 937/2759/2520
f 937/2759/2520 912/2746/2507 936/2747/2508
f 937/2759/2520 936/2747/2508 961/2760/2521
f 961/2760/2521 936/2747/2508 960/2748/2509
f 961/2760/2521 960/2748/2509 985/2761/2522
f 985/2761/2522 960/2748/2509 984/2749/2510
f 985/2761/2522 984/2749/2510 1008/2762/2523
f 1008/2762/2523 984/2749/2510 1007/2750/2511
f 1008/2762/2523 1007/2750/2511 1069/2763/2524
f 1069/2763/2524 1007/2750/2511 1070/2751/2512
f 1069/2763/2524 1070/2751/2512 1032/2764/2525
f 1032/2764/2525 1070/2751/2512 1031/2752/2513
f 1032/2764/2525 1031/2752/2513 1080/2765/2526
f 1080/2765/2526 1031/2752/2513 1079/2753/2514
f 1080/2765/2526 1079/2753/2514 1104/2766/2527
f 1104/2766/2527 1079/2753/2514 1103/2754/2515
f 1104/2766/2527 1103/2754/2515 1128/2767/2528
f 1128/2767/2528 1103/2754/2515 1127/1546/1396
f 1128/2767/2528 1127/1546/1396 1152/1548/1398
f 815/1496/1346 814/1498/1348 842/2768/2529
f 842/2768/2529 814/1498/1348 841/2755/2516
f 842/2768/2529 841/2755/2516 866/2769/2530
f 866/2769/2530 841/2755/2516 865/2756/2517
f 866/2769/2530 865/2756/2517 890/2770/2531
f 890/2770/2531 865/2756/2517 889/2757/2518
f 890/2770/2531 889/2757/2518 914/2771/2532
f 914/2771/2532 889/2757/2518 913/2758/2519
f 914/2771/2532 913/2758/2519 938/2772/2533
f 938/2772/2533 913/2758/2519 937/2759/2520
f 938/2772/2533 937/2759/2520 962/2773/2534
f 962/2773/2534 937/2759/2520 961/2760/2521
f 962/2773/2534 961/2760/2521 986/2774/2535
f 986/2774/2535 961/2760/2521 985/2761/2522
f 986/2774/2535 985/2761/2522 1009/2775/2536
f 1009/2775/2536 985/2761/2522 1008/2762/2523
f 1009/2775/2536 1008/2762/2523 1068/2776/2537
f 1068/2776/2537 1008/2762/2523 1069/2763/2524
f 1068/2776/2537 1069/2763/2524 1033/2777/2538
f 1033/2777/2538 1069/2763/2524 1032/2764/2525
f 1033/2777/2538 1032/2764/2525 1081/2778/2539
f 1081/2778/2539 1032/2764/2525 1080/2765/2526
f 1081/2778/2539 1080/2765/2526 1105/2779/2540
f 1105/2779/2540 1080/2765/2526 1104/2766/2527
f 1105/2779/2540 1104/2766/2527 1129/2780/2541
f 1129/2780/2541 1104/2766/2527 1128/2767/2528
f 1129/2780/2541 1128/2767/2528 1153/2781/2542
f 1153/2781/2542 1128/2767/2528 1152/1548/1398
f 1153/2781/2542 1152/1548/1398 1177/1550/1400
f 816/1494/1344 815/1496/1346 843/2782/2543
f 843/2782/2543 815/1496/1346 842/2768/2529
f 843/2782/2543 842/2768/2529 867/2783/2544
f 867/2783/2544 842/2768/2529 866/2769/2530
f 867/2783/2544 866/2769/2530 891/2784/2545
f 891/2784/2545 866/2769/2530 890/2770/2531
f 891/2784/2545 890/2770/2531 915/2785/2546
f 915/2785/2546 890/2770/2531 914/2771/2532
f 915/2785/2546 914/2771/2532 939/2786/2547
f 939/2786/2547 914/2771/2532 938/2772/2533
f 939/2786/2547 938/2772/2533 963/2787/2548
f 963/2787/2548 938/2772/2533 962/2773/2534
f 963/2787/2548 962/2773/2534 987/2788/2549
f 987/2788/2549 962/2773/2534 986/2774/2535
f 987/2788/2549 986/2774/2535 1010/2789/2550
f 1010/2789/2550 986/2774/2535 1009/2775/2536
f 1010/2789/2550 1009/2775/2536 1067/2790/2551
f 1067/2790/2551 1009/2775/2536 1068/2776/2537
f 1067/2790/2551 1068/2776/2537 1034/2791/2552
f 1034/2791/2552 1068/2776/2537 1033/2777/2538
f 1034/2791/2552 1033/2777/2538 1082/2792/2553
f 1082/2792/2553 1033/2777/2538 1081/2778/2539
f 1082/2792/2553 1081/2778/2539 1106/2793/2554
f 1106/2793/2554 1081/2778/2539 1105/2779/2540
f 1106/2793/2554 1105/2779/2540 1130/2794/2555
f 1130/2794/2555 1105/2779/2540 1129/2780/2541
f 1130/2794/2555 1129/2780/2541 1154/2795/2556
f 1154/2795/2556 1129/2780/2541 1153/2781/2542
f 1154/2795/2556 1153/2781/2542 1178/2796/2557
f 1178/2796/2557 1153/2781/2542 1177/1550/1400
f 1178/2796/2557 1177/1550/1400 1202/1552/1402
f 817/1492/1342 816/1494/1344 844/2797/2558
f 844/2797/2558 816/1494/1344 843/2782/2543
f 844/2797/2558 843/2782/2543 868/2798/2559
f 868/2798/2559 843/2782/2543 867/2783/2544
f 868/2798/2559 867/2783/2544 892/2799/2560
f 892/2799/2560 867/2783/2544 891/2784/2545
f 892/2799/2560 891/2784/2545 916/2800/2561
f 916/2800/2561 891/2784/2545 915/2785/2546
f 916/2800/2561 915/2785/2546 940/2801/2562
f 940/2801/2562 915/2785/2546 939/2786/2547
f 940/2801/2562 939/2786/2547 964/2802/2563
f 964/2802/2563 939/2786/2547 963/2787/2548
f 964/2802/2563 963/2787/2548 988/2803/2564
f 988/2803/2564 963/2787/2548 987/2788/2549
f 988/2803/2564 987/2788/2549 1011/2804/2565
f 1011/2804/2565 987/2788/2549 1010/2789/2550
f 1011/2804/2565 1010/2789/2550 1066/2805/2566
f 1066/2805/2566 1010/2789/2550 1067/2790/2551
f 1066/2805/2566 1067/2790/2551 1035/2806/2567
f 1035/2806/2567 1067/2790/2551 1034/2791/2552
f 1035/2806/2567 1034/2791/2552 1083/2807/2568
f 1083/2807/2568 1034/2791/2552 1082/2792/2553
f 1083/2807/2568 1082/2792/2553 1107/2808/2569
f 1107/2808/2569 1082/2792/2553 1106/2793/2554
f 1107/2808/2569 1106/2793/2554 1131/2809/2570
f 1131/2809/2570 1106/2793/2554 1130/2794/2555
f 1131/2809/2570 1130/2794/2555 1155/2810/2571
f 1155/2810/2571 1130/2794/2555 1154/2795/2556
f 1155/2810/2571 1154/2795/2556 1179/2811/2572
f 1179/2811/2572 1154/2795/2556 1178/2796/2557
f 1179/2811/2572 1178/2796/2557 1203/2812/2573
f 1203/2812/2573 1178/2796/2557 1202/1552/1402
f 1203/2812/2573 1202/1552/1402 1259/1554/1404
f 818/1490/1340 817/1492/1342 845/2813/2574
f 845/2813/2574 817/1492/1342 844/2797/2558
f 845/2813/2574 844/2797/2558 869/2814/2575
f 869/2814/2575 844/2797/2558 868/2798/2559
f 869/2814/2575 868/2798/2559 893/2815/2576
f 893/2815/2576 868/2798/2559 892/2799/2560
f 893/2815/2576 892/2799/2560 917/2816/2577
f 917/2816/2577 892/2799/2560 916/2800/2561
f 917/2816/2577 916/2800/2561 941/2817/2578
f 941/2817/2578 916/2800/2561 940/2801/2562
f 941/2817/2578 940/2801/2562 965/2818/2579
f 965/2818/2579 940/2801/2562 964/2802/2563
f 965/2818/2579 964/2802/2563 989/2819/2580
f 989/2819/2580 964/2802/2563 988/2803/2564
f 989/2819/2580 988/2803/2564 1012/2820/2581
f 1012/2820/2581 988/2803/2564 1011/2804/2565
f 1012/2820/2581 1011/2804/2565 1065/2821/2582
f 1065/2821/2582 1011/2804/2565 1066/2805/2566
f 1065/2821/2582 1066/2805/2566 1036/2822/2583
f 1036/2822/2583 1066/2805/2566 1035/2806/2567
f 1036/2822/2583 1035/2806/2567 1084/2823/2584
f 1084/2823/2584 1035/2806/2567 1083/2807/2568
f 1084/2823/2584 1083/2807/2568 1108/2824/2585
f 1108/2824/2585 1083/2807/2568 1107/2808/2569
f 1108/2824/2585 1107/2808/2569 1132/2825/2586
f 1132/2825/2586 1107/2808/2569 1131/2809/2570
f 1132/2825/2586 1131/2809/2570 1156/2826/2587
f 1156/2826/2587 1131/2809/2570 1155/2810/2571
f 1156/2826/2587 1155/2810/2571 1180/2827/2588
f 1180/2827/2588 1155/2810/2571 1179/2811/2572
f 1180/2827/2588 1179/2811/2572 1204/2828/2589
f 1204/2828/2589 1179/2811/2572 1203/2812/2573
f 1204/2828/2589 1203/2812/2573 1258/2829/2590
f 1258/2829/2590 1203/2812/2573 1259/1554/1404
f 1258/2829/2590 1259/1554/1404 1226/1556/1406
f 847/1357/1209 820/1355/1207 819/1491/1341
f 819/1491/1341 818/1490/1340 846/2830/2591
f 846/2830/2591 818/1490/1340 845/2813/2574
f 846/2830/2591 845/2813/2574 870/2831/2592
f 870/2831/2592 845/2813/2574 869/2814/2575
f 870/2831/2592 869/2814/2575 894/2832/2593
f 894/2832/2593 869/2814/2575 893/2815/2576
f 894/2832/2593 893/2815/2576 918/2833/2594
f 918/2833/2594 893/2815/2576 917/2816/2577
f 918/2833/2594 917/2816/2577 942/2834/2595
f 942/2834/2595 917/2816/2577 941/2817/2578
f 942/2834/2595 941/2817/2578 966/2835/2596
f 966/2835/2596 941/2817/2578 965/2818/2579
f 966/2835/2596 965/2818/2579 990/2836/2597
f 990/2836/2597 965/2818/2579 989/2819/2580
f 990/2836/2597 989/2819/2580 1013/2837/2598
f 1013/2837/2598 989/2819/2580 1012/2820/2581
f 1013/2837/2598 1012/2820/2581 1064/2838/2599
f 1064/2838/2599 1012/2820/2581 1065/2821/2582
f 1064/2838/2599 1065/2821/2582 1037/2839/2600
f 1037/2839/2600 1065/2821/2582 1036/2822/2583
f 1037/2839/2600 1036/2822/2583 1085/2840/2601
f 1085/2840/2601 1036/2822/2583 1084/2823/2584
f 1085/2840/2601 1084/2823/2584 1109/2841/2602
f 1109/2841/2602 1084/2823/2584 1108/2824/2585
f 1109/2841/2602 1108/2824/2585 1133/2842/2603
f 1133/2842/2603 1108/2824/2585 1132/2825/2586
f 1133/2842/2603 1132/2825/2586 1157/2843/2604
f 1157/2843/2604 1132/2825/2586 1156/2826/2587
f 1157/2843/2604 1156/2826/2587 1181/2844/2605
f 1181/2844/2605 1156/2826/2587 1180/2827/2588
f 1181/2844/2605 1180/2827/2588 1205/2845/2606
f 1205/2845/2606 1180/2827/2588 1204/2828/2589
f 1205/2845/2606 1204/2828/2589 1257/2846/2607
f 1257/2846/2607 1204/2828/2589 1258/2829/2590
f 1257/2846/2607 1258/2829/2590 1227/2847/2608
f 1227/2847/2608 1258/2829/2590 1226/1556/1406
f 1227/2847/2608 1226/1556/1406 1275/1558/1408
f 854/2157/1990 826/2155/1988 853/1333/1185
f 853/1333/1185 826/2155/1988 825/1331/1183
f 856/2710/2471 828/2709/2470 855/2158/1991
f 855/2158/1991 828/2709/2470 827/2156/1989
f 871/1359/1211 847/1357/1209 846/2830/2591
f 846/2830/2591 847/1357/1209 819/1491/1341
f 871/1359/1211 846/2830/2591 870/2831/2592
f 879/2159/1992 854/2157/1990 878/1335/1187
f 878/1335/1187 854/2157/1990 853/1333/1185
f 881/2711/2472 856/2710/2471 880/2160/1993
f 880/2160/1993 856/2710/2471 855/2158/1991
f 895/1361/1213 871/1359/1211 870/2831/2592
f 895/1361/1213 870/2831/2592 894/2832/2593
f 904/2161/1994 879/2159/1992 903/1337/1189
f 903/1337/1189 879/2159/1992 878/1335/1187
f 906/2712/2473 881/2711/2472 905/2162/1995
f 905/2162/1995 881/2711/2472 880/2160/1993
f 919/1363/1215 895/1361/1213 894/2832/2593
f 919/1363/1215 894/2832/2593 918/2833/2594
f 929/2163/1996 904/2161/1994 928/1339/1191
f 928/1339/1191 904/2161/1994 903/1337/1189
f 931/2241/2039 906/2712/2473 930/2164/1997
f 930/2164/1997 906/2712/2473 905/2162/1995
f 943/1365/1217 919/1363/1215 918/2833/2594
f 943/1365/1217 918/2833/2594 942/2834/2595
f 954/2165/1998 929/2163/1996 953/1341/1193
f 953/1341/1193 929/2163/1996 928/1339/1191
f 955/2166/1999 931/2241/2039 930/2164/1997
f 967/1367/1219 943/1365/1217 942/2834/2595
f 967/1367/1219 942/2834/2595 966/2835/2596
f 979/2167/2000 954/2165/1998 978/1343/1195
f 978/1343/1195 954/2165/1998 953/1341/1193
f 991/1369/1221 967/1367/1219 966/2835/2596
f 991/1369/1221 966/2835/2596 990/2836/2597
f 1003/1345/1197 979/2167/2000 978/1343/1195
f 1014/1371/1223 991/1369/1221 990/2836/2597
f 1014/1371/1223 990/2836/2597 1013/2837/2598
f 1063/1373/1225 1014/1371/1223 1013/2837/2598
f 1063/1373/1225 1013/2837/2598 1064/2838/2599
f 1063/1373/1225 1064/2838/2599 1038/1375/1227
f 1038/1375/1227 1064/2838/2599 1037/2839/2600
f 1038/1375/1227 1037/2839/2600 1086/1377/1229
f 1086/1377/1229 1037/2839/2600 1085/2840/2601
f 1086/1377/1229 1085/2840/2601 1110/1379/1231
f 1110/1379/1231 1085/2840/2601 1109/2841/2602
f 1110/1379/1231 1109/2841/2602 1134/1381/1233
f 1134/1381/1233 1109/2841/2602 1133/2842/2603
f 1134/1381/1233 1133/2842/2603 1158/1383/1235
f 1158/1383/1235 1133/2842/2603 1157/2843/2604
f 1158/1383/1235 1157/2843/2604 1182/1385/1237
f 1182/1385/1237 1157/2843/2604 1181/2844/2605
f 1182/1385/1237 1181/2844/2605 1206/1387/1239
f 1206/1387/1239 1181/2844/2605 1205/2845/2606
f 1206/1387/1239 1205/2845/2606 1256/1389/1241
f 1256/1389/1241 1205/2845/2606 1257/2846/2607
f 1256/1389/1241 1257/2846/2607 1228/1391/1243
f 1228/1391/1243 1257/2846/2607 1227/2847/2608
f 1228/1391/1243 1227/2847/2608 1276/1393/1245
f 1276/1393/1245 1227/2847/2608 1275/1558/1408
f 1276/1393/1245 1275/1558/1408 1300/1395/1247
f 746/2848/1199 1242/2222/2030 1290/2221/2029
f 1219/1623/1473 1267/1634/1484 1268/1624/1474
f 1268/1624/1474 1267/1634/1484 1292/2849/2609
f 1268/1624/1474 1292/2849/2609 1293/1625/1475
f 1293/1625/1475 1292/2849/2609 1317/2850/2610
f 1293/1625/1475 1317/2850/2610 1318/1626/1476
f 1318/1626/1476 1317/2850/2610 1342/2851/2611
f 1318/1626/1476 1342/2851/2611 1343/1627/1477
f 1343/1627/1477 1342/2851/2611 1367/2852/2612
f 1343/1627/1477 1367/2852/2612 1368/1628/1478
f 1368/1628/1478 1367/2852/2612 1392/2853/2613
f 1368/1628/1478 1392/2853/2613 1393/1629/1479
f 1393/1629/1479 1392/2853/2613 1416/2854/2614
f 1393/1629/1479 1416/2854/2614 1417/1630/1480
f 1417/1630/1480 1416/2854/2614 1474/2855/2615
f 1417/1630/1480 1474/2855/2615 1473/1631/1481
f 1473/1631/1481 1474/2855/2615 1442/2856/2616
f 1473/1631/1481 1442/2856/2616 1443/1409/1261
f 1443/1409/1261 1442/2856/2616 1491/1411/1263
f 1267/1634/1484 1291/1636/1486 1292/2849/2609
f 1292/2849/2609 1291/1636/1486 1316/2857/2617
f 1292/2849/2609 1316/2857/2617 1317/2850/2610
f 1317/2850/2610 1316/2857/2617 1341/2858/2618
f 1317/2850/2610 1341/2858/2618 1342/2851/2611
f 1342/2851/2611 1341/2858/2618 1366/2859/2619
f 1342/2851/2611 1366/2859/2619 1367/2852/2612
f 1367/2852/2612 1366/2859/2619 1391/2860/2620
f 1367/2852/2612 1391/2860/2620 1392/2853/2613
f 1392/2853/2613 1391/2860/2620 1415/2861/2621
f 1392/2853/2613 1415/2861/2621 1416/2854/2614
f 1416/2854/2614 1415/2861/2621 1475/2862/2622
f 1416/2854/2614 1475/2862/2622 1474/2855/2615
f 1474/2855/2615 1475/2862/2622 1441/2863/2623
f 1474/2855/2615 1441/2863/2623 1442/2856/2616
f 1442/2856/2616 1441/2863/2623 1490/2864/2624
f 1442/2856/2616 1490/2864/2624 1491/1411/1263
f 1491/1411/1263 1490/2864/2624 1515/1413/1265
f 1291/1636/1486 1315/1638/1488 1316/2857/2617
f 1316/2857/2617 1315/1638/1488 1340/2865/2625
f 1316/2857/2617 1340/2865/2625 1341/2858/2618
f 1341/2858/2618 1340/2865/2625 1365/2866/2626
f 1341/2858/2618 1365/2866/2626 1366/2859/2619
f 1366/2859/2619 1365/2866/2626 1390/2867/2627
f 1366/2859/2619 1390/2867/2627 1391/2860/2620
f 1391/2860/2620 1390/2867/2627 1414/2868/2628
f 1391/2860/2620 1414/2868/2628 1415/2861/2621
f 1415/2861/2621 1414/2868/2628 1476/2869/2629
f 1415/2861/2621 1476/2869/2629 1475/2862/2622
f 1475/2862/2622 1476/2869/2629 1440/2870/2630
f 1475/2862/2622 1440/2870/2630 1441/2863/2623
f 1441/2863/2623 1440/2870/2630 1489/2871/2631
f 1441/2863/2623 1489/2871/2631 1490/2864/2624
f 1490/2864/2624 1489/2871/2631 1514/2872/2632
f 1490/2864/2624 1514/2872/2632 1515/1413/1265
f 1515/1413/1265 1514/2872/2632 1539/1415/1267
f 1315/1638/1488 1339/1640/1490 1340/2865/2625
f 1340/2865/2625 1339/1640/1490 1364/2873/2633
f 1340/2865/2625 1364/2873/2633 1365/2866/2626
f 1365/2866/2626 1364/2873/2633 1389/2874/2634
f 1365/2866/2626 1389/2874/2634 1390/2867/2627
f 1390/2867/2627 1389/2874/2634 1413/2875/2635
f 1390/2867/2627 1413/2875/2635 1414/2868/2628
f 1414/2868/2628 1413/2875/2635 1477/2876/2636
f 1414/2868/2628 1477/2876/2636 1476/2869/2629
f 1476/2869/2629 1477/2876/2636 1439/2877/2637
f 1476/2869/2629 1439/2877/2637 1440/2870/2630
f 1440/2870/2630 1439/2877/2637 1488/2878/2638
f 1440/2870/2630 1488/2878/2638 1489/2871/2631
f 1489/2871/2631 1488/2878/2638 1513/2879/2639
f 1489/2871/2631 1513/2879/2639 1514/2872/2632
f 1514/2872/2632 1513/2879/2639 1538/2880/2640
f 1514/2872/2632 1538/2880/2640 1539/1415/1267
f 1539/1415/1267 1538/2880/2640 1563/1417/1269
f 1339/1640/1490 1363/1642/1492 1364/2873/2633
f 1364/2873/2633 1363/1642/1492 1388/2881/2641
f 1364/2873/2633 1388/2881/2641 1389/2874/2634
f 1389/2874/2634 1388/2881/2641 1412/2882/2642
f 1389/2874/2634 1412/2882/2642 1413/2875/2635
f 1413/2875/2635 1412/2882/2642 1478/2883/2643
f 1413/2875/2635 1478/2883/2643 1477/2876/2636
f 1477/2876/2636 1478/2883/2643 1438/2884/2644
f 1477/2876/2636 1438/2884/2644 1439/2877/2637
f 1439/2877/2637 1438/2884/2644 1487/2885/2645
f 1439/2877/2637 1487/2885/2645 1488/2878/2638
f 1488/2878/2638 1487/2885/2645 1512/2886/2646
f 1488/2878/2638 1512/2886/2646 1513/2879/2639
f 1513/2879/2639 1512/2886/2646 1537/2887/2647
f 1513/2879/2639 1537/2887/2647 1538/2880/2640
f 1538/2880/2640 1537/2887/2647 1562/2888/2648
f 1538/2880/2640 1562/2888/2648 1563/1417/1269
f 1563/1417/1269 1562/2888/2648 1587/1419/1271
f 1363/1642/1492 1387/1644/1494 1388/2881/2641
f 1388/2881/2641 1387/1644/1494 1411/2889/2649
f 1388/2881/2641 1411/2889/2649 1412/2882/2642
f 1412/2882/2642 1411/2889/2649 1479/2890/2650
f 1412/2882/2642 1479/2890/2650 1478/2883/2643
f 1478/2883/2643 1479/2890/2650 1437/2891/2651
f 1478/2883/2643 1437/2891/2651 1438/2884/2644
f 1438/2884/2644 1437/2891/2651 1486/2892/2652
f 1438/2884/2644 1486/2892/2652 1487/2885/2645
f 1487/2885/2645 1486/2892/2652 1511/2893/2653
f 1487/2885/2645 1511/2893/2653 1512/2886/2646
f 1512/2886/2646 1511/2893/2653 1536/2894/2654
f 1512/2886/2646 1536/2894/2654 1537/2887/2647
f 1537/2887/2647 1536/2894/2654 1561/2895/2655
f 1537/2887/2647 1561/2895/2655 1562/2888/2648
f 1562/2888/2648 1561/2895/2655 1586/2896/2656
f 1562/2888/2648 1586/2896/2656 1587/1419/1271
f 1587/1419/1271 1586/2896/2656 1611/1421/1273
f 1387/1644/1494 776/1646/1496 1411/2889/2649
f 1411/2889/2649 776/1646/1496 1480/2897/2657
f 1411/2889/2649 1480/2897/2657 1479/2890/2650
f 1479/2890/2650 1480/2897/2657 1436/2898/2658
f 1479/2890/2650 1436/2898/2658 1437/2891/2651
f 1437/2891/2651 1436/2898/2658 1485/2899/2659
f 1437/2891/2651 1485/2899/2659 1486/2892/2652
f 1486/2892/2652 1485/2899/2659 1510/2900/2660
f 1486/2892/2652 1510/2900/2660 1511/2893/2653
f 1511/2893/2653 1510/2900/2660 1535/2901/2661
f 1511/2893/2653 1535/2901/2661 1536/2894/2654
f 1536/2894/2654 1535/2901/2661 1560/2902/2662
f 1536/2894/2654 1560/2902/2662 1561/2895/2655
f 1561/2895/2655 1560/2902/2662 1585/2903/2663
f 1561/2895/2655 1585/2903/2663 1586/2896/2656
f 1586/2896/2656 1585/2903/2663 1610/2904/2664
f 1586/2896/2656 1610/2904/2664 1611/1421/1273
f 1611/1421/1273 1610/2904/2664 1664/1423/1275
f 1481/1648/1498 1435/1650/1500 1480/2897/2657
f 1480/2897/2657 1435/1650/1500 1436/2898/2658
f 1485/2899/2659 1436/2898/2658 1484/1652/1502
f 1484/1652/1502 1436/2898/2658 1435/1650/1500
f 776/1646/1496 1481/1648/1498 1480/2897/2657
f 1510/2900/2660 1485/2899/2659 1509/1654/1504
f 1509/1654/1504 1485/2899/2659 1484/1652/1502
f 1535/2901/2661 1510/2900/2660 1534/1656/1506
f 1534/1656/1506 1510/2900/2660 1509/1654/1504
f 1560/2902/2662 1535/2901/2661 1559/1658/1508
f 1559/1658/1508 1535/2901/2661 1534/1656/1506
f 1585/2903/2663 1560/2902/2662 1584/1660/1510
f 1584/1660/1510 1560/2902/2662 1559/1658/1508
f 1610/2904/2664 1585/2903/2663 1609/1662/1512
f 1609/1662/1512 1585/2903/2663 1584/1660/1510
f 1664/1423/1275 1610/2904/2664 1665/1664/1514
f 1665/1664/1514 1610/2904/2664 1609/1662/1512
f 1675/2292/2069 1627/1728/1578 1626/1736/1586
f 1626/1736/1586 1627/1728/1578 1673/1727/1577
f 1664/1423/1275 1665/1664/1514 1635/1425/1277
f 1699/2290/2067 1675/2292/2069 1674/1738/1588
f 1674/1738/1588 1675/2292/2069 1626/1736/1586
f 1723/2288/2065 1699/2290/2067 1698/1740/1590
f 1698/1740/1590 1699/2290/2067 1674/1738/1588
f 1747/2286/2063 1723/2288/2065 1722/1742/1592
f 1722/1742/1592 1723/2288/2065 1698/1740/1590
f 1771/2284/2061 1747/2286/2063 1746/1744/1594
f 1746/1744/1594 1747/2286/2063 1722/1742/1592
f 1795/2282/2059 1771/2284/2061 1770/1746/1596
f 1770/1746/1596 1771/2284/2061 1746/1744/1594
f 1819/2280/2057 1795/2282/2059 1794/1748/1598
f 1794/1748/1598 1795/2282/2059 1770/1746/1596
f 748/1755/1602 1819/2280/2057 1818/1750/1600
f 1818/1750/1600 1819/2280/2057 1794/1748/1598
f 1844/1758/1604 1869/1760/1606 1845/2300/2076
f 1845/2300/2076 1869/1760/1606 1870/2905/2665
f 1845/2300/2076 1870/2905/2665 1846/2302/2077
f 1846/2302/2077 1870/2905/2665 1871/2906/2666
f 1846/2302/2077 1871/2906/2666 1847/2304/2079
f 1847/2304/2079 1871/2906/2666 1872/2907/2667
f 1847/2304/2079 1872/2907/2667 1848/2306/2081
f 1848/2306/2081 1872/2907/2667 1873/2908/2668
f 1848/2306/2081 1873/2908/2668 1849/2308/2083
f 1849/2308/2083 1873/2908/2668 1874/2909/2669
f 1849/2308/2083 1874/2909/2669 1850/2310/2085
f 1850/2310/2085 1874/2909/2669 1875/1447/1297
f 1850/2310/2085 1875/1447/1297 1851/1445/1295
f 1869/1760/1606 1894/1762/1608 1870/2905/2665
f 1870/2905/2665 1894/1762/1608 1895/2910/2670
f 1870/2905/2665 1895/2910/2670 1871/2906/2666
f 1871/2906/2666 1895/2910/2670 1896/2911/2671
f 1871/2906/2666 1896/2911/2671 1872/2907/2667
f 1872/2907/2667 1896/2911/2671 1897/2912/2672
f 1872/2907/2667 1897/2912/2672 1873/2908/2668
f 1873/2908/2668 1897/2912/2672 1898/2913/2673
f 1873/2908/2668 1898/2913/2673 1874/2909/2669
f 1874/2909/2669 1898/2913/2673 1899/1449/1299
f 1874/2909/2669 1899/1449/1299 1875/1447/1297
f 1894/1762/1608 1919/1764/1610 1895/2910/2670
f 1895/2910/2670 1919/1764/1610 1920/2914/2674
f 1895/2910/2670 1920/2914/2674 1896/2911/2671
f 1896/2911/2671 1920/2914/2674 1921/2915/2675
f 1896/2911/2671 1921/2915/2675 1897/2912/2672
f 1897/2912/2672 1921/2915/2675 1922/2916/2676
f 1897/2912/2672 1922/2916/2676 1898/2913/2673
f 1898/2913/2673 1922/2916/2676 1923/1451/1301
f 1898/2913/2673 1923/1451/1301 1899/1449/1299
f 1919/1764/1610 1944/1766/1612 1920/2914/2674
f 1920/2914/2674 1944/1766/1612 1945/2917/2677
f 1920/2914/2674 1945/2917/2677 1921/2915/2675
f 1921/2915/2675 1945/2917/2677 1946/2918/2678
f 1921/2915/2675 1946/2918/2678 1922/2916/2676
f 1922/2916/2676 1946/2918/2678 1947/1453/1303
f 1922/2916/2676 1947/1453/1303 1923/1451/1301
f 1944/1766/1612 1969/1768/1614 1945/2917/2677
f 1945/2917/2677 1969/1768/1614 1970/2919/2679
f 1945/2917/2677 1970/2919/2679 1946/2918/2678
f 1946/2918/2678 1970/2919/2679 1971/1455/1305
f 1946/2918/2678 1971/1455/1305 1947/1453/1303
f 1995/1457/1307 1971/1455/1305 1970/2919/2679
f 1995/1457/1307 1970/2919/2679 1994/1770/1616
f 1994/1770/1616 1970/2919/2679 1969/1768/1614
f 2040/1459/1309 1995/1457/1307 1994/1770/1616
f 2079/2050/1892 2080/2062/1903 2070/2064/1905
f 2079/2050/1892 2070/2064/1905 2071/2052/1894
f 2071/2052/1894 2070/2064/1905 2083/2066/1907
f 2071/2052/1894 2083/2066/1907 2084/2054/1896
f 2084/2054/1896 2083/2066/1907 2089/2068/1909
f 2084/2054/1896 2089/2068/1909 2090/2056/1898
f 2090/2056/1898 2089/2068/1909 2099/2070/1911
f 2090/2056/1898 2099/2070/1911 2098/2058/1900
f 2098/2058/1900 2099/2070/1911 2097/2072/1913
f 2103/2092/1930 2092/2099/1936 2093/2093/1931
f 2093/2093/1931 2092/2099/1936 2105/2920/2680
f 2093/2093/1931 2105/2920/2680 2106/2094/1932
f 2106/2094/1932 2105/2920/2680 2112/2921/2681
f 2106/2094/1932 2112/2921/2681 2113/2095/1933
f 2113/2095/1933 2112/2921/2681 2124/2922/2682
f 2113/2095/1933 2124/2922/2682 2123/2096/1934
f 2123/2096/1934 2124/2922/2682 2120/2923/2683
f 2123/2096/1934 2120/2923/2683 2121/2097/1935
f 2121/2097/1935 2120/2923/2683 2132/2246/2041
f 2092/2099/1936 2104/2101/1938 2105/2920/2680
f 2105/2920/2680 2104/2101/1938 2111/2924/2684
f 2105/2920/2680 2111/2924/2684 2112/2921/2681
f 2112/2921/2681 2111/2924/2684 2125/2925/2685
f 2112/2921/2681 2125/2925/2685 2124/2922/2682
f 2124/2922/2682 2125/2925/2685 2119/2926/2686
f 2124/2922/2682 2119/2926/2686 2120/2923/2683
f 2120/2923/2683 2119/2926/2686 2131/2927/2687
f 2120/2923/2683 2131/2927/2687 2132/2246/2041
f 2132/2246/2041 2131/2927/2687 2138/2245/2040
f 2132/2246/2041 2138/2245/2040 746/2928/1199
f 2104/2101/1938 2110/2103/1940 2111/2924/2684
f 2111/2924/2684 2110/2103/1940 2126/2105/1942
f 2111/2924/2684 2126/2105/1942 2125/2925/2685
f 2125/2925/2685 2126/2105/1942 2118/2107/1944
f 2125/2925/2685 2118/2107/1944 2119/2926/2686
f 2119/2926/2686 2118/2107/1944 2130/2109/1946
f 2119/2926/2686 2130/2109/1946 2131/2927/2687
f 2131/2927/2687 2130/2109/1946 2137/2111/1948
f 2131/2927/2687 2137/2111/1948 2138/2245/2040
f 655/2929/2688 2178/2930/2689 616/2931/2690
f 616/2931/2690 2178/2930/2689 2139/2932/2691
f 616/2933/2690 2139/2934/2691 617/2935/2692
f 617/2935/2692 2139/2934/2691 2140/2936/2693
f 617/2935/2692 2140/2936/2693 618/2937/2694
f 618/2937/2694 2140/2936/2693 2141/2938/2695
f 618/2937/2694 2141/2938/2695 619/2939/2696
f 619/2939/2696 2141/2938/2695 2142/2940/2697
f 619/2939/2696 2142/2940/2697 620/2941/2698
f 620/2941/2698 2142/2940/2697 2143/2942/2699
f 620/2941/2698 2143/2942/2699 621/2943/2700
f 621/2943/2700 2143/2942/2699 2144/2944/2701
f 621/2943/2700 2144/2944/2701 622/2945/2702
f 622/2945/2702 2144/2944/2701 2145/2946/2703
f 622/2945/2702 2145/2946/2703 623/2947/2704
f 623/2947/2704 2145/2946/2703 2146/2948/2705
f 623/2947/2704 2146/2948/2705 624/2949/2706
f 624/2949/2706 2146/2948/2705 2147/2950/2707
f 624/2949/2706 2147/2950/2707 625/2951/2708
f 625/2951/2708 2147/2950/2707 2148/2952/2709
f 625/2951/2708 2148/2952/2709 626/2953/2710
f 626/2953/2710 2148/2952/2709 2149/2954/2711
f 626/2953/2710 2149/2954/2711 627/2955/2712
f 627/2955/2712 2149/2954/2711 2150/2956/2713
f 627/2955/2712 2150/2956/2713 628/2957/2714
f 628/2957/2714 2150/2956/2713 2151/2958/2715
f 628/2957/2714 2151/2958/2715 629/2959/2716
f 629/2959/2716 2151/2958/2715 2152/2960/2717
f 629/2959/2716 2152/2960/2717 630/2961/2718
f 630/2961/2718 2152/2960/2717 2153/2962/2719
f 630/2961/2718 2153/2962/2719 631/2963/2720
f 631/2963/2720 2153/2962/2719 2154/2964/2721
f 631/2963/2720 2154/2964/2721 632/2965/2722
f 632/2965/2722 2154/2964/2721 2155/2966/2723
f 632/2965/2722 2155/2966/2723 633/2967/2724
f 633/2967/2724 2155/2966/2723 2156/2968/2725
f 633/2967/2724 2156/2968/2725 634/2969/2726
f 634/2969/2726 2156/2968/2725 2157/2970/2727
f 634/2969/2726 2157/2970/2727 635/2971/2728
f 635/2971/2728 2157/2970/2727 2158/2972/2729
f 635/2971/2728 2158/2972/2729 636/2973/2730
f 636/2973/2730 2158/2972/2729 2159/2974/2731
f 636/2973/2730 2159/2974/2731 637/2975/2732
f 637/2975/2732 2159/2974/2731 2160/2976/2733
f 637/2975/2732 2160/2976/2733 638/2977/2734
f 638/2977/2734 2160/2976/2733 2161/2978/2735
f 638/2977/2734 2161/2978/2735 639/2979/2736
f 639/2979/2736 2161/2978/2735 2162/2980/2737
f 639/2979/2736 2162/2980/2737 640/2981/2738
f 640/2981/2738 2162/2980/2737 2163/2982/2739
f 640/2981/2738 2163/2982/2739 641/2983/2740
f 641/2983/2740 2163/2982/2739 2164/2984/2741
f 641/2983/2740 2164/2984/2741 642/2985/2742
f 642/2985/2742 2164/2984/2741 2165/2986/2743
f 642/2985/2742 2165/2986/2743 643/2987/2744
f 643/2987/2744 2165/2986/2743 2166/2988/2745
f 643/2987/2744 2166/2988/2745 644/2989/2746
f 644/2989/2746 2166/2988/2745 2167/2990/2747
f 644/2989/2746 2167/2990/2747 645/2991/2748
f 645/2991/2748 2167/2990/2747 2168/2992/2749
f 645/2991/2748 2168/2992/2749 646/2993/2750
f 646/2993/2750 2168/2992/2749 2169/2994/2751
f 646/2993/2750 2169/2994/2751 647/2995/2752
f 647/2995/2752 2169/2994/2751 2170/2996/2753
f 647/2995/2752 2170/2996/2753 648/2997/2754
f 648/2997/2754 2170/2996/2753 2171/2998/2755
f 648/2997/2754 2171/2998/2755 649/2999/2756
f 649/2999/2756 2171/2998/2755 2172/3000/2757
f 649/2999/2756 2172/3000/2757 650/3001/2758
f 650/3001/2758 2172/3000/2757 2173/3002/2759
f 650/3001/2758 2173/3002/2759 651/3003/2760
f 651/3003/2760 2173/3002/2759 2174/3004/2761
f 651/3003/2760 2174/3004/2761 652/3005/2762
f 652/3005/2762 2174/3004/2761 2175/3006/2763
f 652/3005/2762 2175/3006/2763 653/3007/2764
f 653/3007/2764 2175/3006/2763 2176/3008/2765
f 653/3007/2764 2176/3008/2765 654/3009/2766
f 654/3009/2766 2176/3008/2765 2177/3010/2767
f 654/3009/2766 2177/3010/2767 655/2929/2688
f 655/2929/2688 2177/3010/2767 2178/2930/2689
f 2178/3011/2768 2160/3012/2769 2139/3013/2770
f 2139/3013/2770 2160/3012/2769 2159/3014/2771
f 2139/3013/2770 2159/3014/2771 2140/3015/2772
f 2140/3015/2772 2159/3014/2771 2158/3016/2773
f 2140/3015/2772 2158/3016/2773 2141/3017/2774
f 2141/3017/2774 2158/3016/2773 2157/3018/2775
f 2141/3017/2774 2157/3018/2775 2142/3019/2776
f 2142/3019/2776 2157/3018/2775 2156/3020/2777
f 2142/3019/2776 2156/3020/2777 2143/3021/2778
f 2143/3021/2778 2156/3020/2777 2155/3022/2779
f 2143/3021/2778 2155/3022/2779 2144/3023/2780
f 2144/3023/2780 2155/3022/2779 2154/3024/2781
f 2144/3023/2780 2154/3024/2781 2145/3025/2782
f 2145/3025/2782 2154/3024/2781 2153/3026/2783
f 2145/3025/2782 2153/3026/2783 2146/3027/2784
f 2146/3027/2784 2153/3026/2783 2152/3028/2785
f 2146/3027/2784 2152/3028/2785 2147/3029/2786
f 2147/3029/2786 2152/3028/2785 2151/3030/2787
f 2147/3029/2786 2151/3030/2787 2148/3031/2788
f 2148/3031/2788 2151/3030/2787 2150/3032/2789
f 2148/3031/2788 2150/3032/2789 2149/3033/2790
f 2160/3012/2769 2178/3011/2768 2161/3034/2791
f 2161/3034/2791 2178/3011/2768 2177/3035/2792
f 2161/3034/2791 2177/3035/2792 2162/3036/2793
f 2162/3036/2793 2177/3035/2792 2176/3037/2794
f 2162/3036/2793 2176/3037/2794 2163/3038/2795
f 2163/3038/2795 2176/3037/2794 2175/3039/2796
f 2163/3038/2795 2175/3039/2796 2164/3040/2797
f 2164/3040/2797 2175/3039/2796 2174/3041/2798
f 2164/3040/2797 2174/3041/2798 2165/3042/2799
f 2165/3042/2799 2174/3041/2798 2173/3043/2800
f 2165/3042/2799 2173/3043/2800 2166/3044/2801
f 2166/3044/2801 2173/3043/2800 2172/3045/2802
f 2166/3044/2801 2172/3045/2802 2167/3046/2803
f 2167/3046/2803 2172/3045/2802 2171/3047/2804
f 2167/3046/2803 2171/3047/2804 2168/3048/2805
f 2168/3048/2805 2171/3047/2804 2170/3049/2806
f 2168/3048/2805 2170/3049/2806 2169/3050/2807
f 615/3051/2808 2218/3052/2809 576/3053/2810
f 576/3053/2810 2218/3052/2809 2179/3054/2811
f 576/3055/2810 2179/3056/2811 577/3057/2812
f 577/3057/2812 2179/3056/2811 2180/3058/2813
f 577/3057/2812 2180/3058/2813 578/3059/2814
f 578/3059/2814 2180/3058/2813 2181/3060/2815
f 578/3059/2814 2181/3060/2815 579/3061/2816
f 579/3061/2816 2181/3060/2815 2182/3062/2817
f 579/3061/2816 2182/3062/2817 580/3063/2818
f 580/3063/2818 2182/3062/2817 2183/3064/2819
f 580/3063/2818 2183/3064/2819 581/3065/2820
f 581/3065/2820 2183/3064/2819 2184/3066/2821
f 581/3065/2820 2184/3066/2821 582/3067/2822
f 582/3067/2822 2184/3066/2821 2185/3068/2823
f 582/3067/2822 2185/3068/2823 583/3069/2824
f 583/3069/2824 2185/3068/2823 2186/3070/2825
f 583/3069/2824 2186/3070/2825 584/3071/2826
f 584/3071/2826 2186/3070/2825 2187/3072/2827
f 584/3071/2826 2187/3072/2827 585/3073/2828
f 585/3073/2828 2187/3072/2827 2188/3074/2829
f 585/3073/2828 2188/3074/2829 586/3075/2830
f 586/3075/2830 2188/3074/2829 2189/3076/2831
f 586/3075/2830 2189/3076/2831 587/3077/2832
f 587/3077/2832 2189/3076/2831 2190/3078/2833
f 587/3077/2832 2190/3078/2833 588/3079/2834
f 588/3079/2834 2190/3078/2833 2191/3080/2835
f 588/3079/2834 2191/3080/2835 589/3081/2836
f 589/3081/2836 2191/3080/2835 2192/3082/2837
f 589/3081/2836 2192/3082/2837 590/3083/2838
f 590/3083/2838 2192/3082/2837 2193/3084/2839
f 590/3083/2838 2193/3084/2839 591/3085/2840
f 591/3085/2840 2193/3084/2839 2194/3086/2841
f 591/3085/2840 2194/3086/2841 592/3087/2842
f 592/3087/2842 2194/3086/2841 2195/3088/2843
f 592/3087/2842 2195/3088/2843 593/3089/2844
f 593/3089/2844 2195/3088/2843 2196/3090/2845
f 593/3089/2844 2196/3090/2845 594/3091/2846
f 594/3091/2846 2196/3090/2845 2197/3092/2847
f 594/3091/2846 2197/3092/2847 595/3093/2848
f 595/3093/2848 2197/3092/2847 2198/3094/2849
f 595/3093/2848 2198/3094/2849 596/3095/2850
f 596/3095/2850 2198/3094/2849 2199/3096/2851
f 596/3095/2850 2199/3096/2851 597/3097/2852
f 597/3097/2852 2199/3096/2851 2200/3098/2853
f 597/3097/2852 2200/3098/2853 598/3099/2854
f 598/3099/2854 2200/3098/2853 2201/3100/2855
f 598/3099/2854 2201/3100/2855 599/3101/2856
f 599/3101/2856 2201/3100/2855 2202/3102/2857
f 599/3101/2856 2202/3102/2857 600/3103/2858
f 600/3103/2858 2202/3102/2857 2203/3104/2859
f 600/3103/2858 2203/3104/2859 601/3105/2860
f 601/3105/2860 2203/3104/2859 2204/3106/2861
f 601/3105/2860 2204/3106/2861 602/3107/2862
f 602/3107/2862 2204/3106/2861 2205/3108/2863
f 602/3107/2862 2205/3108/2863 603/3109/2864
f 603/3109/2864 2205/3108/2863 2206/3110/2865
f 603/3109/2864 2206/3110/2865 604/3111/2866
f 604/3111/2866 2206/3110/2865 2207/3112/2867
f 604/3111/2866 2207/3112/2867 605/3113/2868
f 605/3113/2868 2207/3112/2867 2208/3114/2869
f 605/3113/2868 2208/3114/2869 606/3115/2870
f 606/3115/2870 2208/3114/2869 2209/3116/2871
f 606/3115/2870 2209/3116/2871 607/3117/2872
f 607/3117/2872 2209/3116/2871 2210/3118/2873
f 607/3117/2872 2210/3118/2873 608/3119/2874
f 608/3119/2874 2210/3118/2873 2211/3120/2875
f 608/3119/2874 2211/3120/2875 609/3121/2876
f 609/3121/2876 2211/3120/2875 2212/3122/2877
f 609/3121/2876 2212/3122/2877 610/3123/2878
f 610/3123/2878 2212/3122/2877 2213/3124/2879
f 610/3123/2878 2213/3124/2879 611/3125/2880
f 611/3125/2880 2213/3124/2879 2214/3126/2881
f 611/3125/2880 2214/3126/2881 612/3127/2882
f 612/3127/2882 2214/3126/2881 2215/3128/2883
f 612/3127/2882 2215/3128/2883 613/3129/2884
f 613/3129/2884 2215/3128/2883 2216/3130/2885
f 613/3129/2884 2216/3130/2885 614/3131/2886
f 614/3131/2886 2216/3130/2885 2217/3132/2887
f 614/3131/2886 2217/3132/2887 615/3051/2808
f 615/3051/2808 2217/3132/2887 2218/3052/2809
f 2218/3133/2888 2200/3134/2889 2179/3135/2890
f 2179/3135/2890 2200/3134/2889 2199/3136/2891
f 2179/3135/2890 2199/3136/2891 2180/3137/2892
f 2180/3137/2892 2199/3136/2891 2198/3138/2893
f 2180/3137/2892 2198/3138/2893 2181/3139/2894
f 2181/3139/2894 2198/3138/2893 2197/3140/2895
f 2181/3139/2894 2197/3140/2895 2182/3141/2896
f 2182/3141/2896 2197/3140/2895 2196/3142/2897
f 2182/3141/2896 2196/3142/2897 2183/3143/2898
f 2183/3143/2898 2196/3142/2897 2195/3144/2899
f 2183/3143/2898 2195/3144/2899 2184/3145/2900
f 2184/3145/2900 2195/3144/2899 2194/3146/2901
f 2184/3145/2900 2194/3146/2901 2185/3147/2902
f 2185/3147/2902 2194/3146/2901 2193/3148/2903
f 2185/3147/2902 2193/3148/2903 2186/3149/2904
f 2186/3149/2904 2193/3148/2903 2192/3150/2905
f 2186/3149/2904 2192/3150/2905 2187/3151/2906
f 2187/3151/2906 2192/3150/2905 2191/3152/2907
f 2187/3151/2906 2191/3152/2907 2188/3153/2908
f 2188/3153/2908 2191/3152/2907 2190/3154/2909
f 2188/3153/2908 2190/3154/2909 2189/3155/2910
f 2200/3134/2889 2218/3133/2888 2201/3156/2911
f 2201/3156/2911 2218/3133/2888 2217/3157/2912
f 2201/3156/2911 2217/3157/2912 2202/3158/2913
f 2202/3158/2913 2217/3157/2912 2216/3159/2914
f 2202/3158/2913 2216/3159/2914 2203/3160/2915
f 2203/3160/2915 2216/3159/2914 2215/3161/2916
f 2203/3160/2915 2215/3161/2916 2204/3162/2917
f 2204/3162/2917 2215/3161/2916 2214/3163/2918
f 2204/3162/2917 2214/3163/2918 2205/3164/2919
f 2205/3164/2919 2214/3163/2918 2213/3165/2920
f 2205/3164/2919 2213/3165/2920 2206/3166/2921
f 2206/3166/2921 2213/3165/2920 2212/3167/2922
f 2206/3166/2921 2212/3167/2922 2207/3168/2923
f 2207/3168/2923 2212/3167/2922 2211/3169/2924
f 2207/3168/2923 2211/3169/2924 2208/3170/2925
f 2208/3170/2925 2211/3169/2924 2210/3171/2926
f 2208/3170/2925 2210/3171/2926 2209/3172/2927
f 676/3173/2928 675/3174/2929 696/3175/2930
f 696/3175/2930 675/3174/2929 745/3176/2931
f 696/3175/2930 745/3176/2931 697/3177/2932
f 697/3177/2932 745/3176/2931 744/3178/2933
f 697/3177/2932 744/3178/2933 698/3179/2934
f 698/3179/2934 744/3178/2933 743/3180/2935
f 698/3179/2934 743/3180/2935 699/3181/2936
f 699/3181/2936 743/3180/2935 742/3182/2937
f 699/3181/2936 742/3182/2937 700/3183/2938
f 700/3183/2938 742/3182/2937 741/3184/2939
f 700/3183/2938 741/3184/2939 701/3185/2940
f 701/3185/2940 741/3184/2939 740/3186/2941
f 701/3185/2940 740/3186/2941 702/3187/2942
f 702/3187/2942 740/3186/2941 739/3188/2943
f 702/3187/2942 739/3188/2943 703/3189/2944
f 703/3189/2944 739/3188/2943 738/3190/2945
f 703/3189/2944 738/3190/2945 704/3191/2946
f 704/3191/2946 738/3190/2945 737/3192/2947
f 704/3191/2946 737/3192/2947 705/3193/2948
f 705/3193/2948 737/3192/2947 736/3194/2949
f 705/3193/2948 736/3194/2949 706/3195/2950
f 706/3195/2950 736/3194/2949 735/3196/2951
f 706/3195/2950 735/3196/2951 707/3197/2952
f 707/3197/2952 735/3196/2951 734/3198/2953
f 707/3197/2952 734/3198/2953 708/3199/2954
f 708/3199/2954 734/3198/2953 733/3200/2955
f 708/3199/2954 733/3200/2955 709/3201/2956
f 709/3201/2956 733/3200/2955 732/3202/2957
f 709/3201/2956 732/3202/2957 710/3203/2958
f 710/3203/2958 732/3202/2957 731/3204/2959
f 710/3203/2958 731/3204/2959 711/3205/2960
f 711/3205/2960 731/3204/2959 730/3206/2961
f 711/3205/2960 730/3206/2961 712/3207/2962
f 712/3207/2962 730/3206/2961 729/3208/2963
f 712/3207/2962 729/3208/2963 713/3209/2964
f 713/3209/2964 729/3208/2963 728/3210/2965
f 713/3209/2964 728/3210/2965 714/3211/2966
f 714/3211/2966 728/3210/2965 727/3212/2967
f 714/3211/2966 727/3212/2967 715/3213/2968
f 715/3213/2968 727/3212/2967 726/3214/2969
f 715/3213/2968 726/3214/2969 716/3215/2970
f 716/3215/2970 726/3214/2969 725/3216/2971
f 716/3215/2970 725/3216/2971 717/3217/2972
f 717/3217/2972 725/3216/2971 724/3218/2973
f 717/3217/2972 724/3218/2973 718/3219/2974
f 718/3219/2974 724/3218/2973 723/3220/2975
f 718/3219/2974 723/3220/2975 719/3221/2976
f 719/3221/2976 723/3220/2975 722/3222/2977
f 719/3221/2976 722/3222/2977 720/3223/2978
f 720/3223/2978 722/3222/2977 721/3224/2979
# 2218 vertices
# 3224 texture params
# 2979 normals
# 4436 facets

# 4 groups
