# WaveFront *.obj file (generated by Autodesk ATF)

mtllib thigh_sinister.mtl

g Body4

v 0.070000 0.049319 0.008224
v 0.060000 0.049319 0.008224
v 0.060000 0.049979 0.001438
v 0.060000 0.049710 -0.005375
v 0.060000 0.048517 -0.012088
v 0.060000 0.046421 -0.018576
v 0.060000 0.043463 -0.024718
v 0.060000 0.039696 -0.030401
v 0.060000 0.035191 -0.035519
v 0.060000 0.030031 -0.039977
v 0.060000 0.024313 -0.043691
v 0.060000 0.018143 -0.046592
v 0.060000 0.011636 -0.048627
v 0.060000 0.004912 -0.049758
v 0.060000 -0.001903 -0.049964
v 0.060000 -0.008682 -0.049240
v 0.060000 -0.015301 -0.047601
v 0.060000 -0.021634 -0.045077
v 0.060000 -0.027566 -0.041715
v 0.060000 -0.032985 -0.037577
v 0.060000 -0.037790 -0.032740
v 0.060000 -0.041893 -0.027294
v 0.060000 -0.045217 -0.021341
v 0.060000 -0.047700 -0.014991
v 0.060000 -0.049296 -0.008363
v 0.060000 -0.049975 -0.001578
v 0.060000 -0.049725 0.005235
v 0.060000 -0.048551 0.011951
v 0.060000 -0.046473 0.018445
v 0.060000 -0.043532 0.024596
v 0.070000 -0.043532 0.024596
v 0.070013 -0.043540 0.024582
v 0.073486 -0.045609 0.020490
v 0.076631 -0.047360 0.016031
v 0.077957 -0.048113 0.013606
v 0.079021 -0.048765 0.011044
v 0.079737 -0.049297 0.008354
v 0.080000 -0.049689 0.005568
v 0.080000 -0.049984 -0.001274
v 0.080000 -0.049341 -0.008093
v 0.080000 -0.047772 -0.014759
v 0.080000 -0.045307 -0.021149
v 0.080000 -0.041992 -0.027141
v 0.080000 -0.037890 -0.032625
v 0.080000 -0.033076 -0.037496
v 0.080000 -0.027642 -0.041664
v 0.080000 -0.021689 -0.045051
v 0.080000 -0.015330 -0.047592
v 0.080000 -0.008682 -0.049240
v 0.080000 -0.001872 -0.049965
v 0.080000 0.004973 -0.049752
v 0.080000 0.011725 -0.048606
v 0.080000 0.018257 -0.046548
v 0.080000 0.024446 -0.043616
v 0.080000 0.030177 -0.039867
v 0.080000 0.035342 -0.035369
v 0.080000 0.039843 -0.030208
v 0.080000 0.043597 -0.024480
v 0.080000 0.046534 -0.018293
v 0.080000 0.048597 -0.011763
v 0.079739 0.049179 -0.009025
v 0.079028 0.049599 -0.006321
v 0.077969 0.049863 -0.003698
v 0.076656 0.049986 -0.001179
v 0.073492 0.049867 0.003647
v 0.070013 0.049322 0.008208
v 0.060000 0.050549 0.003616
v 0.060000 0.052631 -0.000674
v 0.060000 0.055490 -0.004491
v 0.060000 0.059022 -0.007696
v 0.060000 0.063099 -0.010172
v 0.060000 0.067571 -0.011828
v 0.060000 0.072276 -0.012605
v 0.060000 0.072276 -0.080802
v 0.060000 -0.097724 -0.080802
v 0.060000 -0.097724 0.001161
v 0.060000 -0.094075 0.005035
v 0.060000 -0.089799 0.008204
v 0.060000 -0.085031 0.010567
v 0.060000 -0.079920 0.012050
v 0.060000 -0.074627 0.012607
v 0.060000 -0.069320 0.012220
v 0.060000 -0.064987 0.011897
v 0.060000 -0.060664 0.012328
v 0.060000 -0.056480 0.013501
v 0.060000 -0.052563 0.015381
v 0.060000 -0.049031 0.017911
v 0.060000 -0.045990 0.021014
v 0.080000 0.052893 -0.015599
v 0.080000 0.057760 -0.018679
v 0.080000 0.063066 -0.020919
v 0.080000 0.068668 -0.022258
v 0.080000 0.074414 -0.022661
v 0.080000 0.080148 -0.022115
v 0.080000 0.085715 -0.020637
v 0.079808 0.085208 -0.018748
v 0.079239 0.084695 -0.016937
v 0.078315 0.084200 -0.015277
v 0.077073 0.083749 -0.013830
v 0.075557 0.083366 -0.012644
v 0.073829 0.083074 -0.011766
v 0.071950 0.082892 -0.011226
v 0.070000 0.082829 -0.011044
v 0.070000 0.078097 -0.012322
v 0.070000 0.073207 -0.012652
v 0.070000 0.068346 -0.012021
v 0.070000 0.063701 -0.010453
v 0.070000 0.059452 -0.008010
v 0.070000 0.055761 -0.004785
v 0.070000 0.052771 -0.000901
v 0.070000 0.050595 0.003492
v 0.073090 0.079407 -0.012568
v 0.078090 0.050060 -0.004277
v 0.075878 0.051877 -0.003015
v 0.073090 0.053044 -0.002205
v 0.073090 0.051136 0.001025
v 0.079511 0.050726 -0.009517
v 0.078090 0.052757 -0.007608
v 0.075878 0.054369 -0.006092
v 0.073090 0.055405 -0.005120
v 0.079511 0.054185 -0.012692
v 0.078090 0.055914 -0.010506
v 0.075878 0.057286 -0.008771
v 0.073090 0.058167 -0.007657
v 0.079511 0.058072 -0.015326
v 0.078090 0.059462 -0.012910
v 0.075878 0.060565 -0.010992
v 0.073090 0.061273 -0.009760
v 0.079511 0.062304 -0.017361
v 0.078090 0.063324 -0.014767
v 0.075878 0.064133 -0.012708
v 0.073090 0.064653 -0.011386
v 0.079511 0.066789 -0.018753
v 0.078090 0.067417 -0.016037
v 0.075878 0.067915 -0.013881
v 0.073090 0.068235 -0.012497
v 0.079511 0.071429 -0.019471
v 0.078090 0.071652 -0.016693
v 0.075878 0.071829 -0.014487
v 0.073090 0.071942 -0.013071
v 0.079511 0.076125 -0.019501
v 0.078090 0.075937 -0.016720
v 0.075878 0.075788 -0.014512
v 0.073090 0.075693 -0.013095
v 0.079511 0.080774 -0.018841
v 0.078090 0.080180 -0.016118
v 0.075878 0.079709 -0.013956
v -0.070000 -0.049689 0.005568
v -0.069737 -0.049297 0.008354
v -0.069021 -0.048765 0.011044
v -0.067957 -0.048113 0.013606
v -0.066631 -0.047360 0.016031
v -0.063486 -0.045609 0.020490
v -0.060013 -0.043540 0.024582
v -0.060000 -0.043532 0.024596
v -0.060000 -0.046473 0.018445
v -0.060000 -0.048551 0.011951
v -0.060000 -0.049725 0.005235
v -0.060000 -0.049975 -0.001578
v -0.060000 -0.049296 -0.008363
v -0.060000 -0.047700 -0.014991
v -0.060000 -0.045217 -0.021341
v -0.060000 -0.041893 -0.027294
v -0.060000 -0.037790 -0.032740
v -0.060000 -0.032985 -0.037577
v -0.060000 -0.027566 -0.041715
v -0.060000 -0.021634 -0.045077
v -0.060000 -0.015301 -0.047601
v -0.060000 -0.008682 -0.049240
v -0.060000 -0.001903 -0.049964
v -0.060000 0.004912 -0.049758
v -0.060000 0.011636 -0.048627
v -0.060000 0.018143 -0.046592
v -0.060000 0.024313 -0.043691
v -0.060000 0.030031 -0.039977
v -0.060000 0.035191 -0.035519
v -0.060000 0.039696 -0.030401
v -0.060000 0.043463 -0.024718
v -0.060000 0.046421 -0.018576
v -0.060000 0.048517 -0.012088
v -0.060000 0.049710 -0.005375
v -0.060000 0.049979 0.001438
v -0.060000 0.049319 0.008224
v -0.060013 0.049322 0.008208
v -0.063492 0.049867 0.003647
v -0.066656 0.049986 -0.001179
v -0.067969 0.049863 -0.003698
v -0.069028 0.049599 -0.006321
v -0.069739 0.049179 -0.009025
v -0.070000 0.048597 -0.011763
v -0.070000 0.046534 -0.018293
v -0.070000 0.043597 -0.024480
v -0.070000 0.039843 -0.030208
v -0.070000 0.035342 -0.035369
v -0.070000 0.030177 -0.039867
v -0.070000 0.024446 -0.043616
v -0.070000 0.018257 -0.046548
v -0.070000 0.011725 -0.048606
v -0.070000 0.004973 -0.049752
v -0.070000 -0.001872 -0.049965
v -0.070000 -0.008682 -0.049240
v -0.070000 -0.015330 -0.047592
v -0.070000 -0.021689 -0.045051
v -0.070000 -0.027642 -0.041664
v -0.070000 -0.033076 -0.037496
v -0.070000 -0.037890 -0.032625
v -0.070000 -0.041992 -0.027141
v -0.070000 -0.045307 -0.021149
v -0.070000 -0.047772 -0.014759
v -0.070000 -0.049341 -0.008093
v -0.070000 -0.049984 -0.001274
v -0.060000 -0.045990 0.021014
v -0.060000 -0.049031 0.017911
v -0.060000 -0.052563 0.015381
v -0.060000 -0.056480 0.013501
v -0.060000 -0.060664 0.012328
v -0.060000 -0.064987 0.011897
v -0.060000 -0.069320 0.012220
v -0.060000 -0.074627 0.012607
v -0.060000 -0.079920 0.012050
v -0.060000 -0.085031 0.010567
v -0.060000 -0.089799 0.008204
v -0.060000 -0.094075 0.005035
v -0.060000 -0.097724 0.001161
v -0.060000 -0.097724 -0.080802
v -0.060000 0.072276 -0.080802
v -0.060000 0.072276 -0.012605
v -0.060000 0.067571 -0.011828
v -0.060000 0.063099 -0.010172
v -0.060000 0.059022 -0.007696
v -0.060000 0.055490 -0.004491
v -0.060000 0.052631 -0.000674
v -0.060000 0.050549 0.003616
v -0.060000 0.075857 -0.012593
v -0.060000 0.079399 -0.012069
v -0.060000 0.082829 -0.011044
v -0.061954 0.082892 -0.011227
v -0.063831 0.083075 -0.011767
v -0.065561 0.083367 -0.012647
v -0.067076 0.083750 -0.013833
v -0.068319 0.084202 -0.015283
v -0.069241 0.084697 -0.016943
v -0.069809 0.085209 -0.018750
v -0.070000 0.085715 -0.020637
v -0.070000 0.080148 -0.022115
v -0.070000 0.074414 -0.022661
v -0.070000 0.068668 -0.022258
v -0.070000 0.063066 -0.020919
v -0.070000 0.057760 -0.018679
v -0.070000 0.052893 -0.015599
v -0.063090 0.055405 -0.005120
v -0.063090 0.068235 -0.012497
v -0.063090 0.058167 -0.007657
v -0.065878 0.057286 -0.008771
v -0.068090 0.055914 -0.010506
v -0.069511 0.054185 -0.012692
v -0.069511 0.050726 -0.009517
v -0.068090 0.052757 -0.007608
v -0.065878 0.054369 -0.006092
v -0.068090 0.050060 -0.004277
v -0.065878 0.051877 -0.003015
v -0.063090 0.053044 -0.002205
v -0.063090 0.051136 0.001025
v -0.063090 0.061273 -0.009760
v -0.065878 0.060565 -0.010992
v -0.068090 0.059462 -0.012910
v -0.069511 0.058072 -0.015326
v -0.063090 0.064653 -0.011386
v -0.065878 0.064133 -0.012708
v -0.068090 0.063324 -0.014767
v -0.069511 0.062304 -0.017361
v -0.065878 0.067915 -0.013881
v -0.068090 0.067417 -0.016037
v -0.069511 0.066789 -0.018753
v -0.063090 0.075693 -0.013095
v -0.065878 0.075788 -0.014512
v -0.068090 0.075937 -0.016720
v -0.069511 0.076125 -0.019501
v -0.069511 0.071429 -0.019471
v -0.068090 0.071652 -0.016693
v -0.065878 0.071829 -0.014487
v -0.063090 0.071942 -0.013071
v -0.063090 0.079407 -0.012568
v -0.065878 0.079709 -0.013956
v -0.068090 0.080180 -0.016118
v -0.069511 0.080774 -0.018841
v -0.060000 -0.068846 -0.190946
v -0.070000 -0.068846 -0.190946
v -0.070000 -0.064672 -0.186666
v -0.070000 -0.059907 -0.183057
v -0.070000 -0.054657 -0.180197
v -0.070000 -0.049039 -0.178153
v -0.070000 -0.043179 -0.176968
v -0.070000 -0.037208 -0.176670
v -0.070000 -0.031260 -0.177265
v -0.070000 -0.025467 -0.178740
v -0.070000 -0.019958 -0.181062
v -0.070000 -0.014856 -0.184179
v -0.070000 -0.010277 -0.188021
v -0.070000 -0.006321 -0.192503
v -0.070000 -0.003077 -0.197525
v -0.070000 -0.000618 -0.202974
v -0.060000 -0.000618 -0.202974
v -0.060000 -0.003077 -0.197525
v -0.060000 -0.006321 -0.192503
v -0.060000 -0.010277 -0.188021
v -0.060000 -0.014856 -0.184179
v -0.060000 -0.019958 -0.181062
v -0.060000 -0.025467 -0.178740
v -0.060000 -0.031260 -0.177265
v -0.060000 -0.037208 -0.176670
v -0.060000 -0.043179 -0.176968
v -0.060000 -0.049039 -0.178153
v -0.060000 -0.054657 -0.180197
v -0.060000 -0.059907 -0.183057
v -0.060000 -0.064672 -0.186666
v -0.060000 -0.000620 -0.202976
v 0.070000 -0.000620 -0.202976
v 0.070000 -0.068846 -0.190946
v 0.080000 -0.068846 -0.190946
v 0.080000 -0.123362 -0.181333
v 0.079659 -0.125911 -0.180884
v 0.078660 -0.128286 -0.180465
v 0.077071 -0.130326 -0.180105
v 0.075000 -0.131891 -0.179829
v 0.072588 -0.132875 -0.179656
v 0.070000 -0.133210 -0.179597
v -0.060000 -0.133210 -0.179597
v -0.062588 -0.132875 -0.179656
v -0.065000 -0.131891 -0.179829
v -0.067071 -0.130326 -0.180105
v -0.068660 -0.128286 -0.180465
v -0.069659 -0.125911 -0.180884
v -0.070000 -0.123362 -0.181333
v -0.070000 0.088059 -0.031512
v -0.070000 0.089483 -0.042544
v -0.070000 0.089977 -0.053658
v -0.070000 0.089537 -0.064773
v -0.070000 0.088166 -0.075813
v -0.070000 0.085873 -0.086698
v -0.070000 0.082676 -0.097353
v -0.070000 0.078596 -0.107702
v -0.070000 0.073662 -0.117673
v -0.070000 0.067910 -0.127194
v -0.070000 0.061379 -0.136199
v -0.070000 0.054115 -0.144625
v -0.070000 -0.093842 -0.013916
v -0.070000 -0.092798 -0.010170
v -0.070000 -0.091049 -0.006698
v -0.070000 -0.088660 -0.003629
v -0.070000 -0.085723 -0.001080
v -0.070000 -0.082349 0.000852
v -0.070000 -0.078664 0.002094
v -0.070000 -0.074809 0.002600
v -0.070000 -0.070928 0.002351
v -0.070000 -0.065494 0.001895
v -0.070000 -0.060056 0.002289
v -0.070000 -0.054744 0.003524
v 0.070000 -0.000618 -0.202974
v 0.070000 -0.003077 -0.197525
v 0.070000 -0.006321 -0.192503
v 0.070000 -0.010277 -0.188021
v 0.070000 -0.014856 -0.184179
v 0.070000 -0.019958 -0.181062
v 0.070000 -0.025467 -0.178740
v 0.070000 -0.031260 -0.177265
v 0.070000 -0.037208 -0.176670
v 0.070000 -0.043179 -0.176968
v 0.070000 -0.049039 -0.178153
v 0.070000 -0.054657 -0.180197
v 0.070000 -0.059907 -0.183057
v 0.070000 -0.064672 -0.186666
v 0.080000 -0.000618 -0.202974
v 0.080000 -0.003077 -0.197525
v 0.080000 -0.006321 -0.192503
v 0.080000 -0.010277 -0.188021
v 0.080000 -0.014856 -0.184179
v 0.080000 -0.019958 -0.181062
v 0.080000 -0.025467 -0.178740
v 0.080000 -0.031260 -0.177265
v 0.080000 -0.037208 -0.176670
v 0.080000 -0.043179 -0.176968
v 0.080000 -0.049039 -0.178153
v 0.080000 -0.054657 -0.180197
v 0.080000 -0.059907 -0.183057
v 0.080000 -0.064672 -0.186666
v 0.080000 0.054115 -0.144625
v 0.080000 -0.093842 -0.013916
v 0.079659 -0.096391 -0.013466
v 0.078660 -0.098766 -0.013048
v 0.077071 -0.100806 -0.012688
v 0.075000 -0.102371 -0.012412
v 0.072588 -0.103355 -0.012239
v 0.070000 -0.103690 -0.012179
v 0.073090 -0.122888 -0.123876
v 0.073090 -0.113048 -0.068070
v 0.075878 -0.121490 -0.124123
v 0.075878 -0.111649 -0.068317
v 0.078090 -0.119311 -0.124507
v 0.078090 -0.109471 -0.068701
v 0.079511 -0.116565 -0.124991
v 0.079511 -0.106725 -0.069185
v 0.080000 -0.070928 0.002351
v 0.079659 -0.070512 0.004905
v 0.078660 -0.070124 0.007285
v 0.077071 -0.069791 0.009330
v 0.075000 -0.069535 0.010898
v 0.072588 -0.069374 0.011884
v 0.070000 -0.069320 0.012220
v 0.070000 -0.074491 0.012609
v 0.070000 -0.079653 0.012101
v 0.070000 -0.084650 0.010712
v 0.070000 -0.089333 0.008483
v 0.070000 -0.093562 0.005481
v 0.070000 -0.097210 0.001795
v 0.070000 -0.100170 -0.002464
v 0.070000 -0.102352 -0.007169
v 0.080000 -0.092798 -0.010170
v 0.080000 -0.091049 -0.006698
v 0.080000 -0.088660 -0.003629
v 0.080000 -0.085723 -0.001080
v 0.080000 -0.082349 0.000852
v 0.080000 -0.078664 0.002094
v 0.080000 -0.074809 0.002600
v 0.073090 -0.074486 0.012120
v 0.075878 -0.074469 0.010699
v 0.078090 -0.074444 0.008487
v 0.079511 -0.074412 0.005700
v 0.073090 -0.079563 0.011620
v 0.075878 -0.079302 0.010224
v 0.078090 -0.078896 0.008049
v 0.079511 -0.078384 0.005309
v 0.073090 -0.084478 0.010254
v 0.075878 -0.083981 0.008923
v 0.078090 -0.083206 0.006851
v 0.079511 -0.082230 0.004240
v 0.073090 -0.089085 0.008061
v 0.075878 -0.088366 0.006836
v 0.078090 -0.087246 0.004928
v 0.079511 -0.085835 0.002524
v 0.073090 -0.093245 0.005108
v 0.075878 -0.092326 0.004025
v 0.078090 -0.090894 0.002339
v 0.079511 -0.089090 0.000214
v 0.073090 -0.096834 0.001482
v 0.075878 -0.095742 0.000574
v 0.078090 -0.094041 -0.000841
v 0.079511 -0.091898 -0.002623
v 0.073090 -0.099745 -0.002707
v 0.075878 -0.098513 -0.003414
v 0.078090 -0.096594 -0.004514
v 0.079511 -0.094176 -0.005901
v 0.073090 -0.101891 -0.007336
v 0.075878 -0.100556 -0.007819
v 0.078090 -0.098476 -0.008573
v 0.079511 -0.095855 -0.009523
v 0.070000 -0.045990 0.021014
v 0.070000 -0.049031 0.017911
v 0.070000 -0.052563 0.015381
v 0.070000 -0.056480 0.013501
v 0.070000 -0.060664 0.012328
v 0.070000 -0.064987 0.011897
v 0.080000 -0.065494 0.001895
v 0.080000 -0.060056 0.002289
v 0.080000 -0.054744 0.003524
v 0.073090 -0.052740 0.014713
v 0.073090 -0.055848 0.013222
v 0.075878 -0.055322 0.011902
v 0.078090 -0.054501 0.009848
v 0.079511 -0.053468 0.007259
v 0.079511 -0.049577 0.009126
v 0.078090 -0.050951 0.011552
v 0.075878 -0.052041 0.013477
v 0.075878 -0.049002 0.015480
v 0.073090 -0.049862 0.016610
v 0.073090 -0.047266 0.018878
v 0.073090 -0.059129 0.012163
v 0.075878 -0.058785 0.010785
v 0.078090 -0.058250 0.008638
v 0.079511 -0.057575 0.005933
v 0.073090 -0.062522 0.011557
v 0.075878 -0.062368 0.010145
v 0.078090 -0.062127 0.007946
v 0.079511 -0.061823 0.005175
v 0.073090 -0.065966 0.011414
v 0.075878 -0.066004 0.009994
v 0.078090 -0.066062 0.007783
v 0.079511 -0.066135 0.004996
v 0.080000 0.061379 -0.136199
v 0.080000 0.067910 -0.127194
v 0.080000 0.073662 -0.117673
v 0.080000 0.078596 -0.107702
v 0.080000 0.082676 -0.097353
v 0.080000 0.085873 -0.086698
v 0.080000 0.088166 -0.075813
v 0.080000 0.089537 -0.064773
v 0.080000 0.089977 -0.053658
v 0.080000 0.089483 -0.042544
v 0.080000 0.088059 -0.031512
v -0.056827 0.082829 -0.011044
v -0.055197 0.084211 -0.015314
v -0.053225 0.085409 -0.019486
v -0.050929 0.086428 -0.023512
v -0.048332 0.087273 -0.027344
v -0.045468 0.087959 -0.030940
v -0.042381 0.088503 -0.034264
v -0.039036 0.088931 -0.037356
v -0.035388 0.089264 -0.040245
v -0.031466 0.089512 -0.042879
v -0.027308 0.089688 -0.045216
v -0.022958 0.089805 -0.047226
v -0.018459 0.089880 -0.048881
v -0.013859 0.089923 -0.050169
v -0.009212 0.089946 -0.051080
v -0.004574 0.089957 -0.051616
v 0.000000 0.089959 -0.051792
v 0.004574 0.089957 -0.051616
v 0.009212 0.089946 -0.051080
v 0.013859 0.089923 -0.050169
v 0.018459 0.089880 -0.048881
v 0.022958 0.089805 -0.047226
v 0.027308 0.089688 -0.045216
v 0.031466 0.089512 -0.042879
v 0.035388 0.089264 -0.040245
v 0.039036 0.088931 -0.037356
v 0.042381 0.088503 -0.034264
v 0.045468 0.087959 -0.030940
v 0.048332 0.087273 -0.027344
v 0.050929 0.086428 -0.023512
v 0.053225 0.085409 -0.019486
v 0.055197 0.084211 -0.015314
v 0.056827 0.082829 -0.011044
v -0.060000 -0.103690 -0.012179
v -0.062588 -0.103355 -0.012239
v -0.065000 -0.102371 -0.012412
v -0.067071 -0.100806 -0.012688
v -0.068660 -0.098766 -0.013048
v -0.069659 -0.096391 -0.013466
v -0.069511 -0.116565 -0.124991
v -0.069511 -0.106725 -0.069185
v -0.068090 -0.119311 -0.124507
v -0.068090 -0.109471 -0.068701
v -0.065878 -0.121490 -0.124123
v -0.065878 -0.111649 -0.068317
v -0.063090 -0.122888 -0.123876
v -0.063090 -0.113048 -0.068070
v -0.062588 -0.069374 0.011884
v -0.065000 -0.069535 0.010898
v -0.067071 -0.069791 0.009330
v -0.068660 -0.070124 0.007285
v -0.069659 -0.070512 0.004905
v -0.060000 -0.102443 -0.007425
v -0.060000 -0.100436 -0.002938
v -0.069511 -0.074412 0.005700
v -0.068090 -0.074444 0.008487
v -0.065878 -0.074469 0.010699
v -0.063090 -0.074486 0.012120
v -0.069511 -0.078384 0.005309
v -0.068090 -0.078896 0.008049
v -0.065878 -0.079302 0.010224
v -0.063090 -0.079563 0.011620
v -0.069511 -0.082230 0.004240
v -0.068090 -0.083206 0.006851
v -0.065878 -0.083981 0.008923
v -0.063090 -0.084478 0.010254
v -0.069511 -0.085835 0.002524
v -0.068090 -0.087246 0.004928
v -0.065878 -0.088366 0.006836
v -0.063090 -0.089085 0.008061
v -0.069511 -0.089090 0.000214
v -0.068090 -0.090894 0.002339
v -0.065878 -0.092326 0.004025
v -0.063090 -0.093245 0.005108
v -0.069511 -0.091898 -0.002623
v -0.068090 -0.094041 -0.000841
v -0.065878 -0.095742 0.000574
v -0.063090 -0.096834 0.001482
v -0.069511 -0.094176 -0.005901
v -0.068090 -0.096594 -0.004514
v -0.065878 -0.098513 -0.003414
v -0.063090 -0.099745 -0.002707
v -0.069511 -0.095855 -0.009523
v -0.068090 -0.098476 -0.008573
v -0.065878 -0.100556 -0.007819
v -0.063090 -0.101891 -0.007336
v -0.063090 -0.055848 0.013222
v -0.065878 -0.049002 0.015480
v -0.063090 -0.049862 0.016610
v -0.063090 -0.047266 0.018878
v -0.069511 -0.049577 0.009126
v -0.068090 -0.050951 0.011552
v -0.065878 -0.052041 0.013477
v -0.063090 -0.052740 0.014713
v -0.069511 -0.053468 0.007259
v -0.068090 -0.054501 0.009848
v -0.065878 -0.055322 0.011902
v -0.069511 -0.057575 0.005933
v -0.068090 -0.058250 0.008638
v -0.065878 -0.058785 0.010785
v -0.063090 -0.059129 0.012163
v -0.069511 -0.061823 0.005175
v -0.068090 -0.062127 0.007946
v -0.065878 -0.062368 0.010145
v -0.063090 -0.062522 0.011557
v -0.069511 -0.066135 0.004996
v -0.068090 -0.066062 0.007783
v -0.065878 -0.066004 0.009994
v -0.063090 -0.065966 0.011414
v -0.056062 -0.103690 -0.012179
v -0.057275 -0.102853 -0.008678
v -0.058242 -0.101566 -0.005219
v -0.058963 -0.099841 -0.001906
v -0.059459 -0.097724 0.001161
v -0.059769 0.074402 -0.012658
v -0.059072 0.076483 -0.012538
v -0.057946 0.078344 -0.012279
v -0.056509 0.079868 -0.011960
v -0.056759 0.082276 -0.011246
v -0.050000 0.082276 -0.024958
v -0.051889 0.082094 -0.021912
v -0.053652 0.081585 -0.018650
v -0.055207 0.080813 -0.015290
v -0.059659 0.074865 -0.080802
v -0.058660 0.077276 -0.080802
v -0.057071 0.079347 -0.080802
v -0.055000 0.080937 -0.080802
v -0.052588 0.081936 -0.080802
v -0.050000 0.082276 -0.080802
v 0.059659 0.074865 -0.080802
v 0.058660 0.077276 -0.080802
v 0.057071 0.079347 -0.080802
v 0.055000 0.080937 -0.080802
v 0.052588 0.081936 -0.080802
v 0.050000 0.082276 -0.080802
v 0.050000 0.082276 -0.024958
v 0.045548 0.082276 -0.030848
v 0.040406 0.082276 -0.036147
v 0.034652 0.082276 -0.040774
v 0.028373 0.082276 -0.044660
v 0.021664 0.082276 -0.047744
v 0.014628 0.082276 -0.049982
v 0.007370 0.082276 -0.051338
v 0.000000 0.082276 -0.051792
v -0.007370 0.082276 -0.051338
v -0.014628 0.082276 -0.049982
v -0.021664 0.082276 -0.047744
v -0.028373 0.082276 -0.044660
v -0.034652 0.082276 -0.040774
v -0.040406 0.082276 -0.036147
v -0.045548 0.082276 -0.030848
v 0.059769 0.074402 -0.012658
v 0.059072 0.076483 -0.012538
v 0.057946 0.078344 -0.012279
v 0.056509 0.079868 -0.011960
v 0.055207 0.080813 -0.015290
v 0.053652 0.081585 -0.018650
v 0.051889 0.082094 -0.021912
v 0.056759 0.082276 -0.011246
v 0.059459 -0.097724 0.001161
v 0.058963 -0.099841 -0.001906
v 0.058242 -0.101566 -0.005219
v 0.057275 -0.102853 -0.008678
v 0.056062 -0.103690 -0.012179
v 0.053082 -0.104853 -0.018772
v 0.049330 -0.105943 -0.024957
v 0.044860 -0.106946 -0.030646
v 0.039739 -0.107847 -0.035756
v 0.034039 -0.108633 -0.040212
v 0.027845 -0.109292 -0.043949
v 0.021246 -0.109815 -0.046914
v 0.014338 -0.110194 -0.049064
v 0.007221 -0.110424 -0.050366
v 0.000000 -0.110500 -0.050802
v -0.007221 -0.110424 -0.050366
v -0.014338 -0.110194 -0.049064
v -0.021246 -0.109815 -0.046914
v -0.027845 -0.109292 -0.043949
v -0.034039 -0.108633 -0.040212
v -0.039739 -0.107847 -0.035756
v -0.044860 -0.106946 -0.030646
v -0.049330 -0.105943 -0.024957
v -0.053082 -0.104853 -0.018772
v 0.057995 -0.097724 -0.006184
v 0.055627 -0.097724 -0.013289
v 0.052392 -0.097724 -0.020044
v 0.048340 -0.097724 -0.026344
v 0.043536 -0.097724 -0.032089
v 0.038053 -0.097724 -0.037191
v 0.031977 -0.097724 -0.041571
v 0.025403 -0.097724 -0.045159
v 0.018433 -0.097724 -0.047900
v 0.011176 -0.097724 -0.049752
v 0.003745 -0.097724 -0.050685
v -0.003745 -0.097724 -0.050685
v -0.011176 -0.097724 -0.049752
v -0.018433 -0.097724 -0.047900
v -0.025403 -0.097724 -0.045159
v -0.031977 -0.097724 -0.041571
v -0.038053 -0.097724 -0.037191
v -0.043536 -0.097724 -0.032089
v -0.048340 -0.097724 -0.026344
v -0.052392 -0.097724 -0.020044
v -0.055627 -0.097724 -0.013289
v -0.057995 -0.097724 -0.006184
vt -0.000000 0.826190 0.000000
vt -1.000000 0.826190 0.000000
vt 0.001252 0.824574 0.000000
vt 0.349246 0.365048 0.000000
vt -1.000000 0.143845 0.000000
vt 0.665619 -0.117875 0.000000
vt -1.000000 -0.538501 0.000000
vt 0.796949 -0.370097 0.000000
vt 0.902820 -0.633764 0.000000
vt 0.973925 -0.907463 0.000000
vt -1.000000 -1.220847 0.000000
vt 1.000000 -1.187389 0.000000
vt 1.000000 -1.872776 0.000000
vt -1.000000 -1.903192 0.000000
vt 1.000000 -2.558163 0.000000
vt -1.000000 -2.585538 0.000000
vt 1.000000 -3.243551 0.000000
vt -1.000000 -3.267883 0.000000
vt 1.000000 -3.928938 0.000000
vt -1.000000 -3.950229 0.000000
vt 1.000000 -4.614325 0.000000
vt -1.000000 -4.632575 0.000000
vt 1.000000 -5.299712 0.000000
vt -1.000000 -5.314920 0.000000
vt 1.000000 -5.985099 0.000000
vt -1.000000 -5.997266 0.000000
vt 1.000000 -6.670486 0.000000
vt -1.000000 -6.679611 0.000000
vt 1.000000 -7.355874 0.000000
vt -1.000000 -7.361957 0.000000
vt 1.000000 -8.041261 0.000000
vt -1.000000 -8.044302 0.000000
vt 1.000000 -8.726648 0.000000
vt -1.000000 -8.726648 0.000000
vt -1.000000 -9.408994 0.000000
vt 1.000000 -9.412035 0.000000
vt -1.000000 -10.091339 0.000000
vt 1.000000 -10.097422 0.000000
vt -1.000000 -10.773685 0.000000
vt 1.000000 -10.782810 0.000000
vt -1.000000 -11.456030 0.000000
vt 1.000000 -11.468197 0.000000
vt -1.000000 -12.138376 0.000000
vt 1.000000 -12.153584 0.000000
vt -1.000000 -12.820722 0.000000
vt 1.000000 -12.838971 0.000000
vt -1.000000 -13.503067 0.000000
vt 1.000000 -13.524358 0.000000
vt -1.000000 -14.185413 0.000000
vt 1.000000 -14.209746 0.000000
vt -1.000000 -14.867758 0.000000
vt 1.000000 -14.895133 0.000000
vt -1.000000 -15.550104 0.000000
vt 1.000000 -15.580520 0.000000
vt -1.000000 -16.232450 0.000000
vt 1.000000 -16.265907 0.000000
vt 0.973686 -16.547263 0.000000
vt -1.000000 -16.914795 0.000000
vt 0.902127 -16.821543 0.000000
vt 0.795686 -17.085922 0.000000
vt 0.663070 -17.339885 0.000000
vt -1.000000 -17.597141 0.000000
vt 0.348635 -17.819144 0.000000
vt -1.000000 -18.279486 0.000000
vt 0.001276 -18.277839 0.000000
vt -0.000000 -18.279486 0.000000
vt -11.853175 -3.539840 0.000000
vt -12.147327 -2.924740 0.000000
vt -12.098969 -3.181572 0.000000
vt -12.403079 -2.871269 0.000000
vt -12.355061 -2.275340 0.000000
vt -12.756321 -2.618305 0.000000
vt -13.148025 -2.430318 0.000000
vt -12.472517 -1.603717 0.000000
vt -13.566360 -2.312988 0.000000
vt -13.998691 -2.269857 0.000000
vt -12.497508 -0.922359 0.000000
vt -14.431961 -2.302228 0.000000
vt -14.962735 -2.340920 0.000000
vt -15.491995 -2.285218 0.000000
vt -16.003084 -2.136874 0.000000
vt -16.479921 -1.900558 0.000000
vt -16.907498 -1.583705 0.000000
vt -17.272362 -1.196287 0.000000
vt -12.429572 -0.243936 0.000000
vt -12.269970 0.418937 0.000000
vt -12.021671 1.053934 0.000000
vt -11.689291 1.649247 0.000000
vt -17.272362 7.000000 0.000000
vt -11.279013 2.193806 0.000000
vt -10.798463 2.677485 0.000000
vt -10.256579 3.091291 0.000000
vt -9.663437 3.427528 0.000000
vt -9.030065 3.679944 0.000000
vt -8.368243 3.843846 0.000000
vt -7.690275 3.916186 0.000000
vt -0.272362 7.000000 0.000000
vt -7.008769 3.895618 0.000000
vt -6.336397 3.782526 0.000000
vt -5.685663 3.579012 0.000000
vt -5.068666 3.288860 0.000000
vt -4.496880 2.917466 0.000000
vt -3.980936 2.471735 0.000000
vt -3.530429 1.959957 0.000000
vt -0.272362 0.180353 0.000000
vt -3.153736 1.391647 0.000000
vt -2.857862 0.777374 0.000000
vt -2.648308 0.128560 0.000000
vt -1.190146 -0.063007 0.000000
vt -0.742914 0.102645 0.000000
vt -1.597783 -0.310574 0.000000
vt -2.528970 -0.542732 0.000000
vt -1.950989 -0.631046 0.000000
vt -2.236911 -1.012761 0.000000
vt -2.502069 -1.224017 0.000000
vt -2.445142 -1.441827 0.000000
vt -2.568104 -1.902628 0.000000
vt -3.141593 -3.925574 0.000000
vt -3.140340 -3.923768 0.000000
vt -3.141593 -3.377097 0.000000
vt -2.784832 -3.421032 0.000000
vt -2.827433 -3.102859 0.000000
vt -2.413268 -2.954294 0.000000
vt -2.513274 -2.691501 0.000000
vt -2.219370 -2.748281 0.000000
vt -2.199115 -2.691501 0.000000
vt -2.015336 -2.562730 0.000000
vt -2.199115 -2.280144 0.000000
vt -1.884956 -2.280144 0.000000
vt -2.199115 -1.868786 0.000000
vt -1.884956 -1.868786 0.000000
vt -2.199115 -1.457428 0.000000
vt -1.884956 -1.457428 0.000000
vt -2.199115 -1.046071 0.000000
vt -1.884956 -1.046071 0.000000
vt -2.199115 -0.634713 0.000000
vt -1.884956 -0.634713 0.000000
vt -2.199115 -0.223355 0.000000
vt -1.884956 -0.223355 0.000000
vt -2.199115 0.188002 0.000000
vt -1.884956 0.188002 0.000000
vt -2.199115 0.599360 0.000000
vt -1.884956 0.599360 0.000000
vt -1.963411 0.980133 0.000000
vt -1.767005 0.968263 0.000000
vt -1.570796 0.494884 0.000000
vt -1.570796 0.955017 0.000000
vt -1.799660 -2.401179 0.000000
vt -1.570796 -2.265911 0.000000
vt -1.570796 -1.805779 0.000000
vt -1.570796 -1.345646 0.000000
vt -1.570796 -0.885514 0.000000
vt -1.570796 -0.425381 0.000000
vt -1.570796 0.034751 0.000000
vt -2.159781 0.990164 0.000000
vt -2.355876 0.998109 0.000000
vt -2.513274 0.599360 0.000000
vt -2.552420 1.003964 0.000000
vt -2.748672 1.007843 0.000000
vt -2.827433 0.599360 0.000000
vt -2.945287 1.010031 0.000000
vt -3.141593 0.462241 0.000000
vt -3.141593 1.010718 0.000000
vt -2.827433 0.188002 0.000000
vt -3.141593 -0.086236 0.000000
vt -2.827433 -0.223355 0.000000
vt -3.141593 -0.634713 0.000000
vt -2.827433 -0.634713 0.000000
vt -2.827433 -1.046071 0.000000
vt -2.513274 -1.046071 0.000000
vt -2.513274 -1.457428 0.000000
vt -3.141593 -1.183190 0.000000
vt -2.827433 -1.457428 0.000000
vt -2.513274 -1.868786 0.000000
vt -3.141593 -1.731667 0.000000
vt -2.827433 -1.868786 0.000000
vt -2.513274 -2.280144 0.000000
vt -3.141593 -2.280144 0.000000
vt -2.827433 -2.280144 0.000000
vt -2.827433 -2.691501 0.000000
vt -3.141593 -2.828620 0.000000
vt -2.513274 -0.634713 0.000000
vt -2.513274 -0.223355 0.000000
vt -2.513274 0.188002 0.000000
vt -0.000000 15.835407 0.000000
vt -0.000000 15.150019 0.000000
vt 1.000000 15.183477 0.000000
vt 0.026314 14.868664 0.000000
vt 1.000000 14.501131 0.000000
vt 0.097873 14.594383 0.000000
vt 0.204314 14.330005 0.000000
vt 0.336930 14.076042 0.000000
vt 1.000000 13.818786 0.000000
vt 0.651365 13.596782 0.000000
vt 1.000000 13.136440 0.000000
vt 0.998724 13.138088 0.000000
vt 1.000000 15.865823 0.000000
vt -0.000000 16.520794 0.000000
vt 1.000000 16.548168 0.000000
vt -0.000000 17.206181 0.000000
vt 1.000000 17.230514 0.000000
vt -0.000000 17.891568 0.000000
vt 1.000000 17.912859 0.000000
vt -0.000000 18.576955 0.000000
vt 1.000000 18.595205 0.000000
vt -0.000000 19.262343 0.000000
vt 1.000000 19.277551 0.000000
vt -0.000000 19.947730 0.000000
vt 1.000000 19.959896 0.000000
vt -0.000000 20.633117 0.000000
vt 1.000000 20.642242 0.000000
vt -0.000000 21.318504 0.000000
vt 1.000000 21.324587 0.000000
vt -0.000000 22.003891 0.000000
vt 1.000000 22.006933 0.000000
vt -0.000000 22.689278 0.000000
vt 1.000000 22.689278 0.000000
vt 1.000000 23.371624 0.000000
vt -0.000000 23.374666 0.000000
vt 1.000000 24.053970 0.000000
vt -0.000000 24.060053 0.000000
vt 1.000000 24.736315 0.000000
vt -0.000000 24.745440 0.000000
vt 1.000000 25.418661 0.000000
vt -0.000000 25.430827 0.000000
vt 1.000000 26.101006 0.000000
vt -0.000000 26.116214 0.000000
vt 1.000000 26.783352 0.000000
vt -0.000000 26.801602 0.000000
vt 1.000000 27.465698 0.000000
vt -0.000000 27.486989 0.000000
vt 1.000000 28.148043 0.000000
vt -0.000000 28.172376 0.000000
vt 1.000000 28.830389 0.000000
vt -0.000000 28.857763 0.000000
vt 1.000000 29.512734 0.000000
vt -0.000000 29.543150 0.000000
vt 1.000000 30.195080 0.000000
vt -0.000000 30.228538 0.000000
vt 0.026075 30.508463 0.000000
vt 1.000000 30.877426 0.000000
vt 0.097180 30.782162 0.000000
vt 0.203051 31.045830 0.000000
vt 0.334381 31.298052 0.000000
vt 1.000000 31.559771 0.000000
vt 0.650754 31.780975 0.000000
vt 0.998748 32.240500 0.000000
vt 1.000000 32.242117 0.000000
vt 2.568104 -1.902628 0.000000
vt 2.502069 -1.224017 0.000000
vt 2.445142 -1.441827 0.000000
vt 2.236911 -1.012761 0.000000
vt 2.528970 -0.542732 0.000000
vt 1.950989 -0.631046 0.000000
vt 1.597783 -0.310574 0.000000
vt 2.648308 0.128560 0.000000
vt 1.190146 -0.063007 0.000000
vt 2.857862 0.777374 0.000000
vt 0.742914 0.102645 0.000000
vt 0.272362 0.180353 0.000000
vt 3.153736 1.391647 0.000000
vt 3.530429 1.959957 0.000000
vt 0.272362 7.000000 0.000000
vt 3.980936 2.471735 0.000000
vt 4.496880 2.917466 0.000000
vt 5.068666 3.288860 0.000000
vt 5.685663 3.579012 0.000000
vt 6.336397 3.782526 0.000000
vt 7.008769 3.895618 0.000000
vt 7.690275 3.916186 0.000000
vt 17.272362 7.000000 0.000000
vt 8.368243 3.843846 0.000000
vt 9.030065 3.679944 0.000000
vt 9.663437 3.427528 0.000000
vt 10.256579 3.091291 0.000000
vt 10.798463 2.677485 0.000000
vt 11.279013 2.193806 0.000000
vt 11.689291 1.649247 0.000000
vt 17.272362 -1.196287 0.000000
vt 12.021671 1.053934 0.000000
vt 12.269970 0.418937 0.000000
vt 12.429572 -0.243936 0.000000
vt 12.497508 -0.922359 0.000000
vt 16.907498 -1.583705 0.000000
vt 16.479921 -1.900558 0.000000
vt 16.003084 -2.136874 0.000000
vt 15.491995 -2.285218 0.000000
vt 14.962735 -2.340920 0.000000
vt 14.431961 -2.302228 0.000000
vt 13.998691 -2.269857 0.000000
vt 12.472517 -1.603717 0.000000
vt 13.566360 -2.312988 0.000000
vt 13.148025 -2.430318 0.000000
vt 12.355061 -2.275340 0.000000
vt 12.756321 -2.618305 0.000000
vt 12.403079 -2.871269 0.000000
vt 12.147327 -2.924740 0.000000
vt 12.098969 -3.181572 0.000000
vt 11.853175 -3.539840 0.000000
vt 1.799660 -2.401180 0.000000
vt 1.884956 -2.280144 0.000000
vt 1.570796 -2.265911 0.000000
vt 1.884956 -1.868786 0.000000
vt 1.570796 -1.805779 0.000000
vt 1.884956 -1.457428 0.000000
vt 1.570796 -1.345646 0.000000
vt 1.884956 -1.046071 0.000000
vt 1.570796 -0.885514 0.000000
vt 1.884956 -0.634713 0.000000
vt 1.570796 -0.425381 0.000000
vt 1.884956 -0.223355 0.000000
vt 1.570796 0.034751 0.000000
vt 1.884956 0.188002 0.000000
vt 1.570796 0.494884 0.000000
vt 1.884956 0.599360 0.000000
vt 1.766709 0.968233 0.000000
vt 1.962807 0.980100 0.000000
vt 2.199115 0.599360 0.000000
vt 2.159048 0.990128 0.000000
vt 2.355445 0.998095 0.000000
vt 2.513274 0.599360 0.000000
vt 2.551893 1.003950 0.000000
vt 2.748455 1.007838 0.000000
vt 2.827433 0.599360 0.000000
vt 2.944970 1.010033 0.000000
vt 3.141593 0.610380 0.000000
vt 3.141593 1.010718 0.000000
vt 2.015336 -2.562731 0.000000
vt 2.199115 -2.280144 0.000000
vt 2.199115 -1.868786 0.000000
vt 2.199115 -1.457428 0.000000
vt 2.199115 -1.046071 0.000000
vt 2.199115 -0.634713 0.000000
vt 2.199115 -0.223355 0.000000
vt 2.199115 0.188002 0.000000
vt 2.199115 -2.691501 0.000000
vt 2.219370 -2.748281 0.000000
vt 2.413268 -2.954295 0.000000
vt 2.513274 -2.691501 0.000000
vt 2.784832 -3.421032 0.000000
vt 2.827433 -3.102859 0.000000
vt 3.140340 -3.923768 0.000000
vt 3.141593 -3.391963 0.000000
vt 3.141593 -3.925574 0.000000
vt 3.141593 -2.858351 0.000000
vt 2.827433 -2.691501 0.000000
vt 2.513274 -2.280144 0.000000
vt 3.141593 -2.324740 0.000000
vt 2.827433 -2.280144 0.000000
vt 2.513274 -1.868786 0.000000
vt 3.141593 -1.791129 0.000000
vt 2.827433 -1.868786 0.000000
vt 2.513274 -1.457428 0.000000
vt 2.827433 -1.457428 0.000000
vt 3.141593 -1.257517 0.000000
vt 2.827433 -1.046071 0.000000
vt 3.141593 -0.723906 0.000000
vt 2.827433 -0.634713 0.000000
vt 3.141593 -0.190294 0.000000
vt 2.827433 -0.223355 0.000000
vt 2.827433 0.188002 0.000000
vt 2.513274 0.188002 0.000000
vt 3.141593 0.210043 0.000000
vt 1.570796 0.955017 0.000000
vt 2.513274 -1.046071 0.000000
vt 2.513274 -0.634713 0.000000
vt 2.513274 -0.223355 0.000000
vt 0.500000 9.773844 0.000000
vt -0.500000 9.773844 0.000000
vt 0.500000 9.175465 0.000000
vt -0.500000 9.175465 0.000000
vt 0.500000 8.577086 0.000000
vt -0.500000 8.577086 0.000000
vt 0.500000 7.978707 0.000000
vt -0.500000 7.978707 0.000000
vt 0.500000 7.380328 0.000000
vt -0.500000 7.380328 0.000000
vt 0.500000 6.781949 0.000000
vt -0.500000 6.781949 0.000000
vt 0.500000 6.183570 0.000000
vt -0.500000 6.183570 0.000000
vt 0.500000 5.585191 0.000000
vt -0.500000 5.585191 0.000000
vt 0.500000 4.986813 0.000000
vt -0.500000 4.986813 0.000000
vt 0.500000 4.388434 0.000000
vt -0.500000 4.388434 0.000000
vt 0.500000 3.790055 0.000000
vt -0.500000 3.790055 0.000000
vt 0.500000 3.191676 0.000000
vt -0.500000 3.191676 0.000000
vt 0.500000 2.593297 0.000000
vt -0.500000 2.593297 0.000000
vt 0.500000 1.994918 0.000000
vt -0.500000 1.994918 0.000000
vt 0.500000 1.396539 0.000000
vt -0.500000 1.396539 0.000000
vt -3.758676 1.368340 0.000000
vt -3.758481 1.368132 0.000000
vt -3.512764 1.913241 0.000000
vt 3.064178 2.571150 0.000000
vt -3.188387 2.415406 0.000000
vt -2.792792 2.863619 0.000000
vt 2.646758 2.999112 0.000000
vt -2.334815 3.247867 0.000000
vt 2.170218 3.360082 0.000000
vt -1.824685 3.559568 0.000000
vt 1.645202 3.645999 0.000000
vt -1.273797 3.791760 0.000000
vt 1.083438 3.850476 0.000000
vt -0.694457 3.939255 0.000000
vt 0.497473 3.968945 0.000000
vt -0.099605 3.998760 0.000000
vt -3.463616 6.000000 0.000000
vt 3.464294 -7.000000 0.000000
vt 3.464294 6.000000 0.000000
vt 10.000000 -7.000000 0.000000
vt 10.000000 6.000000 0.000000
vt -3.463616 -7.000000 0.000000
vt 3.464294 -8.000000 0.000000
vt 9.000000 -8.000000 0.000000
vt 9.258819 -7.965926 0.000000
vt 9.500000 -7.866025 0.000000
vt 9.707107 -7.707107 0.000000
vt 9.866025 -7.500000 0.000000
vt 9.965926 -7.258819 0.000000
vt 9.965926 6.258819 0.000000
vt 9.866025 6.500000 0.000000
vt 9.707107 6.707107 0.000000
vt 9.500000 6.866025 0.000000
vt 9.258819 6.965926 0.000000
vt 9.000000 7.000000 0.000000
vt 3.464294 7.000000 0.000000
vt 12.185487 -4.990098 0.000000
vt 11.506547 -4.900311 0.000000
vt 11.896387 -5.452451 0.000000
vt 11.682611 -5.954096 0.000000
vt 10.846246 -4.718591 0.000000
vt 11.549348 -6.482858 0.000000
vt 10.216970 -4.448345 0.000000
vt 11.499832 -7.025902 0.000000
vt 11.457023 -7.412385 0.000000
vt 11.340238 -7.783279 0.000000
vt 11.153891 -8.124565 0.000000
vt 10.905026 -8.423342 0.000000
vt 10.603051 -8.668316 0.000000
vt 10.259380 -8.850228 0.000000
vt 9.887004 -8.962200 0.000000
vt 9.500000 -9.000000 0.000000
vt 9.630526 -4.094645 0.000000
vt 9.097916 -3.664126 0.000000
vt 8.629131 -3.164865 0.000000
vt 8.232967 -2.606229 0.000000
vt -7.500000 -9.000000 0.000000
vt -6.195078 -2.253521 0.000000
vt -6.567819 -2.720912 0.000000
vt 7.916856 -1.998698 0.000000
vt -5.896159 -1.735798 0.000000
vt 7.686729 -1.353669 0.000000
vt -5.677738 -1.179307 0.000000
vt 7.546902 -0.683245 0.000000
vt -5.544694 -0.596478 0.000000
vt 7.500000 -0.000002 0.000000
vt -5.500000 -0.000330 0.000000
vt -5.544653 0.595821 0.000000
vt 7.546902 0.683241 0.000000
vt -0.803094 7.840713 0.000000
vt 7.686728 1.353666 0.000000
vt 7.916855 1.998694 0.000000
vt 8.232965 2.606226 0.000000
vt 1.153070 8.896504 0.000000
vt 0.152808 8.409703 0.000000
vt 8.629129 3.164863 0.000000
vt 3.258207 9.610415 0.000000
vt 2.190641 9.297684 0.000000
vt 9.097913 3.664124 0.000000
vt 5.453067 9.962355 0.000000
vt 4.348243 9.832494 0.000000
vt 9.630523 4.094643 0.000000
vt 7.675875 9.942418 0.000000
vt 6.564890 9.999083 0.000000
vt 8.778191 9.792760 0.000000
vt 10.216967 4.448344 0.000000
vt 11.500398 7.149012 0.000000
vt 11.535023 6.574076 0.000000
vt 10.846243 4.718589 0.000000
vt 11.663472 6.012605 0.000000
vt 11.506544 4.900311 0.000000
vt 11.882267 5.479802 0.000000
vt 12.185483 4.990098 0.000000
vt 9.864068 9.551164 0.000000
vt 11.560536 7.721841 0.000000
vt 10.925853 9.219332 0.000000
vt 11.713807 8.277051 0.000000
vt 11.956061 8.799605 0.000000
vt -7.499761 3.463772 0.000000
vt -7.005841 3.126974 0.000000
vt -6.567632 2.720325 0.000000
vt -6.194923 2.252909 0.000000
vt -5.896039 1.735165 0.000000
vt -5.677657 1.178659 0.000000
vt -7.006056 -3.127530 0.000000
vt -7.500000 -3.464294 0.000000
vt 3.758481 1.368132 0.000000
vt 3.512764 1.913241 0.000000
vt -3.064178 2.571150 0.000000
vt 3.188387 2.415406 0.000000
vt 2.792792 2.863619 0.000000
vt 3.758676 1.368340 0.000000
vt -2.646758 2.999112 0.000000
vt 2.334815 3.247867 0.000000
vt -2.170218 3.360082 0.000000
vt 1.824685 3.559568 0.000000
vt -1.645202 3.645999 0.000000
vt 1.273797 3.791760 0.000000
vt -1.083438 3.850476 0.000000
vt 0.694457 3.939255 0.000000
vt -0.497473 3.968945 0.000000
vt 0.099605 3.998760 0.000000
vt 0.500000 9.773844 0.000000
vt -0.500000 9.773844 0.000000
vt 0.500000 9.175465 0.000000
vt -0.500000 9.175465 0.000000
vt 0.500000 8.577086 0.000000
vt -0.500000 8.577086 0.000000
vt 0.500000 7.978707 0.000000
vt -0.500000 7.978707 0.000000
vt 0.500000 7.380328 0.000000
vt -0.500000 7.380328 0.000000
vt 0.500000 6.781949 0.000000
vt -0.500000 6.781949 0.000000
vt 0.500000 6.183570 0.000000
vt -0.500000 6.183570 0.000000
vt 0.500000 5.585191 0.000000
vt -0.500000 5.585191 0.000000
vt 0.500000 4.986813 0.000000
vt -0.500000 4.986813 0.000000
vt 0.500000 4.388434 0.000000
vt -0.500000 4.388434 0.000000
vt 0.500000 3.790055 0.000000
vt -0.500000 3.790055 0.000000
vt 0.500000 3.191676 0.000000
vt -0.500000 3.191676 0.000000
vt 0.500000 2.593297 0.000000
vt -0.500000 2.593297 0.000000
vt 0.500000 1.994918 0.000000
vt -0.500000 1.994918 0.000000
vt 0.500000 1.396539 0.000000
vt -0.500000 1.396539 0.000000
vt -7.000000 -5.973259 0.000000
vt 6.000000 -5.973259 0.000000
vt -7.000000 -5.972974 0.000000
vt 6.000000 -5.972974 0.000000
vt -8.000000 2.027212 0.000000
vt 7.000000 2.027212 0.000000
vt 7.000000 -5.972974 0.000000
vt -8.000000 -5.972974 0.000000
vt -7.500000 0.523599 0.000000
vt -1.833333 0.471239 0.000000
vt -7.500000 0.785398 0.000000
vt 3.833333 0.471239 0.000000
vt 9.500000 0.523599 0.000000
vt 9.500000 0.261799 0.000000
vt 3.833333 0.157080 0.000000
vt 9.500000 -0.000000 0.000000
vt 3.833333 -0.157080 0.000000
vt 9.500000 -0.261799 0.000000
vt 3.833333 -0.471239 0.000000
vt 9.500000 -0.523599 0.000000
vt 9.500000 -0.785398 0.000000
vt -1.833333 -0.471239 0.000000
vt -7.500000 -0.523599 0.000000
vt -7.500000 -0.261799 0.000000
vt -1.833333 -0.157080 0.000000
vt -7.500000 -0.000000 0.000000
vt -1.833333 0.157080 0.000000
vt -7.500000 0.261799 0.000000
vt -7.500000 -0.785398 0.000000
vt 9.500000 0.785398 0.000000
vt -1.570796 8.067208 0.000000
vt -1.308997 8.067208 0.000000
vt -1.570796 8.594365 0.000000
vt -1.256637 8.535792 0.000000
vt -1.256637 9.004376 0.000000
vt -0.942478 8.535792 0.000000
vt -0.942478 9.004376 0.000000
vt -0.628319 8.535792 0.000000
vt -0.628319 9.004376 0.000000
vt -0.314159 8.535792 0.000000
vt -0.314159 9.004376 0.000000
vt -0.000000 8.535792 0.000000
vt 0.000000 9.004376 0.000000
vt -1.047198 8.067208 0.000000
vt -0.785398 8.067208 0.000000
vt -0.523599 8.067208 0.000000
vt -0.261799 8.067208 0.000000
vt -0.000000 8.067208 0.000000
vt -0.314159 9.472959 0.000000
vt -0.000000 9.472959 0.000000
vt -0.314159 9.941543 0.000000
vt -0.000000 9.941543 0.000000
vt -0.314159 10.410126 0.000000
vt -0.000000 10.410126 0.000000
vt -0.314159 10.878710 0.000000
vt -0.000000 10.878710 0.000000
vt -0.314159 11.347294 0.000000
vt -0.000000 11.347294 0.000000
vt -0.314159 11.815877 0.000000
vt 0.000000 11.815877 0.000000
vt -0.261799 12.284461 0.000000
vt -0.000000 12.284461 0.000000
vt -0.523599 12.284461 0.000000
vt -0.628319 11.815877 0.000000
vt -0.628319 11.347294 0.000000
vt -0.628319 10.878710 0.000000
vt -0.628319 10.410126 0.000000
vt -0.628319 9.941543 0.000000
vt -0.628319 9.472959 0.000000
vt -0.785398 12.284461 0.000000
vt -0.942478 11.815877 0.000000
vt -0.942478 11.347294 0.000000
vt -0.942478 10.878710 0.000000
vt -0.942478 10.410126 0.000000
vt -0.942478 9.941543 0.000000
vt -0.942478 9.472959 0.000000
vt -1.047198 12.284461 0.000000
vt -1.256637 11.815877 0.000000
vt -1.256637 11.347294 0.000000
vt -1.256637 10.878710 0.000000
vt -1.256637 10.410126 0.000000
vt -1.256637 9.941543 0.000000
vt -1.256637 9.472959 0.000000
vt -1.308997 12.284461 0.000000
vt -1.570796 11.757304 0.000000
vt -1.570796 11.230148 0.000000
vt -1.570796 10.702991 0.000000
vt -1.570796 10.175835 0.000000
vt -1.570796 9.648678 0.000000
vt -1.570796 9.121522 0.000000
vt -1.570796 12.284461 0.000000
vt 1.570796 7.918699 0.000000
vt 1.570796 7.483127 0.000000
vt 1.884956 7.713436 0.000000
vt 1.800787 7.347081 0.000000
vt 1.884956 7.335441 0.000000
vt 2.016919 7.185015 0.000000
vt 2.199115 7.335441 0.000000
vt 2.221465 6.998684 0.000000
vt 2.513274 7.335441 0.000000
vt 2.513274 6.957447 0.000000
vt 2.827433 6.957447 0.000000
vt 2.827433 6.579453 0.000000
vt 3.141593 6.795450 0.000000
vt 3.141593 6.309457 0.000000
vt 3.140317 5.825305 0.000000
vt 3.141593 5.823464 0.000000
vt 2.416680 6.790842 0.000000
vt 2.785478 6.327166 0.000000
vt 3.141593 7.281442 0.000000
vt 2.827433 7.335441 0.000000
vt 2.513274 7.713436 0.000000
vt 2.199115 7.713436 0.000000
vt 2.199115 8.091430 0.000000
vt 1.884956 8.091430 0.000000
vt 1.884956 8.469424 0.000000
vt 1.570796 8.354270 0.000000
vt 1.570796 8.789841 0.000000
vt 1.884956 8.847418 0.000000
vt 1.832596 9.225413 0.000000
vt 2.094395 9.225413 0.000000
vt 2.199115 8.847418 0.000000
vt 2.356194 9.225413 0.000000
vt 2.513274 8.847418 0.000000
vt 2.617994 9.225413 0.000000
vt 2.827433 8.847418 0.000000
vt 2.879793 9.225413 0.000000
vt 3.141593 8.739420 0.000000
vt 3.141593 9.225413 0.000000
vt 3.141593 7.767435 0.000000
vt 2.827433 7.713436 0.000000
vt 2.513274 8.091430 0.000000
vt 2.199115 8.469424 0.000000
vt 2.827433 8.091430 0.000000
vt 3.141593 8.253427 0.000000
vt 2.827433 8.469424 0.000000
vt 1.570796 9.225413 0.000000
vt 2.513274 8.469424 0.000000
vt -12.185483 4.990098 0.000000
vt -11.506544 4.900311 0.000000
vt -11.882267 5.479802 0.000000
vt -11.663472 6.012605 0.000000
vt -10.846243 4.718589 0.000000
vt -11.535023 6.574076 0.000000
vt -10.216967 4.448344 0.000000
vt -11.500398 7.149012 0.000000
vt -8.778191 9.792760 0.000000
vt -9.864068 9.551164 0.000000
vt -9.630523 4.094643 0.000000
vt -7.675875 9.942418 0.000000
vt -9.097913 3.664124 0.000000
vt -6.564890 9.999083 0.000000
vt -5.453067 9.962355 0.000000
vt -8.629129 3.164863 0.000000
vt -4.348243 9.832494 0.000000
vt -3.258207 9.610415 0.000000
vt -8.232965 2.606226 0.000000
vt -2.190641 9.297684 0.000000
vt -1.153070 8.896504 0.000000
vt -7.916855 1.998694 0.000000
vt -0.152808 8.409703 0.000000
vt 0.803094 7.840713 0.000000
vt -7.686728 1.353666 0.000000
vt -7.546902 0.683241 0.000000
vt 5.544653 0.595821 0.000000
vt -7.500000 -0.000002 0.000000
vt 5.500000 -0.000330 0.000000
vt 5.544694 -0.596478 0.000000
vt -7.546902 -0.683245 0.000000
vt 5.677738 -1.179307 0.000000
vt -7.686729 -1.353669 0.000000
vt 5.896159 -1.735798 0.000000
vt -7.916856 -1.998698 0.000000
vt 6.195078 -2.253521 0.000000
vt -8.232967 -2.606229 0.000000
vt 7.500000 -9.000000 0.000000
vt -9.500000 -9.000000 0.000000
vt -8.629131 -3.164865 0.000000
vt -9.097916 -3.664126 0.000000
vt -9.630526 -4.094645 0.000000
vt -10.216970 -4.448345 0.000000
vt -9.887004 -8.962200 0.000000
vt -10.259380 -8.850228 0.000000
vt -10.603051 -8.668316 0.000000
vt -10.905026 -8.423342 0.000000
vt -11.153891 -8.124565 0.000000
vt -11.340238 -7.783279 0.000000
vt -11.457023 -7.412385 0.000000
vt -11.499832 -7.025902 0.000000
vt -11.549348 -6.482858 0.000000
vt -10.846246 -4.718591 0.000000
vt -11.682611 -5.954096 0.000000
vt -11.506547 -4.900311 0.000000
vt -11.896387 -5.452451 0.000000
vt -12.185487 -4.990098 0.000000
vt 7.500000 -3.464294 0.000000
vt 7.006056 -3.127530 0.000000
vt 6.567819 -2.720912 0.000000
vt 5.677657 1.178659 0.000000
vt 5.896039 1.735165 0.000000
vt 6.194923 2.252909 0.000000
vt 6.567632 2.720325 0.000000
vt 7.005841 3.126974 0.000000
vt 7.499761 3.463772 0.000000
vt -11.560536 7.721841 0.000000
vt -10.925853 9.219332 0.000000
vt -11.713807 8.277051 0.000000
vt -11.956061 8.799605 0.000000
vt -7.000000 10.519826 0.000000
vt -7.195047 10.500610 0.000000
vt -5.682737 10.519826 0.000000
vt -7.382888 10.443576 0.000000
vt -7.555673 10.351110 0.000000
vt -5.519698 10.071055 0.000000
vt -7.707332 10.226459 0.000000
vt -7.831505 10.074874 0.000000
vt -7.923912 9.901619 0.000000
vt -5.322512 9.636995 0.000000
vt -7.980813 9.713469 0.000000
vt -8.000000 9.517849 0.000000
vt -8.000000 8.405093 0.000000
vt -4.833186 8.829220 0.000000
vt -5.092946 9.221655 0.000000
vt -8.000000 7.292337 0.000000
vt -3.903623 7.814171 0.000000
vt -4.238111 8.126328 0.000000
vt -4.546751 8.463126 0.000000
vt -8.000000 6.179581 0.000000
vt -2.295768 6.823027 0.000000
vt -2.730765 7.024335 0.000000
vt -3.146567 7.258771 0.000000
vt -8.000000 5.066824 0.000000
vt 7.000000 6.179581 0.000000
vt -0.000000 6.366160 0.000000
vt -0.457351 6.383717 0.000000
vt 7.000000 5.066824 0.000000
vt -8.000000 3.954068 0.000000
vt 7.000000 3.954068 0.000000
vt -8.000000 2.841312 0.000000
vt 7.000000 2.841312 0.000000
vt -8.000000 1.728556 0.000000
vt 7.000000 1.728556 0.000000
vt -8.000000 0.615800 0.000000
vt 7.000000 0.615800 0.000000
vt -8.000000 -0.496956 0.000000
vt 7.000000 -0.496956 0.000000
vt -8.000000 -1.609712 0.000000
vt 7.000000 -1.609712 0.000000
vt -8.000000 -2.722468 0.000000
vt 7.000000 -2.722468 0.000000
vt 7.000000 -3.835225 0.000000
vt -8.000000 -3.835225 0.000000
vt 7.000000 7.292337 0.000000
vt 2.295768 6.823027 0.000000
vt 1.845868 6.657363 0.000000
vt 1.385927 6.528504 0.000000
vt 7.000000 8.405093 0.000000
vt 3.903623 7.814171 0.000000
vt 3.538765 7.523353 0.000000
vt 3.146567 7.258771 0.000000
vt 7.000000 9.517849 0.000000
vt 5.092946 9.221655 0.000000
vt 4.833186 8.829220 0.000000
vt 4.546751 8.463126 0.000000
vt 5.322512 9.636995 0.000000
vt 6.980871 9.713177 0.000000
vt 6.924143 9.901060 0.000000
vt 5.519698 10.071055 0.000000
vt 6.831912 10.074263 0.000000
vt 6.707637 10.226154 0.000000
vt 6.556111 10.350816 0.000000
vt 5.682737 10.519826 0.000000
vt 6.383089 10.443493 0.000000
vt 6.195358 10.500548 0.000000
vt 6.000000 10.519826 0.000000
vt 4.238111 8.126328 0.000000
vt 2.730765 7.024335 0.000000
vt 0.921246 6.437363 0.000000
vt 0.457351 6.383717 0.000000
vt -0.921246 6.437363 0.000000
vt -1.385927 6.528504 0.000000
vt -1.845868 6.657363 0.000000
vt -3.538765 7.523353 0.000000
vt -7.500000 0.523599 0.000000
vt -1.833333 0.471239 0.000000
vt -7.500000 0.785398 0.000000
vt 3.833333 0.471239 0.000000
vt 9.500000 0.523599 0.000000
vt 9.500000 0.261799 0.000000
vt 3.833333 0.157080 0.000000
vt 9.500000 0.000000 0.000000
vt 3.833333 -0.157080 0.000000
vt 9.500000 -0.261799 0.000000
vt 3.833333 -0.471239 0.000000
vt 9.500000 -0.523599 0.000000
vt 9.500000 -0.785398 0.000000
vt -1.833333 -0.471239 0.000000
vt -7.500000 -0.523599 0.000000
vt -7.500000 -0.261799 0.000000
vt -1.833333 -0.157080 0.000000
vt -7.500000 0.000000 0.000000
vt -1.833333 0.157080 0.000000
vt -7.500000 0.261799 0.000000
vt -7.500000 -0.785398 0.000000
vt 9.500000 0.785398 0.000000
vt 0.000000 0.437418 0.000000
vt -0.261799 0.437418 0.000000
vt 0.000000 -0.043439 0.000000
vt -0.314159 -0.031165 0.000000
vt -0.314159 -0.499749 0.000000
vt -0.628319 -0.031165 0.000000
vt -0.628319 -0.499749 0.000000
vt -0.942478 -0.031165 0.000000
vt -0.942478 -0.499749 0.000000
vt -1.256637 -0.031165 0.000000
vt -1.256637 -0.499749 0.000000
vt -1.570796 -0.089738 0.000000
vt -1.570796 -0.616895 0.000000
vt -0.523599 0.437418 0.000000
vt -0.785398 0.437418 0.000000
vt -1.047198 0.437418 0.000000
vt -1.308997 0.437418 0.000000
vt -1.570796 0.437418 0.000000
vt -1.256637 -0.968332 0.000000
vt -1.570796 -1.144051 0.000000
vt -1.256637 -1.436916 0.000000
vt -1.570796 -1.671208 0.000000
vt -1.256637 -1.905500 0.000000
vt -1.570796 -2.198364 0.000000
vt -1.256637 -2.374083 0.000000
vt -1.570796 -2.725521 0.000000
vt -1.256637 -2.842667 0.000000
vt -1.570796 -3.252678 0.000000
vt -1.256637 -3.311251 0.000000
vt -1.308997 -3.779834 0.000000
vt -1.047198 -3.779834 0.000000
vt -1.570796 -3.779834 0.000000
vt -0.942478 -3.311251 0.000000
vt -0.785398 -3.779834 0.000000
vt -0.628319 -3.311251 0.000000
vt -0.523599 -3.779834 0.000000
vt -0.314159 -3.311251 0.000000
vt -0.261799 -3.779834 0.000000
vt -0.000000 -3.335797 0.000000
vt -0.000000 -3.779834 0.000000
vt -0.000000 -2.891760 0.000000
vt -0.314159 -2.842667 0.000000
vt -0.628319 -2.842667 0.000000
vt -0.628319 -2.374083 0.000000
vt -0.942478 -2.374083 0.000000
vt -0.942478 -1.905500 0.000000
vt 0.000000 -2.447724 0.000000
vt -0.314159 -2.374083 0.000000
vt -0.628319 -1.905500 0.000000
vt -0.942478 -1.436916 0.000000
vt 0.000000 -1.966867 0.000000
vt -0.314159 -1.905500 0.000000
vt -0.628319 -1.436916 0.000000
vt -0.942478 -0.968332 0.000000
vt 0.000000 -1.486010 0.000000
vt -0.314159 -1.436916 0.000000
vt -0.628319 -0.968332 0.000000
vt 0.000000 -1.005153 0.000000
vt -0.314159 -0.968332 0.000000
vt 0.000000 -0.524296 0.000000
vt -0.942478 -2.842667 0.000000
vt -3.141593 5.823464 0.000000
vt -3.140317 5.825305 0.000000
vt -3.141593 6.309457 0.000000
vt -2.785478 6.327166 0.000000
vt -2.827433 6.579453 0.000000
vt -2.416680 6.790842 0.000000
vt -2.513274 6.957447 0.000000
vt -2.221465 6.998684 0.000000
vt -2.513274 7.335441 0.000000
vt -2.199115 7.335441 0.000000
vt -2.513274 7.713436 0.000000
vt -2.199115 7.713436 0.000000
vt -2.513274 8.091430 0.000000
vt -2.199115 8.091430 0.000000
vt -2.513274 8.469424 0.000000
vt -2.199115 8.469424 0.000000
vt -2.513274 8.847418 0.000000
vt -2.199115 8.847418 0.000000
vt -2.356194 9.225413 0.000000
vt -2.094395 9.225413 0.000000
vt -1.884956 8.847418 0.000000
vt -1.832596 9.225413 0.000000
vt -1.570796 8.789841 0.000000
vt -1.570796 9.225413 0.000000
vt -2.016919 7.185015 0.000000
vt -1.884956 7.335441 0.000000
vt -1.884956 7.713436 0.000000
vt -1.884956 8.091430 0.000000
vt -1.884956 8.469424 0.000000
vt -1.800787 7.347081 0.000000
vt -1.570796 7.483127 0.000000
vt -1.570796 7.918699 0.000000
vt -1.570796 8.354270 0.000000
vt -2.617994 9.225413 0.000000
vt -2.827433 8.847418 0.000000
vt -2.827433 8.469424 0.000000
vt -2.827433 8.091430 0.000000
vt -2.827433 7.713436 0.000000
vt -2.827433 7.335441 0.000000
vt -2.827433 6.957447 0.000000
vt -3.141593 6.795450 0.000000
vt -2.879793 9.225413 0.000000
vt -3.141593 8.739420 0.000000
vt -3.141593 8.253427 0.000000
vt -3.141593 7.767435 0.000000
vt -3.141593 7.281442 0.000000
vt -3.141593 9.225413 0.000000
vt 5.945927 0.879957 0.000000
vt 6.000000 0.879957 0.000000
vt 5.896350 1.252868 0.000000
vt 6.000000 1.372036 0.000000
vt 5.824207 1.626659 0.000000
vt 6.000000 1.864115 0.000000
vt 5.727465 1.995985 0.000000
vt 6.000000 2.356194 0.000000
vt 5.606249 2.356194 0.000000
vt -5.682737 2.896114 0.000000
vt -6.000000 2.896114 0.000000
vt -5.675854 2.837230 0.000000
vt -6.000000 2.537760 0.000000
vt -5.650891 2.585945 0.000000
vt -5.794637 2.430170 0.000000
vt -6.000000 2.179407 0.000000
vt -5.907193 2.242234 0.000000
vt -5.976879 2.033706 0.000000
vt -6.000000 1.821053 0.000000
vt -1.334375 0.785398 0.000000
vt -1.638960 0.595270 0.000000
vt 4.250000 0.785398 0.000000
vt 4.250000 0.523599 0.000000
vt -1.965145 0.411496 0.000000
vt 4.250000 0.261799 0.000000
vt -2.301237 0.237732 0.000000
vt -2.634212 0.076641 0.000000
vt 4.250000 0.000000 0.000000
vt -2.602312 -0.133297 0.000000
vt 4.250000 -0.261799 0.000000
vt -2.576431 -0.351244 0.000000
vt 4.250000 -0.523599 0.000000
vt -2.564375 -0.571189 0.000000
vt 4.250000 -0.785398 0.000000
vt -2.569647 -0.785398 0.000000
vt 9.965926 5.258819 0.000000
vt 9.000000 6.000000 0.000000
vt 10.000000 5.000000 0.000000
vt -8.000000 6.000000 0.000000
vt -8.000000 -6.000000 0.000000
vt 9.866025 5.500000 0.000000
vt 9.707107 5.707107 0.000000
vt 9.500000 5.866025 0.000000
vt 9.258819 5.965926 0.000000
vt 10.000000 -5.000000 0.000000
vt 9.000000 -6.000000 0.000000
vt 9.965926 -5.258819 0.000000
vt 9.866025 -5.500000 0.000000
vt 9.707107 -5.707107 0.000000
vt 9.500000 -5.866025 0.000000
vt 9.258819 -5.965926 0.000000
vt 4.084375 5.000000 0.000000
vt -1.500000 5.000000 0.000000
vt 3.495349 4.554766 0.000000
vt 2.965471 4.040554 0.000000
vt 2.502764 3.465153 0.000000
vt 2.114236 2.837274 0.000000
vt 1.805771 2.166428 0.000000
vt 1.582040 1.462774 0.000000
vt 1.446432 0.736967 0.000000
vt 1.401000 0.000000 0.000000
vt -1.500000 -5.000000 0.000000
vt 1.446432 -0.736967 0.000000
vt 1.582040 -1.462774 0.000000
vt 1.805771 -2.166428 0.000000
vt 2.114236 -2.837274 0.000000
vt 2.502764 -3.465153 0.000000
vt 2.965471 -4.040554 0.000000
vt 3.495349 -4.554766 0.000000
vt 4.084375 -5.000000 0.000000
vt -2.569647 0.785398 0.000000
vt -2.564375 0.571189 0.000000
vt 4.250000 0.785398 0.000000
vt 4.250000 0.523599 0.000000
vt -2.576431 0.351244 0.000000
vt 4.250000 0.261799 0.000000
vt -2.602312 0.133297 0.000000
vt 4.250000 -0.000000 0.000000
vt -2.634212 -0.076641 0.000000
vt 4.250000 -0.261799 0.000000
vt -2.301237 -0.237732 0.000000
vt -1.965145 -0.411496 0.000000
vt 4.250000 -0.523599 0.000000
vt -1.638960 -0.595270 0.000000
vt 4.250000 -0.785398 0.000000
vt -1.334375 -0.785398 0.000000
vt -0.782948 12.177271 0.000000
vt -0.921130 11.720143 0.000000
vt -0.727638 12.155933 0.000000
vt -0.486809 12.080330 0.000000
vt -0.581336 11.722742 0.000000
vt -0.658509 11.352386 0.000000
vt -1.040912 11.258586 0.000000
vt -0.709384 10.981541 0.000000
vt -1.142768 10.794980 0.000000
vt -0.727638 10.623054 0.000000
vt -1.227329 10.331916 0.000000
vt -0.727638 9.884221 0.000000
vt -1.295942 9.872064 0.000000
vt -1.350291 9.418375 0.000000
vt -0.727638 9.145388 0.000000
vt -1.393059 8.962751 0.000000
vt -0.727638 8.406554 0.000000
vt -1.426386 8.497245 0.000000
vt -1.451190 8.024673 0.000000
vt -0.727638 7.667721 0.000000
vt -1.468759 7.547529 0.000000
vt -1.480536 7.068223 0.000000
vt -0.727638 6.928888 0.000000
vt -1.487966 6.588718 0.000000
vt -0.727638 6.190055 0.000000
vt -1.492280 6.110956 0.000000
vt -1.494588 5.637301 0.000000
vt -0.727638 5.451222 0.000000
vt -1.495668 5.170192 0.000000
vt -0.727638 4.712389 0.000000
vt -1.495939 4.712389 0.000000
vt -1.495668 4.254586 0.000000
vt -0.727638 3.973556 0.000000
vt -1.494588 3.787477 0.000000
vt -0.727638 3.234723 0.000000
vt -1.492280 3.313822 0.000000
vt -1.487966 2.836060 0.000000
vt -0.727638 2.495890 0.000000
vt -1.480536 2.356555 0.000000
vt -0.727638 1.757057 0.000000
vt -1.468759 1.877249 0.000000
vt -1.451190 1.400105 0.000000
vt -0.727638 1.018224 0.000000
vt -1.426386 0.927533 0.000000
vt -1.393059 0.462027 0.000000
vt -0.727638 0.279390 0.000000
vt -1.350291 0.006403 0.000000
vt -0.727638 -0.459443 0.000000
vt -1.295942 -0.447286 0.000000
vt -1.227329 -0.907138 0.000000
vt -0.727638 -1.198276 0.000000
vt -1.142768 -1.370202 0.000000
vt -0.709384 -1.556763 0.000000
vt -1.040912 -1.833808 0.000000
vt -0.658509 -1.927608 0.000000
vt -0.921130 -2.295365 0.000000
vt -0.581336 -2.297964 0.000000
vt -0.727638 -2.731155 0.000000
vt -0.486809 -2.655552 0.000000
vt -0.782948 -2.752493 0.000000
vt 6.000000 -1.522505 0.000000
vt 7.000000 -1.522505 0.000000
vt 6.000000 -1.044854 0.000000
vt 7.000000 -1.031547 0.000000
vt 6.000000 -0.567202 0.000000
vt 7.000000 -0.540589 0.000000
vt 6.000000 -0.089551 0.000000
vt 7.000000 -0.049632 0.000000
vt 6.000000 0.388100 0.000000
vt 7.000000 0.441326 0.000000
vt 6.000000 0.865751 0.000000
vt 7.000000 0.932283 0.000000
vt 6.000000 1.343402 0.000000
vt 7.000000 1.423241 0.000000
vt 6.000000 1.821053 0.000000
vt 7.000000 1.914199 0.000000
vt 5.976879 2.033706 0.000000
vt 5.907193 2.242234 0.000000
vt 7.000000 2.405156 0.000000
vt 5.794637 2.430170 0.000000
vt 5.650891 2.585945 0.000000
vt 7.000000 2.896114 0.000000
vt 5.675854 2.837230 0.000000
vt 5.682737 2.896114 0.000000
vt 6.000000 -7.853982 0.000000
vt 7.000000 -7.853982 0.000000
vt 6.000000 -7.418955 0.000000
vt 7.000000 -7.418955 0.000000
vt 6.000000 -6.983929 0.000000
vt 7.000000 -6.983929 0.000000
vt 6.000000 -6.548903 0.000000
vt 7.000000 -6.548903 0.000000
vt 6.000000 -6.113877 0.000000
vt 7.000000 -6.113877 0.000000
vt 6.000000 -5.678851 0.000000
vt 7.000000 -5.678851 0.000000
vt 6.000000 -5.243825 0.000000
vt 7.000000 -5.243825 0.000000
vt 6.000000 -4.808799 0.000000
vt 7.000000 -4.808799 0.000000
vt -5.606249 2.356194 0.000000
vt -7.000000 2.356194 0.000000
vt -5.727465 1.995985 0.000000
vt -7.000000 1.836913 0.000000
vt -5.824207 1.626659 0.000000
vt -7.000000 1.317631 0.000000
vt -5.896350 1.252868 0.000000
vt -6.000000 0.879957 0.000000
vt -5.945927 0.879957 0.000000
vt -7.000000 0.798350 0.000000
vt -6.000000 0.347074 0.000000
vt -7.000000 0.279068 0.000000
vt -6.000000 -0.185808 0.000000
vt -7.000000 -0.240214 0.000000
vt -6.000000 -0.718691 0.000000
vt -7.000000 -0.759495 0.000000
vt -6.000000 -1.251574 0.000000
vt -7.000000 -1.278777 0.000000
vt -6.000000 -1.784457 0.000000
vt -7.000000 -1.798059 0.000000
vt -6.000000 -2.317340 0.000000
vt -7.000000 -2.317340 0.000000
vt 9.500000 -7.000000 0.000000
vt 7.624856 -4.486035 0.000000
vt -7.500000 -7.000000 0.000000
vt 7.106010 -3.973871 0.000000
vt 6.653529 -3.403932 0.000000
vt 9.500000 -5.606249 0.000000
vt 8.830616 -5.308201 0.000000
vt 8.202524 -4.932978 0.000000
vt 6.273992 -2.784504 0.000000
vt 5.972917 -2.124592 0.000000
vt 5.754681 -1.433791 0.000000
vt 5.622457 -0.722145 0.000000
vt 5.578168 -0.000000 0.000000
vt -7.500000 6.000000 0.000000
vt 5.622457 0.722145 0.000000
vt 5.754681 1.433791 0.000000
vt 5.972917 2.124592 0.000000
vt 6.273992 2.784504 0.000000
vt 6.653529 3.403932 0.000000
vt 7.106010 3.973871 0.000000
vt 7.624856 4.486035 0.000000
vt 8.202524 4.932978 0.000000
vt 9.500000 6.000000 0.000000
vt 8.830616 5.308201 0.000000
vt 9.500000 5.606249 0.000000
vt 17.272362 -3.906252 0.000000
vt 17.484135 -3.595585 0.000000
vt 17.272362 -3.156805 0.000000
vt 17.656638 -3.256446 0.000000
vt 17.785297 -2.897181 0.000000
vt 17.272362 -2.407358 0.000000
vt 17.869022 -2.526613 0.000000
vt 17.985259 -1.802713 0.000000
vt 17.272362 -1.657911 0.000000
vt 18.094326 -1.078813 0.000000
vt 17.272362 -0.908464 0.000000
vt 18.194637 -0.354913 0.000000
vt 17.272362 -0.159017 0.000000
vt 18.284734 0.368988 0.000000
vt 17.272362 0.590430 0.000000
vt 18.363307 1.092888 0.000000
vt 17.272362 1.339877 0.000000
vt 18.429213 1.816788 0.000000
vt 17.272362 2.089324 0.000000
vt 18.481494 2.540688 0.000000
vt 17.272362 2.838771 0.000000
vt 18.519390 3.264589 0.000000
vt 17.272362 3.588218 0.000000
vt 18.542350 3.988489 0.000000
vt 17.272362 4.337665 0.000000
vt 18.550041 4.712389 0.000000
vt 17.272362 5.087113 0.000000
vt 18.542350 5.436289 0.000000
vt 17.272362 5.836560 0.000000
vt 18.519390 6.160189 0.000000
vt 17.272362 6.586007 0.000000
vt 18.481494 6.884090 0.000000
vt 17.272362 7.335454 0.000000
vt 18.429213 7.607990 0.000000
vt 17.272362 8.084901 0.000000
vt 18.363307 8.331890 0.000000
vt 17.272362 8.834348 0.000000
vt 18.284734 9.055790 0.000000
vt 17.272362 9.583795 0.000000
vt 18.194637 9.779691 0.000000
vt 17.272362 10.333242 0.000000
vt 18.094326 10.503591 0.000000
vt 17.272362 11.082689 0.000000
vt 17.985259 11.227491 0.000000
vt 17.272362 11.832136 0.000000
vt 17.869022 11.951391 0.000000
vt 17.785297 12.321959 0.000000
vt 17.272362 12.581583 0.000000
vt 17.656638 12.681224 0.000000
vt 17.484135 13.020363 0.000000
vt 17.272362 13.331030 0.000000
vt -6.696287 5.945927 0.000000
vt -5.961785 5.799474 0.000000
vt -6.696287 6.000000 0.000000
vt 1.500000 6.000000 0.000000
vt -5.251252 5.562655 0.000000
vt -4.575757 5.239161 0.000000
vt -3.945828 4.834031 0.000000
vt -3.371278 4.353580 0.000000
vt -2.861061 3.805292 0.000000
vt -2.423127 3.197711 0.000000
vt -2.064298 2.540304 0.000000
vt -1.790167 1.843316 0.000000
vt -1.605006 1.117605 0.000000
vt -1.511698 0.374480 0.000000
vt 1.500000 -6.000000 0.000000
vt -1.511698 -0.374480 0.000000
vt -1.605006 -1.117605 0.000000
vt -1.790167 -1.843316 0.000000
vt -2.064298 -2.540304 0.000000
vt -2.423127 -3.197711 0.000000
vt -2.861061 -3.805292 0.000000
vt -3.371278 -4.353580 0.000000
vt -3.945828 -4.834031 0.000000
vt -4.575757 -5.239161 0.000000
vt -5.251252 -5.562655 0.000000
vt -5.961785 -5.799474 0.000000
vt -6.696287 -5.945927 0.000000
vt -6.696287 -6.000000 0.000000
vn -0.000000 -98.637923 -16.448713
vn -0.000000 -98.637923 -16.448713
vn -0.000000 -98.643236 -16.416822
vn -0.000000 -99.733598 -7.294478
vn -0.000000 -99.958620 -2.876496
vn -0.000000 -99.972212 2.357286
vn -0.000000 -99.420594 10.749211
vn -0.000000 -99.726182 7.395181
vn -0.000000 -99.197760 12.641375
vn -0.000000 -98.357537 18.049790
vn -0.000000 -97.033848 24.175036
vn -0.000000 -97.193442 23.525196
vn -0.000000 -93.067043 36.585864
vn -0.000000 -92.842764 37.151328
vn -0.000000 -87.194631 48.960150
vn -0.000000 -86.925275 49.436794
vn -0.000000 -79.686376 60.415904
vn -0.000000 -79.391416 60.802985
vn -0.000000 -70.683139 70.738206
vn -0.000000 -70.381279 71.038550
vn -0.000000 -60.353829 79.733402
vn -0.000000 -60.062407 79.953157
vn -0.000000 -48.892231 87.232733
vn -0.000000 -48.626678 87.381040
vn 0.000000 -36.513375 93.095507
vn 0.000000 -36.286740 93.184079
vn 0.000000 -23.449498 97.211733
vn 0.000000 -23.272052 97.254365
vn 0.000000 -9.945689 99.504187
vn 0.000000 -9.824621 99.516214
vn 0.000000 3.744709 99.929861
vn 0.000000 3.805497 99.927565
vn 0.000000 17.364853 98.480769
vn 0.000000 17.364853 98.480769
vn 0.000000 30.601310 95.202730
vn 0.000000 30.659218 95.184097
vn 0.000000 43.268738 90.154403
vn 0.000000 43.378391 90.101694
vn 0.000000 55.131587 83.429660
vn 0.000000 55.283750 83.328908
vn 0.000000 65.969267 75.153548
vn 0.000000 66.151941 74.992804
vn 0.000000 75.580253 65.479961
vn 0.000000 75.779067 65.249774
vn 0.000000 83.785830 54.588779
vn 0.000000 83.984515 54.282605
vn 0.000000 90.433414 42.682521
vn 0.000000 90.614346 42.297049
vn 0.000000 95.399395 29.982585
vn 0.000000 95.544177 29.517966
vn 0.000000 98.591431 16.725125
vn 0.000000 98.681520 16.185102
vn 0.000000 99.950165 3.156663
vn 0.000000 99.967518 2.548592
vn 0.000000 99.450333 -10.470498
vn 0.000000 99.378043 -11.135732
vn 0.000000 98.594457 -16.707274
vn 0.000000 97.101228 -23.902961
vn 0.000000 97.530114 -22.087936
vn 0.000000 96.226436 -27.211634
vn 0.000000 94.720779 -32.062034
vn 0.000000 92.946532 -36.890949
vn 0.000000 91.217484 -40.980125
vn 0.000000 87.063502 -49.192953
vn 0.000000 87.079705 -49.164265
vn 0.000000 87.063502 -49.192953
vn -100.000000 0.000000 -0.000000
vn -100.000000 0.000000 -0.000000
vn -100.000000 0.000000 -0.000000
vn -100.000000 0.000000 -0.000000
vn -100.000000 0.000000 -0.000000
vn -100.000000 0.000000 -0.000000
vn -100.000000 0.000000 -0.000000
vn -100.000000 0.000000 -0.000000
vn -100.000000 0.000000 -0.000000
vn -100.000000 0.000000 -0.000000
vn -100.000000 0.000000 -0.000000
vn -100.000000 0.000000 -0.000000
vn -100.000000 0.000000 -0.000000
vn -100.000000 0.000000 -0.000000
vn -100.000000 0.000000 -0.000000
vn -100.000000 0.000000 -0.000000
vn -100.000000 0.000000 -0.000000
vn -100.000000 0.000000 -0.000000
vn -100.000000 0.000000 -0.000000
vn -100.000000 0.000000 -0.000000
vn -100.000000 0.000000 -0.000000
vn -100.000000 0.000000 -0.000000
vn -100.000000 0.000000 -0.000000
vn -100.000000 0.000000 -0.000000
vn -100.000000 0.000000 -0.000000
vn -100.000000 0.000000 -0.000000
vn -100.000000 0.000000 -0.000000
vn -100.000000 0.000000 -0.000000
vn -100.000000 0.000000 -0.000000
vn -100.000000 0.000000 -0.000000
vn -100.000000 0.000000 -0.000000
vn -100.000000 0.000000 -0.000000
vn -100.000000 0.000000 -0.000000
vn -100.000000 0.000000 -0.000000
vn -100.000000 0.000000 -0.000000
vn -100.000000 0.000000 -0.000000
vn -100.000000 0.000000 -0.000000
vn -100.000000 0.000000 -0.000000
vn -100.000000 0.000000 -0.000000
vn -100.000000 0.000000 -0.000000
vn -100.000000 0.000000 -0.000000
vn -100.000000 0.000000 -0.000000
vn -100.000000 0.000000 -0.000000
vn -100.000000 0.000000 -0.000000
vn -100.000000 0.000000 -0.000000
vn -100.000000 0.000000 -0.000000
vn -100.000000 0.000000 -0.000000
vn -100.000000 0.000000 -0.000000
vn -100.000000 0.000000 -0.000000
vn -100.000000 0.000000 -0.000000
vn -100.000000 0.000000 -0.000000
vn 0.000000 98.637923 16.448713
vn 0.125218 98.627189 16.512479
vn 0.000000 93.532453 35.379094
vn 34.924087 88.153628 31.768631
vn 30.901699 85.227567 42.206004
vn 66.562025 65.022280 36.627857
vn 58.778525 66.445047 46.153447
vn 79.694615 50.301291 33.444708
vn 80.901699 48.275152 33.532442
vn 90.280881 34.151332 26.135207
vn 80.901699 42.831404 40.254016
vn 95.105652 22.517802 21.162789
vn 80.901699 36.460170 46.103916
vn 95.105652 19.168246 24.238263
vn 80.901699 29.299414 50.955465
vn 95.105652 15.403613 26.788873
vn 80.901699 21.504198 54.703606
vn 95.105652 11.305426 28.759388
vn 80.901699 13.243322 57.267176
vn 95.105652 6.962426 30.107136
vn 80.901699 4.695671 58.590662
vn 95.105652 2.468660 30.802934
vn 80.901699 -3.953662 58.645406
vn 95.105652 -2.078563 30.831714
vn 80.901699 -12.517380 57.430220
vn 95.105652 -6.580776 30.192854
vn 92.391180 -13.153174 35.928593
vn 98.081273 -6.624182 18.335323
vn 100.000000 -0.000000 -0.000000
vn 100.000000 -0.000000 -0.000000
vn 97.392493 17.189455 14.806244
vn 100.000000 -0.000000 0.000000
vn 100.000000 -0.000000 0.000000
vn 100.000000 -0.000000 -0.000000
vn 100.000000 -0.000000 -0.000000
vn 100.000000 -0.000000 -0.000000
vn 100.000000 -0.000000 -0.000000
vn 83.150497 -19.284748 52.096961
vn 70.733230 -24.727826 66.221936
vn 58.778525 -17.228696 79.045917
vn 55.567333 -29.246932 77.826014
vn 38.288839 -32.617222 86.429634
vn 30.901699 -20.253547 92.924049
vn 19.504697 -34.701624 91.735294
vn -0.000000 -16.475149 98.633511
vn -0.000000 -35.404161 93.522967
vn 30.901699 -6.397159 94.890259
vn -0.000000 3.087208 99.952334
vn 30.901699 7.597755 94.801683
vn 0.000000 22.530885 97.428739
vn 30.901699 21.428145 92.660237
vn 30.901699 34.794523 88.512294
vn 58.778525 29.597989 75.293054
vn 58.778525 40.327183 70.134181
vn 0.000000 41.108419 91.159738
vn 30.901699 47.407447 82.447674
vn 58.778525 50.183118 63.456596
vn 0.000000 58.105641 81.386328
vn 30.901699 58.993794 74.597703
vn 58.778525 58.952370 55.404900
vn 0.000000 72.869137 68.484223
vn 30.901699 69.302668 65.132367
vn 30.901699 78.110837 54.256631
vn 0.000000 84.831360 52.949413
vn 58.778525 18.227869 78.821506
vn 58.778525 6.463037 80.643128
vn 58.778525 -5.441748 80.718476
vn 0.000000 99.967518 2.548592
vn 0.000000 99.378043 -11.135732
vn 0.000000 99.450333 -10.470498
vn 0.000000 98.594457 -16.707274
vn 0.000000 97.101228 -23.902961
vn 0.000000 97.530114 -22.087936
vn 0.000000 96.226436 -27.211634
vn 0.000000 94.720779 -32.062034
vn 0.000000 92.946532 -36.890949
vn 0.000000 91.217484 -40.980124
vn 0.000000 87.063502 -49.192953
vn 0.000000 87.079705 -49.164265
vn 0.000000 99.950165 3.156663
vn 0.000000 98.681520 16.185102
vn 0.000000 98.591431 16.725125
vn 0.000000 95.544177 29.517966
vn 0.000000 95.399395 29.982585
vn 0.000000 90.614346 42.297049
vn 0.000000 90.433414 42.682521
vn 0.000000 83.984515 54.282605
vn 0.000000 83.785830 54.588779
vn 0.000000 75.779067 65.249774
vn 0.000000 75.580253 65.479961
vn 0.000000 66.151941 74.992804
vn 0.000000 65.969267 75.153548
vn 0.000000 55.283750 83.328908
vn 0.000000 55.131587 83.429660
vn 0.000000 43.378391 90.101694
vn 0.000000 43.268738 90.154403
vn 0.000000 30.659218 95.184097
vn 0.000000 30.601310 95.202730
vn 0.000000 17.364853 98.480769
vn 0.000000 17.364853 98.480769
vn 0.000000 3.805497 99.927565
vn 0.000000 3.744709 99.929861
vn 0.000000 -9.824621 99.516214
vn 0.000000 -9.945689 99.504187
vn 0.000000 -23.272052 97.254365
vn 0.000000 -23.449498 97.211733
vn 0.000000 -36.286740 93.184079
vn 0.000000 -36.513375 93.095507
vn -0.000000 -48.626678 87.381040
vn -0.000000 -48.892231 87.232733
vn -0.000000 -60.062407 79.953157
vn -0.000000 -60.353829 79.733402
vn -0.000000 -70.381279 71.038550
vn -0.000000 -70.683139 70.738206
vn -0.000000 -79.391416 60.802985
vn -0.000000 -79.686376 60.415904
vn -0.000000 -86.925275 49.436794
vn -0.000000 -87.194631 48.960150
vn -0.000000 -92.842764 37.151328
vn -0.000000 -93.067043 36.585864
vn -0.000000 -97.033848 24.175036
vn -0.000000 -97.193442 23.525196
vn -0.000000 -98.357537 18.049787
vn -0.000000 -99.420594 10.749211
vn -0.000000 -99.197761 12.641369
vn -0.000000 -99.726182 7.395173
vn -0.000000 -99.972212 2.357275
vn -0.000000 -99.958620 -2.876496
vn -0.000000 -99.733598 -7.294478
vn -0.000000 -98.643236 -16.416822
vn -0.000000 -98.637923 -16.448713
vn 100.000000 -0.000000 0.000000
vn 100.000000 -0.000000 0.000000
vn 100.000000 -0.000000 0.000000
vn 100.000000 -0.000000 0.000000
vn 100.000000 -0.000000 0.000000
vn 100.000000 -0.000000 0.000000
vn 100.000000 -0.000000 0.000000
vn 100.000000 -0.000000 0.000000
vn 100.000000 -0.000000 0.000000
vn 100.000000 -0.000000 0.000000
vn 100.000000 -0.000000 0.000000
vn 100.000000 -0.000000 0.000000
vn 100.000000 -0.000000 0.000000
vn 100.000000 -0.000000 0.000000
vn 100.000000 -0.000000 0.000000
vn 100.000000 -0.000000 0.000000
vn 100.000000 -0.000000 0.000000
vn 100.000000 -0.000000 0.000000
vn 100.000000 -0.000000 0.000000
vn 100.000000 -0.000000 0.000000
vn 100.000000 -0.000000 0.000000
vn 100.000000 -0.000000 0.000000
vn 100.000000 -0.000000 0.000000
vn 100.000000 -0.000000 0.000000
vn 100.000000 -0.000000 0.000000
vn 100.000000 -0.000000 0.000000
vn 100.000000 -0.000000 0.000000
vn 100.000000 -0.000000 0.000000
vn 100.000000 -0.000000 0.000000
vn 100.000000 -0.000000 0.000000
vn 100.000000 -0.000000 0.000000
vn 100.000000 -0.000000 0.000000
vn 100.000000 -0.000000 0.000000
vn 100.000000 -0.000000 0.000000
vn 100.000000 -0.000000 0.000000
vn 100.000000 -0.000000 0.000000
vn 100.000000 -0.000000 0.000000
vn 100.000000 -0.000000 0.000000
vn 100.000000 -0.000000 0.000000
vn 100.000000 -0.000000 0.000000
vn 100.000000 -0.000000 0.000000
vn 100.000000 -0.000000 0.000000
vn 100.000000 -0.000000 0.000000
vn 100.000000 -0.000000 0.000000
vn 100.000000 -0.000000 0.000000
vn 100.000000 -0.000000 0.000000
vn 100.000000 -0.000000 0.000000
vn 100.000000 -0.000000 0.000000
vn 100.000000 -0.000000 0.000000
vn 100.000000 -0.000000 0.000000
vn 100.000000 -0.000000 0.000000
vn -97.392490 17.189465 14.806251
vn -95.105652 22.517802 21.162789
vn -100.000000 0.000000 0.000000
vn -95.105652 19.168246 24.238263
vn -100.000000 0.000000 -0.000000
vn -95.105652 15.403613 26.788873
vn -100.000000 0.000000 -0.000000
vn -95.105652 11.305426 28.759388
vn -100.000000 0.000000 0.000000
vn -95.105652 6.962426 30.107136
vn -100.000000 0.000000 0.000000
vn -95.105652 2.468660 30.802934
vn -100.000000 0.000000 -0.000000
vn -95.105652 -2.078563 30.831714
vn -100.000000 0.000000 0.000000
vn -95.105652 -6.580776 30.192854
vn -98.087035 -6.614132 18.308110
vn -92.414268 -13.133563 35.876351
vn -80.901699 -12.517380 57.430220
vn -83.191226 -19.262908 52.039988
vn -70.763678 -24.716821 66.193509
vn -58.778525 -17.228696 79.045917
vn -55.611169 -29.236244 77.798714
vn -38.308892 -32.614147 86.421908
vn -30.901699 -20.253547 92.924049
vn -19.535846 -34.699521 91.729461
vn -0.000000 -21.681206 97.621336
vn -0.000000 -35.404161 93.522967
vn -90.280872 34.151349 26.135217
vn -80.901699 42.831404 40.254016
vn -80.901699 36.460170 46.103916
vn -80.901699 29.299414 50.955465
vn -80.901699 21.504198 54.703606
vn -80.901699 13.243322 57.267176
vn -80.901699 4.695671 58.590662
vn -80.901699 -3.953662 58.645406
vn -80.901699 48.275152 33.532442
vn -79.694594 50.301318 33.444717
vn -66.561993 65.022311 36.627860
vn -58.778525 66.445047 46.153447
vn -34.924085 88.153629 31.768631
vn -30.901699 85.227567 42.206004
vn -0.125218 98.627189 16.512479
vn 0.000000 93.719436 34.880759
vn 0.000000 98.637923 16.448713
vn 0.000000 85.390201 52.043382
vn -30.901699 78.110837 54.256631
vn -58.778525 58.952370 55.404900
vn 0.000000 73.953344 67.311981
vn -30.901699 69.302668 65.132367
vn -58.778525 50.183118 63.456596
vn 0.000000 59.825091 80.130884
vn -30.901699 58.993794 74.597703
vn -58.778525 40.327183 70.134181
vn -30.901699 47.407447 82.447674
vn 0.000000 43.519612 90.033568
vn -30.901699 34.794523 88.512294
vn 0.000000 25.630316 96.659645
vn -30.901699 21.428145 92.660237
vn -0.000000 6.808251 99.767969
vn -30.901699 7.597755 94.801683
vn -30.901699 -6.397159 94.890259
vn -58.778525 -5.441748 80.718476
vn -0.000000 -7.513535 99.717334
vn -100.000000 0.000000 -0.000000
vn -58.778525 29.597989 75.293054
vn -58.778525 18.227869 78.821506
vn -58.778525 6.463037 80.643128
vn 0.000000 76.604444 -64.278761
vn 0.000000 76.604444 -64.278761
vn 0.000000 66.168953 -74.977795
vn 0.000000 66.168953 -74.977795
vn 0.000000 54.255453 -84.002058
vn 0.000000 54.255453 -84.002058
vn 0.000000 41.130056 -91.149978
vn 0.000000 41.130056 -91.149978
vn 0.000000 27.085942 -96.261891
vn 0.000000 27.085942 -96.261891
vn 0.000000 12.436813 -99.223615
vn 0.000000 12.436813 -99.223615
vn -0.000000 -2.490117 -99.968992
vn -0.000000 -2.490117 -99.968992
vn -0.000000 -17.361424 -98.481374
vn -0.000000 -17.361424 -98.481374
vn -0.000000 -31.844932 -94.793989
vn -0.000000 -31.844932 -94.793989
vn -0.000000 -45.617123 -88.989202
vn -0.000000 -45.617123 -88.989202
vn -0.000000 -58.370370 -81.196674
vn -0.000000 -58.370370 -81.196674
vn -0.000000 -69.819806 -71.590466
vn -0.000000 -69.819806 -71.590466
vn -0.000000 -79.709684 -60.385149
vn -0.000000 -79.709684 -60.385149
vn -0.000000 -87.819097 -47.831018
vn -0.000000 -87.819097 -47.831018
vn -0.000000 -93.966905 -34.208490
vn -0.000000 -93.966905 -34.208490
vn -100.000000 0.000000 -0.000000
vn -100.000000 0.000000 -0.000000
vn -100.000000 0.000000 -0.000000
vn -100.000000 0.000000 -0.000000
vn -100.000000 0.000000 -0.000000
vn -100.000000 0.000000 -0.000000
vn -100.000000 0.000000 -0.000000
vn -100.000000 0.000000 -0.000000
vn -100.000000 0.000000 -0.000000
vn -100.000000 0.000000 -0.000000
vn -100.000000 0.000000 -0.000000
vn -100.000000 0.000000 -0.000000
vn -100.000000 0.000000 -0.000000
vn -100.000000 0.000000 -0.000000
vn -100.000000 0.000000 -0.000000
vn -100.000000 0.000000 -0.000000
vn -0.000000 -17.364818 -98.480775
vn -0.000000 -17.364818 -98.480775
vn -0.000000 -17.364818 -98.480775
vn -0.000000 -17.364818 -98.480775
vn -0.000000 -17.364818 -98.480775
vn -0.000000 -17.364818 -98.480775
vn -0.000000 -17.364818 -98.480775
vn -0.000000 -17.364818 -98.480775
vn -0.000000 -17.364818 -98.480775
vn -0.000000 -17.364818 -98.480775
vn -0.000000 -17.364818 -98.480775
vn -0.000000 -17.364818 -98.480775
vn -0.000000 -17.364818 -98.480775
vn -0.000000 -17.364818 -98.480775
vn -0.000000 -17.364818 -98.480775
vn -0.000000 -17.364818 -98.480775
vn -0.000000 -17.364818 -98.480775
vn -0.000000 -17.364818 -98.480775
vn -0.000000 -17.364818 -98.480775
vn -0.000000 -17.364818 -98.480775
vn -100.000000 0.000000 -0.000000
vn -100.000000 0.000000 -0.000000
vn -100.000000 0.000000 -0.000000
vn -100.000000 0.000000 -0.000000
vn -100.000000 0.000000 -0.000000
vn -100.000000 0.000000 -0.000000
vn -100.000000 0.000000 -0.000000
vn -100.000000 0.000000 -0.000000
vn -100.000000 0.000000 -0.000000
vn -100.000000 0.000000 -0.000000
vn -100.000000 0.000000 -0.000000
vn -100.000000 0.000000 -0.000000
vn -100.000000 0.000000 -0.000000
vn -100.000000 0.000000 -0.000000
vn -100.000000 0.000000 -0.000000
vn -100.000000 0.000000 -0.000000
vn -100.000000 0.000000 -0.000000
vn -100.000000 0.000000 -0.000000
vn -100.000000 0.000000 -0.000000
vn -100.000000 0.000000 -0.000000
vn -100.000000 0.000000 -0.000000
vn -100.000000 0.000000 -0.000000
vn -100.000000 0.000000 -0.000000
vn -100.000000 0.000000 -0.000000
vn -100.000000 0.000000 -0.000000
vn -100.000000 0.000000 -0.000000
vn -100.000000 0.000000 -0.000000
vn -100.000000 0.000000 -0.000000
vn -100.000000 0.000000 -0.000000
vn -100.000000 0.000000 -0.000000
vn -100.000000 0.000000 -0.000000
vn -100.000000 0.000000 -0.000000
vn -100.000000 0.000000 -0.000000
vn -100.000000 0.000000 -0.000000
vn -100.000000 0.000000 -0.000000
vn -100.000000 0.000000 -0.000000
vn -100.000000 0.000000 -0.000000
vn -100.000000 0.000000 -0.000000
vn -100.000000 0.000000 -0.000000
vn -100.000000 0.000000 -0.000000
vn -100.000000 0.000000 -0.000000
vn -100.000000 0.000000 -0.000000
vn -100.000000 0.000000 -0.000000
vn -100.000000 0.000000 -0.000000
vn -100.000000 0.000000 -0.000000
vn -100.000000 0.000000 -0.000000
vn -100.000000 0.000000 -0.000000
vn -100.000000 0.000000 -0.000000
vn -100.000000 0.000000 -0.000000
vn -100.000000 0.000000 -0.000000
vn -100.000000 0.000000 -0.000000
vn -100.000000 0.000000 -0.000000
vn -100.000000 0.000000 -0.000000
vn -100.000000 0.000000 -0.000000
vn -100.000000 0.000000 -0.000000
vn -100.000000 0.000000 -0.000000
vn -100.000000 0.000000 -0.000000
vn -100.000000 0.000000 -0.000000
vn -100.000000 0.000000 -0.000000
vn -100.000000 0.000000 -0.000000
vn -100.000000 0.000000 -0.000000
vn -100.000000 0.000000 -0.000000
vn 100.000000 -0.000000 0.000000
vn 100.000000 -0.000000 0.000000
vn 100.000000 -0.000000 0.000000
vn 100.000000 -0.000000 0.000000
vn 100.000000 -0.000000 0.000000
vn 100.000000 -0.000000 0.000000
vn 100.000000 -0.000000 0.000000
vn 100.000000 -0.000000 0.000000
vn 100.000000 -0.000000 0.000000
vn 100.000000 -0.000000 0.000000
vn 100.000000 -0.000000 0.000000
vn 100.000000 -0.000000 0.000000
vn 100.000000 -0.000000 0.000000
vn 100.000000 -0.000000 0.000000
vn 100.000000 -0.000000 0.000000
vn 100.000000 -0.000000 0.000000
vn 0.000000 76.604444 -64.278761
vn 0.000000 76.604444 -64.278761
vn 0.000000 66.168953 -74.977795
vn 0.000000 66.168953 -74.977795
vn 0.000000 54.255453 -84.002058
vn 0.000000 54.255453 -84.002058
vn 0.000000 41.130056 -91.149978
vn 0.000000 41.130056 -91.149978
vn 0.000000 27.085942 -96.261891
vn 0.000000 27.085942 -96.261891
vn 0.000000 12.436813 -99.223615
vn 0.000000 12.436813 -99.223615
vn -0.000000 -2.490117 -99.968992
vn -0.000000 -2.490117 -99.968992
vn -0.000000 -17.361424 -98.481374
vn -0.000000 -17.361424 -98.481374
vn -0.000000 -31.844932 -94.793989
vn -0.000000 -31.844932 -94.793989
vn -0.000000 -45.617123 -88.989202
vn -0.000000 -45.617123 -88.989202
vn -0.000000 -58.370370 -81.196674
vn -0.000000 -58.370370 -81.196674
vn -0.000000 -69.819806 -71.590466
vn -0.000000 -69.819806 -71.590466
vn -0.000000 -79.709684 -60.385149
vn -0.000000 -79.709684 -60.385149
vn -0.000000 -87.819097 -47.831018
vn -0.000000 -87.819097 -47.831018
vn -0.000000 -93.966905 -34.208490
vn -0.000000 -93.966905 -34.208490
vn 0.000000 72.934331 -68.414790
vn 0.000000 72.934331 -68.414790
vn 0.000000 72.934331 -68.414790
vn 0.000000 72.934331 -68.414790
vn 0.000000 72.934331 -68.414790
vn 0.000000 72.934331 -68.414790
vn 0.000000 72.934331 -68.414790
vn 0.000000 72.934331 -68.414790
vn 25.881905 -95.125124 16.773126
vn 30.901699 -93.660783 16.514923
vn 0.000000 -98.480775 17.364818
vn 30.901699 -93.660783 16.514923
vn 25.881905 -95.125124 16.773126
vn 50.000000 -85.286853 15.038373
vn 58.778525 -79.672621 14.048433
vn 70.710678 -69.636424 12.278780
vn 80.901699 -57.885547 10.206784
vn 86.602540 -49.240388 8.682409
vn 95.105652 -30.432233 5.366024
vn 96.592583 -25.488700 4.494346
vn 100.000000 0.000000 -0.000000
vn 95.105652 -30.432233 5.366024
vn 96.592583 -25.488700 4.494346
vn 86.602540 -49.240388 8.682409
vn 80.901699 -57.885547 10.206784
vn 70.710678 -69.636424 12.278780
vn 58.778525 -79.672621 14.048433
vn 50.000000 -85.286853 15.038373
vn 100.000000 -0.000000 0.000000
vn -0.000000 -98.480775 17.364818
vn 100.000000 -0.000000 0.000000
vn 96.592583 4.163863 25.544769
vn 100.000000 -0.000000 -0.000000
vn 95.105652 -0.355744 30.899652
vn 95.105652 -5.672300 30.376636
vn 80.901699 -0.676666 58.774630
vn 80.901699 -10.789357 57.779796
vn 58.778525 -0.931351 80.896338
vn 58.778525 -14.850275 79.527066
vn 30.901699 -1.094869 95.099349
vn 30.901699 -17.457546 93.489674
vn -0.000000 -1.151213 99.993373
vn -0.000000 -18.355950 98.300860
vn 86.602540 8.043965 49.348704
vn 70.710678 11.375884 69.789607
vn 50.000000 13.932556 85.474463
vn 25.881905 15.539747 95.334376
vn 0.000000 16.087930 98.697409
vn 30.901699 -33.298473 89.085895
vn -0.000000 -35.012087 93.670453
vn 30.901699 -48.144218 82.019627
vn -0.000000 -50.621826 86.240540
vn 30.901699 -61.551088 72.502059
vn -0.000000 -64.718644 76.233176
vn 30.901699 -73.118395 60.817640
vn -0.000000 -76.881230 63.947451
vn 30.901699 -82.500431 47.315578
vn -0.000000 -86.746086 49.750543
vn 30.901699 -89.416796 32.399407
vn -0.000000 -94.018383 34.066753
vn 58.778525 -76.062470 27.560582
vn 58.778525 -70.179058 40.249035
vn 58.778525 -62.198222 51.734574
vn 58.778525 -52.358482 61.673935
vn 58.778525 -40.953918 69.770062
vn 58.778525 -28.325373 75.780988
vn 80.901699 -55.262619 20.023935
vn 80.901699 -50.988070 29.242635
vn 80.901699 -45.189653 37.587368
vn 80.901699 -38.040664 44.808737
vn 80.901699 -29.754763 50.690917
vn 80.901699 -20.579588 55.058111
vn 95.105652 -29.053278 10.527206
vn 95.105652 -26.806015 15.373763
vn 95.105652 -23.757607 19.760849
vn 95.105652 -19.999161 23.557347
vn 95.105652 -15.643005 26.649792
vn 95.105652 -10.819330 28.945762
vn 100.000000 -0.000000 0.000000
vn 100.000000 -0.000000 0.000000
vn 100.000000 -0.000000 0.000000
vn 100.000000 -0.000000 0.000000
vn 100.000000 -0.000000 0.000000
vn 100.000000 -0.000000 0.000000
vn 100.000000 -0.000000 0.000000
vn 100.000000 -0.000000 -0.000000
vn 95.105652 -11.455885 28.699786
vn 97.366853 -11.147959 19.885143
vn 95.105652 -15.223548 26.891608
vn 90.212688 -23.246718 36.349153
vn 80.901699 -28.956910 51.150879
vn 79.567912 -35.964088 48.739426
vn 58.778525 -39.855767 70.403145
vn 58.778525 -48.990701 64.381645
vn 30.901699 -57.592023 75.685163
vn 30.901699 -67.277460 67.222231
vn -0.000000 -65.067333 75.935777
vn -0.000000 -77.231745 63.523678
vn 0.127604 -87.030997 49.250272
vn -0.000000 -87.063502 49.192953
vn 66.307028 -48.800320 56.761843
vn 34.863518 -72.007136 59.995895
vn -0.000000 -50.937672 86.054364
vn 30.901699 -46.853264 82.763861
vn 58.778525 -29.991896 75.137016
vn 80.901699 -21.790388 54.590237
vn 80.901699 -14.225334 57.031175
vn 95.105652 -7.478701 29.983063
vn 95.105652 -3.364736 30.717968
vn 100.000000 -0.000000 0.000000
vn 100.000000 -0.000000 0.000000
vn 95.105652 0.810768 30.891062
vn 80.901699 1.542173 58.758291
vn 58.778525 2.122619 80.873849
vn 30.901699 2.495288 95.072912
vn -0.000000 -1.242865 99.992276
vn -0.000000 -35.269524 93.573825
vn 30.901699 -35.257588 88.328860
vn 58.778525 -19.579492 78.496678
vn 80.901699 -6.400107 58.429048
vn 30.901699 -23.017074 92.278379
vn -0.000000 -18.536121 98.267045
vn 30.901699 -10.355591 94.540186
vn 58.778525 -8.808992 80.420685
vn 100.000000 -0.000000 0.000000
vn 100.000000 -0.000000 0.000000
vn 100.000000 -0.000000 0.000000
vn 100.000000 -0.000000 0.000000
vn 100.000000 -0.000000 0.000000
vn 100.000000 -0.000000 0.000000
vn 100.000000 -0.000000 0.000000
vn 100.000000 -0.000000 0.000000
vn 100.000000 -0.000000 0.000000
vn 100.000000 -0.000000 0.000000
vn 100.000000 -0.000000 0.000000
vn 100.000000 -0.000000 0.000000
vn 100.000000 -0.000000 0.000000
vn 100.000000 -0.000000 0.000000
vn 100.000000 -0.000000 0.000000
vn 100.000000 -0.000000 0.000000
vn 100.000000 -0.000000 0.000000
vn 100.000000 -0.000000 0.000000
vn 100.000000 -0.000000 0.000000
vn 100.000000 -0.000000 0.000000
vn 100.000000 -0.000000 0.000000
vn 100.000000 -0.000000 0.000000
vn 100.000000 -0.000000 0.000000
vn 100.000000 -0.000000 0.000000
vn 100.000000 -0.000000 0.000000
vn 100.000000 -0.000000 0.000000
vn 100.000000 -0.000000 0.000000
vn 100.000000 -0.000000 0.000000
vn 100.000000 -0.000000 0.000000
vn 100.000000 -0.000000 0.000000
vn 100.000000 -0.000000 0.000000
vn 100.000000 -0.000000 0.000000
vn 100.000000 -0.000000 0.000000
vn 100.000000 -0.000000 0.000000
vn 100.000000 -0.000000 0.000000
vn 100.000000 -0.000000 0.000000
vn 100.000000 -0.000000 0.000000
vn 100.000000 -0.000000 0.000000
vn 100.000000 -0.000000 0.000000
vn 100.000000 -0.000000 0.000000
vn 100.000000 -0.000000 0.000000
vn 100.000000 -0.000000 0.000000
vn 100.000000 -0.000000 0.000000
vn 100.000000 -0.000000 0.000000
vn 100.000000 -0.000000 0.000000
vn 100.000000 -0.000000 0.000000
vn 100.000000 -0.000000 0.000000
vn 100.000000 -0.000000 0.000000
vn 0.000000 94.605358 32.401022
vn 0.000000 94.652250 32.263782
vn 0.000000 94.605358 32.401022
vn 0.000000 94.790250 31.856060
vn 0.000000 95.010250 31.193787
vn 0.000000 95.648297 29.178814
vn 0.000000 95.299500 30.298601
vn 0.000000 95.639883 29.206384
vn 0.000000 96.013594 27.953349
vn 0.000000 96.552684 26.030350
vn 0.000000 96.400839 26.587183
vn 0.000000 96.782846 25.161095
vn 0.000000 98.552332 16.953991
vn 0.000000 97.959249 20.099391
vn 0.000000 97.321076 22.991479
vn 0.000000 99.627146 8.627382
vn 0.000000 99.210201 12.543367
vn 0.000000 98.887188 14.876966
vn 0.000000 98.477131 17.385474
vn 0.000000 99.999712 0.239961
vn 0.000000 99.870174 5.093954
vn 0.000000 99.781258 6.610644
vn 0.000000 99.648682 8.374970
vn 0.000000 99.667404 -8.149152
vn 0.000000 99.999712 0.239961
vn 0.000000 99.986419 1.648030
vn 0.000000 99.984147 1.780521
vn 0.000000 99.667404 -8.149152
vn 0.000000 98.632563 -16.480823
vn 0.000000 98.632563 -16.480823
vn 0.000000 96.902485 -24.696325
vn 0.000000 96.902485 -24.696325
vn 0.000000 94.489364 -32.737748
vn 0.000000 94.489364 -32.737748
vn 0.000000 91.410210 -40.548410
vn 0.000000 91.410210 -40.548410
vn 0.000000 87.686726 -48.073257
vn 0.000000 87.686726 -48.073257
vn 0.000000 83.345160 -55.259246
vn 0.000000 83.345160 -55.259246
vn 0.000000 78.416114 -62.055726
vn 0.000000 78.416114 -62.055726
vn 0.000000 99.627146 8.627382
vn 0.000000 99.870174 5.093954
vn 0.000000 99.926056 3.844920
vn 0.000000 99.958722 2.872950
vn 0.000000 98.552332 16.953991
vn 0.000000 99.210201 12.543367
vn 0.000000 99.461591 10.363002
vn 0.000000 99.648682 8.374970
vn 0.000000 96.782846 25.161095
vn 0.000000 97.321076 22.991479
vn 0.000000 97.959249 20.099391
vn 0.000000 98.477131 17.385474
vn 0.000000 96.552684 26.030350
vn 0.000000 96.401424 26.585060
vn 0.000000 96.014774 27.949296
vn 0.000000 95.648297 29.178814
vn 0.000000 95.641230 29.201972
vn 0.000000 95.300198 30.296406
vn 0.000000 95.010941 31.191683
vn 0.000000 94.605358 32.401022
vn 0.000000 94.790450 31.855465
vn 0.000000 94.652401 32.263338
vn 0.000000 94.605358 32.401022
vn 0.000000 98.887188 14.876966
vn 0.000000 99.781258 6.610644
vn 0.000000 99.976119 2.185316
vn 0.000000 99.984147 1.780521
vn 0.000000 99.976119 2.185316
vn 0.000000 99.958722 2.872950
vn 0.000000 99.926056 3.844920
vn 0.000000 99.461591 10.363002
vn -96.592583 -25.488700 4.494346
vn -95.105652 -30.432233 5.366024
vn -95.105652 -30.432233 5.366024
vn -96.592583 -25.488700 4.494346
vn -86.602540 -49.240388 8.682409
vn -80.901699 -57.885547 10.206784
vn -70.710678 -69.636424 12.278780
vn -58.778525 -79.672621 14.048433
vn -50.000000 -85.286853 15.038373
vn -30.901699 -93.660783 16.514923
vn -25.881905 -95.125124 16.773126
vn 0.000000 -98.480775 17.364818
vn -30.901699 -93.660783 16.514923
vn -25.881905 -95.125124 16.773126
vn -50.000000 -85.286853 15.038373
vn -58.778525 -79.672621 14.048433
vn -70.710678 -69.636424 12.278780
vn -80.901699 -57.885547 10.206784
vn -86.602540 -49.240388 8.682409
vn -0.000000 -98.480775 17.364818
vn 0.000000 16.087930 98.697409
vn -25.881905 15.539747 95.334376
vn 0.000000 -1.604546 99.987126
vn -30.901699 -1.094869 95.099349
vn -30.901699 -17.457546 93.489674
vn -58.778525 -0.931351 80.896338
vn -58.778525 -14.850275 79.527066
vn -80.901699 -0.676666 58.774630
vn -80.901699 -10.789357 57.779796
vn -95.105652 -0.355744 30.899652
vn -95.105652 -5.672300 30.376636
vn -50.000000 13.932556 85.474463
vn -70.710678 11.375884 69.789607
vn -86.602540 8.043965 49.348704
vn -96.592583 4.163863 25.544769
vn -95.105652 -10.819330 28.945762
vn -95.105652 -15.643005 26.649792
vn -95.105652 -19.999161 23.557347
vn -95.105652 -23.757607 19.760849
vn -95.105652 -26.806015 15.373763
vn -95.105652 -29.053278 10.527206
vn -80.901699 -55.262619 20.023935
vn -58.778525 -76.062470 27.560582
vn -30.901699 -89.416796 32.399407
vn -0.000000 -94.323415 33.212849
vn -0.000000 -87.634002 48.169303
vn -30.901699 -82.500431 47.315578
vn -58.778525 -70.179058 40.249035
vn -58.778525 -62.198222 51.734574
vn -80.901699 -45.189653 37.587368
vn -80.901699 -38.040664 44.808737
vn 0.000000 -78.592109 61.832681
vn -30.901699 -73.118395 60.817640
vn -58.778525 -52.358482 61.673935
vn -80.901699 -29.754763 50.690917
vn 0.000000 -66.429984 74.746620
vn -30.901699 -61.551088 72.502059
vn -58.778525 -40.953918 69.770062
vn -80.901699 -20.579588 55.058111
vn 0.000000 -52.177394 85.308379
vn -30.901699 -48.144218 82.019627
vn -58.778525 -28.325373 75.780988
vn 0.000000 -36.282849 93.185594
vn -30.901699 -33.298473 89.085895
vn 0.000000 -19.246529 98.130378
vn -80.901699 -50.988070 29.242635
vn -0.000000 -87.063502 49.192953
vn -0.127604 -87.030997 49.250272
vn -0.000000 -77.231745 63.523678
vn -34.863521 -72.007134 59.995896
vn -30.901699 -67.277460 67.222231
vn -66.307028 -48.800320 56.761843
vn -58.778525 -48.990701 64.381645
vn -79.567913 -35.964088 48.739426
vn -58.778525 -39.855767 70.403145
vn -80.901699 -28.956910 51.150879
vn -58.778525 -29.991896 75.137016
vn -80.901699 -21.790388 54.590237
vn -58.778525 -19.579492 78.496678
vn -80.901699 -14.225334 57.031175
vn -58.778525 -8.808992 80.420685
vn -80.901699 -6.400107 58.429048
vn -58.778525 2.122619 80.873849
vn -80.901699 1.542173 58.758291
vn -95.105652 0.810768 30.891062
vn -90.212689 -23.246718 36.349153
vn -95.105652 -15.223548 26.891608
vn -95.105652 -11.455885 28.699786
vn -95.105652 -7.478701 29.983063
vn -95.105652 -3.364736 30.717968
vn -97.366853 -11.147959 19.885143
vn -30.901699 2.495288 95.072912
vn -30.901699 -10.355591 94.540186
vn -30.901699 -23.017074 92.278379
vn -30.901699 -35.257588 88.328860
vn -30.901699 -46.853264 82.763861
vn -30.901699 -57.592023 75.685163
vn -0.000000 -65.067333 75.935777
vn -0.000000 -1.242865 99.992276
vn -0.000000 -18.536121 98.267045
vn -0.000000 -35.269524 93.573825
vn -0.000000 -50.937672 86.054364
vn 0.000000 16.087930 98.697409
vn -0.000000 -78.592109 61.832681
vn -0.000000 -78.592109 61.832681
vn -0.000000 -85.651958 51.611452
vn -0.000000 -91.401977 40.566965
vn -0.000000 -95.691757 29.035970
vn -0.000000 -98.480775 17.364818
vn -0.000000 -35.404161 93.522967
vn -0.000000 -33.191749 94.330842
vn -0.000000 -23.558606 97.185349
vn -0.000000 -17.461188 98.463734
vn -0.000000 -10.016897 99.497044
vn -0.000000 -1.692532 99.985676
vn -0.000000 -100.000000 0.000000
vn 18.898458 -98.198005 0.000000
vn 0.000000 -100.000000 0.000000
vn 25.881905 -96.592583 0.000000
vn 36.525084 -93.090914 0.000000
vn 50.000000 -86.602540 0.000000
vn 52.069597 -85.374218 0.000000
vn 65.089075 -75.917142 0.000000
vn 70.710678 -70.710678 0.000000
vn 79.481050 -60.685770 0.000000
vn 86.602540 -50.000000 0.000000
vn 90.722628 -42.064293 0.000000
vn 96.592583 -25.881905 0.000000
vn 97.714486 -21.257451 0.000000
vn -0.000000 0.000000 100.000000
vn -0.000000 0.000000 100.000000
vn -0.000000 0.000000 100.000000
vn -0.000000 0.000000 100.000000
vn -0.000000 0.000000 100.000000
vn -0.000000 0.000000 100.000000
vn -0.000000 0.000000 100.000000
vn -0.000000 0.000000 100.000000
vn -0.000000 0.000000 100.000000
vn -0.000000 0.000000 100.000000
vn -0.000000 0.000000 100.000000
vn -0.000000 0.000000 100.000000
vn -0.000000 0.000000 100.000000
vn -0.000000 0.000000 100.000000
vn -0.000000 0.000000 100.000000
vn -0.000000 0.000000 100.000000
vn -0.000000 -100.000000 0.000000
vn -0.000000 -100.000000 0.000000
vn -0.000000 -100.000000 0.000000
vn -0.000000 -100.000000 0.000000
vn -0.000000 -100.000000 0.000000
vn -0.000000 -100.000000 0.000000
vn -0.000000 -100.000000 0.000000
vn -0.000000 -100.000000 0.000000
vn -0.000000 -100.000000 0.000000
vn -0.000000 -100.000000 0.000000
vn -0.000000 -100.000000 0.000000
vn -0.000000 -100.000000 0.000000
vn -0.000000 -100.000000 0.000000
vn -0.000000 -100.000000 0.000000
vn -0.000000 -100.000000 0.000000
vn -0.000000 -100.000000 0.000000
vn -0.000000 -100.000000 0.000000
vn -97.714486 -21.257451 -0.000000
vn -96.592583 -25.881905 -0.000000
vn -90.722628 -42.064293 -0.000000
vn -86.602540 -50.000000 0.000000
vn -79.481050 -60.685770 0.000000
vn -70.710678 -70.710678 0.000000
vn -65.089075 -75.917142 0.000000
vn -50.000000 -86.602540 0.000000
vn -52.069597 -85.374218 0.000000
vn -36.525084 -93.090914 0.000000
vn -25.881905 -96.592583 0.000000
vn -18.898458 -98.198005 0.000000
vn -94.712277 0.000000 32.087141
vn -91.995241 0.000000 39.203006
vn -94.597569 0.000000 32.423755
vn -94.181512 0.000000 33.613133
vn -92.012211 0.000000 39.163160
vn -89.421126 0.000000 44.764520
vn -88.710410 0.000000 46.156940
vn -86.485358 0.000000 50.202419
vn -84.882839 0.000000 52.866849
vn -83.333333 0.000000 55.277080
vn -80.554095 0.000000 59.254011
vn -75.912765 0.000000 65.094178
vn -75.780723 0.000000 65.247850
vn -70.635178 0.000000 70.786098
vn -67.342572 0.000000 73.925489
vn -65.061475 0.000000 75.940796
vn -57.752542 0.000000 81.637270
vn -58.979850 0.000000 80.755045
vn -52.443147 0.000000 85.145266
vn -47.287906 0.000000 88.112735
vn -45.513452 0.000000 89.042269
vn -38.262797 0.000000 92.390250
vn -36.107140 0.000000 93.253817
vn -30.764932 0.000000 95.149981
vn -24.379567 0.000000 96.982662
vn -23.098946 0.000000 97.295625
vn -15.354219 0.000000 98.814209
vn -12.282789 0.000000 99.242799
vn -7.622641 0.000000 99.709053
vn -0.000000 0.000000 100.000000
vn -0.000000 0.000000 100.000000
vn 7.622641 0.000000 99.709053
vn 12.282789 0.000000 99.242799
vn 15.354219 0.000000 98.814209
vn 24.379567 0.000000 96.982662
vn 23.098946 0.000000 97.295625
vn 30.764932 0.000000 95.149981
vn 36.107140 0.000000 93.253817
vn 38.262797 0.000000 92.390250
vn 47.287906 0.000000 88.112735
vn 45.513452 0.000000 89.042269
vn 52.443147 0.000000 85.145266
vn 57.752542 0.000000 81.637270
vn 58.979850 0.000000 80.755045
vn 65.061475 0.000000 75.940796
vn 67.342572 0.000000 73.925489
vn 70.635178 0.000000 70.786098
vn 75.912765 0.000000 65.094178
vn 75.780723 0.000000 65.247850
vn 80.554095 0.000000 59.254011
vn 83.333333 0.000000 55.277080
vn 84.882839 0.000000 52.866849
vn 86.485358 0.000000 50.202419
vn 88.710410 0.000000 46.156940
vn 89.421126 0.000000 44.764520
vn 91.995241 0.000000 39.203006
vn 92.012211 0.000000 39.163160
vn 94.597569 0.000000 32.423755
vn 94.181512 0.000000 33.613133
vn 94.712277 0.000000 32.087141
vn 0.000000 98.637923 16.448713
vn 0.000000 93.719436 34.880759
vn 0.000000 85.390201 52.043382
vn 0.000000 73.953344 67.311981
vn 0.000000 59.825091 80.130884
vn 0.000000 43.519612 90.033568
vn 0.000000 25.630316 96.659645
vn -0.000000 6.808251 99.767969
vn -0.000000 -1.692532 99.985676
vn -0.000000 -10.016897 99.497044
vn -0.000000 -17.461188 98.463734
vn -0.000000 -23.558606 97.185349
vn -0.000000 -33.191749 94.330842
vn -0.000000 -35.404161 93.522967
vn 0.000000 16.087930 98.697409
vn 0.000000 -1.242865 99.992276
vn 0.000000 -18.536121 98.267045
vn 0.000000 -35.269524 93.573825
vn 0.000000 -50.937672 86.054364
vn 0.000000 -65.067333 75.935777
vn 0.000000 -77.231745 63.523678
vn 0.000000 -87.063502 49.192953
vn -0.000000 -98.480775 17.364818
vn -0.000000 -95.691757 29.035970
vn -0.000000 -91.401977 40.566965
vn -0.000000 -85.651958 51.611452
vn -0.000000 -78.592109 61.832681
vn -0.000000 -78.592109 61.832681
vn -0.000000 -66.429984 74.746620
vn -0.000000 -52.177394 85.308379
vn -0.000000 -36.282849 93.185594
vn -0.000000 -19.246529 98.130378
vn -0.000000 -1.604546 99.987126
vn -0.000000 -98.480775 17.364818
vn -0.000000 -98.480775 17.364818
vn -0.000000 -98.480775 17.364818
vn -0.000000 -98.480775 17.364818
vn -0.000000 -98.480775 17.364818
vn -0.000000 -98.480775 17.364818
vn -0.000000 -98.480775 17.364818
vn -0.000000 -98.480775 17.364818
vn -0.000000 -98.480775 17.364818
vn -0.000000 -98.480775 17.364818
vn -0.000000 -98.480775 17.364818
vn -0.000000 -98.480775 17.364818
vn -0.000000 -98.480775 17.364818
vn -0.000000 -98.480775 17.364818
vn -0.000000 -98.480775 17.364818
vn -0.000000 -98.480775 17.364818
vn -0.000000 -98.480775 17.364818
vn -0.000000 -98.480775 17.364818
vn -0.000000 -98.480775 17.364818
vn 99.098779 -0.000000 13.395222
vn 98.272703 -0.000000 18.506105
vn 96.657895 0.000000 25.636915
vn 97.070294 0.000000 24.028276
vn 95.458438 0.000000 29.794070
vn 92.710916 0.000000 37.479141
vn 93.437484 0.000000 35.629154
vn 88.470013 0.000000 46.616058
vn 87.319344 0.000000 48.737379
vn 82.216295 0.000000 56.925221
vn 80.567189 0.000000 59.236205
vn 74.767253 0.000000 66.406761
vn 72.559661 0.000000 68.812031
vn 66.231186 0.000000 74.922827
vn 63.421530 0.000000 77.315649
vn 56.732198 0.000000 82.349607
vn 53.295183 0.000000 84.614558
vn 46.408393 0.000000 88.579123
vn 42.338408 0.000000 90.595029
vn 35.409867 0.000000 93.520807
vn 30.721928 0.000000 95.163875
vn 23.896524 0.000000 97.102812
vn 18.626749 0.000000 98.249907
vn 12.035754 0.000000 99.273061
vn 6.241333 0.000000 99.805039
vn -0.000000 0.000000 100.000000
vn -6.241333 0.000000 99.805039
vn -12.035754 0.000000 99.273061
vn -18.626749 0.000000 98.249907
vn -23.896524 0.000000 97.102812
vn -30.721928 0.000000 95.163875
vn -35.409867 0.000000 93.520807
vn -42.338408 0.000000 90.595029
vn -46.408393 0.000000 88.579123
vn -53.295183 0.000000 84.614558
vn -56.732198 0.000000 82.349607
vn -63.421530 0.000000 77.315649
vn -66.231186 0.000000 74.922827
vn -72.559661 0.000000 68.812031
vn -74.767253 0.000000 66.406761
vn -80.567189 0.000000 59.236205
vn -82.216295 0.000000 56.925221
vn -87.319344 0.000000 48.737379
vn -88.470013 0.000000 46.616058
vn -92.710916 0.000000 37.479141
vn -93.437484 0.000000 35.629154
vn -95.458438 0.000000 29.794070
vn -96.657895 0.000000 25.636915
vn -97.070294 0.000000 24.028276
vn -98.272703 0.000000 18.506105
vn -99.098779 0.000000 13.395222
vn 0.000000 100.000000 -0.000000
vn 0.000000 100.000000 -0.000000
vn 0.000000 100.000000 -0.000000
vn 0.000000 100.000000 -0.000000
vn 0.000000 100.000000 -0.000000
vn 0.000000 100.000000 -0.000000
vn 0.000000 100.000000 -0.000000
vn 0.000000 100.000000 -0.000000
vn 0.000000 100.000000 -0.000000
vn 0.000000 100.000000 -0.000000
vn 0.000000 100.000000 -0.000000
vn 0.000000 100.000000 -0.000000
vn 0.000000 100.000000 -0.000000
vn 0.000000 100.000000 -0.000000
vn 0.000000 100.000000 -0.000000
vn 0.000000 100.000000 -0.000000
vn 0.000000 100.000000 -0.000000
vn 0.000000 100.000000 -0.000000
vn 0.000000 100.000000 -0.000000
vn 0.000000 100.000000 -0.000000
vn 0.000000 100.000000 -0.000000
vn 0.000000 100.000000 -0.000000
vn 0.000000 100.000000 -0.000000
vn 0.000000 100.000000 -0.000000
vn 0.000000 100.000000 -0.000000
vn 0.000000 100.000000 -0.000000
vn 0.000000 100.000000 -0.000000
vn 0.000000 100.000000 -0.000000
usemtl Paint_-_Metal_Flake_(Black)
f 1/1/1 2/2/2 66/3/3
f 66/3/3 2/2/2 65/4/4
f 65/4/4 2/2/2 3/5/5
f 65/4/4 3/5/5 64/6/6
f 64/6/6 3/5/5 4/7/7
f 64/6/6 4/7/7 63/8/8
f 63/8/8 4/7/7 62/9/9
f 62/9/9 4/7/7 61/10/10
f 61/10/10 4/7/7 5/11/11
f 61/10/10 5/11/11 60/12/12
f 60/12/12 5/11/11 59/13/13
f 59/13/13 5/11/11 6/14/14
f 59/13/13 6/14/14 58/15/15
f 58/15/15 6/14/14 7/16/16
f 58/15/15 7/16/16 57/17/17
f 57/17/17 7/16/16 8/18/18
f 57/17/17 8/18/18 56/19/19
f 56/19/19 8/18/18 9/20/20
f 56/19/19 9/20/20 55/21/21
f 55/21/21 9/20/20 10/22/22
f 55/21/21 10/22/22 54/23/23
f 54/23/23 10/22/22 11/24/24
f 54/23/23 11/24/24 53/25/25
f 53/25/25 11/24/24 12/26/26
f 53/25/25 12/26/26 52/27/27
f 52/27/27 12/26/26 13/28/28
f 52/27/27 13/28/28 51/29/29
f 51/29/29 13/28/28 14/30/30
f 51/29/29 14/30/30 50/31/31
f 50/31/31 14/30/30 15/32/32
f 50/31/31 15/32/32 49/33/33
f 49/33/33 15/32/32 16/34/34
f 49/33/33 16/34/34 17/35/35
f 49/33/33 17/35/35 48/36/36
f 48/36/36 17/35/35 18/37/37
f 48/36/36 18/37/37 47/38/38
f 47/38/38 18/37/37 19/39/39
f 47/38/38 19/39/39 46/40/40
f 46/40/40 19/39/39 20/41/41
f 46/40/40 20/41/41 45/42/42
f 45/42/42 20/41/41 21/43/43
f 45/42/42 21/43/43 44/44/44
f 44/44/44 21/43/43 22/45/45
f 44/44/44 22/45/45 43/46/46
f 43/46/46 22/45/45 23/47/47
f 43/46/46 23/47/47 42/48/48
f 42/48/48 23/47/47 24/49/49
f 42/48/48 24/49/49 41/50/50
f 41/50/50 24/49/49 25/51/51
f 41/50/50 25/51/51 40/52/52
f 40/52/52 25/51/51 26/53/53
f 40/52/52 26/53/53 39/54/54
f 39/54/54 26/53/53 27/55/55
f 39/54/54 27/55/55 38/56/56
f 38/56/56 27/55/55 37/57/57
f 37/57/57 27/55/55 28/58/58
f 37/57/57 28/58/58 36/59/59
f 36/59/59 28/58/58 35/60/60
f 35/60/60 28/58/58 34/61/61
f 34/61/61 28/58/58 29/62/62
f 34/61/61 29/62/62 33/63/63
f 33/63/63 29/62/62 30/64/64
f 33/63/63 30/64/64 32/65/65
f 32/65/65 30/64/64 31/66/66
f 30/67/67 29/68/68 88/69/69
f 88/69/69 29/68/68 87/70/70
f 87/70/70 29/68/68 28/71/71
f 87/70/70 28/71/71 86/72/72
f 86/72/72 28/71/71 85/73/73
f 85/73/73 28/71/71 27/74/74
f 85/73/73 27/74/74 84/75/75
f 84/75/75 27/74/74 83/76/76
f 83/76/76 27/74/74 26/77/77
f 83/76/76 26/77/77 82/78/78
f 82/78/78 26/77/77 81/79/79
f 81/79/79 26/77/77 80/80/80
f 80/80/80 26/77/77 79/81/81
f 79/81/81 26/77/77 78/82/82
f 78/82/82 26/77/77 77/83/83
f 77/83/83 26/77/77 76/84/84
f 76/84/84 26/77/77 25/85/85
f 76/84/84 25/85/85 24/86/86
f 24/86/86 23/87/87 76/84/84
f 76/84/84 23/87/87 22/88/88
f 76/84/84 22/88/88 75/89/89
f 75/89/89 22/88/88 21/90/90
f 75/89/89 21/90/90 20/91/91
f 20/91/91 19/92/92 75/89/89
f 75/89/89 19/92/92 18/93/93
f 75/89/89 18/93/93 17/94/94
f 17/94/94 16/95/95 75/89/89
f 75/89/89 16/95/95 15/96/96
f 75/89/89 15/96/96 74/97/97
f 74/97/97 15/96/96 14/98/98
f 74/97/97 14/98/98 13/99/99
f 13/99/99 12/100/100 74/97/97
f 74/97/97 12/100/100 11/101/101
f 74/97/97 11/101/101 10/102/102
f 10/102/102 9/103/103 74/97/97
f 74/97/97 9/103/103 8/104/104
f 74/97/97 8/104/104 73/105/105
f 73/105/105 8/104/104 7/106/106
f 73/105/105 7/106/106 6/107/107
f 5/108/108 71/109/109 6/107/107
f 6/107/107 71/109/109 72/110/110
f 6/107/107 72/110/110 73/105/105
f 71/109/109 5/108/108 70/111/111
f 70/111/111 5/108/108 4/112/112
f 70/111/111 4/112/112 69/113/113
f 69/113/113 4/112/112 68/114/114
f 68/114/114 4/112/112 3/115/115
f 68/114/114 3/115/115 67/116/116
f 67/116/116 3/115/115 2/117/117
f 1/118/118 66/119/119 111/120/120
f 111/120/120 66/119/119 65/121/121
f 111/120/120 65/121/121 116/122/122
f 116/122/122 65/121/121 64/123/123
f 116/122/122 64/123/123 114/124/124
f 114/124/124 64/123/123 63/125/125
f 114/124/124 63/125/125 113/126/126
f 113/126/126 63/125/125 62/127/127
f 113/126/126 62/127/127 118/128/128
f 118/128/128 62/127/127 117/129/129
f 118/128/128 117/129/129 122/130/130
f 122/130/130 117/129/129 121/131/131
f 122/130/130 121/131/131 126/132/132
f 126/132/132 121/131/131 125/133/133
f 126/132/132 125/133/133 130/134/134
f 130/134/134 125/133/133 129/135/135
f 130/134/134 129/135/135 134/136/136
f 134/136/136 129/135/135 133/137/137
f 134/136/136 133/137/137 138/138/138
f 138/138/138 133/137/137 137/139/139
f 138/138/138 137/139/139 142/140/140
f 142/140/140 137/139/139 141/141/141
f 142/140/140 141/141/141 146/142/142
f 146/142/142 141/141/141 145/143/143
f 146/142/142 145/143/143 97/144/144
f 97/144/144 145/143/143 96/145/145
f 96/145/145 145/143/143 94/146/146
f 96/145/145 94/146/146 95/147/147
f 62/127/127 61/148/148 117/129/129
f 117/129/129 61/148/148 60/149/149
f 117/129/129 60/149/149 121/131/131
f 121/131/131 60/149/149 89/150/150
f 121/131/131 89/150/150 125/133/133
f 125/133/133 89/150/150 90/151/151
f 125/133/133 90/151/151 129/135/135
f 129/135/135 90/151/151 91/152/152
f 129/135/135 91/152/152 133/137/137
f 133/137/137 91/152/152 92/153/153
f 133/137/137 92/153/153 137/139/139
f 137/139/139 92/153/153 93/154/154
f 137/139/139 93/154/154 141/141/141
f 141/141/141 93/154/154 94/146/146
f 141/141/141 94/146/146 145/143/143
f 97/144/144 98/155/155 146/142/142
f 146/142/142 98/155/155 99/156/156
f 146/142/142 99/156/156 147/157/157
f 147/157/157 99/156/156 100/158/158
f 147/157/157 100/158/158 101/159/159
f 147/157/157 101/159/159 112/160/160
f 112/160/160 101/159/159 102/161/161
f 112/160/160 102/161/161 104/162/162
f 104/162/162 102/161/161 103/163/163
f 112/160/160 104/162/162 144/164/164
f 144/164/164 104/162/162 105/165/165
f 144/164/164 105/165/165 140/166/166
f 140/166/166 105/165/165 106/167/167
f 140/166/166 106/167/167 136/168/168
f 136/168/168 106/167/167 132/169/169
f 136/168/168 132/169/169 131/170/170
f 131/170/170 132/169/169 127/171/171
f 131/170/170 127/171/171 126/132/132
f 126/132/132 127/171/171 122/130/130
f 106/167/167 107/172/172 132/169/169
f 132/169/169 107/172/172 128/173/173
f 132/169/169 128/173/173 127/171/171
f 127/171/171 128/173/173 123/174/174
f 127/171/171 123/174/174 122/130/130
f 122/130/130 123/174/174 118/128/128
f 107/172/172 108/175/175 128/173/173
f 128/173/173 108/175/175 124/176/176
f 128/173/173 124/176/176 123/174/174
f 123/174/174 124/176/176 119/177/177
f 123/174/174 119/177/177 118/128/128
f 118/128/128 119/177/177 113/126/126
f 108/175/175 109/178/178 124/176/176
f 124/176/176 109/178/178 120/179/179
f 124/176/176 120/179/179 119/177/177
f 119/177/177 120/179/179 114/124/124
f 119/177/177 114/124/124 113/126/126
f 120/179/179 109/178/178 115/180/180
f 115/180/180 109/178/178 110/181/181
f 115/180/180 110/181/181 116/122/122
f 116/122/122 110/181/181 111/120/120
f 120/179/179 115/180/180 114/124/124
f 114/124/124 115/180/180 116/122/122
f 131/170/170 126/132/132 130/134/134
f 131/170/170 130/134/134 135/182/182
f 135/182/182 130/134/134 134/136/136
f 135/182/182 134/136/136 139/183/183
f 139/183/183 134/136/136 138/138/138
f 139/183/183 138/138/138 143/184/184
f 143/184/184 138/138/138 142/140/140
f 143/184/184 142/140/140 147/157/157
f 147/157/157 142/140/140 146/142/142
f 140/166/166 136/168/168 135/182/182
f 135/182/182 136/168/168 131/170/170
f 140/166/166 135/182/182 139/183/183
f 144/164/164 140/166/166 139/183/183
f 144/164/164 139/183/183 143/184/184
f 112/160/160 144/164/164 143/184/184
f 112/160/160 143/184/184 147/157/157
f 211/185/185 148/186/186 158/187/187
f 158/187/187 148/186/186 149/188/188
f 158/187/187 149/188/188 157/189/189
f 157/189/189 149/188/188 150/190/190
f 157/189/189 150/190/190 151/191/191
f 151/191/191 152/192/192 157/189/189
f 157/189/189 152/192/192 156/193/193
f 156/193/193 152/192/192 153/194/194
f 156/193/193 153/194/194 155/195/195
f 155/195/195 153/194/194 154/196/196
f 158/187/187 159/197/197 211/185/185
f 211/185/185 159/197/197 210/198/198
f 210/198/198 159/197/197 160/199/199
f 210/198/198 160/199/199 209/200/200
f 209/200/200 160/199/199 161/201/201
f 209/200/200 161/201/201 208/202/202
f 208/202/202 161/201/201 162/203/203
f 208/202/202 162/203/203 207/204/204
f 207/204/204 162/203/203 163/205/205
f 207/204/204 163/205/205 206/206/206
f 206/206/206 163/205/205 164/207/207
f 206/206/206 164/207/207 205/208/208
f 205/208/208 164/207/207 165/209/209
f 205/208/208 165/209/209 204/210/210
f 204/210/210 165/209/209 166/211/211
f 204/210/210 166/211/211 203/212/212
f 203/212/212 166/211/211 167/213/213
f 203/212/212 167/213/213 202/214/214
f 202/214/214 167/213/213 168/215/215
f 202/214/214 168/215/215 201/216/216
f 201/216/216 168/215/215 169/217/217
f 201/216/216 169/217/217 170/218/218
f 201/216/216 170/218/218 200/219/219
f 200/219/219 170/218/218 171/220/220
f 200/219/219 171/220/220 199/221/221
f 199/221/221 171/220/220 172/222/222
f 199/221/221 172/222/222 198/223/223
f 198/223/223 172/222/222 173/224/224
f 198/223/223 173/224/224 197/225/225
f 197/225/225 173/224/224 174/226/226
f 197/225/225 174/226/226 196/227/227
f 196/227/227 174/226/226 175/228/228
f 196/227/227 175/228/228 195/229/229
f 195/229/229 175/228/228 176/230/230
f 195/229/229 176/230/230 194/231/231
f 194/231/231 176/230/230 177/232/232
f 194/231/231 177/232/232 193/233/233
f 193/233/233 177/232/232 178/234/234
f 193/233/233 178/234/234 192/235/235
f 192/235/235 178/234/234 179/236/236
f 192/235/235 179/236/236 191/237/237
f 191/237/237 179/236/236 180/238/238
f 191/237/237 180/238/238 190/239/239
f 190/239/239 180/238/238 189/240/240
f 189/240/240 180/238/238 181/241/241
f 189/240/240 181/241/241 188/242/242
f 188/242/242 181/241/241 187/243/243
f 187/243/243 181/241/241 186/244/244
f 186/244/244 181/241/241 182/245/245
f 186/244/244 182/245/245 185/246/246
f 185/246/246 182/245/245 184/247/247
f 184/247/247 182/245/245 183/248/248
f 183/249/249 182/250/250 233/251/251
f 233/251/251 182/250/250 232/252/252
f 232/252/252 182/250/250 181/253/253
f 232/252/252 181/253/253 231/254/254
f 231/254/254 181/253/253 230/255/255
f 230/255/255 181/253/253 180/256/256
f 230/255/255 180/256/256 229/257/257
f 229/257/257 180/256/256 179/258/258
f 229/257/257 179/258/258 228/259/259
f 228/259/259 179/258/258 227/260/260
f 227/260/260 179/258/258 178/261/261
f 227/260/260 178/261/261 177/262/262
f 227/260/260 177/262/262 226/263/263
f 226/263/263 177/262/262 176/264/264
f 226/263/263 176/264/264 175/265/265
f 175/265/265 174/266/266 226/263/263
f 226/263/263 174/266/266 173/267/267
f 226/263/263 173/267/267 172/268/268
f 172/268/268 171/269/269 226/263/263
f 226/263/263 171/269/269 170/270/270
f 226/263/263 170/270/270 225/271/271
f 225/271/271 170/270/270 169/272/272
f 225/271/271 169/272/272 168/273/273
f 168/273/273 167/274/274 225/271/271
f 225/271/271 167/274/274 166/275/275
f 225/271/271 166/275/275 165/276/276
f 165/276/276 164/277/277 225/271/271
f 225/271/271 164/277/277 163/278/278
f 225/271/271 163/278/278 224/279/279
f 224/279/279 163/278/278 162/280/280
f 224/279/279 162/280/280 161/281/281
f 161/281/281 160/282/282 224/279/279
f 224/279/279 160/282/282 159/283/283
f 224/279/279 159/283/283 223/284/284
f 223/284/284 159/283/283 222/285/285
f 222/285/285 159/283/283 221/286/286
f 221/286/286 159/283/283 220/287/287
f 220/287/287 159/283/283 219/288/288
f 219/288/288 159/283/283 218/289/289
f 218/289/289 159/283/283 217/290/290
f 217/290/290 159/283/283 158/291/291
f 217/290/290 158/291/291 216/292/292
f 216/292/292 158/291/291 215/293/293
f 215/293/293 158/291/291 157/294/294
f 215/293/293 157/294/294 214/295/295
f 214/295/295 157/294/294 213/296/296
f 213/296/296 157/294/294 156/297/297
f 213/296/296 156/297/297 212/298/298
f 212/298/298 156/297/297 155/299/299
f 189/300/300 257/301/301 190/302/302
f 190/302/302 257/301/301 256/303/303
f 190/302/302 256/303/303 250/304/304
f 250/304/304 256/303/303 267/305/305
f 250/304/304 267/305/305 249/306/306
f 249/306/306 267/305/305 271/307/307
f 249/306/306 271/307/307 248/308/308
f 248/308/308 271/307/307 274/309/309
f 248/308/308 274/309/309 247/310/310
f 247/310/310 274/309/309 279/311/311
f 247/310/310 279/311/311 246/312/312
f 246/312/312 279/311/311 278/313/313
f 246/312/312 278/313/313 245/314/314
f 245/314/314 278/313/313 286/315/315
f 245/314/314 286/315/315 243/316/316
f 243/316/316 286/315/315 242/317/317
f 242/317/317 286/315/315 285/318/318
f 242/317/317 285/318/318 241/319/319
f 241/319/319 285/318/318 240/320/320
f 240/320/320 285/318/318 284/321/321
f 240/320/320 284/321/321 239/322/322
f 239/322/322 284/321/321 238/323/323
f 238/323/323 284/321/321 283/324/324
f 238/323/323 283/324/324 237/325/325
f 237/325/325 283/324/324 235/326/326
f 237/325/325 235/326/326 236/327/327
f 189/300/300 188/328/328 257/301/301
f 257/301/301 188/328/328 258/329/329
f 257/301/301 258/329/329 256/303/303
f 256/303/303 258/329/329 255/330/330
f 256/303/303 255/330/330 267/305/305
f 267/305/305 255/330/330 266/331/331
f 267/305/305 266/331/331 271/307/307
f 271/307/307 266/331/331 270/332/332
f 271/307/307 270/332/332 274/309/309
f 274/309/309 270/332/332 273/333/333
f 274/309/309 273/333/333 279/311/311
f 279/311/311 273/333/333 280/334/334
f 279/311/311 280/334/334 278/313/313
f 278/313/313 280/334/334 277/335/335
f 278/313/313 277/335/335 286/315/315
f 286/315/315 277/335/335 285/318/318
f 258/329/329 188/328/328 260/336/336
f 260/336/336 188/328/328 187/337/337
f 260/336/336 187/337/337 186/338/338
f 260/336/336 186/338/338 261/339/339
f 261/339/339 186/338/338 185/340/340
f 261/339/339 185/340/340 263/341/341
f 263/341/341 185/340/340 184/342/342
f 263/341/341 184/342/342 233/343/343
f 233/343/343 184/342/342 183/344/344
f 233/343/343 232/345/345 263/341/341
f 263/341/341 232/345/345 262/346/346
f 263/341/341 262/346/346 261/339/339
f 261/339/339 262/346/346 259/347/347
f 261/339/339 259/347/347 258/329/329
f 258/329/329 259/347/347 255/330/330
f 232/345/345 231/348/348 262/346/346
f 262/346/346 231/348/348 251/349/349
f 262/346/346 251/349/349 259/347/347
f 259/347/347 251/349/349 254/350/350
f 259/347/347 254/350/350 255/330/330
f 255/330/330 254/350/350 266/331/331
f 231/348/348 230/351/351 251/349/349
f 251/349/349 230/351/351 253/352/352
f 251/349/349 253/352/352 254/350/350
f 254/350/350 253/352/352 265/353/353
f 254/350/350 265/353/353 266/331/331
f 266/331/331 265/353/353 270/332/332
f 253/352/352 230/351/351 264/354/354
f 264/354/354 230/351/351 229/355/355
f 264/354/354 229/355/355 268/356/356
f 268/356/356 229/355/355 228/357/357
f 268/356/356 228/357/357 252/358/358
f 252/358/358 228/357/357 227/359/359
f 252/358/358 227/359/359 282/360/360
f 282/360/360 227/359/359 275/361/361
f 282/360/360 275/361/361 276/362/362
f 276/362/362 275/361/361 284/321/321
f 276/362/362 284/321/321 285/318/318
f 227/359/359 234/363/363 275/361/361
f 275/361/361 234/363/363 283/324/324
f 275/361/361 283/324/324 284/321/321
f 234/363/363 235/326/326 283/324/324
f 243/316/316 244/364/364 245/314/314
f 260/336/336 261/339/339 258/329/329
f 253/352/352 264/354/354 265/353/353
f 265/353/353 264/354/354 269/365/365
f 265/353/353 269/365/365 270/332/332
f 270/332/332 269/365/365 273/333/333
f 264/354/354 268/356/356 269/365/365
f 269/365/365 268/356/356 272/366/366
f 269/365/365 272/366/366 273/333/333
f 273/333/333 272/366/366 280/334/334
f 268/356/356 252/358/358 272/366/366
f 272/366/366 252/358/358 281/367/367
f 272/366/366 281/367/367 280/334/334
f 280/334/334 281/367/367 277/335/335
f 282/360/360 276/362/362 281/367/367
f 281/367/367 276/362/362 277/335/335
f 277/335/335 276/362/362 285/318/318
f 252/358/358 282/360/360 281/367/367
f 287/368/368 288/369/369 316/370/370
f 316/370/370 288/369/369 289/371/371
f 316/370/370 289/371/371 315/372/372
f 315/372/372 289/371/371 290/373/373
f 315/372/372 290/373/373 314/374/374
f 314/374/374 290/373/373 291/375/375
f 314/374/374 291/375/375 313/376/376
f 313/376/376 291/375/375 292/377/377
f 313/376/376 292/377/377 312/378/378
f 312/378/378 292/377/377 293/379/379
f 312/378/378 293/379/379 311/380/380
f 311/380/380 293/379/379 294/381/381
f 311/380/380 294/381/381 310/382/382
f 310/382/382 294/381/381 295/383/383
f 310/382/382 295/383/383 309/384/384
f 309/384/384 295/383/383 296/385/385
f 309/384/384 296/385/385 308/386/386
f 308/386/386 296/385/385 297/387/387
f 308/386/386 297/387/387 307/388/388
f 307/388/388 297/387/387 298/389/389
f 307/388/388 298/389/389 306/390/390
f 306/390/390 298/389/389 299/391/391
f 306/390/390 299/391/391 305/392/392
f 305/392/392 299/391/391 300/393/393
f 305/392/392 300/393/393 304/394/394
f 304/394/394 300/393/393 301/395/395
f 304/394/394 301/395/395 303/396/396
f 303/396/396 301/395/395 302/397/397
f 303/398/398 317/399/399 304/400/400
f 304/400/400 317/399/399 287/401/401
f 304/400/400 287/401/401 305/402/402
f 305/402/402 287/401/401 306/403/403
f 306/403/403 287/401/401 316/404/404
f 306/403/403 316/404/404 307/405/405
f 307/405/405 316/404/404 315/406/406
f 307/405/405 315/406/406 308/407/407
f 308/407/407 315/406/406 314/408/408
f 308/407/407 314/408/408 309/409/409
f 309/409/409 314/408/408 313/410/410
f 309/409/409 313/410/410 310/411/411
f 310/411/411 313/410/410 312/412/412
f 310/411/411 312/412/412 311/413/413
f 317/414/414 319/415/415 287/416/416
f 287/416/416 319/415/415 327/417/417
f 287/416/416 327/417/417 328/418/418
f 317/414/414 318/419/419 319/415/415
f 320/420/420 321/421/421 319/415/415
f 319/415/415 321/421/421 327/417/417
f 321/421/421 322/422/422 327/417/417
f 327/417/417 322/422/422 323/423/423
f 327/417/417 323/423/423 324/424/424
f 324/424/424 325/425/425 327/417/417
f 327/417/417 325/425/425 326/426/426
f 329/427/427 330/428/428 328/418/418
f 328/418/418 330/428/428 331/429/429
f 328/418/418 331/429/429 332/430/430
f 332/430/430 333/431/431 328/418/418
f 328/418/418 333/431/431 334/432/432
f 328/418/418 334/432/432 287/416/416
f 287/416/416 334/432/432 288/433/433
f 148/434/434 211/435/435 358/436/436
f 358/436/436 211/435/435 357/437/437
f 357/437/437 211/435/435 210/438/438
f 357/437/437 210/438/438 356/439/439
f 356/439/439 210/438/438 209/440/440
f 356/439/439 209/440/440 355/441/441
f 355/441/441 209/440/440 354/442/442
f 354/442/442 209/440/440 353/443/443
f 353/443/443 209/440/440 352/444/444
f 352/444/444 209/440/440 351/445/445
f 351/445/445 209/440/440 350/446/446
f 350/446/446 209/440/440 349/447/447
f 349/447/447 209/440/440 348/448/448
f 348/448/448 209/440/440 347/449/449
f 347/449/449 209/440/440 208/450/450
f 347/449/449 208/450/450 207/451/451
f 207/451/451 206/452/452 347/449/449
f 347/449/449 206/452/452 205/453/453
f 347/449/449 205/453/453 334/454/454
f 334/454/454 205/453/453 291/455/455
f 334/454/454 291/455/455 290/456/456
f 205/453/453 204/457/457 291/455/455
f 291/455/455 204/457/457 292/458/458
f 292/458/458 204/457/457 203/459/459
f 292/458/458 203/459/459 293/460/460
f 293/460/460 203/459/459 202/461/461
f 293/460/460 202/461/461 294/462/462
f 294/462/462 202/461/461 201/463/463
f 294/462/462 201/463/463 295/464/464
f 295/464/464 201/463/463 296/465/465
f 296/465/465 201/463/463 200/466/466
f 296/465/465 200/466/466 346/467/467
f 346/467/467 200/466/466 199/468/468
f 346/467/467 199/468/468 198/469/469
f 197/470/470 344/471/471 198/469/469
f 198/469/469 344/471/471 345/472/472
f 198/469/469 345/472/472 346/467/467
f 196/473/473 342/474/474 197/470/470
f 197/470/470 342/474/474 343/475/475
f 197/470/470 343/475/475 344/471/471
f 195/476/476 340/477/477 196/473/473
f 196/473/473 340/477/477 341/478/478
f 196/473/473 341/478/478 342/474/474
f 194/479/479 338/480/480 195/476/476
f 195/476/476 338/480/480 339/481/481
f 195/476/476 339/481/481 340/477/477
f 338/480/480 194/479/479 337/482/482
f 337/482/482 194/479/479 193/483/483
f 337/482/482 193/483/483 247/484/310
f 247/484/310 193/483/483 248/485/308
f 248/485/308 193/483/483 192/486/484
f 248/485/308 192/486/484 249/487/306
f 249/487/306 192/486/484 191/488/485
f 249/487/306 191/488/485 250/489/304
f 250/489/304 191/488/485 190/490/302
f 337/482/482 247/484/310 336/491/486
f 336/491/486 247/484/310 246/492/312
f 336/491/486 246/492/312 335/493/487
f 335/493/487 246/492/312 245/494/314
f 335/493/487 245/494/314 244/495/364
f 302/496/488 301/497/489 346/467/467
f 346/467/467 301/497/489 300/498/490
f 346/467/467 300/498/490 299/499/491
f 299/499/491 298/500/492 346/467/467
f 346/467/467 298/500/492 297/501/493
f 346/467/467 297/501/493 296/465/465
f 290/456/456 289/502/494 334/454/454
f 334/454/454 289/502/494 288/503/495
f 318/504/496 360/505/497 319/506/498
f 319/506/498 360/505/497 361/507/499
f 319/506/498 361/507/499 362/508/500
f 318/504/496 359/509/501 360/505/497
f 319/506/498 362/508/500 372/510/502
f 372/510/502 362/508/500 363/511/503
f 372/510/502 363/511/503 371/512/504
f 371/512/504 363/511/503 364/513/505
f 371/512/504 364/513/505 370/514/506
f 370/514/506 364/513/505 365/515/507
f 370/514/506 365/515/507 369/516/508
f 369/516/508 365/515/507 366/517/509
f 369/516/508 366/517/509 368/518/510
f 368/518/510 366/517/509 367/519/511
f 320/520/512 319/521/513 386/522/514
f 386/522/514 319/521/513 372/523/515
f 386/522/514 372/523/515 385/524/516
f 385/524/516 372/523/515 371/525/517
f 385/524/516 371/525/517 384/526/518
f 384/526/518 371/525/517 370/527/519
f 384/526/518 370/527/519 383/528/520
f 383/528/520 370/527/519 369/529/521
f 383/528/520 369/529/521 382/530/522
f 382/530/522 369/529/521 368/531/523
f 382/530/522 368/531/523 381/532/524
f 381/532/524 368/531/523 367/533/525
f 381/532/524 367/533/525 380/534/526
f 380/534/526 367/533/525 366/535/527
f 380/534/526 366/535/527 379/536/528
f 379/536/528 366/535/527 365/537/529
f 379/536/528 365/537/529 378/538/530
f 378/538/530 365/537/529 364/539/531
f 378/538/530 364/539/531 377/540/532
f 377/540/532 364/539/531 363/541/533
f 377/540/532 363/541/533 376/542/534
f 376/542/534 363/541/533 362/543/535
f 376/542/534 362/543/535 375/544/536
f 375/544/536 362/543/535 361/545/537
f 375/544/536 361/545/537 374/546/538
f 374/546/538 361/545/537 360/547/539
f 374/546/538 360/547/539 373/548/540
f 373/548/540 360/547/539 359/549/541
f 318/550/542 317/551/543 359/552/544
f 359/552/544 317/551/543 303/553/545
f 359/552/544 303/553/545 387/554/546
f 387/554/546 303/553/545 346/555/547
f 346/555/547 303/553/545 302/556/548
f 387/554/546 373/557/549 359/552/544
f 326/558/550 395/559/551 327/560/552
f 327/560/552 395/559/551 396/561/553
f 327/560/552 396/561/553 393/562/554
f 393/562/554 396/561/553 392/563/555
f 392/563/555 396/561/553 398/564/556
f 392/563/555 398/564/556 391/565/557
f 391/565/557 398/564/556 400/566/558
f 391/565/557 400/566/558 390/567/559
f 390/567/559 400/566/558 402/568/560
f 390/567/559 402/568/560 389/569/561
f 389/569/561 402/568/560 388/570/562
f 388/570/562 402/568/560 401/571/563
f 388/570/562 401/571/563 322/572/564
f 322/572/564 401/571/563 323/573/565
f 323/573/565 401/571/563 399/574/566
f 323/573/565 399/574/566 324/575/567
f 324/575/567 399/574/566 397/576/568
f 324/575/567 397/576/568 325/577/569
f 325/577/569 397/576/568 395/559/551
f 325/577/569 395/559/551 326/558/550
f 322/572/564 321/578/570 388/570/562
f 393/562/554 394/579/571 327/560/552
f 398/564/556 396/561/553 395/559/551
f 400/566/558 398/564/556 397/576/568
f 397/576/568 398/564/556 395/559/551
f 402/568/560 400/566/558 399/574/566
f 399/574/566 400/566/558 397/576/568
f 401/571/563 402/568/560 399/574/566
f 403/580/572 404/581/573 424/582/574
f 424/582/574 404/581/573 428/583/575
f 424/582/574 428/583/575 432/584/576
f 432/584/576 428/583/575 427/585/577
f 432/584/576 427/585/577 431/586/578
f 431/586/578 427/585/577 426/587/579
f 431/586/578 426/587/579 430/588/580
f 430/588/580 426/587/579 425/589/581
f 430/588/580 425/589/581 429/590/582
f 429/590/582 425/589/581 410/591/583
f 429/590/582 410/591/583 411/592/584
f 404/581/573 405/593/585 428/583/575
f 428/583/575 405/593/585 427/585/577
f 405/593/585 406/594/586 427/585/577
f 427/585/577 406/594/586 426/587/579
f 406/594/586 407/595/587 426/587/579
f 426/587/579 407/595/587 425/589/581
f 407/595/587 408/596/588 425/589/581
f 425/589/581 408/596/588 410/591/583
f 408/596/588 409/597/589 410/591/583
f 429/590/582 411/592/584 433/598/590
f 433/598/590 411/592/584 412/599/591
f 433/598/590 412/599/591 437/600/592
f 437/600/592 412/599/591 413/601/593
f 437/600/592 413/601/593 441/602/594
f 441/602/594 413/601/593 414/603/595
f 441/602/594 414/603/595 445/604/596
f 445/604/596 414/603/595 415/605/597
f 445/604/596 415/605/597 449/606/598
f 449/606/598 415/605/597 416/607/599
f 449/606/598 416/607/599 453/608/600
f 453/608/600 416/607/599 417/609/601
f 453/608/600 417/609/601 393/610/554
f 393/610/554 417/609/601 394/611/571
f 393/610/554 392/612/555 453/608/600
f 453/608/600 392/612/555 454/613/602
f 453/608/600 454/613/602 449/606/598
f 449/606/598 454/613/602 450/614/603
f 449/606/598 450/614/603 445/604/596
f 445/604/596 450/614/603 446/615/604
f 445/604/596 446/615/604 441/602/594
f 441/602/594 446/615/604 442/616/605
f 441/602/594 442/616/605 437/600/592
f 437/600/592 442/616/605 438/617/606
f 437/600/592 438/617/606 433/598/590
f 433/598/590 438/617/606 434/618/607
f 433/598/590 434/618/607 429/590/582
f 429/590/582 434/618/607 430/588/580
f 392/612/555 391/619/557 454/613/602
f 454/613/602 391/619/557 455/620/608
f 454/613/602 455/620/608 450/614/603
f 450/614/603 455/620/608 451/621/609
f 450/614/603 451/621/609 446/615/604
f 446/615/604 451/621/609 447/622/610
f 446/615/604 447/622/610 442/616/605
f 442/616/605 447/622/610 443/623/611
f 442/616/605 443/623/611 438/617/606
f 438/617/606 443/623/611 439/624/612
f 438/617/606 439/624/612 434/618/607
f 434/618/607 439/624/612 435/625/613
f 434/618/607 435/625/613 430/588/580
f 430/588/580 435/625/613 431/586/578
f 391/619/557 390/626/559 455/620/608
f 455/620/608 390/626/559 456/627/614
f 455/620/608 456/627/614 451/621/609
f 451/621/609 456/627/614 452/628/615
f 451/621/609 452/628/615 447/622/610
f 447/622/610 452/628/615 448/629/616
f 447/622/610 448/629/616 443/623/611
f 443/623/611 448/629/616 444/630/617
f 443/623/611 444/630/617 439/624/612
f 439/624/612 444/630/617 440/631/618
f 439/624/612 440/631/618 435/625/613
f 435/625/613 440/631/618 436/632/619
f 435/625/613 436/632/619 431/586/578
f 431/586/578 436/632/619 432/584/576
f 390/626/559 389/633/561 456/627/614
f 456/627/614 389/633/561 418/634/620
f 456/627/614 418/634/620 452/628/615
f 452/628/615 418/634/620 419/635/621
f 452/628/615 419/635/621 448/629/616
f 448/629/616 419/635/621 420/636/622
f 448/629/616 420/636/622 444/630/617
f 444/630/617 420/636/622 421/637/623
f 444/630/617 421/637/623 440/631/618
f 440/631/618 421/637/623 422/638/624
f 440/631/618 422/638/624 436/632/619
f 436/632/619 422/638/624 423/639/625
f 436/632/619 423/639/625 432/584/576
f 432/584/576 423/639/625 424/582/574
f 389/633/561 388/640/562 418/634/620
f 465/641/626 38/642/627 470/643/628
f 470/643/628 38/642/627 37/644/629
f 470/643/628 37/644/629 471/645/630
f 471/645/630 37/644/629 36/646/631
f 471/645/630 36/646/631 472/647/632
f 472/647/632 36/646/631 35/648/633
f 472/647/632 35/648/633 473/649/634
f 473/649/634 35/648/633 474/650/635
f 473/649/634 474/650/635 475/651/636
f 475/651/636 474/650/635 476/652/637
f 475/651/636 476/652/637 458/653/638
f 458/653/638 476/652/637 457/654/639
f 457/654/639 476/652/637 32/655/640
f 457/654/639 32/655/640 31/656/641
f 35/648/633 34/657/642 474/650/635
f 474/650/635 34/657/642 33/658/643
f 474/650/635 33/658/643 476/652/637
f 476/652/637 33/658/643 32/655/640
f 458/653/638 459/659/644 475/651/636
f 475/651/636 459/659/644 466/660/645
f 475/651/636 466/660/645 473/649/634
f 473/649/634 466/660/645 468/661/646
f 473/649/634 468/661/646 469/662/647
f 469/662/647 468/661/646 479/663/648
f 469/662/647 479/663/648 480/664/649
f 480/664/649 479/663/648 484/665/650
f 480/664/649 484/665/650 464/666/651
f 464/666/651 484/665/650 463/667/652
f 463/667/652 484/665/650 488/668/653
f 463/667/652 488/668/653 404/669/573
f 404/669/573 488/668/653 405/670/585
f 405/670/585 488/668/653 487/671/654
f 405/670/585 487/671/654 406/672/586
f 406/672/586 487/671/654 486/673/655
f 406/672/586 486/673/655 407/674/587
f 407/674/587 486/673/655 485/675/656
f 407/674/587 485/675/656 408/676/588
f 408/676/588 485/675/656 462/677/657
f 408/676/588 462/677/657 409/678/589
f 459/659/644 460/679/658 466/660/645
f 466/660/645 460/679/658 467/680/659
f 466/660/645 467/680/659 468/661/646
f 468/661/646 467/680/659 478/681/660
f 468/661/646 478/681/660 479/663/648
f 479/663/648 478/681/660 483/682/661
f 479/663/648 483/682/661 484/665/650
f 484/665/650 483/682/661 488/668/653
f 467/680/659 460/679/658 477/683/662
f 477/683/662 460/679/658 461/684/663
f 477/683/662 461/684/663 481/685/664
f 481/685/664 461/684/663 462/677/657
f 481/685/664 462/677/657 485/675/656
f 404/669/573 403/686/572 463/667/652
f 464/666/651 465/641/626 480/664/649
f 480/664/649 465/641/626 470/643/628
f 480/664/649 470/643/628 469/662/647
f 469/662/647 470/643/628 472/647/632
f 469/662/647 472/647/632 473/649/634
f 471/645/630 472/647/632 470/643/628
f 467/680/659 477/683/662 478/681/660
f 478/681/660 477/683/662 482/687/665
f 478/681/660 482/687/665 483/682/661
f 483/682/661 482/687/665 487/671/654
f 483/682/661 487/671/654 488/668/653
f 477/683/662 481/685/664 482/687/665
f 482/687/665 481/685/664 486/673/655
f 482/687/665 486/673/655 487/671/654
f 485/675/656 486/673/655 481/685/664
f 60/688/149 59/689/666 89/690/150
f 89/690/150 59/689/666 90/691/151
f 90/691/151 59/689/666 58/692/667
f 90/691/151 58/692/667 91/693/152
f 91/693/152 58/692/667 57/694/668
f 91/693/152 57/694/668 92/695/153
f 92/695/153 57/694/668 497/696/669
f 92/695/153 497/696/669 498/697/670
f 57/694/668 56/698/671 497/696/669
f 497/696/669 56/698/671 496/699/672
f 496/699/672 56/698/671 55/700/673
f 496/699/672 55/700/673 495/701/674
f 495/701/674 55/700/673 494/702/675
f 494/702/675 55/700/673 54/703/676
f 494/702/675 54/703/676 493/704/677
f 493/704/677 54/703/676 492/705/678
f 492/705/678 54/703/676 53/706/679
f 492/705/678 53/706/679 491/707/680
f 491/707/680 53/706/679 490/708/681
f 490/708/681 53/706/679 52/709/682
f 490/708/681 52/709/682 489/710/683
f 489/710/683 52/709/682 387/711/684
f 387/711/684 52/709/682 51/712/685
f 387/711/684 51/712/685 50/713/686
f 387/711/684 50/713/686 379/714/687
f 379/714/687 50/713/686 49/715/688
f 379/714/687 49/715/688 380/716/689
f 380/716/689 49/715/688 381/717/690
f 381/717/690 49/715/688 48/718/691
f 381/717/690 48/718/691 382/719/692
f 382/719/692 48/718/691 47/720/693
f 382/719/692 47/720/693 383/721/694
f 383/721/694 47/720/693 46/722/695
f 383/721/694 46/722/695 384/723/696
f 384/723/696 46/722/695 45/724/697
f 384/723/696 45/724/697 321/725/570
f 321/725/570 45/724/697 388/726/562
f 388/726/562 45/724/697 44/727/698
f 388/726/562 44/727/698 43/728/699
f 43/728/699 42/729/700 388/726/562
f 388/726/562 42/729/700 41/730/701
f 388/726/562 41/730/701 418/731/620
f 418/731/620 41/730/701 419/732/621
f 419/732/621 41/730/701 420/733/622
f 420/733/622 41/730/701 421/734/623
f 421/734/623 41/730/701 422/735/624
f 422/735/624 41/730/701 423/736/625
f 423/736/625 41/730/701 424/737/574
f 424/737/574 41/730/701 403/738/572
f 403/738/572 41/730/701 463/739/652
f 463/739/652 41/730/701 40/740/702
f 463/739/652 40/740/702 464/741/651
f 464/741/651 40/740/702 39/742/703
f 464/741/651 39/742/703 465/743/626
f 465/743/626 39/742/703 38/744/627
f 320/745/704 386/746/705 321/725/570
f 321/725/570 386/746/705 385/747/706
f 321/725/570 385/747/706 384/723/696
f 379/714/687 378/748/707 387/711/684
f 387/711/684 378/748/707 377/749/708
f 387/711/684 377/749/708 376/750/709
f 376/750/709 375/751/710 387/711/684
f 387/711/684 375/751/710 374/752/711
f 387/711/684 374/752/711 373/753/712
f 92/695/153 498/697/670 93/754/154
f 93/754/154 498/697/670 499/755/713
f 93/754/154 499/755/713 94/756/146
f 94/756/146 499/755/713 95/757/147
f 103/758/714 102/759/715 532/760/716
f 532/760/716 102/759/715 101/761/717
f 532/760/716 101/761/717 100/762/718
f 532/760/716 100/762/718 531/763/719
f 531/763/719 100/762/718 99/764/720
f 531/763/719 99/764/720 98/765/721
f 98/765/721 97/766/722 531/763/719
f 531/763/719 97/766/722 530/767/723
f 530/767/723 97/766/722 96/768/724
f 530/767/723 96/768/724 95/769/725
f 499/770/726 528/771/727 95/769/725
f 95/769/725 528/771/727 529/772/728
f 95/769/725 529/772/728 530/767/723
f 498/773/729 525/774/730 499/770/726
f 499/770/726 525/774/730 526/775/731
f 499/770/726 526/775/731 527/776/732
f 497/777/733 521/778/734 498/773/729
f 498/773/729 521/778/734 522/779/735
f 498/773/729 522/779/735 523/780/736
f 496/781/737 337/782/738 497/777/733
f 497/777/733 337/782/738 516/783/739
f 497/777/733 516/783/739 517/784/740
f 337/782/738 496/781/737 338/785/741
f 338/785/741 496/781/737 495/786/742
f 338/785/741 495/786/742 339/787/743
f 339/787/743 495/786/742 494/788/744
f 339/787/743 494/788/744 340/789/745
f 340/789/745 494/788/744 493/790/746
f 340/789/745 493/790/746 341/791/747
f 341/791/747 493/790/746 492/792/748
f 341/791/747 492/792/748 342/793/749
f 342/793/749 492/792/748 491/794/750
f 342/793/749 491/794/750 343/795/751
f 343/795/751 491/794/750 490/796/752
f 343/795/751 490/796/752 344/797/753
f 344/797/753 490/796/752 489/798/754
f 344/797/753 489/798/754 345/799/755
f 345/799/755 489/798/754 346/800/547
f 346/800/547 489/798/754 387/801/546
f 336/802/756 511/803/757 337/782/738
f 337/782/738 511/803/757 512/804/758
f 337/782/738 512/804/758 513/805/759
f 335/806/760 507/807/761 336/802/756
f 336/802/756 507/807/761 508/808/762
f 336/802/756 508/808/762 509/809/763
f 244/810/764 503/811/765 335/806/760
f 335/806/760 503/811/765 504/812/766
f 335/806/760 504/812/766 505/813/767
f 503/811/765 244/810/764 502/814/768
f 502/814/768 244/810/764 243/815/769
f 502/814/768 243/815/769 242/816/770
f 502/814/768 242/816/770 501/817/771
f 501/817/771 242/816/770 241/818/772
f 501/817/771 241/818/772 240/819/773
f 240/819/773 239/820/774 501/817/771
f 501/817/771 239/820/774 500/821/775
f 500/821/775 239/820/774 238/822/776
f 500/821/775 238/822/776 237/823/777
f 237/823/777 236/824/778 500/821/775
f 505/813/767 506/825/779 335/806/760
f 335/806/760 506/825/779 507/807/761
f 509/809/763 510/826/780 336/802/756
f 336/802/756 510/826/780 511/803/757
f 513/805/759 514/827/781 337/782/738
f 337/782/738 514/827/781 515/828/782
f 337/782/738 515/828/782 516/783/739
f 517/784/740 518/829/783 497/777/733
f 497/777/733 518/829/783 519/830/784
f 497/777/733 519/830/784 520/831/785
f 520/831/785 521/778/734 497/777/733
f 523/780/736 524/832/786 498/773/729
f 498/773/729 524/832/786 525/774/730
f 527/776/732 528/771/727 499/770/726
f 333/833/787 539/834/788 334/835/454
f 334/835/454 539/834/788 540/836/789
f 334/835/454 540/836/789 538/837/790
f 538/837/790 540/836/789 537/838/791
f 537/838/791 540/836/789 542/839/792
f 537/838/791 542/839/792 536/840/793
f 536/840/793 542/839/792 544/841/794
f 536/840/793 544/841/794 535/842/795
f 535/842/795 544/841/794 546/843/796
f 535/842/795 546/843/796 534/844/797
f 534/844/797 546/843/796 533/845/798
f 533/845/798 546/843/796 545/846/799
f 533/845/798 545/846/799 329/847/800
f 329/847/800 545/846/799 330/848/801
f 330/848/801 545/846/799 543/849/802
f 330/848/801 543/849/802 331/850/803
f 331/850/803 543/849/802 541/851/804
f 331/850/803 541/851/804 332/852/805
f 332/852/805 541/851/804 539/834/788
f 332/852/805 539/834/788 333/833/787
f 329/847/800 328/853/806 533/845/798
f 538/837/790 347/854/449 334/835/454
f 542/839/792 540/836/789 539/834/788
f 544/841/794 542/839/792 541/851/804
f 541/851/804 542/839/792 539/834/788
f 546/843/796 544/841/794 543/849/802
f 543/849/802 544/841/794 541/851/804
f 545/846/799 546/843/796 543/849/802
f 218/855/807 547/856/808 219/857/809
f 219/857/809 547/856/808 557/858/810
f 219/857/809 557/858/810 561/859/811
f 561/859/811 557/858/810 556/860/812
f 561/859/811 556/860/812 560/861/813
f 560/861/813 556/860/812 555/862/814
f 560/861/813 555/862/814 559/863/815
f 559/863/815 555/862/814 554/864/816
f 559/863/815 554/864/816 558/865/817
f 558/865/817 554/864/816 354/866/442
f 558/865/817 354/866/442 353/867/443
f 547/856/808 548/868/818 557/858/810
f 557/858/810 548/868/818 556/860/812
f 548/868/818 549/869/819 556/860/812
f 556/860/812 549/869/819 555/862/814
f 549/869/819 550/870/820 555/862/814
f 555/862/814 550/870/820 554/864/816
f 550/870/820 551/871/821 554/864/816
f 554/864/816 551/871/821 354/866/442
f 551/871/821 355/872/441 354/866/442
f 558/865/817 353/867/443 562/873/822
f 562/873/822 353/867/443 352/874/444
f 562/873/822 352/874/444 566/875/823
f 566/875/823 352/874/444 351/876/445
f 566/875/823 351/876/445 570/877/824
f 570/877/824 351/876/445 350/878/446
f 570/877/824 350/878/446 574/879/825
f 574/879/825 350/878/446 349/880/447
f 574/879/825 349/880/447 578/881/826
f 578/881/826 349/880/447 348/882/448
f 578/881/826 348/882/448 582/883/827
f 582/883/827 348/882/448 538/884/790
f 582/883/827 538/884/790 537/885/791
f 348/882/448 347/886/449 538/884/790
f 582/883/827 537/885/791 583/887/828
f 583/887/828 537/885/791 536/888/793
f 583/887/828 536/888/793 584/889/829
f 584/889/829 536/888/793 535/890/795
f 584/889/829 535/890/795 585/891/830
f 585/891/830 535/890/795 534/892/797
f 585/891/830 534/892/797 552/893/831
f 552/893/831 534/892/797 533/894/798
f 552/893/831 553/895/832 585/891/830
f 585/891/830 553/895/832 581/896/833
f 585/891/830 581/896/833 580/897/834
f 580/897/834 581/896/833 576/898/835
f 580/897/834 576/898/835 575/899/836
f 575/899/836 576/898/835 571/900/837
f 575/899/836 571/900/837 570/877/824
f 570/877/824 571/900/837 566/875/823
f 553/895/832 224/901/838 581/896/833
f 581/896/833 224/901/838 577/902/839
f 581/896/833 577/902/839 576/898/835
f 576/898/835 577/902/839 572/903/840
f 576/898/835 572/903/840 571/900/837
f 571/900/837 572/903/840 567/904/841
f 571/900/837 567/904/841 566/875/823
f 566/875/823 567/904/841 562/873/822
f 224/901/838 223/905/842 577/902/839
f 577/902/839 223/905/842 573/906/843
f 577/902/839 573/906/843 572/903/840
f 572/903/840 573/906/843 568/907/844
f 572/903/840 568/907/844 567/904/841
f 567/904/841 568/907/844 563/908/845
f 567/904/841 563/908/845 562/873/822
f 562/873/822 563/908/845 558/865/817
f 223/905/842 222/909/846 573/906/843
f 573/906/843 222/909/846 569/910/847
f 573/906/843 569/910/847 568/907/844
f 568/907/844 569/910/847 564/911/848
f 568/907/844 564/911/848 563/908/845
f 563/908/845 564/911/848 559/863/815
f 563/908/845 559/863/815 558/865/817
f 222/909/846 221/912/849 569/910/847
f 569/910/847 221/912/849 565/913/850
f 569/910/847 565/913/850 564/911/848
f 564/911/848 565/913/850 560/861/813
f 564/911/848 560/861/813 559/863/815
f 221/912/849 220/914/851 565/913/850
f 565/913/850 220/914/851 561/859/811
f 565/913/850 561/859/811 560/861/813
f 220/914/851 219/857/809 561/859/811
f 570/877/824 574/879/825 575/899/836
f 575/899/836 574/879/825 579/915/852
f 575/899/836 579/915/852 580/897/834
f 580/897/834 579/915/852 584/889/829
f 580/897/834 584/889/829 585/891/830
f 574/879/825 578/881/826 579/915/852
f 579/915/852 578/881/826 583/887/828
f 579/915/852 583/887/828 584/889/829
f 582/883/827 583/887/828 578/881/826
f 155/916/853 154/917/854 212/918/855
f 212/918/855 154/917/854 153/919/856
f 212/918/855 153/919/856 589/920/857
f 589/920/857 153/919/856 152/921/858
f 589/920/857 152/921/858 587/922/859
f 587/922/859 152/921/858 151/923/860
f 587/922/859 151/923/860 592/924/861
f 592/924/861 151/923/860 591/925/862
f 592/924/861 591/925/862 596/926/863
f 596/926/863 591/925/862 595/927/864
f 596/926/863 595/927/864 599/928/865
f 599/928/865 595/927/864 598/929/866
f 599/928/865 598/929/866 603/930/867
f 603/930/867 598/929/866 602/931/868
f 603/930/867 602/931/868 607/932/869
f 607/932/869 602/931/868 606/933/870
f 607/932/869 606/933/870 549/934/819
f 549/934/819 606/933/870 550/935/820
f 550/935/820 606/933/870 605/936/871
f 550/935/820 605/936/871 551/937/821
f 551/937/821 605/936/871 356/938/439
f 551/937/821 356/938/439 355/939/441
f 151/923/860 150/940/872 591/925/862
f 591/925/862 150/940/872 590/941/873
f 591/925/862 590/941/873 595/927/864
f 595/927/864 590/941/873 594/942/874
f 595/927/864 594/942/874 598/929/866
f 598/929/866 594/942/874 597/943/875
f 598/929/866 597/943/875 602/931/868
f 602/931/868 597/943/875 601/944/876
f 602/931/868 601/944/876 606/933/870
f 606/933/870 601/944/876 605/936/871
f 150/940/872 149/945/877 590/941/873
f 590/941/873 149/945/877 594/942/874
f 149/945/877 148/946/434 594/942/874
f 594/942/874 148/946/434 358/947/436
f 594/942/874 358/947/436 597/943/875
f 597/943/875 358/947/436 357/948/437
f 597/943/875 357/948/437 601/944/876
f 601/944/876 357/948/437 356/938/439
f 601/944/876 356/938/439 605/936/871
f 549/934/819 548/949/818 607/932/869
f 607/932/869 548/949/818 608/950/878
f 607/932/869 608/950/878 603/930/867
f 603/930/867 608/950/878 604/951/879
f 603/930/867 604/951/879 599/928/865
f 599/928/865 604/951/879 600/952/880
f 599/928/865 600/952/880 596/926/863
f 596/926/863 600/952/880 586/953/881
f 596/926/863 586/953/881 592/924/861
f 592/924/861 586/953/881 593/954/882
f 592/924/861 593/954/882 587/922/859
f 587/922/859 593/954/882 588/955/883
f 587/922/859 588/955/883 589/920/857
f 589/920/857 588/955/883 213/956/884
f 589/920/857 213/956/884 212/918/855
f 548/949/818 547/957/808 608/950/878
f 608/950/878 547/957/808 217/958/885
f 608/950/878 217/958/885 604/951/879
f 604/951/879 217/958/885 216/959/886
f 604/951/879 216/959/886 600/952/880
f 600/952/880 216/959/886 215/960/887
f 600/952/880 215/960/887 586/953/881
f 586/953/881 215/960/887 214/961/888
f 586/953/881 214/961/888 593/954/882
f 593/954/882 214/961/888 588/955/883
f 547/957/808 218/962/889 217/958/885
f 214/961/888 213/956/884 588/955/883
f 613/963/890 224/964/891 612/965/892
f 612/965/892 224/964/891 553/966/832
f 612/965/892 553/966/832 611/967/893
f 611/967/893 553/966/832 552/968/831
f 611/967/893 552/968/831 610/969/894
f 610/969/894 552/968/831 533/970/798
f 610/969/894 533/970/798 609/971/895
f 500/972/896 236/973/327 618/974/897
f 618/974/897 236/973/327 235/975/326
f 618/974/897 235/975/326 617/976/898
f 617/976/898 235/975/326 616/977/899
f 616/977/899 235/975/326 234/978/363
f 616/977/899 234/978/363 615/979/900
f 615/979/900 234/978/363 614/980/901
f 614/980/901 234/978/363 227/981/359
f 619/982/902 620/983/903 628/984/904
f 628/984/904 620/983/903 627/985/905
f 627/985/905 620/983/903 621/986/906
f 627/985/905 621/986/906 626/987/907
f 626/987/907 621/986/906 622/988/908
f 626/987/907 622/988/908 617/989/909
f 626/987/907 617/989/909 625/990/910
f 625/990/910 617/989/909 616/991/911
f 625/990/910 616/991/911 624/992/912
f 624/992/912 616/991/911 615/993/913
f 624/992/912 615/993/913 623/994/914
f 623/994/914 615/993/913 614/995/915
f 623/994/914 614/995/915 226/996/263
f 226/996/263 614/995/915 227/997/260
f 627/998/916 226/999/917 628/1000/918
f 628/1000/918 226/999/917 225/1001/919
f 628/1000/918 225/1001/919 75/1002/920
f 627/998/916 626/1003/921 226/999/917
f 226/999/917 626/1003/921 625/1004/922
f 226/999/917 625/1004/922 624/1005/923
f 624/1005/923 623/1006/924 226/999/917
f 628/1000/918 75/1002/920 634/1007/925
f 634/1007/925 75/1002/920 74/1008/926
f 634/1007/925 74/1008/926 633/1009/927
f 633/1009/927 74/1008/926 632/1010/928
f 632/1010/928 74/1008/926 631/1011/929
f 631/1011/929 74/1008/926 630/1012/930
f 630/1012/930 74/1008/926 629/1013/931
f 619/1014/902 628/1015/904 650/1016/932
f 650/1016/932 628/1015/904 649/1017/933
f 649/1017/933 628/1015/904 648/1018/934
f 648/1018/934 628/1015/904 647/1019/935
f 647/1019/935 628/1015/904 646/1020/936
f 646/1020/936 628/1015/904 645/1021/937
f 645/1021/937 628/1015/904 644/1022/938
f 644/1022/938 628/1015/904 643/1023/939
f 643/1023/939 628/1015/904 634/1024/940
f 643/1023/939 634/1024/940 642/1025/941
f 642/1025/941 634/1024/940 641/1026/942
f 641/1026/942 634/1024/940 640/1027/943
f 640/1027/943 634/1024/940 639/1028/944
f 639/1028/944 634/1024/940 638/1029/945
f 638/1029/945 634/1024/940 637/1030/946
f 637/1030/946 634/1024/940 636/1031/947
f 636/1031/947 634/1024/940 635/1032/948
f 73/1033/105 651/1034/949 74/1035/97
f 74/1035/97 651/1034/949 629/1036/950
f 629/1036/950 651/1034/949 652/1037/951
f 629/1036/950 652/1037/951 630/1038/952
f 630/1038/952 652/1037/951 653/1039/953
f 630/1038/952 653/1039/953 631/1040/954
f 631/1040/954 653/1039/953 654/1041/955
f 631/1040/954 654/1041/955 632/1042/956
f 632/1042/956 654/1041/955 655/1043/957
f 632/1042/956 655/1043/957 656/1044/958
f 632/1042/956 656/1044/958 633/1045/959
f 633/1045/959 656/1044/958 657/1046/960
f 633/1045/959 657/1046/960 634/1047/940
f 634/1047/940 657/1046/960 635/1048/948
f 532/1049/961 531/1050/962 658/1051/963
f 658/1051/963 531/1050/962 654/1052/964
f 654/1052/964 531/1050/962 655/1053/965
f 655/1053/965 531/1050/962 656/1054/966
f 656/1054/966 531/1050/962 530/1055/967
f 656/1054/966 530/1055/967 657/1056/968
f 657/1056/968 530/1055/967 529/1057/969
f 657/1056/968 529/1057/969 635/1058/970
f 635/1058/970 529/1057/969 528/1059/971
f 635/1058/970 528/1059/971 636/1060/972
f 636/1060/972 528/1059/971 527/1061/973
f 636/1060/972 527/1061/973 526/1062/974
f 636/1060/972 526/1062/974 637/1063/975
f 637/1063/975 526/1062/974 525/1064/976
f 637/1063/975 525/1064/976 638/1065/977
f 638/1065/977 525/1064/976 524/1066/978
f 638/1065/977 524/1066/978 523/1067/979
f 638/1065/977 523/1067/979 639/1068/980
f 639/1068/980 523/1067/979 522/1069/981
f 639/1068/980 522/1069/981 521/1070/982
f 639/1068/980 521/1070/982 640/1071/983
f 640/1071/983 521/1070/982 520/1072/984
f 640/1071/983 520/1072/984 641/1073/985
f 641/1073/985 520/1072/984 519/1074/986
f 641/1073/985 519/1074/986 518/1075/987
f 641/1073/985 518/1075/987 642/1076/988
f 642/1076/988 518/1075/987 517/1077/989
f 642/1076/988 517/1077/989 643/1078/990
f 643/1078/990 517/1077/989 516/1079/991
f 643/1078/990 516/1079/991 515/1080/992
f 643/1078/990 515/1080/992 644/1081/993
f 644/1081/993 515/1080/992 514/1082/994
f 644/1081/993 514/1082/994 645/1083/995
f 645/1083/995 514/1082/994 513/1084/996
f 645/1083/995 513/1084/996 512/1085/997
f 645/1083/995 512/1085/997 646/1086/998
f 646/1086/998 512/1085/997 511/1087/999
f 646/1086/998 511/1087/999 647/1088/1000
f 647/1088/1000 511/1087/999 510/1089/1001
f 647/1088/1000 510/1089/1001 509/1090/1002
f 647/1088/1000 509/1090/1002 648/1091/1003
f 648/1091/1003 509/1090/1002 508/1092/1004
f 648/1091/1003 508/1092/1004 507/1093/1005
f 648/1091/1003 507/1093/1005 649/1094/1006
f 649/1094/1006 507/1093/1005 506/1095/1007
f 649/1094/1006 506/1095/1007 650/1096/1008
f 650/1096/1008 506/1095/1007 505/1097/1009
f 650/1096/1008 505/1097/1009 504/1098/1010
f 650/1096/1008 504/1098/1010 619/1099/1011
f 619/1099/1011 504/1098/1010 503/1100/1012
f 619/1099/1011 503/1100/1012 620/1101/1013
f 620/1101/1013 503/1100/1012 502/1102/1014
f 620/1101/1013 502/1102/1014 621/1103/1015
f 621/1103/1015 502/1102/1014 501/1104/1016
f 621/1103/1015 501/1104/1016 622/1105/1017
f 622/1105/1017 501/1104/1016 618/1106/1018
f 622/1105/1017 618/1106/1018 617/1107/1019
f 501/1104/1016 500/1108/1020 618/1106/1018
f 2/1109/1021 1/1110/118 67/1111/1022
f 67/1111/1022 1/1110/118 111/1112/120
f 67/1111/1022 111/1112/120 68/1113/1023
f 68/1113/1023 111/1112/120 110/1114/181
f 68/1113/1023 110/1114/181 69/1115/1024
f 69/1115/1024 110/1114/181 109/1116/178
f 69/1115/1024 109/1116/178 70/1117/1025
f 70/1117/1025 109/1116/178 108/1118/175
f 70/1117/1025 108/1118/175 71/1119/1026
f 71/1119/1026 108/1118/175 107/1120/172
f 71/1119/1026 107/1120/172 72/1121/1027
f 72/1121/1027 107/1120/172 106/1122/167
f 72/1121/1027 106/1122/167 73/1123/1028
f 73/1123/1028 106/1122/167 105/1124/165
f 73/1123/1028 105/1124/165 651/1125/1029
f 651/1125/1029 105/1124/165 652/1126/1030
f 652/1126/1030 105/1124/165 104/1127/162
f 652/1126/1030 104/1127/162 653/1128/1031
f 653/1128/1031 104/1127/162 654/1129/1032
f 654/1129/1032 104/1127/162 103/1130/163
f 654/1129/1032 103/1130/163 658/1131/1033
f 658/1131/1033 103/1130/163 532/1132/1034
f 82/1133/1035 409/1134/589 83/1135/1036
f 83/1135/1036 409/1134/589 462/1136/657
f 83/1135/1036 462/1136/657 84/1137/1037
f 84/1137/1037 462/1136/657 461/1138/663
f 84/1137/1037 461/1138/663 85/1139/1038
f 85/1139/1038 461/1138/663 460/1140/658
f 85/1139/1038 460/1140/658 86/1141/1039
f 86/1141/1039 460/1140/658 459/1142/644
f 86/1141/1039 459/1142/644 87/1143/1040
f 87/1143/1040 459/1142/644 458/1144/638
f 87/1143/1040 458/1144/638 88/1145/1041
f 88/1145/1041 458/1144/638 457/1146/639
f 88/1145/1041 457/1146/639 30/1147/1042
f 30/1147/1042 457/1146/639 31/1148/641
f 663/1149/1043 394/1150/571 662/1151/1044
f 662/1151/1044 394/1150/571 417/1152/601
f 662/1151/1044 417/1152/601 661/1153/1045
f 661/1153/1045 417/1152/601 416/1154/599
f 661/1153/1045 416/1154/599 660/1155/1046
f 660/1155/1046 416/1154/599 76/1156/1047
f 660/1155/1046 76/1156/1047 659/1157/1048
f 416/1154/599 415/1158/597 76/1156/1047
f 76/1156/1047 415/1158/597 77/1159/1049
f 77/1159/1049 415/1158/597 414/1160/595
f 77/1159/1049 414/1160/595 78/1161/1050
f 78/1161/1050 414/1160/595 413/1162/593
f 78/1161/1050 413/1162/593 79/1163/1051
f 79/1163/1051 413/1162/593 412/1164/591
f 79/1163/1051 412/1164/591 80/1165/1052
f 80/1165/1052 412/1164/591 411/1166/584
f 80/1165/1052 411/1166/584 81/1167/1053
f 81/1167/1053 411/1166/584 410/1168/583
f 81/1167/1053 410/1168/583 82/1169/1035
f 82/1169/1035 410/1168/583 409/1170/589
f 394/1171/571 666/1172/1054 327/1173/552
f 327/1173/552 666/1172/1054 667/1174/1055
f 327/1173/552 667/1174/1055 668/1175/1056
f 663/1176/1043 664/1177/1057 394/1171/571
f 394/1171/571 664/1177/1057 665/1178/1058
f 394/1171/571 665/1178/1058 666/1172/1054
f 668/1175/1056 669/1179/1059 327/1173/552
f 327/1173/552 669/1179/1059 670/1180/1060
f 327/1173/552 670/1180/1060 671/1181/1061
f 671/1181/1061 672/1182/1062 327/1173/552
f 327/1173/552 672/1182/1062 673/1183/1063
f 327/1173/552 673/1183/1063 328/1184/806
f 328/1184/806 673/1183/1063 674/1185/1064
f 328/1184/806 674/1185/1064 675/1186/1065
f 675/1186/1065 676/1187/1066 328/1184/806
f 328/1184/806 676/1187/1066 677/1188/1067
f 328/1184/806 677/1188/1067 678/1189/1068
f 678/1189/1068 679/1190/1069 328/1184/806
f 328/1184/806 679/1190/1069 680/1191/1070
f 328/1184/806 680/1191/1070 681/1192/1071
f 328/1184/806 681/1192/1071 533/1193/798
f 533/1193/798 681/1192/1071 682/1194/1072
f 533/1193/798 682/1194/1072 609/1195/895
f 613/1196/1073 612/1197/1074 704/1198/1075
f 704/1198/1075 612/1197/1074 611/1199/1076
f 704/1198/1075 611/1199/1076 610/1200/1077
f 704/1198/1075 610/1200/1077 703/1201/1078
f 703/1201/1078 610/1200/1077 609/1202/1079
f 703/1201/1078 609/1202/1079 682/1203/1080
f 703/1201/1078 682/1203/1080 702/1204/1081
f 702/1204/1081 682/1203/1080 681/1205/1082
f 702/1204/1081 681/1205/1082 701/1206/1083
f 701/1206/1083 681/1205/1082 680/1207/1084
f 701/1206/1083 680/1207/1084 700/1208/1085
f 700/1208/1085 680/1207/1084 679/1209/1086
f 700/1208/1085 679/1209/1086 699/1210/1087
f 699/1210/1087 679/1209/1086 678/1211/1088
f 699/1210/1087 678/1211/1088 698/1212/1089
f 698/1212/1089 678/1211/1088 677/1213/1090
f 698/1212/1089 677/1213/1090 697/1214/1091
f 697/1214/1091 677/1213/1090 676/1215/1092
f 697/1214/1091 676/1215/1092 696/1216/1093
f 696/1216/1093 676/1215/1092 675/1217/1094
f 696/1216/1093 675/1217/1094 695/1218/1095
f 695/1218/1095 675/1217/1094 674/1219/1096
f 695/1218/1095 674/1219/1096 694/1220/1097
f 694/1220/1097 674/1219/1096 673/1221/1098
f 694/1220/1097 673/1221/1098 693/1222/1099
f 693/1222/1099 673/1221/1098 672/1223/1100
f 693/1222/1099 672/1223/1100 692/1224/1101
f 692/1224/1101 672/1223/1100 671/1225/1102
f 692/1224/1101 671/1225/1102 691/1226/1103
f 691/1226/1103 671/1225/1102 670/1227/1104
f 691/1226/1103 670/1227/1104 690/1228/1105
f 690/1228/1105 670/1227/1104 669/1229/1106
f 690/1228/1105 669/1229/1106 689/1230/1107
f 689/1230/1107 669/1229/1106 668/1231/1108
f 689/1230/1107 668/1231/1108 688/1232/1109
f 688/1232/1109 668/1231/1108 667/1233/1110
f 688/1232/1109 667/1233/1110 687/1234/1111
f 687/1234/1111 667/1233/1110 666/1235/1112
f 687/1234/1111 666/1235/1112 686/1236/1113
f 686/1236/1113 666/1235/1112 665/1237/1114
f 686/1236/1113 665/1237/1114 685/1238/1115
f 685/1238/1115 665/1237/1114 664/1239/1116
f 685/1238/1115 664/1239/1116 684/1240/1117
f 684/1240/1117 664/1239/1116 663/1241/1118
f 684/1240/1117 663/1241/1118 662/1242/1119
f 684/1240/1117 662/1242/1119 683/1243/1120
f 683/1243/1120 662/1242/1119 661/1244/1121
f 683/1243/1120 661/1244/1121 660/1245/1122
f 660/1245/1122 659/1246/1123 683/1243/1120
f 613/1247/1124 704/1248/1125 224/1249/1126
f 224/1249/1126 704/1248/1125 225/1250/1127
f 225/1250/1127 704/1248/1125 703/1251/1128
f 225/1250/1127 703/1251/1128 702/1252/1129
f 702/1252/1129 701/1253/1130 225/1250/1127
f 225/1250/1127 701/1253/1130 700/1254/1131
f 225/1250/1127 700/1254/1131 699/1255/1132
f 699/1255/1132 698/1256/1133 225/1250/1127
f 225/1250/1127 698/1256/1133 697/1257/1134
f 225/1250/1127 697/1257/1134 696/1258/1135
f 696/1258/1135 695/1259/1136 225/1250/1127
f 225/1250/1127 695/1259/1136 694/1260/1137
f 225/1250/1127 694/1260/1137 75/1261/1138
f 75/1261/1138 694/1260/1137 693/1262/1139
f 75/1261/1138 693/1262/1139 692/1263/1140
f 692/1263/1140 691/1264/1141 75/1261/1138
f 75/1261/1138 691/1264/1141 690/1265/1142
f 75/1261/1138 690/1265/1142 689/1266/1143
f 689/1266/1143 688/1267/1144 75/1261/1138
f 75/1261/1138 688/1267/1144 687/1268/1145
f 75/1261/1138 687/1268/1145 686/1269/1146
f 686/1269/1146 685/1270/1147 75/1261/1138
f 75/1261/1138 685/1270/1147 684/1271/1148
f 75/1261/1138 684/1271/1148 683/1272/1149
f 659/1273/1150 76/1274/1151 683/1272/1149
f 683/1272/1149 76/1274/1151 75/1261/1138
g Body5

v 0.080000 0.001796 -0.216657
v 0.080000 0.001327 -0.222763
v 0.080000 -0.000069 -0.228726
v 0.080000 -0.002358 -0.234406
v 0.080000 -0.005487 -0.239670
v 0.080000 -0.009384 -0.244395
v 0.080000 -0.013955 -0.248469
v 0.080000 -0.019096 -0.251798
v 0.080000 -0.024684 -0.254303
v 0.080000 -0.030589 -0.255926
v 0.080000 -0.036672 -0.256628
v 0.080000 -0.042792 -0.256393
v 0.080000 -0.048804 -0.255228
v 0.080000 -0.054567 -0.253158
v 0.080000 -0.059947 -0.250232
v 0.080000 -0.064818 -0.246520
v 0.080000 -0.069064 -0.242107
v 0.080000 -0.072587 -0.237098
v 0.080000 -0.075305 -0.231610
v 0.080000 -0.077152 -0.225772
v 0.080000 -0.078087 -0.219719
v 0.080000 -0.078087 -0.213595
v 0.080000 -0.077152 -0.207543
v 0.080000 -0.075305 -0.201705
v 0.080000 -0.072587 -0.196217
v 0.080000 -0.069064 -0.191208
v 0.080000 -0.064818 -0.186795
v 0.080000 -0.059947 -0.183083
v 0.080000 -0.054567 -0.180157
v 0.080000 -0.048804 -0.178087
v 0.080000 -0.042792 -0.176921
v 0.080000 -0.036672 -0.176687
v 0.080000 -0.030589 -0.177389
v 0.080000 -0.024684 -0.179012
v 0.080000 -0.019096 -0.181517
v 0.080000 -0.013955 -0.184846
v 0.080000 -0.009384 -0.188920
v 0.080000 -0.005487 -0.193645
v 0.080000 -0.002358 -0.198909
v 0.080000 -0.000069 -0.204589
v 0.080000 0.001327 -0.210551
v 0.070000 0.001796 -0.216657
v 0.070000 0.001327 -0.210551
v 0.070000 -0.000069 -0.204589
v 0.070000 -0.002358 -0.198909
v 0.070000 -0.005487 -0.193645
v 0.070000 -0.009384 -0.188920
v 0.070000 -0.013955 -0.184846
v 0.070000 -0.019096 -0.181517
v 0.070000 -0.024684 -0.179012
v 0.070000 -0.030589 -0.177389
v 0.070000 -0.036672 -0.176687
v 0.070000 -0.042792 -0.176921
v 0.070000 -0.048804 -0.178087
v 0.070000 -0.054567 -0.180157
v 0.070000 -0.059947 -0.183083
v 0.070000 -0.064818 -0.186795
v 0.070000 -0.069064 -0.191208
v 0.070000 -0.072587 -0.196217
v 0.070000 -0.075305 -0.201705
v 0.070000 -0.077152 -0.207543
v 0.070000 -0.078087 -0.213595
v 0.070000 -0.078087 -0.219719
v 0.070000 -0.077152 -0.225772
v 0.070000 -0.075305 -0.231610
v 0.070000 -0.072587 -0.237098
v 0.070000 -0.069064 -0.242107
v 0.070000 -0.064818 -0.246520
v 0.070000 -0.059947 -0.250232
v 0.070000 -0.054567 -0.253158
v 0.070000 -0.048804 -0.255228
v 0.070000 -0.042792 -0.256393
v 0.070000 -0.036672 -0.256628
v 0.070000 -0.030589 -0.255926
v 0.070000 -0.024684 -0.254303
v 0.070000 -0.019096 -0.251798
v 0.070000 -0.013955 -0.248469
v 0.070000 -0.009384 -0.244395
v 0.070000 -0.005487 -0.239670
v 0.070000 -0.002358 -0.234406
v 0.070000 -0.000069 -0.228726
v 0.070000 0.001327 -0.222763
vt -0.500000 -0.612994 0.000000
vt 0.500000 0.000000 0.000000
vt -0.500000 0.000000 0.000000
vt 0.500000 0.612994 0.000000
vt -0.500000 0.612994 0.000000
vt 0.500000 1.225987 0.000000
vt -0.500000 1.225987 0.000000
vt 0.500000 1.838981 0.000000
vt -0.500000 1.838981 0.000000
vt 0.500000 2.451975 0.000000
vt -0.500000 2.451975 0.000000
vt 0.500000 3.064968 0.000000
vt -0.500000 3.064968 0.000000
vt 0.500000 3.677962 0.000000
vt -0.500000 3.677962 0.000000
vt 0.500000 4.290956 0.000000
vt -0.500000 4.290956 0.000000
vt 0.500000 4.903950 0.000000
vt -0.500000 4.903950 0.000000
vt 0.500000 5.516943 0.000000
vt -0.500000 5.516943 0.000000
vt 0.500000 6.129937 0.000000
vt -0.500000 6.129937 0.000000
vt 0.500000 6.742931 0.000000
vt -0.500000 6.742931 0.000000
vt 0.500000 7.355924 0.000000
vt -0.500000 7.355924 0.000000
vt 0.500000 7.968918 0.000000
vt -0.500000 7.968918 0.000000
vt 0.500000 8.581912 0.000000
vt -0.500000 8.581912 0.000000
vt 0.500000 9.194905 0.000000
vt -0.500000 9.194905 0.000000
vt 0.500000 9.807899 0.000000
vt -0.500000 9.807899 0.000000
vt 0.500000 10.420893 0.000000
vt -0.500000 10.420893 0.000000
vt 0.500000 11.033886 0.000000
vt -0.500000 11.033886 0.000000
vt 0.500000 11.646880 0.000000
vt -0.500000 11.646880 0.000000
vt 0.500000 12.259874 0.000000
vt -0.500000 12.259874 0.000000
vt -0.500000 -12.872867 0.000000
vt 0.500000 -12.872867 0.000000
vt 0.500000 -12.259874 0.000000
vt -0.500000 -12.259874 0.000000
vt 0.500000 -11.646880 0.000000
vt -0.500000 -11.646880 0.000000
vt 0.500000 -11.033886 0.000000
vt -0.500000 -11.033886 0.000000
vt 0.500000 -10.420893 0.000000
vt -0.500000 -10.420893 0.000000
vt 0.500000 -9.807899 0.000000
vt -0.500000 -9.807899 0.000000
vt 0.500000 -9.194905 0.000000
vt -0.500000 -9.194905 0.000000
vt 0.500000 -8.581912 0.000000
vt -0.500000 -8.581912 0.000000
vt 0.500000 -7.968918 0.000000
vt -0.500000 -7.968918 0.000000
vt 0.500000 -7.355924 0.000000
vt -0.500000 -7.355924 0.000000
vt 0.500000 -6.742931 0.000000
vt -0.500000 -6.742931 0.000000
vt 0.500000 -6.129937 0.000000
vt -0.500000 -6.129937 0.000000
vt 0.500000 -5.516943 0.000000
vt -0.500000 -5.516943 0.000000
vt 0.500000 -4.903950 0.000000
vt -0.500000 -4.903950 0.000000
vt 0.500000 -4.290956 0.000000
vt -0.500000 -4.290956 0.000000
vt 0.500000 -3.677962 0.000000
vt -0.500000 -3.677962 0.000000
vt 0.500000 -3.064968 0.000000
vt -0.500000 -3.064968 0.000000
vt 0.500000 -2.451975 0.000000
vt -0.500000 -2.451975 0.000000
vt 0.500000 -1.838981 0.000000
vt -0.500000 -1.838981 0.000000
vt 0.500000 -1.225987 0.000000
vt -0.500000 -1.225987 0.000000
vt 0.500000 -0.612994 0.000000
vt 3.953122 -0.610597 0.000000
vt 4.000000 -0.000000 0.000000
vt -3.438278 -2.044075 0.000000
vt 3.953122 0.610597 0.000000
vt 3.813586 1.206882 0.000000
vt 3.584662 1.774879 0.000000
vt 3.271717 2.301275 0.000000
vt 2.882086 2.773730 0.000000
vt 2.424902 3.181171 0.000000
vt 1.910879 3.514049 0.000000
vt 1.352068 3.764560 0.000000
vt 0.761564 3.926833 0.000000
vt 0.153211 3.997065 0.000000
vt -0.458734 3.973608 0.000000
vt -3.710010 -1.495268 0.000000
vt -1.059926 3.857014 0.000000
vt -1.636275 3.650014 0.000000
vt -2.174270 3.357462 0.000000
vt -2.661303 2.986213 0.000000
vt -3.085957 2.544970 0.000000
vt -3.438278 2.044075 0.000000
vt -3.710010 1.495268 0.000000
vt -3.894782 -0.911414 0.000000
vt -3.894782 0.911414 0.000000
vt -3.988263 -0.306197 0.000000
vt -3.988263 0.306197 0.000000
vt -3.085957 -2.544970 0.000000
vt 3.271717 -2.301275 0.000000
vt 3.584662 -1.774879 0.000000
vt 3.813586 -1.206882 0.000000
vt 2.882086 -2.773730 0.000000
vt -2.661303 -2.986213 0.000000
vt 2.424902 -3.181171 0.000000
vt -2.174270 -3.357462 0.000000
vt 1.910879 -3.514049 0.000000
vt -1.636275 -3.650014 0.000000
vt 1.352068 -3.764560 0.000000
vt -1.059926 -3.857014 0.000000
vt 0.761564 -3.926833 0.000000
vt -0.458734 -3.973608 0.000000
vt 0.153211 -3.997065 0.000000
vt -3.953122 0.610597 0.000000
vt -4.000000 0.000000 0.000000
vt 3.438278 -2.044075 0.000000
vt -3.953122 -0.610597 0.000000
vt -3.813586 -1.206882 0.000000
vt -3.584662 -1.774879 0.000000
vt -3.271717 -2.301275 0.000000
vt 3.085957 -2.544970 0.000000
vt -2.882086 -2.773730 0.000000
vt 2.661303 -2.986213 0.000000
vt -2.424902 -3.181171 0.000000
vt 2.174270 -3.357462 0.000000
vt -1.910879 -3.514049 0.000000
vt 1.636275 -3.650014 0.000000
vt -1.352068 -3.764560 0.000000
vt 1.059926 -3.857014 0.000000
vt -0.761564 -3.926833 0.000000
vt 0.458734 -3.973608 0.000000
vt -0.153211 -3.997065 0.000000
vt 3.710010 -1.495268 0.000000
vt 0.458734 3.973608 0.000000
vt -0.153211 3.997065 0.000000
vt -0.761564 3.926833 0.000000
vt 3.894782 -0.911414 0.000000
vt 3.710010 1.495268 0.000000
vt 3.438278 2.044075 0.000000
vt 3.085957 2.544970 0.000000
vt 3.894782 0.911414 0.000000
vt 3.988263 -0.306197 0.000000
vt 3.988263 0.306197 0.000000
vt 2.661303 2.986213 0.000000
vt 2.174270 3.357462 0.000000
vt 1.636275 3.650014 0.000000
vt 1.059926 3.857014 0.000000
vt -1.352068 3.764560 0.000000
vt -1.910879 3.514049 0.000000
vt -2.424902 3.181171 0.000000
vt -2.882086 2.773730 0.000000
vt -3.271717 2.301275 0.000000
vt -3.584662 1.774879 0.000000
vt -3.813586 1.206882 0.000000
vn 0.000000 98.828042 -15.264928
vn 0.000000 100.000000 -0.000000
vn 0.000000 100.000000 -0.000000
vn 0.000000 98.828042 15.264928
vn 0.000000 98.828042 15.264928
vn 0.000000 95.339639 30.172060
vn 0.000000 95.339639 30.172060
vn 0.000000 89.616556 44.371984
vn 0.000000 89.616556 44.371984
vn 0.000000 81.792936 57.531866
vn 0.000000 81.792936 57.531866
vn 0.000000 72.052159 69.343250
vn 0.000000 72.052159 69.343250
vn 0.000000 60.622541 79.529287
vn 0.000000 60.622541 79.529287
vn 0.000000 47.771982 87.851225
vn 0.000000 47.771982 87.851225
vn 0.000000 33.801688 94.114005
vn 0.000000 33.801688 94.114005
vn 0.000000 19.039111 98.170832
vn 0.000000 19.039111 98.170832
vn 0.000000 3.830273 99.926618
vn 0.000000 3.830273 99.926618
vn -0.000000 -11.468343 99.340209
vn -0.000000 -11.468343 99.340209
vn -0.000000 -26.498150 96.425350
vn -0.000000 -26.498150 96.425350
vn -0.000000 -40.906864 91.250362
vn -0.000000 -40.906864 91.250362
vn -0.000000 -54.356755 83.936543
vn -0.000000 -54.356755 83.936543
vn -0.000000 -66.532570 74.655322
vn -0.000000 -66.532570 74.655322
vn -0.000000 -77.148918 63.624244
vn -0.000000 -77.148918 63.624244
vn -0.000000 -85.956961 51.101868
vn -0.000000 -85.956961 51.101868
vn -0.000000 -92.750245 37.381707
vn -0.000000 -92.750245 37.381707
vn -0.000000 -97.369542 22.785351
vn -0.000000 -97.369542 22.785351
vn -0.000000 -99.706580 7.654925
vn -0.000000 -99.706580 7.654925
vn -0.000000 -99.706580 -7.654925
vn -0.000000 -99.706580 -7.654925
vn -0.000000 -97.369542 -22.785351
vn -0.000000 -97.369542 -22.785351
vn -0.000000 -92.750245 -37.381707
vn -0.000000 -92.750245 -37.381707
vn -0.000000 -85.956961 -51.101868
vn -0.000000 -85.956961 -51.101868
vn -0.000000 -77.148918 -63.624244
vn -0.000000 -77.148918 -63.624244
vn -0.000000 -66.532570 -74.655322
vn -0.000000 -66.532570 -74.655322
vn -0.000000 -54.356755 -83.936543
vn -0.000000 -54.356755 -83.936543
vn -0.000000 -40.906864 -91.250362
vn -0.000000 -40.906864 -91.250362
vn -0.000000 -26.498150 -96.425350
vn -0.000000 -26.498150 -96.425350
vn -0.000000 -11.468343 -99.340209
vn -0.000000 -11.468343 -99.340209
vn 0.000000 3.830273 -99.926618
vn 0.000000 3.830273 -99.926618
vn 0.000000 19.039111 -98.170832
vn 0.000000 19.039111 -98.170832
vn 0.000000 33.801688 -94.114005
vn 0.000000 33.801688 -94.114005
vn 0.000000 47.771982 -87.851225
vn 0.000000 47.771982 -87.851225
vn 0.000000 60.622541 -79.529287
vn 0.000000 60.622541 -79.529287
vn 0.000000 72.052159 -69.343250
vn 0.000000 72.052159 -69.343250
vn 0.000000 81.792936 -57.531866
vn 0.000000 81.792936 -57.531866
vn 0.000000 89.616556 -44.371984
vn 0.000000 89.616556 -44.371984
vn 0.000000 95.339639 -30.172060
vn 0.000000 95.339639 -30.172060
vn 0.000000 98.828042 -15.264928
vn 100.000000 -0.000000 0.000000
vn 100.000000 -0.000000 0.000000
vn 100.000000 -0.000000 0.000000
vn 100.000000 -0.000000 0.000000
vn 100.000000 -0.000000 0.000000
vn 100.000000 -0.000000 0.000000
vn 100.000000 -0.000000 0.000000
vn 100.000000 -0.000000 0.000000
vn 100.000000 -0.000000 0.000000
vn 100.000000 -0.000000 0.000000
vn 100.000000 -0.000000 0.000000
vn 100.000000 -0.000000 0.000000
vn 100.000000 -0.000000 0.000000
vn 100.000000 -0.000000 0.000000
vn 100.000000 -0.000000 0.000000
vn 100.000000 -0.000000 0.000000
vn 100.000000 -0.000000 0.000000
vn 100.000000 -0.000000 0.000000
vn 100.000000 -0.000000 0.000000
vn 100.000000 -0.000000 0.000000
vn 100.000000 -0.000000 0.000000
vn 100.000000 -0.000000 0.000000
vn 100.000000 -0.000000 0.000000
vn 100.000000 -0.000000 0.000000
vn 100.000000 -0.000000 0.000000
vn 100.000000 -0.000000 0.000000
vn 100.000000 -0.000000 0.000000
vn 100.000000 -0.000000 0.000000
vn 100.000000 -0.000000 0.000000
vn 100.000000 -0.000000 0.000000
vn 100.000000 -0.000000 0.000000
vn 100.000000 -0.000000 0.000000
vn 100.000000 -0.000000 0.000000
vn 100.000000 -0.000000 0.000000
vn 100.000000 -0.000000 0.000000
vn 100.000000 -0.000000 0.000000
vn 100.000000 -0.000000 0.000000
vn 100.000000 -0.000000 0.000000
vn 100.000000 -0.000000 0.000000
vn 100.000000 -0.000000 0.000000
vn 100.000000 -0.000000 0.000000
vn -100.000000 0.000000 -0.000000
vn -100.000000 0.000000 -0.000000
vn -100.000000 0.000000 -0.000000
vn -100.000000 0.000000 -0.000000
vn -100.000000 0.000000 -0.000000
vn -100.000000 0.000000 -0.000000
vn -100.000000 0.000000 -0.000000
vn -100.000000 0.000000 -0.000000
vn -100.000000 0.000000 -0.000000
vn -100.000000 0.000000 -0.000000
vn -100.000000 0.000000 -0.000000
vn -100.000000 0.000000 -0.000000
vn -100.000000 0.000000 -0.000000
vn -100.000000 0.000000 -0.000000
vn -100.000000 0.000000 -0.000000
vn -100.000000 0.000000 -0.000000
vn -100.000000 0.000000 -0.000000
vn -100.000000 0.000000 -0.000000
vn -100.000000 0.000000 -0.000000
vn -100.000000 0.000000 -0.000000
vn -100.000000 0.000000 -0.000000
vn -100.000000 0.000000 -0.000000
vn -100.000000 0.000000 -0.000000
vn -100.000000 0.000000 -0.000000
vn -100.000000 0.000000 -0.000000
vn -100.000000 0.000000 -0.000000
vn -100.000000 0.000000 -0.000000
vn -100.000000 0.000000 -0.000000
vn -100.000000 0.000000 -0.000000
vn -100.000000 0.000000 -0.000000
vn -100.000000 0.000000 -0.000000
vn -100.000000 0.000000 -0.000000
vn -100.000000 0.000000 -0.000000
vn -100.000000 0.000000 -0.000000
vn -100.000000 0.000000 -0.000000
vn -100.000000 0.000000 -0.000000
vn -100.000000 0.000000 -0.000000
vn -100.000000 0.000000 -0.000000
vn -100.000000 0.000000 -0.000000
vn -100.000000 0.000000 -0.000000
vn -100.000000 0.000000 -0.000000
usemtl Paint_-_Metal_Flake_(Gold)
f 706/1275/1152 746/1276/1153 705/1277/1154
f 705/1277/1154 746/1276/1153 747/1278/1155
f 705/1277/1154 747/1278/1155 745/1279/1156
f 745/1279/1156 747/1278/1155 748/1280/1157
f 745/1279/1156 748/1280/1157 744/1281/1158
f 744/1281/1158 748/1280/1157 749/1282/1159
f 744/1281/1158 749/1282/1159 743/1283/1160
f 743/1283/1160 749/1282/1159 750/1284/1161
f 743/1283/1160 750/1284/1161 742/1285/1162
f 742/1285/1162 750/1284/1161 751/1286/1163
f 742/1285/1162 751/1286/1163 741/1287/1164
f 741/1287/1164 751/1286/1163 752/1288/1165
f 741/1287/1164 752/1288/1165 740/1289/1166
f 740/1289/1166 752/1288/1165 753/1290/1167
f 740/1289/1166 753/1290/1167 739/1291/1168
f 739/1291/1168 753/1290/1167 754/1292/1169
f 739/1291/1168 754/1292/1169 738/1293/1170
f 738/1293/1170 754/1292/1169 755/1294/1171
f 738/1293/1170 755/1294/1171 737/1295/1172
f 737/1295/1172 755/1294/1171 756/1296/1173
f 737/1295/1172 756/1296/1173 736/1297/1174
f 736/1297/1174 756/1296/1173 757/1298/1175
f 736/1297/1174 757/1298/1175 735/1299/1176
f 735/1299/1176 757/1298/1175 758/1300/1177
f 735/1299/1176 758/1300/1177 734/1301/1178
f 734/1301/1178 758/1300/1177 759/1302/1179
f 734/1301/1178 759/1302/1179 733/1303/1180
f 733/1303/1180 759/1302/1179 760/1304/1181
f 733/1303/1180 760/1304/1181 732/1305/1182
f 732/1305/1182 760/1304/1181 761/1306/1183
f 732/1305/1182 761/1306/1183 731/1307/1184
f 731/1307/1184 761/1306/1183 762/1308/1185
f 731/1307/1184 762/1308/1185 730/1309/1186
f 730/1309/1186 762/1308/1185 763/1310/1187
f 730/1309/1186 763/1310/1187 729/1311/1188
f 729/1311/1188 763/1310/1187 764/1312/1189
f 729/1311/1188 764/1312/1189 728/1313/1190
f 728/1313/1190 764/1312/1189 765/1314/1191
f 728/1313/1190 765/1314/1191 727/1315/1192
f 727/1315/1192 765/1314/1191 766/1316/1193
f 727/1315/1192 766/1316/1193 726/1317/1194
f 726/1318/1194 766/1319/1193 767/1320/1195
f 726/1318/1194 767/1320/1195 725/1321/1196
f 725/1321/1196 767/1320/1195 768/1322/1197
f 725/1321/1196 768/1322/1197 724/1323/1198
f 724/1323/1198 768/1322/1197 769/1324/1199
f 724/1323/1198 769/1324/1199 723/1325/1200
f 723/1325/1200 769/1324/1199 770/1326/1201
f 723/1325/1200 770/1326/1201 722/1327/1202
f 722/1327/1202 770/1326/1201 771/1328/1203
f 722/1327/1202 771/1328/1203 721/1329/1204
f 721/1329/1204 771/1328/1203 772/1330/1205
f 721/1329/1204 772/1330/1205 720/1331/1206
f 720/1331/1206 772/1330/1205 773/1332/1207
f 720/1331/1206 773/1332/1207 719/1333/1208
f 719/1333/1208 773/1332/1207 774/1334/1209
f 719/1333/1208 774/1334/1209 718/1335/1210
f 718/1335/1210 774/1334/1209 775/1336/1211
f 718/1335/1210 775/1336/1211 717/1337/1212
f 717/1337/1212 775/1336/1211 776/1338/1213
f 717/1337/1212 776/1338/1213 716/1339/1214
f 716/1339/1214 776/1338/1213 777/1340/1215
f 716/1339/1214 777/1340/1215 715/1341/1216
f 715/1341/1216 777/1340/1215 778/1342/1217
f 715/1341/1216 778/1342/1217 714/1343/1218
f 714/1343/1218 778/1342/1217 779/1344/1219
f 714/1343/1218 779/1344/1219 713/1345/1220
f 713/1345/1220 779/1344/1219 780/1346/1221
f 713/1345/1220 780/1346/1221 712/1347/1222
f 712/1347/1222 780/1346/1221 781/1348/1223
f 712/1347/1222 781/1348/1223 711/1349/1224
f 711/1349/1224 781/1348/1223 782/1350/1225
f 711/1349/1224 782/1350/1225 710/1351/1226
f 710/1351/1226 782/1350/1225 783/1352/1227
f 710/1351/1226 783/1352/1227 709/1353/1228
f 709/1353/1228 783/1352/1227 784/1354/1229
f 709/1353/1228 784/1354/1229 708/1355/1230
f 708/1355/1230 784/1354/1229 785/1356/1231
f 708/1355/1230 785/1356/1231 707/1357/1232
f 707/1357/1232 785/1356/1231 786/1358/1233
f 707/1357/1232 786/1358/1233 706/1275/1152
f 706/1275/1152 786/1358/1233 746/1276/1153
f 706/1359/1234 705/1360/1235 722/1361/1236
f 722/1361/1236 705/1360/1235 745/1362/1237
f 722/1361/1236 745/1362/1237 744/1363/1238
f 744/1363/1238 743/1364/1239 722/1361/1236
f 722/1361/1236 743/1364/1239 742/1365/1240
f 722/1361/1236 742/1365/1240 741/1366/1241
f 741/1366/1241 740/1367/1242 722/1361/1236
f 722/1361/1236 740/1367/1242 739/1368/1243
f 722/1361/1236 739/1368/1243 738/1369/1244
f 738/1369/1244 737/1370/1245 722/1361/1236
f 722/1361/1236 737/1370/1245 736/1371/1246
f 722/1361/1236 736/1371/1246 735/1372/1247
f 722/1361/1236 735/1372/1247 723/1373/1248
f 723/1373/1248 735/1372/1247 734/1374/1249
f 723/1373/1248 734/1374/1249 733/1375/1250
f 733/1375/1250 732/1376/1251 723/1373/1248
f 723/1373/1248 732/1376/1251 731/1377/1252
f 723/1373/1248 731/1377/1252 730/1378/1253
f 730/1378/1253 729/1379/1254 723/1373/1248
f 723/1373/1248 729/1379/1254 728/1380/1255
f 723/1373/1248 728/1380/1255 724/1381/1256
f 724/1381/1256 728/1380/1255 727/1382/1257
f 724/1381/1256 727/1382/1257 725/1383/1258
f 725/1383/1258 727/1382/1257 726/1384/1259
f 721/1385/1260 709/1386/1261 722/1361/1236
f 722/1361/1236 709/1386/1261 708/1387/1262
f 722/1361/1236 708/1387/1262 707/1388/1263
f 709/1386/1261 721/1385/1260 710/1389/1264
f 710/1389/1264 721/1385/1260 720/1390/1265
f 710/1389/1264 720/1390/1265 711/1391/1266
f 711/1391/1266 720/1390/1265 719/1392/1267
f 711/1391/1266 719/1392/1267 712/1393/1268
f 712/1393/1268 719/1392/1267 718/1394/1269
f 712/1393/1268 718/1394/1269 713/1395/1270
f 713/1395/1270 718/1394/1269 717/1396/1271
f 713/1395/1270 717/1396/1271 714/1397/1272
f 714/1397/1272 717/1396/1271 716/1398/1273
f 714/1397/1272 716/1398/1273 715/1399/1274
f 707/1388/1263 706/1359/1234 722/1361/1236
f 747/1400/1275 746/1401/1276 770/1402/1277
f 770/1402/1277 746/1401/1276 786/1403/1278
f 770/1402/1277 786/1403/1278 785/1404/1279
f 785/1404/1279 784/1405/1280 770/1402/1277
f 770/1402/1277 784/1405/1280 783/1406/1281
f 770/1402/1277 783/1406/1281 771/1407/1282
f 771/1407/1282 783/1406/1281 782/1408/1283
f 771/1407/1282 782/1408/1283 772/1409/1284
f 772/1409/1284 782/1408/1283 781/1410/1285
f 772/1409/1284 781/1410/1285 773/1411/1286
f 773/1411/1286 781/1410/1285 780/1412/1287
f 773/1411/1286 780/1412/1287 774/1413/1288
f 774/1413/1288 780/1412/1287 779/1414/1289
f 774/1413/1288 779/1414/1289 775/1415/1290
f 775/1415/1290 779/1414/1289 778/1416/1291
f 775/1415/1290 778/1416/1291 776/1417/1292
f 776/1417/1292 778/1416/1291 777/1418/1293
f 769/1419/1294 757/1420/1295 770/1402/1277
f 770/1402/1277 757/1420/1295 756/1421/1296
f 770/1402/1277 756/1421/1296 755/1422/1297
f 768/1423/1298 764/1424/1299 769/1419/1294
f 769/1419/1294 764/1424/1299 763/1425/1300
f 769/1419/1294 763/1425/1300 762/1426/1301
f 764/1424/1299 768/1423/1298 765/1427/1302
f 765/1427/1302 768/1423/1298 767/1428/1303
f 765/1427/1302 767/1428/1303 766/1429/1304
f 762/1426/1301 761/1430/1305 769/1419/1294
f 769/1419/1294 761/1430/1305 760/1431/1306
f 769/1419/1294 760/1431/1306 759/1432/1307
f 759/1432/1307 758/1433/1308 769/1419/1294
f 769/1419/1294 758/1433/1308 757/1420/1295
f 755/1422/1297 754/1434/1309 770/1402/1277
f 770/1402/1277 754/1434/1309 753/1435/1310
f 770/1402/1277 753/1435/1310 752/1436/1311
f 752/1436/1311 751/1437/1312 770/1402/1277
f 770/1402/1277 751/1437/1312 750/1438/1313
f 770/1402/1277 750/1438/1313 749/1439/1314
f 749/1439/1314 748/1440/1315 770/1402/1277
f 770/1402/1277 748/1440/1315 747/1400/1275
g Body6

v -0.060000 0.001796 -0.216657
v -0.060000 0.001327 -0.222763
v -0.060000 -0.000069 -0.228726
v -0.060000 -0.002358 -0.234406
v -0.060000 -0.005487 -0.239670
v -0.060000 -0.009384 -0.244395
v -0.060000 -0.013955 -0.248469
v -0.060000 -0.019096 -0.251798
v -0.060000 -0.024684 -0.254303
v -0.060000 -0.030589 -0.255926
v -0.060000 -0.036672 -0.256628
v -0.060000 -0.042792 -0.256393
v -0.060000 -0.048804 -0.255228
v -0.060000 -0.054567 -0.253158
v -0.060000 -0.059947 -0.250232
v -0.060000 -0.064818 -0.246520
v -0.060000 -0.069064 -0.242107
v -0.060000 -0.072587 -0.237098
v -0.060000 -0.075305 -0.231610
v -0.060000 -0.077152 -0.225772
v -0.060000 -0.078087 -0.219719
v -0.060000 -0.078087 -0.213595
v -0.060000 -0.077152 -0.207543
v -0.060000 -0.075305 -0.201705
v -0.060000 -0.072587 -0.196217
v -0.060000 -0.069064 -0.191208
v -0.060000 -0.064818 -0.186795
v -0.060000 -0.059947 -0.183083
v -0.060000 -0.054567 -0.180157
v -0.060000 -0.048804 -0.178087
v -0.060000 -0.042792 -0.176921
v -0.060000 -0.036672 -0.176687
v -0.060000 -0.030589 -0.177389
v -0.060000 -0.024684 -0.179012
v -0.060000 -0.019096 -0.181517
v -0.060000 -0.013955 -0.184846
v -0.060000 -0.009384 -0.188920
v -0.060000 -0.005487 -0.193645
v -0.060000 -0.002358 -0.198909
v -0.060000 -0.000069 -0.204589
v -0.060000 0.001327 -0.210551
v -0.070000 0.001796 -0.216657
v -0.070000 0.001327 -0.210551
v -0.070000 -0.000069 -0.204589
v -0.070000 -0.002358 -0.198909
v -0.070000 -0.005487 -0.193645
v -0.070000 -0.009384 -0.188920
v -0.070000 -0.013955 -0.184846
v -0.070000 -0.019096 -0.181517
v -0.070000 -0.024684 -0.179012
v -0.070000 -0.030589 -0.177389
v -0.070000 -0.036672 -0.176687
v -0.070000 -0.042792 -0.176921
v -0.070000 -0.048804 -0.178087
v -0.070000 -0.054567 -0.180157
v -0.070000 -0.059947 -0.183083
v -0.070000 -0.064818 -0.186795
v -0.070000 -0.069064 -0.191208
v -0.070000 -0.072587 -0.196217
v -0.070000 -0.075305 -0.201705
v -0.070000 -0.077152 -0.207543
v -0.070000 -0.078087 -0.213595
v -0.070000 -0.078087 -0.219719
v -0.070000 -0.077152 -0.225772
v -0.070000 -0.075305 -0.231610
v -0.070000 -0.072587 -0.237098
v -0.070000 -0.069064 -0.242107
v -0.070000 -0.064818 -0.246520
v -0.070000 -0.059947 -0.250232
v -0.070000 -0.054567 -0.253158
v -0.070000 -0.048804 -0.255228
v -0.070000 -0.042792 -0.256393
v -0.070000 -0.036672 -0.256628
v -0.070000 -0.030589 -0.255926
v -0.070000 -0.024684 -0.254303
v -0.070000 -0.019096 -0.251798
v -0.070000 -0.013955 -0.248469
v -0.070000 -0.009384 -0.244395
v -0.070000 -0.005487 -0.239670
v -0.070000 -0.002358 -0.234406
v -0.070000 -0.000069 -0.228726
v -0.070000 0.001327 -0.222763
vt -0.500000 -0.612994 0.000000
vt 0.500000 0.000000 0.000000
vt -0.500000 0.000000 0.000000
vt 0.500000 0.612994 0.000000
vt -0.500000 0.612994 0.000000
vt 0.500000 1.225987 0.000000
vt -0.500000 1.225987 0.000000
vt 0.500000 1.838981 0.000000
vt -0.500000 1.838981 0.000000
vt 0.500000 2.451975 0.000000
vt -0.500000 2.451975 0.000000
vt 0.500000 3.064968 0.000000
vt -0.500000 3.064968 0.000000
vt 0.500000 3.677962 0.000000
vt -0.500000 3.677962 0.000000
vt 0.500000 4.290956 0.000000
vt -0.500000 4.290956 0.000000
vt 0.500000 4.903950 0.000000
vt -0.500000 4.903950 0.000000
vt 0.500000 5.516943 0.000000
vt -0.500000 5.516943 0.000000
vt 0.500000 6.129937 0.000000
vt -0.500000 6.129937 0.000000
vt 0.500000 6.742931 0.000000
vt -0.500000 6.742931 0.000000
vt 0.500000 7.355924 0.000000
vt -0.500000 7.355924 0.000000
vt 0.500000 7.968918 0.000000
vt -0.500000 7.968918 0.000000
vt 0.500000 8.581912 0.000000
vt -0.500000 8.581912 0.000000
vt 0.500000 9.194905 0.000000
vt -0.500000 9.194905 0.000000
vt 0.500000 9.807899 0.000000
vt -0.500000 9.807899 0.000000
vt 0.500000 10.420893 0.000000
vt -0.500000 10.420893 0.000000
vt 0.500000 11.033886 0.000000
vt -0.500000 11.033886 0.000000
vt 0.500000 11.646880 0.000000
vt -0.500000 11.646880 0.000000
vt 0.500000 12.259874 0.000000
vt -0.500000 12.259874 0.000000
vt -0.500000 -12.872867 0.000000
vt 0.500000 -12.872867 0.000000
vt 0.500000 -12.259874 0.000000
vt -0.500000 -12.259874 0.000000
vt 0.500000 -11.646880 0.000000
vt -0.500000 -11.646880 0.000000
vt 0.500000 -11.033886 0.000000
vt -0.500000 -11.033886 0.000000
vt 0.500000 -10.420893 0.000000
vt -0.500000 -10.420893 0.000000
vt 0.500000 -9.807899 0.000000
vt -0.500000 -9.807899 0.000000
vt 0.500000 -9.194905 0.000000
vt -0.500000 -9.194905 0.000000
vt 0.500000 -8.581912 0.000000
vt -0.500000 -8.581912 0.000000
vt 0.500000 -7.968918 0.000000
vt -0.500000 -7.968918 0.000000
vt 0.500000 -7.355924 0.000000
vt -0.500000 -7.355924 0.000000
vt 0.500000 -6.742931 0.000000
vt -0.500000 -6.742931 0.000000
vt 0.500000 -6.129937 0.000000
vt -0.500000 -6.129937 0.000000
vt 0.500000 -5.516943 0.000000
vt -0.500000 -5.516943 0.000000
vt 0.500000 -4.903950 0.000000
vt -0.500000 -4.903950 0.000000
vt 0.500000 -4.290956 0.000000
vt -0.500000 -4.290956 0.000000
vt 0.500000 -3.677962 0.000000
vt -0.500000 -3.677962 0.000000
vt 0.500000 -3.064968 0.000000
vt -0.500000 -3.064968 0.000000
vt 0.500000 -2.451975 0.000000
vt -0.500000 -2.451975 0.000000
vt 0.500000 -1.838981 0.000000
vt -0.500000 -1.838981 0.000000
vt 0.500000 -1.225987 0.000000
vt -0.500000 -1.225987 0.000000
vt 0.500000 -0.612994 0.000000
vt 3.953122 -0.610597 0.000000
vt 4.000000 0.000000 0.000000
vt -3.438278 -2.044075 0.000000
vt 3.953122 0.610597 0.000000
vt 3.813586 1.206882 0.000000
vt 3.584662 1.774879 0.000000
vt 3.271717 2.301275 0.000000
vt 2.882086 2.773730 0.000000
vt 2.424902 3.181171 0.000000
vt 1.910879 3.514049 0.000000
vt 1.352068 3.764560 0.000000
vt 0.761564 3.926833 0.000000
vt 0.153211 3.997065 0.000000
vt -0.458734 3.973608 0.000000
vt -3.710010 -1.495268 0.000000
vt -1.059926 3.857014 0.000000
vt -1.636275 3.650014 0.000000
vt -2.174270 3.357462 0.000000
vt -2.661303 2.986213 0.000000
vt -3.085957 2.544970 0.000000
vt -3.438278 2.044075 0.000000
vt -3.710010 1.495268 0.000000
vt -3.894782 -0.911414 0.000000
vt -3.894782 0.911414 0.000000
vt -3.988263 -0.306197 0.000000
vt -3.988263 0.306197 0.000000
vt -3.085957 -2.544970 0.000000
vt 3.271717 -2.301275 0.000000
vt 3.584662 -1.774879 0.000000
vt 3.813586 -1.206882 0.000000
vt 2.882086 -2.773730 0.000000
vt -2.661303 -2.986213 0.000000
vt 2.424902 -3.181171 0.000000
vt -2.174270 -3.357462 0.000000
vt 1.910879 -3.514049 0.000000
vt -1.636275 -3.650014 0.000000
vt 1.352068 -3.764560 0.000000
vt -1.059926 -3.857014 0.000000
vt 0.761564 -3.926833 0.000000
vt -0.458734 -3.973608 0.000000
vt 0.153211 -3.997065 0.000000
vt -3.953122 0.610597 0.000000
vt -4.000000 0.000000 0.000000
vt 3.438278 -2.044075 0.000000
vt -3.953122 -0.610597 0.000000
vt -3.813586 -1.206882 0.000000
vt -3.584662 -1.774879 0.000000
vt -3.271717 -2.301275 0.000000
vt 3.085957 -2.544970 0.000000
vt -2.882086 -2.773730 0.000000
vt 2.661303 -2.986213 0.000000
vt -2.424902 -3.181171 0.000000
vt 2.174270 -3.357462 0.000000
vt -1.910879 -3.514049 0.000000
vt 1.636275 -3.650014 0.000000
vt -1.352068 -3.764560 0.000000
vt 1.059926 -3.857014 0.000000
vt -0.761564 -3.926833 0.000000
vt 0.458734 -3.973608 0.000000
vt -0.153211 -3.997065 0.000000
vt 3.710010 -1.495268 0.000000
vt 0.458734 3.973608 0.000000
vt -0.153211 3.997065 0.000000
vt -0.761564 3.926833 0.000000
vt 3.894782 -0.911414 0.000000
vt 3.710010 1.495268 0.000000
vt 3.438278 2.044075 0.000000
vt 3.085957 2.544970 0.000000
vt 3.894782 0.911414 0.000000
vt 3.988263 -0.306197 0.000000
vt 3.988263 0.306197 0.000000
vt 2.661303 2.986213 0.000000
vt 2.174270 3.357462 0.000000
vt 1.636275 3.650014 0.000000
vt 1.059926 3.857014 0.000000
vt -1.352068 3.764560 0.000000
vt -1.910879 3.514049 0.000000
vt -2.424902 3.181171 0.000000
vt -2.882086 2.773730 0.000000
vt -3.271717 2.301275 0.000000
vt -3.584662 1.774879 0.000000
vt -3.813586 1.206882 0.000000
vn 0.000000 98.828042 -15.264928
vn 0.000000 100.000000 -0.000000
vn 0.000000 100.000000 -0.000000
vn 0.000000 98.828042 15.264928
vn 0.000000 98.828042 15.264928
vn 0.000000 95.339639 30.172060
vn 0.000000 95.339639 30.172060
vn 0.000000 89.616556 44.371984
vn 0.000000 89.616556 44.371984
vn 0.000000 81.792936 57.531866
vn 0.000000 81.792936 57.531866
vn 0.000000 72.052159 69.343250
vn 0.000000 72.052159 69.343250
vn 0.000000 60.622541 79.529287
vn 0.000000 60.622541 79.529287
vn 0.000000 47.771982 87.851225
vn 0.000000 47.771982 87.851225
vn 0.000000 33.801688 94.114005
vn 0.000000 33.801688 94.114005
vn 0.000000 19.039111 98.170832
vn 0.000000 19.039111 98.170832
vn 0.000000 3.830273 99.926618
vn 0.000000 3.830273 99.926618
vn -0.000000 -11.468343 99.340209
vn -0.000000 -11.468343 99.340209
vn -0.000000 -26.498150 96.425350
vn -0.000000 -26.498150 96.425350
vn -0.000000 -40.906864 91.250362
vn -0.000000 -40.906864 91.250362
vn -0.000000 -54.356755 83.936543
vn -0.000000 -54.356755 83.936543
vn -0.000000 -66.532570 74.655322
vn -0.000000 -66.532570 74.655322
vn -0.000000 -77.148918 63.624244
vn -0.000000 -77.148918 63.624244
vn -0.000000 -85.956961 51.101868
vn -0.000000 -85.956961 51.101868
vn -0.000000 -92.750245 37.381707
vn -0.000000 -92.750245 37.381707
vn -0.000000 -97.369542 22.785351
vn -0.000000 -97.369542 22.785351
vn -0.000000 -99.706580 7.654925
vn -0.000000 -99.706580 7.654925
vn -0.000000 -99.706580 -7.654925
vn -0.000000 -99.706580 -7.654925
vn -0.000000 -97.369542 -22.785351
vn -0.000000 -97.369542 -22.785351
vn -0.000000 -92.750245 -37.381707
vn -0.000000 -92.750245 -37.381707
vn -0.000000 -85.956961 -51.101868
vn -0.000000 -85.956961 -51.101868
vn -0.000000 -77.148918 -63.624244
vn -0.000000 -77.148918 -63.624244
vn -0.000000 -66.532570 -74.655322
vn -0.000000 -66.532570 -74.655322
vn -0.000000 -54.356755 -83.936543
vn -0.000000 -54.356755 -83.936543
vn -0.000000 -40.906864 -91.250362
vn -0.000000 -40.906864 -91.250362
vn -0.000000 -26.498150 -96.425350
vn -0.000000 -26.498150 -96.425350
vn -0.000000 -11.468343 -99.340209
vn -0.000000 -11.468343 -99.340209
vn 0.000000 3.830273 -99.926618
vn 0.000000 3.830273 -99.926618
vn 0.000000 19.039111 -98.170832
vn 0.000000 19.039111 -98.170832
vn 0.000000 33.801688 -94.114005
vn 0.000000 33.801688 -94.114005
vn 0.000000 47.771982 -87.851225
vn 0.000000 47.771982 -87.851225
vn 0.000000 60.622541 -79.529287
vn 0.000000 60.622541 -79.529287
vn 0.000000 72.052159 -69.343250
vn 0.000000 72.052159 -69.343250
vn 0.000000 81.792936 -57.531866
vn 0.000000 81.792936 -57.531866
vn 0.000000 89.616556 -44.371984
vn 0.000000 89.616556 -44.371984
vn 0.000000 95.339639 -30.172060
vn 0.000000 95.339639 -30.172060
vn 0.000000 98.828042 -15.264928
vn 100.000000 -0.000000 0.000000
vn 100.000000 -0.000000 0.000000
vn 100.000000 -0.000000 0.000000
vn 100.000000 -0.000000 0.000000
vn 100.000000 -0.000000 0.000000
vn 100.000000 -0.000000 0.000000
vn 100.000000 -0.000000 0.000000
vn 100.000000 -0.000000 0.000000
vn 100.000000 -0.000000 0.000000
vn 100.000000 -0.000000 0.000000
vn 100.000000 -0.000000 0.000000
vn 100.000000 -0.000000 0.000000
vn 100.000000 -0.000000 0.000000
vn 100.000000 -0.000000 0.000000
vn 100.000000 -0.000000 0.000000
vn 100.000000 -0.000000 0.000000
vn 100.000000 -0.000000 0.000000
vn 100.000000 -0.000000 0.000000
vn 100.000000 -0.000000 0.000000
vn 100.000000 -0.000000 0.000000
vn 100.000000 -0.000000 0.000000
vn 100.000000 -0.000000 0.000000
vn 100.000000 -0.000000 0.000000
vn 100.000000 -0.000000 0.000000
vn 100.000000 -0.000000 0.000000
vn 100.000000 -0.000000 0.000000
vn 100.000000 -0.000000 0.000000
vn 100.000000 -0.000000 0.000000
vn 100.000000 -0.000000 0.000000
vn 100.000000 -0.000000 0.000000
vn 100.000000 -0.000000 0.000000
vn 100.000000 -0.000000 0.000000
vn 100.000000 -0.000000 0.000000
vn 100.000000 -0.000000 0.000000
vn 100.000000 -0.000000 0.000000
vn 100.000000 -0.000000 0.000000
vn 100.000000 -0.000000 0.000000
vn 100.000000 -0.000000 0.000000
vn 100.000000 -0.000000 0.000000
vn 100.000000 -0.000000 0.000000
vn 100.000000 -0.000000 0.000000
vn -100.000000 0.000000 -0.000000
vn -100.000000 0.000000 -0.000000
vn -100.000000 0.000000 -0.000000
vn -100.000000 0.000000 -0.000000
vn -100.000000 0.000000 -0.000000
vn -100.000000 0.000000 -0.000000
vn -100.000000 0.000000 -0.000000
vn -100.000000 0.000000 -0.000000
vn -100.000000 0.000000 -0.000000
vn -100.000000 0.000000 -0.000000
vn -100.000000 0.000000 -0.000000
vn -100.000000 0.000000 -0.000000
vn -100.000000 0.000000 -0.000000
vn -100.000000 0.000000 -0.000000
vn -100.000000 0.000000 -0.000000
vn -100.000000 0.000000 -0.000000
vn -100.000000 0.000000 -0.000000
vn -100.000000 0.000000 -0.000000
vn -100.000000 0.000000 -0.000000
vn -100.000000 0.000000 -0.000000
vn -100.000000 0.000000 -0.000000
vn -100.000000 0.000000 -0.000000
vn -100.000000 0.000000 -0.000000
vn -100.000000 0.000000 -0.000000
vn -100.000000 0.000000 -0.000000
vn -100.000000 0.000000 -0.000000
vn -100.000000 0.000000 -0.000000
vn -100.000000 0.000000 -0.000000
vn -100.000000 0.000000 -0.000000
vn -100.000000 0.000000 -0.000000
vn -100.000000 0.000000 -0.000000
vn -100.000000 0.000000 -0.000000
vn -100.000000 0.000000 -0.000000
vn -100.000000 0.000000 -0.000000
vn -100.000000 0.000000 -0.000000
vn -100.000000 0.000000 -0.000000
vn -100.000000 0.000000 -0.000000
vn -100.000000 0.000000 -0.000000
vn -100.000000 0.000000 -0.000000
vn -100.000000 0.000000 -0.000000
vn -100.000000 0.000000 -0.000000
f 788/1441/1316 828/1442/1317 787/1443/1318
f 787/1443/1318 828/1442/1317 829/1444/1319
f 787/1443/1318 829/1444/1319 827/1445/1320
f 827/1445/1320 829/1444/1319 830/1446/1321
f 827/1445/1320 830/1446/1321 826/1447/1322
f 826/1447/1322 830/1446/1321 831/1448/1323
f 826/1447/1322 831/1448/1323 825/1449/1324
f 825/1449/1324 831/1448/1323 832/1450/1325
f 825/1449/1324 832/1450/1325 824/1451/1326
f 824/1451/1326 832/1450/1325 833/1452/1327
f 824/1451/1326 833/1452/1327 823/1453/1328
f 823/1453/1328 833/1452/1327 834/1454/1329
f 823/1453/1328 834/1454/1329 822/1455/1330
f 822/1455/1330 834/1454/1329 835/1456/1331
f 822/1455/1330 835/1456/1331 821/1457/1332
f 821/1457/1332 835/1456/1331 836/1458/1333
f 821/1457/1332 836/1458/1333 820/1459/1334
f 820/1459/1334 836/1458/1333 837/1460/1335
f 820/1459/1334 837/1460/1335 819/1461/1336
f 819/1461/1336 837/1460/1335 838/1462/1337
f 819/1461/1336 838/1462/1337 818/1463/1338
f 818/1463/1338 838/1462/1337 839/1464/1339
f 818/1463/1338 839/1464/1339 817/1465/1340
f 817/1465/1340 839/1464/1339 840/1466/1341
f 817/1465/1340 840/1466/1341 816/1467/1342
f 816/1467/1342 840/1466/1341 841/1468/1343
f 816/1467/1342 841/1468/1343 815/1469/1344
f 815/1469/1344 841/1468/1343 842/1470/1345
f 815/1469/1344 842/1470/1345 814/1471/1346
f 814/1471/1346 842/1470/1345 843/1472/1347
f 814/1471/1346 843/1472/1347 813/1473/1348
f 813/1473/1348 843/1472/1347 844/1474/1349
f 813/1473/1348 844/1474/1349 812/1475/1350
f 812/1475/1350 844/1474/1349 845/1476/1351
f 812/1475/1350 845/1476/1351 811/1477/1352
f 811/1477/1352 845/1476/1351 846/1478/1353
f 811/1477/1352 846/1478/1353 810/1479/1354
f 810/1479/1354 846/1478/1353 847/1480/1355
f 810/1479/1354 847/1480/1355 809/1481/1356
f 809/1481/1356 847/1480/1355 848/1482/1357
f 809/1481/1356 848/1482/1357 808/1483/1358
f 808/1484/1358 848/1485/1357 849/1486/1359
f 808/1484/1358 849/1486/1359 807/1487/1360
f 807/1487/1360 849/1486/1359 850/1488/1361
f 807/1487/1360 850/1488/1361 806/1489/1362
f 806/1489/1362 850/1488/1361 851/1490/1363
f 806/1489/1362 851/1490/1363 805/1491/1364
f 805/1491/1364 851/1490/1363 852/1492/1365
f 805/1491/1364 852/1492/1365 804/1493/1366
f 804/1493/1366 852/1492/1365 853/1494/1367
f 804/1493/1366 853/1494/1367 803/1495/1368
f 803/1495/1368 853/1494/1367 854/1496/1369
f 803/1495/1368 854/1496/1369 802/1497/1370
f 802/1497/1370 854/1496/1369 855/1498/1371
f 802/1497/1370 855/1498/1371 801/1499/1372
f 801/1499/1372 855/1498/1371 856/1500/1373
f 801/1499/1372 856/1500/1373 800/1501/1374
f 800/1501/1374 856/1500/1373 857/1502/1375
f 800/1501/1374 857/1502/1375 799/1503/1376
f 799/1503/1376 857/1502/1375 858/1504/1377
f 799/1503/1376 858/1504/1377 798/1505/1378
f 798/1505/1378 858/1504/1377 859/1506/1379
f 798/1505/1378 859/1506/1379 797/1507/1380
f 797/1507/1380 859/1506/1379 860/1508/1381
f 797/1507/1380 860/1508/1381 796/1509/1382
f 796/1509/1382 860/1508/1381 861/1510/1383
f 796/1509/1382 861/1510/1383 795/1511/1384
f 795/1511/1384 861/1510/1383 862/1512/1385
f 795/1511/1384 862/1512/1385 794/1513/1386
f 794/1513/1386 862/1512/1385 863/1514/1387
f 794/1513/1386 863/1514/1387 793/1515/1388
f 793/1515/1388 863/1514/1387 864/1516/1389
f 793/1515/1388 864/1516/1389 792/1517/1390
f 792/1517/1390 864/1516/1389 865/1518/1391
f 792/1517/1390 865/1518/1391 791/1519/1392
f 791/1519/1392 865/1518/1391 866/1520/1393
f 791/1519/1392 866/1520/1393 790/1521/1394
f 790/1521/1394 866/1520/1393 867/1522/1395
f 790/1521/1394 867/1522/1395 789/1523/1396
f 789/1523/1396 867/1522/1395 868/1524/1397
f 789/1523/1396 868/1524/1397 788/1441/1316
f 788/1441/1316 868/1524/1397 828/1442/1317
f 788/1525/1398 787/1526/1399 804/1527/1400
f 804/1527/1400 787/1526/1399 827/1528/1401
f 804/1527/1400 827/1528/1401 826/1529/1402
f 826/1529/1402 825/1530/1403 804/1527/1400
f 804/1527/1400 825/1530/1403 824/1531/1404
f 804/1527/1400 824/1531/1404 823/1532/1405
f 823/1532/1405 822/1533/1406 804/1527/1400
f 804/1527/1400 822/1533/1406 821/1534/1407
f 804/1527/1400 821/1534/1407 820/1535/1408
f 820/1535/1408 819/1536/1409 804/1527/1400
f 804/1527/1400 819/1536/1409 818/1537/1410
f 804/1527/1400 818/1537/1410 817/1538/1411
f 804/1527/1400 817/1538/1411 805/1539/1412
f 805/1539/1412 817/1538/1411 816/1540/1413
f 805/1539/1412 816/1540/1413 815/1541/1414
f 815/1541/1414 814/1542/1415 805/1539/1412
f 805/1539/1412 814/1542/1415 813/1543/1416
f 805/1539/1412 813/1543/1416 812/1544/1417
f 812/1544/1417 811/1545/1418 805/1539/1412
f 805/1539/1412 811/1545/1418 810/1546/1419
f 805/1539/1412 810/1546/1419 806/1547/1420
f 806/1547/1420 810/1546/1419 809/1548/1421
f 806/1547/1420 809/1548/1421 807/1549/1422
f 807/1549/1422 809/1548/1421 808/1550/1423
f 803/1551/1424 791/1552/1425 804/1527/1400
f 804/1527/1400 791/1552/1425 790/1553/1426
f 804/1527/1400 790/1553/1426 789/1554/1427
f 791/1552/1425 803/1551/1424 792/1555/1428
f 792/1555/1428 803/1551/1424 802/1556/1429
f 792/1555/1428 802/1556/1429 793/1557/1430
f 793/1557/1430 802/1556/1429 801/1558/1431
f 793/1557/1430 801/1558/1431 794/1559/1432
f 794/1559/1432 801/1558/1431 800/1560/1433
f 794/1559/1432 800/1560/1433 795/1561/1434
f 795/1561/1434 800/1560/1433 799/1562/1435
f 795/1561/1434 799/1562/1435 796/1563/1436
f 796/1563/1436 799/1562/1435 798/1564/1437
f 796/1563/1436 798/1564/1437 797/1565/1438
f 789/1554/1427 788/1525/1398 804/1527/1400
f 829/1566/1439 828/1567/1440 852/1568/1441
f 852/1568/1441 828/1567/1440 868/1569/1442
f 852/1568/1441 868/1569/1442 867/1570/1443
f 867/1570/1443 866/1571/1444 852/1568/1441
f 852/1568/1441 866/1571/1444 865/1572/1445
f 852/1568/1441 865/1572/1445 853/1573/1446
f 853/1573/1446 865/1572/1445 864/1574/1447
f 853/1573/1446 864/1574/1447 854/1575/1448
f 854/1575/1448 864/1574/1447 863/1576/1449
f 854/1575/1448 863/1576/1449 855/1577/1450
f 855/1577/1450 863/1576/1449 862/1578/1451
f 855/1577/1450 862/1578/1451 856/1579/1452
f 856/1579/1452 862/1578/1451 861/1580/1453
f 856/1579/1452 861/1580/1453 857/1581/1454
f 857/1581/1454 861/1580/1453 860/1582/1455
f 857/1581/1454 860/1582/1455 858/1583/1456
f 858/1583/1456 860/1582/1455 859/1584/1457
f 851/1585/1458 839/1586/1459 852/1568/1441
f 852/1568/1441 839/1586/1459 838/1587/1460
f 852/1568/1441 838/1587/1460 837/1588/1461
f 850/1589/1462 846/1590/1463 851/1585/1458
f 851/1585/1458 846/1590/1463 845/1591/1464
f 851/1585/1458 845/1591/1464 844/1592/1465
f 846/1590/1463 850/1589/1462 847/1593/1466
f 847/1593/1466 850/1589/1462 849/1594/1467
f 847/1593/1466 849/1594/1467 848/1595/1468
f 844/1592/1465 843/1596/1469 851/1585/1458
f 851/1585/1458 843/1596/1469 842/1597/1470
f 851/1585/1458 842/1597/1470 841/1598/1471
f 841/1598/1471 840/1599/1472 851/1585/1458
f 851/1585/1458 840/1599/1472 839/1586/1459
f 837/1588/1461 836/1600/1473 852/1568/1441
f 852/1568/1441 836/1600/1473 835/1601/1474
f 852/1568/1441 835/1601/1474 834/1602/1475
f 834/1602/1475 833/1603/1476 852/1568/1441
f 852/1568/1441 833/1603/1476 832/1604/1477
f 852/1568/1441 832/1604/1477 831/1605/1478
f 831/1605/1478 830/1606/1479 852/1568/1441
f 852/1568/1441 830/1606/1479 829/1566/1439
g Body7

v 0.080000 0.050000 -0.000000
v 0.080000 0.049534 -0.006808
v 0.080000 0.048146 -0.013490
v 0.080000 0.045861 -0.019920
v 0.080000 0.042721 -0.025979
v 0.080000 0.038786 -0.031554
v 0.080000 0.034128 -0.036542
v 0.080000 0.028834 -0.040848
v 0.080000 0.023003 -0.044394
v 0.080000 0.016744 -0.047113
v 0.080000 0.010173 -0.048954
v 0.080000 0.003412 -0.049883
v 0.080000 -0.003412 -0.049883
v 0.080000 -0.010173 -0.048954
v 0.080000 -0.016744 -0.047113
v 0.080000 -0.023003 -0.044394
v 0.080000 -0.028834 -0.040848
v 0.080000 -0.034128 -0.036542
v 0.080000 -0.038786 -0.031554
v 0.080000 -0.042721 -0.025979
v 0.080000 -0.045861 -0.019920
v 0.080000 -0.048146 -0.013490
v 0.080000 -0.049534 -0.006808
v 0.080000 -0.050000 0.000000
v 0.080000 -0.049534 0.006808
v 0.080000 -0.048146 0.013490
v 0.080000 -0.045861 0.019920
v 0.080000 -0.042721 0.025979
v 0.080000 -0.038786 0.031554
v 0.080000 -0.034128 0.036542
v 0.080000 -0.028834 0.040848
v 0.080000 -0.023003 0.044394
v 0.080000 -0.016744 0.047113
v 0.080000 -0.010173 0.048954
v 0.080000 -0.003412 0.049883
v 0.080000 0.003412 0.049883
v 0.080000 0.010173 0.048954
v 0.080000 0.016744 0.047113
v 0.080000 0.023003 0.044394
v 0.080000 0.028834 0.040848
v 0.080000 0.034128 0.036542
v 0.080000 0.038786 0.031554
v 0.080000 0.042721 0.025979
v 0.080000 0.045861 0.019920
v 0.080000 0.048146 0.013490
v 0.080000 0.049534 0.006808
v 0.060000 0.050000 -0.000000
v 0.060000 0.049534 0.006808
v 0.060000 0.048146 0.013490
v 0.060000 0.045861 0.019920
v 0.060000 0.042721 0.025979
v 0.060000 0.038786 0.031554
v 0.060000 0.034128 0.036542
v 0.060000 0.028834 0.040848
v 0.060000 0.023003 0.044394
v 0.060000 0.016744 0.047113
v 0.060000 0.010173 0.048954
v 0.060000 0.003412 0.049883
v 0.060000 -0.003412 0.049883
v 0.060000 -0.010173 0.048954
v 0.060000 -0.016744 0.047113
v 0.060000 -0.023003 0.044394
v 0.060000 -0.028834 0.040848
v 0.060000 -0.034128 0.036542
v 0.060000 -0.038786 0.031554
v 0.060000 -0.042721 0.025979
v 0.060000 -0.045861 0.019920
v 0.060000 -0.048146 0.013490
v 0.060000 -0.049534 0.006808
v 0.060000 -0.050000 0.000000
v 0.060000 -0.049534 -0.006808
v 0.060000 -0.048146 -0.013490
v 0.060000 -0.045861 -0.019920
v 0.060000 -0.042721 -0.025979
v 0.060000 -0.038786 -0.031554
v 0.060000 -0.034128 -0.036542
v 0.060000 -0.028834 -0.040848
v 0.060000 -0.023003 -0.044394
v 0.060000 -0.016744 -0.047113
v 0.060000 -0.010173 -0.048954
v 0.060000 -0.003412 -0.049883
v 0.060000 0.003412 -0.049883
v 0.060000 0.010173 -0.048954
v 0.060000 0.016744 -0.047113
v 0.060000 0.023003 -0.044394
v 0.060000 0.028834 -0.040848
v 0.060000 0.034128 -0.036542
v 0.060000 0.038786 -0.031554
v 0.060000 0.042721 -0.025979
v 0.060000 0.045861 -0.019920
v 0.060000 0.048146 -0.013490
v 0.060000 0.049534 -0.006808
vt -1.000000 -0.682955 0.000000
vt 1.000000 -0.682955 0.000000
vt -1.000000 0.000000 0.000000
vt 1.000000 0.000000 0.000000
vt -1.000000 0.682955 0.000000
vt 1.000000 0.682955 0.000000
vt -1.000000 1.365910 0.000000
vt 1.000000 1.365910 0.000000
vt -1.000000 2.048865 0.000000
vt 1.000000 2.048865 0.000000
vt -1.000000 2.731820 0.000000
vt 1.000000 2.731820 0.000000
vt -1.000000 3.414775 0.000000
vt 1.000000 3.414775 0.000000
vt -1.000000 4.097730 0.000000
vt 1.000000 4.097730 0.000000
vt -1.000000 4.780684 0.000000
vt 1.000000 4.780684 0.000000
vt -1.000000 5.463639 0.000000
vt 1.000000 5.463639 0.000000
vt -1.000000 6.146594 0.000000
vt 1.000000 6.146594 0.000000
vt -1.000000 6.829549 0.000000
vt 1.000000 6.829549 0.000000
vt -1.000000 7.512504 0.000000
vt 1.000000 7.512504 0.000000
vt -1.000000 8.195459 0.000000
vt 1.000000 8.195459 0.000000
vt -1.000000 8.878414 0.000000
vt 1.000000 8.878414 0.000000
vt -1.000000 9.561369 0.000000
vt 1.000000 9.561369 0.000000
vt -1.000000 10.244324 0.000000
vt 1.000000 10.244324 0.000000
vt -1.000000 10.927279 0.000000
vt 1.000000 10.927279 0.000000
vt -1.000000 11.610234 0.000000
vt 1.000000 11.610234 0.000000
vt -1.000000 12.293189 0.000000
vt 1.000000 12.293189 0.000000
vt -1.000000 12.976144 0.000000
vt 1.000000 12.976144 0.000000
vt -1.000000 13.659098 0.000000
vt 1.000000 13.659098 0.000000
vt -1.000000 14.342053 0.000000
vt 1.000000 14.342053 0.000000
vt -1.000000 15.025008 0.000000
vt 1.000000 15.025008 0.000000
vt -1.000000 15.707963 0.000000
vt 1.000000 15.707963 0.000000
vt -1.000000 -15.707963 0.000000
vt 1.000000 -15.707963 0.000000
vt -1.000000 -15.025008 0.000000
vt 1.000000 -15.025008 0.000000
vt -1.000000 -14.342053 0.000000
vt 1.000000 -14.342053 0.000000
vt -1.000000 -13.659098 0.000000
vt 1.000000 -13.659098 0.000000
vt -1.000000 -12.976144 0.000000
vt 1.000000 -12.976144 0.000000
vt -1.000000 -12.293189 0.000000
vt 1.000000 -12.293189 0.000000
vt -1.000000 -11.610234 0.000000
vt 1.000000 -11.610234 0.000000
vt -1.000000 -10.927279 0.000000
vt 1.000000 -10.927279 0.000000
vt -1.000000 -10.244324 0.000000
vt 1.000000 -10.244324 0.000000
vt -1.000000 -9.561369 0.000000
vt 1.000000 -9.561369 0.000000
vt -1.000000 -8.878414 0.000000
vt 1.000000 -8.878414 0.000000
vt -1.000000 -8.195459 0.000000
vt 1.000000 -8.195459 0.000000
vt -1.000000 -7.512504 0.000000
vt 1.000000 -7.512504 0.000000
vt -1.000000 -6.829549 0.000000
vt 1.000000 -6.829549 0.000000
vt -1.000000 -6.146594 0.000000
vt 1.000000 -6.146594 0.000000
vt -1.000000 -5.463639 0.000000
vt 1.000000 -5.463639 0.000000
vt -1.000000 -4.780684 0.000000
vt 1.000000 -4.780684 0.000000
vt -1.000000 -4.097730 0.000000
vt 1.000000 -4.097730 0.000000
vt -1.000000 -3.414775 0.000000
vt 1.000000 -3.414775 0.000000
vt -1.000000 -2.731820 0.000000
vt 1.000000 -2.731820 0.000000
vt -1.000000 -2.048865 0.000000
vt 1.000000 -2.048865 0.000000
vt -1.000000 -1.365910 0.000000
vt 1.000000 -1.365910 0.000000
vt 4.953430 0.680833 0.000000
vt -4.953430 0.680833 0.000000
vt 5.000000 0.000000 0.000000
vt -5.000000 -0.000000 0.000000
vt 4.953430 -0.680833 0.000000
vt -4.953430 -0.680833 0.000000
vt 4.814586 -1.348984 0.000000
vt -4.814586 -1.348984 0.000000
vt 4.586057 -1.992005 0.000000
vt -4.586057 -1.992005 0.000000
vt 4.272097 -2.597920 0.000000
vt -4.272097 -2.597920 0.000000
vt 3.878556 -3.155440 0.000000
vt -3.878556 -3.155440 0.000000
vt 3.412766 -3.654180 0.000000
vt -3.412766 -3.654180 0.000000
vt 2.883402 -4.084849 0.000000
vt -2.883402 -4.084849 0.000000
vt 2.300325 -4.439426 0.000000
vt -2.300325 -4.439426 0.000000
vt 1.674398 -4.711305 0.000000
vt -1.674398 -4.711305 0.000000
vt 1.017280 -4.895420 0.000000
vt -1.017280 -4.895420 0.000000
vt 0.341212 -4.988344 0.000000
vt -0.341212 -4.988344 0.000000
vt -4.814586 1.348984 0.000000
vt 4.814586 1.348984 0.000000
vt -4.586057 1.992005 0.000000
vt 4.586057 1.992005 0.000000
vt -4.272097 2.597920 0.000000
vt 4.272097 2.597920 0.000000
vt -3.878556 3.155440 0.000000
vt 3.878556 3.155440 0.000000
vt -3.412766 3.654180 0.000000
vt 3.412766 3.654180 0.000000
vt -2.883402 4.084849 0.000000
vt 2.883402 4.084849 0.000000
vt -2.300325 4.439426 0.000000
vt 2.300325 4.439426 0.000000
vt -1.674398 4.711305 0.000000
vt 1.674398 4.711305 0.000000
vt -1.017280 4.895420 0.000000
vt 1.017280 4.895420 0.000000
vt -0.341212 4.988344 0.000000
vt 0.341212 4.988344 0.000000
vt -4.953430 -0.680833 0.000000
vt 4.953430 -0.680833 0.000000
vt -5.000000 -0.000000 0.000000
vt 5.000000 0.000000 0.000000
vt -4.953430 0.680833 0.000000
vt 4.953430 0.680833 0.000000
vt -4.814586 1.348984 0.000000
vt 4.814586 1.348984 0.000000
vt -4.586057 1.992005 0.000000
vt 4.586057 1.992005 0.000000
vt -4.272097 2.597920 0.000000
vt 4.272097 2.597920 0.000000
vt -3.878556 3.155440 0.000000
vt 3.878556 3.155440 0.000000
vt -3.412766 3.654180 0.000000
vt 3.412766 3.654180 0.000000
vt -2.883402 4.084849 0.000000
vt 2.883402 4.084849 0.000000
vt -2.300325 4.439426 0.000000
vt 2.300325 4.439426 0.000000
vt -1.674398 4.711305 0.000000
vt 1.674398 4.711305 0.000000
vt -1.017280 4.895420 0.000000
vt 1.017280 4.895420 0.000000
vt -0.341212 4.988344 0.000000
vt 0.341212 4.988344 0.000000
vt 4.814586 -1.348984 0.000000
vt -4.814586 -1.348984 0.000000
vt 4.586057 -1.992005 0.000000
vt -4.586057 -1.992005 0.000000
vt 4.272097 -2.597920 0.000000
vt -4.272097 -2.597920 0.000000
vt 3.878556 -3.155440 0.000000
vt -3.878556 -3.155440 0.000000
vt 3.412766 -3.654180 0.000000
vt -3.412766 -3.654180 0.000000
vt 2.883402 -4.084849 0.000000
vt -2.883402 -4.084849 0.000000
vt 2.300325 -4.439426 0.000000
vt -2.300325 -4.439426 0.000000
vt 1.674398 -4.711305 0.000000
vt -1.674398 -4.711305 0.000000
vt 1.017280 -4.895420 0.000000
vt -1.017280 -4.895420 0.000000
vt 0.341212 -4.988344 0.000000
vt -0.341212 -4.988344 0.000000
vn 0.000000 99.068595 -13.616665
vn 0.000000 99.068595 -13.616665
vn 0.000000 100.000000 -0.000000
vn 0.000000 100.000000 -0.000000
vn 0.000000 99.068595 13.616665
vn 0.000000 99.068595 13.616665
vn 0.000000 96.291729 26.979677
vn 0.000000 96.291729 26.979677
vn 0.000000 91.721130 39.840109
vn 0.000000 91.721130 39.840109
vn 0.000000 85.441940 51.958395
vn 0.000000 85.441940 51.958395
vn 0.000000 77.571129 63.108794
vn 0.000000 77.571129 63.108794
vn 0.000000 68.255314 73.083596
vn 0.000000 68.255314 73.083596
vn 0.000000 57.668032 81.696989
vn 0.000000 57.668032 81.696989
vn 0.000000 46.006504 88.788522
vn 0.000000 46.006504 88.788522
vn 0.000000 33.487961 94.226092
vn 0.000000 33.487961 94.226092
vn 0.000000 20.345601 97.908409
vn 0.000000 20.345601 97.908409
vn 0.000000 6.824241 99.766877
vn 0.000000 6.824241 99.766877
vn 0.000000 -6.824241 99.766877
vn 0.000000 -6.824241 99.766877
vn 0.000000 -20.345601 97.908409
vn 0.000000 -20.345601 97.908409
vn 0.000000 -33.487961 94.226092
vn 0.000000 -33.487961 94.226092
vn -0.000000 -46.006504 88.788522
vn -0.000000 -46.006504 88.788522
vn -0.000000 -57.668032 81.696989
vn -0.000000 -57.668032 81.696989
vn -0.000000 -68.255314 73.083596
vn -0.000000 -68.255314 73.083596
vn -0.000000 -77.571129 63.108794
vn -0.000000 -77.571129 63.108794
vn -0.000000 -85.441940 51.958395
vn -0.000000 -85.441940 51.958395
vn -0.000000 -91.721130 39.840109
vn -0.000000 -91.721130 39.840109
vn -0.000000 -96.291729 26.979677
vn -0.000000 -96.291729 26.979677
vn -0.000000 -99.068595 13.616665
vn -0.000000 -99.068595 13.616665
vn -0.000000 -100.000000 0.000000
vn -0.000000 -100.000000 0.000000
vn -0.000000 -99.068595 -13.616665
vn -0.000000 -99.068595 -13.616665
vn -0.000000 -96.291729 -26.979677
vn -0.000000 -96.291729 -26.979677
vn -0.000000 -91.721130 -39.840109
vn -0.000000 -91.721130 -39.840109
vn -0.000000 -85.441940 -51.958395
vn -0.000000 -85.441940 -51.958395
vn -0.000000 -77.571129 -63.108794
vn -0.000000 -77.571129 -63.108794
vn -0.000000 -68.255314 -73.083596
vn -0.000000 -68.255314 -73.083596
vn -0.000000 -57.668032 -81.696989
vn -0.000000 -57.668032 -81.696989
vn -0.000000 -46.006504 -88.788522
vn -0.000000 -46.006504 -88.788522
vn -0.000000 -33.487961 -94.226092
vn -0.000000 -33.487961 -94.226092
vn -0.000000 -20.345601 -97.908409
vn -0.000000 -20.345601 -97.908409
vn -0.000000 -6.824241 -99.766877
vn -0.000000 -6.824241 -99.766877
vn -0.000000 6.824241 -99.766877
vn -0.000000 6.824241 -99.766877
vn -0.000000 20.345601 -97.908409
vn -0.000000 20.345601 -97.908409
vn -0.000000 33.487961 -94.226092
vn -0.000000 33.487961 -94.226092
vn 0.000000 46.006504 -88.788522
vn 0.000000 46.006504 -88.788522
vn 0.000000 57.668032 -81.696989
vn 0.000000 57.668032 -81.696989
vn 0.000000 68.255314 -73.083596
vn 0.000000 68.255314 -73.083596
vn 0.000000 77.571129 -63.108794
vn 0.000000 77.571129 -63.108794
vn 0.000000 85.441940 -51.958395
vn 0.000000 85.441940 -51.958395
vn 0.000000 91.721130 -39.840109
vn 0.000000 91.721130 -39.840109
vn 0.000000 96.291729 -26.979677
vn 0.000000 96.291729 -26.979677
vn 100.000000 -0.000000 -0.000000
vn 100.000000 -0.000000 -0.000000
vn 100.000000 -0.000000 -0.000000
vn 100.000000 -0.000000 -0.000000
vn 100.000000 -0.000000 -0.000000
vn 100.000000 -0.000000 -0.000000
vn 100.000000 -0.000000 -0.000000
vn 100.000000 -0.000000 -0.000000
vn 100.000000 -0.000000 -0.000000
vn 100.000000 -0.000000 -0.000000
vn 100.000000 -0.000000 -0.000000
vn 100.000000 -0.000000 -0.000000
vn 100.000000 -0.000000 -0.000000
vn 100.000000 -0.000000 -0.000000
vn 100.000000 -0.000000 -0.000000
vn 100.000000 -0.000000 -0.000000
vn 100.000000 -0.000000 -0.000000
vn 100.000000 -0.000000 -0.000000
vn 100.000000 -0.000000 -0.000000
vn 100.000000 -0.000000 -0.000000
vn 100.000000 -0.000000 -0.000000
vn 100.000000 -0.000000 -0.000000
vn 100.000000 -0.000000 -0.000000
vn 100.000000 -0.000000 -0.000000
vn 100.000000 -0.000000 -0.000000
vn 100.000000 -0.000000 -0.000000
vn 100.000000 -0.000000 -0.000000
vn 100.000000 -0.000000 -0.000000
vn 100.000000 -0.000000 -0.000000
vn 100.000000 -0.000000 -0.000000
vn 100.000000 -0.000000 -0.000000
vn 100.000000 -0.000000 -0.000000
vn 100.000000 -0.000000 -0.000000
vn 100.000000 -0.000000 -0.000000
vn 100.000000 -0.000000 -0.000000
vn 100.000000 -0.000000 -0.000000
vn 100.000000 -0.000000 -0.000000
vn 100.000000 -0.000000 -0.000000
vn 100.000000 -0.000000 -0.000000
vn 100.000000 -0.000000 -0.000000
vn 100.000000 -0.000000 -0.000000
vn 100.000000 -0.000000 -0.000000
vn 100.000000 -0.000000 -0.000000
vn 100.000000 -0.000000 -0.000000
vn 100.000000 -0.000000 -0.000000
vn 100.000000 -0.000000 -0.000000
vn -100.000000 0.000000 0.000000
vn -100.000000 0.000000 0.000000
vn -100.000000 0.000000 0.000000
vn -100.000000 0.000000 0.000000
vn -100.000000 0.000000 0.000000
vn -100.000000 0.000000 0.000000
vn -100.000000 0.000000 0.000000
vn -100.000000 0.000000 0.000000
vn -100.000000 0.000000 0.000000
vn -100.000000 0.000000 0.000000
vn -100.000000 0.000000 0.000000
vn -100.000000 0.000000 0.000000
vn -100.000000 0.000000 0.000000
vn -100.000000 0.000000 0.000000
vn -100.000000 0.000000 0.000000
vn -100.000000 0.000000 0.000000
vn -100.000000 0.000000 0.000000
vn -100.000000 0.000000 0.000000
vn -100.000000 0.000000 0.000000
vn -100.000000 0.000000 0.000000
vn -100.000000 0.000000 0.000000
vn -100.000000 0.000000 0.000000
vn -100.000000 0.000000 0.000000
vn -100.000000 0.000000 0.000000
vn -100.000000 0.000000 0.000000
vn -100.000000 0.000000 0.000000
vn -100.000000 0.000000 0.000000
vn -100.000000 0.000000 0.000000
vn -100.000000 0.000000 0.000000
vn -100.000000 0.000000 0.000000
vn -100.000000 0.000000 0.000000
vn -100.000000 0.000000 0.000000
vn -100.000000 0.000000 0.000000
vn -100.000000 0.000000 0.000000
vn -100.000000 0.000000 0.000000
vn -100.000000 0.000000 0.000000
vn -100.000000 0.000000 0.000000
vn -100.000000 0.000000 0.000000
vn -100.000000 0.000000 0.000000
vn -100.000000 0.000000 0.000000
vn -100.000000 0.000000 0.000000
vn -100.000000 0.000000 0.000000
vn -100.000000 0.000000 0.000000
vn -100.000000 0.000000 0.000000
vn -100.000000 0.000000 0.000000
vn -100.000000 0.000000 0.000000
f 870/1607/1480 960/1608/1481 869/1609/1482
f 869/1609/1482 960/1608/1481 915/1610/1483
f 869/1609/1482 915/1610/1483 914/1611/1484
f 914/1611/1484 915/1610/1483 916/1612/1485
f 914/1611/1484 916/1612/1485 913/1613/1486
f 913/1613/1486 916/1612/1485 917/1614/1487
f 913/1613/1486 917/1614/1487 912/1615/1488
f 912/1615/1488 917/1614/1487 918/1616/1489
f 912/1615/1488 918/1616/1489 911/1617/1490
f 911/1617/1490 918/1616/1489 919/1618/1491
f 911/1617/1490 919/1618/1491 910/1619/1492
f 910/1619/1492 919/1618/1491 920/1620/1493
f 910/1619/1492 920/1620/1493 909/1621/1494
f 909/1621/1494 920/1620/1493 921/1622/1495
f 909/1621/1494 921/1622/1495 908/1623/1496
f 908/1623/1496 921/1622/1495 922/1624/1497
f 908/1623/1496 922/1624/1497 907/1625/1498
f 907/1625/1498 922/1624/1497 923/1626/1499
f 907/1625/1498 923/1626/1499 906/1627/1500
f 906/1627/1500 923/1626/1499 924/1628/1501
f 906/1627/1500 924/1628/1501 905/1629/1502
f 905/1629/1502 924/1628/1501 925/1630/1503
f 905/1629/1502 925/1630/1503 904/1631/1504
f 904/1631/1504 925/1630/1503 926/1632/1505
f 904/1631/1504 926/1632/1505 903/1633/1506
f 903/1633/1506 926/1632/1505 927/1634/1507
f 903/1633/1506 927/1634/1507 902/1635/1508
f 902/1635/1508 927/1634/1507 928/1636/1509
f 902/1635/1508 928/1636/1509 901/1637/1510
f 901/1637/1510 928/1636/1509 929/1638/1511
f 901/1637/1510 929/1638/1511 900/1639/1512
f 900/1639/1512 929/1638/1511 930/1640/1513
f 900/1639/1512 930/1640/1513 899/1641/1514
f 899/1641/1514 930/1640/1513 931/1642/1515
f 899/1641/1514 931/1642/1515 898/1643/1516
f 898/1643/1516 931/1642/1515 932/1644/1517
f 898/1643/1516 932/1644/1517 897/1645/1518
f 897/1645/1518 932/1644/1517 933/1646/1519
f 897/1645/1518 933/1646/1519 896/1647/1520
f 896/1647/1520 933/1646/1519 934/1648/1521
f 896/1647/1520 934/1648/1521 895/1649/1522
f 895/1649/1522 934/1648/1521 935/1650/1523
f 895/1649/1522 935/1650/1523 894/1651/1524
f 894/1651/1524 935/1650/1523 936/1652/1525
f 894/1651/1524 936/1652/1525 893/1653/1526
f 893/1653/1526 936/1652/1525 937/1654/1527
f 893/1653/1526 937/1654/1527 892/1655/1528
f 892/1655/1528 937/1654/1527 938/1656/1529
f 892/1657/1528 938/1658/1529 891/1659/1530
f 891/1659/1530 938/1658/1529 939/1660/1531
f 891/1659/1530 939/1660/1531 890/1661/1532
f 890/1661/1532 939/1660/1531 940/1662/1533
f 890/1661/1532 940/1662/1533 889/1663/1534
f 889/1663/1534 940/1662/1533 941/1664/1535
f 889/1663/1534 941/1664/1535 888/1665/1536
f 888/1665/1536 941/1664/1535 942/1666/1537
f 888/1665/1536 942/1666/1537 887/1667/1538
f 887/1667/1538 942/1666/1537 943/1668/1539
f 887/1667/1538 943/1668/1539 886/1669/1540
f 886/1669/1540 943/1668/1539 944/1670/1541
f 886/1669/1540 944/1670/1541 885/1671/1542
f 885/1671/1542 944/1670/1541 945/1672/1543
f 885/1671/1542 945/1672/1543 884/1673/1544
f 884/1673/1544 945/1672/1543 946/1674/1545
f 884/1673/1544 946/1674/1545 883/1675/1546
f 883/1675/1546 946/1674/1545 947/1676/1547
f 883/1675/1546 947/1676/1547 882/1677/1548
f 882/1677/1548 947/1676/1547 948/1678/1549
f 882/1677/1548 948/1678/1549 881/1679/1550
f 881/1679/1550 948/1678/1549 949/1680/1551
f 881/1679/1550 949/1680/1551 880/1681/1552
f 880/1681/1552 949/1680/1551 950/1682/1553
f 880/1681/1552 950/1682/1553 879/1683/1554
f 879/1683/1554 950/1682/1553 951/1684/1555
f 879/1683/1554 951/1684/1555 878/1685/1556
f 878/1685/1556 951/1684/1555 952/1686/1557
f 878/1685/1556 952/1686/1557 877/1687/1558
f 877/1687/1558 952/1686/1557 953/1688/1559
f 877/1687/1558 953/1688/1559 876/1689/1560
f 876/1689/1560 953/1688/1559 954/1690/1561
f 876/1689/1560 954/1690/1561 875/1691/1562
f 875/1691/1562 954/1690/1561 955/1692/1563
f 875/1691/1562 955/1692/1563 874/1693/1564
f 874/1693/1564 955/1692/1563 956/1694/1565
f 874/1693/1564 956/1694/1565 873/1695/1566
f 873/1695/1566 956/1694/1565 957/1696/1567
f 873/1695/1566 957/1696/1567 872/1697/1568
f 872/1697/1568 957/1696/1567 958/1698/1569
f 872/1697/1568 958/1698/1569 871/1699/1570
f 871/1699/1570 958/1698/1569 959/1700/1571
f 871/1699/1570 959/1700/1571 870/1607/1480
f 870/1607/1480 959/1700/1571 960/1608/1481
f 914/1701/1572 893/1702/1573 869/1703/1574
f 869/1703/1574 893/1702/1573 892/1704/1575
f 869/1703/1574 892/1704/1575 870/1705/1576
f 870/1705/1576 892/1704/1575 891/1706/1577
f 870/1705/1576 891/1706/1577 871/1707/1578
f 871/1707/1578 891/1706/1577 890/1708/1579
f 871/1707/1578 890/1708/1579 872/1709/1580
f 872/1709/1580 890/1708/1579 889/1710/1581
f 872/1709/1580 889/1710/1581 873/1711/1582
f 873/1711/1582 889/1710/1581 888/1712/1583
f 873/1711/1582 888/1712/1583 874/1713/1584
f 874/1713/1584 888/1712/1583 887/1714/1585
f 874/1713/1584 887/1714/1585 875/1715/1586
f 875/1715/1586 887/1714/1585 886/1716/1587
f 875/1715/1586 886/1716/1587 876/1717/1588
f 876/1717/1588 886/1716/1587 885/1718/1589
f 876/1717/1588 885/1718/1589 877/1719/1590
f 877/1719/1590 885/1718/1589 884/1720/1591
f 877/1719/1590 884/1720/1591 878/1721/1592
f 878/1721/1592 884/1720/1591 883/1722/1593
f 878/1721/1592 883/1722/1593 879/1723/1594
f 879/1723/1594 883/1722/1593 882/1724/1595
f 879/1723/1594 882/1724/1595 880/1725/1596
f 880/1725/1596 882/1724/1595 881/1726/1597
f 893/1702/1573 914/1701/1572 894/1727/1598
f 894/1727/1598 914/1701/1572 913/1728/1599
f 894/1727/1598 913/1728/1599 895/1729/1600
f 895/1729/1600 913/1728/1599 912/1730/1601
f 895/1729/1600 912/1730/1601 896/1731/1602
f 896/1731/1602 912/1730/1601 911/1732/1603
f 896/1731/1602 911/1732/1603 897/1733/1604
f 897/1733/1604 911/1732/1603 910/1734/1605
f 897/1733/1604 910/1734/1605 898/1735/1606
f 898/1735/1606 910/1734/1605 909/1736/1607
f 898/1735/1606 909/1736/1607 899/1737/1608
f 899/1737/1608 909/1736/1607 908/1738/1609
f 899/1737/1608 908/1738/1609 900/1739/1610
f 900/1739/1610 908/1738/1609 907/1740/1611
f 900/1739/1610 907/1740/1611 901/1741/1612
f 901/1741/1612 907/1740/1611 906/1742/1613
f 901/1741/1612 906/1742/1613 902/1743/1614
f 902/1743/1614 906/1742/1613 905/1744/1615
f 902/1743/1614 905/1744/1615 903/1745/1616
f 903/1745/1616 905/1744/1615 904/1746/1617
f 960/1747/1618 939/1748/1619 915/1749/1620
f 915/1749/1620 939/1748/1619 938/1750/1621
f 915/1749/1620 938/1750/1621 916/1751/1622
f 916/1751/1622 938/1750/1621 937/1752/1623
f 916/1751/1622 937/1752/1623 917/1753/1624
f 917/1753/1624 937/1752/1623 936/1754/1625
f 917/1753/1624 936/1754/1625 918/1755/1626
f 918/1755/1626 936/1754/1625 935/1756/1627
f 918/1755/1626 935/1756/1627 919/1757/1628
f 919/1757/1628 935/1756/1627 934/1758/1629
f 919/1757/1628 934/1758/1629 920/1759/1630
f 920/1759/1630 934/1758/1629 933/1760/1631
f 920/1759/1630 933/1760/1631 921/1761/1632
f 921/1761/1632 933/1760/1631 932/1762/1633
f 921/1761/1632 932/1762/1633 922/1763/1634
f 922/1763/1634 932/1762/1633 931/1764/1635
f 922/1763/1634 931/1764/1635 923/1765/1636
f 923/1765/1636 931/1764/1635 930/1766/1637
f 923/1765/1636 930/1766/1637 924/1767/1638
f 924/1767/1638 930/1766/1637 929/1768/1639
f 924/1767/1638 929/1768/1639 925/1769/1640
f 925/1769/1640 929/1768/1639 928/1770/1641
f 925/1769/1640 928/1770/1641 926/1771/1642
f 926/1771/1642 928/1770/1641 927/1772/1643
f 939/1748/1619 960/1747/1618 940/1773/1644
f 940/1773/1644 960/1747/1618 959/1774/1645
f 940/1773/1644 959/1774/1645 941/1775/1646
f 941/1775/1646 959/1774/1645 958/1776/1647
f 941/1775/1646 958/1776/1647 942/1777/1648
f 942/1777/1648 958/1776/1647 957/1778/1649
f 942/1777/1648 957/1778/1649 943/1779/1650
f 943/1779/1650 957/1778/1649 956/1780/1651
f 943/1779/1650 956/1780/1651 944/1781/1652
f 944/1781/1652 956/1780/1651 955/1782/1653
f 944/1781/1652 955/1782/1653 945/1783/1654
f 945/1783/1654 955/1782/1653 954/1784/1655
f 945/1783/1654 954/1784/1655 946/1785/1656
f 946/1785/1656 954/1784/1655 953/1786/1657
f 946/1785/1656 953/1786/1657 947/1787/1658
f 947/1787/1658 953/1786/1657 952/1788/1659
f 947/1787/1658 952/1788/1659 948/1789/1660
f 948/1789/1660 952/1788/1659 951/1790/1661
f 948/1789/1660 951/1790/1661 949/1791/1662
f 949/1791/1662 951/1790/1661 950/1792/1663
g Body8

v -0.060000 0.050000 -0.000000
v -0.060000 0.049534 -0.006808
v -0.060000 0.048146 -0.013490
v -0.060000 0.045861 -0.019920
v -0.060000 0.042721 -0.025979
v -0.060000 0.038786 -0.031554
v -0.060000 0.034128 -0.036542
v -0.060000 0.028834 -0.040848
v -0.060000 0.023003 -0.044394
v -0.060000 0.016744 -0.047113
v -0.060000 0.010173 -0.048954
v -0.060000 0.003412 -0.049883
v -0.060000 -0.003412 -0.049883
v -0.060000 -0.010173 -0.048954
v -0.060000 -0.016744 -0.047113
v -0.060000 -0.023003 -0.044394
v -0.060000 -0.028834 -0.040848
v -0.060000 -0.034128 -0.036542
v -0.060000 -0.038786 -0.031554
v -0.060000 -0.042721 -0.025979
v -0.060000 -0.045861 -0.019920
v -0.060000 -0.048146 -0.013490
v -0.060000 -0.049534 -0.006808
v -0.060000 -0.050000 -0.000000
v -0.060000 -0.049534 0.006808
v -0.060000 -0.048146 0.013490
v -0.060000 -0.045861 0.019920
v -0.060000 -0.042721 0.025979
v -0.060000 -0.038786 0.031554
v -0.060000 -0.034128 0.036542
v -0.060000 -0.028834 0.040848
v -0.060000 -0.023003 0.044394
v -0.060000 -0.016744 0.047113
v -0.060000 -0.010173 0.048954
v -0.060000 -0.003412 0.049883
v -0.060000 0.003412 0.049883
v -0.060000 0.010173 0.048954
v -0.060000 0.016744 0.047113
v -0.060000 0.023003 0.044394
v -0.060000 0.028834 0.040848
v -0.060000 0.034128 0.036542
v -0.060000 0.038786 0.031554
v -0.060000 0.042721 0.025979
v -0.060000 0.045861 0.019920
v -0.060000 0.048146 0.013490
v -0.060000 0.049534 0.006808
v -0.070000 0.050000 -0.000000
v -0.070000 0.049534 0.006808
v -0.070000 0.048146 0.013490
v -0.070000 0.045861 0.019920
v -0.070000 0.042721 0.025979
v -0.070000 0.038786 0.031554
v -0.070000 0.034128 0.036542
v -0.070000 0.028834 0.040848
v -0.070000 0.023003 0.044394
v -0.070000 0.016744 0.047113
v -0.070000 0.010173 0.048954
v -0.070000 0.003412 0.049883
v -0.070000 -0.003412 0.049883
v -0.070000 -0.010173 0.048954
v -0.070000 -0.016744 0.047113
v -0.070000 -0.023003 0.044394
v -0.070000 -0.028834 0.040848
v -0.070000 -0.034128 0.036542
v -0.070000 -0.038786 0.031554
v -0.070000 -0.042721 0.025979
v -0.070000 -0.045861 0.019920
v -0.070000 -0.048146 0.013490
v -0.070000 -0.049534 0.006808
v -0.070000 -0.050000 -0.000000
v -0.070000 -0.049534 -0.006808
v -0.070000 -0.048146 -0.013490
v -0.070000 -0.045861 -0.019920
v -0.070000 -0.042721 -0.025979
v -0.070000 -0.038786 -0.031554
v -0.070000 -0.034128 -0.036542
v -0.070000 -0.028834 -0.040848
v -0.070000 -0.023003 -0.044394
v -0.070000 -0.016744 -0.047113
v -0.070000 -0.010173 -0.048954
v -0.070000 -0.003412 -0.049883
v -0.070000 0.003412 -0.049883
v -0.070000 0.010173 -0.048954
v -0.070000 0.016744 -0.047113
v -0.070000 0.023003 -0.044394
v -0.070000 0.028834 -0.040848
v -0.070000 0.034128 -0.036542
v -0.070000 0.038786 -0.031554
v -0.070000 0.042721 -0.025979
v -0.070000 0.045861 -0.019920
v -0.070000 0.048146 -0.013490
v -0.070000 0.049534 -0.006808
vt -1.000000 -0.682955 0.000000
vt 0.000000 -0.682955 0.000000
vt -1.000000 -0.000000 0.000000
vt -0.000000 0.000000 0.000000
vt -1.000000 0.682955 0.000000
vt -0.000000 0.682955 0.000000
vt -1.000000 1.365910 0.000000
vt 0.000000 1.365910 0.000000
vt -1.000000 2.048865 0.000000
vt -0.000000 2.048865 0.000000
vt -1.000000 2.731820 0.000000
vt 0.000000 2.731820 0.000000
vt -1.000000 3.414775 0.000000
vt 0.000000 3.414775 0.000000
vt -1.000000 4.097730 0.000000
vt 0.000000 4.097730 0.000000
vt -1.000000 4.780684 0.000000
vt -0.000000 4.780684 0.000000
vt -1.000000 5.463639 0.000000
vt 0.000000 5.463639 0.000000
vt -1.000000 6.146594 0.000000
vt 0.000000 6.146594 0.000000
vt -1.000000 6.829549 0.000000
vt 0.000000 6.829549 0.000000
vt -1.000000 7.512504 0.000000
vt -0.000000 7.512504 0.000000
vt -1.000000 8.195459 0.000000
vt -0.000000 8.195459 0.000000
vt -1.000000 8.878414 0.000000
vt -0.000000 8.878414 0.000000
vt -1.000000 9.561369 0.000000
vt 0.000000 9.561369 0.000000
vt -1.000000 10.244324 0.000000
vt -0.000000 10.244324 0.000000
vt -1.000000 10.927279 0.000000
vt 0.000000 10.927279 0.000000
vt -1.000000 11.610234 0.000000
vt 0.000000 11.610234 0.000000
vt -1.000000 12.293189 0.000000
vt -0.000000 12.293189 0.000000
vt -1.000000 12.976144 0.000000
vt 0.000000 12.976144 0.000000
vt -1.000000 13.659098 0.000000
vt 0.000000 13.659098 0.000000
vt -1.000000 14.342053 0.000000
vt -0.000000 14.342053 0.000000
vt -1.000000 15.025008 0.000000
vt -0.000000 15.025008 0.000000
vt -1.000000 15.707963 0.000000
vt 0.000000 15.707963 0.000000
vt -1.000000 -15.707963 0.000000
vt 0.000000 -15.707963 0.000000
vt -1.000000 -15.025008 0.000000
vt 0.000000 -15.025008 0.000000
vt -1.000000 -14.342053 0.000000
vt -0.000000 -14.342053 0.000000
vt -1.000000 -13.659098 0.000000
vt 0.000000 -13.659098 0.000000
vt -1.000000 -12.976144 0.000000
vt -0.000000 -12.976144 0.000000
vt -1.000000 -12.293189 0.000000
vt -0.000000 -12.293189 0.000000
vt -1.000000 -11.610234 0.000000
vt -0.000000 -11.610234 0.000000
vt -1.000000 -10.927279 0.000000
vt 0.000000 -10.927279 0.000000
vt -1.000000 -10.244324 0.000000
vt -0.000000 -10.244324 0.000000
vt -1.000000 -9.561369 0.000000
vt -0.000000 -9.561369 0.000000
vt -1.000000 -8.878414 0.000000
vt -0.000000 -8.878414 0.000000
vt -1.000000 -8.195459 0.000000
vt 0.000000 -8.195459 0.000000
vt -1.000000 -7.512504 0.000000
vt 0.000000 -7.512504 0.000000
vt -1.000000 -6.829549 0.000000
vt 0.000000 -6.829549 0.000000
vt -1.000000 -6.146594 0.000000
vt -0.000000 -6.146594 0.000000
vt -1.000000 -5.463639 0.000000
vt 0.000000 -5.463639 0.000000
vt -1.000000 -4.780684 0.000000
vt -0.000000 -4.780684 0.000000
vt -1.000000 -4.097730 0.000000
vt -0.000000 -4.097730 0.000000
vt -1.000000 -3.414775 0.000000
vt 0.000000 -3.414775 0.000000
vt -1.000000 -2.731820 0.000000
vt -0.000000 -2.731820 0.000000
vt -1.000000 -2.048865 0.000000
vt -0.000000 -2.048865 0.000000
vt -1.000000 -1.365910 0.000000
vt 0.000000 -1.365910 0.000000
vt 4.953430 0.680833 0.000000
vt -4.953430 0.680833 0.000000
vt 5.000000 0.000000 0.000000
vt -5.000000 -0.000000 0.000000
vt 4.953430 -0.680833 0.000000
vt -4.953430 -0.680833 0.000000
vt 4.814586 -1.348984 0.000000
vt -4.814586 -1.348984 0.000000
vt 4.586057 -1.992005 0.000000
vt -4.586057 -1.992005 0.000000
vt 4.272097 -2.597920 0.000000
vt -4.272097 -2.597920 0.000000
vt 3.878556 -3.155440 0.000000
vt -3.878556 -3.155440 0.000000
vt 3.412766 -3.654180 0.000000
vt -3.412766 -3.654180 0.000000
vt 2.883402 -4.084849 0.000000
vt -2.883402 -4.084849 0.000000
vt 2.300325 -4.439426 0.000000
vt -2.300325 -4.439426 0.000000
vt 1.674398 -4.711305 0.000000
vt -1.674398 -4.711305 0.000000
vt 1.017280 -4.895420 0.000000
vt -1.017280 -4.895420 0.000000
vt 0.341212 -4.988344 0.000000
vt -0.341212 -4.988344 0.000000
vt -4.814586 1.348984 0.000000
vt 4.814586 1.348984 0.000000
vt -4.586057 1.992005 0.000000
vt 4.586057 1.992005 0.000000
vt -4.272097 2.597920 0.000000
vt 4.272097 2.597920 0.000000
vt -3.878556 3.155440 0.000000
vt 3.878556 3.155440 0.000000
vt -3.412766 3.654180 0.000000
vt 3.412766 3.654180 0.000000
vt -2.883402 4.084849 0.000000
vt 2.883402 4.084849 0.000000
vt -2.300325 4.439426 0.000000
vt 2.300325 4.439426 0.000000
vt -1.674398 4.711305 0.000000
vt 1.674398 4.711305 0.000000
vt -1.017280 4.895420 0.000000
vt 1.017280 4.895420 0.000000
vt -0.341212 4.988344 0.000000
vt 0.341212 4.988344 0.000000
vt -4.953430 -0.680833 0.000000
vt 4.953430 -0.680833 0.000000
vt -5.000000 -0.000000 0.000000
vt 5.000000 -0.000000 0.000000
vt -4.953430 0.680833 0.000000
vt 4.953430 0.680833 0.000000
vt -4.814586 1.348984 0.000000
vt 4.814586 1.348984 0.000000
vt -4.586057 1.992005 0.000000
vt 4.586057 1.992005 0.000000
vt -4.272097 2.597920 0.000000
vt 4.272097 2.597920 0.000000
vt -3.878556 3.155440 0.000000
vt 3.878556 3.155440 0.000000
vt -3.412766 3.654180 0.000000
vt 3.412766 3.654180 0.000000
vt -2.883402 4.084849 0.000000
vt 2.883402 4.084849 0.000000
vt -2.300325 4.439426 0.000000
vt 2.300325 4.439426 0.000000
vt -1.674398 4.711305 0.000000
vt 1.674398 4.711305 0.000000
vt -1.017280 4.895420 0.000000
vt 1.017280 4.895420 0.000000
vt -0.341212 4.988344 0.000000
vt 0.341212 4.988344 0.000000
vt 4.814586 -1.348984 0.000000
vt -4.814586 -1.348984 0.000000
vt 4.586057 -1.992005 0.000000
vt -4.586057 -1.992005 0.000000
vt 4.272097 -2.597920 0.000000
vt -4.272097 -2.597920 0.000000
vt 3.878556 -3.155440 0.000000
vt -3.878556 -3.155440 0.000000
vt 3.412766 -3.654180 0.000000
vt -3.412766 -3.654180 0.000000
vt 2.883402 -4.084849 0.000000
vt -2.883402 -4.084849 0.000000
vt 2.300325 -4.439426 0.000000
vt -2.300325 -4.439426 0.000000
vt 1.674398 -4.711305 0.000000
vt -1.674398 -4.711305 0.000000
vt 1.017280 -4.895420 0.000000
vt -1.017280 -4.895420 0.000000
vt 0.341212 -4.988344 0.000000
vt -0.341212 -4.988344 0.000000
vn 0.000000 99.068595 -13.616665
vn 0.000000 99.068595 -13.616665
vn 0.000000 100.000000 -0.000000
vn 0.000000 100.000000 -0.000000
vn 0.000000 99.068595 13.616665
vn 0.000000 99.068595 13.616665
vn 0.000000 96.291729 26.979677
vn 0.000000 96.291729 26.979677
vn 0.000000 91.721130 39.840109
vn 0.000000 91.721130 39.840109
vn 0.000000 85.441940 51.958395
vn 0.000000 85.441940 51.958395
vn 0.000000 77.571129 63.108794
vn 0.000000 77.571129 63.108794
vn 0.000000 68.255314 73.083596
vn 0.000000 68.255314 73.083596
vn 0.000000 57.668032 81.696989
vn 0.000000 57.668032 81.696989
vn 0.000000 46.006504 88.788522
vn 0.000000 46.006504 88.788522
vn 0.000000 33.487961 94.226092
vn 0.000000 33.487961 94.226092
vn 0.000000 20.345601 97.908409
vn 0.000000 20.345601 97.908409
vn 0.000000 6.824241 99.766877
vn 0.000000 6.824241 99.766877
vn 0.000000 -6.824241 99.766877
vn 0.000000 -6.824241 99.766877
vn 0.000000 -20.345601 97.908409
vn 0.000000 -20.345601 97.908409
vn 0.000000 -33.487961 94.226092
vn 0.000000 -33.487961 94.226092
vn -0.000000 -46.006504 88.788522
vn -0.000000 -46.006504 88.788522
vn -0.000000 -57.668032 81.696989
vn -0.000000 -57.668032 81.696989
vn -0.000000 -68.255314 73.083596
vn -0.000000 -68.255314 73.083596
vn -0.000000 -77.571129 63.108794
vn -0.000000 -77.571129 63.108794
vn -0.000000 -85.441940 51.958395
vn -0.000000 -85.441940 51.958395
vn -0.000000 -91.721130 39.840109
vn -0.000000 -91.721130 39.840109
vn -0.000000 -96.291729 26.979677
vn -0.000000 -96.291729 26.979677
vn -0.000000 -99.068595 13.616665
vn -0.000000 -99.068595 13.616665
vn -0.000000 -100.000000 0.000000
vn -0.000000 -100.000000 0.000000
vn -0.000000 -99.068595 -13.616665
vn -0.000000 -99.068595 -13.616665
vn -0.000000 -96.291729 -26.979677
vn -0.000000 -96.291729 -26.979677
vn -0.000000 -91.721130 -39.840109
vn -0.000000 -91.721130 -39.840109
vn -0.000000 -85.441940 -51.958395
vn -0.000000 -85.441940 -51.958395
vn -0.000000 -77.571129 -63.108794
vn -0.000000 -77.571129 -63.108794
vn -0.000000 -68.255314 -73.083596
vn -0.000000 -68.255314 -73.083596
vn -0.000000 -57.668032 -81.696989
vn -0.000000 -57.668032 -81.696989
vn -0.000000 -46.006504 -88.788522
vn -0.000000 -46.006504 -88.788522
vn -0.000000 -33.487961 -94.226092
vn -0.000000 -33.487961 -94.226092
vn -0.000000 -20.345601 -97.908409
vn -0.000000 -20.345601 -97.908409
vn -0.000000 -6.824241 -99.766877
vn -0.000000 -6.824241 -99.766877
vn -0.000000 6.824241 -99.766877
vn -0.000000 6.824241 -99.766877
vn -0.000000 20.345601 -97.908409
vn -0.000000 20.345601 -97.908409
vn -0.000000 33.487961 -94.226092
vn -0.000000 33.487961 -94.226092
vn 0.000000 46.006504 -88.788522
vn 0.000000 46.006504 -88.788522
vn 0.000000 57.668032 -81.696989
vn 0.000000 57.668032 -81.696989
vn 0.000000 68.255314 -73.083596
vn 0.000000 68.255314 -73.083596
vn 0.000000 77.571129 -63.108794
vn 0.000000 77.571129 -63.108794
vn 0.000000 85.441940 -51.958395
vn 0.000000 85.441940 -51.958395
vn 0.000000 91.721130 -39.840109
vn 0.000000 91.721130 -39.840109
vn 0.000000 96.291729 -26.979677
vn 0.000000 96.291729 -26.979677
vn 100.000000 -0.000000 -0.000000
vn 100.000000 -0.000000 -0.000000
vn 100.000000 -0.000000 -0.000000
vn 100.000000 -0.000000 -0.000000
vn 100.000000 -0.000000 -0.000000
vn 100.000000 -0.000000 -0.000000
vn 100.000000 -0.000000 -0.000000
vn 100.000000 -0.000000 -0.000000
vn 100.000000 -0.000000 -0.000000
vn 100.000000 -0.000000 -0.000000
vn 100.000000 -0.000000 -0.000000
vn 100.000000 -0.000000 -0.000000
vn 100.000000 -0.000000 -0.000000
vn 100.000000 -0.000000 -0.000000
vn 100.000000 -0.000000 -0.000000
vn 100.000000 -0.000000 -0.000000
vn 100.000000 -0.000000 -0.000000
vn 100.000000 -0.000000 -0.000000
vn 100.000000 -0.000000 -0.000000
vn 100.000000 -0.000000 -0.000000
vn 100.000000 -0.000000 -0.000000
vn 100.000000 -0.000000 -0.000000
vn 100.000000 -0.000000 -0.000000
vn 100.000000 -0.000000 -0.000000
vn 100.000000 -0.000000 -0.000000
vn 100.000000 -0.000000 -0.000000
vn 100.000000 -0.000000 -0.000000
vn 100.000000 -0.000000 -0.000000
vn 100.000000 -0.000000 -0.000000
vn 100.000000 -0.000000 -0.000000
vn 100.000000 -0.000000 -0.000000
vn 100.000000 -0.000000 -0.000000
vn 100.000000 -0.000000 -0.000000
vn 100.000000 -0.000000 -0.000000
vn 100.000000 -0.000000 -0.000000
vn 100.000000 -0.000000 -0.000000
vn 100.000000 -0.000000 -0.000000
vn 100.000000 -0.000000 -0.000000
vn 100.000000 -0.000000 -0.000000
vn 100.000000 -0.000000 -0.000000
vn 100.000000 -0.000000 -0.000000
vn 100.000000 -0.000000 -0.000000
vn 100.000000 -0.000000 -0.000000
vn 100.000000 -0.000000 -0.000000
vn 100.000000 -0.000000 -0.000000
vn 100.000000 -0.000000 -0.000000
vn -100.000000 0.000000 0.000000
vn -100.000000 0.000000 0.000000
vn -100.000000 0.000000 0.000000
vn -100.000000 0.000000 0.000000
vn -100.000000 0.000000 0.000000
vn -100.000000 0.000000 0.000000
vn -100.000000 0.000000 0.000000
vn -100.000000 0.000000 0.000000
vn -100.000000 0.000000 0.000000
vn -100.000000 0.000000 0.000000
vn -100.000000 0.000000 0.000000
vn -100.000000 0.000000 0.000000
vn -100.000000 0.000000 0.000000
vn -100.000000 0.000000 0.000000
vn -100.000000 0.000000 0.000000
vn -100.000000 0.000000 0.000000
vn -100.000000 0.000000 0.000000
vn -100.000000 0.000000 0.000000
vn -100.000000 0.000000 0.000000
vn -100.000000 0.000000 0.000000
vn -100.000000 0.000000 0.000000
vn -100.000000 0.000000 0.000000
vn -100.000000 0.000000 0.000000
vn -100.000000 0.000000 0.000000
vn -100.000000 0.000000 0.000000
vn -100.000000 0.000000 0.000000
vn -100.000000 0.000000 0.000000
vn -100.000000 0.000000 0.000000
vn -100.000000 0.000000 0.000000
vn -100.000000 0.000000 0.000000
vn -100.000000 0.000000 0.000000
vn -100.000000 0.000000 0.000000
vn -100.000000 0.000000 0.000000
vn -100.000000 0.000000 0.000000
vn -100.000000 0.000000 0.000000
vn -100.000000 0.000000 0.000000
vn -100.000000 0.000000 0.000000
vn -100.000000 0.000000 0.000000
vn -100.000000 0.000000 0.000000
vn -100.000000 0.000000 0.000000
vn -100.000000 0.000000 0.000000
vn -100.000000 0.000000 0.000000
vn -100.000000 0.000000 0.000000
vn -100.000000 0.000000 0.000000
vn -100.000000 0.000000 0.000000
vn -100.000000 0.000000 0.000000
f 962/1793/1664 1052/1794/1665 961/1795/1666
f 961/1795/1666 1052/1794/1665 1007/1796/1667
f 961/1795/1666 1007/1796/1667 1006/1797/1668
f 1006/1797/1668 1007/1796/1667 1008/1798/1669
f 1006/1797/1668 1008/1798/1669 1005/1799/1670
f 1005/1799/1670 1008/1798/1669 1009/1800/1671
f 1005/1799/1670 1009/1800/1671 1004/1801/1672
f 1004/1801/1672 1009/1800/1671 1010/1802/1673
f 1004/1801/1672 1010/1802/1673 1003/1803/1674
f 1003/1803/1674 1010/1802/1673 1011/1804/1675
f 1003/1803/1674 1011/1804/1675 1002/1805/1676
f 1002/1805/1676 1011/1804/1675 1012/1806/1677
f 1002/1805/1676 1012/1806/1677 1001/1807/1678
f 1001/1807/1678 1012/1806/1677 1013/1808/1679
f 1001/1807/1678 1013/1808/1679 1000/1809/1680
f 1000/1809/1680 1013/1808/1679 1014/1810/1681
f 1000/1809/1680 1014/1810/1681 999/1811/1682
f 999/1811/1682 1014/1810/1681 1015/1812/1683
f 999/1811/1682 1015/1812/1683 998/1813/1684
f 998/1813/1684 1015/1812/1683 1016/1814/1685
f 998/1813/1684 1016/1814/1685 997/1815/1686
f 997/1815/1686 1016/1814/1685 1017/1816/1687
f 997/1815/1686 1017/1816/1687 996/1817/1688
f 996/1817/1688 1017/1816/1687 1018/1818/1689
f 996/1817/1688 1018/1818/1689 995/1819/1690
f 995/1819/1690 1018/1818/1689 1019/1820/1691
f 995/1819/1690 1019/1820/1691 994/1821/1692
f 994/1821/1692 1019/1820/1691 1020/1822/1693
f 994/1821/1692 1020/1822/1693 993/1823/1694
f 993/1823/1694 1020/1822/1693 1021/1824/1695
f 993/1823/1694 1021/1824/1695 992/1825/1696
f 992/1825/1696 1021/1824/1695 1022/1826/1697
f 992/1825/1696 1022/1826/1697 991/1827/1698
f 991/1827/1698 1022/1826/1697 1023/1828/1699
f 991/1827/1698 1023/1828/1699 990/1829/1700
f 990/1829/1700 1023/1828/1699 1024/1830/1701
f 990/1829/1700 1024/1830/1701 989/1831/1702
f 989/1831/1702 1024/1830/1701 1025/1832/1703
f 989/1831/1702 1025/1832/1703 988/1833/1704
f 988/1833/1704 1025/1832/1703 1026/1834/1705
f 988/1833/1704 1026/1834/1705 987/1835/1706
f 987/1835/1706 1026/1834/1705 1027/1836/1707
f 987/1835/1706 1027/1836/1707 986/1837/1708
f 986/1837/1708 1027/1836/1707 1028/1838/1709
f 986/1837/1708 1028/1838/1709 985/1839/1710
f 985/1839/1710 1028/1838/1709 1029/1840/1711
f 985/1839/1710 1029/1840/1711 984/1841/1712
f 984/1841/1712 1029/1840/1711 1030/1842/1713
f 984/1843/1712 1030/1844/1713 983/1845/1714
f 983/1845/1714 1030/1844/1713 1031/1846/1715
f 983/1845/1714 1031/1846/1715 982/1847/1716
f 982/1847/1716 1031/1846/1715 1032/1848/1717
f 982/1847/1716 1032/1848/1717 981/1849/1718
f 981/1849/1718 1032/1848/1717 1033/1850/1719
f 981/1849/1718 1033/1850/1719 980/1851/1720
f 980/1851/1720 1033/1850/1719 1034/1852/1721
f 980/1851/1720 1034/1852/1721 979/1853/1722
f 979/1853/1722 1034/1852/1721 1035/1854/1723
f 979/1853/1722 1035/1854/1723 978/1855/1724
f 978/1855/1724 1035/1854/1723 1036/1856/1725
f 978/1855/1724 1036/1856/1725 977/1857/1726
f 977/1857/1726 1036/1856/1725 1037/1858/1727
f 977/1857/1726 1037/1858/1727 976/1859/1728
f 976/1859/1728 1037/1858/1727 1038/1860/1729
f 976/1859/1728 1038/1860/1729 975/1861/1730
f 975/1861/1730 1038/1860/1729 1039/1862/1731
f 975/1861/1730 1039/1862/1731 974/1863/1732
f 974/1863/1732 1039/1862/1731 1040/1864/1733
f 974/1863/1732 1040/1864/1733 973/1865/1734
f 973/1865/1734 1040/1864/1733 1041/1866/1735
f 973/1865/1734 1041/1866/1735 972/1867/1736
f 972/1867/1736 1041/1866/1735 1042/1868/1737
f 972/1867/1736 1042/1868/1737 971/1869/1738
f 971/1869/1738 1042/1868/1737 1043/1870/1739
f 971/1869/1738 1043/1870/1739 970/1871/1740
f 970/1871/1740 1043/1870/1739 1044/1872/1741
f 970/1871/1740 1044/1872/1741 969/1873/1742
f 969/1873/1742 1044/1872/1741 1045/1874/1743
f 969/1873/1742 1045/1874/1743 968/1875/1744
f 968/1875/1744 1045/1874/1743 1046/1876/1745
f 968/1875/1744 1046/1876/1745 967/1877/1746
f 967/1877/1746 1046/1876/1745 1047/1878/1747
f 967/1877/1746 1047/1878/1747 966/1879/1748
f 966/1879/1748 1047/1878/1747 1048/1880/1749
f 966/1879/1748 1048/1880/1749 965/1881/1750
f 965/1881/1750 1048/1880/1749 1049/1882/1751
f 965/1881/1750 1049/1882/1751 964/1883/1752
f 964/1883/1752 1049/1882/1751 1050/1884/1753
f 964/1883/1752 1050/1884/1753 963/1885/1754
f 963/1885/1754 1050/1884/1753 1051/1886/1755
f 963/1885/1754 1051/1886/1755 962/1793/1664
f 962/1793/1664 1051/1886/1755 1052/1794/1665
f 1006/1887/1756 985/1888/1757 961/1889/1758
f 961/1889/1758 985/1888/1757 984/1890/1759
f 961/1889/1758 984/1890/1759 962/1891/1760
f 962/1891/1760 984/1890/1759 983/1892/1761
f 962/1891/1760 983/1892/1761 963/1893/1762
f 963/1893/1762 983/1892/1761 982/1894/1763
f 963/1893/1762 982/1894/1763 964/1895/1764
f 964/1895/1764 982/1894/1763 981/1896/1765
f 964/1895/1764 981/1896/1765 965/1897/1766
f 965/1897/1766 981/1896/1765 980/1898/1767
f 965/1897/1766 980/1898/1767 966/1899/1768
f 966/1899/1768 980/1898/1767 979/1900/1769
f 966/1899/1768 979/1900/1769 967/1901/1770
f 967/1901/1770 979/1900/1769 978/1902/1771
f 967/1901/1770 978/1902/1771 968/1903/1772
f 968/1903/1772 978/1902/1771 977/1904/1773
f 968/1903/1772 977/1904/1773 969/1905/1774
f 969/1905/1774 977/1904/1773 976/1906/1775
f 969/1905/1774 976/1906/1775 970/1907/1776
f 970/1907/1776 976/1906/1775 975/1908/1777
f 970/1907/1776 975/1908/1777 971/1909/1778
f 971/1909/1778 975/1908/1777 974/1910/1779
f 971/1909/1778 974/1910/1779 972/1911/1780
f 972/1911/1780 974/1910/1779 973/1912/1781
f 985/1888/1757 1006/1887/1756 986/1913/1782
f 986/1913/1782 1006/1887/1756 1005/1914/1783
f 986/1913/1782 1005/1914/1783 987/1915/1784
f 987/1915/1784 1005/1914/1783 1004/1916/1785
f 987/1915/1784 1004/1916/1785 988/1917/1786
f 988/1917/1786 1004/1916/1785 1003/1918/1787
f 988/1917/1786 1003/1918/1787 989/1919/1788
f 989/1919/1788 1003/1918/1787 1002/1920/1789
f 989/1919/1788 1002/1920/1789 990/1921/1790
f 990/1921/1790 1002/1920/1789 1001/1922/1791
f 990/1921/1790 1001/1922/1791 991/1923/1792
f 991/1923/1792 1001/1922/1791 1000/1924/1793
f 991/1923/1792 1000/1924/1793 992/1925/1794
f 992/1925/1794 1000/1924/1793 999/1926/1795
f 992/1925/1794 999/1926/1795 993/1927/1796
f 993/1927/1796 999/1926/1795 998/1928/1797
f 993/1927/1796 998/1928/1797 994/1929/1798
f 994/1929/1798 998/1928/1797 997/1930/1799
f 994/1929/1798 997/1930/1799 995/1931/1800
f 995/1931/1800 997/1930/1799 996/1932/1801
f 1052/1933/1802 1031/1934/1803 1007/1935/1804
f 1007/1935/1804 1031/1934/1803 1030/1936/1805
f 1007/1935/1804 1030/1936/1805 1008/1937/1806
f 1008/1937/1806 1030/1936/1805 1029/1938/1807
f 1008/1937/1806 1029/1938/1807 1009/1939/1808
f 1009/1939/1808 1029/1938/1807 1028/1940/1809
f 1009/1939/1808 1028/1940/1809 1010/1941/1810
f 1010/1941/1810 1028/1940/1809 1027/1942/1811
f 1010/1941/1810 1027/1942/1811 1011/1943/1812
f 1011/1943/1812 1027/1942/1811 1026/1944/1813
f 1011/1943/1812 1026/1944/1813 1012/1945/1814
f 1012/1945/1814 1026/1944/1813 1025/1946/1815
f 1012/1945/1814 1025/1946/1815 1013/1947/1816
f 1013/1947/1816 1025/1946/1815 1024/1948/1817
f 1013/1947/1816 1024/1948/1817 1014/1949/1818
f 1014/1949/1818 1024/1948/1817 1023/1950/1819
f 1014/1949/1818 1023/1950/1819 1015/1951/1820
f 1015/1951/1820 1023/1950/1819 1022/1952/1821
f 1015/1951/1820 1022/1952/1821 1016/1953/1822
f 1016/1953/1822 1022/1952/1821 1021/1954/1823
f 1016/1953/1822 1021/1954/1823 1017/1955/1824
f 1017/1955/1824 1021/1954/1823 1020/1956/1825
f 1017/1955/1824 1020/1956/1825 1018/1957/1826
f 1018/1957/1826 1020/1956/1825 1019/1958/1827
f 1031/1934/1803 1052/1933/1802 1032/1959/1828
f 1032/1959/1828 1052/1933/1802 1051/1960/1829
f 1032/1959/1828 1051/1960/1829 1033/1961/1830
f 1033/1961/1830 1051/1960/1829 1050/1962/1831
f 1033/1961/1830 1050/1962/1831 1034/1963/1832
f 1034/1963/1832 1050/1962/1831 1049/1964/1833
f 1034/1963/1832 1049/1964/1833 1035/1965/1834
f 1035/1965/1834 1049/1964/1833 1048/1966/1835
f 1035/1965/1834 1048/1966/1835 1036/1967/1836
f 1036/1967/1836 1048/1966/1835 1047/1968/1837
f 1036/1967/1836 1047/1968/1837 1037/1969/1838
f 1037/1969/1838 1047/1968/1837 1046/1970/1839
f 1037/1969/1838 1046/1970/1839 1038/1971/1840
f 1038/1971/1840 1046/1970/1839 1045/1972/1841
f 1038/1971/1840 1045/1972/1841 1039/1973/1842
f 1039/1973/1842 1045/1972/1841 1044/1974/1843
f 1039/1973/1842 1044/1974/1843 1040/1975/1844
f 1040/1975/1844 1044/1974/1843 1043/1976/1845
f 1040/1975/1844 1043/1976/1845 1041/1977/1846
f 1041/1977/1846 1043/1976/1845 1042/1978/1847
g Body9

v -0.060000 0.000836 -0.225005
v 0.070000 0.000836 -0.225005
v 0.070000 -0.072117 -0.237869
v 0.080000 -0.072117 -0.237869
v 0.080000 -0.124231 -0.247057
v 0.079895 -0.125651 -0.247308
v 0.079482 -0.127356 -0.247609
v 0.078770 -0.128963 -0.247892
v 0.077778 -0.130418 -0.248149
v 0.076540 -0.131678 -0.248371
v 0.075096 -0.132704 -0.248552
v 0.073490 -0.133458 -0.248685
v 0.071773 -0.133921 -0.248766
v 0.070000 -0.134079 -0.248794
v 0.068834 -0.134079 -0.248794
v -0.058834 -0.134079 -0.248794
v -0.060000 -0.134079 -0.248794
v -0.061773 -0.133922 -0.248766
v -0.063490 -0.133459 -0.248685
v -0.065096 -0.132702 -0.248551
v -0.066540 -0.131678 -0.248371
v -0.067779 -0.130419 -0.248149
v -0.068769 -0.128962 -0.247892
v -0.069481 -0.127356 -0.247609
v -0.069895 -0.125651 -0.247308
v -0.070000 -0.124231 -0.247057
v -0.070000 -0.072117 -0.237869
v -0.060000 -0.072117 -0.237869
v 0.070000 -0.000620 -0.202976
v -0.060000 -0.000620 -0.202976
v -0.060000 -0.068846 -0.190946
v -0.070000 -0.068846 -0.190946
v -0.070000 -0.121911 -0.181589
v -0.070000 -0.123362 -0.181333
v -0.069834 -0.125140 -0.181020
v -0.069347 -0.126859 -0.180717
v -0.068554 -0.128464 -0.180434
v -0.067477 -0.129899 -0.180181
v -0.066155 -0.131121 -0.179965
v -0.064633 -0.132090 -0.179794
v -0.062957 -0.132770 -0.179674
v -0.061184 -0.133141 -0.179609
v -0.060000 -0.133210 -0.179597
v 0.070000 -0.133210 -0.179597
v 0.071184 -0.133141 -0.179609
v 0.072957 -0.132768 -0.179675
v 0.074632 -0.132088 -0.179795
v 0.076157 -0.131123 -0.179965
v 0.077476 -0.129900 -0.180181
v 0.078552 -0.128463 -0.180434
v 0.079348 -0.126859 -0.180717
v 0.079835 -0.125140 -0.181020
v 0.080000 -0.123362 -0.181333
v 0.080000 -0.121911 -0.181589
v 0.080000 -0.068846 -0.190946
v 0.070000 -0.068846 -0.190946
v -0.070000 -0.105541 -0.214351
v -0.070000 -0.123071 -0.214323
v -0.069948 -0.124507 -0.214321
v -0.069658 -0.126248 -0.214314
v -0.069058 -0.127911 -0.214304
v -0.068166 -0.129442 -0.214291
v -0.067008 -0.130789 -0.214276
v -0.065626 -0.131912 -0.214258
v -0.064062 -0.132775 -0.214240
v -0.062365 -0.133346 -0.214220
v -0.060592 -0.133610 -0.214201
v -0.059417 -0.133645 -0.214195
v -0.016472 -0.133645 -0.214195
v 0.026472 -0.133645 -0.214195
v 0.069417 -0.133645 -0.214195
v 0.070592 -0.133610 -0.214201
v 0.072365 -0.133345 -0.214220
v 0.074061 -0.132773 -0.214240
v 0.075627 -0.131913 -0.214258
v 0.077008 -0.130789 -0.214276
v 0.078165 -0.129440 -0.214291
v 0.079059 -0.127911 -0.214304
v 0.079659 -0.126248 -0.214314
v 0.079948 -0.124507 -0.214321
v 0.080000 -0.123071 -0.214323
vt 6.500000 6.774852 0.000000
vt -6.500000 6.774852 0.000000
vt 6.500000 -0.633055 0.000000
vt -6.500000 -0.633055 0.000000
vt 6.677308 -6.908872 0.000000
vt -6.500000 -6.924764 0.000000
vt -6.383439 -6.924764 0.000000
vt -7.500000 -0.633055 0.000000
vt -7.500000 -5.924764 0.000000
vt -7.489545 -6.068988 0.000000
vt -7.448248 -6.242150 0.000000
vt -7.376984 -6.405282 0.000000
vt -7.277768 -6.553060 0.000000
vt -7.154006 -6.681017 0.000000
vt -7.009647 -6.785146 0.000000
vt -6.848971 -6.861740 0.000000
vt -6.677278 -6.908765 0.000000
vt 6.383439 -6.924764 0.000000
vt 6.500000 -6.924764 0.000000
vt 6.849012 -6.861881 0.000000
vt 7.009555 -6.785015 0.000000
vt 7.154023 -6.681002 0.000000
vt 7.277883 -6.553170 0.000000
vt 7.376850 -6.405221 0.000000
vt 7.448146 -6.242105 0.000000
vt 7.489545 -6.068988 0.000000
vt 7.500000 -5.924764 0.000000
vt 7.500000 -0.633055 0.000000
vt 6.500000 6.627871 0.000000
vt -6.500000 6.627871 0.000000
vt 6.500000 -0.300039 0.000000
vt -6.500000 -0.300039 0.000000
vt 6.618411 -6.828709 0.000000
vt -6.795699 -6.790974 0.000000
vt -6.618411 -6.828709 0.000000
vt -7.500000 -0.300039 0.000000
vt -7.500000 -5.688373 0.000000
vt -7.500000 -5.835745 0.000000
vt -7.483408 -6.016221 0.000000
vt -7.434674 -6.190805 0.000000
vt -7.355365 -6.353769 0.000000
vt -7.247665 -6.499531 0.000000
vt -7.115548 -6.623626 0.000000
vt -6.963300 -6.721946 0.000000
vt -6.500000 -6.835745 0.000000
vt 6.500000 -6.835745 0.000000
vt 6.795653 -6.790863 0.000000
vt 6.963238 -6.721800 0.000000
vt 7.115664 -6.623752 0.000000
vt 7.247648 -6.499550 0.000000
vt 7.355225 -6.353668 0.000000
vt 7.434826 -6.190850 0.000000
vt 7.483523 -6.016254 0.000000
vt 7.500000 -5.835745 0.000000
vt 7.500000 -5.688373 0.000000
vt 7.500000 -0.300039 0.000000
vt 0.000000 -13.000000 0.000000
vt 2.207684 -13.000000 0.000000
vt -0.000000 0.000000 0.000000
vt 2.207684 0.000000 0.000000
vt -1.203019 -6.822659 0.000000
vt 3.489248 -7.149774 0.000000
vt -0.000000 0.000000 0.000000
vt 2.202878 0.145590 0.000000
vt 0.000000 -1.000000 0.000000
vt 4.703655 -1.000000 0.000000
vt 0.000000 0.000000 0.000000
vt 4.703655 0.000000 0.000000
vt 0.000000 6.920269 0.000000
vt 0.000000 0.000000 0.000000
vt 5.340021 3.460134 0.000000
vt 5.340021 0.000000 0.000000
vt 5.486072 0.000000 0.000000
vt 5.486072 3.460134 0.000000
vt 5.665958 0.000000 0.000000
vt 5.665958 3.460134 0.000000
vt 5.845844 0.000000 0.000000
vt 5.845844 3.460134 0.000000
vt 6.025730 0.000000 0.000000
vt 6.025730 3.460134 0.000000
vt 6.205615 0.000000 0.000000
vt 6.205615 3.460134 0.000000
vt 6.385501 0.000000 0.000000
vt 6.385501 3.460134 0.000000
vt 6.565387 0.000000 0.000000
vt 6.565387 3.460134 0.000000
vt 6.745273 0.000000 0.000000
vt 6.745273 3.460134 0.000000
vt 6.925159 0.000000 0.000000
vt 6.925159 3.460134 0.000000
vt 7.042784 0.000000 0.000000
vt 7.042784 3.460134 0.000000
vt 11.337264 3.460134 0.000000
vt 7.042784 6.920269 0.000000
vt 15.631744 3.460134 0.000000
vt 19.926223 6.920269 0.000000
vt 19.926223 3.460134 0.000000
vt 20.043848 3.460134 0.000000
vt 20.043848 0.000000 0.000000
vt 20.223734 0.000000 0.000000
vt 19.926223 0.000000 0.000000
vt 20.223734 3.460134 0.000000
vt 20.403620 0.000000 0.000000
vt 20.403620 3.460134 0.000000
vt 20.583506 0.000000 0.000000
vt 20.583506 3.460134 0.000000
vt 20.763392 0.000000 0.000000
vt 20.763392 3.460134 0.000000
vt 20.943278 0.000000 0.000000
vt 20.943278 3.460134 0.000000
vt 21.123164 0.000000 0.000000
vt 21.123164 3.460134 0.000000
vt 21.303050 0.000000 0.000000
vt 21.303050 3.460134 0.000000
vt 21.482935 0.000000 0.000000
vt 21.482935 3.460134 0.000000
vt 21.628986 0.000000 0.000000
vt 21.628986 3.460134 0.000000
vt 23.408993 3.460134 0.000000
vt 21.628986 6.920269 0.000000
vt 26.969007 6.920269 0.000000
vt 26.969007 0.000000 0.000000
vt 21.482935 6.920269 0.000000
vt 21.303050 6.920269 0.000000
vt 21.123164 6.920269 0.000000
vt 20.943278 6.920269 0.000000
vt 20.763392 6.920269 0.000000
vt 20.583506 6.920269 0.000000
vt 20.403620 6.920269 0.000000
vt 20.223734 6.920269 0.000000
vt 20.043848 6.920269 0.000000
vt 6.925159 6.920269 0.000000
vt 6.745273 6.920269 0.000000
vt 6.565387 6.920269 0.000000
vt 6.385501 6.920269 0.000000
vt 6.205615 6.920269 0.000000
vt 6.025730 6.920269 0.000000
vt 5.845844 6.920269 0.000000
vt 5.665958 6.920269 0.000000
vt 5.486072 6.920269 0.000000
vt 5.340021 6.920269 0.000000
vt 0.000000 -1.000000 0.000000
vt 4.703655 -1.000000 0.000000
vt 0.000000 0.000000 0.000000
vt 4.703655 0.000000 0.000000
vt 0.000000 0.000000 0.000000
vt -1.203019 6.822659 0.000000
vt -4.692267 -0.327115 0.000000
vt -3.405897 6.968249 0.000000
vn -0.000000 17.364818 -98.480775
vn -0.000000 17.364818 -98.480775
vn -0.000000 17.364818 -98.480775
vn -0.000000 17.364818 -98.480775
vn -0.000000 17.364818 -98.480775
vn -0.000000 17.364818 -98.480775
vn -0.000000 17.364818 -98.480775
vn -0.000000 17.364818 -98.480775
vn -0.000000 17.364818 -98.480775
vn -0.000000 17.364818 -98.480775
vn -0.000000 17.364818 -98.480775
vn -0.000000 17.364818 -98.480775
vn -0.000000 17.364818 -98.480775
vn -0.000000 17.364818 -98.480775
vn -0.000000 17.364818 -98.480775
vn -0.000000 17.364818 -98.480775
vn -0.000000 17.364818 -98.480775
vn -0.000000 17.364818 -98.480775
vn -0.000000 17.364818 -98.480775
vn -0.000000 17.364818 -98.480775
vn -0.000000 17.364818 -98.480775
vn -0.000000 17.364818 -98.480775
vn -0.000000 17.364818 -98.480775
vn -0.000000 17.364818 -98.480775
vn -0.000000 17.364818 -98.480775
vn -0.000000 17.364818 -98.480775
vn -0.000000 17.364818 -98.480775
vn -0.000000 17.364818 -98.480775
vn 0.000000 17.364818 98.480775
vn 0.000000 17.364818 98.480775
vn 0.000000 17.364818 98.480775
vn 0.000000 17.364818 98.480775
vn 0.000000 17.364818 98.480775
vn 0.000000 17.364818 98.480775
vn 0.000000 17.364818 98.480775
vn 0.000000 17.364818 98.480775
vn 0.000000 17.364818 98.480775
vn 0.000000 17.364818 98.480775
vn 0.000000 17.364818 98.480775
vn 0.000000 17.364818 98.480775
vn 0.000000 17.364818 98.480775
vn 0.000000 17.364818 98.480775
vn 0.000000 17.364818 98.480775
vn 0.000000 17.364818 98.480775
vn 0.000000 17.364818 98.480775
vn 0.000000 17.364818 98.480775
vn 0.000000 17.364818 98.480775
vn 0.000000 17.364818 98.480775
vn 0.000000 17.364818 98.480775
vn 0.000000 17.364818 98.480775
vn 0.000000 17.364818 98.480775
vn 0.000000 17.364818 98.480775
vn 0.000000 17.364818 98.480775
vn 0.000000 17.364818 98.480775
vn 0.000000 17.364818 98.480775
vn 0.000000 17.364818 98.480775
vn 0.000000 99.782312 6.594715
vn 0.000000 99.782312 6.594715
vn 0.000000 99.782312 6.594715
vn 0.000000 99.782312 6.594715
vn 100.000000 -0.000000 -0.000000
vn 100.000000 -0.000000 -0.000000
vn 100.000000 -0.000000 -0.000000
vn 100.000000 -0.000000 -0.000000
vn 0.000000 99.757883 -6.954482
vn 0.000000 99.757883 -6.954482
vn 0.000000 99.757883 -6.954482
vn 0.000000 99.757883 -6.954482
vn 100.000000 0.000000 -0.000000
vn 100.000000 -0.000000 -0.000000
vn 100.000000 -0.000000 -0.000000
vn 100.000000 -0.000000 -0.000000
vn 99.999872 -0.027773 -0.157506
vn 99.735018 -7.274427 0.094290
vn 98.309671 -18.308488 0.088554
vn 96.757340 -25.256871 0.328034
vn 93.321877 -35.929431 0.321430
vn 90.591609 -42.342207 0.545728
vn 85.166489 -52.405902 0.538970
vn 81.407944 -58.070568 0.745526
vn 74.395055 -66.819574 0.721288
vn 69.811521 -71.592777 0.908736
vn 61.073215 -79.178823 0.881124
vn 55.867346 -82.932148 1.048112
vn 45.757845 -88.911202 1.008811
vn 40.150650 -91.578336 1.154847
vn 29.297654 -95.605715 1.093064
vn 23.503154 -97.191133 1.218792
vn 11.686280 -99.308198 1.145712
vn 5.906556 -99.817565 1.251535
vn 0.000000 -99.992129 1.254634
vn 0.000000 -99.992129 1.254634
vn -0.000000 -99.992129 1.254634
vn 0.000000 -99.992129 1.254634
vn -0.000000 -99.992129 1.254634
vn -0.000000 -99.992129 1.254634
vn -0.000000 -99.992129 1.254634
vn -5.906556 -99.817565 1.251535
vn -11.686280 -99.308198 1.145712
vn -29.215104 -95.630953 1.094782
vn -0.000000 -99.992129 1.254634
vn -23.421596 -97.210799 1.220412
vn -45.836142 -88.870890 1.006510
vn -40.229125 -91.543918 1.152674
vn -61.137889 -79.128917 0.879148
vn -55.933261 -82.887730 1.046223
vn -74.273523 -66.954581 0.726523
vn -69.684634 -71.716224 0.913745
vn -85.209614 -52.335782 0.536228
vn -81.454607 -58.005130 0.742898
vn -93.354000 -35.845909 0.318700
vn -90.628595 -42.263019 0.543071
vn -98.293505 -18.395065 0.091684
vn -96.735515 -25.340295 0.331074
vn -99.999872 -0.027773 -0.157506
vn -99.735018 -7.274427 0.094290
vn -100.000000 0.000000 0.000000
vn -100.000000 0.000000 0.000000
vn -100.000000 0.000000 0.000000
vn -100.000000 -0.000000 0.000000
vn -100.000000 -0.000000 0.000000
vn -100.000000 0.000000 0.000000
vn -98.912865 -14.701033 0.353212
vn -94.620589 -32.351395 0.575605
vn -87.370656 -48.639226 0.770745
vn -77.214259 -63.537812 0.951176
vn -64.673751 -76.263316 1.101166
vn -50.378449 -86.374428 1.212437
vn -34.349156 -93.906617 1.297197
vn -17.430494 -98.460001 1.343911
vn 0.000000 -99.990820 1.354974
vn 0.000000 -99.990820 1.354974
vn 17.510682 -98.445792 1.342394
vn 34.271006 -93.935138 1.299231
vn 50.311714 -86.413292 1.214231
vn 64.805025 -76.151866 1.096408
vn 77.164474 -63.598227 0.953673
vn 87.329138 -48.713691 0.773317
vn 94.647825 -32.271678 0.572676
vn 98.912865 -14.701033 0.353212
vn 100.000000 0.000000 -0.000000
vn 0.000000 99.757883 -6.954482
vn 0.000000 99.757883 -6.954482
vn 0.000000 99.757883 -6.954482
vn 0.000000 99.757883 -6.954482
vn -100.000000 0.000000 0.000000
vn -100.000000 0.000000 0.000000
vn -100.000000 0.000000 0.000000
vn -100.000000 0.000000 0.000000
f 1053/1979/1848 1054/1980/1849 1080/1981/1850
f 1080/1981/1850 1054/1980/1849 1055/1982/1851
f 1080/1981/1850 1055/1982/1851 1070/1983/1852
f 1070/1983/1852 1055/1982/1851 1066/1984/1853
f 1070/1983/1852 1066/1984/1853 1067/1985/1854
f 1056/1986/1855 1057/1987/1856 1055/1982/1851
f 1055/1982/1851 1057/1987/1856 1066/1984/1853
f 1057/1987/1856 1058/1988/1857 1066/1984/1853
f 1066/1984/1853 1058/1988/1857 1059/1989/1858
f 1066/1984/1853 1059/1989/1858 1060/1990/1859
f 1060/1990/1859 1061/1991/1860 1066/1984/1853
f 1066/1984/1853 1061/1991/1860 1062/1992/1861
f 1066/1984/1853 1062/1992/1861 1063/1993/1862
f 1063/1993/1862 1064/1994/1863 1066/1984/1853
f 1066/1984/1853 1064/1994/1863 1065/1995/1864
f 1067/1985/1854 1068/1996/1865 1070/1983/1852
f 1070/1983/1852 1068/1996/1865 1069/1997/1866
f 1071/1998/1867 1072/1999/1868 1070/1983/1852
f 1070/1983/1852 1072/1999/1868 1073/2000/1869
f 1070/1983/1852 1073/2000/1869 1074/2001/1870
f 1074/2001/1870 1075/2002/1871 1070/1983/1852
f 1070/1983/1852 1075/2002/1871 1076/2003/1872
f 1070/1983/1852 1076/2003/1872 1077/2004/1873
f 1077/2004/1873 1078/2005/1874 1070/1983/1852
f 1070/1983/1852 1078/2005/1874 1080/1981/1850
f 1078/2005/1874 1079/2006/1875 1080/1981/1850
f 1081/2007/1876 1082/2008/1877 1108/2009/1878
f 1108/2009/1878 1082/2008/1877 1083/2010/1879
f 1108/2009/1878 1083/2010/1879 1097/2011/1880
f 1097/2011/1880 1083/2010/1879 1093/2012/1881
f 1097/2011/1880 1093/2012/1881 1094/2013/1882
f 1084/2014/1883 1085/2015/1884 1083/2010/1879
f 1083/2010/1879 1085/2015/1884 1093/2012/1881
f 1085/2015/1884 1086/2016/1885 1093/2012/1881
f 1093/2012/1881 1086/2016/1885 1087/2017/1886
f 1093/2012/1881 1087/2017/1886 1088/2018/1887
f 1088/2018/1887 1089/2019/1888 1093/2012/1881
f 1093/2012/1881 1089/2019/1888 1090/2020/1889
f 1093/2012/1881 1090/2020/1889 1091/2021/1890
f 1091/2021/1890 1092/2022/1891 1093/2012/1881
f 1095/2023/1892 1096/2024/1893 1094/2013/1882
f 1094/2013/1882 1096/2024/1893 1097/2011/1880
f 1098/2025/1894 1099/2026/1895 1097/2011/1880
f 1097/2011/1880 1099/2026/1895 1100/2027/1896
f 1097/2011/1880 1100/2027/1896 1101/2028/1897
f 1101/2028/1897 1102/2029/1898 1097/2011/1880
f 1097/2011/1880 1102/2029/1898 1103/2030/1899
f 1097/2011/1880 1103/2030/1899 1104/2031/1900
f 1104/2031/1900 1105/2032/1901 1097/2011/1880
f 1097/2011/1880 1105/2032/1901 1106/2033/1902
f 1097/2011/1880 1106/2033/1902 1108/2009/1878
f 1108/2009/1878 1106/2033/1902 1107/2034/1903
f 1081/2035/1904 1054/2036/1905 1082/2037/1906
f 1082/2037/1906 1054/2036/1905 1053/2038/1907
f 1108/2039/1908 1055/2040/1909 1081/2041/1910
f 1081/2041/1910 1055/2040/1909 1054/2042/1911
f 1107/2043/1912 1056/2044/1913 1108/2045/1914
f 1108/2045/1914 1056/2044/1913 1055/2046/1915
f 1056/2047/1916 1107/2048/1917 1133/2049/1918
f 1133/2049/1918 1107/2048/1917 1106/2050/1919
f 1133/2049/1918 1106/2050/1919 1105/2051/1920
f 1133/2049/1918 1105/2051/1920 1132/2052/1921
f 1132/2052/1921 1105/2051/1920 1104/2053/1922
f 1132/2052/1921 1104/2053/1922 1131/2054/1923
f 1131/2054/1923 1104/2053/1922 1103/2055/1924
f 1131/2054/1923 1103/2055/1924 1130/2056/1925
f 1130/2056/1925 1103/2055/1924 1102/2057/1926
f 1130/2056/1925 1102/2057/1926 1129/2058/1927
f 1129/2058/1927 1102/2057/1926 1101/2059/1928
f 1129/2058/1927 1101/2059/1928 1128/2060/1929
f 1128/2060/1929 1101/2059/1928 1100/2061/1930
f 1128/2060/1929 1100/2061/1930 1127/2062/1931
f 1127/2062/1931 1100/2061/1930 1099/2063/1932
f 1127/2062/1931 1099/2063/1932 1126/2064/1933
f 1126/2064/1933 1099/2063/1932 1098/2065/1934
f 1126/2064/1933 1098/2065/1934 1125/2066/1935
f 1125/2066/1935 1098/2065/1934 1097/2067/1936
f 1125/2066/1935 1097/2067/1936 1124/2068/1937
f 1124/2068/1937 1097/2067/1936 1096/2069/1938
f 1124/2068/1937 1096/2069/1938 1123/2070/1939
f 1123/2070/1939 1096/2069/1938 1122/2071/1940
f 1123/2070/1939 1122/2071/1940 1067/2072/1941
f 1067/2072/1941 1122/2071/1940 1121/2073/1942
f 1067/2072/1941 1121/2073/1942 1068/2074/1943
f 1068/2074/1943 1121/2073/1942 1120/2075/1944
f 1068/2074/1943 1120/2075/1944 1119/2076/1945
f 1119/2076/1945 1120/2075/1944 1094/2077/1946
f 1119/2076/1945 1094/2077/1946 1093/2078/1947
f 1096/2069/1938 1095/2079/1948 1122/2071/1940
f 1122/2071/1940 1095/2079/1948 1121/2073/1942
f 1121/2073/1942 1095/2079/1948 1120/2075/1944
f 1120/2075/1944 1095/2079/1948 1094/2077/1946
f 1119/2076/1945 1093/2078/1947 1118/2080/1949
f 1118/2080/1949 1093/2078/1947 1092/2081/1950
f 1118/2080/1949 1092/2081/1950 1117/2082/1951
f 1117/2082/1951 1092/2081/1950 1091/2083/1952
f 1117/2082/1951 1091/2083/1952 1116/2084/1953
f 1116/2084/1953 1091/2083/1952 1090/2085/1954
f 1116/2084/1953 1090/2085/1954 1115/2086/1955
f 1115/2086/1955 1090/2085/1954 1089/2087/1956
f 1115/2086/1955 1089/2087/1956 1114/2088/1957
f 1114/2088/1957 1089/2087/1956 1088/2089/1958
f 1114/2088/1957 1088/2089/1958 1113/2090/1959
f 1113/2090/1959 1088/2089/1958 1087/2091/1960
f 1113/2090/1959 1087/2091/1960 1112/2092/1961
f 1112/2092/1961 1087/2091/1960 1086/2093/1962
f 1112/2092/1961 1086/2093/1962 1111/2094/1963
f 1111/2094/1963 1086/2093/1962 1085/2095/1964
f 1111/2094/1963 1085/2095/1964 1110/2096/1965
f 1110/2096/1965 1085/2095/1964 1109/2097/1966
f 1110/2096/1965 1109/2097/1966 1078/2098/1967
f 1078/2098/1967 1109/2097/1966 1079/2099/1968
f 1079/2099/1968 1109/2097/1966 1084/2100/1969
f 1084/2100/1969 1109/2097/1966 1085/2095/1964
f 1078/2098/1967 1077/2101/1970 1110/2096/1965
f 1110/2096/1965 1077/2101/1970 1111/2094/1963
f 1077/2101/1970 1076/2102/1971 1111/2094/1963
f 1111/2094/1963 1076/2102/1971 1112/2092/1961
f 1076/2102/1971 1075/2103/1972 1112/2092/1961
f 1112/2092/1961 1075/2103/1972 1113/2090/1959
f 1075/2103/1972 1074/2104/1973 1113/2090/1959
f 1113/2090/1959 1074/2104/1973 1114/2088/1957
f 1074/2104/1973 1073/2105/1974 1114/2088/1957
f 1114/2088/1957 1073/2105/1974 1115/2086/1955
f 1073/2105/1974 1072/2106/1975 1115/2086/1955
f 1115/2086/1955 1072/2106/1975 1116/2084/1953
f 1072/2106/1975 1071/2107/1976 1116/2084/1953
f 1116/2084/1953 1071/2107/1976 1117/2082/1951
f 1071/2107/1976 1070/2108/1977 1117/2082/1951
f 1117/2082/1951 1070/2108/1977 1118/2080/1949
f 1070/2108/1977 1069/2109/1978 1118/2080/1949
f 1118/2080/1949 1069/2109/1978 1119/2076/1945
f 1069/2109/1978 1068/2074/1943 1119/2076/1945
f 1067/2072/1941 1066/2110/1979 1123/2070/1939
f 1123/2070/1939 1066/2110/1979 1124/2068/1937
f 1066/2110/1979 1065/2111/1980 1124/2068/1937
f 1124/2068/1937 1065/2111/1980 1125/2066/1935
f 1065/2111/1980 1064/2112/1981 1125/2066/1935
f 1125/2066/1935 1064/2112/1981 1126/2064/1933
f 1064/2112/1981 1063/2113/1982 1126/2064/1933
f 1126/2064/1933 1063/2113/1982 1127/2062/1931
f 1063/2113/1982 1062/2114/1983 1127/2062/1931
f 1127/2062/1931 1062/2114/1983 1128/2060/1929
f 1062/2114/1983 1061/2115/1984 1128/2060/1929
f 1128/2060/1929 1061/2115/1984 1129/2058/1927
f 1061/2115/1984 1060/2116/1985 1129/2058/1927
f 1129/2058/1927 1060/2116/1985 1130/2056/1925
f 1060/2116/1985 1059/2117/1986 1130/2056/1925
f 1130/2056/1925 1059/2117/1986 1131/2054/1923
f 1059/2117/1986 1058/2118/1987 1131/2054/1923
f 1131/2054/1923 1058/2118/1987 1132/2052/1921
f 1058/2118/1987 1057/2119/1988 1132/2052/1921
f 1132/2052/1921 1057/2119/1988 1133/2049/1918
f 1057/2119/1988 1056/2047/1916 1133/2049/1918
f 1083/2120/1989 1080/2121/1990 1084/2122/1991
f 1084/2122/1991 1080/2121/1990 1079/2123/1992
f 1083/2124/1993 1082/2125/1994 1080/2126/1995
f 1080/2126/1995 1082/2125/1994 1053/2127/1996
# 1133 vertices
# 2127 texture params
# 1996 normals
# 2242 facets

# 6 groups
